Date,AAPL,AMZN,CAT,GOOGL,JNJ,JPM,MCD,MSFT,PG,XOM
2020-12-31,129.16737365722656,162.84649658203125,165.51174926757812,86.97484588623047,136.54112243652344,111.60226440429688,191.4270782470703,213.42083740234375,122.77828979492188,33.68952941894531
2021-01-04,125.97445678710938,159.3314971923828,165.62997436523438,85.65929412841797,135.77767944335938,110.54833221435547,187.53750610351562,208.88223266601562,121.61348724365234,33.91836929321289
2021-01-05,127.53199005126953,160.92550659179688,166.98486328125,86.35006713867188,137.3739776611328,111.14984130859375,188.66156005859375,209.0836944580078,122.39004516601562,35.5529899597168
2021-01-06,123.23905944824219,156.91900634765625,176.27793884277344,85.49800109863281,138.666748046875,116.36900329589844,188.23333740234375,203.66229248046875,123.67831420898438,36.460201263427734
2021-01-07,127.4443588256836,158.10800170898438,176.61436462402344,88.05170440673828,139.13522338867188,120.19044494628906,189.1075897216797,209.4579315185547,122.52237701416016,36.74626159667969
2021-01-08,128.5443572998047,159.13499450683594,176.64166259765625,89.21739196777344,138.84889221191406,120.32315826416016,192.577880859375,210.734130859375,122.4694595336914,37.1549186706543
2021-01-11,125.55587768554688,155.7104949951172,176.27793884277344,87.15597534179688,138.26759338378906,122.11888885498047,191.1148223876953,208.6903533935547,121.6399917602539,38.282814025878906
2021-01-12,125.38067626953125,156.04150390625,179.6241912841797,86.22003936767578,137.1918182373047,124.03846740722656,188.76861572265625,206.23385620117188,120.9340591430664,39.132808685302734
2021-01-13,127.41520690917969,158.29449462890625,178.1238250732422,86.70736694335938,136.98361206054688,124.1534423828125,189.20574951171875,207.5868377685547,121.11933898925781,39.57415771484375
2021-01-14,125.48773193359375,156.37350463867188,179.4969024658203,85.89698028564453,139.37815856933594,124.87883758544922,186.0030975341797,204.40115356445312,119.83102416992188,41.11887741088867
2021-01-15,123.7647476196289,155.21249389648438,176.96900939941406,85.73321533203125,139.07447814941406,122.64080810546875,187.2609405517578,204.04612731933594,118.9310073852539,39.14097595214844
2021-01-19,124.4364013671875,156.03799438476562,177.39866638183594,88.55441284179688,141.22610473632812,122.11004638671875,186.52947998046875,207.68276977539062,117.88971710205078,39.91743087768555
2021-01-20,128.52488708496094,163.16900634765625,175.8263397216797,93.29856872558594,140.8790740966797,120.27892303466797,190.57955932617188,215.26315307617188,116.41613006591797,40.48136901855469
2021-01-21,133.2364501953125,165.34950256347656,175.68919372558594,93.50102996826172,140.31512451171875,119.27046203613281,190.49037170410156,215.86766052246094,116.30159759521484,39.32079315185547
2021-01-22,135.37802124023438,164.6114959716797,175.46066284179688,93.91837310791016,141.89414978027344,118.35049438476562,190.3565673828125,216.8079833984375,115.4050064086914,38.7650146484375
2021-01-25,139.12579345703125,164.6999969482422,171.255615234375,94.00373840332031,144.00241088867188,116.87321472167969,190.32089233398438,220.24314880371094,117.39350891113281,38.331851959228516
2021-01-26,139.35939025878906,166.30650329589844,171.13677978515625,94.68211364746094,147.90655517578125,116.39554595947266,192.1407470703125,222.9298553466797,118.14808654785156,37.490013122558594
2021-01-27,138.2886199951172,161.62899780273438,165.12171936035156,90.26497650146484,145.65078735351562,113.10482025146484,184.6649627685547,223.47677612304688,113.96685791015625,37.06501388549805
2021-01-28,133.4506072998047,161.88099670410156,168.51315307617188,91.96514892578125,146.76132202148438,115.09518432617188,184.50437927246094,229.2628173828125,115.72457122802734,37.64530563354492
2021-01-29,128.45677185058594,160.30999755859375,167.1419677734375,90.68281555175781,141.52980041503906,113.82133483886719,185.41432189941406,222.57485961914062,113.81597137451172,36.6481819152832
2021-02-01,130.57888793945312,167.1439971923828,168.86056518554688,93.94369506835938,141.16537475585938,114.6617202758789,185.49461364746094,229.95370483398438,114.49063873291016,36.71357345581055
2021-02-02,131.4062957763672,169.0,175.9726104736328,95.2364273071289,139.89869689941406,118.19127655029297,187.12713623046875,229.81939697265625,114.33084106445312,37.293853759765625
2021-02-03,130.38421630859375,165.62649536132812,175.01275634765625,102.17201232910156,139.24801635742188,119.54468536376953,186.19044494628906,233.1681671142578,114.4728775024414,38.7568473815918
2021-02-04,133.7426300048828,166.5500030517578,175.19557189941406,101.91148376464844,140.5407257080078,122.29580688476562,188.26011657714844,232.2182159423828,114.54389953613281,39.50059127807617
2021-02-05,133.32826232910156,167.6074981689453,176.42965698242188,103.65828704833984,142.6749725341797,122.05693817138672,189.64283752441406,232.40049743652344,115.02328491210938,40.82463836669922
2021-02-08,133.47450256347656,166.14700317382812,180.49758911132812,103.44440460205078,143.0827178955078,123.96769714355469,188.7507781982422,232.6596221923828,114.66818237304688,42.581851959228516
2021-02-09,132.59707641601562,165.25,180.34219360351562,102.9913330078125,144.25404357910156,123.47232818603516,192.67601013183594,233.90701293945312,114.22431182861328,42.08314895629883
2021-02-10,131.9926300048828,164.32899475097656,180.74444580078125,103.54165649414062,144.72250366210938,123.54308319091797,191.26651000976562,232.99545288085938,113.8248291015625,42.49042510986328
2021-02-11,131.7392120361328,163.10650634765625,181.32032775878906,103.6543197631836,144.0718231201172,123.19808197021484,191.1505126953125,234.597900390625,113.92249298095703,41.42649841308594
2021-02-12,131.97314453125,163.885498046875,180.99124145507812,103.96595764160156,144.52293395996094,124.94961547851562,190.82044982910156,235.07766723632812,113.29219818115234,41.991722106933594
2021-02-16,129.84786987304688,163.44749450683594,185.00430297851562,104.74358367919922,143.21290588378906,127.95723724365234,191.8285369873047,233.83987426757812,113.55850982666016,43.255130767822266
2021-02-17,127.55680847167969,165.4320068359375,184.93115234375,105.13661193847656,143.72479248046875,128.3553009033203,190.41897583007812,234.8592987060547,114.03791046142578,43.92838668823242
2021-02-18,126.45518493652344,166.4114990234375,182.7555389404297,104.50091552734375,143.79417419433594,128.7887725830078,192.18536376953125,234.46498107910156,114.98777770996094,43.23849868774414
2021-02-19,126.61114501953125,162.4949951171875,191.88783264160156,103.65728759765625,141.39962768554688,130.93833923339844,189.3395538330078,231.75282287597656,112.84835052490234,43.529422760009766
2021-02-22,122.83827209472656,159.03700256347656,199.3380889892578,101.9427490234375,141.3123016357422,132.16793823242188,189.17898559570312,225.53993225097656,112.36896514892578,45.13361740112305
2021-02-23,122.7018051147461,159.72500610351562,201.2760772705078,102.23355102539062,140.06396484375,133.22943115234375,188.518798828125,224.3473663330078,113.20342254638672,45.75699996948242
2021-02-24,122.20457458496094,157.97650146484375,203.36947631835938,103.4091567993164,141.9408721923828,135.5736541748047,190.25845336914062,225.57839965820312,113.32771301269531,47.128475189208984
2021-02-25,117.95398712158203,152.85800170898438,202.77529907226562,100.0416259765625,142.08929443359375,133.73367309570312,188.1887664794922,220.23110961914062,112.36896514892578,46.347145080566406
2021-02-26,118.21721649169922,154.64649963378906,197.3452606201172,100.33737182617188,138.3354034423828,130.18641662597656,185.0292510986328,223.49139404296875,109.66138458251953,45.19179916381836
2021-03-01,124.5833511352539,157.3070068359375,200.8921356201172,102.70697784423828,139.08619689941406,133.1321563720703,186.9231414794922,227.8769989013672,110.3360595703125,46.87910461425781
2021-03-02,121.98037719726562,154.72650146484375,197.29042053222656,102.44990539550781,138.82427978515625,132.69866943359375,187.3001251220703,224.92440795898438,109.98983764648438,46.60481643676758
2021-03-03,118.99713897705078,150.25,196.45852661132812,99.81631469726562,136.37989807128906,135.26405334472656,184.74200439453125,218.8557891845703,109.33291625976562,46.978851318359375
2021-03-04,117.11557006835938,148.8784942626953,194.50228881835938,100.9338607788086,133.62994384765625,133.1852264404297,183.8623809814453,218.05752563476562,108.43629455566406,48.799156188964844
2021-03-05,118.37320709228516,150.0229949951172,201.2578125,104.06719207763672,136.27513122558594,133.4948272705078,186.13323974609375,222.7412567138672,111.83633422851562,50.64440155029297
2021-03-08,113.44017028808594,147.59750366210938,202.55587768554688,99.62227630615234,137.41001892089844,135.26405334472656,187.69505310058594,218.69227600097656,113.01701354980469,50.59453582763672
2021-03-09,118.05148315429688,153.1425018310547,198.186279296875,101.2529525756836,137.67193603515625,134.30865478515625,187.19239807128906,224.83787536621094,112.01386260986328,49.81320571899414
2021-03-10,116.96932220458984,152.8820037841797,202.08055114746094,101.04603576660156,138.93777465820312,137.2278594970703,191.46495056152344,223.52987670898438,113.04362487792969,51.342594146728516
2021-03-11,118.89965057373047,155.67950439453125,200.8921356201172,104.23939514160156,138.9290313720703,136.5113067626953,189.90318298339844,228.0597381591797,112.66192626953125,50.96025848388672
2021-03-12,117.99300384521484,154.47450256347656,209.3388214111328,101.7313461303711,139.33065795898438,138.130126953125,190.5942840576172,226.73251342773438,113.75382232666016,51.50883865356445
2021-03-15,120.87872314453125,154.08399963378906,210.929443359375,101.95167541503906,140.04647827148438,137.4401092529297,197.88275146484375,225.82846069335938,114.12666320800781,50.195556640625
2021-03-16,122.41905212402344,154.59300231933594,207.0169219970703,103.41314697265625,140.87583923339844,135.7947540283203,197.34414672851562,228.61752319335938,114.46399688720703,49.131629943847656
2021-03-17,121.62940216064453,156.7864990234375,213.57131958007812,103.33026885986328,140.35203552246094,137.19244384765625,201.158935546875,227.97314453125,114.00238800048828,49.34774398803711
2021-03-18,117.50553894042969,151.39950561523438,210.87457275390625,100.30908203125,140.09010314941406,139.45700073242188,200.07284545898438,221.89492797851562,114.25093841552734,47.21990203857422
2021-03-19,116.97909545898438,153.7480010986328,205.94732666015625,100.5879898071289,139.7147216796875,137.23667907714844,199.65994262695312,221.53904724121094,113.638427734375,46.953914642333984
2021-03-22,120.29375457763672,155.5435028076172,206.6146697998047,100.7730941772461,140.11631774902344,133.54791259765625,202.02061462402344,226.96331787109375,115.56478118896484,46.47181701660156
2021-03-23,119.46509552001953,156.875,199.51181030273438,101.30109405517578,139.9853973388672,132.21214294433594,201.39227294921875,228.4925079345703,117.7131118774414,45.8983154296875
2021-03-24,117.07656860351562,154.35350036621094,202.23594665527344,100.86439514160156,141.3472442626953,133.23829650878906,201.10508728027344,226.45359802246094,117.67759704589844,46.82924270629883
2021-03-25,117.56403350830078,152.31300354003906,204.9966278076172,100.86091613769531,141.39962768554688,134.945556640625,201.23968505859375,223.4529266357422,118.49429321289062,46.69624328613281
2021-03-26,118.16844940185547,152.60150146484375,209.79588317871094,100.47732543945312,143.9837188720703,137.19244384765625,202.146240234375,227.43455505371094,120.2431411743164,47.967979431152344
2021-03-29,118.34394073486328,153.7864990234375,210.45408630371094,101.52243041992188,144.9527130126953,135.060546875,204.0670928955078,226.24200439453125,122.1251220703125,47.710296630859375
2021-03-30,116.8913345336914,152.76449584960938,213.0685272216797,101.55618286132812,144.05355834960938,136.65284729003906,201.9398193359375,222.98167419433594,120.2431411743164,47.120155334472656
2021-03-31,119.08489227294922,154.70399475097656,211.96241760253906,102.3526611328125,143.47735595703125,134.66249084472656,201.1858673095703,226.75172424316406,120.22537994384766,46.405330657958984
2021-04-01,119.91355895996094,158.0500030517578,212.75772094726562,105.6904296875,142.15042114257812,135.9717254638672,202.146240234375,233.080078125,119.2044906616211,47.701988220214844
2021-04-05,122.74080657958984,161.3365020751953,213.64443969726562,110.1159896850586,142.67417907714844,136.6924285888672,205.4135284423828,239.54296875,121.13085174560547,46.96223068237305
2021-04-06,123.0429916381836,161.1909942626953,210.83804321289062,109.63462829589844,142.63926696777344,135.7314453125,208.16012573242188,238.37928771972656,121.17523956298828,46.82924270629883
2021-04-07,124.69058990478516,163.96949768066406,210.6277618408203,111.11197662353516,142.8313446044922,137.85809326171875,208.7884521484375,240.3412322998047,121.3883056640625,47.03703689575195
2021-04-08,127.08885192871094,164.96499633789062,210.6917724609375,111.67769622802734,142.2726287841797,138.0271453857422,206.6701202392578,243.5631103515625,121.84989929199219,46.546634674072266
2021-04-09,129.6626434326172,168.61000061035156,210.9385528564453,112.6821060180664,140.77105712890625,139.05934143066406,207.774169921875,246.0636444091797,121.05984497070312,46.438575744628906
2021-04-12,127.94677734375,168.96949768066406,211.10311889648438,111.3893814086914,141.1115264892578,138.76571655273438,207.30743408203125,246.12136840820312,121.54811096191406,46.13104248046875
2021-04-13,131.05674743652344,170.0,209.65875244140625,111.87619018554688,139.22584533691406,137.11068725585938,207.63055419921875,248.60272216796875,119.94129180908203,46.30559539794922
2021-04-14,128.71694946289062,166.64999389648438,212.61146545410156,111.25489044189453,139.60997009277344,134.5480499267578,206.72398376464844,245.81361389160156,120.37629699707031,47.64380645751953
2021-04-15,131.12498474121094,168.95449829101562,212.55661010742188,113.4056396484375,140.020263671875,135.4022216796875,207.59461975097656,249.5740509033203,121.83216857910156,47.3611946105957
2021-04-16,130.7935333251953,169.9720001220703,213.32447814941406,113.28156280517578,141.6353302001953,136.40771484375,209.21029663085938,250.7666473388672,121.84105682373047,47.095218658447266
2021-04-19,131.4564208984375,168.60049438476562,212.43772888183594,113.62944793701172,142.0281982421875,135.82933044433594,208.07037353515625,248.84315490722656,121.27291107177734,46.94560623168945
2021-04-20,129.7698974609375,166.7344970703125,208.08645629882812,113.0959701538086,145.33688354492188,132.82177734375,209.1474609375,248.381591796875,122.2848892211914,45.95649337768555
2021-04-21,130.15011596679688,168.1009979248047,212.5017547607422,113.06322479248047,145.4329071044922,133.95179748535156,208.47427368164062,250.61280822753906,121.48595428466797,46.546634674072266
2021-04-22,128.62921142578125,165.45199584960938,209.23828125,111.78141021728516,144.2019500732422,131.13113403320312,209.10264587402344,247.33319091796875,120.27982330322266,45.93986511230469
2021-04-23,130.94949340820312,167.04400634765625,211.3043670654297,114.13414001464844,144.49880981445312,133.64041137695312,210.55670166015625,251.16098022460938,119.66339874267578,46.18922424316406
2021-04-26,131.33944702148438,170.4499969482422,211.71759033203125,114.63038635253906,143.27659606933594,133.9696502685547,208.5191650390625,251.54562377929688,117.26903533935547,46.2806510925293
2021-04-27,131.01773071289062,170.8715057373047,211.51559448242188,113.68999481201172,142.4559326171875,134.5835723876953,210.9157257080078,251.94960021972656,117.19757080078125,46.887420654296875
2021-04-28,130.2280731201172,172.9250030517578,213.3154296875,117.06747436523438,141.4083251953125,135.4556121826172,208.6089324951172,244.82298278808594,117.39412689208984,48.30044937133789
2021-04-29,130.13055419921875,173.5655059814453,208.88011169433594,118.7408218383789,143.34637451171875,138.0894775390625,211.1221923828125,242.8514404296875,118.38582611083984,48.990333557128906
2021-04-30,128.16127014160156,173.37100219726562,209.4678192138672,116.79255676269531,142.06309509277344,136.86151123046875,211.903076171875,242.53407287597656,119.19883728027344,47.577308654785156
2021-05-03,129.2141571044922,169.32449340820312,209.5229034423828,116.27545166015625,144.22813415527344,136.46109008789062,211.4363250732422,242.22630310058594,120.61042022705078,48.89059066772461
2021-05-04,124.64185333251953,165.593505859375,214.334716796875,114.47654724121094,146.4630126953125,138.34750366210938,209.91043090820312,238.3119659423828,120.19942474365234,49.19812774658203
2021-05-05,124.88557434082031,163.52699279785156,218.4393768310547,114.87056732177734,145.85194396972656,140.16268920898438,210.9696044921875,237.04246520996094,119.23455810546875,50.677650451660156
2021-05-06,126.48442840576172,165.31849670410156,217.69558715820312,115.9911117553711,146.43682861328125,142.98336791992188,210.80801391601562,240.1777801513672,120.73546600341797,51.159732818603516
2021-05-07,127.15825653076172,164.58050537109375,221.29519653320312,116.71463012695312,147.10028076171875,143.47279357910156,210.79006958007812,242.80332946777344,120.74441528320312,51.89117431640625
2021-05-10,123.87699127197266,159.52450561523438,222.78282165527344,113.72820281982422,148.64553833007812,143.45501708984375,212.8275909423828,237.7252960205078,122.99581146240234,52.015865325927734
2021-05-11,122.95905303955078,161.19549560546875,219.7433624267578,112.6518325805664,147.4320526123047,141.0703125,209.91043090820312,236.8116455078125,122.38831329345703,50.361793518066406
2021-05-12,119.89263916015625,157.5970001220703,217.92514038085938,109.1875,146.83840942382812,140.1004180908203,204.59671020507812,229.8582000732422,121.09281921386719,50.631649017333984
2021-05-13,122.04106903076172,158.07350158691406,220.4503936767578,110.6162109375,148.37490844726562,143.70413208007812,206.2393035888672,233.73403930664062,123.04048156738281,50.007606506347656
2021-05-14,124.46295166015625,161.14500427246094,222.43389892578125,113.06471252441406,148.6018524169922,145.93753051757812,207.98960876464844,238.658203125,123.29957580566406,51.24726104736328
2021-05-17,123.31057739257812,163.51950073242188,224.78465270996094,113.58776092529297,148.75027465820312,146.5248565673828,207.95364379882812,235.8018341064453,123.04940795898438,52.444740295410156
2021-05-18,121.92387390136719,161.61399841308594,219.89944458007812,112.27517700195312,148.8026580810547,144.46051025390625,208.17808532714844,233.7821502685547,121.78972625732422,50.960533142089844
2021-05-19,121.76763916015625,161.58999633789062,217.51194763183594,112.7232894897461,148.47962951660156,143.35711669921875,206.5803680419922,234.36050415039062,122.03986358642578,49.73775100708008
2021-05-20,124.32621765136719,162.38400268554688,215.78558349609375,114.48250579833984,149.3439178466797,143.10800170898438,208.4025115966797,237.59942626953125,123.2906265258789,49.619693756103516
2021-05-21,122.49028778076172,160.1540069580078,217.8516845703125,113.8463134765625,149.2478790283203,144.73634338378906,207.5587615966797,236.33665466308594,123.2906265258789,49.68715286254883
2021-05-24,124.12115478515625,162.24949645996094,219.51377868652344,117.16673278808594,149.8188934326172,145.5193634033203,208.16012573242188,241.7445526123047,123.2549057006836,50.2690315246582
2021-05-25,123.92583465576172,162.95249938964844,217.78741455078125,117.25753784179688,149.40597534179688,144.01556396484375,208.3665771484375,242.65069580078125,123.67479705810547,49.130577087402344
2021-05-26,123.87699127197266,163.25799560546875,218.28329467773438,118.12300109863281,148.51878356933594,143.997802734375,208.55506896972656,242.428955078125,123.3978500366211,49.70402526855469
2021-05-27,122.34380340576172,161.5054931640625,221.56149291992188,117.24810791015625,148.29037475585938,146.24009704589844,210.80801391601562,240.32748413085938,120.5925521850586,49.38357162475586
2021-05-28,121.68951416015625,161.15350341796875,221.37791442871094,116.95878601074219,148.67689514160156,146.1422576904297,211.09683227539062,240.68414306640625,120.4764175415039,49.22334289550781
2021-06-01,121.36723327636719,160.9324951171875,222.92056274414062,118.16616821289062,145.4090576171875,147.75277709960938,210.5102081298828,238.48631286621094,118.7164077758789,50.98583984375
2021-06-02,122.12895965576172,161.69949340820312,223.5633544921875,117.6406478881836,145.9976348876953,147.76168823242188,210.99754333496094,238.38992309570312,119.23455810546875,51.39061737060547
2021-06-03,120.64458465576172,159.35049438476562,223.9123077392578,116.49876403808594,145.8570556640625,147.85952758789062,209.7971649169922,236.85716247558594,121.36981201171875,51.593013763427734
2021-06-04,122.93949127197266,160.31100463867188,224.07763671875,118.7810287475586,145.7955780029297,148.0998077392578,210.63656616210938,241.75418090820312,121.45915985107422,51.82069778442383
2021-06-07,122.94927215576172,159.90049743652344,220.16574096679688,119.2142562866211,144.80291748046875,147.40574645996094,209.11123657226562,244.66534423828125,121.87904357910156,51.48339080810547
2021-06-08,123.76959228515625,163.20550537109375,220.5330810546875,119.02268981933594,143.52919006347656,146.8184814453125,209.9686279296875,243.47003173828125,120.46746063232422,52.39413833618164
2021-06-09,124.15042877197266,164.0574951171875,215.47337341308594,119.494140625,145.46180725097656,144.98545837402344,208.91265869140625,244.45327758789062,120.42279815673828,52.832664489746094
2021-06-10,123.15436553955078,167.4824981689453,207.28231811523438,120.84343719482422,146.7706756591797,142.72532653808594,211.72862243652344,247.97178649902344,121.31621551513672,52.916996002197266
2021-06-11,124.36527252197266,167.3415069580078,202.66339111328125,120.59880065917969,144.90838623046875,142.62747192382812,213.84054565429688,248.598388671875,120.4853286743164,52.4278678894043
2021-06-14,127.4218978881836,169.19349670410156,201.1115264892578,121.52728271484375,145.26849365234375,140.2071990966797,213.8856964111328,250.5262908935547,120.53001403808594,52.34354782104492
2021-06-15,126.60159301757812,169.156494140625,201.52476501464844,120.50897216796875,144.49549865722656,138.08056640625,213.31710815429688,249.0513916015625,120.29769897460938,54.24940872192383
2021-06-16,127.09964752197266,170.7624969482422,199.41270446777344,119.8668212890625,144.44281005859375,139.05044555664062,212.6221466064453,248.10675048828125,118.62704467773438,54.05544662475586
2021-06-17,128.70126342773438,174.46200561523438,192.3328094482422,120.83052825927734,145.1367950439453,135.03738403320312,211.08782958984375,251.4999237060547,119.70807647705078,52.276084899902344
2021-06-18,127.40243530273438,174.34500122070312,191.79104614257812,119.21028137207031,142.29055786132812,131.6205291748047,207.24295043945312,250.08282470703125,117.95697021484375,50.93523406982422
2021-06-21,129.19927978515625,172.697998046875,195.78555297851562,120.89901733398438,143.9245147705078,133.8539581298828,210.2032928466797,253.16757202148438,118.88612365722656,52.78205871582031
2021-06-22,130.83990478515625,175.27200317382812,195.71206665039062,121.41314697265625,143.7312469482422,133.65821838378906,211.08782958984375,255.94386291503906,118.93077850341797,53.79402160644531
2021-06-23,130.56646728515625,175.1909942626953,196.31809997558594,121.21116638183594,142.86158752441406,134.46791076660156,210.5102081298828,255.7123565673828,118.76103210449219,54.190372467041016
2021-06-24,130.28326416015625,172.45399475097656,201.41458129882812,121.58135223388672,143.51162719726562,135.7047576904297,210.59141540527344,257.0813903808594,118.84146118164062,54.409629821777344
2021-06-25,129.99032592773438,170.072998046875,198.63218688964844,121.58979797363281,144.24951171875,137.0750732421875,209.7700958251953,255.47140502929688,120.53893280029297,54.52769088745117
2021-06-28,131.62115478515625,172.1945037841797,198.59547424316406,121.61709594726562,144.08262634277344,137.32420349121094,208.5697021484375,259.0381164550781,120.89631652832031,53.13624572753906
2021-06-29,133.1348419189453,172.40699768066406,197.52105712890625,121.35557556152344,144.09136962890625,137.15512084960938,207.9198760986328,261.6216125488281,120.07435607910156,52.8073616027832
2021-06-30,133.75006103515625,172.00799560546875,199.8443145751953,121.17394256591797,144.71510314941406,138.40084838867188,208.47946166992188,261.13958740234375,120.54785919189453,53.19527816772461
2021-07-01,134.0528106689453,171.64849853515625,198.99949645996094,121.52629852294922,145.78680419921875,139.7711639404297,209.63470458984375,261.8144226074219,120.82485961914062,53.347076416015625
2021-07-02,136.67974853515625,175.5489959716797,199.96363830566406,124.31819152832031,148.43972778320312,139.6369171142578,210.86216735839844,267.64642333984375,121.41450500488281,53.27117919921875
2021-07-06,138.6914825439453,183.78700256347656,196.07020568847656,125.24369812011719,147.55250549316406,137.29220581054688,210.0679168701172,267.6560363769531,121.48595428466797,51.75324249267578
2021-07-07,141.18170166015625,184.82899475097656,197.1445770263672,125.52555847167969,148.8174591064453,137.4533233642578,211.76473999023438,269.8442687988281,122.39726257324219,50.94367980957031
2021-07-08,139.88287353515625,186.57049560546875,194.77540588378906,124.10629272460938,148.5275421142578,135.08172607421875,210.14913940429688,267.4247131347656,122.37935638427734,50.715980529785156
2021-07-09,141.7090301513672,185.9669952392578,199.65147399902344,124.57723236083984,149.11611938476562,139.40426635742188,212.7123565673828,267.926025390625,122.4240493774414,51.63517379760742
2021-07-12,141.1133575439453,185.92750549316406,200.71664428710938,126.02330780029297,148.87893676757812,141.39996337890625,212.6492156982422,267.32830810546875,122.5223388671875,51.58457565307617
2021-07-13,142.2266082763672,183.8679962158203,197.6037139892578,126.38655853271484,148.69447326660156,139.2968292236328,213.1546173095703,270.8564453125,122.37045288085938,51.34001541137695
2021-07-14,145.6543731689453,184.08399963378906,194.34384155273438,127.27534484863281,149.70468139648438,138.82254028320312,214.0210723876953,272.3313293457031,123.27276611328125,50.20157241821289
2021-07-15,145.0000457763672,181.55999755859375,194.1326446533203,126.0525894165039,147.90386962890625,139.1268310546875,213.7954559326172,270.90460205078125,124.32703399658203,49.71245193481445
2021-07-16,142.95907592773438,178.68150329589844,190.95538330078125,126.0178451538086,147.6666717529297,135.94979858398438,211.8730010986328,270.6347961425781,125.53311157226562,48.337890625
2021-07-19,139.1113739013672,177.47950744628906,187.48414611816406,123.64378356933594,146.59500122070312,131.52882385253906,206.91807556152344,267.02947998046875,125.47057342529297,46.67658233642578
2021-07-20,142.72467041015625,178.6595001220703,191.98941040039062,125.2630615234375,147.97413635253906,133.98097229003906,211.43980407714844,269.2562561035156,124.8005142211914,47.19098663330078
2021-07-21,141.9922332763672,179.25999450683594,194.546630859375,126.59251403808594,148.88772583007812,136.7999725341797,212.93798828125,271.2613220214844,124.36273193359375,48.70893859863281
2021-07-22,143.3594512939453,181.90150451660156,193.09722900390625,127.45843505859375,149.31817626953125,135.07273864746094,215.4110107421875,275.83050537109375,123.88623809814453,48.16078567504883
2021-07-23,145.0781707763672,182.83200073242188,193.43882751464844,132.01751708984375,150.90814208984375,134.81326293945312,219.28294372558594,279.2333068847656,125.67529296875,48.10176086425781
2021-07-26,145.49813842773438,184.99099731445312,194.8236541748047,133.0298614501953,150.97840881347656,135.71710205078125,220.2035369873047,278.6357421875,126.1158447265625,49.316097259521484
2021-07-27,143.33013916015625,181.3195037841797,193.78041076660156,130.91087341308594,151.67239379882812,135.5381622314453,222.3425750732422,276.2161865234375,126.62830352783203,48.76795959472656
2021-07-28,141.58209228515625,181.51600646972656,195.20216369628906,135.0734100341797,151.25074768066406,135.7618865966797,218.21792602539062,275.90765380859375,124.74930572509766,49.09684371948242
2021-07-29,142.2266082763672,179.99600219726562,196.2361297607422,134.75929260253906,151.25074768066406,136.92529296875,220.2396697998047,276.1775207519531,125.39663696289062,49.69559097290039
2021-07-30,142.4414520263672,166.37950134277344,190.872314453125,133.7161865234375,151.268310546875,135.83348083496094,219.05731201171875,274.6448669433594,127.86894226074219,48.54869842529297
2021-08-02,142.10943603515625,166.57400512695312,189.40438842773438,133.8432159423828,151.3297882080078,135.2875518798828,216.70164489746094,274.55810546875,127.55430603027344,48.557132720947266
2021-08-03,143.9063262939453,168.31199645996094,192.48794555664062,134.6129150390625,153.19212341308594,136.82687377929688,213.85861206054688,276.7752380371094,129.41525268554688,49.079986572265625
2021-08-04,143.50588989257812,167.73599243164062,188.8135223388672,134.11219787597656,152.28733825683594,135.35018920898438,211.94522094726562,276.1872253417969,128.04873657226562,47.93309783935547
2021-08-05,143.61334228515625,168.79949951171875,191.2785186767578,135.22975158691406,152.5771942138672,137.05953979492188,213.3802490234375,279.0887145996094,128.1116485595703,48.23667526245117
2021-08-06,142.9287109375,167.2469940185547,192.34945678710938,134.72061157226562,152.0676727294922,140.95248413085938,213.23587036132812,279.0309143066406,127.13175964355469,48.79326629638672
2021-08-09,142.8798370361328,167.093505859375,192.84796142578125,135.88626098632812,152.5947723388672,140.8003387451172,211.809814453125,277.94158935546875,127.8239974975586,48.23667526245117
2021-08-10,142.40060424804688,166.03399658203125,197.63015747070312,135.7810821533203,152.64749145507812,142.52760314941406,210.69972229003906,276.1197814941406,127.9049072265625,49.0631217956543
2021-08-11,142.6548614501953,164.60549926757812,204.6372833251953,135.25704956054688,152.673828125,144.22801208496094,212.5950469970703,276.6113586425781,128.2195281982422,49.20647430419922
2021-08-12,145.61831665039062,165.1750030517578,203.3263397216797,136.16517639160156,153.90359497070312,144.7917938232422,213.6059112548828,279.36834716796875,128.51625061035156,49.09518051147461
2021-08-13,145.8236846923828,164.69850158691406,201.78457641601562,136.69467163085938,154.8260040283203,143.1719512939453,215.54638671875,282.298828125,129.13658142089844,48.598670959472656
2021-08-16,147.79931640625,164.94949340820312,200.99061584472656,137.27230834960938,156.2227325439453,142.23226928710938,217.48683166503906,283.9857482910156,130.03561401367188,47.88814163208008
2021-08-17,146.88973999023438,162.09800720214844,197.04855346679688,135.6366729736328,157.65460205078125,140.51397705078125,216.86410522460938,282.5205078125,130.25137329101562,47.562835693359375
2021-08-18,143.1438751220703,160.06100463867188,193.6973114013672,134.43325805664062,155.6517333984375,139.23422241210938,214.87850952148438,280.79168701171875,128.8309326171875,46.561248779296875
2021-08-19,143.47642517089844,159.3874969482422,188.74893188476562,134.6625213623047,156.86402893066406,138.07080078125,214.11131286621094,286.625244140625,130.3502960205078,45.14018249511719
2021-08-20,144.93370056152344,159.99749755859375,189.2013397216797,136.39889526367188,157.6282958984375,138.46456909179688,215.24855041503906,293.95574951171875,130.440185546875,45.148746490478516
2021-08-23,146.42030334472656,163.2935028076172,193.0787811279297,138.99131774902344,156.94784545898438,140.23651123046875,216.30450439453125,294.2358093261719,129.77488708496094,47.00640106201172
2021-08-24,146.33226013183594,165.28900146484375,196.2638397216797,140.20217895507812,154.98611450195312,141.10464477539062,215.19436645507812,292.2752380371094,128.7230224609375,47.391632080078125
2021-08-25,145.09994506835938,164.95899963378906,198.26718139648438,141.01353454589844,153.96104431152344,144.01318359375,215.55540466308594,291.6860656738281,128.2645263671875,47.477230072021484
2021-08-26,144.2979278564453,165.8000030517578,195.01748657226562,140.37982177734375,153.1392364501953,144.75601196289062,213.85861206054688,288.8658752441406,128.03977966308594,46.835182189941406
2021-08-27,145.33470153808594,167.48150634765625,196.4853973388672,142.92410278320312,152.81228637695312,145.91941833496094,214.33697509765625,289.4743347167969,127.94091033935547,47.74261474609375
2021-08-30,149.75535583496094,171.07850646972656,195.2113800048828,143.50619506835938,153.4573516845703,143.58360290527344,213.5337371826172,293.2120666503906,128.4982452392578,47.22041702270508
2021-08-31,148.49368286132812,173.5395050048828,194.67591857910156,143.61239624023438,152.98899841308594,143.14512634277344,215.493896484375,291.5605163574219,128.01280212402344,46.67253494262695
2021-09-01,149.15872192382812,173.9499969482422,191.98941040039062,144.1265106201172,153.52804565429688,142.93927001953125,216.12008666992188,291.5122375488281,129.31639099121094,46.030487060546875
2021-09-02,150.27371215820312,173.156005859375,195.51600646972656,142.21249389648438,154.57962036132812,143.6015167236328,217.68096923828125,290.8554382324219,129.41525268554688,47.15192794799805
2021-09-03,150.90943908691406,173.90249633789062,194.21429443359375,142.6615753173828,154.67678833007812,142.73342895507812,216.72808837890625,290.8458557128906,129.5052032470703,46.97215270996094
2021-09-07,153.24691772460938,175.46449279785156,192.23863220214844,143.19851684570312,152.2732391357422,142.48287963867188,214.34140014648438,289.9186096191406,129.01971435546875,46.69821548461914
2021-09-08,151.7016143798828,176.27499389648438,190.89077758789062,142.61343383789062,151.902099609375,141.8474578857422,216.54656982421875,289.94757080078125,129.9996795654297,46.27018737792969
2021-09-09,150.68446350097656,174.20799255371094,189.64443969726562,142.46458435058594,148.5176544189453,142.46498107910156,216.5375213623047,287.08880615234375,129.45123291015625,46.30442428588867
2021-09-10,145.696533203125,173.45750427246094,189.26593017578125,139.81954956054688,147.54563903808594,140.8272247314453,217.05477905273438,285.60137939453125,129.57713317871094,46.21025848388672
2021-09-13,146.2638397216797,172.85850524902344,190.3645477294922,141.26512145996094,146.51171875,143.0645751953125,218.8970184326172,286.8376159667969,130.9705810546875,47.40018844604492
2021-09-14,144.86521911621094,172.5,186.79176330566406,141.4755401611328,145.62808227539062,140.5677032470703,218.8244171142578,289.54205322265625,130.74583435058594,46.72389221191406
2021-09-15,145.7552032470703,173.7895050048828,189.93063354492188,143.34640502929688,146.1759490966797,141.5431671142578,218.68829345703125,294.40008544921875,130.46714782714844,48.299049377441406
2021-09-16,145.52049255371094,174.41200256347656,187.96421813964844,142.53305053710938,145.99925231933594,141.48048400878906,220.71200561523438,294.7863464355469,129.55914306640625,47.78540802001953
2021-09-17,142.8505096435547,173.12600708007812,184.40989685058594,139.74415588378906,145.5839080810547,141.11358642578125,220.05862426757812,289.6192321777344,129.76588439941406,47.22041702270508
2021-09-20,139.79905700683594,167.7864990234375,176.16571044921875,137.67921447753906,144.75326538085938,136.88946533203125,216.97311401367188,284.2396240234375,128.46234130859375,45.96199417114258
2021-09-21,140.27821350097656,167.18150329589844,175.26092529296875,137.99038696289062,145.3894805908203,136.90740966796875,218.25265502929688,284.7225036621094,128.66009521484375,45.9192008972168
2021-09-22,142.64512634277344,169.00250244140625,176.6549835205078,139.2314910888672,144.85928344726562,139.5295867919922,220.63938903808594,288.3733215332031,129.1006317138672,47.263214111328125
2021-09-23,143.60357666015625,170.8000030517578,181.52024841308594,140.15704345703125,145.68109130859375,144.245849609375,222.1367950439453,289.31982421875,129.6310272216797,48.86404800415039
2021-09-24,143.69158935546875,171.2760009765625,181.7049102783203,141.14849853515625,145.2392578125,145.9104461669922,223.6250457763672,289.116943359375,129.05567932128906,49.3006477355957
2021-09-27,142.17562866210938,170.2899932861328,184.64068603515625,140.01409912109375,144.18771362304688,149.43650817871094,225.1587371826172,284.1141052246094,127.35649871826172,50.76451110839844
2021-09-28,138.7916717529297,165.79800415039062,185.14846801757812,134.81141662597656,143.8695526123047,148.6310272216797,221.22023010253906,273.828125,126.3945541381836,51.295265197753906
2021-09-29,139.69149780273438,165.05599975585938,182.67425537109375,133.34597778320312,144.93882751464844,148.5146942138672,221.6830291748047,274.2917785644531,127.6801528930664,51.26102828979492
2021-09-30,138.39073181152344,164.2519989013672,177.22735595703125,132.67355346679688,142.7119903564453,146.4921875,218.80628967285156,272.2828369140625,125.684326171875,50.353599548339844
2021-10-01,139.51541137695312,164.16299438476562,179.40609741210938,135.51905822753906,141.80178833007812,149.57073974609375,220.45787048339844,279.2173767089844,125.48651123046875,52.15989303588867
2021-10-04,136.08253479003906,159.48899841308594,178.29827880859375,132.6571807861328,140.69717407226562,149.40965270996094,220.59400939941406,273.43212890625,124.77630615234375,52.836185455322266
2021-10-05,138.00926208496094,161.0500030517578,177.71669006347656,135.00294494628906,141.01535034179688,151.8495330810547,222.5360565185547,278.88897705078125,125.26177978515625,52.75057601928711
2021-10-06,138.87966918945312,163.10049438476562,177.1258087158203,136.53341674804688,141.30699157714844,152.1736602783203,224.24215698242188,283.0903015136719,126.9339370727539,51.78321838378906
2021-10-07,140.14137268066406,165.1215057373047,180.71707153320312,138.1809539794922,142.570556640625,153.13702392578125,225.34930419921875,284.7707824707031,127.94990539550781,51.92875289916992
2021-10-08,139.75991821289062,164.43099975585938,180.17237854003906,138.73724365234375,142.208251953125,153.25404357910156,224.78668212890625,284.7707824707031,127.4194107055664,53.22997283935547
2021-10-11,139.67189025878906,162.31500244140625,178.07669067382812,137.87228393554688,141.60740661621094,150.03085327148438,223.77027893066406,284.1720275878906,127.94990539550781,52.69921875
2021-10-12,138.40049743652344,162.3665008544922,175.33480834960938,135.42576599121094,139.34523010253906,148.8784942626953,221.9008026123047,282.8681945800781,127.76105499267578,52.4252815246582
2021-10-13,137.8136444091797,164.21400451660156,174.4300537109375,136.55026245117188,140.6795196533203,144.95303344726562,220.2038116455078,286.1809387207031,128.05776977539062,52.27974319458008
2021-10-14,140.60105895996094,164.9929962158203,179.40609741210938,140.09251403808594,141.48367309570312,147.1768341064453,221.92808532714844,292.4007263183594,129.5052032470703,53.07588577270508
2021-10-15,141.65731811523438,170.4510040283203,183.73594665527344,140.307861328125,142.53526306152344,150.0038299560547,219.84080505371094,293.8109130859375,129.83778381347656,53.580955505371094
2021-10-18,143.3297119140625,172.33700561523438,182.96047973632812,141.707275390625,141.4925537109375,149.94984436035156,219.84983825683594,296.78564453125,127.96785736083984,53.555274963378906
2021-10-19,145.4911346435547,172.20750427246094,185.69313049316406,142.16285705566406,144.80625915527344,151.76852416992188,220.31271362304688,297.6935119628906,126.45747375488281,54.35997009277344
2021-10-20,145.98019409179688,170.7530059814453,188.50889587402344,140.70587158203125,144.72671508789062,153.812255859375,217.54481506347656,296.9014587402344,126.95193481445312,54.65958786010742
2021-10-21,146.1953125,171.75050354003906,186.6163330078125,140.82199096679688,144.3909454345703,152.60585021972656,219.06942749023438,300.1369323730469,126.03829193115234,53.66656494140625
2021-10-22,145.42269897460938,166.77749633789062,186.2635955810547,136.53488159179688,144.6737060546875,154.6585693359375,216.3832550048828,298.59173583984375,127.39519500732422,54.03466796875
2021-10-25,145.373779296875,166.01849365234375,187.71177673339844,136.41629028320312,144.99185180664062,153.9022979736328,215.385009765625,297.5968933105469,127.41329956054688,55.08762741088867
2021-10-26,146.03884887695312,168.80349731445312,185.3260040283203,138.26380920410156,146.46755981445312,154.31646728515625,214.5500946044922,299.5091247558594,129.22250366210938,56.363162994384766
2021-10-27,145.57920837402344,169.62449645996094,182.0676727294922,145.12103271484375,144.69139099121094,151.10227966308594,220.2764129638672,312.12274169921875,128.2998046875,54.8992919921875
2021-10-28,149.21742248535156,172.32850646972656,189.4569549560547,144.75526428222656,143.90493774414062,153.3800811767578,222.7902069091797,313.2623596191406,129.06871032714844,55.05338668823242
2021-10-29,146.50828552246094,168.6215057373047,189.38267517089844,146.93580627441406,143.9314422607422,152.95693969726562,222.8355712890625,320.2838439941406,129.34913635253906,55.19036102294922
2021-11-01,145.68678283691406,165.90550231933594,190.6544647216797,142.42091369628906,144.0551300048828,152.8759307861328,227.40025329589844,318.1108093261719,129.0325469970703,56.18338394165039
2021-11-02,146.7235107421875,165.6374969482422,192.26968383789062,144.34188842773438,146.32618713378906,153.47915649414062,226.18421936035156,321.7423095703125,130.3170928955078,55.48997497558594
2021-11-03,148.16116333007812,169.1999969482422,188.95567321777344,145.4986572265625,145.85780334472656,153.5331573486328,227.23687744140625,322.5825500488281,131.21261596679688,54.728084564208984
2021-11-04,147.642822265625,173.85000610351562,188.99278259277344,147.1556396484375,145.4513397216797,151.51641845703125,230.01382446289062,324.9391174316406,131.45687866210938,55.13898849487305
2021-11-05,148.17169189453125,175.94949340820312,191.11862182617188,147.73574829101562,144.41741943359375,151.30032348632812,231.148193359375,324.57208251953125,132.10816955566406,55.661190032958984
2021-11-08,147.3489990234375,174.44900512695312,198.88848876953125,147.91342163085938,143.92259216308594,152.2096710205078,229.68716430664062,325.4703063964844,131.1221160888672,56.260433197021484
2021-11-09,147.71136474609375,178.81149291992188,194.76683044433594,147.80177307128906,143.60447692871094,151.05723571777344,229.2787628173828,324.4657897949219,131.52017211914062,56.808319091796875
2021-11-10,144.8807373046875,174.1024932861328,191.85195922851562,144.7994384765625,145.15972900390625,150.91319274902344,229.71437072753906,319.49188232421875,132.8137664794922,55.689151763916016
2021-11-11,144.83180236816406,173.625,193.57861328125,144.6733856201172,144.09051513671875,150.90419006347656,227.0191192626953,321.0661926269531,132.43382263183594,55.79326248168945
2021-11-12,146.90821838378906,176.25750732421875,194.26556396484375,147.5630645751953,145.8136444091797,150.22894287109375,227.48196411132812,325.20953369140625,132.57858276367188,55.3681526184082
2021-11-15,146.91798400878906,177.28399658203125,192.81741333007812,147.3387451171875,144.49700927734375,149.95883178710938,229.5419158935547,324.5817565917969,133.33843994140625,55.84532165527344
2021-11-16,147.89747619628906,177.03500366210938,190.70086669921875,146.76707458496094,143.74588012695312,148.8784942626953,229.1063232421875,327.9041442871094,133.14849853515625,56.40923309326172
2021-11-17,150.3363037109375,177.4499969482422,188.42654418945312,146.93678283691406,144.28489685058594,148.0771484375,229.31507873535156,328.126708984375,133.06704711914062,55.79326248168945
2021-11-18,154.62632751464844,184.80299377441406,186.9783935546875,148.71484375,143.5072479248047,146.79869079589844,230.031982421875,330.2070007324219,133.0851287841797,55.185970306396484
2021-11-19,157.2512969970703,183.82850646972656,186.0686492919922,147.80966186523438,143.94024658203125,144.8809814453125,228.64349365234375,331.9873962402344,132.8137664794922,52.63531494140625
2021-11-22,157.7115936279297,178.6284942626953,187.86953735351562,145.20484924316406,142.0457305908203,147.9691162109375,230.031982421875,328.8136901855469,133.70028686523438,53.36406326293945
2021-11-23,158.0935516357422,179.0019989013672,190.60804748535156,144.68875122070312,142.92628479003906,151.50743103027344,232.00120544433594,326.7333679199219,135.18380737304688,54.76953125
2021-11-24,158.61270141601562,179.02049255371094,192.22328186035156,145.02423095703125,142.52606201171875,150.3189697265625,233.326171875,326.9559326171875,134.4782257080078,55.073184967041016
2021-11-26,153.5880889892578,175.22799682617188,184.48129272460938,141.1167755126953,141.60098266601562,145.7903289794922,226.88294982910156,318.99267578125,133.4017333984375,53.13850402832031
2021-11-29,156.9476318359375,178.07850646972656,181.87274169921875,144.43914794921875,142.0902099609375,145.1601104736328,227.14613342285156,325.7174377441406,134.80392456054688,53.433475494384766
2021-11-30,161.90367126464844,175.35350036621094,179.4869842529297,140.8334197998047,138.6924591064453,142.99928283691406,223.2040252685547,319.87322998046875,130.78746032714844,51.91523361206055
2021-12-01,161.38455200195312,172.18600463867188,177.7417755126953,139.99374389648438,140.60484313964844,142.15298461914062,222.82078552246094,319.3796691894531,132.43382263183594,51.871856689453125
2021-12-02,160.39529418945312,171.8679962158203,182.6803436279297,141.8938751220703,139.72425842285156,145.14208984375,227.03665161132812,318.80889892578125,133.2117919921875,53.16452407836914
2021-12-03,158.51473999023438,169.489501953125,183.617919921875,140.9365997314453,141.76109313964844,142.5131072998047,227.5203094482422,312.5389404296875,135.58184814453125,52.826171875
2021-12-06,161.92324829101562,171.36849975585938,186.8484344482422,142.08145141601562,144.9275665283203,144.1967315673828,233.41519165039062,315.615966796875,137.6352996826172,53.4248046875
2021-12-07,167.66282653808594,176.1645050048828,189.82827758789062,146.1651153564453,145.30113220214844,146.3665313720703,237.17483520507812,324.0629577636719,137.2734375,54.02342224121094
2021-12-08,171.4827423095703,176.1580047607422,189.54977416992188,147.0752410888672,146.17279052734375,144.69192504882812,236.8737030029297,324.1112976074219,137.88861083984375,54.17958450317383
2021-12-09,170.973388671875,174.17100524902344,189.49407958984375,146.53134155273438,147.56033325195312,144.4668426513672,239.39222717285156,322.30194091796875,138.69366455078125,54.31839370727539
2021-12-10,175.76290893554688,172.21200561523438,188.8721160888672,146.89163208007812,147.19569396972656,143.89064025878906,241.7921600341797,331.43585205078125,140.6295623779297,54.66542053222656
2021-12-13,172.12916564941406,169.5675048828125,186.820556640625,144.73294067382812,149.8284454345703,142.1800079345703,240.07662963867188,328.39764404296875,142.6287078857422,53.468177795410156
2021-12-14,170.7481231689453,169.0915069580078,187.18258666992188,142.8278350830078,151.46502685546875,143.2694091796875,239.5564727783203,317.69622802734375,143.15338134765625,53.39009475708008
2021-12-15,175.6160125732422,173.31500244140625,188.02734375,145.3428192138672,152.2211151123047,142.19802856445312,241.38157653808594,323.8016357421875,143.70518493652344,53.15585708618164
2021-12-16,168.7206573486328,168.87100219726562,191.38780212402344,143.36180114746094,153.88436889648438,144.4218292236328,242.32147216796875,314.36767578125,145.74053955078125,53.24261474609375
2021-12-17,167.62362670898438,170.0175018310547,186.9319305419922,140.66220092773438,149.6327362060547,141.13565063476562,238.80824279785156,313.3033142089844,142.43875122070312,52.080074310302734
2021-12-20,166.26220703125,167.07899475097656,181.44573974609375,140.5450897216797,149.20584106445312,138.5967254638672,238.8356170654297,309.5393981933594,142.80056762695312,51.325294494628906
2021-12-21,169.43569946289062,170.41700744628906,184.0913543701172,142.3966064453125,148.72552490234375,140.5323944091797,241.26292419433594,316.68023681640625,142.71011352539062,52.487831115722656
2021-12-22,172.03121948242188,171.03700256347656,187.656005859375,145.31703186035156,149.3659210205078,141.08155822753906,241.76480102539062,322.398681640625,144.1212921142578,52.91293716430664
2021-12-23,172.65805053710938,171.06849670410156,191.41566467285156,145.81475830078125,149.65057373046875,141.5857696533203,242.68643188476562,323.84033203125,144.826904296875,52.938961029052734
2021-12-27,176.6248321533203,169.66949462890625,191.58279418945312,146.79733276367188,150.91360473632812,142.39608764648438,244.77613830566406,331.3487854003906,146.5185089111328,53.69374465942383
2021-12-28,175.60618591308594,170.66099548339844,191.80555725097656,145.5869903564453,151.51841735839844,142.82826232910156,244.4476318359375,330.1876525878906,147.3054962158203,53.520233154296875
2021-12-29,175.6943359375,169.2010040283203,192.4646453857422,145.55523681640625,152.58572387695312,142.7562255859375,245.00428771972656,330.8650207519531,148.52671813964844,53.0517463684082
2021-12-30,174.53863525390625,168.64450073242188,191.3042449951172,145.1041259765625,153.26173400878906,142.68417358398438,243.83627319335938,328.3201599121094,147.2421875,52.739418029785156
2021-12-31,173.92156982421875,166.7169952392578,191.91693115234375,143.76576232910156,152.15882873535156,142.56716918945312,244.62100219726562,325.4175109863281,147.97491455078125,53.086448669433594
2022-01-03,178.2703094482422,170.4044952392578,192.15829467773438,143.90420532226562,152.57687377929688,145.58326721191406,245.08641052246094,323.89837646484375,147.35977172851562,55.1252326965332
2022-01-04,176.0077667236328,167.52200317382812,202.44383239746094,143.316650390625,152.16773986816406,151.10227966308594,245.02256774902344,318.3444519042969,147.87542724609375,57.1987190246582
2022-01-05,171.3260040283203,164.35699462890625,203.99415588378906,136.7418212890625,153.1816864013672,148.33981323242188,243.81796264648438,306.12396240234375,148.54478454589844,57.910133361816406
2022-01-06,168.46600341796875,163.25399780273438,206.07354736328125,136.7145233154297,152.65692138671875,149.915771484375,246.09933471679688,303.7049255371094,147.29647827148438,59.272216796875
2022-01-07,168.63247680664062,162.5540008544922,208.11578369140625,135.989501953125,154.720458984375,151.4011688232422,243.69940185546875,303.8597412109375,147.21502685546875,59.75804138183594
2022-01-10,168.6520538330078,161.48599243164062,205.7486114501953,137.62960815429688,153.95550537109375,151.5460662841797,241.28115844726562,304.082275390625,145.20684814453125,59.4023551940918
2022-01-11,171.4827423095703,165.36199951171875,204.17979431152344,138.6881103515625,152.31893920898438,151.70004272460938,239.19149780273438,304.7692565917969,143.5242462158203,61.90092468261719
2022-01-12,171.92347717285156,165.20700073242188,206.45413208007812,140.36990356445312,151.02032470703125,152.56048583984375,238.09646606445312,307.9526062011719,143.8408660888672,61.7187385559082
2022-01-13,168.6520538330078,161.21400451660156,210.7243194580078,137.5477294921875,150.10418701171875,152.3702850341797,238.5435791015625,294.9192810058594,143.1895751953125,61.276283264160156
2022-01-14,169.51402282714844,162.13800048828125,212.52525329589844,138.4345245361328,149.28585815429688,143.00509643554688,235.167236328125,300.1442565917969,144.56455993652344,62.3520622253418
2022-01-18,166.31121826171875,158.91749572753906,213.38851928710938,134.97813415527344,148.62771606445312,137.00914001464844,234.04486083984375,292.8388977050781,141.7783660888672,63.40182113647461
2022-01-19,162.81454467773438,156.2989959716797,206.765625,134.10324096679688,148.1651611328125,134.88975524902344,232.89508056640625,293.49700927734375,146.54562377929688,63.4278564453125
2022-01-20,161.12989807128906,151.66749572753906,202.0736083984375,132.3078155517578,146.98220825195312,133.73953247070312,230.98788452148438,291.82293701171875,147.3369140625,63.56666946411133
2022-01-21,159.07302856445312,142.64300537109375,199.7042999267578,129.37399291992188,146.64422607421875,131.40274047851562,232.32017517089844,286.4335021972656,147.90077209472656,62.612342834472656
2022-01-24,158.29925537109375,144.54400634765625,199.9281768798828,129.82310485839844,144.95425415039062,131.2849884033203,231.42591857910156,286.7625732421875,146.70025634765625,63.15022659301758
2022-01-25,156.49705505371094,139.98599243164062,199.90948486328125,125.98310852050781,149.09910583496094,132.7160186767578,228.75218200683594,279.137939453125,145.0995635986328,65.00682830810547
2022-01-26,156.40890502929688,138.87249755859375,199.890869140625,128.26388549804688,149.76620483398438,133.9749755859375,227.99478149414062,287.0915222167969,143.8353729248047,64.34748077392578
2022-01-27,155.94859313964844,139.6374969482422,197.91329956054688,128.03759765625,151.7318878173828,131.6110382080078,226.9818572998047,290.1201171875,144.7266845703125,65.17167663574219
2022-01-28,166.83029174804688,143.97799682617188,187.64312744140625,132.35098266601562,152.79920959472656,132.78848266601562,233.68896484375,298.2671813964844,145.97267150878906,65.31045532226562
2022-01-31,171.18885803222656,149.57350158691406,188.01626586914062,134.28883361816406,153.24395751953125,134.5908966064453,236.75506591796875,300.89898681640625,145.92718505859375,65.90043640136719
2022-02-01,171.0223846435547,151.19349670410156,191.55157470703125,136.61178588867188,151.9898223876953,136.90048217773438,236.33531188964844,298.75091552734375,145.2814483642578,70.12548065185547
2022-02-02,172.2271270751953,150.6125030517578,191.1691436767578,146.89015197753906,153.67088317871094,135.80459594726562,239.3374786376953,303.29852294921875,147.8826141357422,69.94329071044922
2022-02-03,169.34744262695312,138.8455047607422,187.11141967773438,142.01693725585938,153.6619873046875,134.68145751953125,237.84097290039062,291.484375,149.28318786621094,69.12777709960938
2022-02-04,169.0631103515625,157.63949584960938,185.07789611816406,142.2184295654297,152.65692138671875,138.1775360107422,237.31167602539062,296.02227783203125,146.909423828125,70.62866973876953
2022-02-07,168.3472137451172,157.9355010986328,186.39315795898438,138.15711975097656,152.14993286132812,138.63949584960938,237.1200714111328,291.194091796875,145.8089599609375,71.47888946533203
2022-02-08,171.45602416992188,161.4134979248047,187.96023559570312,138.3536376953125,152.5501708984375,141.2480010986328,237.32992553710938,294.6871032714844,145.48155212402344,69.63097381591797
2022-02-09,172.87802124023438,161.1894989013672,189.91917419433594,140.5301971435547,152.53237915039062,141.8367156982422,237.12916564941406,301.1215515136719,145.15415954589844,69.29762268066406
2022-02-10,168.79824829101562,159.0034942626953,189.42474365234375,137.58047485351562,150.69122314453125,141.2480010986328,234.40072631835938,292.57769775390625,142.94407653808594,68.63097381591797
2022-02-11,165.3854522705078,153.2935028076172,187.7177734375,133.2755126953125,149.1702880859375,139.40936279296875,232.8402862548828,285.47564697265625,142.14369201660156,70.35901641845703
2022-02-14,165.62083435058594,155.16700744628906,186.4584503173828,134.5096893310547,147.2935333251953,138.11416625976562,231.22511291503906,285.43701171875,142.552978515625,69.28009796142578
2022-02-15,169.45538330078125,156.510498046875,189.741943359375,135.5840606689453,148.81448364257812,140.1339111328125,231.60836791992188,290.7297058105469,142.62576293945312,68.41166687011719
2022-02-16,169.2200164794922,158.10049438476562,189.9564666748047,136.70510864257812,148.72552490234375,140.38755798339844,230.95135498046875,290.3902893066406,143.7080535888672,68.72746276855469
2022-02-17,165.62083435058594,154.65249633789062,181.6544952392578,131.54507446289062,147.8182830810547,137.15408325195312,228.98031616210938,281.8871154785156,145.3542022705078,68.6222152709961
2022-02-18,164.07131958007812,152.60150146484375,179.0519561767578,129.4250946044922,146.2338409423828,137.79713439941406,228.67919921875,279.1721496582031,145.4269561767578,67.85904693603516
2022-02-22,161.1488494873047,150.19749450683594,178.36170959472656,128.84002685546875,144.24658203125,137.55262756347656,230.59547424316406,278.9685974121094,143.63526916503906,67.06959533691406
2022-02-23,156.9808807373047,144.82699584960938,174.12677001953125,126.63121032714844,144.31820678710938,134.67242431640625,226.11500549316406,271.7452087402344,141.8435821533203,67.34152221679688
2022-02-24,159.59933471679688,151.35800170898438,172.2798309326172,131.69593811035156,141.5611114501953,130.9226837158203,223.59642028808594,285.629638671875,138.02371215820312,66.49063873291016
2022-02-25,161.6686248779297,153.7884979248047,174.4905548095703,133.45115661621094,148.5970916748047,134.020263671875,227.62977600097656,288.26690673828125,143.91722106933594,68.28008270263672
2022-02-28,161.93341064453125,153.56300354003906,174.9756317138672,134.04420471191406,147.31698608398438,128.4319610595703,224.6016845703125,289.701904296875,141.7799072265625,68.78886413574219
2022-03-01,160.0504608154297,151.14199829101562,170.54478454589844,133.05616760253906,146.8067626953125,123.5863037109375,219.8852081298828,285.9786682128906,139.43345642089844,69.44676208496094
2022-03-02,163.34559631347656,152.05250549316406,179.6676025390625,133.56236267089844,148.6328582763672,126.14948272705078,221.0872344970703,291.0593566894531,139.8699951171875,70.63973236083984
2022-03-03,163.02198791503906,147.89849853515625,181.75711059570312,132.8953857421875,150.81707763671875,125.25286102294922,217.15074157714844,286.919189453125,140.388427734375,71.08708953857422
2022-03-04,160.0210418701172,145.64100646972656,182.51268005371094,130.91729736328125,151.71224975585938,121.72957611083984,216.3799285888672,281.0434875488281,141.09783935546875,73.76251220703125
2022-03-07,156.2257080078125,137.4530029296875,183.48281860351562,125.43077087402344,154.15603637695312,117.02886962890625,205.84588623046875,270.4265441894531,139.0059814453125,76.42037200927734
2022-03-08,154.401611328125,136.01449584960938,195.88909912109375,126.15133666992188,151.03192138671875,116.20465087890625,204.43276977539062,267.45965576171875,133.50363159179688,76.99932861328125
2022-03-09,159.80528259277344,139.2790069580078,195.68389892578125,132.41946411132812,151.6048126220703,120.86006927490234,204.13914489746094,279.724853515625,135.3043670654297,72.62215423583984
2022-03-10,155.4607696533203,146.8175048828125,197.55882263183594,131.43641662597656,151.8733673095703,119.42903900146484,203.70790100097656,276.9033508300781,131.82101440429688,74.87652587890625
2022-03-11,151.743896484375,145.52450561523438,200.39459228515625,128.8966064453125,151.59588623046875,116.7390365600586,208.17657470703125,271.55126953125,130.2567138671875,74.49055480957031
2022-03-14,147.7132110595703,141.85299682617188,200.9635772705078,125.00648498535156,153.6905517578125,117.89835357666016,207.54344177246094,268.0317077636719,131.92108154296875,71.82392120361328
2022-03-15,152.09698486328125,147.3665008544922,201.91505432128906,128.22914123535156,157.6740264892578,119.99058532714844,213.4069061279297,278.4159240722656,136.66860961914062,67.73624420166016
2022-03-16,156.51011657714844,153.10400390625,201.560546875,132.28102111816406,156.22386169433594,125.35246276855469,218.5179901123047,285.43572998046875,136.20477294921875,67.48185729980469
2022-03-17,157.52024841308594,157.23899841308594,206.8029022216797,132.83535766601562,158.26480102539062,126.93749237060547,217.90318298339844,286.2404479980469,136.63223266601562,69.28009796142578
2022-03-18,160.8153839111328,161.25050354003906,206.0660400390625,135.1046905517578,156.5102996826172,126.8921890258789,219.23370361328125,291.29193115234375,136.55941772460938,69.00816345214844
2022-03-21,162.18836975097656,161.4915008544922,208.67788696289062,135.0808563232422,157.39649963378906,126.4846420288086,215.93032836914062,290.0606384277344,137.07789611816406,72.10462951660156
2022-03-22,165.56199645996094,164.88900756835938,207.74508666992188,138.819091796875,156.65354919433594,129.1746368408203,218.49960327148438,294.81158447265625,138.1328887939453,71.78882598876953
2022-03-23,166.92518615722656,163.4080047607422,207.24134826660156,137.23854064941406,156.06275939941406,126.60242462158203,216.66439819335938,290.380615234375,137.1688690185547,72.92040252685547
2022-03-24,170.710693359375,163.64950561523438,207.27867126464844,140.51034545898438,156.86839294433594,127.42658233642578,220.46327209472656,294.8503723144531,137.40530395507812,73.13969421386719
2022-03-25,171.34814453125,164.77349853515625,208.3513946533203,140.61058044433594,158.37228393554688,128.5406494140625,221.6745147705078,294.443115234375,138.9968719482422,74.7361831665039
2022-03-28,172.21116638183594,168.99049377441406,206.94287109375,140.39474487304688,159.1868438720703,127.58961486816406,222.9224853515625,301.24969482421875,139.95187377929688,72.63970947265625
2022-03-29,175.50633239746094,169.31500244140625,206.18727111816406,141.4368438720703,159.1063232421875,127.87037658691406,227.72154235839844,305.8163757324219,141.3888702392578,72.2537612915039
2022-03-30,174.33929443359375,166.30099487304688,208.09019470214844,140.87408447265625,160.7623748779297,127.29071807861328,228.5106658935547,304.3135070800781,140.4156951904297,73.49059295654297
2022-03-31,171.24026489257812,162.99749755859375,207.84767150878906,138.02464294433594,158.64976501464844,123.46854400634766,226.90487670898438,298.93231201171875,138.9696044921875,72.44673156738281
2022-04-01,170.94606018066406,163.55999755859375,205.0026092529297,139.09950256347656,159.50909423828125,122.55379486083984,228.71253967285156,300.00860595703125,141.05238342285156,72.9116439819336
2022-04-04,174.99636840820312,168.34649658203125,205.9727325439453,141.89935302734375,157.9694366455078,123.09722900390625,226.49195861816406,305.3897399902344,140.1337432861328,72.94673156738281
2022-04-05,171.6815643310547,164.05499267578125,201.50460815429688,139.53671264648438,158.98992919921875,121.66470336914062,228.03355407714844,301.424072265625,140.6248779296875,72.56952667236328
2022-04-06,168.513916015625,158.75599670410156,201.68185424804688,135.52403259277344,163.12559509277344,119.97669219970703,230.74044799804688,290.3902893066406,142.6348419189453,73.37654876708984
2022-04-07,168.81793212890625,157.7845001220703,201.39268493652344,134.8694610595703,162.70484924316406,119.6117172241211,233.40151977539062,292.20343017578125,144.48110961914062,74.6046142578125
2022-04-08,166.80747985839844,154.4604949951172,202.4467315673828,132.28797912597656,163.02711486816406,121.80156707763672,230.74044799804688,287.93719482421875,145.60887145996094,76.17476654052734
2022-04-11,162.55125427246094,151.1219940185547,201.5325927734375,127.85743713378906,160.9861297607422,121.35446166992188,229.81365966796875,276.58343505859375,145.05404663085938,73.5519790649414
2022-04-12,164.42437744140625,150.78750610351562,202.13890075683594,126.75676727294922,161.03982543945312,120.02230072021484,228.63914489746094,273.4806823730469,144.61753845214844,75.0870590209961
2022-04-13,167.1114959716797,155.54100036621094,203.60340881347656,128.919921875,161.7201690673828,116.153564453125,230.6211395263672,278.87164306640625,145.02682495117188,76.14845275878906
2022-04-14,162.10009765625,151.7064971923828,212.50234985351562,125.7796401977539,161.03982543945312,115.0768814086914,229.8687286376953,271.31854248046875,144.21734619140625,77.04317474365234
2022-04-18,161.8843536376953,152.78500366210938,214.4705810546875,126.71905517578125,159.03466796875,117.2120132446289,230.3734130859375,271.98760986328125,142.8440399169922,77.67475128173828
2022-04-19,164.16940307617188,158.11549377441406,216.56007385253906,129.03407287597656,163.886474609375,119.63906860351562,234.35580444335938,276.6221923828125,144.9813232421875,76.98177337646484
2022-04-20,164.00267028808594,153.9980010986328,219.28387451171875,127.0798110961914,164.61154174804688,120.05879974365234,234.7687530517578,277.6499328613281,148.83753967285156,77.1572036743164
2022-04-21,163.20834350585938,148.29600524902344,216.94253540039062,123.8785171508789,164.1371307373047,119.12811279296875,234.21812438964844,272.26873779296875,148.72142028808594,76.34142303466797
2022-04-22,158.6676788330078,144.35000610351562,202.73336791992188,118.73834228515625,162.5078887939453,115.70646667480469,229.55674743652344,265.69500732421875,147.47755432128906,74.6747817993164
2022-04-25,159.73663330078125,146.07400512695312,203.10833740234375,122.15106201171875,166.50930786132812,115.66996002197266,232.04345703125,272.1815490722656,148.66653442382812,72.15726470947266
2022-04-26,153.77395629882812,139.39100646972656,197.10971069335938,117.76023864746094,165.3187255859375,112.2483139038086,228.0977325439453,262.00091552734375,146.14224243164062,72.18357849121094
2022-04-27,153.54840087890625,138.16700744628906,200.54017639160156,113.43740844726562,163.00924682617188,110.78840637207031,226.77639770507812,274.6054382324219,145.74900817871094,74.24495697021484
2022-04-28,160.48196411132812,144.59649658203125,199.11550903320312,117.6336898803711,164.22659301757812,112.54029083251953,233.24554443359375,280.8204650878906,149.45309448242188,76.49055480957031
2022-04-29,154.6075439453125,124.28150177001953,197.3346710205078,113.25377655029297,161.5411376953125,108.9087905883789,228.62994384765625,269.078857421875,146.8373260498047,74.78003692626953
2022-05-02,154.91156005859375,124.5,198.76869201660156,115.70873260498047,159.9119415283203,109.90333557128906,226.317626953125,275.8174133300781,144.85267639160156,75.79757690429688
2022-05-03,156.40223693847656,124.25350189208984,200.22146606445312,116.45410919189453,159.59861755371094,112.25745391845703,225.61105346679688,273.209228515625,142.8680419921875,77.35897064208984
2022-05-04,162.8160400390625,125.92849731445312,208.6288604736328,121.34416198730469,161.3084259033203,115.9710693359375,233.3647918701172,281.159912109375,143.91981506347656,80.43787384033203
2022-05-05,153.74453735351562,116.40699768066406,202.3865966796875,115.63180541992188,158.2290496826172,113.06951141357422,228.40972900390625,268.91400146484375,141.26747131347656,79.21859741210938
2022-05-06,154.47134399414062,114.77249908447266,201.1868896484375,114.87850952148438,157.8799285888672,112.88701629638672,230.11647033691406,266.3736267089844,142.67596435546875,80.42911529541016
2022-05-09,149.34454345703125,108.78900146484375,193.35122680664062,111.66726684570312,158.73928833007812,111.18988800048828,227.0975341796875,256.5324401855469,142.3192596435547,74.08706665039062
2022-05-10,151.75079345703125,108.85900115966797,190.2582244873047,113.53713989257812,158.52444458007812,108.47993469238281,225.4366912841797,261.30279541015625,141.56932067871094,74.57830047607422
2022-05-11,143.8838348388672,105.37200164794922,192.33897399902344,112.7505874633789,157.66510009765625,107.79561614990234,224.28970336914062,252.62496948242188,139.5754852294922,76.13092041015625
2022-05-12,140.01417541503906,106.93049621582031,190.2957000732422,111.9977798461914,159.22265625,107.70437622070312,224.0694580078125,247.58319091796875,139.0084686279297,76.47652435302734
2022-05-13,144.48294067382812,113.05500030517578,191.51419067382812,115.18022918701172,158.30958557128906,108.66243743896484,224.84942626953125,253.1776885986328,140.4992218017578,78.7450942993164
2022-05-16,142.94094848632812,110.81050109863281,194.1947784423828,113.5867691040039,159.41065979003906,107.90509796142578,223.9318389892578,253.54617309570312,141.87112426757812,80.59721374511719
2022-05-17,146.57492065429688,115.36849975585938,199.7247314453125,115.59955596923828,160.0730743408203,111.48188018798828,221.7204132080078,258.704345703125,141.46868896484375,81.62516021728516
2022-05-18,138.30528259277344,107.11250305175781,194.89773559570312,111.06035614013672,157.10113525390625,109.57488250732422,212.01219177246094,246.92556762695312,132.65203857421875,80.33135986328125
2022-05-19,134.89724731445312,107.31900024414062,193.79173278808594,109.55622863769531,155.7046661376953,107.95072174072266,210.13107299804688,246.01205444335938,129.59730529785156,80.76556396484375
2022-05-20,135.1329345703125,107.59100341796875,185.41249084472656,108.09129333496094,158.4259796142578,107.06565856933594,214.63650512695312,245.44839477539062,129.67962646484375,81.40362548828125
2022-05-23,140.5543975830078,107.55699920654297,191.345458984375,110.65194702148438,161.66026306152344,113.68998718261719,218.3895263671875,253.3105926513672,132.6612091064453,83.20255279541016
2022-05-24,137.85348510742188,104.0999984741211,192.75137329101562,105.17533111572266,163.42604064941406,115.29586791992188,224.3722686767578,252.30960083007812,135.02084350585938,83.65450286865234
2022-05-25,138.01065063476562,106.7750015258789,196.1818084716797,105.01156616210938,161.82240295410156,116.09881591796875,223.90428161621094,255.12789916992188,132.80755615234375,85.33821868896484
2022-05-26,141.21238708496094,111.07749938964844,199.63099670410156,106.98416900634766,161.6782684326172,118.10618591308594,227.6481170654297,258.4127197265625,133.96905517578125,85.63951110839844
2022-05-27,146.9677734375,115.14649963378906,203.52072143554688,111.47423553466797,163.14675903320312,119.77594757080078,231.11666870117188,265.54608154296875,136.0177459716797,86.48136138916016
2022-05-31,146.1820526123047,120.20950317382812,202.31163024902344,112.90888214111328,161.74131774902344,120.65188598632812,231.42868041992188,264.2146301269531,135.24949645996094,85.07237243652344
2022-06-01,146.05438232421875,121.68399810791016,203.92373657226562,113.03791809082031,160.1016845703125,118.53502655029297,228.74008178710938,264.7491760253906,133.20082092285156,86.7029037475586
2022-06-02,148.50973510742188,125.51100158691406,206.20127868652344,116.74044036865234,159.59713745117188,120.44200134277344,229.7494354248047,266.8483581542969,134.63671875,86.5522689819336
2022-06-03,142.7838592529297,122.3499984741211,208.91940307617188,113.68204498291016,158.9394989013672,118.76314544677734,229.158935546875,262.4167175292969,133.42945861816406,87.81061553955078
2022-06-06,143.53028869628906,124.79000091552734,209.60365295410156,115.94446563720703,158.9214630126953,118.37077331542969,228.89137268066406,261.1825256347656,132.9081573486328,87.58908081054688
2022-06-07,146.05438232421875,123.0,212.8560028076172,116.27098846435547,160.66925048828125,118.68101501464844,229.69410705566406,264.8268737792969,134.3897705078125,91.60343933105469
2022-06-08,145.31777954101562,121.18000030517578,215.38665771484375,116.31515502929688,159.71429443359375,116.79226684570312,226.62152099609375,262.7957763671875,132.71607971191406,92.68456268310547
2022-06-09,140.0927734375,116.1500015258789,209.64112854003906,113.9743423461914,156.49803161621094,114.33779907226562,223.43824768066406,257.333984375,130.31985473632812,90.68181610107422
2022-06-10,134.68116760253906,109.6500015258789,201.6836395263672,110.32789611816406,155.4529266357422,109.08214569091797,219.02781677246094,245.8662872314453,129.8259735107422,89.02468872070312
2022-06-13,129.52488708496094,103.66999816894531,193.9042205810547,105.59465026855469,153.88536071777344,105.83386993408203,220.03353881835938,235.4384002685547,126.35054016113281,84.93944549560547
2022-06-14,130.3892059326172,102.30999755859375,193.7261199951172,105.91522216796875,151.5249786376953,104.0728530883789,220.30111694335938,237.60565185546875,122.40864562988281,85.16099548339844
2022-06-15,133.01153564453125,107.66999816894531,193.07940673828125,108.94136810302734,153.14662170410156,105.30465698242188,220.43031311035156,244.67088317871094,121.1922378540039,84.0887222290039
2022-06-16,127.73741149902344,103.66000366210938,182.57249450683594,105.23834991455078,153.22769165039062,103.49803161621094,217.00709533691406,238.0720977783203,121.93307495117188,80.98712158203125
2022-06-17,129.2106170654297,106.22000122070312,180.557373046875,106.34001922607422,152.6691131591797,103.13304901123047,216.2597198486328,240.67660522460938,121.0550537109375,76.3169937133789
2022-06-21,133.44363403320312,108.68000030517578,184.05340576171875,110.70751953125,155.8673553466797,105.68787384033203,221.0669403076172,246.59519958496094,124.72257995605469,81.0668716430664
2022-06-22,132.93296813964844,108.94999694824219,176.049072265625,110.65145111083984,158.32688903808594,105.09479522705078,224.26866149902344,246.0023651123047,126.67064666748047,77.85894775390625
2022-06-23,135.80081176757812,112.44000244140625,167.4635772705078,111.40028381347656,161.85845947265625,103.94511413574219,224.7484893798828,251.57101440429688,130.14608764648438,75.51058197021484
2022-06-24,139.1302490234375,116.45999908447266,173.85586547851562,117.09030151367188,164.22787475585938,107.04741668701172,228.73446655273438,260.162109375,132.02101135253906,77.0082015991211
2022-06-27,139.1302490234375,113.22000122070312,175.8240966796875,114.96485900878906,164.07470703125,106.18971252441406,227.93174743652344,257.4311828613281,131.01492309570312,78.895751953125
2022-06-28,134.98562622070312,107.4000015258789,175.68353271484375,111.16754150390625,159.40798950195312,105.67874145507812,224.0564727783203,249.25802612304688,128.88394165039062,81.08460235595703
2022-06-29,136.74368286132812,108.91999816894531,171.97193908691406,110.86384582519531,159.45301818847656,105.20429229736328,228.58685302734375,252.93161010742188,130.0546417236328,78.08934783935547
2022-06-30,134.2784881591797,106.20999908447266,167.54794311523438,108.14588165283203,159.92149353027344,102.74982452392578,227.79335021972656,249.59814453125,131.50880432128906,75.89163970947266
2022-07-01,136.44900512695312,109.55999755859375,167.107421875,107.92206573486328,161.73233032226562,104.06372833251953,233.40328979492188,252.27064514160156,133.6306610107422,77.584228515625
2022-07-05,139.0320587158203,113.5,162.861572265625,112.41363525390625,160.48907470703125,103.66792297363281,232.78506469726562,255.44862365722656,132.34109497070312,75.15612030029297
2022-07-06,140.3677978515625,114.33000183105469,161.50250244140625,113.71281433105469,160.63320922851562,102.9959487915039,232.01925659179688,258.7139892578125,133.57577514648438,73.8002700805664
2022-07-07,143.7365264892578,116.33000183105469,168.9725799560547,117.89222717285156,160.81338500976562,105.60098266601562,233.3848419189453,260.8423156738281,133.53005981445312,76.15747833251953
2022-07-08,144.4141845703125,115.54000091552734,167.8666229248047,118.45846557617188,160.61517333984375,105.26960754394531,233.66165161132812,260.1232604980469,132.63375854492188,76.28154754638672
2022-07-11,142.28292846679688,111.75,164.04254150390625,114.80902862548828,160.67823791503906,103.88884735107422,233.69854736328125,257.0618896484375,133.56663513183594,75.89163970947266
2022-07-12,143.25527954101562,109.22000122070312,163.54579162597656,113.16545104980469,158.42596435546875,103.99010467529297,232.0377197265625,246.52713012695312,132.38682556152344,74.88140106201172
2022-07-13,142.89190673828125,110.4000015258789,162.96463012695312,110.5184555053711,158.0565948486328,103.01435089111328,233.1356964111328,245.60386657714844,133.25570678710938,75.18270111083984
2022-07-14,145.81863403320312,110.62999725341797,159.28114318847656,109.53985595703125,158.27279663085938,99.41514587402344,233.0711212158203,246.92556762695312,132.86241149902344,73.67620849609375
2022-07-15,147.48829650878906,113.55000305175781,162.50538635253906,110.93927001953125,160.5701446533203,103.97168731689453,235.2947998046875,249.49124145507812,132.67947387695312,74.91686248779297
2022-07-18,144.44366455078125,113.76000213623047,162.60848999023438,108.2123794555664,156.9665069580078,102.90389251708984,232.90505981445312,247.09080505371094,131.06982421875,76.29927062988281
2022-07-19,148.303466796875,118.20999908447266,169.4038848876953,112.95652770996094,154.6781768798828,105.45370483398438,236.66961669921875,252.2220916748047,131.73744201660156,78.2222671508789
2022-07-20,150.3070526123047,122.7699966430664,169.85693359375,113.04585266113281,153.79527282714844,105.43528747558594,234.89805603027344,254.8849639892578,129.4601593017578,79.08184814453125
2022-07-21,152.57582092285156,124.62999725341797,170.81959533691406,113.48255920410156,154.33583068847656,106.1532974243164,233.87384033203125,257.38262939453125,129.58258056640625,77.76145935058594
2022-07-22,151.33827209472656,122.41999816894531,168.58279418945312,107.0908432006836,155.0655517578125,105.63782501220703,234.35365295410156,253.0287322998047,131.6537628173828,77.16771697998047
2022-07-25,150.21864318847656,121.13999938964844,171.59353637695312,106.70379638671875,155.3718719482422,106.06124114990234,231.02273559570312,251.5417938232422,132.54669189453125,79.73760223388672
2022-07-26,148.89279174804688,114.80999755859375,171.04611206054688,104.2324447631836,156.4709930419922,104.40433502197266,237.21401977539062,244.80697631835938,132.80442810058594,79.42745971679688
2022-07-27,153.99008178710938,120.97000122070312,174.84022521972656,112.21215057373047,156.0385284423828,106.07965087890625,238.87486267089844,261.17279052734375,134.06552124023438,81.14661407470703
2022-07-28,154.54010009765625,122.27999877929688,177.28469848632812,113.36346435546875,156.939453125,105.68382263183594,243.0915069580078,268.6268005371094,136.29319763183594,82.09484100341797
2022-07-29,159.6079559326172,134.9499969482422,187.10972595214844,115.44770050048828,157.22776794433594,106.19012451171875,243.00848388671875,272.8349304199219,127.87036895751953,85.89651489257812
2022-08-01,158.62579345703125,135.38999938964844,183.9102325439453,113.9986572265625,156.67819213867188,105.13153076171875,243.80197143554688,270.1817321777344,131.54327392578125,83.72538757324219
2022-08-02,157.15257263183594,134.16000366210938,173.1980438232422,114.26663208007812,155.78628540039062,103.49301147460938,240.8678436279297,267.08160400390625,130.66879272460938,83.3620376586914
2022-08-03,163.16329956054688,139.52000427246094,172.59397888183594,117.19451141357422,157.29083251953125,104.57923126220703,241.8274383544922,274.5161437988281,133.36595153808594,80.65921783447266
2022-08-04,162.84901428222656,142.57000732421875,173.32069396972656,117.30369567871094,154.7682647705078,103.42857360839844,240.48956298828125,275.6629943847656,133.15420532226562,77.26520538330078
2022-08-05,162.622802734375,140.8000030517578,174.97238159179688,116.58908081054688,154.1556396484375,106.55831909179688,239.18856811523438,274.94378662109375,133.21865844726562,78.38176727294922
2022-08-08,162.15069580078125,139.41000366210938,175.36875915527344,116.42036437988281,153.33580017089844,105.26040649414062,236.94639587402344,272.4267272949219,133.72494506835938,78.82486724853516
2022-08-09,162.19985961914062,137.8300018310547,175.576416015625,115.75537872314453,153.31776428222656,106.20852661132812,239.95437622070312,274.3509826660156,133.41195678710938,80.27818298339844
2022-08-10,166.44863891601562,142.69000244140625,180.00283813476562,118.80235290527344,153.7592315673828,108.97925567626953,241.15383911132812,281.0177917480469,134.673095703125,81.04029083251953
2022-08-11,165.71102905273438,140.63999938964844,183.09852600097656,117.94880676269531,150.5789794921875,110.59016418457031,239.2346649169922,278.9380798339844,133.71572875976562,83.3846206665039
2022-08-12,169.26145935058594,143.5500030517578,185.7789764404297,120.76751708984375,148.92132568359375,112.4219741821289,241.9104766845703,283.69036865234375,135.01368713378906,84.10939025878906
2022-08-15,170.33349609375,143.17999267578125,184.93894958496094,121.16451263427734,149.6330108642578,112.72574615478516,244.91844177246094,285.2064514160156,136.75347900390625,82.60616302490234
2022-08-16,170.1761016845703,144.77999877929688,186.4207305908203,120.78736877441406,150.9663848876953,113.802734375,245.7027130126953,284.4678039550781,138.01458740234375,81.8366470336914
2022-08-17,171.67103576660156,142.10000610351562,184.9200897216797,118.65349578857422,150.97540283203125,112.84539794921875,246.1917724609375,283.7179260253906,137.3794403076172,82.498779296875
2022-08-18,171.2776641845703,142.3000030517578,186.26028442382812,119.26883697509766,150.24566650390625,111.9709243774414,245.97035217285156,282.597900390625,137.86734008789062,84.44940185546875
2022-08-19,168.6910400390625,138.22999572753906,184.608642578125,116.33102416992188,152.5339813232422,109.20018005371094,245.9334259033203,278.6828308105469,137.8304901123047,84.18096923828125
2022-08-22,164.80618286132812,133.22000122070312,180.98439025878906,113.38331604003906,151.99887084960938,107.3959732055664,242.62094116210938,270.50201416015625,137.46226501464844,84.11832427978516
2022-08-23,164.47177124023438,133.6199951171875,186.128173828125,113.00615692138672,150.6746826171875,106.33740234375,240.3972930908203,269.2261962890625,134.81117248535156,87.6884994506836
2022-08-24,164.766845703125,133.8000030517578,183.2495574951172,112.83744049072266,150.17587280273438,106.59515380859375,240.6925048828125,268.59320068359375,134.23121643066406,88.20747375488281
2022-08-25,167.22561645507812,137.27999877929688,187.70431518554688,115.77523040771484,151.58168029785156,109.12655639648438,242.26109313964844,271.5733337402344,134.1208038330078,88.66382598876953
2022-08-26,160.92132568359375,130.75,181.13540649414062,109.5125503540039,148.98770141601562,105.55496978759766,237.08482360839844,261.0940856933594,130.9817352294922,87.57218933105469
2022-08-29,158.71829223632812,129.7899932861328,181.0032958984375,108.59945678710938,147.83592224121094,105.29720306396484,235.89454650878906,258.3087463378906,130.429443359375,89.58544158935547
2022-08-30,156.28900146484375,128.72999572753906,176.4352569580078,108.12305450439453,147.31890869140625,105.31562805175781,233.89231872558594,256.1077880859375,129.03944396972656,86.17632293701172
2022-08-31,154.6268768310547,126.7699966430664,174.33058166503906,107.40846252441406,146.33033752441406,104.68968200683594,234.05003356933594,254.6468963623047,126.97746276855469,85.53208923339844
2022-09-01,155.35467529296875,127.81999969482422,172.18812561035156,108.91705322265625,149.95819091796875,105.4076919555664,237.937255859375,253.60475158691406,128.54238891601562,83.9930648803711
2022-09-02,153.2401123046875,127.51000213623047,170.66860961914062,107.04122924804688,147.60009765625,104.6712646484375,236.11886596679688,249.3780517578125,126.25947570800781,85.53208923339844
2022-09-06,151.98123168945312,126.11000061035156,170.50814819335938,106.00901794433594,147.9991455078125,104.6988754272461,236.00755310058594,246.641357421875,124.85107421875,84.95941925048828
2022-09-07,153.38768005371094,129.47999572753906,170.69692993164062,108.62922668457031,148.8063507080078,106.68718719482422,239.746337890625,251.35507202148438,126.73815155029297,84.23467254638672
2022-09-08,151.91241455078125,129.82000732421875,172.85826110839844,107.56724548339844,150.00357055664062,109.17256164550781,241.286376953125,251.7738494873047,126.90381622314453,84.92362976074219
2022-09-09,154.77439880371094,133.27000427246094,178.8419647216797,109.82023620605469,150.29379272460938,109.69725036621094,240.76683044433594,257.558837890625,128.83694458007812,86.34635162353516
2022-09-12,160.7344512939453,136.4499969482422,181.5884246826172,110.02865600585938,150.2302703857422,110.99517059326172,241.55543518066406,259.6916809082031,129.88632202148438,87.33954620361328
2022-09-13,151.30264282226562,126.81999969482422,173.95301818847656,103.53770446777344,146.3212432861328,107.13824462890625,235.95188903808594,245.4142608642578,127.19839477539062,85.2994384765625
2022-09-14,152.7483673095703,128.5500030517578,174.27394104003906,104.21259307861328,149.34146118164062,106.88971710205078,237.24142456054688,245.63824462890625,127.50215911865234,87.39323425292969
2022-09-15,149.85684204101562,126.27999877929688,172.23532104492188,102.13826751708984,149.7223663330078,108.50060272216797,235.15402221679688,238.9767303466797,126.51721954345703,84.85205078125
2022-09-16,148.21441650390625,123.52999877929688,169.38504028320312,102.02910614013672,152.00794982910156,107.77339172363281,236.489990234375,238.3534393310547,127.29047393798828,83.40251159667969
2022-09-19,151.9320526123047,124.66000366210938,171.8766326904297,102.29705810546875,150.8107147216797,108.76753997802734,238.438232421875,238.13914489746094,127.02351379394531,83.39356231689453
2022-09-20,154.31214904785156,122.19000244140625,167.98818969726562,100.38154602050781,149.6226043701172,106.62276458740234,236.944580078125,236.12319946289062,126.57244110107422,82.71354675292969
2022-09-21,151.1846160888672,118.54000091552734,162.2876434326172,98.53549194335938,148.08982849121094,103.5482406616211,232.93673706054688,232.71450805664062,124.9430923461914,81.38030242919922
2022-09-22,150.22080993652344,117.30999755859375,160.96627807617188,99.38905334472656,150.72006225585938,102.36998748779297,230.0236358642578,234.69154357910156,125.38497924804688,81.04029083251953
2022-09-23,147.94886779785156,113.77999877929688,155.0108184814453,97.99954223632812,151.2097930908203,100.46453857421875,228.1774444580078,231.71141052246094,124.8050537109375,76.72744750976562
2022-09-26,148.28326416015625,115.1500015258789,153.4818572998047,97.4338150024414,150.2847137451172,98.30133819580078,226.14569091796875,231.25369262695312,124.92471313476562,75.1436767578125
2022-09-27,149.25692749023438,114.41000366210938,153.31199645996094,96.76884460449219,149.59539794921875,97.4360580444336,219.5958251953125,230.24081420898438,121.49114227294922,76.71849822998047
2022-09-28,147.36859130859375,118.01000213623047,158.33303833007812,99.29971313476562,150.88330078125,99.40595245361328,219.81849670410156,234.77920532226562,121.49114227294922,79.51022338867188
2022-09-29,140.1300048828125,114.80000305175781,156.57754516601562,96.68944549560547,149.22357177734375,97.721435546875,217.4620361328125,231.30238342285156,118.4718017578125,79.34915924072266
2022-09-30,135.92056274414062,113.0,154.85986328125,94.93270874023438,148.1623992919922,96.19337463378906,214.06651306152344,226.82240295410156,116.21651458740234,78.12328338623047
2022-10-03,140.10047912597656,115.87999725341797,161.60806274414062,97.9002914428711,148.01727294921875,99.16661071777344,218.33412170410156,234.45782470703125,118.2968978881836,82.24826049804688
2022-10-04,143.6903076171875,121.08999633789062,169.53602600097656,100.87779235839844,150.21214294433594,103.80598449707031,221.26577758789062,242.3854217529297,119.76055145263672,85.24575805664062
2022-10-05,143.98533630371094,120.94999694824219,168.35626220703125,100.66935729980469,149.74960327148438,102.52432250976562,221.81314086914062,242.69705200195312,118.93205261230469,88.69066619873047
2022-10-06,143.03134155273438,120.30000305175781,168.76210021972656,100.6594467163086,146.84730529785156,100.43465423583984,217.7867431640625,240.34991455078125,116.42823791503906,91.3213119506836
2022-10-07,137.7794189453125,114.55999755859375,167.57293701171875,97.93999481201172,145.29638671875,98.42855834960938,216.33949279785156,228.12744140625,114.39387512207031,90.39969635009766
2022-10-10,138.1039276123047,113.66999816894531,168.62997436523438,97.12614440917969,145.48684692382812,97.50909423828125,217.97232055664062,223.2676544189453,113.9244155883789,88.44012451171875
2022-10-11,136.6876983642578,112.20999908447266,169.64930725097656,96.45124816894531,147.59100341796875,94.69498443603516,219.92054748535156,219.52786254882812,114.35706329345703,87.6884994506836
2022-10-12,136.05824279785156,112.9000015258789,169.41334533691406,96.82838439941406,147.5547332763672,96.22740936279297,219.92982482910156,219.85899353027344,114.54114532470703,88.07328033447266
2022-10-13,140.63160705566406,112.52999877929688,172.84878540039062,98.31714630126953,149.78587341308594,101.57699584960938,228.9196319580078,228.12744140625,116.27174377441406,91.15132141113281
2022-10-14,136.09765625,106.9000015258789,168.1769561767578,95.83588409423828,149.16006469726562,103.267333984375,225.5890350341797,222.59567260742188,115.13949584960938,88.75328063964844
2022-10-17,140.06117248535156,113.79000091552734,170.6402587890625,99.22032165527344,151.09190368652344,107.60456848144531,228.6691436767578,231.33157348632812,117.21988677978516,90.03284454345703
2022-10-18,141.37904357910156,116.36000061035156,173.2357635498047,100.01432800292969,150.56585693359375,110.37223052978516,231.183349609375,232.27627563476562,118.16804504394531,90.19390869140625
2022-10-19,141.4872283935547,115.06999969482422,174.04742431640625,98.88286590576172,149.36868286132812,108.208251953125,232.6305694580078,230.30899047851562,119.26346588134766,92.86929321289062
2022-10-20,141.02499389648438,115.25,170.39488220214844,99.22032165527344,149.74960327148438,107.85531616210938,231.72140502929688,229.98760986328125,117.72731018066406,92.99453735351562
2022-10-21,144.8410186767578,119.31999969482422,180.7322540283203,100.37161254882812,153.0146942138672,113.52069091796875,236.156005859375,235.8018035888672,119.20134735107422,94.72148132324219
2022-10-24,146.98501586914062,119.81999969482422,181.7583465576172,101.75120544433594,155.07350158691406,113.65999603271484,236.870361328125,240.7979278564453,119.9337387084961,95.38362884521484
2022-10-25,149.827392578125,120.5999984741211,185.1217803955078,103.69650268554688,154.82864379882812,113.95719146728516,237.25071716308594,244.1189422607422,121.31503295898438,94.7393798828125
2022-10-26,146.88665771484375,115.66000366210938,187.13607788085938,94.2181167602539,156.1890869140625,115.26673126220703,238.06710815429688,225.2836456298828,122.16793060302734,95.86680603027344
2022-10-27,142.4117431640625,110.95999908447266,201.5589141845703,91.52843475341797,156.27976989746094,115.72181701660156,245.95291137695312,220.8328857421875,122.2606430053711,96.23367309570312
2022-10-28,153.17129516601562,103.41000366210938,208.3997802734375,95.56791687011719,158.60162353515625,117.09634399414062,254.68292236328125,229.7148895263672,125.3570327758789,99.05223083496094
2022-10-31,150.81085205078125,102.44000244140625,205.66346740722656,93.80126190185547,157.7853546142578,116.91061401367188,252.9573516845703,226.07249450683594,124.8471450805664,99.150634765625
2022-11-01,148.16522216796875,96.79000091552734,207.60169982910156,89.79156494140625,156.98719787597656,119.01886749267578,253.2263946533203,222.21583557128906,125.04181671142578,100.1349105834961
2022-11-02,142.637939453125,92.12000274658203,203.8391876220703,86.31781005859375,154.5746612548828,117.92294311523438,250.83279418945312,214.35646057128906,123.24333190917969,98.07691192626953
2022-11-03,136.5894012451172,89.30000305175781,208.3237762451172,82.80435180664062,154.83770751953125,118.13654327392578,253.2263946533203,208.65907287597656,122.39969635009766,99.41014099121094
2022-11-04,136.32339477539062,90.9800033569336,216.48532104492188,85.93072509765625,155.52699279785156,121.36857604980469,254.7757568359375,215.61277770996094,124.63390350341797,100.49284362792969
2022-11-07,136.85536193847656,90.52999877929688,217.2074432373047,87.82640838623047,156.88742065429688,122.00941467285156,256.43634033203125,221.92369079589844,126.54364776611328,101.6828842163086
2022-11-08,137.4267578125,89.9800033569336,218.34756469726562,88.23333740234375,157.6674346923828,122.08370208740234,258.2825622558594,222.89755249023438,126.83106994628906,102.00498962402344
2022-11-09,132.8655548095703,86.13999938964844,214.29051208496094,86.6651840209961,156.40673828125,120.4955825805664,257.71661376953125,218.6513671875,126.5251235961914,97.44161224365234
2022-11-10,144.6871795654297,96.62999725341797,220.85589599609375,93.23554229736328,158.2388153076172,125.4550552368164,255.94471740722656,236.63937377929688,130.88230895996094,98.87326049804688
2022-11-11,147.4751434326172,100.79000091552734,224.69439697265625,95.68701934814453,153.50442504882812,125.65940856933594,251.77914428710938,240.6615753173828,130.68763732910156,101.96025085449219
2022-11-14,146.07626342773438,98.48999786376953,224.70387268066406,94.98233032226562,155.91697692871094,124.36843872070312,252.5955810546875,235.24667358398438,130.6968994140625,102.25792694091797
2022-11-15,147.8101043701172,98.94000244140625,222.88914489746094,97.70179748535156,156.35235595703125,123.46754455566406,248.48565673828125,235.6557159423828,130.24264526367188,102.94342803955078
2022-11-16,146.57867431640625,97.12000274658203,220.82740783691406,98.10870361328125,157.32281494140625,123.63471984863281,252.8181915283203,236.08544921875,131.4014892578125,101.84300231933594
2022-11-17,148.47999572753906,94.8499984741211,218.9461212158203,97.62239074707031,158.59254455566406,123.09603881835938,253.60679626464844,236.03660583496094,130.59490966796875,101.97830200195312
2022-11-18,149.04151916503906,94.13999938964844,219.88677978515625,96.69935607910156,159.807861328125,124.30341339111328,253.6160125732422,235.5873260498047,132.1708984375,101.09435272216797
2022-11-21,145.8102569580078,92.45999908447266,220.58982849121094,94.8830795288086,160.62939453125,123.56970977783203,254.68292236328125,236.39797973632812,133.848876953125,100.09315490722656
2022-11-22,147.947998046875,93.19999694824219,225.4259796142578,96.32222747802734,161.40530395507812,125.41793060302734,254.90553283691406,239.30838012695312,134.9984588623047,102.988525390625
2022-11-23,148.82479858398438,94.12999725341797,225.10293579101562,97.7216567993164,161.57876586914062,126.75531768798828,253.52322387695312,241.798828125,135.76792907714844,102.47439575195312
2022-11-25,145.90878295898438,93.41000366210938,223.9438018798828,96.7291488647461,161.78871154785156,126.9968032836914,255.12828063964844,241.71096801757812,136.01821899414062,102.11360168457031
2022-11-28,142.07659912109375,93.94999694824219,220.71339416503906,95.32971954345703,161.87083435058594,124.77708435058594,253.16148376464844,236.11473083496094,135.906982421875,99.0468521118164
2022-11-29,139.07191467285156,92.41999816894531,223.3927001953125,94.47616577148438,160.73895263671875,126.82962036132812,251.79769897460938,234.71812438964844,134.86863708496094,99.7052993774414
2022-11-30,145.8299560546875,96.54000091552734,224.6183624267578,100.23267364501953,162.48243713378906,128.33419799804688,254.50328063964844,249.1822967529297,138.2802276611328,100.4268798828125
2022-12-01,146.10581970214844,95.5,223.93429565429688,100.23267364501953,163.15794372558594,126.53243255615234,255.0723876953125,248.74281311035156,138.36367797851562,99.93982696533203
2022-12-02,145.6132354736328,94.12999725341797,224.3523406982422,99.68680572509766,163.28573608398438,125.52935791015625,255.0723876953125,249.06512451171875,139.6244659423828,99.09194946289062
2022-12-05,144.4508056640625,91.01000213623047,220.96990966796875,98.73399353027344,163.19444274902344,122.00941467285156,253.38368225097656,244.35765075683594,138.21534729003906,96.37698364257812
2022-12-06,140.78604125976562,88.25,216.9033660888672,96.25274658203125,160.74807739257812,122.2137451171875,253.5516815185547,239.39630126953125,138.39151000976562,93.69808959960938
2022-12-07,138.8453369140625,88.45999908447266,217.55897521972656,94.22804260253906,161.72482299804688,122.13015747070312,252.21749877929688,238.66380310058594,139.281494140625,93.49061584472656
2022-12-08,140.52993774414062,90.3499984741211,219.40219116210938,93.00727081298828,161.75218200683594,123.41182708740234,255.06307983398438,241.62301635742188,140.28271484375,94.1851577758789
2022-12-09,140.04721069335938,89.08999633789062,215.9532470703125,92.13386535644531,160.41944885253906,122.74315643310547,253.80355834960938,239.68927001953125,139.91184997558594,93.39141845703125
2022-12-12,142.34259033203125,90.55000305175781,221.43545532226562,92.61026763916016,162.33641052246094,124.64707946777344,258.0765380859375,246.6136932373047,141.3488006591797,95.69145202636719
2022-12-13,143.3080291748047,92.48999786376953,223.7442626953125,94.9128646850586,163.58697509765625,124.52631378173828,255.8933563232422,250.92076110839844,141.13560485839844,96.7377700805664
2022-12-14,141.0816192626953,91.58000183105469,222.78463745117188,94.35706329345703,164.08900451660156,123.90406036376953,256.1266174316406,251.21376037597656,141.6918182373047,96.02521514892578
2022-12-15,134.47132873535156,88.44999694824219,219.1551513671875,90.17863464355469,162.01690673828125,120.82992553710938,253.51437377929688,243.1954345703125,140.08799743652344,95.10517883300781
2022-12-16,132.51089477539062,87.86000061035156,221.1124267578125,89.5831298828125,160.3555450439453,120.07762908935547,248.28041076660156,238.976318359375,139.46685791015625,94.43771362304688
2022-12-19,130.4027099609375,84.91999816894531,220.70384216308594,87.77678680419922,160.18214416503906,120.79275512695312,248.00979614257812,234.83531188964844,139.42974853515625,94.86164093017578
2022-12-20,130.3337860107422,85.19000244140625,223.4117431640625,88.35243225097656,160.3555450439453,121.37789154052734,249.33468627929688,236.15382385253906,139.48541259765625,96.232666015625
2022-12-21,133.43695068359375,86.7699966430664,229.67298889160156,88.90824127197266,162.19032287597656,122.74315643310547,250.18368530273438,238.72239685058594,140.76475524902344,97.46837615966797
2022-12-22,130.26478576660156,83.79000091552734,225.6920166015625,87.10187530517578,161.59698486328125,121.35001373291016,247.953857421875,232.62811279296875,141.0892333984375,95.50205993652344
2022-12-23,129.90028381347656,85.25,227.90577697753906,88.56087493896484,162.00778198242188,121.92583465576172,249.6331787109375,233.15550231933594,141.48785400390625,98.0276107788086
2022-12-27,128.0974884033203,83.04000091552734,231.01268005371094,86.73465728759766,161.9621124267578,122.35304260253906,248.95213317871094,231.42684936523438,142.72085571289062,99.38961791992188
2022-12-28,124.16679382324219,81.81999969482422,227.4402313232422,85.37493133544922,161.25927734375,123.02175903320312,247.33807373046875,229.0535430908203,140.87600708007812,97.75702667236328
2022-12-29,127.68374633789062,84.18000030517578,228.21932983398438,87.78670501708984,162.08078002929688,123.72761535644531,248.10313415527344,235.38223266601562,141.46005249023438,98.49663543701172
2022-12-30,127.99897766113281,84.0,227.61123657226562,87.568359375,161.2501220703125,124.544921875,245.86402893066406,234.22003173828125,140.50515747070312,99.48883056640625
2023-01-03,123.21119689941406,85.81999969482422,226.96514892578125,88.4516830444336,162.6558837890625,125.49222564697266,246.6103973388672,233.9856414794922,140.51443481445312,96.07030487060547
2023-01-04,124.4820327758789,85.13999938964844,229.32150268554688,87.41948699951172,164.4267578125,126.66246032714844,246.66641235351562,223.7503662109375,141.12631225585938,96.34991455078125
2023-01-05,123.16194915771484,83.12000274658203,228.2953338623047,85.55357360839844,163.21270751953125,126.63438415527344,244.58587646484375,217.11891174316406,139.37416076660156,98.50566864013672
2023-01-06,127.6935806274414,86.08000183105469,236.44741821289062,86.68502807617188,164.53627014160156,129.05760192871094,251.40582275390625,219.67771911621094,142.69305419921875,99.6962661743164
2023-01-09,128.21571350097656,87.36000061035156,234.31907653808594,87.35992431640625,160.2734375,128.5242919921875,249.33468627929688,221.81658935546875,140.95018005371094,97.83819580078125
2023-01-10,128.78707885742188,89.87000274658203,238.01507568359375,87.7569351196289,159.89002990722656,129.67510986328125,250.88336181640625,223.50621032714844,140.8111114501953,99.2994155883789
2023-01-11,131.50608825683594,95.08999633789062,238.22410583496094,90.83367919921875,159.6344451904297,130.63876342773438,250.79006958007812,230.2646026611328,139.6708221435547,100.45394897460938
2023-01-12,131.42727661132812,95.2699966430664,242.34765625,90.44661712646484,158.8311309814453,130.50779724121094,248.81214904785156,232.9406280517578,138.88279724121094,102.12261962890625
2023-01-13,132.75717163085938,98.12000274658203,245.5685577392578,91.42918395996094,158.3108367919922,133.80113220214844,250.8647003173828,233.643798828125,139.87477111816406,102.05947875976562
2023-01-17,133.91966247558594,96.05000305175781,243.4783172607422,90.60541534423828,157.3341064453125,131.73342895507812,255.73483276367188,234.7376708984375,139.46685791015625,101.86103820800781
2023-01-18,133.20050048828125,95.45999908447266,240.20986938476562,90.43669891357422,154.96078491210938,127.77583312988281,248.205810546875,230.30368041992188,135.73081970214844,99.76844024658203
2023-01-19,133.25961303710938,93.68000030517578,234.6060333251953,92.35221099853516,154.75083923339844,126.072998046875,245.91067504882812,226.51426696777344,132.86036682128906,100.40885925292969
2023-01-20,135.82098388671875,97.25,238.386474609375,97.28492736816406,154.0297088623047,126.38174438476562,250.57545471191406,234.61070251464844,133.37344360351562,102.23986053466797
2023-01-23,139.0128173828125,97.5199966430664,241.24090576171875,99.04167175292969,153.6371612548828,128.43072509765625,251.2378692626953,236.91561889648438,131.58230590820312,101.70771026611328
2023-01-24,140.41171264648438,96.31999969482422,245.92822265625,96.96733856201172,153.6371612548828,129.53480529785156,251.48980712890625,236.38818359375,132.3006591796875,102.65477752685547
2023-01-25,139.7516632080078,97.18000030517578,246.72064208984375,94.50593566894531,154.7325897216797,130.16162109375,254.69918823242188,234.99159240722656,132.20733642578125,102.11360168457031
2023-01-26,141.8204803466797,99.22000122070312,250.23374938964844,96.78868865966797,154.16664123535156,130.9662322998047,256.30389404296875,242.20901489257812,131.6756134033203,106.2176284790039
2023-01-27,143.7611846923828,102.23999786376953,252.5440216064453,98.62483215332031,153.56417846679688,131.28436279296875,254.1953582763672,242.3653106689453,131.13455200195312,104.27836608886719
2023-01-30,140.87472534179688,100.55000305175781,249.64186096191406,96.21304321289062,147.87728881835938,130.1709747314453,252.7306671142578,237.04257202148438,131.54501342773438,102.4292984008789
2023-01-31,142.1455535888672,103.12999725341797,240.84950256347656,98.09879302978516,149.17349243164062,130.947509765625,249.4745635986328,242.02345275878906,132.8230438232422,104.63915252685547
2023-02-01,143.26861572265625,105.1500015258789,238.2241668701172,99.67687225341797,150.54270935058594,130.60133361816406,248.42034912109375,246.84811401367188,133.5786895751953,103.49362182617188
2023-02-02,148.57850646972656,112.91000366210938,233.79457092285156,106.93205261230469,151.108642578125,129.9932098388672,245.56546020507812,258.42144775390625,132.62718200683594,100.25550842285156
2023-02-03,152.20382690429688,103.38999938964844,236.52490234375,103.99424743652344,150.2597198486328,132.00474548339844,246.51712036132812,252.31739807128906,133.03759765625,100.95002746582031
2023-02-06,149.47499084472656,102.18000030517578,240.01893615722656,102.12835693359375,149.1187286376953,132.7812957763672,249.95973205566406,250.7742462158203,131.90882873535156,100.7786636352539
2023-02-07,152.35157775878906,102.11000061035156,238.3387451171875,106.83279418945312,149.1552276611328,134.39991760253906,249.41860961914062,261.31231689453125,130.62147521972656,103.65599822998047
2023-02-08,149.6621551513672,100.05000305175781,237.58456420898438,98.62483215332031,149.346923828125,133.4549560546875,245.2016143798828,260.5016784667969,129.268798828125,102.75399017333984
2023-02-09,148.62777709960938,98.23999786376953,235.1120147705078,94.29751586914062,147.32957458496094,131.37791442871094,243.18643188476562,257.4642639160156,127.85082244873047,103.14185333251953
2023-02-10,148.99281311035156,97.61000061035156,236.43898010253906,93.86080932617188,148.0142059326172,131.95797729492188,244.8284454345703,256.95648193359375,128.97959899902344,107.48942565917969
2023-02-13,151.79489135742188,99.54000091552734,236.89723205566406,93.90052032470703,148.56190490722656,133.3894500732422,248.3550262451172,264.98455810546875,130.66807556152344,107.07131958007812
2023-02-14,151.153564453125,99.69999694824219,233.27908325195312,93.9699935913086,147.91378784179688,133.97889709472656,248.737548828125,265.81463623046875,129.93113708496094,105.8169937133789
2023-02-15,153.25509643554688,101.16000366210938,237.42225646972656,96.21304321289062,145.4765625,134.54026794433594,248.69088745117188,263.69000244140625,129.6326141357422,105.49887084960938
2023-02-16,151.6567840576172,98.1500015258789,235.34112548828125,94.79376983642578,144.445068359375,132.68775939941406,248.00979614257812,256.669921875,127.93476867675781,105.1898422241211
2023-02-17,150.51223754882812,97.19999694824219,236.55349731445312,93.6424560546875,147.46067810058594,133.0806884765625,251.8909454345703,252.6653594970703,130.61212158203125,101.14513397216797
2023-02-21,146.4966278076172,94.58000183105469,229.79458618164062,91.10165405273438,145.2633514404297,130.63876342773438,250.5474853515625,247.38803100585938,130.5188446044922,101.04515075683594
2023-02-22,146.9208984375,95.79000091552734,227.1024627685547,90.96271514892578,145.0610809326172,129.6376495361328,250.63145446777344,246.2523193359375,131.06924438476562,99.7363052368164
2023-02-23,147.4043426513672,95.81999969482422,227.15977478027344,90.20840454101562,145.01510620117188,130.67617797851562,248.89620971679688,249.44419860839844,130.64944458007812,100.6543197631836
2023-02-24,144.7502899169922,93.5,225.46047973632812,88.46160888671875,143.39698791503906,131.85507202148438,246.00392150878906,244.01019287109375,129.91249084472656,100.66339874267578
2023-02-27,145.94407653808594,93.76000213623047,229.0977020263672,89.19606018066406,143.0843963623047,133.00584411621094,247.03024291992188,244.9305419921875,129.80050659179688,100.48161315917969
2023-02-28,145.44091796875,94.2300033569336,228.6872100830078,89.38463592529297,140.90542602539062,134.11923217773438,247.64019775390625,244.2060089111328,128.32655334472656,99.89990997314453
2023-03-01,143.3689422607422,92.16999816894531,237.39361572265625,89.68238830566406,140.27105712890625,133.37075805664062,246.52354431152344,241.1218719482422,128.4198760986328,100.79064178466797
2023-03-02,143.96096801757812,92.12999725341797,240.74447631835938,91.3100814819336,140.1607208251953,131.98605346679688,251.07452392578125,245.8606719970703,130.53750610351562,101.25420379638672
2023-03-03,149.01255798339844,94.9000015258789,243.73252868652344,92.94770812988281,141.6041717529297,134.4093017578125,252.4820556640625,249.95327758789062,131.48902893066406,102.53579711914062
2023-03-06,151.77517700195312,93.75,242.4628448486328,94.41661834716797,143.01998901367188,133.62338256835938,253.95529174804688,251.5002899169922,130.92930603027344,103.44471740722656
2023-03-07,149.57496643066406,93.55000305175781,234.97836303710938,93.15614318847656,141.66851806640625,129.69381713867188,250.66168212890625,248.8371124267578,128.32655334472656,101.445068359375
2023-03-08,150.82797241210938,93.91999816894531,237.4413604736328,93.543212890625,140.62960815429688,128.92662048339844,248.9726104736328,248.39654541015625,128.34524536132812,99.96351623535156
2023-03-09,148.57843017578125,92.25,230.0332794189453,91.62769317626953,139.04827880859375,121.94698333740234,245.500732421875,247.04539489746094,127.40303039550781,99.19094848632812
2023-03-10,146.51634216308594,90.7300033569336,216.7158660888672,89.95035552978516,139.38844299316406,125.04387664794922,245.87606811523438,243.39334106445312,127.98143005371094,97.96389770507812
2023-03-13,148.4600372314453,92.43000030517578,214.51058959960938,90.4267578125,140.7215576171875,122.79837799072266,246.861328125,248.6119384765625,128.86764526367188,96.8368148803711
2023-03-14,150.55172729492188,94.87999725341797,215.43663024902344,93.26531219482422,141.51222229003906,125.95138549804688,249.50746154785156,255.33837890625,130.46287536621094,97.20038604736328
2023-03-15,150.94639587402344,96.19999694824219,207.40797424316406,95.38926696777344,141.9075927734375,120.00092315673828,249.9203643798828,259.8911437988281,132.30996704101562,92.36492156982422
2023-03-16,153.7681884765625,100.04000091552734,208.792236328125,99.56770324707031,141.6133575439453,122.33057403564453,253.8896026611328,270.4261474609375,133.29884338378906,91.82864379882812
2023-03-17,152.9295196533203,98.94999694824219,205.260009765625,100.85794830322266,140.0963592529297,117.70867919921875,250.7273406982422,273.5886535644531,133.33612060546875,90.74701690673828
2023-03-20,155.29747009277344,97.70999908447266,210.31967163085938,100.4609603881836,141.48464965820312,118.95303344726562,254.049072265625,266.53912353515625,135.38848876953125,93.11932373046875
2023-03-21,157.15234375,100.61000061035156,214.72061157226562,104.13319396972656,141.48464965820312,122.1434555053711,253.5518341064453,268.0567626953125,134.40895080566406,97.29129028320312
2023-03-22,155.7217254638672,98.69999694824219,209.9759979248047,102.5948257446289,138.8735809326172,118.99047088623047,251.35601806640625,266.59796142578125,134.32498168945312,95.06441497802734
2023-03-23,156.80702209472656,98.70999908447266,209.4891357421875,104.80810546875,138.94712829589844,118.67235565185547,252.9981231689453,271.855712890625,134.1383819580078,93.99189758300781
2023-03-24,158.1094207763672,98.12999725341797,207.1693115234375,104.64930725097656,140.34458923339844,116.86664581298828,254.60269165039062,274.7048645019531,136.87173461914062,94.10095977783203
2023-03-27,156.16571044921875,98.04000091552734,208.1144256591797,101.69164276123047,140.9422149658203,120.21611785888672,256.9580078125,270.60247802734375,136.15341186523438,96.16423034667969
2023-03-28,155.5441131591797,97.23999786376953,210.17648315429688,100.27237701416016,139.58152770996094,120.58100128173828,258.8441162109375,269.4764709472656,136.53590393066406,97.36400604248047
2023-03-29,158.62245178222656,100.25,212.8876953125,100.62966918945312,140.95140075683594,120.82425689697266,260.3360595703125,274.6460876464844,136.95571899414062,99.03642272949219
2023-03-30,160.1912078857422,102.0,214.3578643798828,100.1334228515625,141.0617218017578,120.45938873291016,260.6644592285156,278.112060546875,137.552734375,99.51815032958984
2023-03-31,162.697265625,103.29000091552734,218.4628448486328,102.95211791992188,142.5051727294922,121.91890716552734,262.3722839355469,282.2732238769531,138.70948791503906,99.67268371582031
2023-04-03,163.9503173828125,102.41000366210938,219.44613647460938,103.57740020751953,144.20602416992188,121.77857208251953,264.7463073730469,281.2256164550781,139.47445678710938,105.55341339111328
2023-04-04,163.4175262451172,103.94999694824219,207.58934020996094,103.93470764160156,145.71385192871094,120.15062713623047,264.8776550292969,281.1766662597656,140.1461639404297,104.54450988769531
2023-04-05,161.572509765625,101.0999984741211,203.8471221923828,103.68656921386719,152.2598876953125,120.32978820800781,264.6336975097656,278.39599609375,141.10699462890625,106.3350830078125
2023-04-06,162.4604949951172,102.05999755859375,199.68482971191406,107.60694885253906,151.83694458007812,120.19776916503906,265.4500732421875,285.5043029785156,142.0025634765625,104.57178497314453
2023-04-10,159.86563110351562,102.16999816894531,205.7563934326172,105.64179992675781,151.07386779785156,120.59378814697266,266.28521728515625,283.3404541015625,140.82713317871094,104.10821533203125
2023-04-11,158.65206909179688,99.91999816894531,210.59654235839844,104.55997467041016,151.02784729003906,121.18785858154297,266.94207763671875,276.9175720214844,140.54725646972656,104.84445190429688
2023-04-12,157.9613800048828,97.83000183105469,210.5010528564453,103.85529327392578,150.70608520507812,121.16902160644531,267.71148681640625,277.563720703125,140.92977905273438,104.73538970947266
2023-04-13,163.34848022460938,102.4000015258789,211.61801147460938,106.62438201904297,152.71957397460938,121.63105773925781,271.2490234375,283.78106689453125,141.582763671875,105.22618865966797
2023-04-14,163.00314331054688,102.51000213623047,213.53683471679688,108.05358123779297,152.4713134765625,130.8153839111328,271.16461181640625,280.158447265625,140.8644561767578,105.48070526123047
2023-04-17,163.02288818359375,102.73999786376953,215.026123046875,105.17533111572266,152.3150177001953,131.8526153564453,271.4742431640625,282.7627258300781,140.9110870361328,104.2536392211914
2023-04-18,164.246337890625,102.30000305175781,214.9879150390625,103.71633911132812,148.0306854248047,133.33306884765625,272.97564697265625,282.3417663574219,141.0603790283203,106.28964233398438
2023-04-19,165.3908233642578,104.30000305175781,214.46287536621094,103.39875793457031,149.4281463623047,133.16331481933594,273.3133850097656,282.420166015625,141.08834838867188,105.95333862304688
2023-04-20,164.42388916015625,103.80999755859375,212.1907958984375,104.50041961669922,150.39352416992188,132.77670288085938,273.0600891113281,280.12890625,141.60557556152344,105.10803985595703
2023-04-21,162.815673828125,106.95999908447266,211.42294311523438,104.61952209472656,149.5752716064453,132.5221405029297,274.05474853515625,279.7863464355469,146.50567626953125,105.44434356689453
2023-04-24,163.1215362548828,106.20999908447266,214.4560089111328,105.17533111572266,150.48544311523438,132.70127868652344,275.1244812011719,275.8797607421875,146.76853942871094,107.43489074707031
2023-04-25,161.58236694335938,102.56999969482422,209.8488006591797,103.07121276855469,151.8645477294922,129.81585693359375,273.5386657714844,269.66253662109375,146.8060760498047,105.90789031982422
2023-04-26,161.572509765625,104.9800033569336,207.50680541992188,102.9322738647461,149.5109100341797,127.5150375366211,271.8966064453125,289.1954345703125,145.1069793701172,104.93533325195312
2023-04-27,166.16041564941406,109.81999969482422,205.72146606445312,106.78317260742188,149.8602752685547,129.2312469482422,276.5506896972656,298.45770263671875,146.88116455078125,106.18964385986328
2023-04-28,167.41343688964844,105.44999694824219,210.011962890625,106.53504180908203,150.5038604736328,130.3533477783203,277.5172119140625,300.8369140625,146.79669189453125,107.5621337890625
2023-05-01,167.3246307373047,102.05000305175781,208.54339599609375,106.3960952758789,150.41189575195312,133.14447021484375,279.23443603515625,299.1724548339844,146.97503662109375,104.22637939453125
2023-05-02,166.2886505126953,103.62999725341797,206.50856018066406,104.53019714355469,151.72662353515625,130.99452209472656,279.6942138671875,299.02557373046875,146.84361267089844,100.07260131835938
2023-05-03,165.21322631835938,103.6500015258789,206.97885131835938,104.61952209472656,149.74075317382812,128.22227478027344,277.0199279785156,298.0367126464844,146.6558837890625,98.10022735595703
2023-05-04,163.5753936767578,104.0,201.93016052246094,103.9049301147461,149.0604248046875,126.46839141845703,276.96368408203125,299.02557373046875,145.97999572753906,96.38236999511719
2023-05-05,171.25149536132812,105.66000366210938,206.4509735107422,104.7783203125,149.56605529785156,128.93890380859375,278.31488037109375,304.1559753417969,146.4681396484375,98.78191375732422
2023-05-08,171.1824188232422,105.83000183105469,206.16302490234375,106.96183013916016,149.22589111328125,129.25009155273438,278.3993225097656,302.1977844238281,145.78286743164062,99.17277526855469
2023-05-09,169.47552490234375,106.62000274658203,204.9152374267578,106.54496765136719,148.06748962402344,128.6277618408203,278.3711242675781,300.58233642578125,144.29029846191406,99.20002746582031
2023-05-10,171.2416229248047,110.19000244140625,204.60806274414062,110.91197967529297,148.6190948486328,128.69375610351562,278.2867126464844,305.78131103515625,144.5906982421875,97.92752838134766
2023-05-11,171.42904663085938,112.18000030517578,201.59420776367188,115.69583129882812,148.01231384277344,128.2882843017578,276.61651611328125,303.6273193359375,144.9286346435547,96.15513610839844
2023-05-12,170.50038146972656,110.26000213623047,201.12388610839844,116.62879180908203,147.8192138671875,126.44952392578125,277.88323974609375,302.51116943359375,146.40245056152344,96.14604949951172
2023-05-15,170.00633239746094,111.19999694824219,202.8035888671875,115.63628387451172,146.68836975097656,127.5150375366211,277.6579895019531,302.9908752441406,146.4493408203125,96.32939147949219
2023-05-16,170.00633239746094,113.4000015258789,198.8778533935547,118.61378479003906,146.49530029296875,126.656982421875,276.0158996582031,305.2232360839844,146.19589233398438,93.99153137207031
2023-05-17,170.61891174316406,115.5,203.58106994628906,119.9338150024414,146.1735382080078,130.55136108398438,275.368408203125,308.1080322265625,145.5763397216797,96.1001968383789
2023-05-18,172.95062255859375,118.1500015258789,206.09580993652344,121.90888977050781,145.70462036132812,131.54144287109375,275.9220275878906,312.5432434082031,143.18260192871094,96.97117614746094
2023-05-19,173.0592803955078,116.25,206.15342712402344,121.83941650390625,146.09996032714844,131.23968505859375,277.32958984375,312.3666687011719,143.7834014892578,97.42041015625
2023-05-22,172.11077880859375,115.01000213623047,205.654296875,124.11225128173828,145.31256103515625,130.15533447265625,271.5118408203125,315.1533203125,140.0191192626953,96.23772430419922
2023-05-23,169.50247192382812,114.98999786376953,204.16656494140625,121.64091491699219,145.25701904296875,128.7974395751953,268.71551513671875,309.3444519042969,138.50779724121094,97.54876708984375
2023-05-24,169.7790985107422,116.75,201.2774658203125,119.99336242675781,145.11805725097656,127.6187744140625,268.2933044433594,307.9608459472656,137.36257934570312,98.63976287841797
2023-05-25,170.91531372070312,115.0,201.5462188720703,122.55403137207031,143.03382873535156,127.929931640625,267.91790771484375,319.804443359375,136.4801483154297,96.87033081054688
2023-05-26,173.3260040283203,120.11000061035156,203.29310607910156,123.67552947998047,142.97828674316406,129.1275177001953,268.4058532714844,326.64361572265625,136.48953247070312,96.23772430419922
2023-05-30,175.1736297607422,121.66000366210938,201.46942138671875,122.74259185791016,142.99679565429688,129.6178436279297,267.35491943359375,324.9951477050781,134.40560913085938,95.38508605957031
2023-05-31,175.1242218017578,120.58000183105469,197.48611450195312,121.94859313964844,143.6359405517578,127.96770477294922,267.5331726074219,322.22808837890625,133.7672576904297,93.67981719970703
2023-06-01,177.9301300048828,122.7699966430664,200.67279052734375,122.79220581054688,143.1542205810547,129.73098754882812,270.1230163574219,326.3394470214844,135.1378173828125,94.76165771484375
2023-06-02,178.7798309326172,124.25,217.52749633789062,123.73507690429688,145.40524291992188,132.4561309814453,273.4813232421875,329.1065368652344,137.54090881347656,96.9620132446289
2023-06-05,177.42625427246094,125.30000305175781,213.53456115722656,125.0650405883789,146.65576171875,131.15484619140625,272.0851745605469,329.63641357421875,136.99647521972656,96.53111267089844
2023-06-06,177.0607147216797,126.61000061035156,217.57545471191406,126.35529327392578,146.5260772705078,131.3905792236328,268.4156494140625,327.4187927246094,135.63531494140625,97.31956481933594
2023-06-07,175.68739318847656,121.2300033569336,226.08920288085938,121.58135223388672,146.84103393554688,132.66357421875,265.9251708984375,317.3120422363281,135.9263153076172,99.50157165527344
2023-06-08,178.40440368652344,124.25,225.0333709716797,121.22406768798828,148.4528350830078,132.70127868652344,269.5852966308594,319.15679931640625,137.4658203125,99.18985748291016
2023-06-09,178.7897186279297,123.43000030517578,225.590087890625,121.31340026855469,148.22125244140625,132.96530151367188,270.5381164550781,320.6580810546875,137.57846069335938,98.45640563964844
2023-06-12,181.5857696533203,126.56999969482422,228.34481811523438,122.71281433105469,148.11935424804688,132.9558868408203,272.2171936035156,325.6231384277344,136.4989471435547,97.56710815429688
2023-06-13,181.1115264892578,126.66000366210938,235.5819854736328,122.90139770507812,148.89747619628906,133.91769409179688,272.1983642578125,328.01739501953125,136.17039489746094,97.58543395996094
2023-06-14,181.74386596679688,126.41999816894531,233.54714965820312,122.74259185791016,149.6570587158203,133.41793823242188,272.0946044921875,331.0101623535156,137.4470672607422,96.41191101074219
2023-06-15,183.7791290283203,127.11000061035156,237.722412109375,124.15193939208984,151.6671600341797,134.9266357421875,276.0282897949219,341.5682067871094,139.3526153564453,97.0811996459961
2023-06-16,182.7022247314453,125.48999786376953,235.41880798339844,122.6036376953125,152.13034057617188,135.08694458007812,277.0565185546875,335.906494140625,140.37583923339844,96.3844223022461
2023-06-20,182.7911376953125,125.77999877929688,231.46429443359375,122.17687225341797,152.03770446777344,134.39859008789062,276.4339294433594,331.706787109375,139.0804443359375,94.1749038696289
2023-06-21,181.75375366210938,124.83000183105469,231.781005859375,119.64599609375,151.80613708496094,134.2005615234375,277.8300476074219,327.301025390625,140.28196716308594,95.2292251586914
2023-06-22,184.7572784423828,130.14999389648438,227.80728149414062,122.22648620605469,153.41793823242188,131.6168975830078,276.6791687011719,333.3356018066406,140.76071166992188,94.70665740966797
2023-06-23,184.44113159179688,129.3300018310547,225.02378845214844,121.42255401611328,153.28823852539062,130.92852783203125,273.4813232421875,328.733642578125,139.36203002929688,93.88152313232422
2023-06-26,183.04803466796875,127.33000183105469,227.43296813964844,117.45256805419922,151.57452392578125,131.24913024902344,272.7077941894531,322.4341735839844,139.50282287597656,95.6142807006836
2023-06-27,185.80453491210938,129.17999267578125,231.02276611328125,117.44263458251953,151.25958251953125,131.258544921875,274.79254150390625,328.2920837402344,140.826416015625,95.8526611328125
2023-06-28,186.9803009033203,129.0399932861328,232.15536499023438,119.27876281738281,150.9539031982422,130.68338012695312,275.20758056640625,329.548095703125,140.7982940673828,96.63195037841797
2023-06-29,187.31622314453125,127.9000015258789,234.43019104003906,118.20685577392578,152.0099334716797,135.24725341796875,277.78289794921875,328.7630615234375,140.22564697265625,97.82381439208984
2023-06-30,191.64369201660156,130.36000061035156,236.16748046875,118.80235290527344,153.3253173828125,137.14256286621094,281.4996032714844,334.1501159667969,142.4410400390625,98.32806396484375
2023-07-03,190.15179443359375,130.22000122070312,237.3960723876953,119.00086975097656,151.315185546875,138.24583435058594,278.13189697265625,331.64788818359375,143.1544647216797,98.52058410644531
2023-07-05,189.03533935546875,130.3800048828125,234.99649047851562,120.83698272705078,150.81495666503906,137.3248748779297,280.0751953125,331.8049011230469,142.910400390625,98.01634216308594
2023-07-06,189.5095977783203,128.36000061035156,230.9171905517578,119.20928192138672,149.694091796875,135.96722412109375,278.2073669433594,334.8663635253906,142.67572021484375,94.3582534790039
2023-07-07,188.3931427001953,129.77999877929688,235.3323974609375,118.58401489257812,147.5172576904297,137.0400390625,275.5471496582031,330.89239501953125,139.6811981201172,94.57828521728516
2023-07-10,186.34796142578125,127.12999725341797,238.81661987304688,115.57673645019531,147.758056640625,137.80905151367188,277.8017578125,325.603515625,139.7375030517578,95.98101806640625
2023-07-11,185.8243408203125,128.77999877929688,242.69435119628906,116.26154327392578,146.94293212890625,139.9643096923828,278.03759765625,326.2314758300781,139.0053253173828,97.154541015625
2023-07-12,187.4940643310547,130.8000030517578,243.4142608642578,118.03813934326172,146.43345642089844,140.65736389160156,278.8582763671875,330.8727111816406,139.72813415527344,97.63127136230469
2023-07-13,188.2548065185547,134.3000030517578,245.5834503173828,123.60607147216797,147.10968017578125,141.34095764160156,278.4903869628906,336.230224609375,139.82199096679688,95.84349060058594
2023-07-14,188.40301513671875,134.67999267578125,245.35308837890625,124.4794692993164,148.091552734375,142.19541931152344,278.2262268066406,338.7618713378906,140.85459899902344,92.54297637939453
2023-07-17,191.6634521484375,133.55999755859375,247.11917114257812,123.71524047851562,147.3505096435547,145.62283325195312,277.98095703125,339.2427062988281,139.8595428466797,92.94635772705078
2023-07-18,191.4065399169922,132.8300018310547,253.21412658691406,122.83191680908203,147.3412322998047,145.88868713378906,277.1697692871094,352.7445068359375,140.1224365234375,92.5246353149414
2023-07-19,192.76014709472656,135.36000061035156,253.4456329345703,121.11488342285156,147.04481506347656,146.44883728027344,277.4621887207031,348.4172668457031,141.07989501953125,93.1664047241211
2023-07-20,190.81375122070312,129.9600067138672,251.8444366455078,118.30611419677734,155.97459411621094,148.2527618408203,280.29217529296875,340.361328125,142.2238311767578,94.80750274658203
2023-07-21,189.6380157470703,130.0,248.52622985839844,119.11996459960938,157.65126037597656,147.1134490966797,278.8582763671875,337.3194580078125,144.46261596679688,95.24757385253906
2023-07-24,190.4382781982422,128.8000030517578,250.18531799316406,120.61863708496094,158.4756622314453,150.0092315673828,278.5753479003906,338.6343078613281,144.9254913330078,96.74195861816406
2023-07-25,191.29786682128906,129.1300048828125,252.7800750732422,121.29354858398438,159.68917846679688,148.88888549804688,275.79241943359375,344.3941955566406,145.2655487060547,96.888671875
2023-07-26,192.16734313964844,128.14999389648438,249.1725311279297,128.3005828857422,159.99485778808594,149.7813262939453,275.21697998046875,331.4320373535156,145.41668701171875,96.34773254394531
2023-07-27,190.90269470214844,128.25,249.15322875976562,128.4296112060547,160.89340209960938,148.1293182373047,278.4621276855469,324.5143127441406,143.68800354003906,96.6502914428711
2023-07-28,193.48138427734375,132.2100067138672,251.20777893066406,131.5857696533203,161.6251678466797,148.9743194580078,277.36785888671875,332.02081298828125,147.7499237060547,95.49510955810547
2023-07-31,194.09393310546875,133.67999267578125,255.78001403808594,131.72471618652344,155.1872100830078,149.97122192382812,276.58489990234375,329.6167297363281,147.6460418701172,98.31888580322266
2023-08-01,193.2639923095703,131.69000244140625,278.4284973144531,130.56349182128906,156.447021484375,149.2306671142578,274.57550048828125,330.0289001464844,147.5988006591797,97.75045776367188
2023-08-02,190.27035522460938,128.2100067138672,277.38677978515625,127.41728210449219,157.39186096191406,147.5406951904297,273.207763671875,321.35479736328125,147.9199676513672,96.53111267089844
2023-08-03,188.8772735595703,128.91000366210938,271.48345947265625,127.48673248291016,158.0680694580078,148.44264221191406,274.5283508300781,320.530517578125,148.30726623535156,98.20886993408203
2023-08-04,179.807373046875,139.57000732421875,266.65087890625,127.1492919921875,156.58596801757812,148.1293182373047,270.75506591796875,321.6295166015625,146.68251037597656,98.48391723632812
2023-08-07,176.70501708984375,142.22000122070312,271.6763610839844,130.54364013671875,160.34686279296875,148.8319091796875,274.8868408203125,323.9158020019531,148.23170471191406,98.28221893310547
2023-08-08,177.64361572265625,139.94000244140625,272.8724670410156,130.4146270751953,160.42092895507812,147.9964141845703,273.1699523925781,319.93194580078125,148.3922882080078,98.76812744140625
2023-08-09,176.05291748046875,137.85000610351562,274.4544372558594,128.68768310546875,160.31906127929688,146.01211547851562,271.8965148925781,316.18365478515625,148.203369140625,100.44588470458984
2023-08-10,175.83558654785156,138.55999755859375,273.7695617675781,128.7174530029297,159.48536682128906,145.79373168945312,271.3022155761719,316.8704833984375,147.46653747558594,100.95930480957031
2023-08-11,175.89492797851562,138.41000366210938,275.11993408203125,128.5884246826172,161.04159545898438,146.6387481689453,272.2643737792969,314.986572265625,148.32615661621094,102.52705383300781
2023-08-14,177.5471649169922,140.57000732421875,274.46405029296875,130.34515380859375,160.66180419921875,146.9425506591797,272.443603515625,317.9596862792969,147.1642303466797,102.60956573486328
2023-08-15,175.5585479736328,137.6699981689453,267.5479736328125,128.80679321289062,160.19862365722656,143.20181274414062,271.9625549316406,315.82049560546875,146.21961975097656,99.97523498535156
2023-08-16,174.68795776367188,135.07000732421875,264.78924560546875,127.73487091064453,159.68917846679688,142.5941619873047,269.2268981933594,315.0536193847656,144.72711181640625,98.29295349121094
2023-08-17,172.14535522460938,133.97999572753906,265.4259033203125,128.9457244873047,161.1897735595703,141.11309814453125,265.8874816894531,311.5923767089844,143.68800354003906,100.19706726074219
2023-08-18,172.630126953125,133.22000122070312,264.1043701171875,126.50416564941406,159.78179931640625,141.43588256835938,265.7742919921875,311.19903564453125,144.0941925048828,101.71296691894531
2023-08-21,173.96572875976562,134.67999267578125,263.0915222167969,127.40733337402344,155.0204620361328,141.9200897216797,264.1706237792969,316.5088806152344,143.36685180664062,100.48359680175781
2023-08-22,175.34091186523438,134.25,260.6318359375,128.11204528808594,153.7884521484375,138.9768829345703,264.42535400390625,317.0792236328125,143.42349243164062,99.91976928710938
2023-08-23,179.189453125,135.52000427246094,263.36163330078125,131.37733459472656,152.4082489013672,139.9167938232422,265.8969421386719,321.5434875488281,144.76490783691406,99.0416488647461
2023-08-24,174.49998474121094,131.83999633789062,259.76373291015625,128.80679321289062,152.92697143554688,139.7838592529297,266.3497009277344,314.63079833984375,144.0941925048828,98.30219268798828
2023-08-25,176.70619201660156,133.25999450683594,262.9082946777344,128.90602111816406,155.11964416503906,139.6129913330078,268.453369140625,317.59063720703125,145.03884887695312,100.05842590332031
2023-08-28,178.26937866210938,133.13999938964844,265.0593566894531,130.02752685546875,153.2908477783203,140.09719848632812,267.6043701171875,318.298583984375,145.2655487060547,100.8995590209961
2023-08-29,182.157470703125,134.91000366210938,270.1137390136719,133.5608673095703,153.30950927734375,141.2364959716797,267.5194396972656,322.9299011230469,145.3505401611328,101.50037384033203
2023-08-30,185.6498260498047,135.07000732421875,272.332275390625,134.86102294921875,152.7683563232422,140.66683959960938,268.1325988769531,323.30364990234375,145.51116943359375,102.48941040039062
2023-08-31,185.86752319335938,138.00999450683594,271.1748046875,135.14883422851562,150.85562133789062,138.9293975830078,266.64361572265625,322.290771484375,145.7945556640625,102.77594757080078
2023-09-01,187.44053649902344,138.1199951171875,276.113525390625,134.64268493652344,149.73593139648438,139.39462280273438,266.4444274902344,323.17578125,145.9551239013672,104.92961883544922
2023-09-05,187.67799377441406,137.27000427246094,271.6571350097656,134.75186157226562,149.92254638671875,137.8565216064453,264.7563171386719,327.9842224121094,143.99974060058594,104.9388656616211
2023-09-06,180.96035766601562,135.36000061035156,272.8821105957031,133.45166015625,147.4313201904297,137.62869262695312,261.22821044921875,327.32537841796875,143.71633911132812,105.84469604492188
2023-09-07,175.66737365722656,137.85000610351562,271.4642028808594,134.2456817626953,149.31605529785156,136.45140075683594,263.9691467285156,324.4049377441406,145.08604431152344,105.32707977294922
2023-09-08,176.28076171875,138.22999572753906,272.2840270996094,135.35726928710938,149.81057739257812,136.55584716796875,264.81317138671875,328.6921691894531,144.46261596679688,106.8614730834961
2023-09-11,177.4481964111328,143.10000610351562,272.062255859375,135.8932342529297,151.76998901367188,137.15399169921875,265.3253479003906,332.3009338378906,146.18185424804688,105.52119445800781
2023-09-12,174.4208221435547,141.22999572753906,271.83074951171875,134.32508850097656,152.62840270996094,138.9389190673828,266.226318359375,326.23382568359375,143.61245727539062,108.59919738769531
2023-09-13,172.3531036376953,144.85000610351562,266.1493225097656,135.68479919433594,153.0109405517578,139.00535583496094,267.2315979003906,330.45233154296875,144.61373901367188,107.62865447998047
2023-09-14,173.8667755126953,144.72000122070312,272.55413818359375,137.06439208984375,152.77769470214844,141.7017364501953,270.0673828125,333.0482482910156,146.20074462890625,109.55126190185547
2023-09-15,173.14456176757812,140.38999938964844,269.264892578125,136.36962890625,150.6409912109375,141.28396606445312,263.8742980957031,324.7097473144531,144.9727325439453,107.86898040771484
2023-09-18,176.07302856445312,139.97999572753906,270.9915466308594,137.17355346679688,151.59271240234375,141.57830810546875,263.3905944824219,323.5691223144531,145.52061462402344,108.73784637451172
2023-09-19,177.16128540039062,137.6300048828125,269.76654052734375,137.00482177734375,151.34078979492188,141.39788818359375,263.77947998046875,323.1659851074219,145.0955047607422,108.4513168334961
2023-09-20,173.61944580078125,135.2899932861328,268.7440185546875,132.73707580566406,152.00326538085938,140.79977416992188,262.8974609375,315.41741943359375,144.9727325439453,107.59169006347656
2023-09-21,172.0760955810547,129.3300018310547,262.3970642089844,129.4618377685547,150.8369598388672,139.69842529296875,257.2259826660156,314.1981506347656,143.71633911132812,106.07579040527344
2023-09-22,172.92689514160156,129.1199951171875,263.39056396484375,129.27325439453125,149.75460815429688,138.3597412109375,258.1744079589844,311.72021484375,143.18736267089844,106.24217224121094
2023-09-25,174.2031707763672,131.27000427246094,264.55767822265625,130.12680053710938,149.5306854248047,139.04335021972656,255.8602752685547,312.2413635253906,142.3183135986328,107.43456268310547
2023-09-26,170.1270751953125,125.9800033569336,259.9759521484375,127.6058578491211,148.3737030029297,137.6002197265625,253.90658569335938,306.93145751953125,141.05247497558594,107.60093688964844
2023-09-27,168.61338806152344,125.9800033569336,263.0529479980469,129.5610809326172,146.59156799316406,138.40721130371094,250.03707885742188,307.5705871582031,139.18211364746094,111.10413360595703
2023-09-28,168.87060546875,125.9800033569336,266.45794677734375,131.31781005859375,146.376953125,140.12567138671875,251.886474609375,308.40643310546875,138.23748779296875,110.42935943603516
2023-09-29,169.3850860595703,127.12000274658203,263.33270263671875,129.87867736816406,145.3226318359375,137.6856689453125,249.84742736816406,310.481201171875,137.7840576171875,108.6823959350586
2023-10-02,171.89801025390625,129.4600067138672,262.0980529785156,133.16384887695312,144.76278686523438,136.49887084960938,244.4509735107422,316.43023681640625,137.1511688232422,106.87995147705078
2023-10-03,170.56240844726562,124.72000122070312,259.4454345703125,131.43690490722656,144.9400634765625,135.49249267578125,241.3592071533203,308.1606140136719,137.43455505371094,107.0648193359375
2023-10-04,171.8089599609375,127.0,255.64491271972656,134.22584533691406,145.10801696777344,136.10011291503906,242.61105346679688,313.63763427734375,137.8879852294922,103.0624771118164
2023-10-05,173.045654296875,125.95999908447266,251.56468200683594,134.05711364746094,146.6195526123047,136.67396545410156,239.21578979492188,314.03094482421875,135.838134765625,100.74241638183594
2023-10-06,175.59812927246094,127.95999908447266,256.6191711425781,136.54827880859375,147.08609008789062,138.77813720703125,235.41270446777344,321.7991943359375,136.112060546875,99.06012725830078
2023-10-09,177.08216857910156,128.25999450683594,261.69287109375,137.38197326660156,147.92579650878906,138.4625244140625,237.0249786376953,324.3163757324219,135.42247009277344,102.5263671875
2023-10-10,176.48854064941406,129.47999572753906,263.5352478027344,137.02468872070312,147.75790405273438,139.3041534423828,238.54241943359375,322.91033935546875,136.76385498046875,102.09193420410156
2023-10-11,177.8834991455078,131.8300018310547,263.168701171875,139.49600219726562,145.7238006591797,139.78237915039062,237.973388671875,326.873046875,135.0823974609375,98.43161010742188
2023-10-12,178.7838134765625,132.3300018310547,260.0627136230469,137.9278564453125,145.86378479003906,139.45718383789062,233.48744201660156,325.63409423828125,135.3846893310547,98.41311645507812
2023-10-13,176.94363403320312,129.7899932861328,258.45184326171875,136.32992553710938,146.34896850585938,141.55177307128906,235.49806213378906,322.2613220214844,136.6788330078125,101.55583953857422
2023-10-16,176.81503295898438,132.5500030517578,261.200927734375,138.056884765625,146.9834442138672,141.4083251953125,237.04396057128906,327.08935546875,137.98245239257812,101.6297607421875
2023-10-17,175.26177978515625,131.47000122070312,262.99505615234375,138.67222595214844,145.63986206054688,141.10226440429688,238.18203735351562,326.51904296875,138.1619110107422,102.96080017089844
2023-10-18,173.96572875976562,128.1300048828125,250.04063415527344,136.92543029785156,142.50479125976562,139.5528564453125,242.81973266601562,324.6015625,141.72315979003906,104.40274047851562
2023-10-19,173.5897674560547,128.39999389648438,243.934814453125,136.71701049804688,142.12228393554688,138.95985412597656,245.04849243164062,325.7913818359375,140.92564392089844,104.46746063232422
2023-10-20,171.0372772216797,125.16999816894531,241.61753845214844,134.5831298828125,142.75672912597656,136.72181701660156,244.79238891601562,321.218994140625,140.7355194091797,102.67426300048828
2023-10-23,171.156005859375,126.55999755859375,239.7947540283203,135.47637939453125,141.2545166015625,134.8567657470703,241.6057891845703,323.82476806640625,140.83059692382812,101.16761016845703
2023-10-24,171.59130859375,128.55999755859375,241.95689392089844,137.76905822753906,141.105224609375,135.0193634033203,243.9957275390625,325.0145568847656,142.4940948486328,100.18781280517578
2023-10-25,169.27626037597656,121.38999938964844,237.48715209960938,124.66804504394531,141.42245483398438,134.28289794921875,244.71652221679688,334.98541259765625,143.15953063964844,100.3726806640625
2023-10-26,165.11109924316406,119.56999969482422,235.05352783203125,121.3630142211914,139.0245361328125,134.62722778320312,242.6300506591797,322.4186096191406,142.3990478515625,99.45760345458984
2023-10-27,166.42694091796875,127.73999786376953,231.30128479003906,121.25383758544922,135.8521728515625,129.7781219482422,242.56365966796875,324.306640625,139.88949584960938,97.56272888183594
2023-10-30,168.47486877441406,132.7100067138672,234.79176330566406,123.52667236328125,137.18641662597656,131.4327392578125,246.72715759277344,331.68145751953125,141.8857421875,97.86775207519531
2023-10-31,168.94976806640625,133.08999633789062,219.17193603515625,123.1495132446289,138.40870666503906,133.0012664794922,248.64292907714844,332.4681091308594,142.61769104003906,97.84002685546875
2023-11-01,172.11566162109375,137.0,224.77606201171875,125.50174713134766,138.73529052734375,132.8865203857422,248.45321655273438,340.2952880859375,142.2184600830078,97.64592742919922
2023-11-02,175.6773223876953,138.07000732421875,231.84425354003906,126.53394317626953,140.1815185546875,135.25845336914062,253.08143615722656,342.5077209472656,143.95803833007812,100.85334014892578
2023-11-03,174.76708984375,138.60000610351562,233.42466735839844,128.1318817138672,141.20787048339844,136.76963806152344,254.04881286621094,346.9129638671875,142.65570068359375,99.62399291992188
2023-11-06,177.319580078125,139.74000549316406,231.0298309326172,129.27325439453125,141.5437774658203,137.80258178710938,255.03517150878906,350.5807189941406,143.48272705078125,97.85852813720703
2023-11-07,179.88197326660156,142.7100067138672,227.77203369140625,129.98785400390625,140.79730224609375,137.73561096191406,254.80758666992188,354.51397705078125,143.1500244140625,96.32414245605469
2023-11-08,180.94058227539062,142.0800018310547,227.67506408691406,130.85133361816406,140.28416442871094,138.4146728515625,253.68844604492188,357.13946533203125,142.59864807128906,95.1409912109375
2023-11-09,180.4656982421875,140.60000610351562,227.02548217773438,129.26332092285156,137.55030822753906,138.00340270996094,253.13832092285156,354.67132568359375,142.921875,95.16871643066406
2023-11-10,184.6561279296875,143.55999755859375,232.38720703125,131.595703125,137.39170837402344,140.05015563964844,253.97296142578125,363.5014953613281,143.9295196533203,95.89894104003906
2023-11-13,183.07107543945312,142.58999633789062,234.31668090820312,131.09945678710938,137.74624633789062,139.42848205566406,255.31024169921875,360.5613708496094,144.92764282226562,96.90646362304688
2023-11-14,185.6864013671875,145.8000030517578,240.31832885742188,132.6179656982422,137.77423095703125,141.97262573242188,257.4820251464844,364.0914306640625,144.6044158935547,97.27957153320312
2023-11-15,186.2510528564453,143.1999969482422,243.4500274658203,133.6104736328125,138.837890625,143.21597290039062,256.43878173828125,364.2392272949219,143.9390411376953,96.69193267822266
2023-11-16,187.93516540527344,142.8300018310547,240.6576690673828,135.90316772460938,140.05088806152344,144.8514404296875,261.8731994628906,370.6437683105469,145.27935791015625,95.57258605957031
2023-11-17,187.9153289794922,145.17999267578125,245.36978149414062,134.29531860351562,139.7616424560547,146.16177368164062,261.5222473144531,364.4165954589844,143.6063232421875,97.904541015625
2023-11-20,189.65890502929688,146.1300048828125,242.82952880859375,135.22825622558594,140.99371337890625,146.61129760742188,264.6330261230469,371.89508056640625,142.84584045410156,97.47545623779297
2023-11-21,188.85647583007812,143.89999389648438,241.82115173339844,135.94287109375,142.1317596435547,146.3052215576172,265.9986572265625,367.58929443359375,142.2184600830078,97.43814849853516
2023-11-22,189.5201873779297,146.7100067138672,238.52459716796875,137.4514617919922,141.84959411621094,146.64955139160156,267.3833312988281,372.2991027832031,143.5587921142578,97.01840209960938
2023-11-24,188.19271850585938,146.74000549316406,239.8335418701172,135.6649627685547,143.42967224121094,146.85037231445312,267.9619140625,371.8852844238281,143.90098571777344,97.54075622558594
2023-11-27,188.01441955566406,147.72999572753906,239.86260986328125,135.38705444335938,142.2822265625,146.51565551757812,267.29803466796875,373.0478820800781,143.76791381835938,96.97174835205078
2023-11-28,188.61868286132812,147.02999877929688,239.96925354003906,136.17111206054688,142.6114044189453,146.85037231445312,267.53515625,377.0778503417969,144.76602172851562,96.91580200195312
2023-11-29,187.5983428955078,146.32000732421875,241.8599395751953,133.97769165039062,143.06285095214844,147.596435546875,265.913330078125,373.2843933105469,143.663330078125,95.46065521240234
2023-11-30,188.17291259765625,146.08999633789062,243.09129333496094,131.53611755371094,145.461181640625,149.2797393798828,268.8996276855469,373.343505859375,145.93527221679688,95.83377075195312
2023-12-01,189.45083618164062,147.02999877929688,248.947509765625,130.8711700439453,148.95994567871094,150.00665283203125,272.8304748535156,369.0081787109375,145.1177520751953,96.06696319580078
2023-12-04,187.65777587890625,144.83999633789062,246.9986572265625,128.3005828857422,149.43020629882812,151.10653686523438,272.99261474609375,363.7170104980469,144.54739379882812,95.54461669921875
2023-12-05,191.61044311523438,146.8800048828125,247.42526245117188,130.00770568847656,149.11981201171875,151.08738708496094,273.38385009765625,367.04736328125,139.5092315673828,93.68839263916016
2023-12-06,190.52073669433594,144.52000427246094,248.18154907226562,129.04498291015625,147.3046112060547,149.49969482421875,273.6891174316406,363.38201904296875,139.4046630859375,92.44779205322266
2023-12-07,192.45248413085938,146.8800048828125,249.57772827148438,135.90316772460938,146.1571807861328,149.95880126953125,273.62237548828125,365.50048828125,139.2620849609375,91.80416107177734
2023-12-08,193.8790283203125,147.4199981689453,251.6041717529297,133.97769165039062,145.2354736328125,151.6134033203125,272.4201965332031,368.7322998046875,137.97879028320312,92.85819244384766
2023-12-11,191.37266540527344,145.88999938964844,252.98095703125,132.2904510498047,145.83741760253906,152.1681671142578,275.8739929199219,365.8453063964844,138.61569213867188,92.92350006103516
2023-12-12,192.8883514404297,147.47999572753906,253.47537231445312,131.52622985839844,145.84683227539062,153.5262908935547,278.03973388671875,368.8800964355469,138.72976684570312,91.45903778076172
2023-12-13,196.10797119140625,148.83999633789062,259.8164367675781,131.57586669921875,146.5239715576172,154.04275512695312,282.3426818847656,368.8701477050781,141.2393341064453,92.27055358886719
2023-12-14,196.25657653808594,147.4199981689453,276.4931335449219,130.95059204101562,147.53973388671875,156.84510803222656,276.7040710449219,360.5541687011719,137.5130157470703,94.75175476074219
2023-12-15,195.7216339111328,149.97000122070312,277.0457458496094,131.60562133789062,145.9314727783203,158.0310821533203,274.080322265625,365.2837219238281,136.8476104736328,94.11744689941406
2023-12-18,194.0573272705078,154.07000732421875,277.0166015625,134.7816162109375,146.19482421875,158.9875030517578,276.9044494628906,367.17547607421875,138.9483642578125,94.81704711914062
2023-12-19,195.09751892089844,153.7899932861328,284.0460205078125,135.62525939941406,147.15415954589844,161.11077880859375,277.3814392089844,367.7764892578125,138.9483642578125,96.06696319580078
2023-12-20,193.00726318359375,152.1199951171875,280.8948974609375,137.30258178710938,144.1538848876953,159.29356384277344,275.72137451171875,365.1752624511719,136.800048828125,94.46257781982422
2023-12-21,192.858642578125,153.83999633789062,281.2440185546875,139.36697387695312,145.6304931640625,160.20217895507812,278.0111999511719,368.05242919921875,137.1327667236328,94.89167022705078
2023-12-22,191.7887725830078,153.4199981689453,281.5251159667969,140.42897033691406,146.213623046875,160.10653686523438,278.30694580078125,369.07708740234375,138.1023712158203,95.05956268310547
2023-12-26,191.243896484375,153.41000366210938,286.63482666015625,140.458740234375,146.85317993164062,161.0534210205078,279.4136047363281,369.15594482421875,138.72976684570312,95.27410888671875
2023-12-27,191.34295654296875,153.33999633789062,289.0490417480469,139.31735229492188,147.05067443847656,162.01937866210938,281.0260925292969,368.5745849609375,138.84384155273438,94.82637023925781
2023-12-28,191.7689208984375,153.3800048828125,287.8467712402344,139.17840576171875,147.2670135498047,162.8802032470703,282.2568359375,369.7668762207031,138.53012084960938,93.45519256591797
2023-12-29,190.728759765625,151.94000244140625,286.6736145019531,138.64247131347656,147.41749572753906,162.6888885498047,282.8960876464844,370.5156555175781,139.30010986328125,93.2593002319336
2024-01-02,183.90322875976562,149.92999267578125,283.80364990234375,137.13385009765625,150.45538330078125,164.58262634277344,283.4017028808594,365.4216003417969,141.39144897460938,95.47930908203125
2024-01-03,182.52622985839844,148.47000122070312,275.6495666503906,137.8782196044922,151.39588928222656,163.8653106689453,280.8734436035156,365.15557861328125,140.53587341308594,96.28150177001953
2024-01-04,180.2081298828125,144.57000732421875,277.3947448730469,135.3671875,151.07611083984375,164.95274353027344,278.3450622558594,362.53466796875,141.30584716796875,95.4419937133789
2024-01-05,179.48495483398438,145.24000549316406,280.1386413574219,134.71214294433594,151.54637145996094,165.78033447265625,275.72137451171875,362.34747314453125,140.1366424560547,95.73115539550781
2024-01-08,183.82398986816406,149.10000610351562,283.3576354980469,137.79881286621094,151.922607421875,165.539794921875,278.4977722167969,369.1855163574219,141.34390258789062,94.1361083984375
2024-01-09,183.40789794921875,151.3699951171875,283.3964538574219,139.8930206298828,152.01666259765625,164.23101806640625,277.5150146484375,370.26934814453125,141.92376708984375,92.97013092041016
2024-01-10,184.44805908203125,153.72999572753906,284.4241943359375,141.2130126953125,152.2423553466797,164.5774383544922,280.58721923828125,377.1468200683594,142.53211975097656,92.05601501464844
2024-01-11,183.8536834716797,155.17999267578125,283.1734619140625,141.0145263671875,151.565185546875,163.8845672607422,280.6444091796875,378.9794616699219,143.073974609375,92.037353515625
2024-01-12,184.18060302734375,154.6199951171875,281.5736083984375,141.58026123046875,152.73141479492188,162.68165588378906,279.99566650390625,382.7630615234375,143.15953063964844,93.23130798339844
2024-01-16,181.91201782226562,153.16000366210938,278.4903869628906,141.42147827148438,150.97265625,161.6615753173828,277.7249450683594,384.53662109375,142.38954162597656,91.12323760986328
2024-01-17,180.97093200683594,151.7100067138672,270.1520690917969,140.40911865234375,150.8880157470703,160.79547119140625,277.7917785644531,383.7483825683594,142.53211975097656,90.46096801757812
2024-01-18,186.86526489257812,153.5,273.3225402832031,142.40402221679688,151.6216278076172,161.11305236816406,280.84478759765625,388.08367919921875,141.71041870117188,90.29306030273438
2024-01-19,189.76783752441406,155.33999633789062,277.8812255859375,145.2823028564453,152.0636749267578,163.89418029785156,286.73150634765625,392.8132019042969,141.16517639160156,90.43297576904297
2024-01-22,192.07603454589844,154.77999877929688,281.18328857421875,144.89523315429688,152.8066864013672,163.70169067382812,284.70880126953125,390.6849670410156,141.44256591796875,90.31171417236328
2024-01-23,193.3539581298828,156.02000427246094,281.3390808105469,145.9373321533203,150.3048858642578,162.62391662597656,286.2735290527344,393.03985595703125,147.29693603515625,91.32844543457031
2024-01-24,192.68031311035156,156.8699951171875,283.1411437988281,147.58486938476562,149.50546264648438,164.07705688476562,286.64569091796875,396.6461181640625,145.51766967773438,92.90484619140625
2024-01-25,192.35340881347656,157.75,292.9694519042969,150.73110961914062,150.06973266601562,166.4250946044922,283.5639343261719,398.9221496582031,148.8657684326172,95.2647705078125
2024-01-26,190.6197967529297,159.1199951171875,291.6641845703125,151.04872131347656,150.01332092285156,165.7899627685547,278.8412170410156,397.9959411621094,149.3632049560547,96.07628631591797
2024-01-29,189.93624877929688,161.25999450683594,295.3851318359375,152.3588104248047,149.88165283203125,166.22300720214844,278.8888854980469,403.70086669921875,149.38232421875,96.19754791259766
2024-01-30,186.28077697753906,159.0,296.85601806640625,150.32418823242188,149.32672119140625,169.62966918945312,281.1214904785156,402.5874328613281,150.6546173095703,97.80193328857422
2024-01-31,182.67483520507812,155.1999969482422,292.5213623046875,139.0493927001953,149.44898986816406,167.7916259765625,279.2800598144531,391.7392272949219,150.31976318359375,95.89906311035156
2024-02-01,185.11180114746094,159.27999877929688,299.7099609375,140.10142517089844,148.94114685058594,167.18533325195312,284.39398193359375,397.84814453125,152.27125549316406,95.50728607177734
2024-02-02,184.1112518310547,171.80999755859375,306.9180603027344,141.31228637695312,147.2952423095703,168.14768981933594,283.41131591796875,405.1788635253906,151.2285614013672,95.11552429199219
2024-02-05,185.92413330078125,170.30999755859375,313.064453125,142.6025390625,146.53341674804688,167.9263458251953,272.8399963378906,399.690673828125,151.34336853027344,94.7237548828125
2024-02-06,187.5290069580078,169.14999389648438,314.3501892089844,143.01939392089844,148.65896606445312,168.50372314453125,271.58056640625,399.53302001953125,152.06080627441406,95.37670135498047
2024-02-07,187.63796997070312,170.52999877929688,315.1976318359375,144.44857788085938,148.583740234375,168.8212890625,274.1375732421875,407.9672546386719,152.21388244628906,95.34872436523438
2024-02-08,186.5581512451172,169.83999633789062,313.64886474609375,144.81581115722656,147.09768676757812,168.21502685546875,278.5263366699219,408.0263671875,151.7546844482422,96.98109436035156
2024-02-09,187.32191467285156,174.4499969482422,308.9343566894531,147.8826446533203,147.43629455566406,168.41712951660156,276.1792907714844,414.37176513671875,150.587646484375,94.9289779663086
2024-02-12,185.6356658935547,172.33999633789062,313.2884216308594,146.42369079589844,148.4614715576172,169.16775512695312,276.1507263183594,409.1595153808594,150.29110717773438,96.23486328125
2024-02-13,183.542724609375,168.63999938964844,304.7264404296875,144.0515899658203,147.16354370117188,167.69537353515625,273.9276123046875,400.350830078125,149.48756408691406,95.40638732910156
2024-02-14,182.6599578857422,170.97999572753906,308.4960632324219,144.84559631347656,146.47695922851562,169.39869689941406,274.9390563964844,404.2203674316406,148.87533569335938,94.93566131591797
2024-02-15,182.372314453125,169.8000030517578,314.6910705566406,141.69937133789062,148.52728271484375,173.0940399169922,278.4595642089844,401.32806396484375,150.1954345703125,97.65645599365234
2024-02-16,180.83482360839844,169.50999450683594,313.56121826171875,139.46624755859375,148.3567352294922,172.2856903076172,278.61224365234375,398.8601989746094,150.67373657226562,97.65645599365234
2024-02-20,180.09091186523438,167.0800018310547,305.6030578613281,140.0617218017578,149.59815979003906,172.95928955078125,279.2132873535156,397.6066589355469,151.6303253173828,96.73383331298828
2024-02-21,180.84478759765625,168.58999633789062,308.9149169921875,141.4810028076172,150.37522888183594,174.0852508544922,280.4154968261719,397.0044250488281,153.43829345703125,98.71086883544922
2024-02-22,182.87815856933594,174.5800018310547,313.73651123046875,143.00946044921875,152.0526123046875,176.17349243164062,282.33319091796875,406.35260009765625,153.59136962890625,98.62614440917969
2024-02-23,181.0431671142578,174.99000549316406,315.4801025390625,142.88043212890625,153.36985778808594,177.058837890625,284.07916259765625,405.0594482421875,154.04095458984375,97.76000213623047
2024-02-26,179.6941375732422,174.72999572753906,316.94122314453125,136.53836059570312,152.3748016357422,176.45257568359375,283.4781188964844,402.29547119140625,153.26611328125,98.14599609375
2024-02-27,181.15225219726562,173.5399932861328,319.1328430175781,137.8385467529297,152.5548553466797,176.5391845703125,280.2723693847656,402.23626708984375,152.3860321044922,97.93888092041016
2024-02-28,179.9520263671875,173.16000366210938,321.01275634765625,135.35726928710938,153.0950469970703,177.4341583251953,281.6366882324219,402.4731750488281,153.10350036621094,98.21190643310547
2024-02-29,179.28746032714844,176.75999450683594,325.2986755371094,137.42169189453125,152.93392944335938,179.0508575439453,280.4468688964844,408.3170166015625,152.04168701171875,98.40019989013672
2024-03-01,178.20628356933594,178.22000122070312,327.9676208496094,136.111572265625,153.6352081298828,178.3098602294922,278.9596252441406,410.1530456542969,151.95558166503906,99.64289093017578
2024-03-04,173.68316650390625,177.5800018310547,329.8670349121094,132.34999084472656,151.47451782226562,179.64749145507812,279.1611633300781,409.58050537109375,152.634765625,98.24956512451172
2024-03-05,168.7434844970703,174.1199951171875,324.8797912597656,131.6750946044922,151.59771728515625,181.44705200195312,280.69635009765625,397.4683837890625,152.40518188476562,99.4546127319336
2024-03-06,167.75157165527344,173.50999450683594,326.9253234863281,130.4146270751953,151.00071716308594,182.39013671875,281.0705871582031,396.91558837890625,152.64434814453125,100.51844024658203
2024-03-07,167.63255310058594,176.82000732421875,331.3963317871094,133.3722686767578,150.55531311035156,180.79269409179688,279.3242492675781,403.8748779296875,153.6487579345703,101.08332824707031
2024-03-08,169.34854125976562,175.35000610351562,330.3930358886719,134.39454650878906,151.17127990722656,181.12948608398438,280.7059326171875,400.9924621582031,153.39048767089844,102.03418731689453
2024-03-11,171.35218811035156,171.9600067138672,326.2824401855469,136.63760375976562,152.79177856445312,181.19686889648438,282.88409423828125,399.3143310546875,154.5384063720703,102.6366958618164
2024-03-12,171.8283233642578,175.38999938964844,328.4935607910156,137.46139526367188,154.22276306152344,182.68846130371094,282.39471435546875,409.9358825683594,154.9019012451172,101.97769927978516
2024-03-13,169.7453155517578,176.55999755859375,332.6625671386719,138.74169921875,152.66859436035156,184.17044067382812,271.40826416015625,409.7582092285156,155.25584411621094,103.11685180664062
2024-03-14,171.6001739501953,178.75,333.05218505859375,142.02687072753906,150.8775177001953,180.88890075683594,270.32403564453125,419.74798583984375,154.49057006835938,104.94326782226562
2024-03-15,171.22323608398438,174.4199981689453,337.97125244140625,140.12127685546875,149.9014129638672,183.13111877441406,267.8388671875,411.0611877441406,154.37576293945312,104.75495910644531
2024-03-18,172.31434631347656,174.47999572753906,342.7734069824219,146.57252502441406,148.55572509765625,185.40223693847656,267.301513671875,411.9496154785156,154.21316528320312,105.72466278076172
2024-03-19,174.65525817871094,175.89999389648438,344.72149658203125,145.92739868164062,148.03451538085938,186.4896697998047,271.4178771972656,415.98699951171875,154.80625915527344,106.4684066772461
2024-03-20,177.2242889404297,178.14999389648438,347.20538330078125,147.62457275390625,147.60806274414062,188.9339599609375,272.9339294433594,419.7578125,154.9593048095703,106.37425994873047
2024-03-21,169.98336791992188,178.14999389648438,355.10504150390625,146.49313354492188,147.5985870361328,191.56109619140625,272.0511474609375,423.8445739746094,154.8349609375,106.84497833251953
2024-03-22,170.88600158691406,178.8699951171875,348.8222961425781,149.63937377929688,147.1057891845703,189.21307373046875,271.18756103515625,423.2226867675781,154.64361572265625,106.84497833251953
2024-03-25,169.46759033203125,179.7100067138672,346.7183837890625,148.94461059570312,147.0963134765625,187.48086547851562,267.3399353027344,417.4183349609375,153.23739624023438,107.93706512451172
2024-03-26,168.3367919921875,178.3000030517578,347.14697265625,149.54010009765625,147.6175537109375,188.35658264160156,267.3399353027344,416.223876953125,153.58180236816406,107.12742614746094
2024-03-27,171.90768432617188,179.8300018310547,355.19268798828125,149.7386016845703,149.69293212890625,192.00381469726562,270.60223388671875,416.0067138671875,155.55239868164062,108.23833465576172
2024-03-28,170.09246826171875,180.3800048828125,356.926513671875,149.7981719970703,149.91090393066406,192.7544403076172,270.53509521484375,415.3058776855469,155.2080078125,109.43396759033203
2024-04-01,168.65420532226562,180.97000122070312,354.3063049316406,154.32400512695312,149.5223388671875,191.44566345214844,268.8750915527344,419.1063232421875,153.61050415039062,110.14005279541016
2024-04-02,167.47384643554688,180.69000244140625,355.3680419921875,153.40093994140625,149.4749755859375,191.36868286132812,266.4955139160156,416.0166015625,153.60093688964844,112.29596710205078
2024-04-03,168.27728271484375,182.41000366210938,366.0437927246094,153.75823974609375,146.18655395507812,190.82977294921875,264.3846130371094,415.0393371582031,149.3727569580078,112.31480407714844
2024-04-04,167.4539794921875,180.0,360.19940185546875,149.40115356445312,144.51869201660156,189.3778533935547,259.1552429199219,412.5024108886719,148.70314025878906,112.71019744873047
2024-04-05,168.2078399658203,185.07000732421875,369.4627380371094,151.3563995361328,144.4144287109375,191.1201171875,255.89288330078125,420.0440673828125,149.324951171875,114.26360321044922
2024-04-08,167.08697509765625,185.19000244140625,363.78399658203125,153.6887664794922,143.6563262939453,192.1171112060547,256.7276916503906,419.1260681152344,149.2675323486328,113.49162292480469
2024-04-09,168.29710388183594,185.6699981689453,362.25469970703125,155.42567443847656,144.31968688964844,190.8297576904297,258.5316162109375,420.7943115234375,149.8606414794922,114.08472442626953
2024-04-10,166.42239379882812,185.9499969482422,362.4202575683594,154.9691162109375,142.33905029296875,189.20362854003906,257.79278564453125,417.8132019042969,150.41546630859375,115.04499816894531
2024-04-11,173.62367248535156,189.0500030517578,362.33258056640625,158.214599609375,141.00283813476562,189.1648712158203,257.7447814941406,422.423095703125,149.0762176513672,114.65900421142578
2024-04-12,175.12144470214844,186.1300048828125,356.1473388671875,156.54718017578125,139.79934692382812,176.93011474609375,256.5645751953125,416.47064208984375,148.58836364746094,113.32215118408203
2024-04-15,171.2926788330078,183.6199951171875,354.471923828125,153.69869995117188,139.8656768798828,177.02691650390625,255.4515380859375,408.3170166015625,148.70314025878906,112.67255401611328
2024-04-16,168.00946044921875,183.32000732421875,350.5464172363281,153.2421417236328,136.88999938964844,175.00392150878906,254.68389892578125,409.244873046875,149.18145751953125,111.74052429199219
2024-04-17,166.64064025878906,181.27999877929688,349.0268859863281,154.3041229248047,137.19325256347656,174.30697631835938,259.0209655761719,406.5401611328125,150.1476287841797,111.68402862548828
2024-04-18,165.68838500976562,179.22000122070312,348.6470031738281,154.84007263183594,138.1124725341797,175.439453125,260.0092468261719,399.06756591796875,151.43484497070312,111.58048248291016
2024-04-19,163.66488647460938,174.6300048828125,346.7210998535156,152.93446350097656,140.1688995361328,179.84359741210938,260.9783020019531,393.9838562011719,152.25318908691406,112.86083984375
2024-04-22,164.49810791015625,177.22999572753906,349.6050720214844,155.10806274414062,141.3155517578125,183.337890625,264.4230041503906,395.8001403808594,154.56385803222656,113.50103759765625
2024-04-23,165.5495147705078,179.5399932861328,355.1187744140625,157.07321166992188,141.73255920410156,185.98036193847656,265.67034912109375,402.32513427734375,155.48812866210938,113.94351196289062
2024-04-24,167.65237426757812,176.58999633789062,355.3827819824219,157.9366912841797,140.75645446777344,186.89024353027344,265.545654296875,403.7958984375,156.54718017578125,113.96234130859375
2024-04-25,168.5153350830078,173.6699981689453,330.4339904785156,154.83013916015625,139.13597106933594,187.17092895507812,264.44219970703125,393.9048767089844,156.49905395507812,114.22594451904297
2024-04-26,167.93011474609375,179.6199951171875,335.693603515625,170.66053771972656,138.49154663085938,187.287109375,262.0338439941406,401.0911865234375,155.28594970703125,111.05326080322266
2024-04-29,172.09613037109375,180.9600067138672,341.9698486328125,164.90403747558594,139.13597106933594,187.08383178710938,262.47515869140625,397.0735778808594,155.64218139648438,112.63489532470703
2024-04-30,168.9517822265625,175.0,327.080810546875,161.55929565429688,137.02267456054688,185.5931854248047,261.98583984375,384.31982421875,157.1248321533203,111.34510803222656
2024-05-01,167.93011474609375,179.0,323.6591491699219,162.63119506835938,143.26776123046875,185.70936584472656,263.3195495605469,389.8576354980469,157.31739807128906,109.23625946044922
2024-05-02,171.62991333007812,184.72000122070312,327.9313659667969,165.37049865722656,142.07371520996094,185.51576232910156,262.2160949707031,392.7203063964844,157.7410125732422,109.43396759033203
2024-05-03,181.89617919921875,186.2100067138672,329.2120056152344,165.98587036132812,141.45773315429688,184.40261840820312,259.3759460449219,401.42681884765625,158.3379364013672,109.2080078125
2024-05-06,180.2397003173828,188.6999969482422,334.4422607421875,166.83941650390625,140.80384826660156,185.84486389160156,258.3972473144531,408.21826171875,158.31869506835938,109.91411590576172
2024-05-07,180.92410278320312,188.75999450683594,337.2773132324219,169.9657745361328,140.9365234375,185.6028594970703,256.6701354980469,404.0722961425781,159.5895538330078,109.36807250976562
2024-05-08,181.2613525390625,188.0,336.78851318359375,168.1098175048828,141.15447998046875,189.3778533935547,257.6200256347656,405.2568664550781,158.9252166748047,109.34922790527344
2024-05-09,183.07656860351562,189.5,343.90557861328125,168.68545532226562,142.00738525390625,191.16856384277344,257.1018981933594,407.013916015625,159.8590850830078,111.5051498413086
2024-05-10,181.81512451171875,187.47999572753906,346.8481750488281,167.38526916503906,142.06422424316406,192.3978271484375,263.8664855957031,409.4028015136719,160.6389923095703,111.05326080322266
2024-05-13,185.02334594726562,186.57000732421875,348.6958312988281,167.87159729003906,143.30567932128906,192.35910034179688,260.33544921875,408.39593505859375,159.6954345703125,111.00618743896484
2024-05-14,186.16555786132812,187.07000732421875,350.1623229980469,169.06259155273438,143.45730590820312,195.0499725341797,259.7021789550781,411.1994323730469,159.5895538330078,111.68004608154297
2024-05-15,188.44012451171875,185.99000549316406,351.98065185546875,171.21632385253906,144.67977905273438,195.63075256347656,262.7822570800781,418.3887634277344,160.31163024902344,112.5437240600586
2024-05-16,188.55931091308594,183.6300048828125,342.8692932128906,172.87379455566406,146.20553588867188,195.9792022705078,262.43682861328125,416.3219909667969,161.6113739013672,111.869873046875
2024-05-17,188.589111328125,184.6999969482422,348.2950744628906,174.73971557617188,146.5466766357422,198.22483825683594,261.3525695800781,415.55059814453125,161.3995819091797,113.54976654052734
2024-05-20,189.751220703125,183.5399932861328,354.6300354003906,175.59327697753906,144.5118408203125,189.3101043701172,257.025146484375,420.62371826171875,161.08184814453125,112.62913513183594
2024-05-21,191.05239868164062,183.14999389648438,351.0323791503906,176.51629638671875,144.4832000732422,193.12379455566406,255.10609436035156,424.2826843261719,162.0831298828125,111.85088348388672
2024-05-22,189.61216735839844,183.1300048828125,347.9724426269531,175.05731201171875,146.64222717285156,191.9525604248047,255.0101318359375,425.74627685546875,161.56321716308594,109.60152435302734
2024-05-23,185.61927795410156,181.0500030517578,342.8497314453125,172.24853515625,143.01197814941406,190.60714721679688,247.48756408691406,422.26531982421875,159.32960510253906,107.73182678222656
2024-05-24,188.69834899902344,180.75,341.0900573730469,173.677734375,140.40396118164062,194.275634765625,247.66026306152344,425.3902587890625,159.1755828857422,107.64639282226562
2024-05-28,188.70831298828125,182.14999389648438,338.71441650390625,175.07717895507812,137.9296875,193.10440063476562,243.27528381347656,425.5485534667969,157.03819274902344,109.01309204101562
2024-05-29,189.0062713623047,182.02000427246094,330.5415344238281,174.58090209960938,137.9869842529297,191.7589874267578,239.27410888671875,424.41131591796875,155.6325225830078,107.84569549560547
2024-05-30,189.99952697753906,179.32000732421875,331.656005859375,170.81935119628906,138.78944396972656,192.9398651123047,241.86480712890625,410.0720520019531,156.52792358398438,108.18737030029297
2024-05-31,190.95306396484375,176.44000244140625,330.9423522949219,171.20640563964844,140.11734008789062,196.1340789794922,248.40872192382812,410.5269775390625,158.4149627685547,111.29090881347656
2024-06-03,192.72105407714844,178.33999633789062,323.9426574707031,171.8713836669922,141.13955688476562,195.35006713867188,250.85203552246094,408.93475341796875,158.52085876464844,108.62395477294922
2024-06-04,193.0388946533203,179.33999633789062,320.23748779296875,172.48672485351562,141.19686889648438,192.77532958984375,253.7202911376953,411.45654296875,160.79299926757812,106.93456268310547
2024-06-05,194.5486297607422,181.27999877929688,322.0754089355469,174.0946044921875,139.44863891601562,190.9362335205078,251.0837860107422,419.3084716796875,159.86874389648438,107.36166381835938
2024-06-06,193.1680145263672,185.0,320.94140625,175.40469360351562,139.8784942626953,190.5974578857422,251.78880310058594,419.81280517578125,162.19866943359375,108.16838836669922
2024-06-07,195.56175231933594,184.3000030517578,321.57684326171875,173.15170288085938,140.50904846191406,193.5399932861328,247.43328857421875,419.1502685546875,160.84115600585938,107.010498046875
2024-06-10,191.8171844482422,187.05999755859375,322.2318420410156,173.89694213867188,140.5568084716797,193.2108917236328,245.115478515625,423.1257019042969,161.12034606933594,107.32369995117188
2024-06-11,205.75253295898438,187.22999572753906,319.98333740234375,175.4967041015625,140.2033233642578,188.12921142578125,245.56939697265625,427.88238525390625,161.24551391601562,106.46002960205078
2024-06-12,211.6326141357422,186.88999938964844,321.3715515136719,176.6592559814453,138.9136505126953,185.3899383544922,245.76255798339844,436.16943359375,159.03114318847656,105.28314971923828
2024-06-13,212.79470825195312,183.8300018310547,319.0545349121094,174.04598999023438,138.9518585205078,187.45164489746094,245.00927734375,436.68365478515625,160.21534729003906,104.43844604492188
2024-06-14,211.05653381347656,183.66000366210938,314.2740173339844,175.66561889648438,139.037841796875,187.56777954101562,244.89340209960938,437.6626892089844,160.58120727539062,103.5557861328125
2024-06-17,215.20831298828125,184.05999755859375,315.1832275390625,176.11276245117188,139.4295196533203,188.7293243408203,244.82579040527344,443.39837646484375,161.2647705078125,102.8439712524414
2024-06-18,212.8443603515625,182.80999755859375,317.8619079589844,173.97640991210938,139.14292907714844,190.6845703125,242.19895935058594,441.3908996582031,162.28529357910156,103.81204223632812
2024-06-20,208.26548767089844,186.10000610351562,321.7625732421875,175.1787567138672,141.17776489257812,192.30104064941406,245.10585021972656,440.7580261230469,161.42845153808594,106.05191040039062
2024-06-21,206.09027099609375,189.0800018310547,320.50140380859375,178.48756408691406,142.1044158935547,190.0070037841797,250.50439453125,444.7927551269531,161.99647521972656,105.1218032836914
2024-06-24,206.73587036132812,185.57000732421875,322.61309814453125,178.08016967773438,142.4578857421875,192.50430297851562,251.46044921875,442.7061767578125,162.17942810058594,108.24432373046875
2024-06-25,207.65960693359375,186.33999633789062,320.0713195800781,182.8595733642578,140.6141357421875,191.72027587890625,248.56321716308594,445.94976806640625,160.6389923095703,108.54802703857422
2024-06-26,211.81138610839844,193.61000061035156,319.41632080078125,182.71054077148438,140.26065063476562,191.10076904296875,248.9977569580078,447.1463928222656,161.21664428710938,108.58599090576172
2024-06-27,212.65567016601562,197.85000610351562,320.12994384765625,184.23081970214844,139.28622436523438,192.78500366210938,249.326171875,447.8287048339844,160.41751098632812,109.0510482788086
2024-06-28,209.1991424560547,193.25,325.6437072753906,180.9915313720703,139.63014221191406,195.77593994140625,246.11021423339844,441.99407958984375,158.78082275390625,109.25985717773438
2024-07-01,215.2877655029297,197.1999969482422,321.7136535644531,181.82618713378906,139.89764404296875,198.86367797851562,241.42636108398438,451.66571044921875,156.66270446777344,109.10800170898438
2024-07-02,218.7840576171875,200.0,320.42327880859375,184.0618896484375,139.50595092773438,202.13531494140625,239.30172729492188,454.1874084472656,157.7987823486328,108.3676986694336
2024-07-03,220.05540466308594,197.58999633789062,323.2094421386719,184.63819885253906,139.18113708496094,201.99981689453125,241.43603515625,455.66082763671875,157.7313995361328,108.91818237304688
2024-07-05,224.8130645751953,200.0,321.0000305175781,189.38780212402344,139.9358367919922,199.32322692871094,242.48866271972656,462.37554931640625,159.06002807617188,107.59893798828125
2024-07-08,226.28311157226562,199.2899932861328,321.6941223144531,187.82777404785156,138.9805145263672,199.69308471679688,239.3596649169922,461.07025146484375,160.32125854492188,106.4695053100586
2024-07-09,227.13729858398438,199.33999633789062,318.76129150390625,187.77809143066406,140.48036193847656,202.08741760253906,237.3992156982422,454.4444885253906,159.49325561523438,105.29263305664062
2024-07-10,231.4082794189453,199.7899932861328,321.1271667480469,189.96408081054688,142.75404357910156,202.25286865234375,241.9092559814453,461.0801086425781,160.59083557128906,106.2227554321289
2024-07-11,226.0347900390625,195.0500030517578,323.71783447265625,184.38980102539062,143.01197814941406,201.91221618652344,246.07159423828125,449.6582336425781,159.37771606445312,107.48504638671875
2024-07-12,228.9847412109375,194.49000549316406,328.07794189453125,183.89295959472656,143.18392944335938,199.46922302246094,245.20242309570312,448.52093505859375,160.40789794921875,107.5040283203125
2024-07-15,232.81869506835938,192.72000122070312,338.0300598144531,185.3436737060547,142.57254028320312,204.4427947998047,242.9136199951172,448.9263916015625,158.45347595214844,109.34526824951172
2024-07-16,233.2358856201172,193.02000427246094,352.508544921875,182.7502899169922,144.26344299316406,207.91751098632812,248.45697021484375,444.5356140136719,160.73524475097656,110.13302612304688
2024-07-17,227.33595275878906,187.92999267578125,349.7908020019531,179.8687286376953,149.58460998535156,211.08074951171875,252.05918884277344,438.6021423339844,163.132568359375,111.65157318115234
2024-07-18,222.6676483154297,183.75,348.0604248046875,176.55992126464844,148.4764404296875,204.37466430664062,250.62986755371094,435.4870910644531,162.16976928710938,112.75252532958984
2024-07-19,222.79678344726562,183.1300048828125,339.8484802246094,176.53009033203125,147.77908325195312,204.18002319335938,248.46661376953125,432.2632141113281,162.6802215576172,110.16148376464844
2024-07-22,222.4491424560547,182.5500030517578,341.4681091308594,180.5146026611328,147.3491668701172,204.66665649414062,250.6492156982422,438.0285949707031,162.9611053466797,109.40221405029297
2024-07-23,223.4920654296875,186.41000366210938,337.8362121582031,180.63381958007812,145.54360961914062,204.71531677246094,245.34727478027344,439.91741943359375,161.38233947753906,107.63690948486328
2024-07-24,217.06570434570312,180.8300018310547,329.8558044433594,171.5320587158203,149.29800415039062,203.0217742919922,244.69056701660156,424.144287109375,162.71897888183594,109.15544891357422
2024-07-25,216.0227813720703,179.85000610351562,337.9637756347656,166.21612548828125,152.50790405273438,203.09967041015625,242.8460235595703,413.7606506347656,161.6535186767578,111.45225524902344
2024-07-26,216.48963928222656,182.5,344.03009033203125,165.93789672851562,153.4632110595703,206.5743408203125,243.36752319335938,420.5545349121094,163.79408264160156,111.35734558105469
2024-07-29,216.7677459716797,183.1999969482422,338.18951416015625,168.45181274414062,151.47616577148438,205.22146606445312,252.46482849121094,421.99835205078125,164.5883026123047,110.18997192382812
2024-07-30,217.32394409179688,181.7100067138672,335.4312744140625,169.2069549560547,154.12242126464844,209.44558715820312,257.3128356933594,418.2305908203125,156.6169891357422,112.15458679199219
2024-07-31,220.58180236816406,186.97999572753906,339.828857421875,170.44900512695312,150.79791259765625,207.11940002441406,256.3084716796875,413.71124267578125,155.70655822753906,112.5531997680664
2024-08-01,216.88693237304688,184.07000732421875,325.41900634765625,169.6739501953125,153.57786560058594,202.4086151123047,259.54376220703125,412.4849548339844,160.48158264160156,110.99668884277344
2024-08-02,218.37680053710938,167.89999389648438,314.9649963378906,165.6000518798828,156.80686950683594,193.82403564453125,267.21173095703125,403.9605407714844,164.73358154296875,110.93025207519531
2024-08-05,207.8582305908203,161.02000427246094,310.9698486328125,158.23716735839844,154.0459747314453,189.69723510742188,259.2540283203125,390.76849365234375,162.77706909179688,108.92766571044922
2024-08-06,205.83200073242188,161.92999267578125,320.4324645996094,157.2832794189453,151.8678436279297,194.99200439453125,260.8088073730469,395.17901611328125,162.80613708496094,108.34872436523438
2024-08-07,208.40452575683594,162.77000427246094,319.80419921875,157.92913818359375,151.80096435546875,195.05039978027344,260.14251708984375,394.01214599609375,164.6754608154297,109.79135131835938
2024-08-08,211.87098693847656,165.8000030517578,329.97357177734375,160.9994659423828,153.06201171875,198.61270141601562,261.9001770019531,398.22491455078125,165.49874877929688,111.88884735107422
2024-08-09,214.78121948242188,166.94000244140625,332.03497314453125,162.62905883789062,153.44412231445312,200.30625915527344,258.73248291015625,401.5179748535156,165.1791229248047,112.79997253417969
2024-08-12,216.31260681152344,166.8000030517578,329.84600830078125,161.25782775878906,152.7371826171875,200.68585205078125,260.2294006347656,402.2991638183594,161.5663604736328,112.94234466552734
2024-08-13,220.0316925048828,170.22999572753906,332.5650329589844,163.11595153808594,151.31375122070312,202.3891143798828,261.05029296875,409.41937255859375,162.0312957763672,111.8603744506836
2024-08-14,220.47914123535156,170.10000610351562,331.37725830078125,159.3500518798828,151.39971923828125,204.6277313232422,261.8615417480469,412.2377624511719,163.49383544921875,112.89488220214844
2024-08-15,223.46237182617188,177.58999633789062,339.2791442871094,160.27413940429688,151.98248291015625,205.90277099609375,265.4540710449219,417.1119689941406,162.64146423339844,113.59330749511719
2024-08-16,224.78494262695312,177.05999755859375,337.15887451171875,161.923583984375,152.26905822753906,208.25814819335938,268.9500427246094,414.5757751464844,162.6124267578125,113.05752563476562
2024-08-19,224.62582397460938,178.22000122070312,338.3073425292969,165.6099853515625,152.49835205078125,209.69863891601562,277.6996765136719,417.6072998046875,163.12576293945312,113.4019546508789
2024-08-20,225.2423553466797,178.8800048828125,336.982177734375,166.1167449951172,153.0046844482422,208.79348754882812,275.8454895019531,420.8468933105469,165.05322265625,109.62285614013672
2024-08-21,225.13296508789062,180.11000061035156,336.6582946777344,164.79518127441406,154.21792602539062,208.871337890625,279.7857360839844,420.19305419921875,164.81106567382812,108.92443084716797
2024-08-22,223.27342224121094,176.1300048828125,336.05950927734375,162.75823974609375,155.0968475341797,210.84716796875,279.3028259277344,411.6830139160156,164.80136108398438,109.766357421875
2024-08-23,225.57049560546875,177.0399932861328,341.9981689453125,164.566650390625,156.7973175048828,212.48231506347656,279.60223388671875,412.91143798828125,163.8521728515625,111.28755950927734
2024-08-26,225.90859985351562,175.5,344.6975402832031,165.10321044921875,157.25587463378906,213.31935119628906,278.7909851074219,409.64215087890625,164.99510192871094,113.66984558105469
2024-08-27,226.75384521484375,173.1199951171875,344.65826416015625,163.63262939453125,156.85157775878906,214.30235290527344,279.7181396484375,409.9888610839844,163.92967224121094,112.58873748779297
2024-08-28,225.22247314453125,170.8000030517578,341.7919921875,161.8142852783203,157.7852783203125,215.3827362060547,277.2168273925781,406.779052734375,163.7456512451172,111.47891998291016
2024-08-29,228.50399780273438,172.1199951171875,345.168701171875,160.75106811523438,158.0836639404297,216.27821350097656,277.9990539550781,409.27557373046875,164.68515014648438,113.01925659179688
2024-08-30,227.71841430664062,178.5,349.5466613769531,162.34092712402344,159.65267944335938,218.799072265625,278.7716979980469,413.2581787109375,166.1476593017578,112.83747863769531
2024-09-03,221.52330017089844,176.25,333.9784851074219,156.3592071533203,160.90403747558594,214.419189453125,277.34381103515625,405.62982177734375,169.0340118408203,110.47434997558594
2024-09-04,219.61404418945312,173.3300018310547,330.552734375,155.45498657226562,161.09652709960938,213.47506713867188,279.7818908691406,405.0948791503906,170.37062072753906,109.1253433227539
2024-09-05,221.13546752929688,177.88999938964844,327.4214172363281,156.23995971679688,158.8152313232422,211.82046508789062,279.7236328125,404.589599609375,169.95416259765625,108.27384948730469
2024-09-06,219.58419799804688,171.38999938964844,323.2987060546875,149.96017456054688,158.2280731201172,206.78848266601562,281.2195129394531,397.96185302734375,170.0703582763672,107.76678466796875
2024-09-09,219.67369079589844,175.39999389648438,327.89263916015625,147.96029663085938,160.37461853027344,211.02235412597656,282.94854736328125,401.9444580078125,170.52560424804688,110.03424072265625
2024-09-10,218.878173828125,179.5500030517578,328.0104064941406,147.91053771972656,161.11581420898438,200.07266235351562,282.9291076660156,410.3455505371094,172.20120239257812,106.0255126953125
2024-09-11,221.41392517089844,184.52000427246094,328.8349304199219,150.39794921875,158.65159606933594,201.6980743408203,281.9189147949219,419.103271484375,168.452880859375,104.97310638427734
2024-09-12,221.52330017089844,187.0,333.3306579589844,153.91014099121094,158.47833251953125,201.0849151611328,283.97821044921875,423.02642822265625,168.0170135498047,106.41778564453125
2024-09-13,221.25479125976562,186.49000549316406,338.9552001953125,156.66616821289062,159.32540893554688,198.8657684326172,288.03851318359375,426.5830078125,168.6078338623047,106.34125518798828
2024-09-16,215.109375,184.88999938964844,341.5564270019531,157.2631378173828,160.74038696289062,202.31126403808594,288.1938781738281,427.3260192871094,171.6685028076172,107.83375549316406
2024-09-17,215.5767364501953,186.8800048828125,347.1810302734375,158.51681518554688,160.81741333007812,203.66416931152344,285.338134765625,431.1005554199219,170.3512725830078,109.24015045166016
2024-09-18,219.45492553710938,186.42999267578125,348.5846862792969,159.0043182373047,159.9318389892578,201.9900665283203,283.6673583984375,426.80096435546875,168.452880859375,109.62285614013672
2024-09-19,227.5891571044922,189.8699951171875,366.4399108886719,161.32257080078125,158.65159606933594,204.861328125,285.43524169921875,434.607666015625,166.1476593017578,110.98140716552734
2024-09-20,226.9228973388672,191.60000610351562,362.0325622558594,162.76527404785156,158.01629638671875,205.4550323486328,288.32989501953125,431.2194519042969,168.74343872070312,110.28298950195312
2024-09-23,225.2025909423828,193.8800048828125,364.33929443359375,161.03404235839844,157.11146545410156,205.79568481445312,290.49603271484375,429.475830078125,168.30758666992188,112.2825698852539
2024-09-24,226.09751892089844,193.9600067138672,378.82763671875,161.47181701660156,156.6879425048828,205.94168090820312,291.6714172363281,425.17626953125,167.79425048828125,111.98599243164062
2024-09-25,225.10311889648438,192.52999877929688,371.28900146484375,160.6758575439453,154.58953857421875,204.57907104492188,291.8656921386719,428.0888366699219,166.8450469970703,109.80461883544922
2024-09-26,226.24671936035156,191.16000366210938,383.7651062011719,161.90960693359375,155.34996032714844,204.18002319335938,294.9546203613281,427.2962951660156,167.76519775390625,107.91986083984375
2024-09-27,226.51516723632812,187.97000122070312,383.8828430175781,163.12344360351562,155.35958862304688,204.88079833984375,294.99346923828125,424.03692626953125,168.09449768066406,110.8092041015625
2024-09-30,231.69602966308594,186.3300018310547,383.92218017578125,165.0138702392578,155.99488830566406,205.23118591308594,295.78997802734375,426.29571533203125,167.7554931640625,112.14864349365234
2024-10-01,224.9440460205078,185.1300048828125,385.16876220703125,166.1481475830078,155.92752075195312,201.51315307617188,294.3038024902344,416.775146484375,167.60052490234375,114.74138641357422
2024-10-02,225.51084899902344,184.75999450683594,386.7982177734375,165.02383422851562,155.13819885253906,201.7564697265625,295.0614929199219,413.248291015625,166.51573181152344,116.2625961303711
2024-10-03,224.40704345703125,181.9600067138672,383.8927001953125,165.02383422851562,154.49327087402344,199.75148010253906,294.7603759765625,412.66375732421875,164.77232360839844,117.27674102783203
2024-10-04,225.5307159423828,186.50999450683594,389.78228759765625,166.21775817871094,154.29112243652344,206.8413848876953,295.0614929199219,412.188232421875,163.57130432128906,119.42939758300781
2024-10-07,220.44932556152344,180.8000030517578,390.9208984375,162.15834045410156,153.5595703125,206.55738830566406,292.23480224609375,405.7289123535156,161.8666229248047,119.94603729248047
2024-10-08,224.50648498535156,182.72000122070312,380.8202819824219,163.55128479003906,153.7135772705078,206.38111877441406,293.25469970703125,410.8507995605469,162.8739471435547,116.76010131835938
2024-10-09,228.25537109375,185.1699981689453,388.8988342285156,161.04397583007812,154.6376495361328,208.99578857421875,295.1294250488281,413.5751953125,163.9490509033203,116.80793762207031
2024-10-10,227.7581787109375,186.64999389648438,389.3406066894531,161.2628936767578,154.50289916992188,208.4278106689453,295.33343505859375,411.97027587890625,163.63909912109375,117.81250762939453
2024-10-11,226.2765350341797,188.82000732421875,394.62158203125,162.4170379638672,155.41734313964844,217.681884765625,296.3048095703125,412.44580078125,165.7118377685547,118.2621841430664
2024-10-14,230.00555419921875,187.5399932861328,386.7001037597656,164.12835693359375,155.5521240234375,216.88868713378906,300.9673767089844,415.23956298828125,167.0872039794922,118.71184539794922
2024-10-15,232.54127502441406,187.69000244140625,380.84979248046875,164.6258544921875,157.95855712890625,217.7798309326172,304.3670959472656,414.8432922363281,168.11387634277344,115.1432113647461
2024-10-16,230.4828338623047,186.88999938964844,386.37615966796875,164.3273468017578,158.13180541992188,219.00392150878906,303.95916748046875,412.2476501464844,166.96127319335938,115.43980407714844
2024-10-17,230.8507843017578,187.52999877929688,387.2301025390625,162.1085968017578,158.314697265625,219.7677459716797,305.68817138671875,412.8420715332031,166.86444091796875,115.1432113647461
2024-10-18,233.68482971191406,188.99000549316406,386.6117248535156,162.5961151123047,158.94036865234375,220.6980438232422,307.4949035644531,414.2687072753906,166.87124633789062,114.81792449951172
2024-10-21,235.15655517578125,189.07000732421875,384.6710510253906,163.24285888671875,156.73606872558594,218.377197265625,305.87274169921875,414.8829345703125,165.17601013183594,114.88490295410156
2024-10-22,234.54002380371094,189.6999969482422,382.68109130859375,164.3074493408203,157.33287048339844,219.4739532470703,305.678466796875,423.53167724609375,165.3319091796875,115.47807312011719
2024-10-23,229.4685516357422,184.7100067138672,379.9917297363281,161.9593505859375,159.65267944335938,218.7786865234375,290.0201110839844,420.6487731933594,165.21499633789062,115.0666732788086
2024-10-24,229.27963256835938,186.3800048828125,381.3019104003906,161.899658203125,157.5446319580078,220.31613159179688,292.94384765625,420.7775573730469,165.25396728515625,114.41609954833984
2024-10-25,230.1149444580078,187.8300018310547,380.2281494140625,164.43679809570312,154.8590545654297,217.70147705078125,284.2307434082031,424.1657409667969,163.88999938964844,114.32041931152344
2024-10-28,232.0937957763672,188.38999938964844,384.799072265625,165.87948608398438,155.5521240234375,220.8253631591797,288.29107666015625,422.6202392578125,164.9422149658203,113.75594329833984
2024-10-29,232.3623046875,190.8300018310547,381.7452392578125,168.8245849609375,154.09861755371094,218.2792510986328,286.55230712890625,427.9303894042969,162.86703491210938,112.2060317993164
2024-10-30,228.81227111816406,192.72999572753906,373.5982360839844,173.5804443359375,154.59918212890625,219.75794982910156,283.17193603515625,428.5049743652344,161.88304138183594,111.64156341552734
2024-10-31,224.64572143554688,186.39999389648438,370.603515625,170.24734497070312,153.87722778320312,217.31956481933594,283.74505615234375,402.5686340332031,160.92825317382812,111.72766876220703
2024-11-01,221.66250610351562,197.92999267578125,373.9824523925781,170.42642211914062,154.13711547851562,218.3184356689453,286.75628662109375,406.5511779785156,160.85031127929688,109.97683715820312
2024-11-04,220.76751708984375,195.77999877929688,370.918701171875,168.38677978515625,152.31787109375,215.22393798828125,284.4638977050781,404.658935546875,160.83082580566406,113.47850036621094
2024-11-05,222.199462890625,199.5,377.66680908203125,168.88426208496094,152.42373657226562,216.8984832763672,288.8058776855469,407.63104248046875,161.49331665039062,113.8133544921875
2024-11-06,221.4735565185547,207.08999633789062,410.6783142089844,175.62013244628906,151.97132873535156,241.93841552734375,285.5809631347656,416.2699279785156,156.90455627441406,115.76509094238281
2024-11-07,226.20692443847656,210.0500030517578,402.13726806640625,179.8387451171875,150.86436462402344,231.4798126220703,286.2220764160156,421.47100830078125,159.20382690429688,115.90861511230469
2024-11-08,225.93814086914062,208.17999267578125,387.5180358886719,177.4508514404297,149.65151977539062,232.06735229492188,290.4085998535156,418.6079406738281,163.39315795898438,115.8703384399414
2024-11-11,223.22042846679688,206.83999633789062,390.6408996582031,179.44076538085938,149.23760986328125,234.32948303222656,292.89532470703125,414.1200866699219,161.75637817382812,115.25801849365234
2024-11-12,223.22042846679688,208.91000366210938,387.1634216308594,180.70437622070312,146.92742919921875,234.59388732910156,290.0977783203125,419.0933837890625,161.57125854492188,115.1432113647461
2024-11-13,224.10641479492188,214.10000610351562,381.3117980957031,177.97817993164062,147.50498962402344,236.1607208251953,288.83502197265625,421.2431945800781,162.29222106933594,116.21476745605469
2024-11-14,227.19244384765625,211.47999572753906,381.59747314453125,174.69483947753906,146.18624877929688,236.8560028076172,290.0103454589844,422.91748046875,162.7793426513672,116.29193115234375
2024-11-15,223.98695373535156,202.61000061035156,378.3564147949219,171.6204071044922,148.23654174804688,240.22467041015625,284.25018310546875,411.1380920410156,165.17601013183594,115.086181640625
2024-11-18,226.9933624267578,201.6999969482422,378.7406311035156,174.41624450683594,148.97772216796875,239.95050048828125,282.7640075683594,411.8910217285156,166.35488891601562,116.05078887939453
2024-11-19,227.25218200683594,204.61000061035156,376.64227294921875,177.2220001220703,147.27395629882812,238.05072021484375,282.40460205078125,413.90216064453125,166.36460876464844,114.43024444580078
2024-11-20,227.96896362304688,202.8800048828125,375.82464599609375,175.09280395507812,147.37985229492188,235.78858947753906,282.5794372558594,411.6235046386719,166.49127197265625,116.06043243408203
2024-11-21,227.49111938476562,198.3800048828125,383.7942810058594,166.78489685058594,149.68038940429688,239.68609619140625,280.2093505859375,409.8466491699219,168.30340576171875,117.61343383789062
2024-11-22,228.8350372314453,197.1199951171875,391.57672119140625,163.9293670654297,149.36273193359375,243.3975372314453,281.96746826171875,413.9463806152344,171.74253845214844,117.47837829589844
2024-11-25,231.82151794433594,201.4499969482422,399.6153564453125,166.80477905273438,149.94992065429688,245.10145568847656,287.708251953125,415.7232971191406,172.82395935058594,115.72282409667969
2024-11-26,234.0016632080078,207.86000061035156,401.7629089355469,168.2673797607422,149.93052673339844,244.7880859375,287.8442077636719,424.8559265136719,174.69454956054688,113.79362487792969
2024-11-27,233.8722381591797,205.74000549316406,397.69439697265625,168.3768310546875,150.78436279296875,244.61180114746094,286.6300048828125,419.89251708984375,174.74325561523438,113.49459838867188
2024-11-29,236.26144409179688,207.88999938964844,400.0685119628906,168.09823608398438,150.4059600830078,244.54327392578125,287.5334167480469,420.3591003417969,174.6458282470703,113.78398132324219
2024-12-02,238.51126098632812,210.7100067138672,396.5221252441406,170.62542724609375,150.20220947265625,241.1452178955078,285.7744140625,427.82403564453125,175.0745086669922,113.67786407470703
2024-12-03,241.55747985839844,213.44000244140625,393.3204345703125,170.47621154785156,147.8346710205078,239.74485778808594,287.7875061035156,428.0424499511719,170.9046630859375,113.5042495727539
2024-12-04,241.91587829589844,218.16000366210938,393.5667419433594,173.49090576171875,146.00082397460938,238.35426330566406,288.3639831542969,434.21685791015625,170.60264587402344,110.23426055908203
2024-12-05,241.9457244873047,220.5500030517578,389.1041259765625,171.76963806152344,145.07904052734375,240.39117431640625,292.6441955566406,439.3787841796875,171.49896240234375,110.71654510498047
2024-12-06,241.7466278076172,227.02999877929688,389.1533508300781,173.82923889160156,144.875244140625,242.23220825195312,292.1653747558594,440.32183837890625,169.3458709716797,109.54939270019531
2024-12-09,245.6390380859375,226.08999633789062,393.3204345703125,174.68585205078125,145.15664672851562,238.7557830810547,294.5008544921875,442.7538757324219,166.3938446044922,108.90310668945312
2024-12-10,246.65443420410156,225.0399932861328,382.6121520996094,184.4476318359375,144.79763793945312,237.8254852294922,293.8559265136719,440.08355712890625,167.84552001953125,108.68124389648438
2024-12-11,245.3802032470703,230.25999450683594,383.0849914550781,194.63771057128906,142.28457641601562,238.48158264160156,289.3509826660156,445.7021789550781,166.2379913330078,107.95780944824219
2024-12-12,246.84359741210938,228.97000122070312,375.1153564453125,191.2111358642578,141.89645385742188,236.52305603027344,289.8689270019531,446.2679748535156,166.4523162841797,107.86134338378906
2024-12-13,247.0128173828125,227.4600067138672,374.8493957519531,189.07949829101562,142.26516723632812,234.96600341796875,289.8395690917969,443.9947509765625,166.65689086914062,106.91603088378906
2024-12-16,249.90972900390625,232.92999267578125,373.2829895019531,195.89279174804688,139.57745361328125,234.61346435546875,290.9242858886719,448.2831115722656,166.73484802246094,104.62994384765625
2024-12-17,252.33872985839844,231.14999389648438,370.20941162109375,194.65762329101562,142.06138610839844,233.4187774658203,289.3314514160156,451.132080078125,165.94569396972656,104.18623352050781
2024-12-18,246.9331817626953,220.52000427246094,358.47662353515625,187.66500854492188,140.45069885253906,225.59439086914062,284.2499694824219,434.18707275390625,164.72787475585938,102.65251922607422
2024-12-19,248.66534423828125,223.2899932861328,355.00897216796875,187.7745819091797,139.31546020507812,228.13072204589844,283.61480712890625,433.8297424316406,164.8350372314453,101.77472686767578
2024-12-20,253.3441925048828,224.9199981689453,360.5946350097656,190.6632843017578,140.17901611328125,232.67453002929688,286.0089111328125,433.4029235839844,163.734130859375,102.12198638916016
2024-12-23,254.1206817626953,225.05999755859375,359.95428466796875,193.8707275390625,140.95526123046875,233.44813537597656,284.6506652832031,432.0627746582031,163.78285217285156,102.5367660522461
2024-12-24,257.0375061035156,229.0500030517578,362.10186767578125,195.34494018554688,141.51803588867188,237.28688049316406,287.2890625,436.1128845214844,164.59146118164062,102.63321685791016
2024-12-26,257.853759765625,227.0500030517578,361.6585693359375,194.83694458007812,141.25604248046875,238.09967041015625,288.0805969238281,434.90179443359375,165.78009033203125,102.72003936767578
2024-12-27,254.43922424316406,223.75,359.4321594238281,192.0080108642578,140.74179077148438,236.17051696777344,286.927490234375,427.3773193359375,165.16629028320312,102.71039581298828
2024-12-30,251.06448364257812,221.3000030517578,357.6097106933594,190.4939422607422,139.08258056640625,234.35887145996094,282.9991760253906,421.7190246582031,162.78907775878906,102.01588439941406
2024-12-31,249.29251098632812,219.38999938964844,357.3634033203125,188.5615234375,140.32455444335938,234.7407989501953,283.2825622558594,418.4134521484375,163.33468627929688,103.76180267333984
2025-01-02,242.75209045410156,220.22000122070312,354.4178771972656,188.6909942626953,139.7423858642578,235.02474975585938,285.8428649902344,415.51483154296875,161.70765686035156,103.5110092163086
2025-01-03,242.2642822265625,224.19000244140625,358.37811279296875,191.0417938232422,139.90733337402344,238.2367706298828,288.06109619140625,420.2499084472656,160.87954711914062,104.04153442382812
2025-01-06,243.8969268798828,227.61000061035156,358.7820129394531,196.10198974609375,139.39308166503906,237.0752716064453,285.52032470703125,424.71697998046875,156.4661407470703,103.92578887939453
2025-01-07,241.11947631835938,222.11000061035156,357.599853515625,194.7273712158203,141.88674926757812,239.35890197753906,282.74505615234375,419.2770690917969,157.14813232421875,104.9000244140625
2025-01-08,241.60726928710938,222.1300048828125,355.6985778808594,193.19337463378906,138.04437255859375,239.3195343017578,280.3606872558594,421.4510192871094,157.9275360107422,103.14447021484375
2025-01-10,235.7836151123047,218.94000244140625,345.77838134765625,191.2908172607422,137.84059143066406,236.11061096191406,275.8752746582031,415.8821105957031,154.47865295410156,102.76826477050781
2025-01-13,233.34461975097656,218.4600067138672,357.1072692871094,190.26483154296875,140.17901611328125,240.38262939453125,277.16522216796875,414.1350402832031,154.75144958496094,105.42091369628906
2025-01-14,232.22967529296875,217.75999450683594,366.0423583984375,188.9200897216797,140.45069885253906,243.5915069580078,275.16192626953125,412.6261291503906,155.62828063964844,105.835693359375
2025-01-15,236.7989959716797,223.35000610351562,369.31298828125,194.78712463378906,140.66416931152344,248.39503479003906,275.8655090332031,423.1882019042969,155.5406036376953,107.56232452392578
2025-01-16,227.23228454589844,220.66000366210938,374.88873291015625,192.1574249267578,143.38101196289062,250.28494262695312,273.3638916015625,421.47088623046875,156.36871337890625,107.37904357910156
2025-01-17,228.9445343017578,225.94000244140625,380.27740478515625,195.23536682128906,142.66299438476562,255.09829711914062,274.5462951660156,425.8883056640625,156.98251342773438,108.34364318847656
2025-01-21,221.63758850097656,230.7100067138672,393.8724670410156,197.27737426757812,143.7497100830078,258.9076232910156,276.16845703125,425.3622131347656,157.55731201171875,107.52373504638672
2025-01-22,222.8222198486328,235.00999450683594,393.13092041015625,197.5961151123047,140.95526123046875,258.7206115722656,274.9372253417969,442.9325866699219,160.49957275390625,105.65242004394531
2025-01-23,222.6529998779297,235.4199981689453,401.8219299316406,197.2076416015625,142.28457641601562,261.7818908691406,277.94696044921875,443.4388122558594,161.873291015625,106.2504653930664
2025-01-24,221.77696228027344,234.85000610351562,403.0380859375,199.428955078125,142.459228515625,260.6893005371094,278.9534912109375,440.8082580566406,160.8705291748047,104.81321716308594
2025-01-27,228.82508850097656,235.4199981689453,390.5306091308594,191.0617218017578,148.3489227294922,261.6834411621094,286.40960693359375,431.3778076171875,166.3008575439453,106.2697525024414
2025-01-28,237.187255859375,238.14999389648438,385.8934020996094,194.53811645507812,145.9134979248047,262.9532470703125,284.51385498046875,443.9252624511719,162.89955139160156,104.21516418457031
2025-01-29,238.2823028564453,237.07000732421875,388.8003234863281,194.64767456054688,146.66061401367188,262.4019775390625,283.4975280761719,439.09088134765625,162.93875122070312,104.82286071777344
2025-01-30,236.520263671875,234.63999938964844,370.7558898925781,200.08636474609375,148.32952880859375,264.0261535644531,283.7027587890625,411.95111083984375,164.0954132080078,105.69100189208984
2025-01-31,234.93743896484375,237.67999267578125,367.2557678222656,203.22409057617188,147.6309051513672,263.1107177734375,282.1196594238281,412.0206298828125,162.70352172851562,103.04800415039062
2025-02-03,226.9833984375,237.4199981689453,357.4771423339844,200.4449462890625,147.35923767089844,262.6283874511719,283.43890380859375,407.9109802246094,165.4186553955078,103.29878997802734
2025-02-04,231.75184631347656,242.05999755859375,357.8726501464844,205.5748748779297,148.9311065673828,263.74072265625,283.1652526855469,409.35028076171875,164.80116271972656,106.06719207763672
2025-02-05,231.42333984375,236.1699981689453,354.8075866699219,190.58360290527344,150.09547424316406,266.191650390625,282.2466735839844,410.2635803222656,165.66372680664062,105.99002838134766
2025-02-06,232.16995239257812,238.8300018310547,361.3332214355469,190.85255432128906,148.9505157470703,272.5602722167969,287.650634765625,412.7750244140625,165.5363006591797,104.59135437011719
2025-02-07,226.60513305664062,229.14999389648438,359.7809143066406,184.61695861816406,148.57208251953125,271.4775085449219,287.5920104980469,406.7494812011719,164.64431762695312,105.03507232666016
2025-02-10,226.8741912841797,233.13999938964844,359.12835693359375,185.74256896972656,149.6588592529297,266.7921447753906,301.3902282714844,409.2013854980469,164.21302795410156,107.04143524169922
2025-02-11,231.82725524902344,232.75999450683594,358.14947509765625,184.59706115722656,151.49269104003906,270.68017578125,303.1393737792969,408.4271240234375,166.0753936767578,107.7166519165039
2025-02-12,236.06277465820312,228.92999267578125,348.0743103027344,182.8937225341797,150.64852905273438,271.1330261230469,300.5888671875,406.044677734375,166.22244262695312,104.47581481933594
2025-02-13,240.70689392089844,230.3699951171875,349.7156066894531,185.41384887695312,152.57943725585938,271.9893798828125,302.9537048339844,407.5337219238281,167.63392639160156,105.23492431640625
2025-02-14,243.7664337158203,228.67999267578125,349.3398742675781,184.50738525390625,151.51210021972656,272.255126953125,301.5172119140625,405.43914794921875,159.66490173339844,105.34198760986328
2025-02-18,243.6368865966797,226.64999389648438,350.01220703125,183.05307006835938,151.59034729003906,275.5625,297.88201904296875,406.6402893066406,162.15460205078125,107.19111633300781
2025-02-19,244.03550720214844,226.6300048828125,349.0234375,184.5472412109375,154.42674255371094,274.8734436035156,295.0578918457031,411.7326965332031,163.193603515625,107.34683227539062
2025-02-20,244.99224853515625,222.8800048828125,345.21685791015625,183.83999633789062,156.17745971679688,262.6185607910156,296.142578125,413.91107177734375,163.8993682861328,109.00131225585938
2025-02-21,244.7132110595703,216.5800018310547,336.20947265625,178.9591064453125,158.74000549316406,260.0986633300781,297.86248779296875,406.03326416015625,166.85955810546875,107.72639465332031
2025-02-24,246.25791931152344,212.7100067138672,335.1020812988281,178.5507049560547,160.14842224121094,257.244140625,300.5595703125,401.8457336425781,167.16342163085938,108.29085540771484
2025-02-25,246.19810485839844,212.8000030517578,338.5033264160156,174.7356414794922,162.44686889648438,253.3658905029297,303.63775634765625,395.7782287597656,169.23165893554688,106.7920913696289
2025-02-26,239.5408935546875,214.35000610351562,338.7208557128906,172.05613708496094,159.50291442871094,254.7340850830078,297.3347473144531,397.5984802246094,167.9083709716797,106.52931213378906
2025-02-27,236.49131774902344,208.74000549316406,336.1698913574219,167.8426513671875,160.13864135742188,254.989990234375,302.8853454589844,390.4368896484375,168.56512451171875,107.20084381103516
2025-02-28,241.01583862304688,212.27999877929688,340.075439453125,169.61569213867188,161.4003448486328,260.50225830078125,301.30224609375,394.87310791015625,170.3980712890625,108.34925079345703
2025-03-03,237.21881103515625,205.02000427246094,328.2995910644531,166.3584747314453,163.61077880859375,256.5354309082031,299.0711669921875,386.4184265136719,172.11343383789062,104.87483978271484
2025-03-04,235.1259765625,203.8000030517578,323.0691833496094,170.2532196044922,161.79156494140625,246.3279571533203,300.5257568359375,386.53778076171875,169.7511444091797,104.66072845458984
2025-03-05,234.93663024902344,208.36000061035156,334.6769104003906,172.3450164794922,161.49813842773438,247.587890625,302.1769714355469,398.8816223144531,171.15284729003906,102.61695861816406
2025-03-06,234.52801513671875,200.6999969482422,337.16851806640625,171.67764282226562,162.1925811767578,242.6760711669922,305.046875,394.7736511230469,171.2018585205078,104.73858642578125
2025-03-07,238.25527954101562,199.25,346.3538818359375,173.18174743652344,163.03372192382812,238.4828643798828,315.77960205078125,391.2127380371094,172.46630859375,106.10108947753906
2025-03-10,226.70477294921875,194.5399932861328,341.3211975097656,165.41319274902344,164.02154541015625,228.5805206298828,311.8088684082031,378.13287353515625,172.77017211914062,108.80667114257812
2025-03-11,220.08740234375,196.58999633789062,335.9425048828125,163.58822631835938,162.22190856933594,225.54879760742188,301.498779296875,378.4212951660156,169.6923370361328,106.23735809326172
2025-03-12,216.24057006835938,198.88999938964844,334.32098388671875,166.6497802734375,159.27793884277344,224.3282012939453,294.2650451660156,381.22625732421875,165.036376953125,106.20816040039062
2025-03-13,208.96543884277344,193.88999938964844,329.5552673339844,162.311767578125,159.41488647460938,221.66070556640625,292.3976135253906,376.750244140625,165.2520294189453,105.76046752929688
2025-03-14,212.76246643066406,197.9499969482422,335.8139953613281,165.03424072265625,159.2388153076172,228.7970733642578,294.6876525878906,386.4880676269531,164.64431762695312,108.90399169921875
2025-03-17,213.27072143554688,195.74000549316406,338.7801818847656,163.83753967285156,159.26815795898438,230.2637176513672,298.75665283203125,386.6273193359375,166.39886474609375,110.71420288085938
2025-03-18,211.96519470214844,192.82000732421875,332.9169921875,160.22750854492188,160.64723205566406,231.28741455078125,298.39300537109375,381.4749450683594,164.38946533203125,110.59740447998047
2025-03-19,214.50650024414062,195.5399932861328,334.8054504394531,163.43865966796875,159.41488647460938,235.36253356933594,301.65606689453125,385.75201416015625,165.23243713378906,112.32002258300781
2025-03-20,213.37037658691406,194.9499969482422,332.462158203125,162.35165405273438,159.4442138671875,235.2641143798828,301.73468017578125,384.7772216796875,164.23263549804688,112.7968978881836
2025-03-21,217.5261688232422,196.2100067138672,331.9974365234375,163.5383758544922,160.0408477783203,237.84304809570312,300.201416015625,389.1736755371094,163.3896484375,112.40760040283203
2025-03-24,219.977783203125,203.25999450683594,337.82110595703125,167.2182159423828,159.70826721191406,244.17227172851562,300.427490234375,390.9839782714844,162.37025451660156,112.69957733154297
2025-03-25,222.98748779296875,205.7100067138672,338.7604064941406,170.0902862548828,157.4880828857422,247.19415283203125,301.65606689453125,393.0528869628906,159.62570190429688,113.46841430664062
2025-03-26,220.77503967285156,201.1300048828125,337.26739501953125,164.6054229736328,158.1727294921875,247.09573364257812,308.2018127441406,387.89056396484375,163.28184509277344,115.10343933105469
2025-03-27,223.08714294433594,201.36000061035156,335.4778137207031,161.79319763183594,159.5518035888672,244.2313232421875,307.32708740234375,388.497314453125,165.36965942382812,114.73361206054688
2025-03-28,217.15740966796875,192.72000122070312,325.9760437011719,153.9049835205078,160.1190948486328,239.04393005371094,301.8231506347656,376.78009033203125,164.70314025878906,114.5779037475586
2025-03-31,221.37301635742188,190.25999450683594,326.0848083496094,154.21412658691406,162.20236206054688,241.45553588867188,307.0126037597656,373.3883056640625,167.04580688476562,115.74576568603516
2025-04-01,222.4293975830078,192.1699981689453,326.8461608886719,156.63743591308594,149.88851928710938,239.84121704101562,308.2509765625,380.15203857421875,167.1830291748047,115.85282897949219
2025-04-02,223.12701416015625,196.00999450683594,330.89007568359375,156.60751342773438,151.9522247314453,241.96739196777344,306.2361145019531,380.1023254394531,166.14402770996094,115.49272155761719
2025-04-03,202.49757385253906,178.41000366210938,302.3156433105469,150.304931640625,156.3144073486328,225.1058349609375,312.8114013671875,371.1204528808594,168.97679138183594,109.41980743408203
2025-04-04,187.738037109375,171.0,284.83477783203125,145.19903564453125,149.87875366210938,208.25929260253906,294.96282958984375,357.9212341308594,160.5078582763672,101.54640197753906
2025-04-07,180.84161376953125,175.25999450683594,276.9051513671875,146.34584045410156,147.3162078857422,212.37933349609375,294.74664306640625,355.9517822265625,157.05755615234375,100.18388366699219
2025-04-08,171.83242797851562,170.66000366210938,270.8540954589844,144.30149841308594,146.7097930908203,214.7859649658203,294.6876525878906,352.66937255859375,155.25399780273438,98.07198333740234
2025-04-09,198.17234802246094,191.10000610351562,297.619140625,158.27291870117188,147.6585235595703,232.0880889892578,298.746826171875,388.4077453613281,159.10618591308594,102.96731567382812
2025-04-10,189.7710723876953,181.22000122070312,285.90264892578125,152.39913940429688,145.42852783203125,224.92758178710938,301.5184631347656,379.3164978027344,160.32162475585938,97.25447845458984
2025-04-11,197.47471618652344,184.8699951171875,290.144287109375,156.70724487304688,148.40185546875,233.93020629882812,304.5849609375,386.3786926269531,163.6053009033203,100.37853240966797
2025-04-14,201.829833984375,182.1199951171875,294.7616882324219,158.63194274902344,150.97418212890625,232.4644317626953,310.6491394042969,385.7420654296875,165.78134155273438,100.62184143066406
2025-04-15,201.45114135742188,179.58999633789062,290.12451171875,155.87953186035156,150.25039672851562,230.8897247314453,307.1206970214844,383.67315673828125,165.1343994140625,100.339599609375
2025-04-16,193.6079559326172,174.3300018310547,286.8716125488281,152.90773010253906,150.5340576171875,227.40354919433594,303.7986755371094,369.6284484863281,163.09559631347656,101.40042114257812
2025-04-17,196.3087158203125,172.61000061035156,290.935302734375,150.74371337890625,154.01596069335938,229.73097229003906,305.9609069824219,365.8188781738281,167.25164794921875,104.05731964111328
2025-04-21,192.50172424316406,167.32000732421875,282.8879699707031,147.26332092285156,153.47801208496094,226.7895050048828,303.4251708984375,357.2050476074219,163.48098754882812,102.52935791015625
2025-04-22,199.059326171875,173.17999267578125,289.2761535644531,151.0528564453125,154.28981018066406,233.32608032226562,313.60748291015625,364.864013671875,165.5818328857422,105.40038299560547
2025-04-23,203.9027557373047,180.60000610351562,293.8462219238281,154.92218017578125,151.9718017578125,238.56524658203125,313.017822265625,372.3936462402344,163.46124267578125,104.49527740478516
2025-04-24,207.65989685058594,186.5399932861328,304.8641052246094,158.84133911132812,151.53164672851562,242.2891082763672,310.7965393066406,385.2347717285156,157.34613037109375,105.7215347290039
2025-04-25,208.56680297851562,188.99000549316406,304.456787109375,161.51397705078125,151.18936157226562,241.2095947265625,311.3076171875,389.7605285644531,158.81573486328125,105.66314697265625
2025-04-28,209.4238739013672,187.6999969482422,305.06280517578125,160.16769409179688,151.9424591064453,240.8827667236328,311.3764343261719,389.0741882324219,159.63438415527344,105.7215347290039
2025-04-29,210.49021911621094,187.38999938964844,305.40057373046875,159.71893310546875,152.49017333984375,242.26930236816406,309.1060791015625,391.9388427734375,160.03875732421875,105.45877838134766
2025-04-30,211.77584838867188,184.4199981689453,307.2583923339844,158.3626708984375,152.88137817382812,242.26930236816406,314.167724609375,393.1523742675781,160.3445281982422,102.80186462402344
2025-05-01,212.59304809570312,190.1999969482422,311.9179382324219,160.85577392578125,151.07199096679688,244.51748657226562,308.2608337402344,423.1316223144531,157.7899627685547,102.94784545898438
2025-05-02,204.65020751953125,189.97999572753906,321.5746765136719,163.57827758789062,152.69554138183594,250.08348083496094,306.609619140625,432.95892333984375,158.32257080078125,103.3663330078125
2025-05-05,198.21221923828125,186.35000610351562,321.0083923339844,163.75778198242188,151.60012817382812,250.1330108642578,310.3051452636719,433.8442077636719,156.65573120117188,100.50505065917969
2025-05-06,197.83349609375,185.00999450683594,318.8028564453125,162.78045654296875,151.08175659179688,246.8548126220703,311.3567810058594,430.99945068359375,157.06996154785156,101.906494140625
2025-05-07,195.58120727539062,188.7100067138672,318.2067565917969,150.96311950683594,153.8496856689453,246.99346923828125,312.673828125,431.03924560546875,157.10940551757812,101.8091812133789
2025-05-08,196.81698608398438,192.0800018310547,322.1409912109375,153.85513305664062,152.2456512451172,251.03427124023438,308.1133728027344,435.83355712890625,156.47817993164062,103.23008728027344
2025-05-09,197.8534393310547,193.05999755859375,323.5020751953125,152.32933044433594,150.8372344970703,250.6480255126953,308.30010986328125,436.39056396484375,155.50173950195312,104.43688201904297
2025-05-12,210.3471221923828,208.63999938964844,340.3219299316406,158.0236053466797,150.7589874267578,257.551025390625,306.5703125,446.8643798828125,158.69737243652344,106.23735809326172
2025-05-13,212.48263549804688,211.3699951171875,350.2469787597656,159.0906524658203,145.1840362548828,260.48260498046875,303.39569091796875,446.74505615234375,156.5570831298828,106.52931213378906
2025-05-14,211.8839111328125,210.25,347.3857116699219,164.91456604003906,143.149658203125,263.08734130859375,302.2261047363281,450.5247497558594,155.8568115234375,105.5755615234375
2025-05-15,211.00575256347656,205.1699981689453,347.53472900390625,163.5084686279297,146.328369140625,264.9195251464844,309.0863952636719,451.5412292480469,160.18670654296875,106.64614868164062
2025-05-16,210.81614685058594,205.58999633789062,351.28021240234375,165.73231506347656,148.01065063476562,264.9888610839844,313.1455383300781,452.67718505859375,161.04478454589844,106.26309967041016
2025-05-19,208.3413543701172,206.16000366210938,350.27679443359375,166.0813446044922,149.1451873779297,262.3346252441406,315.72064208984375,457.26104736328125,162.514404296875,104.57372283935547
2025-05-20,206.42539978027344,204.07000732421875,347.216796875,163.52841186523438,150.28952026367188,263.1269226074219,314.31512451171875,456.56353759765625,163.3724822998047,103.08079528808594
2025-05-21,201.66542053222656,201.1199951171875,340.2822265625,168.09579467773438,149.82003784179688,258.5315246582031,311.01275634765625,450.9831848144531,163.1653594970703,101.81377410888672
2025-05-22,200.93695068359375,203.10000610351562,342.9447937011719,170.39942932128906,149.26254272460938,258.16510009765625,308.9193115234375,453.26513671875,162.77084350585938,101.13606262207031
2025-05-23,194.8597412109375,200.99000549316406,341.1565246582031,168.00604248046875,149.5853271484375,258.2046813964844,309.17486572265625,448.6015319824219,163.5894775390625,101.19499206542969
2025-05-27,199.78936767578125,206.02000427246094,349.22369384765625,172.42384338378906,151.17349243164062,262.7406921386719,309.54833984375,459.07470703125,165.46347045898438,101.67626190185547
2025-05-28,199.99893188476562,204.72000122070312,347.216796875,171.8853302001953,150.36459350585938,260.9579772949219,307.4745178222656,455.75634765625,165.06895446777344,100.2913818359375
2025-05-29,199.5299072265625,205.6999969482422,349.5018615722656,171.38670349121094,151.4990234375,261.82952880859375,306.5113220214844,457.0717468261719,166.25250244140625,100.86105346679688
2025-05-30,200.4280242919922,205.00999450683594,345.7663269042969,171.2670440673828,153.10694885253906,261.46307373046875,308.46722412109375,458.7458190917969,167.56431579589844,100.4780044555664
2025-06-02,201.27622985839844,206.64999389648438,342.4281921386719,168.5644989013672,153.2943572998047,262.1167297363281,309.06024169921875,460.3502197265625,165.48318481445312,101.21463775634766
2025-06-03,202.8429412841797,205.7100067138672,347.1274108886719,165.72235107421875,152.32763671875,263.71124267578125,308.77362060546875,461.3466796875,164.56593322753906,101.95128631591797
2025-06-04,202.3938751220703,207.22999572753906,347.0578308105469,167.58718872070312,151.14390563964844,261.68096923828125,307.9631042480469,462.2435302734375,163.67823791503906,100.4780044555664
2025-06-05,200.20848083496094,207.91000366210938,346.6902770996094,167.74676513671875,151.57794189453125,259.43280029296875,305.403076171875,466.0401611328125,160.57138061523438,100.01637268066406
2025-06-06,203.49156188964844,213.57000732421875,351.05169677734375,173.20167541503906,152.92938232421875,263.17645263671875,303.80181884765625,468.7307434082031,161.77467346191406,102.41291046142578
2025-06-09,201.02674865722656,216.97999572753906,355.74102783203125,175.81764221191406,153.1266632080078,264.1767272949219,301.2516784667969,471.0924072265625,160.33465576171875,103.1004409790039
2025-06-10,202.24420166015625,217.61000061035156,356.2377624511719,178.3237762451172,154.33013916015625,266.0188903808594,296.9520568847656,469.26885986328125,160.61082458496094,105.31037139892578
2025-06-11,198.36236572265625,213.1999969482422,360.778076171875,177.07569885253906,153.15625,265.5732116699219,298.2271423339844,470.9628601074219,159.8908233642578,107.36314392089844
2025-06-12,198.78147888183594,213.24000549316406,358.6122131347656,175.42825317382812,154.53729248046875,265.6623229980469,299.65045166015625,477.1909484863281,160.9461669921875,107.77566528320312
2025-06-13,196.03726196289062,212.10000610351562,354.7276306152344,174.39984130859375,154.97132873535156,262.4039306640625,298.4149169921875,473.2946472167969,158.08587646484375,110.12310028076172
2025-06-16,198.0031280517578,216.10000610351562,360.08258056640625,176.49659729003906,153.11680603027344,267.7619323730469,292.8599853515625,477.46002197265625,158.6776580810547,110.47669219970703
2025-06-17,195.2289581298828,214.82000732421875,355.3535461425781,175.6778564453125,150.31529235839844,266.92999267578125,288.9260559082031,476.3638610839844,156.3499755859375,111.96961212158203
2025-06-18,196.1669921875,212.52000427246094,357.4597473144531,173.05194091796875,148.68763732910156,271.3273620605469,286.277099609375,478.5561218261719,155.8568115234375,111.17404174804688
2025-06-20,200.5777130126953,209.69000244140625,358.1750793457031,166.38226318359375,147.7603759765625,272.35736083984375,284.1322021484375,475.7261047363281,156.9022979736328,112.65714263916016
2025-06-23,201.07664489746094,208.47000122070312,363.84796142578125,164.93450927734375,149.2696533203125,275.595947265625,286.1683349609375,484.29595947265625,158.82559204101562,109.74986267089844
2025-06-24,199.87918090820312,212.77000427246094,370.5937805175781,166.51206970214844,150.12786865234375,278.5572204589844,288.0957946777344,488.3915100097656,158.16476440429688,106.4104232788086
2025-06-25,201.1365203857422,211.99000549316406,369.1631164550781,170.416015625,150.21664428710938,281.3302917480469,282.2442932128906,490.5439758300781,156.79380798339844,106.43988800048828
2025-06-26,200.5777130126953,217.1199951171875,379.3961486816406,173.27157592773438,149.95028686523438,285.9752197265625,282.3233947753906,495.705810546875,156.45846557617188,108.03103637695312
2025-06-27,200.6575469970703,223.3000030517578,382.2077331542969,178.25387573242188,150.34487915039062,284.3509826660156,288.1748352050781,494.20111083984375,157.67161560058594,107.43190002441406
2025-06-30,204.7389373779297,219.38999938964844,385.6849670410156,175.95742797851562,150.68028259277344,287.12408447265625,288.7876892089844,495.66595458984375,157.13902282714844,105.88004302978516
2025-07-01,207.3833770751953,220.4600067138672,388.3773498535156,175.56802368164062,153.80731201171875,287.6192626953125,294.04608154296875,490.32470703125,159.01300048828125,107.29438781738281
2025-07-02,211.99366760253906,219.9199981689453,395.8385009765625,178.3636932373047,153.4521942138672,289.19403076171875,291.2192077636719,489.36810302734375,158.99327087402344,109.07215881347656
2025-07-03,213.10133361816406,223.41000366210938,395.2721862792969,179.2523193359375,153.89610290527344,294.56787109375,290.6755676269531,497.0909423828125,158.62832641601562,110.20166778564453
2025-07-07,209.50889587402344,223.47000122070312,388.9635314941406,176.5165557861328,153.16612243652344,290.557373046875,290.1319274902344,495.974853515625,158.3028564453125,109.13108825683594
2025-07-08,209.5687713623047,219.36000061035156,391.7254333496094,174.09031677246094,153.6790771484375,281.4118347167969,288.2934875488281,494.8786926269531,155.72857666015625,112.1562271118164
2025-07-09,210.69639587402344,222.5399932861328,399.5640869140625,176.34681701660156,154.16244506835938,281.7900085449219,289.6278381347656,501.74456787109375,155.36366271972656,111.77318572998047
2025-07-10,211.9637451171875,222.25999450683594,405.6741027832031,177.34527587890625,155.55332946777344,286.7956848144531,294.9356689453125,499.7216796875,156.32037353515625,112.88304901123047
2025-07-11,210.7163543701172,225.02000427246094,403.27978515625,179.91131591796875,154.77403259277344,285.4720764160156,296.4380798339844,501.5552062988281,154.90008544921875,113.3741455078125
2025-07-14,208.1816864013672,225.69000244140625,403.1307373046875,181.2791748046875,154.69512939453125,287.30322265625,298.3852844238281,501.2562561035156,151.65512084960938,111.89103698730469
2025-07-15,208.67066955566406,226.35000610351562,402.00811767578125,181.718505859375,153.06747436523438,285.1636047363281,296.15142822265625,504.04644775390625,150.58990478515625,110.89903259277344
2025-07-16,209.7184600830078,223.19000244140625,410.19451904296875,182.68701171875,162.54727172851562,284.4371337890625,295.4397888183594,503.84716796875,151.6255340576172,110.23114013671875
2025-07-17,209.57875061035156,223.8800048828125,415.35076904296875,183.29605102539062,160.7716522216797,288.4974060058594,296.8927307128906,509.9058532714844,153.48963928222656,109.67129516601562
2025-07-18,210.73631286621094,226.1300048828125,411.01910400390625,184.7737579345703,161.4818878173828,289.8607482910156,293.6309509277344,508.2615966796875,154.02293395996094,105.85057067871094
2025-07-21,212.03358459472656,229.3000030517578,408.8952331542969,189.80596923828125,162.13294982910156,289.5622253417969,292.31634521484375,508.2716064453125,153.9534149169922,106.1255874633789
2025-07-22,213.9495391845703,227.47000122070312,415.99481201171875,191.04405212402344,165.6545867919922,290.0199890136719,295.7066650390625,503.4983825683594,157.2205810546875,106.60685729980469
2025-07-23,213.7000732421875,228.2899932861328,426.3650207519531,189.93577575683594,166.80874633789062,295.32421875,294.6687927246094,504.09625244140625,157.18084716796875,107.97209930419922
2025-07-24,213.31089782714844,232.22999572753906,428.28948974609375,191.87277221679688,167.2624969482422,295.1152038574219,291.0709533691406,509.0887451171875,157.70716857910156,108.81678771972656
2025-07-25,213.43064880371094,231.44000244140625,432.50738525390625,192.88121032714844,166.0195770263672,297.1752014160156,295.0147705078125,511.9088439941406,157.20071411132812,108.43373107910156
2025-07-28,213.6002960205078,232.7899932861328,431.69970703125,192.28213500976562,163.96775817871094,296.83685302734375,295.7560729980469,510.7030334472656,156.0189666748047,109.45521545410156
2025-07-29,210.8261260986328,231.00999450683594,428.8179626464844,195.44723510742188,165.8321533203125,295.6028747558594,299.1661376953125,510.7727966308594,155.52244567871094,110.86956024169922
2025-07-30,208.6107940673828,230.19000244140625,432.8763122558594,196.2260284423828,164.99365234375,298.1803283691406,300.09521484375,511.4404296875,151.81834411621094,109.90702056884766
2025-07-31,207.1339111328125,234.11000061035156,436.76513671875,191.60317993164062,162.5078125,294.80670166015625,296.5962219238281,531.62939453125,149.42507934570312,109.65164947509766
2025-08-01,201.95480346679688,214.75,427.4618835449219,188.8374786376953,165.06271362304688,287.969970703125,299.38360595703125,522.2722778320312,149.60382080078125,107.68727111816406
2025-08-04,202.9227752685547,211.64999389648438,432.45751953125,194.7383270263672,168.72242736816406,292.8363037109375,300.70806884765625,533.7619018554688,149.7130584716797,105.45770263671875
2025-08-05,202.49366760253906,213.75,432.98602294921875,194.36891174316406,168.426513671875,289.96026611328125,295.3112487792969,525.8995361328125,149.4647979736328,105.33000946044922
2025-08-06,212.8019561767578,222.30999755859375,426.4946594238281,195.7866973876953,168.27853393554688,289.9403991699219,304.0983581542969,523.0994262695312,151.79849243164062,104.6130142211914
2025-08-07,219.56771850585938,223.1300048828125,415.9250183105469,196.21604919433594,169.20579528808594,285.5517272949219,304.3454895019531,519.0137939453125,152.4241180419922,104.06298828125
2025-08-08,228.86813354492188,222.69000244140625,415.32672119140625,201.10845947265625,170.98141479492188,287.3629150390625,301.9139404296875,520.2095947265625,152.4439697265625,104.89785766601562
2025-08-11,226.95997619628906,221.3000030517578,407.3695983886719,200.68911743164062,171.46478271484375,288.1590270996094,300.8365783691406,519.9405517578125,153.9037628173828,103.94512939453125
2025-08-12,229.42758178710938,221.47000122070312,411.52764892578125,203.02549743652344,170.43885803222656,291.4331359863281,298.1480712890625,527.3843383789062,154.01300048828125,104.23977661132812
2025-08-13,233.10403442382812,224.55999755859375,412.51483154296875,201.64764404296875,172.056640625,289.1243591308594,301.5383605957031,518.7546997070312,154.33078002929688,105.68360137939453
2025-08-14,232.5545654296875,230.97999572753906,416.3039245605469,202.62611389160156,172.3525848388672,292.7367858886719,305.3734436035156,520.6480102539062,152.67237854003906,105.46752166748047
2025-08-15,231.36570739746094,231.02999877929688,406.62176513671875,203.58462524414062,174.24656677246094,289.08453369140625,305.3536376953125,518.3461303710938,153.28807067871094,105.566650390625
2025-08-18,230.66639709472656,231.49000549316406,411.4578552246094,203.1852569580078,173.86184692382812,290.1195068359375,305.1263427734375,515.286865234375,154.6386260986328,105.79466247558594
2025-08-19,230.3367156982422,228.00999450683594,414.8979797363281,201.25823974609375,175.39085388183594,289.25372314453125,307.33050537109375,507.98260498046875,157.3000030517578,106.48858642578125
2025-08-20,225.79110717773438,223.80999755859375,419.38507080078125,199.01171875,176.41676330566406,290.8260803222656,309.4555969238281,503.9468078613281,158.4022979736328,107.5889663696289
2025-08-21,224.68218994140625,221.9499969482422,416.6928405761719,199.4410400390625,176.5055389404297,290.059814453125,309.593994140625,503.2980041503906,157.62771606445312,108.28289794921875
2025-08-22,227.53941345214844,228.83999633789062,434.421875,205.771240234375,176.86065673828125,294.80670166015625,310.4341735839844,506.2824401855469,157.56813049316406,110.31511688232422
2025-08-25,226.94000244140625,227.94000244140625,431.0615234375,208.1675262451172,175.99258422851562,293.47320556640625,309.81146240234375,503.3179931640625,155.0656280517578,110.77112579345703
2025-08-26,229.08792114257812,228.7100067138672,430.0245056152344,206.81961059570312,175.3765106201172,297.1254577636719,309.3172302246094,501.1021423339844,154.8868865966797,110.5232925415039
2025-08-27,230.26678466796875,229.1199951171875,431.43048095703125,207.15908813476562,175.67459106445312,297.8320007324219,307.8247375488281,505.7933349609375,155.87002563476562,111.77237701416016
2025-08-28,232.33477783203125,231.60000610351562,433.6640625,211.31265258789062,174.3430633544922,299.6133728027344,308.6055603027344,508.68792724609375,154.56910705566406,112.36717224121094
2025-08-29,231.91517639160156,229.0,417.83953857421875,212.5806884765625,176.0522003173828,299.961669921875,309.9103088378906,505.7434387207031,155.94944763183594,113.29901885986328
2025-09-02,229.49752807617188,225.33999633789062,414.8580627441406,211.0231170654297,176.93658447265625,298.25,313.8764953613281,504.1763610839844,156.8928680419922,113.695556640625
2025-09-03,238.2390594482422,225.99000549316406,413.9307556152344,230.30323791503906,176.87696838378906,298.0609130859375,314.50274658203125,504.40594482421875,157.0716094970703,110.93965911865234
2025-09-04,239.5477752685547,235.67999267578125,419.0161437988281,231.94070434570312,177.63217163085938,302.3500671386719,315.0991516113281,507.02105712890625,158.08453369140625,111.42540740966797
2025-09-05,239.45787048339844,232.3300018310547,421.867919921875,234.63653564453125,177.3042449951172,292.9557189941406,312.5047302246094,494.0752868652344,158.9087677001953,108.28289794921875
2025-09-08,237.64962768554688,235.83999633789062,421.5688171386719,233.8870086669922,177.0061492919922,291.4928283691406,310.93414306640625,497.2693176269531,157.90577697753906,108.89751434326172
2025-09-09,234.123046875,238.24000549316406,416.8922424316406,239.47335815429688,175.84353637695312,296.408935546875,310.65582275390625,497.4789123535156,158.3526611328125,109.69058227539062
2025-09-10,226.5703582763672,230.3300018310547,421.69842529296875,239.01365661621094,174.680908203125,299.0859375,304.1150817871094,499.43524169921875,156.25730895996094,111.52454376220703
2025-09-11,229.80722045898438,229.9499969482422,430.1441650390625,240.21287536621094,177.37380981445312,304.0816345214844,306.5902099609375,500.0740661621094,157.52842712402344,111.16766357421875
2025-09-12,233.84332275390625,228.14999389648438,430.28375244140625,240.64259338378906,176.93658447265625,305.42510986328125,303.5782775878906,508.94744873046875,156.80348205566406,111.18749237060547
2025-09-15,236.47076416015625,231.42999267578125,434.69110107421875,251.44552612304688,176.28074645996094,307.40545654296875,300.2681579589844,514.397216796875,155.7409210205078,111.37583923339844
2025-09-16,237.9193572998047,234.0500030517578,439.4075622558594,250.99581909179688,175.34669494628906,307.6940612792969,301.48089599609375,508.08905029296875,156.95245361328125,113.68563842773438
2025-09-17,238.75856018066406,231.6199951171875,449.3689270019531,249.36688232421875,176.08201599121094,310.2416687011719,303.1508483886719,509.06719970703125,159.21661376953125,114.29035186767578
2025-09-18,237.64962768554688,231.22999572753906,465.6222229003906,251.86524963378906,173.0612030029297,311.71453857421875,299.3437194824219,507.5001525878906,156.22752380371094,112.942138671875
2025-09-19,245.26223754882812,231.47999572753906,465.2034606933594,254.55349731445312,175.07839965820312,313.25701904296875,300.5763244628906,516.96240234375,154.95639038085938,111.84176635742188
2025-09-22,255.8319854736328,227.6300048828125,470.7475280761719,252.36492919921875,173.1108856201172,310.9283447265625,301.1826477050781,513.4889526367188,152.0070343017578,111.04869842529297
2025-09-23,254.18359375,220.7100067138672,469.909912109375,251.49549865722656,175.46592712402344,311.22686767578125,301.3814697265625,508.2787170410156,151.44097900390625,112.96196746826172
2025-09-24,252.06564331054688,220.2100067138672,468.4441223144531,246.97845458984375,175.5752410888672,311.90362548828125,302.5146484375,509.19696044921875,151.36154174804688,113.5666732788086
2025-09-25,256.6212158203125,218.14999389648438,462.3915100097656,245.6293182373047,176.60867309570312,311.9334716796875,300.49676513671875,506.0827941894531,151.09341430664062,114.5877456665039
2025-09-26,255.2126007080078,219.77999877929688,464.4256896972656,246.3788299560547,178.57618713378906,314.53082275390625,303.41925048828125,510.5045166015625,151.44097900390625,116.20361328125
2025-09-29,254.18359375,222.1699981689453,470.2589111328125,243.89047241210938,180.47412109375,314.1626281738281,301.1826477050781,513.6386108398438,152.46383666992188,113.22962951660156
2025-09-30,254.38340759277344,219.57000732421875,475.7830505371094,242.94110107421875,184.25015258789062,313.90386962890625,302.0773010253906,516.982421875,152.58299255371094,111.77237701416016
2025-10-01,255.20260620117188,220.6300048828125,479.4425354003906,244.7399139404297,184.87619018554688,309.2066955566406,298.7273864746094,518.7391357421875,152.1162567138672,111.01895904541016
2025-10-02,256.8809814453125,222.41000366210938,489.16461181640625,245.52940368652344,184.80662536621094,306.0619812011719,298.0912170410156,514.7765502929688,150.99411010742188,110.32503509521484
2025-10-03,257.7701110839844,219.50999450683594,496.4237365722656,245.1896209716797,187.44984436035156,308.5299987792969,299.1846618652344,516.3834838867188,151.21258544921875,112.2779541015625
2025-10-06,256.44140625,220.89999389648438,493.9608154296875,250.26629638671875,186.97286987304688,309.17999267578125,294.2741394042969,527.5825805664062,149.36550903320312,113.20980072021484
2025-10-07,256.23162841796875,221.77999877929688,485.3156433105469,245.59934997558594,187.69825744628906,307.69000244140625,294.5524597167969,523.0010986328125,151.48069763183594,113.26927947998047
2025-10-08,257.8100891113281,225.22000122070312,500.6814880371094,244.46009826660156,188.49322509765625,304.0299987792969,292.6438903808594,523.8695068359375,149.6435546875,113.03135681152344
2025-10-09,253.79396057128906,227.74000549316406,498.9265441894531,241.3721160888672,189.87445068359375,305.5299987792969,292.05743408203125,521.4241333007812,149.53431701660156,111.93099212646484
2025-10-10,245.032470703125,216.3699951171875,489.8924865722656,236.4153594970703,189.5167236328125,300.8900146484375,295.23834228515625,510.0054626464844,148.65049743652344,109.76988983154297
2025-10-13,247.42015075683594,220.07000732421875,503.31396484375,243.9904022216797,189.69557189941406,307.9700012207031,298.31982421875,513.0896606445312,146.4657745361328,111.26679229736328
2025-10-14,247.53004455566406,216.38999938964844,525.9588623046875,245.28955078125,189.64590454101562,302.0799865722656,302.7432861328125,512.610595703125,148.12417602539062,111.31636047363281
2025-10-15,249.09852600097656,215.57000732421875,532.52001953125,250.86590576171875,189.96388244628906,305.69000244140625,303.42919921875,512.4708251953125,146.39625549316406,110.64225769042969
2025-10-16,247.21035766601562,214.47000122070312,539.4102783203125,251.29562377929688,190.9078826904297,298.5400085449219,303.5086975097656,510.65423583984375,148.56112670898438,109.68067169189453
2025-10-17,252.045654296875,213.0399932861328,525.5700073242188,253.13442993164062,192.00094604492188,297.55999755859375,306.2522277832031,512.62060546875,150.34861755371094,111.26679229736328
2025-10-20,261.98602294921875,216.47999572753906,531.1799926757812,256.3822937011719,192.49778747558594,302.3599853515625,305.93414306640625,515.8245239257812,150.9047393798828,111.7228012084961
2025-10-21,262.5155029296875,222.02999877929688,524.6500244140625,250.29627990722656,190.66940307617188,297.0899963378906,305.6459045410156,516.6929321289062,150.5670928955078,111.73271942138672
2025-10-22,258.19970703125,217.9499969482422,513.9099731445312,251.52548217773438,191.72271728515625,294.1099853515625,308.26019287109375,519.5675659179688,151.14306640625,113.71537780761719
2025-10-23,259.3285827636719,221.08999633789062,520.5,252.91456604003906,191.25567626953125,294.5400085449219,305.138916015625,519.5875244140625,151.1529998779297,114.97437286376953
2025-10-24,262.56549072265625,224.2100067138672,522.72998046875,259.7501220703125,189.19873046875,300.44000244140625,303.9659729003906,522.6318359375,152.49000549316406,114.38948059082031
2025-10-27,268.5496520996094,226.97000122070312,527.0700073242188,269.0939636230469,189.099365234375,304.1499938964844,308.1508483886719,530.527099609375,151.74000549316406,114.9347152709961
2025-10-28,268.7394714355469,229.25,524.469970703125,267.295166015625,185.75062561035156,305.3599853515625,304.57232666015625,541.057373046875,151.3699951171875,114.03260040283203
2025-10-29,269.4388122558594,230.3000030517578,585.489990234375,274.3905334472656,185.42271423339844,305.510009765625,300.5464782714844,540.538330078125,148.77000427246094,115.4402847290039
2025-10-30,271.13714599609375,222.86000061035156,583.1500244140625,281.2960205078125,187.8572540283203,309.44000244140625,300.6260070800781,524.77783203125,149.5800018310547,113.695556640625
2025-10-31,270.108154296875,244.22000122070312,577.260009765625,281.0061950683594,187.6783905029297,311.1199951171875,296.6498718261719,516.8426513671875,150.3699951171875,113.36841583251953
2025-11-03,268.7894287109375,254.0,570.5900268554688,283.5345458984375,185.08485412597656,309.3500061035156,294.6021423339844,516.0641479492188,148.02000427246094,112.77362060546875
2025-11-04,269.7784729003906,249.32000732421875,547.5800170898438,277.35858154296875,185.6810760498047,309.25,297.4252014160156,513.3692016601562,147.1699981689453,113.15032196044922
2025-11-05,269.8783874511719,250.1999969482422,569.1500244140625,284.1241455078125,184.8264923095703,311.67999267578125,303.8466796875,506.2125549316406,145.7899932861328,112.6943130493164
2025-11-06,269.50872802734375,243.0399932861328,569.780029296875,284.5638732910156,185.79037475585938,313.4200134277344,296.6300048828125,496.1713562011719,146.1300048828125,113.5072021484375
2025-11-07,268.2099914550781,244.41000366210938,563.0999755859375,278.647705078125,185.39291381835938,314.2099914550781,297.8725280761719,495.8918762207031,146.97999572753906,116.20361328125
2025-11-10,269.42999267578125,248.39999389648438,570.8499755859375,289.9103698730469,187.22129821777344,316.8900146484375,297.3158874511719,505.0547180175781,145.5,117.1949462890625
2025-11-11,275.25,249.10000610351562,567.9299926757812,291.11956787109375,192.6071014404297,315.6199951171875,304.999755859375,507.7297058105469,148.5399932861328,118.74141693115234
2025-11-12,273.4700012207031,244.1999969482422,573.02001953125,286.5225830078125,193.16355895996094,320.4100036621094,305.1091003417969,510.1851501464844,148.00999450683594,117.09581756591797
2025-11-13,272.95001220703125,237.5800018310547,553.5499877929688,278.3879089355469,194.0181427001953,309.4800109863281,305.7452697753906,502.34979248046875,147.9600067138672,117.76000213623047
2025-11-14,272.4100036621094,234.69000244140625,554.030029296875,276.22930908203125,194.69384765625,303.6099853515625,305.1985778808594,509.2268981933594,147.6699981689453,119.29000091552734
2025-11-17,267.4599914550781,232.8699951171875,552.0499877929688,284.83367919921875,198.32081604003906,300.3699951171875,303.0812683105469,506.54193115234375,145.82000732421875,117.68000030517578
2025-11-18,267.44000244140625,222.5500030517578,546.8800048828125,284.09417724609375,198.73817443847656,299.4100036621094,302.77313232421875,492.8675537109375,146.99000549316406,119.02999877929688
2025-11-19,268.55999755859375,222.69000244140625,553.1099853515625,292.61859130859375,201.23233032226562,303.2699890136719,300.93414306640625,486.2099914550781,146.99000549316406,117.3499984741211
2025-11-20,266.25,217.13999938964844,546.1300048828125,289.26080322265625,201.78880310058594,298.3800048828125,302.345703125,478.42999267578125,148.19000244140625,117.0199966430664
2025-11-21,271.489990234375,220.69000244140625,550.4299926757812,299.464111328125,202.61355590820312,298.0199890136719,307.5047302246094,472.1199951171875,150.9199981689453,117.08000183105469
2025-11-24,275.9200134277344,226.27999877929688,559.5999755859375,318.3717346191406,204.75,298.0,303.0812683105469,474.0,146.97999572753906,115.97000122070312
2025-11-25,276.9700012207031,229.6699981689453,566.6099853515625,323.22857666015625,206.6699981689453,303.0,308.5981750488281,476.989990234375,148.49000549316406,114.51000213623047
2025-11-26,277.54998779296875,229.16000366210938,573.72998046875,319.7408752441406,207.55999755859375,307.6400146484375,310.5365295410156,485.5,148.25,114.7699966430664
2025-11-28,278.8500061035156,233.22000122070312,575.760009765625,319.970703125,206.9199981689453,313.0799865722656,309.9599914550781,492.010009765625,148.16000366210938,115.91999816894531
2025-12-01,283.1000061035156,233.8800048828125,568.0599975585938,314.6841735839844,205.33999633789062,308.9200134277344,303.57000732421875,486.739990234375,147.44000244140625,116.62999725341797
2025-12-02,286.19000244140625,234.4199981689453,582.469970703125,315.6035461425781,205.4199981689453,307.8800048828125,300.7200012207031,490.0,145.86000061035156,115.37999725341797
2025-12-03,284.1499938964844,232.3800048828125,591.489990234375,319.42108154296875,205.3300018310547,312.1300048828125,307.7099914550781,477.7300109863281,146.7100067138672,117.80000305175781
2025-12-04,280.70001220703125,229.11000061035156,599.1500244140625,317.4123840332031,202.47999572753906,316.1000061035156,308.5400085449219,480.8399963378906,145.36000061035156,117.13999938964844
2025-12-05,278.7799987792969,229.52999877929688,603.1699829101562,321.0599670410156,201.92999267578125,315.0400085449219,311.2300109863281,483.1600036621094,143.4499969482422,116.54000091552734
2025-12-08,277.8900146484375,226.88999938964844,596.5,313.7200012207031,201.6199951171875,315.2099914550781,309.7900085449219,491.0199890136719,138.33999633789062,115.9800033569336
2025-12-09,277.17999267578125,227.9199981689453,594.3599853515625,317.0799865722656,199.9600067138672,300.510009765625,310.7900085449219,492.0199890136719,139.6300048828125,118.25
2025-12-10,278.7799987792969,231.77999877929688,615.3499755859375,320.2099914550781,206.5399932861328,310.1099853515625,310.5299987792969,478.55999755859375,139.82000732421875,119.54000091552734
2025-12-11,278.0299987792969,230.27999877929688,625.6099853515625,312.42999267578125,210.00999450683594,317.3800048828125,309.7099914550781,483.4700012207031,140.75999450683594,119.54000091552734
2025-12-12,278.2799987792969,226.19000244140625,597.8900146484375,309.2900085449219,211.5800018310547,318.5199890136719,316.7200012207031,478.5299987792969,142.83999633789062,118.81999969482422
2025-12-15,274.1099853515625,222.5399932861328,589.760009765625,308.2200012207031,214.1699981689453,320.0199890136719,318.7300109863281,474.82000732421875,145.1300048828125,117.76000213623047
2025-12-16,274.6099853515625,222.55999755859375,588.9299926757812,306.57000732421875,209.3000030517578,315.54998779296875,314.5,476.3900146484375,145.2100067138672,114.68000030517578
2025-12-17,271.8399963378906,221.27000427246094,561.8900146484375,296.7200012207031,210.3300018310547,314.9800109863281,318.69000244140625,476.1199951171875,147.80999755859375,117.41000366210938
2025-12-18,272.19000244140625,226.75999450683594,565.8300170898438,302.4599914550781,208.30999755859375,313.0,319.6499938964844,483.9800109863281,145.52000427246094,116.54000091552734
2025-12-19,273.6700134277344,227.35000610351562,576.219970703125,307.1600036621094,206.3699951171875,317.2099914550781,315.8399963378906,485.9200134277344,144.4600067138672,116.69000244140625
2025-12-22,270.9700012207031,228.42999267578125,582.4099731445312,309.7799987792969,207.32000732421875,323.0899963378906,316.2200012207031,484.9200134277344,142.69000244140625,118.1500015258789
2025-12-23,272.3599853515625,232.13999938964844,582.4199829101562,314.3500061035156,205.77999877929688,325.92999267578125,310.8399963378906,486.8500061035156,143.17999267578125,119.41999816894531
2025-12-24,273.80999755859375,232.3800048828125,583.760009765625,314.0899963378906,207.77999877929688,329.1700134277344,313.3299865722656,488.0199890136719,144.49000549316406,119.22000122070312
2025-12-26,273.3999938964844,232.52000427246094,583.0,313.510009765625,207.6300048828125,327.9100036621094,310.67999267578125,487.7099914550781,144.74000549316406,119.11000061035156
2025-12-29,273.760009765625,232.07000732421875,578.6099853515625,313.55999755859375,207.55999755859375,323.75,308.5299987792969,487.1000061035156,144.57000732421875,120.52999877929688
