0.7897371322,0.8808559254,0.8666924450,0.9612847797,0.8509212747,99.2653249305,151.8823787245,95.9179467109,55.3445877142,68.9229474779,0.9752354869,0.9784902115,1.0191068257,0.9929419793,0.9871194472
0.7312690434,0.9518115963,0.8670893301,0.8927365037,0.9169781847,64.3647367505,201.7328553636,118.2312197456,51.1325994926,83.5358675252,1.0467856467,1.0476457618,1.0736775605,1.0126562850,0.9609627637
0.7129265846,0.8508348411,0.8140672611,0.8201859958,0.7628721313,97.0466515430,138.9774304635,110.1664180317,59.5823987073,81.8226378818,0.9910499577,1.0970008195,1.0394387863,1.0564605627,0.9511036744
0.7050169977,0.8232567216,0.8096331138,0.8553132706,0.7579012860,93.1969881040,124.4920055997,57.5178368748,55.9918860775,59.5264648127,1.0277308598,0.9556292986,1.0353845318,1.0881156274,1.0952628696
0.8672519015,0.8912158883,0.8652899075,0.8485549442,0.8418482783,89.3802854727,208.7996041906,110.3896886253,70.4769891741,128.8316590688,1.0310829013,1.0187307208,1.0917525641,1.0510414748,0.9597348919
0.7588738072,0.8267649441,0.8316659120,0.8691164540,0.8040229399,97.0671971802,135.2443330676,110.9145087236,98.5960759477,69.0877984654,1.0198588367,0.9860367528,1.0204706482,1.0183198358,1.0373217204
0.7018634710,0.9593224394,0.8187345588,0.8693816439,0.9261341324,96.8408019203,95.6118595513,106.6112839011,40.6088656801,56.4605978316,1.0035155736,0.9746405674,1.0255579152,1.0745304327,1.0496018342
0.6523325080,0.8716495038,0.6852103215,0.8425942648,0.8358966460,77.6227521441,146.9124970530,111.7140872655,43.5818179563,84.7195651022,1.0007551799,1.0903284534,1.0868311357,0.9814022599,0.9559126378
0.8090773264,0.8992507448,0.8378614052,0.8922701586,0.8133894907,67.2605036313,78.7501824322,82.2983557947,46.8517108494,96.8615034854,1.0611963063,1.0741415392,1.0951796849,1.0834754591,1.0400802152
0.6924124633,0.8472312678,0.8480754079,0.9083782975,0.7665046406,95.8239956340,82.1042397013,84.8295893830,70.9278535988,97.6667112712,1.0295078509,0.9541761577,0.9869984670,1.0189422128,1.0442755850
0.7759267176,0.8664940054,0.7915001854,0.9217949959,0.8785433157,45.3504171941,55.2258341433,111.6950482578,55.0830838803,32.6963893344,1.0335877750,1.0613953985,0.9919650396,1.0347428911,0.9632213365
0.8245024095,0.8539410771,0.8242206688,0.9103901209,0.8714673475,98.3657271531,45.7329299013,92.8821147602,53.0273904903,61.0414321829,1.0120498285,1.0625241249,1.0540101280,1.0985964106,0.9916836689
0.7116660610,0.8639570176,0.7473418366,0.8487955139,0.8589026597,59.6526011927,116.4353021616,70.2875490239,62.5365947916,55.7187109733,1.0247283949,0.9994295621,1.0160904671,1.0785425195,1.0526313613
0.8584992023,0.8969089365,0.9112861779,0.9201028472,0.8492772856,74.7974790210,88.2805198221,101.1244309302,69.1863459777,59.7041369427,1.0823661787,0.9805266662,1.0810041677,0.9589643411,1.0832898921
0.7789116484,0.9587806028,0.8435219387,0.9736160253,0.8167304497,85.9559498740,77.6497102302,86.3136974913,51.6079981657,101.6987080889,0.9993610669,0.9971881450,1.0268132865,1.0911035282,0.9571672047
0.8157522004,0.8964804181,0.8301996972,0.9071911813,0.7946071932,57.2008243556,156.3660433806,107.7995898326,70.8363180602,120.8297614824,1.0028346463,1.0784857983,1.0094081716,0.9798735346,1.0137191272
0.7324262490,0.8937381057,0.8922962345,0.8829062323,0.8325387121,94.3026368152,133.6715303328,97.9651006554,83.6270612320,103.6477967122,1.0078328752,1.0873124302,1.0642901564,1.0257673334,1.0982555850
0.7098594365,0.9161355426,0.8303821790,0.8841215862,0.8892683652,69.3580678126,77.4681466186,83.0757728365,38.2680279798,52.1888638869,1.0197916297,0.9587356746,0.9893411483,1.0154105720,0.9735353936
0.7577662039,0.9276575847,0.7961776742,0.8937429664,0.8656865458,115.9359533671,113.9827602462,103.0014240104,60.8488204398,89.4431004401,1.0921347689,1.0650273347,0.9902430801,1.0386206800,1.0582173736
0.6329188041,0.8721713128,0.7922276770,0.8967264199,0.8300380386,28.8277666504,88.6853902084,79.3769380536,73.5184297366,52.4406489032,1.0911918393,1.0822453024,1.0272788339,1.0661978930,1.0343217131
0.6367703406,0.8387059357,0.7560583020,0.8595832447,0.8064177554,38.0861823490,126.9564057283,69.9636242130,39.0947504164,59.8246383419,1.0329055835,0.9672112938,0.9689206487,1.0294300423,0.9903292317
0.7823240685,0.9760260965,0.8588374152,0.9253229049,0.9149739834,80.3868660586,101.1170576206,51.9763841634,70.8472872481,88.3059878872,0.9531555354,1.0584258806,0.9548729895,1.0392915262,1.0308790691
0.5964983028,0.8499538005,0.7652643502,0.9886151006,0.8206464121,101.2880497835,90.4681393854,93.7651510659,55.1089125554,73.6367361997,1.0953222036,1.0226319709,0.9595402155,1.0327531952,1.0761644256
0.7741237874,0.8828675642,0.7690020093,0.9444850860,0.8796468996,101.7085122180,102.4298286580,100.0378959727,65.3085516742,95.1556560275,1.0995273926,1.0145514761,0.9980448114,1.0859979945,0.9786863194
0.8132825558,0.8484904621,0.9068310406,0.8432580807,0.8535922353,102.6126634956,147.4204743854,104.0916248992,89.5550732607,98.9472231458,1.0423143373,1.0108571636,0.9561623547,1.0020932711,0.9897842784
0.9252364501,0.8656112628,0.8474318014,0.9050169539,0.8321158021,63.4728022457,156.0839567048,104.2268796071,58.4173141265,80.2470470507,1.0529136731,1.0923185747,0.9902070781,1.0717198909,0.9583039725
0.6259469255,0.8600102940,0.7198455361,0.9117269983,0.7948367312,92.4143886285,135.3942501311,102.0911627535,68.3524976226,112.5413886245,1.0307181515,0.9605825096,1.0901049487,1.0649526921,1.0486924867
0.8739947524,0.8658902151,0.8426517321,0.9321269380,0.8062556870,111.7885788059,132.0327780184,121.1390610224,45.6700112864,87.3753797220,1.0735844572,1.0471279693,1.0953416596,1.0570936922,1.0886987914
0.7681967948,0.9457586348,0.7570172021,0.9157952192,0.9001910426,130.2326587433,124.4466238878,93.5423146289,50.5331600761,58.6488234185,1.0275697838,0.9675596619,1.0292266582,0.9690309242,1.0388740219
0.8125458297,0.8327285544,0.7643121185,0.9133768135,0.8302430628,65.3809522968,104.4007591059,62.2809560479,56.2530196342,80.8031641046,1.0223739591,1.0433863097,0.9515070472,0.9792260737,1.0236995648
0.7700394280,0.9002819192,0.7960355803,0.9118605439,0.8738130480,62.3060954963,159.2111075671,100.7384200324,84.1066054583,82.1126439179,1.0925755342,1.0075413561,1.0136558039,1.0572044134,1.0405689136
0.6928518866,0.9582765011,0.8403840633,0.8643012090,0.9200814849,106.3631306767,93.0309806966,115.3336698946,59.3090783632,76.1155026884,0.9948389225,1.0116224593,0.9826549698,1.0949032189,0.9695951572
0.6720254664,0.9029213179,0.8573870784,0.8707844622,0.8954982088,55.6101348594,86.6368595935,94.2519681161,37.3133521433,64.7702837243,1.0057755177,0.9538758458,0.9832669238,1.0670706708,0.9801762848
0.7830224742,0.9254014845,0.9370612265,0.8998640059,0.8607933676,50.8215548385,136.7283015695,63.7505936800,70.7623155019,90.4255718397,0.9620095104,1.0211679770,0.9514953852,0.9627149232,1.0711438804
0.6788388456,0.8277456130,0.7816780225,0.9039004610,0.8210303168,67.5807045393,132.9273863626,95.5826622235,52.6286753941,60.7249402522,1.0657210017,1.0872708231,1.0781773154,1.0524763345,0.9578499286
0.8161746599,0.8930278995,0.9192106129,0.8945425859,0.9619595927,35.9343577082,118.5018163031,51.7294046822,59.1255566817,64.5716465120,1.0674272927,1.0768266216,1.0698623219,1.0262718553,0.9849352758
0.8000533878,0.8485012005,0.7759628220,0.9141721908,0.8223569539,101.9785693860,115.1965684184,93.7085686087,72.0556695466,81.5214558118,1.0767994964,1.0590744215,1.0971141762,0.9733538897,0.9838496875
0.8071200395,0.9132820035,0.8421634053,0.8730087487,0.8200001716,92.9038989296,135.6905295174,70.7836609099,75.1996119025,93.0172286031,0.9817697225,1.0688809651,0.9780360945,0.9599989745,1.0997841210
0.7142788038,0.9141498948,0.8256240276,0.8557785380,0.8739231498,59.5829217856,106.7254298284,85.5546100149,54.5886103443,72.8155289501,0.9537225817,1.0752866090,1.0048050262,1.0762423190,1.0331930737
0.7808253904,0.8436224479,0.8310757328,0.8976779475,0.7879368823,120.7841695458,160.3855187332,85.2630653243,78.1581410906,117.9059976959,1.0852446844,1.0889289480,0.9513647272,0.9613118264,0.9875538094
0.7786229888,0.9121145276,0.8913659546,0.9477948792,0.8309327645,94.6702130172,154.3889954570,137.3215214914,84.8597176199,99.8829251715,1.0503973125,1.0832408295,1.0189912927,1.0410459674,0.9782749779
0.6749739968,0.8904982410,0.8229777329,0.9206105768,0.9908066544,111.1272118521,130.5293459768,104.1498293985,56.6122363879,107.5031706562,1.0707450251,1.0950992167,0.9902898399,1.0242238927,0.9629174166
0.7956712409,0.9427263867,0.8965877087,0.9368600178,0.8883693079,64.5392833514,160.1316562896,101.2865724437,42.6615394233,93.8978706874,1.0338704985,1.0254175163,0.9716654726,1.0163099320,1.0001156978
0.8107175376,0.8545231249,0.8233768893,0.8782842001,0.8375140363,32.4993373087,125.7859466092,95.8129918876,49.7183632732,75.2546739653,1.0282746313,1.0378481503,0.9512743368,1.0641508974,1.0569521438
0.9351726853,0.8256570052,0.9068893367,0.8335311106,0.8059208049,133.8539358438,116.8590882281,90.1584265200,85.7989317551,113.7758893285,1.0049429579,0.9579403903,1.0632398810,1.0932762741,0.9860227394
0.8371160478,0.8994002205,0.7982045442,0.8757028315,0.8871646857,85.0923917962,149.7529939963,121.8762538892,53.1420245653,79.0070275508,0.9985286921,0.9775719334,1.0365404185,0.9732262092,1.0034290915
0.6915706695,0.8793689172,0.8024598158,0.8731634168,0.9196725235,115.7718628289,176.9143493846,119.1996599111,56.0749641817,134.2471021315,1.0545519521,1.0340173975,1.0079693846,1.0130374403,1.0343166324
0.8007135218,0.7929156402,0.8294386466,0.8623883929,0.8234319401,71.7257275547,106.9631759243,96.1501918550,84.1407052741,87.7388991927,0.9508797092,0.9617764803,1.0821887102,0.9616818484,1.0560205394
0.6865983409,0.8626396095,0.8209456476,0.9304209919,0.7961147975,95.3716375090,136.1070390319,100.2442277169,72.7224264230,40.5210883940,1.0880057246,0.9906025406,1.0055737156,1.0353382109,1.0822563454
0.7232399011,0.8523290339,0.7721003502,0.9637059812,0.8470618084,77.5848135233,125.3137424970,72.3090467447,66.7618776624,72.8329911897,1.0912858381,1.0609344872,0.9629929641,1.0503731233,1.0115455583
0.6491292837,0.9048659653,0.8992707010,0.9441030374,0.8160439244,128.8868924579,176.7700023752,104.4351228909,68.4340135163,100.2615685815,1.0206051499,0.9573722586,0.9786593209,1.0685770411,1.0180938250
0.7112612742,0.9331642994,0.7812653521,0.9237356425,0.9096651288,73.7085130960,123.0225835186,78.0895580424,40.4267161120,82.2896730485,0.9952493362,1.0076028611,1.0781599270,1.0623498526,0.9908473096
0.6758455623,0.8632568644,0.6260087378,0.8524251585,0.8130460655,100.7382396055,100.1352190664,114.3310125925,46.6090930611,71.4315392512,0.9676252760,0.9877997332,1.0881134677,1.0372383257,1.0300220313
0.6501773454,0.9391443091,0.7248904608,0.8879445772,0.8826947438,105.5086003153,123.9340604860,109.7411973704,52.6732673722,73.9727844283,1.0394590400,1.0049042399,1.0710660530,1.0284929374,0.9675121854
0.8653018631,0.8331328396,0.9091266185,0.8971310399,0.7946018640,79.8535142280,96.8200113903,88.3131264056,29.1457919900,51.8959763765,0.9693597687,1.0305288720,1.0904855327,0.9962528183,1.0804311753
0.7869682779,0.8964260945,0.8050713610,0.9053800024,0.8481985579,77.8781126658,110.7606309272,87.7064674120,56.9906741661,78.3449991571,1.0646143380,0.9871718664,0.9554511122,0.9652770898,1.0592740901
0.7590813876,0.9132843805,0.9106944640,0.8583602023,0.9490349985,106.8629268533,106.1479833442,78.5473143595,39.7666815751,58.0391835337,0.9799504607,1.0056906381,1.0252548749,1.0588202253,0.9669846835
0.5938329760,0.8434789954,0.7900670770,0.9027156549,0.7964598991,76.2019670546,95.2553024995,66.7534035265,46.9420286013,64.1188722629,1.0109549608,1.0227609364,1.0311240596,1.0727540962,0.9757517293
0.7333502200,0.8533635203,0.7789898192,0.9283002422,0.8443266899,99.8757366459,107.1853521833,90.8923556610,42.1080557621,67.1019050857,1.0711747178,1.0539317642,1.0333806221,1.0549291806,1.0118026608
0.6945672324,0.9125145354,0.8234023853,0.9357755407,0.8936672934,63.7892841452,131.7558765929,57.1745657263,54.3692421449,80.5522093759,0.9707596379,1.0498647860,1.0287008460,1.0459062201,1.0006998172
0.6836803991,0.8408461421,0.8280301734,0.9173535849,0.8227903137,89.5958629081,200.2617071406,109.4216674769,57.1394303493,105.7768967252,1.0860299866,1.0381054803,0.9628103726,1.0174705986,1.0634534082
0.7593861907,0.9427006423,0.8053460134,0.9303809290,0.8853075400,40.5938416633,106.9733828891,65.4593862773,71.6725627819,58.1099137169,1.0691201843,1.0241895579,1.0842121356,0.9901502656,1.0115898046
0.7325855037,0.9291430976,0.8660130345,0.9396564416,0.9324359971,82.0808521051,100.6178955436,124.0968837271,51.8733658706,99.3808918923,1.0847895366,1.0844385075,1.0528569153,1.0788470821,0.9633159900
0.7516803073,0.9128421413,0.8112100835,0.9173135470,0.8675451645,105.3537940530,139.0547206201,109.3924018652,70.8807161907,52.8610139938,1.0797492464,0.9980929860,0.9767497269,0.9859054755,1.0126952762
0.7577596772,0.9098421204,0.7867156181,0.9856867234,0.8385635103,78.0279151462,143.1691690125,93.9508771791,39.7249949444,79.6994380865,0.9876788007,0.9980851379,0.9702467729,0.9944265148,1.0358425722
0.6528649110,0.9170255389,0.8349528640,0.9286453648,0.8949484856,127.6026379064,166.8756147083,110.5607338321,85.7660628341,94.3046999367,1.0162780562,1.0020078142,1.0619678193,1.0840264957,1.0635183834
0.7490202582,0.8370199925,0.8150408425,0.8671276526,0.8537511923,42.4032103293,82.6031310133,107.4958417502,48.2535135018,52.8414100352,0.9998001053,1.0616663252,0.9727970274,0.9695476982,1.0018440556
0.7382354095,0.8384204324,0.7913779513,0.9093586834,0.8017953928,77.5040450931,174.1709273626,126.8024679899,108.1082734155,102.7472040491,1.0711553554,0.9869522371,0.9594880113,0.9697564303,1.0788117453
0.6842223684,0.8792898333,0.8101497327,0.8788581450,0.8281924863,92.3906122187,77.1937425132,120.4798417710,33.4372407987,59.6558074121,1.0450674927,0.9879801745,1.0332943738,1.0291369434,1.0483153968
0.7685639950,0.8144115280,0.7413810990,0.8610312971,0.7935872151,57.5674368092,96.1071058107,69.5695291519,44.1571022624,50.8303650427,0.9849781332,1.0796604481,0.9964052843,1.0541197481,0.9524186970
0.7748726052,0.9550336201,0.8870711211,0.9063854458,0.9032102966,71.2932801269,141.2053016611,72.5842631499,66.5341884545,103.3394756264,1.0058985695,1.0027564727,1.0315226643,0.9609104393,1.0685197061
0.6697976508,0.8640790392,0.7749996234,0.9081918914,0.8053422499,72.1700908872,95.8184023045,84.9482063465,75.4990634011,69.9235261410,0.9826671203,1.0515556722,1.0704818185,1.0342815434,1.0611324810
0.7915477211,0.9608971844,0.8444837097,0.9286149233,0.9318684542,71.7196426348,131.0357249586,71.9114052304,72.6706941037,86.2774741448,1.0492790468,1.0033294696,1.0713287809,0.9942052055,1.0356819377
0.7179023622,0.8846702231,0.8107210451,0.9038287928,0.8242727208,77.3047882215,93.5038614323,74.3760660692,63.8640854789,84.6649136238,1.0618096609,1.0068433865,0.9954151411,1.0189019015,1.0726945242
0.7519608139,0.9041206572,0.8995840022,0.9426940118,0.9488924474,69.0673063243,129.6499158608,53.1116230011,50.1517351797,73.3413356013,1.0894882645,1.0317625119,1.0492199308,1.0854910433,0.9647820277
0.6886121950,0.9100968291,0.8145779176,0.9890520324,0.8445920639,62.2579145755,87.0143463889,73.2977518414,58.2249339330,55.9562200932,0.9848117867,1.0563350009,1.0735616693,1.0785543542,1.0122660765
0.6828222526,0.8388149653,0.6806268579,0.8695967145,0.7839137922,29.0442191669,44.2350133433,60.8752634382,52.6102105910,10.0000000000,0.9634009853,1.0156672216,0.9846101885,0.9936794682,1.0658401335
0.7620315029,0.8985566279,0.9236044050,0.9421762536,0.8509920878,72.5067455962,101.5331542227,114.9335280589,50.4789724428,73.4529956538,0.9613290629,1.0741371826,1.0141503629,1.0394095897,0.9634478347
0.6781268263,0.8899868290,0.7302275405,0.9702376022,0.8949976436,88.5314285022,58.2219339773,104.8664334908,53.3690003446,59.1088232972,1.0006038618,0.9634551379,1.0942315584,1.0710892474,1.0189449132
0.7124659478,0.7912510560,0.8589420046,0.8828257168,0.8353276456,183.1559426609,82.2972670214,152.6355589175,52.2720174024,72.3540692715,0.9835403822,1.0900182658,1.0016894894,0.9741476648,1.0344746583
0.6224457873,0.8274952186,0.7667802702,0.8911940847,0.7912397331,83.8621938675,107.2569759621,83.2452102887,63.1039441372,43.4612325351,1.0915661181,0.9505745436,0.9857187265,1.0907671461,0.9756628950
0.7998279946,0.8384205000,0.8213376814,0.8994427163,0.8432200011,103.7644791880,112.2699078959,79.4564404074,50.9334649242,92.2056343929,0.9669865177,1.0355280824,1.0792765735,1.0215664727,1.0991846385
0.8069291902,0.8370322142,0.7523480223,0.9432572321,0.8355090436,71.6166228246,127.3243310107,78.3168676029,73.5149743018,90.1155771769,1.0518757549,0.9611112361,1.0989248198,1.0111841355,0.9931103801
0.6901210771,0.9427579358,0.8180905694,0.9543430240,0.8943640371,131.2152208324,125.9311479953,121.5055463210,64.4373456465,104.3669317289,1.0336818775,0.9956461388,0.9629686261,0.9502142515,1.0174375029
0.9148598340,0.9946356409,0.8856617828,0.9585281930,0.9617135698,67.0291903098,137.5856001409,87.5373717462,61.3411960717,82.3822713134,1.0755295133,1.0358472778,1.0998810948,0.9930269968,0.9920682597
0.8594905246,0.8545055576,0.8870110611,0.9407336135,0.7827745350,91.3060099107,118.0970201913,100.6336799928,87.0241329437,96.1163150353,0.9739624190,0.9746095382,0.9927779894,1.0689260068,1.0858635186
0.6553393190,0.7649859466,0.7514968724,0.9085387974,0.8210988551,106.7288648124,111.8248547978,84.6835354928,75.1621675054,89.6825088977,1.0962630755,0.9848434481,1.0821946318,0.9992382634,0.9669260817
0.7559275824,0.9587914324,0.7670679200,0.8438067084,0.8924751124,121.8167668938,111.0826918767,101.1319626518,31.3163428639,62.4725089554,1.0805037388,1.0454158452,0.9747096344,1.0144746886,0.9930886542
0.7807252359,0.8842015416,0.7255716820,0.8956806593,0.8025937094,109.9142627645,112.2673153058,113.4647817106,56.4447725078,79.3822968506,1.0605191853,1.0180124346,1.0983919918,0.9582117473,1.0032522899
0.8035738039,0.9075307101,0.7955230462,0.8842077640,0.8303584727,56.3077152546,115.6184877355,31.6905052656,53.6856584513,38.7560344492,1.0222850251,1.0254700332,0.9973903734,1.0593860374,1.0812120610
0.7449856722,0.9246171987,0.7767625085,0.9252698650,0.8594949209,115.1498629137,150.0869831380,115.0297068517,92.4831656966,78.3106476633,1.0908078953,1.0707640065,1.0775870296,1.0325817951,1.0738832340
0.6865701734,0.8630018847,0.7423053862,0.8733257825,0.7880132928,128.6840799479,157.8849032871,106.9650590636,87.2968185377,78.0457393639,0.9955255864,1.0097718143,0.9975369521,1.0201081003,0.9928369424
0.9071780106,0.9111528412,0.8435199898,0.9157636288,0.8752132396,64.3871459618,97.1641036152,77.3037951524,37.0053889120,81.3830022171,1.0942417163,0.9969266942,0.9647066807,1.0290225749,0.9585648618
0.7323224320,0.9059793406,0.8578723127,0.8835110228,0.8467943232,78.5286399908,128.8083612490,83.4316750024,29.8450116844,77.4232541515,0.9665814749,0.9829084084,1.0196525375,1.0149876398,1.0699537793
0.7279958642,0.7660795827,0.7126078407,0.9344294528,0.8295307755,37.1936256145,106.5090494448,54.6771647337,89.6048290504,85.0829580386,1.0609211981,1.0139477441,1.0000556311,0.9974703176,1.0660992631
0.7300771168,0.9037644739,0.8338726920,1.0000000000,0.9135525519,87.6438447818,157.7797612852,83.5673736619,75.5910746675,95.2247405613,0.9578108609,0.9519232474,1.0693316588,1.0215719564,0.9696321708
0.7397665927,0.8325048619,0.7250614320,0.8989826525,0.7868363385,91.6005020333,158.9835226605,113.5351573445,72.3340715654,65.2476248737,0.9853348902,1.0898755930,1.0789254463,1.0564677575,1.0223337846
0.6362197032,0.8278266333,0.7159674915,0.9546241736,0.8405581250,60.9988426180,110.6328309380,88.7152487758,38.3062159036,107.9721586772,1.0280485439,1.0962866803,1.0948655666,0.9822903569,1.0716656849
0.7493621887,0.9504692469,0.8376768010,0.8768848538,0.9485824796,122.9098513813,146.7969561284,109.9146496632,62.2234889673,72.3336015821,0.9795863999,0.9820306217,1.0514139551,1.0107501648,1.0897316611
0.7931128035,0.8386101622,0.8166554417,0.8602915876,0.7733014898,86.9370129630,128.0412295502,73.6935052750,66.5805789840,75.2865361814,0.9633514602,1.0267288461,1.0877782296,1.0856170491,0.9734793820
0.8240942038,0.9849660325,0.7943360602,0.9379078846,0.8995708163,37.3048110531,83.2631035478,70.1165176399,84.3053765894,69.9134826700,1.0049956550,1.0428682100,0.9739092327,1.0952033258,1.0872123993
0.7110299693,0.8444377299,0.7556492003,0.8948360841,0.7921594656,51.6129607725,126.2736014520,57.3985155327,77.8956889880,68.1077288884,0.9750425269,0.9681733192,0.9628112724,1.0864165496,0.9790435715
0.7716365461,0.8816606473,0.8154300016,0.8649529047,0.8289455155,82.6590952815,158.4084863376,74.1159483740,42.0557449963,75.9101749771,1.0124427393,1.0173277048,1.0398516566,0.9607603016,0.9840137926
0.8104312981,0.9152230955,0.7974367126,0.9094712580,0.9012075009,110.9594712755,81.5708015747,48.1367467837,44.9140485608,65.3593535982,1.0897235580,1.0862615161,1.0671935971,0.9529101868,0.9990510153
0.6164475775,0.8808755502,0.7411855666,0.9188461761,0.8151583772,115.0065437435,113.5874624303,95.9936495159,79.3612790067,44.7510355533,1.0441938103,0.9912785318,1.0864380043,1.0450834193,0.9607860076
0.6056094319,0.7752979418,0.7529554212,0.8913945792,0.7399533699,75.2869806204,123.2661717307,100.5187384871,51.7605728521,75.4678002441,1.0863508383,1.0936649987,0.9616568628,1.0298540352,0.9955046423
0.8010873967,0.8103294308,0.8201055224,0.8432402987,0.7799670651,22.7918161647,85.7215630689,81.7194033234,35.5153150472,54.7298411718,1.0089258615,0.9769476827,1.0367108153,1.0936969030,1.0254608900
0.7537918937,0.8396718781,0.7936543788,0.9330479446,0.8046031637,96.1718125201,112.6123859580,100.8325374322,42.6178193781,66.7387175017,0.9624371872,1.0430002000,1.0010334492,1.0783887784,1.0152017222
0.8168553690,0.8386517989,0.8614843201,0.9522630836,0.7450570446,100.2554042397,128.2753409110,89.6113633786,65.4601265273,91.8806289490,0.9789259413,0.9786658434,1.0653146271,0.9898381397,1.0650850091
0.6862483796,0.8955711574,0.7911623858,0.9152438944,0.8357031039,33.7514680356,141.7700327274,75.3312391328,69.4020171743,101.9462726197,0.9808830966,0.9982529553,1.0198230459,1.0914793775,1.0897597137
0.7569271830,0.8738735159,0.8808000850,0.9104007390,0.8622925819,50.7081575692,90.9167363139,77.0470945961,40.2988967965,87.5598982705,0.9810307813,1.0037328562,0.9724099083,1.0264977619,1.0190873826
0.7170498427,0.8505645109,0.7809405511,0.9098699217,0.8132715146,63.5806976543,98.5296937812,90.4979282548,35.0868959968,54.4650489106,1.0851140244,1.0895008067,1.0075351087,1.0237606915,1.0844354374
0.7731819886,0.9833369319,0.8927863350,0.9040911823,0.9645634837,92.9363315313,112.1206618117,95.0278314052,49.7359418019,44.5470891883,1.0710061712,0.9505484467,0.9980089346,1.0132661363,0.9844574426
0.7173539702,0.7766665248,0.7370178928,0.8095714974,0.7582129912,93.0398302835,173.5138459673,102.2057184727,73.4780680365,111.0610843730,0.9799357424,0.9556676760,1.0465054588,0.9893765436,0.9578520768
0.7514734703,0.9602372392,0.8530742876,0.9037852609,0.9333807392,53.2667375863,162.4275233250,92.6911333325,94.5561718395,82.7528986428,0.9846468966,1.0702870929,1.0777233772,1.0224599368,1.0124106006
0.5731091753,0.8580710685,0.7952784058,0.8357554512,0.8627030542,130.4515480639,153.6931967157,121.4897028827,71.5469062803,89.7481613347,1.0966780540,0.9800846989,0.9823038924,0.9937800766,0.9759135977
0.7770797126,0.8652694751,0.8585706171,0.9879270676,0.8563604747,115.0132914618,131.3289106887,69.2144676217,42.7508711636,73.4859997948,1.0069048397,1.0866251340,1.0423021761,1.0117919823,1.0901616192
0.7698576469,0.8618131903,0.7796875384,0.9293423963,0.8087792735,92.7499745791,120.1966388216,119.4850830023,27.4132989759,74.4190199943,0.9572696349,0.9815414267,1.0348832908,1.0423328935,0.9559336260
0.7557252990,0.8582906854,0.8421153310,0.9104361117,0.8746067437,39.5505193653,131.4230143507,80.6011459108,67.7842247109,62.6421660368,1.0104558137,1.0473730947,1.0547105820,1.0457209854,0.9980844837
0.7091986881,0.8594775400,0.7521406464,0.8776351482,0.8429088653,116.9866232914,158.2971161429,118.3880220266,65.7297373620,104.1004462408,0.9640280185,1.0140668670,0.9693131656,1.0921435488,1.0212756299
0.8105590893,0.8473703466,0.8784444133,0.9504149366,0.8527119289,67.3276858003,140.9067423259,121.4048427499,82.3045688009,74.8972648953,0.9975888762,1.0649456107,1.0246922889,0.9965051036,1.0717951614
0.9001436650,0.8712445447,0.8054043471,0.8310832845,0.8974487099,94.0354329318,84.1580605348,105.1217879607,62.0092607796,29.9438751607,1.0800728227,1.0509512249,0.9570446634,1.0349484320,1.0644942368
0.8023492525,0.8871642650,0.8534123440,0.8584559898,0.9417182919,55.9554039022,104.7067470562,79.5467947056,35.5631536859,69.4621109845,0.9704754518,0.9843006127,1.0823742658,0.9530182583,1.0629090707
0.7603376946,0.8871561169,0.8619938327,0.9208736990,0.8667564569,91.2868402235,115.7985187002,82.8062942069,77.0621508224,104.1136802939,1.0210659939,1.0170158238,0.9510644799,1.0729097346,1.0039737351
0.6867620436,0.8906304906,0.8969012467,0.9548045248,0.9184545839,72.9109629038,99.1046720836,98.5552419175,50.0845128298,62.4113742989,1.0311148447,1.0515951030,1.0553944365,1.0933970088,1.0297009930
0.7091027459,0.8251306233,0.7888996005,0.8929522558,0.8489583819,103.4913287931,68.3145410903,120.1884280660,53.4092429362,48.9325381008,1.0099579326,1.0930555440,1.0463165353,0.9947225534,0.9689696368
0.6146028296,0.9275679311,0.7755828388,0.8872610677,0.8362781238,82.7691461445,118.3602481606,62.7452644204,84.4236510400,76.7270899290,1.0763831752,1.0043272404,1.0490704582,1.0206224629,0.9798394670
0.6176114663,0.8944398844,0.7818669446,0.8488320329,0.8025728708,96.0750532612,150.6277496159,82.3244911890,73.3052944720,84.3162429178,1.0402529913,0.9591024603,1.0120013690,1.0319922409,1.0154070461
0.7231372241,0.9545704826,0.8124083919,0.8514497356,0.8847418954,106.1692693804,62.5531636907,94.7634070957,40.1956071918,57.7168606198,1.0623008263,1.0741887432,1.0656864611,0.9558219422,0.9791193156
0.7281821144,0.7472758519,0.7835999943,0.8705894284,0.7833630106,96.7511046842,102.0203966711,84.0897504155,54.9555758196,51.5353829546,1.0304911264,1.0902233061,1.0752435163,1.0763801763,0.9954812291
0.8979164876,0.9614680687,0.8723577015,0.8718368000,1.0000000000,106.0495923863,114.1994711672,48.0234368436,51.7487196756,51.6171299103,1.0144171846,1.0206058921,0.9736057375,0.9546602195,1.0920354349
0.7547374747,0.8815526614,0.8206752300,0.9080647597,0.8467392807,44.2181046135,73.8395788140,80.9062332095,73.5362318472,61.3349061818,0.9861068878,0.9859923356,0.9625068581,1.0892761628,1.0369605672
0.7041070394,0.8453115608,0.7959571431,0.8725024404,0.7972339329,69.8374152946,129.7617714679,82.9249159023,49.1149635355,55.7336461935,1.0500555286,1.0867365331,1.0018430253,1.0432260967,0.9558199182
0.7585144182,0.8694348153,0.8976380976,0.7963955902,0.8788047560,41.2042798312,98.0276577233,82.9014396546,53.2623690203,55.1428585913,0.9780158792,1.0746868708,1.0650152535,1.0025964037,1.0065215942
0.8496868154,0.7997968668,0.8203104289,0.8753117101,0.7508746655,61.3563484826,132.2042373273,64.9970347791,74.0812216348,61.6545082019,1.0300331650,0.9500361507,0.9861866504,0.9812347713,0.9875724420
0.6877746650,0.8153616579,0.8757249316,0.9274056305,0.8552335179,66.1891190662,72.3708852245,76.2792204965,67.5768432480,64.1332316856,1.0708858764,0.9919510785,0.9787281983,1.0256395191,1.0798467555
0.8077337651,0.8369727437,0.8041961999,0.9134522310,0.7815916694,109.4605528007,141.2183263986,84.0572016238,58.2278486777,70.1860378218,0.9862024556,0.9617804364,1.0034607104,1.0621477737,1.0326035817
0.8070398744,0.8792321855,0.8199700549,0.9285805760,0.8695267353,118.2643726010,92.8051912598,118.9479024730,71.9939972623,100.8468104116,1.0725190054,1.0939388221,1.0688993715,1.0405704618,1.0240012382
0.7211227067,0.9298820149,0.7648687873,0.9298134178,0.9010865747,74.7578351843,138.4797903256,134.9155970274,53.4657745329,56.7762414330,0.9560103630,1.0976482968,1.0075221684,0.9728342321,1.0500063283
0.7252362849,0.8909123571,0.7498613311,0.9359636626,0.8482250912,37.9997491523,129.6693094476,47.4965781675,52.9646114799,79.9680887776,0.9926432434,1.0378667406,1.0380151862,1.0168594731,1.0754177923
0.7081821584,0.9221937059,0.7782248140,0.8495292768,0.8149901841,89.6293884207,133.6165271922,101.5616228893,84.5619186817,68.3949010658,0.9897450592,1.0172948887,1.0306538193,1.0495437081,1.0675957776
0.7984807961,0.8280175616,0.9157661947,0.8136165991,0.8770988938,68.0751215385,93.2265725390,102.7726007054,70.6582606712,73.4948121119,1.0092210924,1.0469070416,0.9725916430,1.0898972151,1.0074588210
0.7668813974,0.8785523406,0.7975738910,0.9152152709,0.8482800230,114.5873416722,92.4737737467,131.8689803441,83.0170540316,84.1630392648,1.0594282133,0.9530511623,0.9807780714,1.0230623816,1.0817378702
0.8382641506,0.9019978398,0.8618568395,0.8911499886,0.8676221919,129.5449727193,81.9962147943,95.6694362025,41.8168599965,71.8735663253,1.0290882725,1.0894805723,1.0225695345,1.0235673645,0.9679620183
0.7746241415,0.8030471930,0.7442100009,0.9167419274,0.8041040983,58.7464815099,135.9648747445,113.3513761317,74.6066096439,88.3109091178,1.0703984366,0.9870448119,1.0849418734,1.0866236330,1.0914965168
0.7352813331,0.8781194925,0.8324150896,0.8786268253,0.8199656425,60.3031664775,89.1805268923,107.7231152443,67.8490818067,62.9172451038,1.0280345734,1.0515640677,1.0667773820,0.9696521928,1.0401435792
0.7656676204,0.8362722715,0.8375056706,0.8275875690,0.8542864597,74.5522613559,57.9461954530,67.2415278001,81.0736659315,29.3706546459,0.9551446852,1.0246349125,0.9732264022,0.9774384389,1.0047571350
0.7878077986,0.8993008023,0.8868068376,0.9699204015,0.9084396250,89.7369955305,150.7495630726,76.1867598877,68.0689711064,103.6635601026,1.0148655750,1.0434758637,0.9611642628,1.0255537642,0.9773937695
0.6027300615,0.7913549550,0.7207746446,0.8838915242,0.7979373452,85.3124830477,204.3884822877,71.8145076163,92.1057752290,108.9340319030,1.0360962763,1.0456106918,1.0335063885,1.0607443266,1.0003413866
0.6919404949,0.8780220497,0.7613913141,0.8737123693,0.7917231599,104.2980038709,137.6032490271,88.9378948615,67.2231128335,51.5944163272,1.0647659887,1.0149150623,1.0226276747,1.0472153191,0.9527537576
0.6761413403,0.8016802546,0.7296854353,0.9269064141,0.7596525532,100.0811875143,132.3835182534,112.1581542232,81.0805979156,91.3366036996,1.0480991332,1.0427877724,0.9964770675,0.9628691427,0.9636403175
0.9605905652,0.9430154952,0.9130704273,0.8806387521,0.9280289235,88.7022354950,94.9905222787,81.0884148215,75.7316977624,91.6610191926,1.0884835620,1.0533918982,0.9690653921,1.0035084754,1.0388724491
0.7039489739,0.8771849299,0.9346967586,0.8974498913,0.8928451124,79.0472390922,119.9235364726,76.7746635704,79.4703159310,88.0405918904,1.0753357558,0.9565491393,0.9854949697,1.0834623485,0.9513748325
0.6937458860,0.8677835090,0.8890586895,0.8742249006,0.9054615095,133.5304359116,105.8299841980,101.5114416274,62.7577214704,83.8150035287,0.9802098654,1.0938536264,1.0420102770,0.9892507050,0.9600486642
0.8066201548,0.8637883237,0.8682405975,0.9375424141,0.8690450181,79.6083090613,93.0462833317,107.1479125650,67.9240705278,50.2422691900,0.9542287011,0.9867117619,1.0822228729,1.0123870481,1.0580500054
0.6243820224,0.8217643964,0.7533853695,0.8853668168,0.8240977333,118.8860700276,162.5293336290,111.1495491687,69.8906961284,105.6168350675,1.0877427553,1.0112060692,0.9786916057,1.0275676896,1.0862125531
0.7642160801,0.8189736485,0.8321599269,0.9154842326,0.8324613319,63.4574232436,115.7125231805,49.0799484322,72.5665287247,44.3547871405,1.0706561621,0.9598744765,1.0538859200,1.0357846284,1.0861194765
0.8364624580,0.9359872626,0.8837542224,0.9079951544,0.8356049572,122.5854957107,119.3170095619,102.3736111666,50.1387818275,70.5662076183,0.9683722125,1.0301054170,1.0819194040,1.0115035680,1.0222992377
0.7843694575,0.8963503446,0.8487250806,0.8535043847,0.8222997939,120.4632836287,55.3848466366,123.4516171952,56.1853313251,31.5688069660,0.9605691017,0.9917215461,0.9986759974,1.0917683673,0.9924001041
0.8342522283,0.8939106322,0.8860446120,0.9057425951,0.8676364874,58.1171901738,162.8238159419,73.3278229415,46.4415714012,106.7685551959,1.0191303103,1.0506956635,0.9743275059,1.0229663581,1.0607808559
0.8250627045,0.8694604923,0.8481914213,0.8820792908,0.8312867147,93.4638219071,94.4620483071,99.3461720320,38.3024702186,81.2337517082,1.0800282820,1.0439388912,1.0503580273,0.9689425209,1.0918664746
0.7252662301,0.8859575238,0.7883575521,0.9490057615,0.8231159929,111.5342741218,142.0059505146,111.3640108870,95.0271355449,91.4754321850,0.9698861116,1.0662009406,0.9897224483,1.0900389716,1.0579939309
0.7350502685,0.8562230906,0.8841826211,0.9053052579,0.8741707602,55.4531468645,126.1205361171,124.5409152649,43.8170714540,69.0395749014,1.0630720569,0.9828588760,1.0164559965,1.0426719792,1.0654960427
0.6311551702,0.8704540803,0.8234109015,0.9001005167,0.8765343046,95.4111509525,120.9142037319,80.3550982323,79.2232933912,117.9979737391,0.9655939064,1.0943547975,1.0835331006,0.9905522886,1.0734140365
0.7086169240,0.9394622618,0.9352466475,0.8961479120,0.8772984873,89.9032864756,94.6027167243,66.2162803767,59.3589437368,82.3610341645,1.0277485885,1.0192709722,0.9971651159,1.0371452880,1.0594833677
0.8662707582,0.9771415567,0.8517870913,0.9000864358,0.9097059980,96.8791936624,122.7803482749,88.0908026371,41.8225493255,87.8525169414,1.0116399357,1.0443828790,1.0548969382,1.0566682726,0.9577949147
0.6424439591,0.8160163371,0.7196899827,0.8569838055,0.7941866051,107.8442905346,80.0476386370,127.4047829850,64.3255093088,87.1970361387,1.0789621709,1.0187379972,0.9893624123,0.9862646761,1.0224521169
0.7687371786,0.9574673811,0.7906410047,0.9494874306,0.8954068827,51.4468062879,71.8003663995,78.2112438522,59.1064206493,84.0870460845,1.0830247309,1.0067521373,1.0624588620,0.9645228096,1.0214085053
0.7460429032,0.9114448827,0.7675140485,0.9184219275,0.8744932710,102.6519728454,117.1031299031,81.4092634421,80.6061818564,60.4298161578,1.0987529211,1.0655656704,0.9815792733,1.0252162211,0.9850437145
0.7893961011,0.9011792342,0.9629622458,0.8816030302,0.8533109977,125.7117138693,121.4116439420,136.2255094083,73.8987435186,79.9562095119,1.0114341391,1.0670126036,1.0656837223,0.9842150567,1.0883334977
0.7001487579,0.8441583221,0.7634959961,0.9394307137,0.8743076007,72.0150907043,106.8630175835,97.7905377886,58.8467643597,58.9012621085,1.0388852274,1.0069886436,1.0252903371,1.0407606880,1.0339835798
0.7043402965,0.8317379751,0.8191130152,0.8706550454,0.8369125599,80.8592147421,121.3158950779,55.1970471374,66.9080868860,56.9871105036,1.0229607553,1.0257399206,0.9764617866,1.0719099356,1.0312640480
0.7662338417,0.8107474588,0.8908614760,0.9618992339,0.7925309693,56.1666899199,63.4824135313,49.0525325653,25.1124291432,30.6921694808,0.9696619793,1.0649235652,1.0898665968,1.0920960349,1.0053526599
0.7189838752,0.8878193867,0.8281559871,0.9266091421,0.9268188519,133.8314784382,116.2619123606,112.5669272613,67.7663047143,80.5246483341,0.9703275310,1.0277599440,0.9668913844,1.0900981128,0.9775369441
0.7358442218,0.8392694398,0.7366797671,0.8635675389,0.8146155016,83.0639134819,84.4010214731,117.8100003325,85.4207764036,37.1454601589,0.9879148790,1.0109954790,1.0074746703,1.0691994339,1.0184475231
0.8935646291,0.8822298825,0.8803883796,0.9030767052,0.9027622931,59.3992852278,105.6311176918,68.6006795315,64.9158664038,54.5814468612,0.9756152390,0.9900814843,1.0263670078,0.9721180876,1.0417483513
0.9521545941,0.8925831597,0.8657901604,0.9466891591,0.8963982687,139.1264016952,167.9851752484,119.0982841473,87.7372937082,121.5753137578,1.0348620960,1.0572053475,1.0906556923,1.0868381842,1.0919113427
0.8977365861,0.9355522092,0.8625512784,0.9342979766,0.9359605518,70.9013127985,92.6245258510,89.9086435608,69.6003984927,67.0419107848,0.9867073396,0.9697347960,0.9953415051,1.0842627759,1.0958080212
0.8156385745,0.9165026619,0.9039051446,0.9537679975,0.9334849716,45.5750879452,86.9398982183,79.0737341018,51.6975709793,91.7267578139,1.0788987427,0.9665026582,1.0921141997,1.0135037041,0.9513965436
0.8018967910,0.8817596239,0.8453813626,0.9487805751,0.8294487314,50.3503014400,126.5453002889,112.2016151011,99.7945561208,76.1216721692,1.0163590611,0.9569103755,1.0315816882,1.0007831041,1.0210152400
0.7794938647,0.8667690340,0.8288180175,0.9487420862,0.8533204682,97.2857363180,139.6960425260,103.8781597751,62.2172284084,91.8264174229,1.0419755541,1.0803201644,1.0492852365,1.0151073303,1.0729141781
0.7537149239,0.8158355442,0.8466953908,0.9165283241,0.8872539001,21.6938478695,124.8551901260,78.7048889862,55.1979828021,107.3297380162,1.0858373206,0.9679639950,1.0297899466,0.9926767940,0.9570591797
0.7253777412,0.8858361309,0.8255772076,0.9623336791,0.8541595655,68.1266495302,104.1024298779,124.7915597126,43.4302045065,57.6648800127,1.0502820043,1.0794156166,0.9744353982,1.0718620486,1.0780093600
0.7723217221,0.9131801384,0.8436412067,0.8881675626,0.8797440641,81.3243644142,143.8302933440,99.6580871128,41.9970210020,72.5522544883,1.0871510664,0.9897927634,1.0855929598,0.9980994132,1.0328507020
0.8358905400,0.8471428170,0.8493186915,0.8697100890,0.8737421759,69.8161391697,114.0860475023,97.6878465991,65.8919199089,42.3259982518,0.9575761206,0.9565821633,1.0580559819,1.0166719967,0.9884438563
0.6281450476,0.8304933234,0.7883059203,0.9515906997,0.8124281998,111.5985246890,133.8076234967,129.2814663630,71.5173549043,104.7267492813,0.9785620244,1.0504930236,0.9500602316,1.0708836754,0.9618874409
0.7055840379,0.9613974807,0.7471015309,0.8236276018,0.9069584540,96.6636327863,162.3700660442,111.5170826113,66.3443586259,133.5804043177,0.9787234422,1.0079354593,1.0227288110,1.0032492674,0.9981068247
0.7098356621,0.8237594857,0.8314989701,0.9009862390,0.7927180591,107.2259280570,142.1987956244,80.3324569405,41.8273197438,86.2075177240,1.0945874018,1.0462369522,0.9535149433,1.0145263863,1.0812513050
0.6475756481,0.9024089964,0.8230459964,0.8978871681,0.9252378451,88.6380299442,102.8216841010,97.2209605808,84.4145874706,84.3179150706,0.9952184280,0.9641834517,1.0637577157,1.0409020748,1.0355468762
0.6643932187,0.7911858153,0.7381497867,0.8823466186,0.7915946718,56.4747872562,109.8762722017,70.9758498889,50.3254983177,59.4315536720,0.9580364839,0.9710748515,1.0433824094,0.9811735762,1.0256105120
0.7307011154,0.8931734313,0.7521334490,0.9567649828,0.8551390426,73.0588604349,80.2408318709,85.7854316695,43.0073567180,10.0000000000,1.0317322529,0.9925260785,1.0922637733,1.0763696160,1.0583560261
0.8393836665,0.9131063946,0.8800914408,0.9296857553,0.8963748352,136.3243006125,164.3209933501,107.2548641579,69.4321802133,77.0919075483,0.9616990800,0.9659195029,1.0239172019,0.9741070024,1.0967398195
0.8014178208,0.9530373766,0.8618634636,0.9400004548,0.9015284717,127.3930719453,185.9430076302,116.0596551503,90.4409724764,112.2552113083,0.9737780351,1.0231201753,1.0046181585,1.0459079632,0.9693554613
0.8652093772,0.8693399016,0.9488462121,0.9012261153,0.8047797371,51.5818640281,99.8745619494,85.6940299028,47.7462730393,59.1166500479,1.0145474642,0.9912057549,1.0831627287,0.9560878568,1.0870591241
0.7602483532,0.8494374725,0.8603727749,0.8709802145,0.8150783874,82.7150110623,117.0742700437,95.0200151125,41.2580626910,58.4462790188,1.0749491208,0.9946356075,1.0683935982,0.9546820341,1.0950298325
0.5988367415,0.8300832526,0.6351914731,0.8247178931,0.8224835305,52.8853933575,141.0342843173,48.8674987793,81.4561418963,106.0924033051,1.0289892414,0.9954921539,1.0043874819,0.9599608030,1.0984024271
0.8128640127,0.9120800347,0.7981776212,0.9033102826,0.8723229605,77.4454853254,41.6706253298,79.6426654032,44.7860873677,22.8846958102,0.9558937918,1.0482360685,1.0164103892,1.0923374327,0.9868999610
0.6573308249,0.9343320584,0.8442642820,0.8983399036,0.8835690437,72.1195401548,161.8870589660,106.7054520440,51.4188061182,62.7418311075,1.0298130236,1.0223534313,1.0554299666,0.9602015348,0.9790683695
0.7666706246,0.7857411956,0.7943583772,0.8593297554,0.7500060634,76.8245670598,111.7635737958,100.8749071395,49.3795752232,78.8843038095,0.9821847230,1.0607226132,0.9783708044,1.0360237646,0.9822865731
0.7275119766,0.9615276781,0.8612730634,0.8899943722,0.9236636782,133.3788510015,155.5816609168,111.6052225927,64.5136638205,87.0664699161,1.0792437425,1.0913278182,1.0277739462,1.0028463326,0.9851086663
0.8619484349,0.9450925474,0.8737511613,0.8869274710,0.9234762045,114.5160228113,108.6446712583,103.7300407538,59.7986455874,63.8357936353,0.9574671502,0.9902750114,1.0481353670,1.0300425397,1.0916061917
0.7814788308,0.9286002761,0.8727062245,0.9496927835,0.8704718929,50.6883613029,121.2586795182,83.7032061688,67.7388292578,65.0673107105,1.0094415894,1.0540795013,1.0233984121,1.0268864324,0.9901661472
0.8553915253,0.9091858114,0.9674274311,0.8818439721,0.9412274998,115.5205324703,101.5531471870,133.7196782395,28.5671156172,74.2783246875,1.0182426165,1.0206177496,1.0559963783,1.0910959999,0.9993981916
0.7658328627,0.8518980032,0.7950659592,0.8831094739,0.8447590352,96.8857670632,99.4680775625,104.5642353199,78.9149557223,32.7370582017,0.9563300703,1.0244442688,1.0316691998,0.9752660827,1.0640696909
0.7918268390,0.8604787861,0.8290279885,0.9818301061,0.9061480720,97.5686201873,49.7295732404,75.3725448536,75.5382863380,38.9813355099,1.0977393663,1.0918662076,0.9795659058,1.0813044860,1.0556740455
0.7849058936,0.8883575054,0.8395815976,0.9261546189,0.8238521942,55.6530008898,107.1385629713,122.6894979898,26.4836275894,46.8313199346,1.0180769846,1.0310916491,1.0774400262,1.0220202409,1.0059811054
0.7294098770,0.7965529640,0.8169357797,0.9128211249,0.7787619805,122.4357920795,183.5896641268,109.6509548040,50.9527227535,137.7069716765,1.0239871240,1.0368694706,0.9783616481,1.0851361595,1.0511280423
0.8759189411,0.8451445056,0.7808286490,0.9048321971,0.8676136499,124.8610597937,149.5235385395,94.6605912598,65.1192034875,86.6701887076,1.0449903376,0.9649244339,1.0406260907,0.9681440993,0.9618046513
0.8847142153,0.8833715310,0.9213067161,0.9030708185,0.8575411734,93.2712826154,164.6356655013,117.1764274724,50.0202076559,116.6626022526,1.0290966343,1.0104178301,1.0383215405,0.9633833252,1.0146474594
0.8206927950,0.9243687173,0.7721139493,0.9643525544,0.9321802532,92.8283035003,142.0743202750,125.8290554510,45.7630299998,83.2186944541,0.9762180073,1.0980650129,1.0341725319,1.0531155291,0.9988127421
0.6999549839,0.8894951848,0.8302112268,0.9110325233,0.8360810067,71.7136362160,70.7258057251,93.2062075274,94.2184156148,28.2814597749,0.9642108372,1.0963806294,0.9929388553,1.0135712278,1.0474795883
0.6962701306,0.8687067980,0.8595341245,0.9196197039,0.8309959035,84.1929847238,138.6343565250,98.5465850258,61.3578570613,60.3326316826,0.9537045947,1.0715388696,1.0304867285,0.9917325781,0.9592411978
0.8117358969,0.7557086570,0.8749756482,0.8158708374,0.7562413761,90.8196685735,99.1524932647,55.2267049910,75.9262051184,83.5773821582,0.9743747623,1.0842550788,1.0529036336,0.9874852582,0.9598401147
0.6604264084,0.8014525809,0.8335108872,0.8691837824,0.8060618974,86.2915244213,127.0433590502,115.4903597836,65.6505675387,95.6109720675,1.0535922969,1.0358611589,1.0106779287,1.0045417174,0.9825221414
0.7462463537,0.9020495886,0.8270184871,0.8530728349,0.8962291098,77.5629449782,156.7793953188,101.6611952036,69.6998169458,69.1680558144,1.0504416885,1.0956002042,0.9763572869,1.0395674930,1.0136277584
0.7104994733,0.7983494266,0.7686258727,0.9452304189,0.8256629958,92.1738963575,97.2673546835,83.6628002596,41.9387006664,44.4543957915,1.0170033083,0.9881220920,1.0737702313,1.0227883406,1.0315108778
0.7221078292,0.8581116872,0.7898104863,0.9770724817,0.8518882913,138.1192850754,171.8818449362,150.1444806878,50.6540895144,101.3930942713,0.9957141369,0.9772712699,0.9628865582,1.0571178711,0.9794351423
0.7844033318,0.9355920135,0.8548231338,0.8991713608,0.8824583019,52.6623093699,91.7897846592,66.2692366139,74.8946202802,55.9053289937,1.0535113031,1.0085564669,1.0123662201,1.0203766244,1.0051562762
0.7442718992,0.8771505936,0.8546810829,0.9022326619,0.8757561892,111.7094833424,144.1677310715,146.8744986931,40.8024004860,107.8903872778,0.9650929966,0.9964447715,1.0495601541,1.0498676602,0.9929336461
0.7435426736,0.8825399108,0.7162166572,0.9340421611,0.8602400522,113.6610217600,98.2672674673,120.0827311004,63.3197903622,65.9917854503,1.0190153940,0.9790170842,0.9815558122,0.9534570633,1.0845119825
0.8298408088,0.7568275745,0.9293268295,0.8800384810,0.8170120219,64.4016128257,93.9189723750,123.8837507848,55.8451235219,78.3183803505,0.9816059998,0.9841300815,0.9919402149,0.9691112108,1.0458894325
0.6668075258,0.8936288636,0.7407568191,0.8747052515,0.9165027974,65.2275154583,92.3317021982,106.4177932991,31.9583669622,52.2680466210,0.9612714430,0.9701303639,1.0467135090,1.0009490931,1.0561921740
0.7347454079,0.8875106511,0.8607894919,0.9210874974,0.8632886383,85.8506852768,123.4778370164,92.2916342476,67.3329381978,89.3462469059,1.0336137117,0.9884031760,1.0476241926,0.9674410520,1.0304615575
0.7791968802,1.0000000000,0.8506798112,0.9264042045,0.9696571208,103.3659386365,95.4312294600,93.3004503488,76.5984792064,84.1137289886,1.0155722158,0.9901810374,1.0406007497,1.0807000389,1.0998357050
0.8384420746,0.9532006261,0.8970026240,0.8688031398,0.9606432653,50.6785137130,122.0942002196,48.9418245383,59.1616015847,103.8682839736,1.0411644153,1.0107058811,0.9837810650,0.9885644134,1.0219182467
0.6582923686,0.8772396108,0.7499230068,0.8942827588,0.8516730598,61.3026820683,89.7886547912,99.2524827521,27.9246319092,46.2381640987,1.0050916552,1.0870721784,1.0052443201,1.0060166887,1.0075301769
0.7757085772,0.9049446956,0.9160785110,0.9237112080,0.8656737033,99.9110284395,104.9345266906,93.9312447307,70.4552760209,78.6189216246,1.0754930316,1.0476182481,1.0421253275,1.0001214534,1.0726856265
0.8271269735,0.9511954339,0.7974166451,0.9344516853,0.9252492266,91.6704599074,111.6327918423,103.0263646258,56.7974228025,79.9318859148,0.9557545792,1.0806195759,1.0269124850,1.0097375352,1.0245750921
0.7261949197,0.9411535804,0.8163847722,0.9133767020,0.8833499176,72.5766993721,111.6519978882,72.5938666020,57.0756310141,55.2259417759,1.0501123296,0.9519148140,1.0807327785,1.0170109288,1.0014449780
0.7512463238,0.8279446967,0.7365410083,0.9531737903,0.7856628065,57.1488387460,120.9187752414,90.5858261735,72.8553827321,68.2477482526,0.9707368348,1.0159198062,1.0244484157,1.0105470042,1.0517990141
0.6706886120,0.7624189525,0.7372923700,0.8282359492,0.8184777050,95.2013211709,138.6383931246,107.6933132390,49.6297895674,84.6426506342,1.0131344793,1.0942126367,1.0398916277,1.0711216903,0.9664033855
0.8307853671,0.8623245768,0.9588967136,0.9398876231,0.8409983456,94.1035074014,122.3958447490,60.0279570224,62.4107457924,112.7863116816,1.0095936939,1.0005271552,1.0354223582,1.0791670280,0.9617507327
0.5500475428,0.9517799107,0.6956277235,0.8404938361,0.9130947019,75.9990182811,96.4387557896,97.1184818609,61.1483896635,86.1334146329,0.9608862197,1.0775476562,0.9819275129,1.0503129882,1.0314317199
0.9451801925,0.9826218914,0.9350671187,0.9434887492,0.9641600329,53.5532961023,133.9508921856,97.4541125564,59.3529885245,84.8454344348,1.0749340392,0.9687633365,0.9694674449,1.0335227540,1.0919567980
0.8107142872,0.9047959050,0.8507452271,0.9026976660,0.8439895713,110.7364370400,151.8174757998,84.6084104790,79.8379490220,90.1781570828,1.0122496638,0.9990413150,1.0410033985,1.0895672901,1.0755391749
0.7275459939,0.7950409803,0.7905824968,0.8480120698,0.7498134502,86.8218524504,122.5887879320,93.0329886334,80.8686804721,77.7828782315,1.0993225416,0.9533852875,0.9669287217,1.0414201645,1.0730864659
0.7643915321,0.9490926897,0.8854537514,0.8501171602,0.8606936672,57.0113467904,101.7153550816,88.3258343630,77.1276570384,79.0218179764,0.9927866513,0.9858816632,1.0680463699,0.9584572781,1.0054073971
0.8252616950,0.8472499058,0.8274755277,0.9180580147,0.7995281774,63.7366180313,187.9461548448,99.0930473640,93.2542784787,103.5997408368,1.0258713834,1.0340523012,1.0592922735,1.0032268585,1.0419026517
0.7584300405,0.8179516718,0.7798467307,0.9028083461,0.7520565302,98.3339811176,147.8753893627,123.4527493513,84.0135187555,107.2456941260,1.0378063134,1.0321424151,1.0460724940,0.9889173757,0.9626973130
0.7852379790,0.8856704578,0.8612600101,0.9109567569,0.9061768227,77.1228317201,101.3036468299,97.1209355637,72.6579057517,65.4639125798,0.9678907508,0.9836873574,1.0250296903,1.0760664126,1.0551940013
0.7600179602,0.8613970286,0.8259546192,0.9188321412,0.8417365181,111.6292991429,169.0890696134,90.4337494134,54.5839580165,92.1935394336,1.0683560906,1.0026463436,1.0106980612,1.0090522829,0.9787809777
0.7532473353,0.8471260059,0.7807219621,0.8395728101,0.8838538219,92.6903167047,106.4266177736,120.7399613428,65.7972008530,73.2037986501,0.9591824987,1.0386374139,1.0983825025,0.9750244557,0.9570027230
0.6504909412,0.8282925799,0.7394377870,0.9243731046,0.7992246574,49.1022619033,72.7076147080,85.3944330000,14.2163321978,64.2868848560,1.0669297523,0.9878879010,1.0744465708,1.0555905001,1.0918510306
0.8498193658,0.8665926757,0.8653341705,0.8677806786,0.9210980445,81.0461538907,214.3781525007,143.6040729294,74.4294887454,115.5597968916,1.0113390854,1.0492954759,1.0197282171,1.0445883046,1.0174398359
0.6549921265,0.8769635298,0.8196796988,0.9143094043,0.8385695611,109.8895378501,176.0363351422,77.3802804156,39.1087101068,83.3243501366,0.9782948370,1.0261846124,1.0292876302,1.0715905772,1.0603281059
0.7396143440,0.8801423635,0.8090072367,0.9373697378,0.9294452389,99.5684395793,138.1014666599,120.3123509757,43.5623750220,41.9345514646,1.0495687436,0.9670080643,1.0580924436,1.0250457735,1.0841149304
0.7054006572,0.8063021852,0.7858407314,0.9888902923,0.7765138534,106.4503548826,100.8041858641,63.1678023026,58.7717721020,79.9949544541,1.0879806401,0.9582734886,1.0730962341,0.9556546086,1.0050754439
0.8811293444,0.9846079808,0.8567147170,0.9402155437,0.9854678566,81.9485716970,105.8097180988,90.0070893058,50.9914442580,44.2567719623,1.0313449963,0.9722151198,1.0619470719,0.9512532056,0.9752898573
0.7196697807,0.8646029196,0.7769828390,0.8567119097,0.8104555273,67.1329830752,131.0343533035,96.4030052628,64.4362644045,62.0676882347,1.0371195245,1.0571581343,1.0874964654,1.0558244978,1.0507668905
0.6520847787,0.8632665738,0.7442593875,0.9037032927,0.7764342702,80.4624209466,54.9185990196,91.4574658099,73.0651295079,25.3953640330,1.0091511720,0.9501926638,0.9680238888,1.0301831817,1.0512694829
0.7764704186,0.9247200011,0.7359148088,0.9198485456,0.9200380029,70.3518081671,126.1581581049,113.8777389667,53.5727682645,64.9354718631,1.0126172426,1.0596018517,1.0282793443,0.9611264293,0.9788024376
0.6532287185,0.9416320031,0.8209017252,0.8799208405,0.8826225618,35.7769214396,111.2269087865,116.5981389736,62.7558780508,70.4634106518,1.0759997335,1.0587369120,1.0842142981,0.9676335874,1.0985333802
0.7946661530,0.8920001298,0.8649961513,0.8672939461,0.8657587255,93.0520577692,121.6064568658,82.7803492239,74.2375163629,81.3795644648,0.9814110071,0.9517669814,1.0996134409,0.9921610828,1.0502029179
0.6369028402,0.8534891375,0.7303514699,0.8638288514,0.8640305873,85.4403312983,91.4358905603,116.4311544463,67.0586276465,56.6145846181,0.9765023471,1.0370342798,1.0856052480,0.9980271751,1.0505380964
0.8373048096,0.9254236884,0.8026714356,0.8951948493,0.9244504194,110.0456213420,111.3854131429,87.5900052585,45.8289817934,39.6111510834,0.9781855383,1.0437193098,1.0004675528,0.9816812388,0.9969773076
0.7613373531,0.9927507222,0.8662310604,0.9250230919,0.9170881501,96.7885595105,69.0048071180,71.9711780420,15.2286635650,45.5569808438,0.9768261603,1.0852874162,1.0095780329,0.9867918957,1.0172611762
0.7606832724,0.8747307659,0.8587505630,0.9376258216,0.8242114234,81.2419884932,109.4952089599,74.0578329360,37.4309067751,73.8670726689,0.9980804250,1.0616628881,1.0956829868,1.0157050485,1.0791550100
0.6435013637,0.7724500913,0.7886964735,0.8389220380,0.6940172273,71.2362017073,125.9956859735,75.2891600219,63.3026163692,98.4627592363,1.0348794610,0.9735853498,1.0535934113,1.0270151746,1.0475909785
0.7810862884,1.0000000000,0.8548675100,0.9521394621,0.9407333473,99.6541450098,111.3945537923,103.3513743077,54.9341653859,72.2009574059,1.0834531119,1.0160651856,1.0851766435,1.0626003521,1.0232907389
0.7420888277,0.9223538095,0.8108719943,0.9163226392,0.8891168630,76.8597236963,113.2158848728,95.8454412748,41.6395161974,51.5796217073,1.0404833203,0.9988371699,1.0975395950,1.0501026745,0.9565770279
0.6965527637,0.9172960475,0.8003767077,0.8746370240,0.8879488246,50.2864361542,64.6305728032,57.8587736684,51.4003265131,32.3065869834,0.9989932859,1.0434971651,0.9584499917,0.9535826287,1.0175036359
0.6781225615,0.8678671358,0.7928458765,0.9391020712,0.8571165424,97.8403616058,124.1020584434,63.4342918122,71.3593413296,91.0505745627,0.9999035270,1.0157447912,0.9894039965,0.9747076620,1.0533715035
0.7479978433,0.9186295621,0.8980010590,0.9289982782,0.8817256337,60.1534331291,126.3878824429,72.5192903250,61.6229977827,53.3045109777,1.0271856674,0.9800231317,0.9979384139,1.0387711861,0.9608344022
0.6450531014,0.8095197727,0.7549997081,0.8629873672,0.7871082502,40.1723386866,97.9888799330,77.4697936724,47.9225058358,40.6500411824,0.9721179514,0.9609868406,1.0718475999,1.0628613850,1.0629969398
0.7545319940,0.9061144830,0.8230945826,0.9229724567,0.8712038859,75.0025234467,125.5162224380,91.6449198459,63.7727041964,65.4896163605,1.0574488015,1.0504078136,1.0215487873,1.0463417245,0.9557542332
0.5919626747,0.8055645587,0.7445112210,0.8379032373,0.8076414057,114.2929478679,92.4580132048,110.3496914308,76.5675851136,77.4013441798,1.0432196634,1.0666816558,1.0250537541,1.0036269993,0.9916140102
0.8724600666,0.9610924979,0.8665145419,0.9729408951,0.9206912054,79.9368943234,103.2561562743,110.9072148479,33.0300462773,48.1900418744,1.0464203075,1.0539201798,1.0806451400,1.0013501124,1.0654658461
0.7230331223,0.8456862681,0.7886446875,0.8787727408,0.8293641834,75.0610558627,153.9940956168,101.7499797666,49.2388813190,81.3420580625,1.0342033736,1.0824254736,1.0291718162,1.0276444743,1.0366815622
0.7628459185,0.8825538956,0.8471725530,0.9477197088,0.8904836375,69.6419213976,95.4506108632,106.1292059027,32.2054125763,88.6814591343,1.0623973033,1.0947035718,0.9610345031,0.9580151904,1.0906325506
0.6312081625,0.7359122561,0.7990996569,0.8233168739,0.7370700808,105.7057422546,157.0340318164,95.8881781294,64.3015857476,66.6615449654,1.0294813438,1.0422354522,1.0223635402,0.9640486179,1.0652134068
0.6563909579,0.7764993156,0.7955632849,0.9127484594,0.7582491881,71.8834398233,131.3624553869,115.5560579569,43.2515003960,71.2146232129,1.0620836968,0.9967554982,0.9959358868,1.0756762071,0.9608535887
0.5427166166,0.8150801660,0.7571354907,0.8282584378,0.7971329897,81.2175194942,78.0645486723,101.1130273515,40.4257961921,52.2015548326,1.0821657723,0.9884992535,1.0389477122,1.0903991269,1.0517183752
0.7487752121,0.9074007958,0.8311163652,0.8661034101,0.9080040443,73.7012657022,94.0865848884,89.3229499347,51.4254229174,56.0851502909,1.0121644719,1.0534301313,1.0015969454,0.9915887625,1.0995024917
0.7373176342,0.8763197129,0.7672985318,0.8808567566,0.8116903181,66.7884594580,125.0212991137,119.9944288812,63.5504277260,95.3826368382,1.0626185347,1.0467079966,1.0032934465,0.9573741244,0.9546585314
0.7361643152,0.9590491001,0.7608596588,0.8469351285,0.9453868084,50.2444518712,116.2958887774,64.3299741491,32.4391045710,52.8468771976,1.0331271883,1.0643049082,1.0306068786,1.0761177608,0.9550139800
0.7332541058,0.8449474091,0.8605447613,0.8717616045,0.8910103033,114.7974833603,155.0760443402,111.2766486998,40.8698471197,85.0201352848,1.0050128115,0.9855605587,1.0170909452,0.9608564590,1.0931197462
0.8042340697,0.8668969971,0.9459683298,0.8777515644,0.8752396884,92.5425002225,126.9698903795,64.3494004896,45.2653412466,72.8280583118,0.9834883102,1.0883461663,1.0138839733,1.0978286200,1.0331087575
0.7739434064,0.9465784910,0.9210499839,0.9133410535,0.8742386122,98.4072727379,58.6650345976,90.9658064339,52.0412805380,64.5959799890,1.0896249296,0.9508023483,1.0622358209,1.0854575980,0.9709580850
0.7867977714,0.8545746192,0.9302849502,0.9044315932,0.8286107740,102.3214396059,141.2811751438,87.4382221935,31.1290750242,72.5462292541,0.9644188778,1.0136858911,1.0900518359,1.0313579840,1.0291184696
0.7647744245,0.8185163757,0.7631834842,0.9371199592,0.7871242364,110.0407956302,166.9688218177,119.3340726209,76.6851421133,105.4843088004,0.9711689177,0.9501184267,1.0715210136,0.9631361844,1.0450774728
0.6662471214,0.8898930402,0.8542426734,0.9290032764,0.8919263909,71.0970313310,112.8403112594,120.5526223162,42.9938763791,98.3077724324,1.0871924682,0.9812977870,1.0497909254,0.9618047865,1.0405632716
0.6894563929,0.8008320271,0.8605968875,0.8757570327,0.7878279995,76.9492961377,157.0274193449,70.1143433501,75.5883899121,77.3848959343,0.9745897581,1.0603930341,0.9951846942,1.0195086513,1.0399145813
0.8562555313,0.9264533927,0.8883884910,0.9944915896,0.8724355093,49.6183202019,117.9319595925,102.5511250691,44.5876972799,44.6195204434,0.9756910116,1.0612456728,0.9953960511,1.0493557790,0.9737424576
0.8242272102,0.8966369547,0.8620975824,0.9642228318,0.8886380082,82.7038808916,116.8788681220,104.0117906315,75.9402398373,75.6600193661,1.0532176489,0.9692282109,1.0138034744,0.9870809111,1.0622562874
0.7930636863,0.9392297808,0.8276192257,0.8765730314,0.8522265962,131.3875828699,137.7241483693,104.1001372236,36.6865348713,76.7445599230,0.9893052507,1.0822575960,1.0837730317,0.9794661973,1.0420768918
0.5926914728,0.9485794805,0.7240371572,0.8969927112,0.8726935135,76.5903263647,146.2087593088,103.0625934342,44.3395288844,85.9922817368,0.9631576463,1.0087305649,1.0569982594,1.0489134870,1.0437051004
0.7745925358,0.9235192857,0.8808866601,0.8851097220,0.8756887848,101.7882792932,168.9439527280,120.2374567225,82.5555521341,101.3035763679,0.9923811295,1.0067037424,0.9654419217,1.0578534231,1.0255833195
0.7726063960,0.8723768885,0.9082629896,0.9202346943,0.8781640224,94.7078001356,159.0576652866,76.9560417248,60.4738304807,76.5401044081,1.0563148449,0.9873415287,0.9986657343,1.0001323006,0.9538613615
0.8030305015,0.9459143548,0.8602074619,0.8604422959,0.9084284526,94.4788279682,158.4359179196,90.2020650869,25.7259052983,77.9419004905,1.0011571809,1.0704956860,1.0845947744,1.0277327473,1.0183252543
0.6978914485,0.8450162378,0.8254339589,0.9427009784,0.8292298750,107.8368433004,141.2838695844,111.4030982576,59.8205899935,63.4741489063,0.9546236928,1.0818806506,0.9519515320,1.0917125120,1.0233824373
0.7747066410,0.9658229734,0.8576266123,1.0000000000,0.9368927648,97.8823580406,98.5689890945,136.7548773259,67.5011872254,60.9156957335,1.0012901740,1.0886327652,0.9536586490,1.0372137342,1.0323398787
0.6091389793,0.8895206638,0.7937609359,0.9492043988,0.8760482770,69.7153688153,113.5996979467,85.5304836660,77.4542373546,77.0390692565,0.9828980602,1.0143331147,1.0478396009,1.0590696795,0.9501075288
0.7389235213,0.8195278561,0.7936149645,0.8572118516,0.7853878854,66.7092065273,171.1775903781,94.6732914807,81.6158606643,87.1559892539,1.0905280145,0.9746788059,0.9850370651,0.9895210169,0.9556730205
0.7970862724,0.9684780445,0.8735790340,0.8678557294,0.9256671754,94.0778906936,131.3234225527,64.3398016641,95.8757150246,105.8599628866,0.9684578185,1.0979524884,0.9972825106,0.9672951636,0.9660486892
0.8457305189,0.8688646815,0.8432979216,0.9008763748,0.8205042679,75.0701170964,85.2168470268,95.4362093064,55.2739392480,66.1835630321,1.0579189952,1.0781852996,0.9885428449,0.9531364269,0.9834635028
0.8018624347,0.8839553475,0.8597445207,0.8674255346,0.8392186668,89.7894349049,136.0298497053,124.0642649597,73.4077951421,67.3521914239,0.9584773536,0.9655092405,1.0147262180,0.9844877556,1.0273918818
0.8077905086,0.8730527124,0.9263980411,0.8863718671,0.8607162673,119.0640713178,176.3993996578,167.1791254971,53.1877554971,106.6469381718,0.9880240630,1.0910805952,1.0858915952,1.0350209158,1.0031635988
0.8246072665,0.8263371287,0.7446225406,0.8320844000,0.8536740053,32.9475324203,123.7666059982,69.7395905981,91.8092695881,63.8731888795,1.0071720323,1.0117778425,1.0591368983,1.0177458493,1.0785094920
0.7058513483,0.9937404570,0.7987479171,0.9226695787,0.9766185257,42.7704240508,96.0126333842,44.4456624970,66.4364678533,25.5982097380,1.0916142179,1.0003919230,1.0341041722,0.9642584805,0.9800703572
0.9104874311,1.0000000000,0.9613770746,0.9640510183,0.9732015175,85.7114395296,59.0958006050,84.3195833414,77.3851013198,59.2065784104,1.0120198650,0.9809304074,1.0814840736,0.9737429384,1.0183491232
0.8122688861,0.8653855330,0.7963424419,0.8982077128,0.8356831793,63.4126598759,113.9018468571,88.3429112683,66.3988031721,48.4914631233,1.0408548861,1.0537795862,1.0074604055,1.0803648603,1.0352478727
0.7137417561,0.9064171435,0.8617873006,0.9075977648,0.9204436614,99.8141818462,44.0628488981,81.6737375007,38.4704289990,52.4737324025,1.0159261671,0.9600860951,1.0197034203,1.0731103761,1.0421811527
0.6586648709,0.8536376958,0.7472941636,0.8202522392,0.8164921767,85.5657713169,78.8208377170,73.8448458212,55.7295894765,55.3964999607,1.0748243681,1.0241017506,0.9677692558,0.9520459769,0.9954829320
0.7402601993,0.9503607393,0.8628594255,0.8708635152,0.9607382923,70.5218972591,102.3916861175,101.8357293862,47.9517051488,64.3516019269,1.0546985707,1.0685389856,0.9943629252,1.0243480881,1.0131678357
0.8476826956,0.9260797964,0.8505500009,0.8712450508,0.8705066866,139.2484147020,91.1720673362,75.2318028767,69.1021091669,54.7721925591,1.0115784177,0.9847023070,0.9704556658,0.9795032837,0.9582998581
0.8370998896,0.9862202671,0.9492991151,0.9002473188,0.8903336332,77.0440618064,95.1293604046,85.8211613132,82.6920076259,81.5604309818,0.9797196113,0.9513801346,1.0440887601,0.9974563111,1.0959717067
0.7612708998,0.7977641119,0.8240553053,0.8825136052,0.7797104123,106.5555877972,83.5449373119,77.5170083399,10.0000000000,38.0703152012,0.9790575576,1.0018742855,1.0036761738,0.9512677244,1.0758811930
0.6224237546,0.8805766178,0.7497846398,0.8509391470,0.7366914360,108.9175796596,140.9352813730,99.8958924249,63.8890508136,73.4901222031,0.9547991690,1.0910269752,1.0838111527,1.0303282874,1.0315393362
0.7477988076,0.9641182901,0.9207817267,0.8963462228,0.8886235325,90.1189720600,143.7406851721,69.1600408245,68.6459884617,100.4672109734,1.0480666884,1.0080575018,1.0470833425,0.9567152583,0.9581071441
0.7875019405,0.8394116634,0.8400648103,0.9250559622,0.8712664698,74.6224927759,138.1057058120,144.5262938033,62.4623757843,91.9049280442,1.0185845629,1.0324433452,1.0831726461,0.9656990951,1.0733971891
0.7419876739,0.8687830701,0.7702107931,0.8648751897,0.8291680701,66.5485729085,120.8993318620,97.9007654845,63.1730344298,57.5046183986,0.9815071006,1.0091125473,0.9974903652,1.0100232909,0.9725743247
0.7793892405,0.9290856920,0.7985995298,0.9655799894,0.8770145923,90.1590442831,164.2177780739,108.3824015122,84.6113260763,93.3037244709,1.0255355112,1.0702463885,1.0162301016,1.0235920364,1.0773151378
0.7482906165,0.8440397650,0.6884359299,0.9266892484,0.8471255618,103.7475059856,132.7081658989,84.4091143759,67.7772451439,64.3872844155,1.0559087172,1.0235681613,0.9886543472,1.0827390120,1.0365530603
0.7274937954,0.8789753402,0.8385555798,0.8387231458,0.8264610760,69.1779931279,121.7678113115,95.8004259250,39.5889910479,89.9879971007,0.9831721415,0.9903679629,1.0704699633,0.9566218343,1.0988138281
0.8135411744,0.8320881777,0.8469944427,0.8414393359,0.8352842458,99.3001569575,102.7173367761,69.9182102314,54.1579408962,58.7099793937,0.9695527520,1.0694102788,1.0092162975,1.0238324275,1.0820975866
0.7471486814,0.8024285000,0.8632083542,0.8607929484,0.7706672936,87.8285114263,110.0054362991,58.5484082679,50.6818643650,62.1923665412,1.0119366784,1.0306240631,0.9573949494,0.9503521211,0.9867199810
0.7660455358,0.9377950478,0.7849476696,0.9103558311,0.9020354133,100.8415256194,103.2791708522,128.8536950723,25.5999247458,88.5925382741,1.0520874639,0.9681897340,0.9670642938,1.0116440912,1.0471755558
0.8054484486,0.8988123099,0.8237034884,0.8712574807,0.8656950044,79.3920257280,143.9206181090,96.7606585096,83.5985249304,81.2615552986,1.0568107988,0.9767676011,0.9619382221,1.0910595551,0.9890999574
0.6642288790,0.7245783775,0.7825814249,0.9107198321,0.6612096167,57.5344893706,155.1624056239,87.6290689737,69.0725223793,109.7942502282,1.0780019746,1.0795237176,1.0658783888,0.9753250410,1.0732702189
0.6692215436,0.8943858155,0.9006830985,0.9033124418,0.8350815680,59.2011189476,131.3120546957,77.4870364992,58.6469468191,78.1289835968,1.0653875839,1.0395084485,1.0005803053,0.9893762906,0.9682833818
0.7353682847,0.9428339790,0.7944770929,0.8771199517,0.8701367613,47.4944534638,88.1056286591,105.6339296875,69.1591087303,61.5173612308,1.0264635600,1.0377891313,1.0039008486,1.0213038602,1.0045271686
0.6737337113,0.8715510720,0.8755750387,0.9113843155,0.8363655940,91.0780864628,112.8098127577,120.8678046794,56.1605071937,77.4822342916,1.0461509086,1.0851888812,0.9745880393,1.0072113215,0.9711302906
0.7266550985,0.8010633814,0.8416226389,0.8855546919,0.7916438975,113.6507536036,104.0262191233,130.5808894331,32.5920067598,96.2175765411,1.0437415656,1.0593305764,1.0897869099,0.9918307889,1.0925316809
1.0000000000,0.9421462191,0.8801969333,0.8974373577,0.9444622690,75.6831104012,110.6300893757,57.0903674508,49.3455559116,48.8605130998,0.9594894008,1.0404520795,0.9585699079,1.0840661282,1.0294713586
0.7590616328,0.8130975689,0.8567991982,0.8649967433,0.8723938974,69.8088413657,112.3180203005,107.2016361590,62.2344271842,77.6230843161,1.0504022526,1.0747360889,0.9725465934,0.9557887343,1.0818321719
0.8364038453,0.8748648264,0.9136383212,0.9051099202,0.8857943743,57.6120152789,87.5381063662,116.7539094133,41.7814369584,87.9187521722,0.9972399841,0.9693468362,1.0202691856,1.0397459114,0.9546455905
0.7887786254,0.8469023527,0.7936729740,0.9355565484,0.8194405721,78.9234700280,118.6088841201,112.5052634234,81.9149888277,76.7248850352,0.9912343487,0.9549199811,1.0130503084,1.0842650044,1.0973978617
0.7177081229,0.8283888295,0.8205243777,0.9727462536,0.7828461988,75.2939236620,116.0268228981,97.8963823869,74.4650395567,75.4410433788,1.0455571330,0.9742456541,1.0858774085,1.0274371735,0.9730623968
0.7519375565,0.9477219193,0.8299807654,0.9277883311,0.8591866647,100.4721574506,171.8710620984,110.8910688389,75.0747432244,73.3941879377,1.0882590004,1.0636203576,1.0597557909,1.0563771056,0.9800509732
0.7842645678,0.8774983939,0.8814522597,0.9478737947,0.9476732673,19.2317465793,115.6314875602,73.1829135660,48.3879806635,71.0284447707,0.9816510038,1.0532439498,0.9829584125,1.0158007545,1.0673002738
0.7963706539,0.9042339915,0.8503953587,0.8910178295,0.8805938052,83.4899067701,152.7874114973,98.8435379271,52.9269019783,104.1258387985,1.0675928777,1.0179892659,1.0688284907,1.0757932694,1.0482163627
0.7263678872,0.8836040553,0.8800536984,0.8619809588,0.8920586238,79.5717231263,134.1741680206,85.8801014444,50.9378621610,79.8120856922,0.9842638778,0.9911017671,0.9972261733,0.9675206162,0.9909739431
0.8553692054,0.8941252162,0.7499773299,0.8784449179,0.9037357091,85.3207160886,134.1809486786,91.3977680890,30.8682594250,68.4104440489,0.9814278836,1.0182993125,1.0862656322,0.9656720475,1.0580401886
0.7481705550,0.8319933004,0.7840930708,0.9251679140,0.8378096093,104.8454616786,116.0218749326,96.1463513061,76.6915280962,64.7876998853,1.0530924507,0.9643631298,1.0883858607,1.0352708303,1.0045588282
0.7308854321,0.8589196092,0.7893532145,0.8599197451,0.8877835586,46.4299195439,106.0216093347,73.4686533647,39.5875931673,60.0085993842,1.0634807875,0.9886048188,1.0540264756,0.9559566811,1.0759112056
0.7242143625,0.9332199543,0.8995497059,0.9480336622,0.8761023976,97.2876411812,122.6760070481,104.4858810622,92.0853683669,76.3208546863,1.0172256271,1.0455039372,0.9831856730,1.0515610569,1.0658360414
0.7822984072,0.8849018945,0.7857064168,0.9132057478,0.8121021590,91.9587158661,106.7023369050,80.6045883349,47.4323479310,58.9768929720,1.0209819780,1.0426590386,1.0184488886,1.0841137054,1.0246803771
0.8450143511,0.8756543581,0.8615257437,0.9127349664,0.8452293882,93.9868949387,191.2052993198,90.6222684446,65.2314836512,103.0543586598,1.0762713064,1.0702028087,1.0115757232,0.9845126738,1.0109123199
0.7969355041,0.8661489463,0.8776417132,0.8471761570,0.8468388876,94.8949712177,130.1215732193,122.1387143117,21.0964921655,33.9537973574,1.0739326064,0.9841448804,1.0286654519,1.0709145122,1.0030216213
0.9051143199,0.8613711717,0.8340988781,0.9200409405,0.8528801697,72.6030456997,149.2786376176,65.2793912744,12.4012425516,86.5816606786,1.0463314456,0.9868447361,0.9663919168,1.0691576338,0.9648452935
0.7780504079,0.9085921905,0.8675670646,0.9489810473,0.8902467442,91.0914305926,89.4164916228,76.3755875531,37.7131759846,60.4995905352,0.9907072093,1.0782664133,1.0019703931,1.0959568024,1.0969601502
0.7306993876,0.9084608562,0.9161875683,0.9005989180,0.8387624160,69.3421180954,130.7645623646,39.3428137318,45.3064719139,53.2823786188,0.9902414031,0.9561467333,1.0557594926,1.0176479754,0.9651129266
0.8385664535,0.8908643945,0.7410579606,0.9344974533,0.8399865974,78.5914830407,102.6466463432,106.1248841238,25.2822445562,63.9138511927,1.0561284228,0.9546762364,1.0805295036,0.9707978794,0.9690967818
0.7427573374,0.8944764533,0.8301502128,0.9299705735,0.8464729308,98.9584105803,177.9240847611,95.2628167597,75.8806062717,69.9423499641,0.9763508447,1.0940399538,1.0539754040,1.0702057303,1.0096452479
0.7910484639,0.8753169995,0.8706960823,0.9250518569,0.8203638612,25.2010948922,130.4794567954,77.8326087837,80.2463406761,54.5163681845,1.0004469091,0.9851726010,1.0220972042,1.0327743100,1.0447662265
0.8368785693,0.8707259047,0.8888128885,0.9157340195,0.9171622386,97.9975534882,178.0512144157,111.3611982503,75.4996502584,102.1776472098,0.9885677756,1.0922981121,0.9754637747,1.0948479762,0.9522284184
0.7321227214,0.8599866610,0.8090080692,0.8847288817,0.8627077155,45.7279635719,150.4202552766,74.6566302479,72.4936324394,58.7529520936,1.0221688538,1.0000051757,1.0173685121,1.0355996868,1.0153383737
0.6206951513,0.8054978926,0.7070072277,0.9221187270,0.8517677550,55.5135083873,155.1060243857,82.7704951595,90.0076893075,89.9487196380,1.0122270275,1.0599085123,1.0528814413,1.0749906923,0.9874938472
0.7416440625,0.8703809787,0.8188532782,0.9439297107,0.8138671290,38.9525556761,135.1699385872,71.7340021434,72.9621922349,79.6913114285,1.0414292765,1.0377792178,1.0054606716,1.0229086313,0.9970673215
0.7690695186,0.9300894971,0.8619564620,0.9158429467,0.9219398211,46.4220443014,115.5705507432,122.9538671631,67.6093316651,73.2539349540,0.9712766596,0.9820701816,0.9658270470,1.0524604363,1.0491091090
0.5337414166,0.8717841077,0.7118766359,0.8216887869,0.8421002556,111.8835850489,132.6444233475,107.9251557790,44.4038830857,83.7681870013,1.0925909557,1.0594517620,0.9578068758,1.0826367761,1.0794012744
0.8598926836,0.8940490019,0.9086028185,0.9686067992,0.9197086884,110.8860854104,101.6375525077,127.1128733311,56.6963208611,55.1993937712,1.0164980481,1.0378794576,1.0964117499,1.0298456546,1.0857982743
0.8811971623,0.9399966932,0.8800550807,0.8492232031,0.8854288590,109.9408019230,117.5557979968,116.0758301849,55.6936954908,74.8946394227,0.9624558137,0.9786577803,1.0161132415,1.0377135213,1.0724341778
0.6825402724,0.9708986692,0.8061971144,0.9167431833,0.9259876778,97.3390051084,131.5119535313,63.4103959833,42.1689997128,91.4750767306,1.0982393173,1.0083277245,0.9571123454,1.0701757255,1.0406571079
0.7534881957,0.9615028185,0.8054841041,0.9192319437,0.8774753245,81.6965852775,103.8126870172,67.9803102445,37.8796958109,28.4152457233,0.9797814288,1.0242242685,1.0613465368,1.0655617681,1.0249427618
0.6443981991,0.8310201364,0.7727350501,0.8735168964,0.7849870308,82.4679820325,101.8019151038,75.1649465126,55.0923126255,71.9608905079,0.9957821795,1.0960613873,1.0495043916,1.0112356279,0.9920694836
0.6374946029,0.8549413549,0.7001384539,0.9219793873,0.8268967588,137.3299483052,88.1190724512,129.1034430869,73.2518963302,55.7422079591,1.0596654475,0.9863275168,0.9757564983,1.0294750833,0.9934981089
0.6333958800,0.8433883945,0.7349226364,0.9036824427,0.8640927397,90.0808988647,107.7678003250,98.8781202640,83.9823952461,84.8321987742,1.0443357717,0.9676908012,1.0482411657,0.9924944792,0.9500364402
0.5999862024,0.8573588073,0.7566476072,0.9194317610,0.8344532198,97.7152093308,110.4031910540,71.0556005981,54.3919462649,90.3046295530,0.9690404087,1.0900423067,1.0801031959,0.9850413548,1.0667557857
0.6898424535,0.8535025572,0.7537555854,0.9360134932,0.8299566400,46.8208035853,79.8238258396,82.4919939001,35.0014722535,38.8672736449,1.0412857390,1.0956357067,1.0060408489,1.0522190919,0.9595303584
0.9020952549,0.9056245239,0.8402653583,0.8471907851,0.8068961676,74.4100354568,77.3176186201,70.5703434063,63.7926666109,34.0871386429,1.0094371020,1.0945726492,1.0308471312,0.9931819255,0.9680406445
0.6232691246,0.8689790901,0.8009908937,0.8342012990,0.8633225465,45.0531966376,91.8938904922,93.9704152171,50.8688433073,52.3903365196,1.0555292510,1.0467284065,1.0060908070,1.0926412028,0.9533304219
0.7113551159,0.8797556647,0.8892740843,0.9358827797,0.8451849307,86.1089699379,68.9530433768,100.0655524164,57.9202966288,47.7976149163,0.9955585777,1.0881604229,0.9981403157,0.9878379251,1.0301330615
0.6787046220,0.7639970633,0.7362156146,0.8720898714,0.7304426657,110.1481127949,92.8940655178,120.7750903418,59.2189692360,61.2159206813,1.0735702625,0.9654720141,1.0914531064,1.0692609322,0.9771875383
0.7394994426,0.8816967467,0.8052977005,0.8743480750,0.8539545851,84.5031591158,116.7278308644,116.7458066341,41.5541206227,59.0155156016,1.0568011942,1.0077438084,1.0103442017,1.0674935139,1.0944177212
0.7853552520,0.8346203885,0.8950663738,0.8915925391,0.8262505329,110.9075723018,108.7127367700,118.1906621641,88.3900705551,70.7451838425,0.9689983809,1.0130945355,1.0221412412,1.0064467725,1.0044783686
0.8066571539,0.9017469168,0.8921499461,0.9167179102,0.8501110869,102.0340581644,90.1766850458,111.3353524260,59.0855881756,73.1015912068,0.9578403001,1.0528307931,1.0154321626,0.9792190704,1.0724050253
0.7789202820,0.8308702896,0.8256017144,0.8921045134,0.8117587685,68.8606981991,67.3008861077,94.9086443876,15.1595281929,40.9171336691,1.0703841122,1.0229587442,0.9947675992,1.0457139089,0.9932228204
0.7397169991,0.7883134585,0.7703507940,0.8891391233,0.7921911117,108.5295466605,131.2877096267,138.3929082575,81.2251011003,75.3517133194,0.9854011895,1.0595771981,0.9560487860,0.9642152707,0.9510182261
0.6677859887,0.9249552892,0.7568514851,0.9419643607,0.8902622374,85.6828344963,118.7714716792,66.3608047621,42.8956506912,60.4275598135,0.9729414780,0.9603485013,1.0993703552,0.9933214955,0.9723902019
0.6983018152,0.9549835231,0.7563702031,0.9448157648,0.9313493926,34.0944874286,109.1786941428,74.3019559885,27.7688916051,68.8653567696,0.9861494387,1.0904188357,1.0280240335,1.0047227144,1.0810087187
0.6963503833,0.9363570587,0.8002418599,0.9182855014,0.8936943157,102.8968186173,130.9686599950,95.3961098322,72.4379268447,93.9272108279,1.0092485406,1.0002512855,0.9810923784,1.0066695236,0.9975026534
0.7392553007,0.9166584587,0.8641659177,0.8376199838,0.9172062297,92.6850892430,97.6058704278,100.4640517424,76.9487419012,59.1985300949,1.0515955939,0.9934374057,1.0365799620,0.9598838248,0.9786933735
0.6170006410,0.9043119353,0.8374390593,0.8591704868,0.8438603571,137.4484834783,117.1373050594,111.0846897643,49.5567428379,79.7268204149,1.0111107907,1.0905423881,1.0065877979,1.0496111182,0.9882630834
0.6615436265,0.8531633502,0.7690612880,0.9242448963,0.8738979660,41.4444576841,93.4963844202,59.8853358399,55.8349118841,76.6722250112,0.9690550364,0.9587804900,0.9958120248,0.9736491540,0.9761015672
0.8616547049,0.8741215512,0.8458759190,0.8354657603,0.8193238908,101.1501546779,54.1637737891,131.4547316658,55.0383411101,37.8749991827,1.0641138963,0.9523757106,1.0336715189,1.0069192071,1.0259825000
0.8271881306,0.9715311639,0.8011153095,0.8909112065,0.9099638657,88.9281979748,126.1216694700,84.5746899909,64.2526374864,67.1389726453,1.0344245356,0.9970051542,0.9942663290,1.0600102774,1.0806915482
0.7724128927,0.8455867906,0.8424351813,0.8772400962,0.8277195734,74.8909501827,97.4014235992,64.0583039286,57.5329905244,73.3480136205,0.9788872449,0.9646428141,1.0846693710,1.0024843195,1.0326976086
0.7937027398,0.8885005865,0.8141507434,0.8974900628,0.8537199117,97.8720899019,147.1900835306,107.0193997750,56.1699295761,101.0461709553,1.0039314717,0.9688703505,1.0383997467,1.0287711278,0.9804490339
0.7203991176,0.8621060491,0.8881454548,0.9202811096,0.8319896062,51.0620615040,85.3806710040,64.4181102422,70.9666035703,75.6811437834,1.0177803567,1.0695421256,1.0385639155,0.9645375991,1.0322032246
0.8057563524,0.8745321412,0.8977033232,0.9160878854,0.8504440918,97.1826309261,154.4320059401,85.5511581411,71.9331692854,88.3239307856,1.0554107449,1.0689055109,1.0443676368,0.9728987247,1.0565259900
0.7858173541,0.8117897368,0.7610355957,0.8426969997,0.8049183254,106.1720525971,121.6944057142,94.4999814209,70.0164782938,93.3745471547,1.0516012769,0.9536640324,1.0117621501,0.9999425370,1.0504118096
0.8886012000,1.0000000000,0.9256298246,0.9430983809,0.8872431878,68.2913701288,114.1946780648,70.2761052553,15.1216255615,66.8270779174,0.9824203718,1.0386307884,1.0869808943,1.0696703558,1.0882186604
0.7065860960,0.8342850028,0.7645634204,0.8849912894,0.7978003221,100.2226339064,131.3565916669,65.0976254603,55.4618314057,39.3860895682,1.0967758950,0.9516005191,1.0434111915,1.0119259097,1.0789781736
0.5916560152,0.8859835485,0.7128623636,0.9056714636,0.9147098453,119.2425276914,96.2948519379,126.1028683985,73.7206345089,55.8597303587,0.9877722053,1.0971544234,1.0420561954,1.0690306103,0.9628399329
0.6764492327,0.7455222082,0.7539321066,0.9210845977,0.8264117445,56.6803762183,123.5020293070,71.4580408202,61.1023683989,65.3364866737,0.9775186827,1.0637605510,0.9532979783,1.0725316979,0.9520923528
0.6516360324,0.8852477991,0.7640232944,0.8939950462,0.9387786882,40.4710396384,43.7509470998,79.4051480212,35.8032512091,28.3503910683,1.0485678259,1.0047640880,1.0417242279,1.0544047110,1.0013712829
0.6297623737,0.8695580556,0.8012029229,0.9387798463,0.8433976932,102.3965959773,158.6672008789,98.4902248003,61.3130371985,100.2146714010,0.9661943672,0.9604468802,1.0383404034,1.0280983031,1.0613301514
0.7746440432,0.8659403120,0.8392982876,0.8852848716,0.8637809059,51.0766107575,118.4177200059,94.7166331091,70.6434225662,40.8793822479,1.0264603265,1.0133668685,1.0097130767,0.9539670354,1.0003335803
0.7204311731,0.8924423874,0.8109742010,0.9452556691,0.8577588972,65.9661182548,89.6163064301,88.5723976496,62.4051415812,87.8431028041,1.0964030236,1.0810333364,0.9994067101,1.0381693108,1.0770945118
0.6081574025,0.9135943324,0.7324337425,0.8753783716,0.8383536626,72.6258629908,102.4046223470,110.7063067965,62.2048779449,90.6295172152,1.0161911505,0.9526936796,0.9611765693,1.0265589082,1.0954159064
0.8599550475,0.7987514037,1.0000000000,0.9348494942,0.8222364856,92.2182000752,87.7202245532,70.2579995229,27.3017475277,67.4091821170,1.0539814313,0.9606374287,0.9784041314,1.0656984715,1.0762159640
0.7456084800,0.8927966513,0.8476754873,0.9276091286,0.8811553464,114.7149205772,181.4915040907,124.3545371284,92.0105412994,97.5845082013,1.0426541879,1.0466634754,0.9542506176,1.0742795389,1.0682412812
0.7571664545,0.8719312675,0.8130958809,0.8911663094,0.8839204620,56.0896045814,138.0486323632,95.4184817359,64.3405900599,88.0792768093,0.9888552716,1.0563015080,0.9822281910,0.9560495242,0.9801704814
0.7974845378,0.7486557515,0.8435805297,0.8897136455,0.7666803412,93.0796370615,159.6754676526,124.2547614760,77.1594762242,110.1809927873,0.9767943315,1.0006621995,1.0127674246,1.0262808337,1.0215130813
0.7189185238,0.9277889827,0.8673665126,0.8771848676,0.8950238732,97.8515638106,109.5288089749,111.7265497265,35.0150885941,86.8639563885,0.9906011909,0.9543756003,1.0407652433,1.0093617245,0.9948008236
0.6722674612,0.7996215565,0.7458103078,0.9193881239,0.8254153093,55.1369265058,121.2337289949,70.7909046124,68.3908172535,73.2002068631,1.0800411564,1.0620114962,1.0786648323,1.0242474192,0.9696396878
0.7910468336,0.9222811461,0.8686091192,0.8826448312,0.8957787187,45.1311010459,122.7974574227,72.7739994980,74.1170871039,74.9391035790,1.0544332154,0.9809110670,1.0161844504,0.9597501183,1.0737962604
0.8140327620,0.9279835463,0.9118795976,0.9375304276,0.9039072287,94.8855246347,94.2258619125,85.1120609148,47.6293726191,77.5548684079,0.9688910962,1.0854646261,1.0796345903,1.0196874147,1.0616552306
0.8356120191,0.8947872701,0.8067924029,0.8967983880,0.8359952704,126.9344271951,106.3971431620,126.0086747543,22.2053707841,47.1759709414,1.0429167611,1.0704613464,1.0147707651,1.0678712726,1.0193685226
0.6959857380,0.8629792246,0.7578902367,0.8833967815,0.7655045112,61.0305385953,74.4918553212,55.2495044942,57.6145408627,49.2599397178,1.0911448682,1.0229558151,1.0193928908,1.0677607792,1.0732366538
0.7670634966,0.8832569031,0.7846587222,0.9258227089,0.8856723441,94.4851349401,142.5721015335,104.5517212438,75.6456026719,86.2219176030,1.0331733671,0.9769696720,1.0201637346,1.0952108754,1.0629479290
0.6213952109,0.8195069487,0.7252757178,0.8505488435,0.8258158295,55.3251652924,143.9712994985,77.3934045347,46.9692435406,76.8055327574,1.0716743906,0.9549238248,1.0201789194,1.0469931700,1.0745049025
0.7344939089,0.8644760541,0.7092966000,0.9201423343,0.7910104492,62.1797270176,102.2532372161,92.9250710713,62.3535348885,51.5789942512,0.9573910480,1.0778658328,1.0322601405,0.9795970956,0.9975882825
0.7547946104,0.8941290262,0.8939416213,0.8523912800,0.7538901290,72.8073656763,148.6525798685,102.7474806453,100.4776098971,112.8540035176,0.9922894328,1.0296288551,0.9577528520,0.9737804238,1.0719039565
0.7647079636,0.9686366531,0.9058100031,0.9230555434,0.8972180674,113.6073267140,86.0709210673,114.6309871544,54.3883967154,53.8562778576,0.9698905986,0.9850094404,1.0180055908,1.0275681332,1.0645415719
0.8145698077,0.8456716447,0.8593695464,0.9165657342,0.8710535956,89.2003835133,148.7915235487,107.7574663461,50.3485717959,98.7116298303,1.0170998640,1.0684796932,1.0427519461,0.9669649609,0.9734497158
0.9707728031,0.9401119493,0.8804851338,0.9123094827,0.8401836649,69.0603114481,122.5436316756,84.9194351055,56.0635324638,87.1971153004,1.0155550588,1.0095334090,1.0615316404,1.0371105710,1.0082199622
0.6944229495,0.8500577749,0.7685174210,0.8997261618,0.7964763969,58.9951570046,170.9356622669,58.3615143284,56.9825515970,97.4781583025,0.9756140425,0.9840255653,1.0363251528,1.0135158207,1.0272391263
0.8396824534,0.8968253364,0.8531576473,0.8916414383,0.8713384475,99.6078541609,120.5525140353,98.3858451910,67.5466128349,73.3409804336,0.9756016153,1.0494359379,1.0778808111,0.9886909260,1.0237271339
0.8160078612,0.8510169987,0.8029436233,0.8845512952,0.7845677536,119.8295314484,153.0308120987,124.0570688417,50.6900310906,88.8014065595,1.0963290994,0.9999862611,1.0392569517,0.9635293550,1.0409022504
0.6844593712,0.8449968441,0.8356087245,0.9045081794,0.8325629559,77.4883512820,88.6386812467,96.6757694695,45.2452977186,71.3538793160,0.9634447660,1.0938853153,1.0573493978,1.0682239682,1.0556156541
0.8180718370,0.8862112527,0.8641828055,0.8987870895,0.8685486397,58.2452109276,164.1081188056,74.3665484984,70.2328042985,105.0736149511,1.0384593554,1.0174869172,1.0787560070,1.0935253501,1.0248554259
0.7033793074,0.7549344555,0.7726466900,0.9358353042,0.7994284898,70.7339892450,141.6335157964,70.1937608257,87.6498474361,85.8252706226,1.0897302574,1.0374999365,1.0307576280,1.0181724099,0.9813931642
0.8272317988,0.9534406399,0.8651544896,0.9204880601,0.8830912118,70.0897148008,107.6274193587,104.1906143279,47.7660054178,55.1035128735,0.9505579491,0.9862259340,1.0264584757,1.0069939928,1.0172727842
0.7247141715,0.9046293191,0.8778432379,0.8989096273,0.8522226103,79.4615850604,84.0753009400,123.4165730416,44.7364389666,74.2805126388,1.0970972329,1.0025408556,1.0178274409,0.9700273327,0.9571936599
0.7500422367,0.9086836537,0.7519101031,0.8129194047,0.8392792405,90.2367520912,92.3175478050,94.1559819464,68.7538175882,62.3698297286,1.0663114272,1.0356024763,1.0641057209,0.9724794198,1.0357743157
0.6523430059,0.8374525709,0.7710332915,0.8736012109,0.8648259110,114.8278236463,157.1849753957,123.7400123541,59.9752638567,74.3439973985,0.9880463712,0.9842092725,0.9517289021,0.9695511085,0.9963902167
0.7761395812,0.8992328850,0.8644306270,0.8595145829,0.8996805982,69.6603098659,122.0867564232,100.4866973473,22.9372457331,69.5140422299,0.9675318141,1.0978787661,0.9962948973,0.9695485920,0.9798623469
0.7439388571,0.9108434229,0.7692831765,0.8425521755,0.8916190994,88.9522306331,112.7904336438,119.0420261692,66.7293259771,97.5083872188,1.0381554843,0.9596065286,1.0793651195,1.0942249519,0.9870121131
0.7801127621,0.8426210259,0.7783439202,0.9382299037,0.7855916531,79.6009869912,146.2603349017,125.2711134294,87.7365990032,72.4527390263,1.0175142903,0.9533201677,1.0461065337,1.0120889087,0.9905087699
0.8814138363,0.8616832231,0.8934036720,0.8879468732,0.8679932511,78.6580980614,108.3322146679,101.0128639723,69.7798772891,57.4799562251,0.9810255666,1.0481034616,1.0124325547,0.9769488934,1.0533663622
0.7064708798,0.8640735632,0.8042315813,0.8574773993,0.8600098425,86.6959628479,61.0335357081,116.7891486745,41.6599327133,51.2479579896,1.0347608425,1.0788008082,0.9676213848,1.0678499903,1.0510275180
0.7089429147,0.8613982755,0.7516377497,0.7949954781,0.8182472363,77.2587571503,151.8282951954,43.7841207857,63.6470836139,82.7404844313,0.9672516405,1.0542231095,1.0162320933,1.0917477178,0.9712417026
0.9430092337,0.9536124707,0.8987966979,0.9049333463,0.9112765401,73.6590903102,168.0186722815,79.4801430147,80.8582027292,101.8372331643,1.0464250086,1.0072970068,1.0935222006,0.9994962343,1.0943278864
0.7937695292,0.8318856050,0.8822125490,0.9229232207,0.8509367427,116.5379813134,107.9578416793,90.1428399188,77.2710515175,81.5305430944,1.0852228777,0.9905574853,1.0705312665,1.0993406303,0.9878994503
0.7850780591,0.8875127910,0.8677211010,0.9257532962,0.8483575395,46.3765663331,94.8781107060,88.3384685979,69.0023898893,52.3914965110,1.0155165754,1.0280271105,0.9942396704,0.9522897259,0.9830193866
0.7041118582,0.8762542091,0.8829044967,0.8515291551,0.7940914393,12.1436002546,117.8940219809,50.7993556940,22.2478104252,13.0207762946,0.9922905327,1.0165399552,0.9756653718,1.0809881535,1.0557366699
0.7631808673,0.8848986013,0.8342803127,0.9107496192,0.8474327722,105.3495215049,128.6644506673,97.7276422813,85.8339824932,94.6210104557,0.9627800716,1.0475138677,1.0480484715,1.0934331760,0.9504531307
0.8691890751,0.8259896984,0.8072576664,0.8896507995,0.7606874973,125.4075010680,88.7599052145,103.8912658352,28.0046597096,56.2986704653,0.9871898675,1.0891687219,1.0898200873,1.0580879629,1.0648644982
0.7359316476,0.9566092601,0.8314668681,0.9201918308,0.8568742432,78.7846036558,136.9269090034,95.3736658523,73.4885183343,95.6412684526,0.9637224437,1.0270813752,0.9847374487,0.9771827065,1.0715454949
0.7006910874,0.8528588521,0.7817347892,0.9446985689,0.8510191023,138.8732169346,123.6617809876,94.3725872187,66.0106402659,66.1824894613,0.9702557205,1.0202977455,1.0907867359,0.9778748083,1.0966990136
0.6610833634,0.8750856592,0.8144399803,0.9424537199,0.9014127790,122.0490192109,120.5668884342,95.8877415233,52.8483396614,88.4228712060,1.0991431979,1.0333425732,0.9755214110,0.9974157332,1.0136739249
0.6687924647,0.8260981488,0.7176375783,0.8797013056,0.8209442798,81.0563254192,100.1924425703,122.4188877785,42.5588222242,66.5916401670,0.9963986337,0.9920953370,1.0958344564,0.9730047241,1.0599991863
0.8289867613,0.8911873848,0.8325599539,0.9090179214,0.8325085206,101.3076537903,75.9625734696,104.9468758557,34.9276110520,69.3368664468,0.9500615434,1.0394274004,1.0873914506,0.9931901141,0.9778288963
0.9171630977,0.8346625370,0.8769584257,0.9762975515,0.8363571618,60.9337247020,134.5872615801,109.0841777907,77.1505791323,87.4435719150,1.0477519692,1.0568902111,1.0532045778,0.9978975320,0.9878303603
0.7347968772,0.8601003544,0.8017088625,0.9502421121,0.7612440802,79.2174764268,101.6689882652,118.4603308320,45.3524402721,48.7533673331,1.0933878200,1.0884949262,1.0185974915,1.0769290799,1.0178485216
0.8726746961,0.8350830781,0.8389432394,0.8789064063,0.8461995355,101.6342233758,100.5906664111,81.1140620399,31.8767469667,54.5912949677,1.0136583527,0.9735144421,1.0139609085,1.0306125408,0.9533756491
0.6221500518,0.8780723659,0.8798545113,0.8456338854,0.8495539229,82.9321244026,126.6491181781,112.2150666267,70.6081240301,76.9509769366,1.0166169508,1.0672034328,1.0520069085,1.0452735483,1.0864333143
0.6970414258,0.8903837924,0.8051370046,0.8752984188,0.8691106171,80.0451080905,133.8063317895,117.7814451027,65.0639736982,74.3213461733,0.9527048015,1.0335571379,1.0681023273,1.0312003074,0.9985843329
0.8943478488,0.8979596911,0.9091074238,0.8559778534,0.8358140607,60.1783499729,71.5626183368,95.6204461708,61.0200876867,64.7699245138,0.9704375848,1.0831344608,1.0206143589,1.0817172795,1.0378778184
0.7877925022,0.9578739171,0.8663452485,0.9005821789,0.9046722992,81.7835138412,160.5833100678,88.6225474687,83.1467108093,93.4099164380,1.0511288175,1.0706391732,1.0488733317,1.0097082261,1.0270450076
0.6499673813,0.8900774274,0.8332764178,0.8825225079,0.8353446843,69.7912308830,133.7666583327,99.0260004313,68.2772252228,82.6221885771,1.0704568287,1.0060475445,1.0082182185,0.9643535174,1.0871876653
0.7712702584,0.8631579696,0.8204768532,0.9800701423,0.8369984949,84.0526729571,189.9761538915,122.0602383518,85.1991768791,110.1510573456,0.9636554472,1.0472313766,1.0119791718,1.0108429085,1.0519327755
0.7213327878,0.8437391221,0.8411671217,0.8876254228,0.8027418132,110.1789300149,141.2688179026,104.8021134705,59.2848670235,83.7724411368,0.9600640599,1.0390558674,1.0658047679,1.0742319137,0.9755795584
0.8557043226,0.9675303083,0.8423521098,0.8417241156,0.9436916131,10.0000000000,107.1678207329,61.2788500472,82.4456767364,67.6758126000,1.0846128575,1.0484219138,1.0822782201,1.0227921076,1.0313050018
0.6952296139,0.9074409902,0.7062522677,0.9358019591,0.8191864972,55.2759145116,111.4000483719,66.3623784761,65.2030014856,74.1558255093,1.0878557416,1.0849864315,1.0172241310,0.9911618947,1.0089755652
0.8084611295,0.8916422437,0.7933133422,0.8861077220,0.8816479566,108.9459907777,102.4999557485,101.3432479599,34.2653014575,77.7908125874,1.0081646493,0.9930300312,0.9902869406,1.0791594405,0.9604792881
0.7584715562,0.9094631394,0.9296823551,0.8454016639,0.9285209200,97.9717795110,137.6868588438,100.3948499221,70.5976890946,112.3172033543,1.0516416773,0.9759230077,1.0016758840,0.9592314551,0.9904960455
0.7583484750,0.8386960722,0.7466748933,0.8852347219,0.8508489094,77.8726435739,122.3647539224,73.3283918532,44.7729524698,73.5531791215,1.0652631607,1.0827522987,0.9832290728,1.0195321759,1.0205486072
0.7397960704,0.9501642596,0.7562786738,0.9082906165,0.8481156350,112.5983386675,119.0905142769,98.9180745423,53.5746333779,66.0358632950,1.0810362959,1.0644198579,1.0269615828,1.0506120801,1.0771032581
0.7790905506,0.9277563107,0.8177763341,0.8054072438,0.8823269680,92.3742863927,77.7596218042,116.9616773787,42.0531090201,69.7149788091,0.9514308431,1.0104335047,1.0860864751,1.0610469546,1.0314262062
0.7849390841,0.9058347091,0.9000622989,0.8639810503,0.8939997785,53.2500350652,132.0398128877,98.6848082389,68.0756766234,62.4911056302,1.0294466791,1.0021655146,1.0280780800,1.0483074799,1.0127544558
0.8454006010,0.8130543917,0.8553285449,0.8726868603,0.8076775489,91.2387047400,86.7226812619,89.5068289744,71.8907980385,77.4066104558,1.0571229720,1.0791848341,0.9732027272,1.0177320534,1.0112030137
0.7778141187,0.8619758259,0.7913062839,0.8985568618,0.7995379582,85.3795735635,91.4377531482,104.4613680236,55.6651897396,23.5883816282,1.0531197206,0.9874801198,1.0460376372,1.0816233863,1.0127197400
0.6631339897,0.8961166634,0.7351339454,0.9253946416,0.8702226172,104.5657456579,123.9834820219,123.0452922130,43.0980972451,21.8445844078,1.0866523550,1.0989745608,0.9659138075,0.9849579782,1.0925569627
0.6119354617,0.8217951249,0.8228496798,0.8510944235,0.7868510373,91.9770964586,130.2446899749,67.2342777903,44.3851894352,122.8066336509,1.0937491530,0.9646560913,0.9522497751,0.9741650035,1.0994019175
0.7869648715,0.9242962592,0.8283996812,0.8837849214,0.9295995422,77.3597346462,139.6520544954,82.5257688614,27.0429895686,73.5608158209,0.9769999425,1.0253821410,1.0772626590,0.9530602416,1.0406733473
0.8891119731,0.9527720483,0.8857616610,0.8823839053,0.8761729943,78.3598859928,106.6524009105,89.8131116764,61.9398470714,66.7757570536,0.9915538173,1.0793502375,0.9925191724,1.0530133580,1.0511329449
0.7918011284,0.9077940348,0.9112414851,0.9319795071,0.8242418440,53.3998458013,126.7068189127,50.6667588048,24.1003362071,80.4987014969,0.9832240323,0.9552198800,1.0113874361,0.9933789728,1.0713466624
0.8341558094,0.8481747564,0.8225220604,0.9064903289,0.9036279640,97.6755068034,121.3550493364,73.5659918618,47.7867765790,68.4010722570,1.0700546283,1.0185535928,1.0409768338,1.0406389274,1.0740737223
0.9987934845,0.9555876239,0.9096607728,0.9374972816,0.9482192248,45.1026507856,88.7017187791,92.2727742102,78.1245258217,56.0304762946,1.0137503621,0.9913170020,0.9897552377,1.0304288419,1.0173722304
0.7243465900,0.9608161100,0.8390731251,0.9312345174,0.9280598792,103.9122088579,68.2772840062,108.3429630266,38.0564828791,58.2274091714,1.0160181156,0.9636706009,1.0577905611,0.9820605032,0.9795430445
0.7837269288,0.9263387107,0.8090223327,0.8851761932,0.8411124063,78.8061895440,157.3255723689,80.3674088253,76.6751404962,86.2977646515,1.0119137480,0.9841667512,1.0375787401,1.0057195009,1.0173367584
0.7851600984,0.9237454218,0.8639251664,0.9733265949,0.8872963401,81.0423630498,113.6459884264,77.9207931048,58.1085745847,69.8485478791,1.0305753982,0.9805303284,0.9733627434,1.0820632854,1.0150585554
0.8034993324,0.8379603117,0.8099825706,0.9217183213,0.8557994935,91.0310062102,123.9313753415,111.6332073590,77.1006172796,62.4098134063,1.0118140414,0.9553418225,1.0246964454,1.0331254582,1.0338261306
0.7264826442,0.8721754291,0.7329454176,0.8827719274,0.8692093887,106.7193125148,90.3416080872,109.7231936223,66.3798966764,33.2712999864,1.0560546754,0.9766222752,0.9878334701,1.0716095698,1.0920755925
0.7960164013,0.9125083082,0.8445230408,0.9061975828,0.8515799532,87.3244811632,106.7869583887,80.8126021368,80.5459753105,60.9073286004,0.9703899121,1.0246474332,0.9821264379,0.9590109753,0.9988255007
0.8059062736,0.9105615560,0.8700776478,0.8857138275,0.7981829686,64.8405767720,117.3867061748,101.1887547751,56.8485625423,92.9918713534,0.9715531438,1.0564899610,1.0300588121,0.9715751706,0.9513862383
0.8377722169,0.8736181997,0.8043109830,0.9272290438,0.8367904572,98.2743915491,59.1597785482,84.2940539731,39.8543983906,56.0870823378,1.0712235574,0.9764291609,1.0409324963,1.0005382870,1.0378228907
0.8347949107,0.9253283539,0.8925481876,0.8558769309,0.9264215709,19.3795735906,179.1763752909,89.8918047502,71.2032833217,116.9380326296,0.9973480440,0.9630409341,0.9834425013,0.9782087850,1.0142029029
0.7709000425,0.8663053610,0.8316803879,0.8290347194,0.8519479698,143.5913513203,159.6565440107,133.1181632420,71.4087847029,95.3143937822,1.0487425675,0.9895709112,0.9518104903,1.0278406046,1.0408639234
0.6676502793,0.8000411668,0.6985677385,0.9282219286,0.7678643677,73.1051138999,92.8625931348,76.6898527045,31.3943783455,56.7857817923,1.0944305741,1.0384206205,1.0206758839,1.0360102439,1.0891850945
0.8726982168,0.8774498147,0.7737144787,0.8568497099,0.8912630127,42.8833105693,115.5037713481,81.3303291800,60.4513091406,61.3214700792,1.0742567218,0.9984468100,0.9855881545,0.9893950419,1.0256631560
0.7375281458,0.8515098900,0.8183267887,0.9152741547,0.8712872792,161.9215092545,178.4402415789,100.3382356615,75.9113255840,94.2566431648,1.0616074177,1.0254828811,0.9601694594,1.0585371051,1.0708955193
0.8658799384,0.8845676177,0.7923025474,0.8856766073,0.8643751468,59.6380068323,74.5232081261,91.4532754945,39.8105153237,69.1048105950,0.9934246798,1.0496188609,1.0139887852,1.0833679034,1.0767838337
0.6728992859,0.8198904271,0.7996237485,0.8877725894,0.8069567419,109.8445553633,166.3473636156,90.8312723455,76.5854025523,107.7978734678,1.0288147997,1.0537258319,1.0825024552,1.0243575515,0.9969876111
0.6893203732,0.8576331563,0.7478450946,0.9292140088,0.8674578897,73.1455456224,94.4695610286,118.5545219877,59.8750538502,76.7419215453,1.0630499207,0.9830099382,1.0082796722,1.0798590856,1.0586633510
0.6023049710,0.8079723397,0.6793754260,0.8590011006,0.7834976667,64.4480997043,79.2280463977,75.0921982428,49.8395054346,36.6609478046,1.0105716508,0.9822116754,1.0033952586,0.9926156224,0.9764133932
0.6340283824,0.8142854110,0.7165132476,0.8947066513,0.7988823385,84.7538797837,70.3092174824,70.4385935405,62.2466188544,64.5759392981,1.0614999370,0.9878104830,1.0181251205,1.0078789170,1.0973116068
0.6922609957,0.8776077548,0.7720819310,0.8871759506,0.9013294049,75.2030808653,87.7327005798,70.7082702818,47.1494938275,69.3675104167,1.0086638366,0.9619973724,0.9634738629,1.0386130582,1.0399045328
0.8572368841,0.8381208414,0.8903503822,0.9287144507,0.7928479057,108.2061422836,110.9744814317,80.2554856258,63.1382272168,57.9398621298,1.0128138486,1.0147765538,0.9580898874,1.0274819766,1.0257109213
0.8155022115,0.9656363420,0.8017134335,0.8771660384,0.9414229832,72.0436840285,155.8454864454,109.1255270001,69.0029979623,68.8489903677,0.9724323978,0.9655759079,0.9685358736,0.9651542370,1.0414562293
0.7717196249,0.9103761715,0.8507511698,0.9206614179,0.8271374276,90.2849141868,152.5039970114,92.4704162666,88.8295750135,114.7460834224,0.9794723979,0.9877145228,0.9760358216,1.0936752957,1.0781926195
0.8337854165,0.9514956528,0.8507327313,0.9105879183,0.8484767259,126.5933208036,138.9546758828,119.7280526921,89.1063916139,98.3536947946,0.9845742256,0.9991349441,0.9814839263,1.0237813939,0.9529415799
0.7911403805,0.9149992223,0.8376469285,0.9500804376,0.8672093864,72.4691473052,103.8081824260,94.2249920020,34.7781231042,61.5386024627,1.0507052013,1.0284737225,1.0847958392,0.9746589026,1.0706163869
0.7951684741,0.8398341996,0.8261146258,0.8881409702,0.8332362379,112.4136779558,62.1698367222,126.2801747867,70.7088599962,49.1781389586,1.0687941522,0.9690771784,1.0097838836,0.9755228962,0.9882080751
0.7204378457,0.8681862529,0.8498830298,0.8813414574,0.7849398629,98.5847706968,123.3528688645,121.6987215950,78.4547427562,57.3644635687,0.9894869262,1.0334354591,1.0117116398,1.0921599206,0.9689555213
0.8899667123,0.9721349186,0.8194891040,0.9425085929,0.9008960699,99.6815603366,117.4793746608,100.6991443581,47.5536700450,103.3396292587,1.0960538202,0.9845957960,1.0659310905,1.0008454889,0.9714622093
0.7710789772,0.8979859048,0.8187027610,0.8722308967,0.8362118962,111.0015454976,104.4956283815,77.2640270215,50.7920487788,75.1331000405,1.0786833778,0.9963291349,1.0488283106,1.0349665528,1.0207634464
0.6767046468,0.8265817306,0.7812336977,0.8623198701,0.8314557487,91.0051460987,158.2756670711,114.3407871116,83.8959367545,100.9911295759,1.0243729209,1.0598356871,0.9631659371,1.0502270993,1.0843718152
0.8689796924,0.8746419160,0.8713778878,0.9216201365,0.8724483110,50.2675317447,105.9118690821,102.6637350720,56.1342910758,76.2578038539,0.9586682296,0.9710980009,1.0574947905,1.0155922472,1.0105322931
0.7560764214,0.9165630227,0.8539274212,0.8576507487,0.9033991279,77.0312921188,87.8173473885,87.6868437229,59.3674170846,50.0022099362,0.9705449952,1.0260155061,0.9689817967,1.0214930684,1.0645422948
0.8209832670,0.8569029357,0.8413559952,0.9248944474,0.8335592175,79.1072188786,90.9712656313,111.1451980921,50.2483668577,87.8007239095,0.9887396537,1.0221179252,1.0988023954,1.0529975635,1.0762035157
0.8358382438,1.0000000000,0.8343292600,0.8662737446,0.9462267351,123.2186962635,126.7902319919,88.7120805719,26.0662161845,48.5282039351,1.0122271410,1.0651791385,0.9560763759,0.9684366774,0.9804605889
0.8077250004,0.8798118134,0.9137272291,0.8503445915,0.8782967346,50.6541293775,152.2755576091,89.4899267292,71.3561755321,49.1342668193,1.0102927887,1.0768617317,1.0019399076,1.0481931790,1.0563971442
0.7015311343,0.9529211870,0.9198589815,0.8818809771,0.8802083971,55.0508392696,138.8869151859,92.7986718371,60.0245340214,90.5895977733,1.0379273531,1.0035862952,1.0365580013,1.0013398389,0.9625810608
0.8187670310,0.8744288632,0.8398148129,0.9016256385,0.7829505469,125.8949451534,123.3174918710,108.8051062474,65.1444331343,121.3081674633,1.0989205967,0.9690773680,0.9608522576,1.0817796124,0.9952751991
0.7488929803,0.8468945157,0.7878800772,0.9510261023,0.7861471657,32.5160933895,127.4864356146,77.7932112368,69.3977442932,64.3739168072,1.0475445461,0.9993508594,1.0087181406,0.9893169458,1.0014566009
0.8150564149,0.8788923941,0.8274691224,0.9319124779,0.8666272265,83.7758742285,140.6173248225,152.8996947052,78.9697683607,75.0087476935,1.0116050601,1.0580624104,1.0267304291,1.0915347826,0.9562820591
