Date,AAPL,AMZN,CAT,GOOGL,JNJ,JPM,MCD,MSFT,PG,XOM
2021-01-04,-0.024719221113764234,-0.021584740620304466,0.0007143003332357178,-0.015125657819886618,-0.005591304506222916,-0.00944364521246066,-0.020318818942294592,-0.02126598691847459,-0.009487040039530714,0.006792611182597552
2021-01-05,0.01236388156681878,0.010004358381754175,0.008180215695909876,0.008064192184660257,0.01175670569947651,0.005441141283542228,0.005993755480877994,0.000964475481810334,0.0063854588825946745,0.048192784634578434
2021-01-06,-0.033661598170792506,-0.024896614147709384,0.055652203313010906,-0.009867578199686977,0.009410591494490417,0.04695609031788295,-0.0022697928296416814,-0.02592933892617766,0.010525929957957647,0.025517159168296333
2021-01-07,0.034123105095649864,0.0075771277744003385,0.0019084962273701045,0.029868573244881347,0.003378425962931697,0.03283899958027159,0.004644513726424826,0.028457104000445987,-0.009346320753297,0.007845824305388271
2021-01-08,0.008631205682674947,0.006495514374673217,0.00015456259003010508,0.01323867117495503,-0.002057934502738723,0.0011041919175056591,0.018350882388183054,0.0060928671049502725,-0.00043190053734132317,0.011121051672138949
2021-01-11,-0.023248625431980363,-0.021519462280005563,-0.0020591051371118274,-0.023105546805506028,-0.0041865571908042964,0.014924230852367826,-0.007597230092837304,-0.009698369492809666,-0.006772854037208509,0.030356555621138925
2021-01-12,-0.0013954059279838171,0.002125797051401035,0.018982820331197914,-0.010738632324985953,-0.00778038526712721,0.015718932347358994,-0.012276424380520012,-0.011771014579434191,-0.00580345827858042,0.022203034992392068
2021-01-13,0.016226827771089747,0.014438406874172749,-0.00835280704793151,0.005652138171793775,-0.0015176282334684599,0.0009269299918748253,0.0023157122140724518,0.0065604241335770475,0.0015320733257802033,0.011278235433859196
2021-01-14,-0.015127511247223557,-0.012135545173177387,0.007708555506336756,-0.009346226119912315,0.017480532691243944,0.005842731290527148,-0.016926821652112123,-0.01534627261702104,-0.01063673918704422,0.03903354575921947
2021-01-15,-0.013730300862211942,-0.007424600125642833,-0.014083212755649721,-0.0019065274829067613,-0.002178823590719192,-0.017921607241491833,0.006762484250279588,-0.0017369092048946655,-0.007510715951085656,-0.04810202960979837
2021-01-19,0.00542685829750833,0.005318518294228358,0.002427865669136109,0.032906703648516666,0.015471038364080592,-0.0043277741475216125,-0.00390610326496188,0.01782264875021755,-0.008755414639935455,0.019837393081009624
2021-01-20,0.03285602663571985,0.04570048462239673,-0.00886323833332514,0.05357334244047829,-0.002457269782356053,-0.014995681405702399,0.021712811005140775,0.03649981801080293,-0.01249970796738109,0.014127616143362332
2021-01-21,0.03665876093893794,0.013363421550624865,-0.0007800082530913244,0.002170035890596278,-0.004003075606345385,-0.008384353410318512,-0.0004679810488892322,0.0028082253634702514,-0.0009838196016159761,-0.02866938285034948
2021-01-22,0.016073462192834898,-0.00446331304512726,-0.001300768015055076,0.004463513822148268,0.011253421710949008,-0.0077132899098562024,-0.0007024203905534598,0.00435601550366882,-0.007709190630759921,-0.014134468276658874
2021-01-25,0.027683756805296333,0.0005376354551673845,-0.02396575699257064,0.0009089307297953653,0.014857984713697814,-0.01248224327887637,-0.0001874117048790147,0.015844275434085286,0.01723064331714852,-0.011174062312045208
2021-01-26,0.00167903302438277,0.009754137082109926,-0.0006939068774831636,0.007216470915550888,0.027111659193870485,-0.004087067882444617,0.009562033437372497,0.012198820065741245,0.006427762861147324,-0.021961861836608865
2021-01-27,-0.007683517139989382,-0.02812581228312927,-0.03514767797054463,-0.046652287067046716,-0.015251303903229485,-0.02827192123961164,-0.038907854870690706,0.0024533312306540545,-0.03538972792421702,-0.011336332043181296
2021-01-28,-0.0349848938797952,0.0015591193708615059,0.020538992259516498,0.018835349990799832,0.007624638961087893,0.017597517685646658,-0.0008695937425607925,0.025891018118946896,0.015423021658250491,0.015656051009167893
2021-01-29,-0.037420852180910624,-0.009704654514695155,-0.008136963066109004,-0.01394368833196058,-0.03564646007808159,-0.011067791365576896,0.004931821296281447,-0.029171576272242317,-0.01649260682724729,-0.026487332257788987
2021-02-01,0.016520079543455468,0.042629902924745666,0.010282261451169061,0.03595917811727389,-0.00257490407045724,0.007383373584586961,0.000433039622960818,0.03315219529946045,0.005927703733059175,0.0017843051717683078
2021-02-02,0.006336459514785453,0.011104214562255077,0.04211785789222655,0.013760713135978486,-0.008973006720918608,0.030782341882904518,0.0088009163765288,-0.000584064785671079,-0.001395726936503694,0.01580560673707021
2021-02-03,-0.007778009887082216,-0.019961565909300982,-0.005454565476940454,0.07282491813354164,-0.004651083651336818,0.011451004278650423,-0.005005641100743641,0.014571312020281724,0.001242328287502037,0.039228813177910826
2021-02-04,0.02575782400179749,0.005575845147329783,0.0010445841524526767,-0.0025499014702181633,0.009283502806013422,0.023013331898649847,0.011115885304728845,-0.004074103183259625,0.0006204267354936732,0.0191899998769669
2021-02-05,-0.0030982468025798626,0.006349415177487883,0.007044042664025474,0.017140396932355806,0.01518596702429198,-0.001953204443092549,0.007344736486971204,0.0007849577751724013,0.0041851672408388385,0.03351967770056974
2021-02-08,0.0010968434735467714,-0.008713780773966562,0.023056963316045787,-0.002063341507749561,0.002857861852613608,0.015654652662882462,-0.004703891472078614,0.0011149922599893447,-0.0030872230725617067,0.04304296774769867
2021-02-09,-0.006573736036541211,-0.00539885256244832,-0.0008609284399729855,-0.004379855981396452,0.008186353326396612,-0.0039959519208128125,0.02079584503472165,0.005361440611464818,-0.003870912883135791,-0.011711632537898753
2021-02-10,-0.00455851989704803,-0.005573405440383872,0.0022304940914159577,0.005343396092235997,0.0032474658691348246,0.0005730434172765975,-0.007315389814777085,-0.0038971044396591825,-0.0034973528897261907,0.009677891594742416
2021-02-11,-0.0019199402931862064,-0.007439273910078148,0.0031861668305013247,0.001088096065464672,-0.0044960564219601595,-0.0027925579627147146,-0.0006064695510322737,0.006877591343317002,0.0008580191173175322,-0.025039210458037364
2021-02-12,0.0017757241105482713,0.004775969497859078,-0.0018149443461669135,0.003006511249410204,0.0031311524354602494,0.014217214101792885,-0.0017267171380128676,0.002045060270804866,-0.005532663333746135,0.013644013264445087
2021-02-16,-0.016103841927475493,-0.0026726192693009576,0.022172683557361683,0.0074796217457866465,-0.009064499593779418,0.024070676437206506,0.005282909452870355,-0.005265463892431876,0.0023506618265274337,0.03008708853786346
2021-02-17,-0.01764419704079223,0.012141589169594624,-0.00039539963983492576,0.003752289595905678,0.0035743049379575176,0.0031109116470684484,-0.007348026416527653,0.004359497890039199,0.004221617873441552,0.015564764421218458
2021-02-18,-0.00863633661233254,0.005920814274298136,-0.011764450584703434,-0.0060463847884388855,0.00048274005249737684,0.0033771233181401072,0.009276323075224191,-0.0016789525861892196,0.008329398922619191,-0.01570483353701424
2021-02-19,0.0012333229601151352,-0.023535055745747435,0.04996999682810488,-0.008072923815358846,-0.016652597521460533,0.016690636980837503,-0.014807630928316384,-0.011567434039158275,-0.018605692080205016,0.006728357392022266
2021-02-22,-0.029798900596173294,-0.021280609604111933,0.038826100879316705,-0.01654045377758384,-0.0006175833079199444,0.009390672023353419,-0.0008480438136360124,-0.026808262992873422,-0.004248049473002946,0.03685311082477871
2021-02-23,-0.0011109483848423807,0.004326059526709614,0.009722117288655463,0.002852601138765287,-0.008833886204825947,0.008031395012421338,-0.0034897468421203337,-0.0052876043105382076,0.007426048610085667,0.013811934523640934
2021-02-24,-0.004052348939122541,-0.010946968676518232,0.010400635168570593,0.01149921686310007,0.013400358548514735,0.017595384159378336,0.009228016260604877,0.005487175291231328,0.0010979391215637513,0.029973014416182497
2021-02-25,-0.034782556036179746,-0.03240038681954516,-0.0029216638447925325,-0.03256511248118177,0.0010456624573207396,-0.013571818878092223,-0.010878291361029913,-0.023704796412975404,-0.008459959512834514,-0.01657872667226623
2021-02-26,0.0022316275739442393,0.011700387973209825,-0.02677859915380154,0.0029562279373454015,-0.026419238734170403,-0.026524781587267565,-0.01678907535218732,0.01480392315811474,-0.024095448087626425,-0.024928092436754867
2021-03-01,0.053851163413255465,0.017203798394717307,0.017972942389671065,0.023616385150805108,0.005427341362718829,0.022627089848834325,0.010235626905552353,0.019623148699655424,0.00615234788764929,0.037336540736584656
2021-03-02,-0.020893433306047204,-0.016404262105025436,-0.017928601718393722,-0.0025029696533407364,-0.001883128017708513,-0.0032560648778577894,0.0020167842226184174,-0.012956950269740863,-0.003137885521527939,-0.005850968779101073
2021-03-03,-0.024456705978129434,-0.02893170479822993,-0.004216595608921403,-0.02570613108987474,-0.01760773920563541,0.019332401161841428,-0.01365786982721895,-0.02698070355939619,-0.005972564382085377,0.008025670095692439
2021-03-04,-0.015811883587001807,-0.009128157985388907,-0.009957510252731172,0.011196026270178239,-0.020163926374217933,-0.015368657473237901,-0.004761361207316073,-0.003647440868614571,-0.008200839552941819,0.03874732607380915
2021-03-05,0.010738427206490986,0.007687481916645478,0.034732360851287725,0.031043410750874356,0.01979487008499614,0.002324588382305315,0.01235086129379348,0.021479337002780374,0.0313551812774846,0.03781305877877861
2021-03-08,-0.04167359257533143,-0.016167463748385735,0.006449762965335282,-0.04271197946965222,0.008327914896180344,0.013253143289467362,0.008390835278119457,-0.018177955770860788,0.010557206916998796,-0.0009846245809960186
2021-03-09,0.04064973504976521,0.03756837366056898,-0.021572311001783695,0.0163685907408897,0.001906099106271153,-0.007063211074530118,-0.002678040901949119,0.02810158400476359,-0.008876105538741186,-0.0154429741445673
2021-03-10,-0.009166856025795256,-0.0017010173123747085,0.019649553260710162,-0.002043563212908439,0.009194601743115038,0.021735045418954657,0.022824391023652746,-0.0058175192017630994,0.009193168096104376,0.030702469468878446
2021-03-11,0.01650286017528857,0.018298429776605563,-0.005880900069777373,0.031603014910709604,-6.292951038200378e-05,-0.0052216272774429084,-0.008156937202055459,0.02026512749386411,-0.0033765602333666322,-0.007446753893057045
2021-03-12,-0.0076253102859491495,-0.0077402727850476305,0.04204587583750974,-0.024060471646285664,0.0028908758878369856,0.011858506293868976,0.0036392284919162243,-0.005819636303006526,0.009691792900084595,0.010764862384895268
2021-03-15,0.02445669832341868,-0.0025279442445658162,0.007598313287138891,0.0021657954312883643,0.005137565005332245,-0.004995417838350891,0.03824074495866436,-0.003987309630663738,0.0032776118966533208,-0.025496245834084053
2021-03-16,0.012742763485766417,0.0033034103914528767,-0.01854895788843791,0.014334943998395522,0.005922040826377151,-0.011971434201798026,-0.002721837716228692,0.012350358725542243,0.002955783247464261,-0.021195634992047685
2021-03-17,-0.006450384557616928,0.014188848597238346,0.03166116817783893,-0.00080142723840404,-0.0037181940763432175,0.010292664317831157,0.019330640820106826,-0.002818588239031805,-0.00403278672134455,0.004398674426971949
2021-03-18,-0.03390515078556555,-0.03435878370750434,-0.012626914660049837,-0.029238158982346385,-0.0018662527555929342,0.01650642572764638,-0.005399164023899616,-0.026661984968589958,0.002180221128683657,-0.04311933591085182
2021-03-19,-0.0044801588605299925,0.015511909856343209,-0.023365766812958433,0.0027804837830338602,-0.0026795716562946215,-0.01592119179110696,-0.0020637624815302846,-0.0016038254706711719,-0.005361099783046552,-0.005632951038800238
2021-03-22,0.02833548255478302,0.01167821172408301,0.0032403583502185196,0.0018402233752967678,0.002874400524925713,-0.02687886725544064,0.01182346326464212,0.024484490194529362,0.01695160249042349,-0.010267463946398214
2021-03-23,-0.0068886290940597394,0.008560288075996736,-0.03437732424300988,0.005239492567341575,-0.0009343694743016995,-0.010002175454023154,-0.003110284937871688,0.006737608869223033,0.01858983910473322,-0.012340847071014793
2021-03-24,-0.019993512800595803,-0.016073304438495972,0.013654010498955094,-0.004310900268622575,0.00972849275507981,0.007761416928891096,-0.001426001428653234,-0.008923311886852914,-0.0003017066746137109,0.020282384394639363
2021-03-25,0.004163641884961322,-0.013219634289670767,0.013650793531031047,-3.4491892816790326e-05,0.0003706009489241602,0.012813584206424533,0.0006692907680287963,-0.013250711902670353,0.006940115939600977,-0.002840093336553662
2021-03-26,0.005141163292190054,0.0018941122432061253,0.02341138692094824,-0.0038031649218663865,0.01827509187131726,0.016650323752526175,0.004504852884843702,0.017818645197067884,0.014758921413065451,0.02723422818462984
2021-03-29,0.0014850946584821223,0.007765307334585803,0.0031373500519995545,0.010401401270364374,0.006729886880376679,-0.015539463492782346,0.009502292295447745,-0.00524348931453289,0.015651461510538756,-0.005371975291617592
2021-03-30,-0.01227444508060016,-0.006645597502498379,0.012422856518907288,0.0003324628977718902,-0.006203089575889442,0.011789530339402221,-0.010424383125110626,-0.014410808500926242,-0.015410268289537954,-0.012369264876986974
2021-03-31,0.01876578574458465,0.01269600564306872,-0.005191332730196341,0.007842735410525936,-0.003999917802653075,-0.014565056526689601,-0.003733548087972438,0.016907443458974214,-0.00014771096542631756,-0.015170252972207643
2021-04-01,0.006958621460666725,0.02162845443110406,0.003752096025899654,0.0326104716550204,-0.009248391884573826,0.00972234072701239,0.004773560576831759,0.027908735437220056,-0.008491462307737119,0.027941995970531153
2021-04-05,0.023577380607750387,0.02079404593469847,0.00416773946464577,0.04187285462500112,0.0036845331189345742,0.00530038964013535,0.016162992713688817,0.02772819829558304,0.016160138542537172,-0.015507897373726376
2021-04-06,0.002461977128998205,-0.0009018902147276409,-0.013135827397856348,-0.004371403195275181,-0.000244698161929624,-0.007030259731923838,0.013371063292987762,-0.004857921884937166,0.00036644518504691526,-0.0028318070530694017
2021-04-07,0.013390427562476992,0.01723733655641202,-0.0009973597215469088,0.013475198033685354,0.0013465971944608413,0.015668056464900104,0.003018476347498522,0.0082303483614099,0.001758330347376491,0.004437274178366701
2021-04-08,0.01923370501139754,0.006071242952548017,0.000303904003716049,0.00509143678011359,-0.003911717150458904,0.0012262763833712498,-0.010145828887479169,0.013405432022328911,0.0038026202392769104,-0.01042587403552997
2021-04-09,0.020251906165223543,0.02209562242522667,0.0011712863422495001,0.008993826197741583,-0.010554185074848399,0.007478210478360614,0.00534208661290303,0.010266472841506502,-0.006483832369822751,-0.00232151970169292
2021-04-12,-0.013233311024997585,0.0021321218730274705,0.0007801610365225642,-0.011472314949169782,0.002418603421012744,-0.0021115077556734807,-0.0022463612296911295,0.0002345897101623251,0.004033261328965754,-0.006622366410445446
2021-04-13,0.024306748144331758,0.006098747605224553,-0.006841994863118872,0.00437033378495344,-0.013363055444569172,-0.01192678810004233,0.001558651857413107,0.010081829854164504,-0.013219614357770748,0.0037838494015038915
2021-04-14,-0.017853319416202384,-0.01970591825597423,0.01408342355523895,-0.0055534581810653405,0.0027590046584369254,-0.0186902814097889,-0.0043662669883377525,-0.011219138117412597,0.003626817599069243,0.028899554105065617
2021-04-15,0.018707989028395655,0.013828409714570444,-0.00025800747181026207,0.019331727333516513,0.00293885586272169,0.006348451377739428,0.004211586727737027,0.015297920046759561,0.012094337659071641,-0.005931764649741211
2021-04-16,-0.002527751798559019,0.006022342354579324,0.0036125342872381783,-0.001094097644935177,0.01153451997565913,0.0074259724219380985,0.00778284563357623,0.004778527379871056,7.295482574565249e-05,-0.0056159046311077265
2021-04-19,0.005068198376398492,-0.00806900981526193,-0.004156809735435196,0.0030709775114441396,0.0027737997393508795,-0.004240115011651557,-0.005448694992839953,-0.007670447613559062,-0.004663007419371534,-0.0031768071371078843
2021-04-20,-0.012829524993708707,-0.011067567276491497,-0.02048257908757878,-0.004694890214540615,0.023295974628167793,-0.022142147728678174,0.005176553413366092,-0.001854835470654792,0.008344634761963565,-0.021069338185183195
2021-04-21,0.0029299437951226803,0.008195669633476843,0.02121857683795314,-0.0002895360575941863,0.0006606964263178305,0.008507792654189661,-0.00321872067125184,0.008983018485881678,-0.006533390524468663,0.01284130387270288
2021-04-22,-0.01168577169307805,-0.015758395892332966,-0.015357395586763856,-0.011337148551600174,-0.008464088738634468,-0.021057301992956745,0.0030141474115046307,-0.013086391444896317,-0.009928151682614184,-0.013035734291346412
2021-04-23,0.01803853072488648,0.00962218974677076,0.009874320335106823,0.021047594522112023,0.002058638881514252,0.019135633671212293,0.006953789513542752,0.015476246000117877,-0.005124920735815164,0.005427946517687632
2021-04-26,0.0029778932558803817,0.020389780364207244,0.0019555831824034087,0.004347921996231241,-0.008458296277226052,0.002463617765085191,-0.009676902254967756,0.0015314622292981195,-0.02000915424831906,0.0019793978111413146
2021-04-27,-0.0024495025362877287,0.0024729175512423485,-0.0009540815635232791,-0.008203684646366116,-0.005727826279117498,0.0045825462551403184,0.01149323933124502,0.0016059768178837697,-0.000609406723329986,0.01311065310110826
2021-04-28,-0.006027104793196902,0.012017786731569835,0.008509231716376853,0.0297077993433581,-0.00735390518757939,0.006479541146446888,-0.010937037554440865,-0.028285885055683635,0.0016771345170858432,0.030136627208805944
2021-04-29,-0.0007488317884307705,0.0037039347600635875,-0.02079229805205207,0.014293871822363968,0.013705340995513682,0.01944449044233343,0.012047709835024234,-0.008052930063779828,0.00844760504638864,0.01428318358877223
2021-04-30,-0.01513314124984344,-0.001120636171800582,0.002813611668262883,-0.016407710890997795,-0.008952297700702605,-0.008892540767607593,0.003698729064193218,-0.0013068382594288996,0.006867470508440832,-0.028842932875645433
2021-05-03,0.00821532871613484,-0.023340170719312603,0.0002629722728881845,-0.004427551865224921,0.01523998235492563,-0.0029257395960200494,-0.0022026631565000843,-0.0012689754133968778,0.011842254328859658,0.027603116907441327
2021-05-04,-0.03538547071336118,-0.022034541333801894,0.02296557214240491,-0.015471059396123032,0.015495440977091324,0.013823820204013959,-0.007216802337585482,-0.016159835278407697,-0.003407628317891098,0.006290312198262038
2021-05-05,0.0019553705419526057,-0.012479432999494278,0.019150700808164833,0.0034419284129540983,-0.00417217094159561,0.01312047921954762,0.005045835880578942,-0.005327054088122507,-0.00802721510723825,0.03007274408284588
2021-05-06,0.012802552043185145,0.010955401769447537,-0.0034050164564735086,0.009754843731683449,0.0040101258004219265,0.020124319295357074,-0.0007659424520457536,0.013226807013794417,0.012587859776538979,0.009512721340607655
2021-05-07,0.005327360320104946,-0.0044640578502762596,0.016535058987594997,0.006237705291660234,0.004530637236002777,0.003422955175134801,-8.512169724561591e-05,0.010931691161237156,7.412304007581305e-05,0.01429721105847448
2021-05-10,-0.02580457886346743,-0.03072052637375966,0.006722356135042018,-0.025587428961394987,0.010504790068092795,-0.0001239014646217118,0.009666116465371077,-0.02091418374861953,0.018645965313746515,0.0024029328910766257
2021-05-11,-0.00741007852222153,0.010474816917876772,-0.013643148991167697,-0.009464409113745242,-0.008163620189385101,-0.01662336137292597,-0.013706681644342966,-0.00384330371226671,-0.004939177698185415,-0.031799371162952506
2021-05-12,-0.02493849621961708,-0.022323796765424953,-0.00827429791652734,-0.030752563018349277,-0.004026554456496911,-0.006875255268040115,-0.025314228931523464,-0.02936276811750338,-0.010585112620055237,0.005358337748054387
2021-05-13,0.017919614462198474,0.0030235440044839024,0.011587709850663153,0.01308493131081856,0.010463876784463144,0.025722364275327925,0.008028444749393016,0.01686187063225697,0.016084045000849923,-0.012325146881403848
2021-05-14,0.019844816573870494,0.019430851184491837,0.008997512846050215,0.02213510629375559,0.0015295306470717307,0.01554164382869283,0.008486768260575817,0.021067379971555056,0.002105764175990732,0.02478931961797204
2021-05-17,-0.009258773411743082,0.0147351540352203,0.010568325221705699,0.004626097649750527,0.0009987913259281722,0.004024503139951063,-0.00017291712809075488,-0.011968451036475036,-0.0020289432874771585,0.023366697528286462
2021-05-18,-0.011245616722693308,-0.011653058569779051,-0.02173283661045211,-0.011555680934701495,0.0003521568143112219,-0.01408871069276374,0.001079286345842645,-0.008565174420903321,-0.010237202458381889,-0.028300400477914267
2021-05-19,-0.0012814122141273643,-0.000148514828115065,-0.010857221366799563,0.003991198230621995,-0.0021708521112382417,-0.007638028917024808,-0.007674762128037971,0.002473900942272733,0.0020538458931507186,-0.023994688823218646
2021-05-20,0.021011974190004112,0.004913709794237331,-0.007936870385916728,0.015606502583068949,0.005820921919672983,-0.0017377232185622482,0.008820506865962807,0.013820255810092386,0.010248806436655489,-0.002373594474743279
2021-05-21,-0.014767037116449111,-0.013732853548741542,0.009574787345588032,-0.005557113878150055,-0.0006430715073242332,0.011378411097626717,-0.004048655620969233,-0.005314708146697433,0.0,0.001359522829320392
2021-05-24,0.013314255635626493,0.013084215261017773,0.007629475620026582,0.02916580440882699,0.0038259465261045733,0.005409975139795797,0.0028973199257700255,0.022882180324199197,-0.00028972863713860875,0.011710847343558761
2021-05-25,-0.0015736248162742106,0.004332851226203749,-0.007864490994925255,0.0007750071334255981,-0.00275611494224548,-0.010334016060176476,0.0009917913687322866,0.0037483499780439633,0.0034066908333980628,-0.022647232356116098
2021-05-26,-0.00039413399090459933,0.0018747562447005706,0.002276899829018797,0.007380875232120276,-0.005938127778566393,-0.00012332854852470376,0.0009046163922670214,-0.000913826856850597,-0.0022393165630525402,0.011671920322291252
2021-05-27,-0.012376696031023315,-0.010734558114025683,0.015018090353764002,-0.0074066285172185164,-0.001537911959600291,0.015571725880148879,0.01080263815892235,-0.008668399146415484,-0.022733766031822755,-0.006447237262322214
2021-05-28,-0.005347955739413046,-0.0021794289420000723,-0.000828566773005468,-0.0024676039943924977,0.002606510276736085,-0.0006690323477974713,0.0013700539842382842,0.0014840538810478865,-0.0009630333005679059,-0.0032445755536993914
2021-06-01,-0.002648386642130074,-0.0013714148069622345,0.0069683930278712225,0.010323142393402929,-0.0219794576776825,0.011020217113322683,-0.0027789339100195987,-0.009131595343981225,-0.014608749177146496,0.035806120522607454
2021-06-02,0.00627621112248633,0.004765962837133042,0.0028835013698786938,-0.004447299363725232,0.0040477345782499174,6.0311102013876905e-05,0.002315019349453218,-0.000404173176017375,0.0043646058644903896,0.007939018521533336
2021-06-03,-0.012154160685425741,-0.014526941142032901,0.001560869615071514,-0.009706541663923929,-0.0009628869929362294,0.0006621429183648608,-0.0056890634791094685,-0.0064296367909051355,0.01790801207449655,0.003938391931793239
2021-06-04,0.01902204415356934,0.006027657821926935,0.0007383648588210612,0.019590462854408797,-0.0004214925418103421,0.0016250569394276049,0.004001013290381161,0.020674985638747367,0.0007361619654386864,0.004413078523385128
2021-06-07,7.955851848628903e-05,-0.0025606925929613222,-0.017457769589310335,0.0036472788931911637,-0.006808577708996011,-0.004686442811045577,-0.007241523243736503,0.012041832406544994,0.0034569951623424355,-0.006509116834388595
2021-06-08,0.006672021029577868,0.020669153552085318,0.0016684706997445176,-0.0016069090497413674,-0.008796282831552649,-0.003984003532779168,0.004100168749781918,-0.004885499839470064,-0.011581834787382506,0.017690123237430244
2021-06-09,0.0030769794081488833,0.005220349302289318,-0.02294307782489491,0.003961016226231129,0.013464976613086765,-0.012484961383910198,-0.005029176256916124,0.004038467661047873,-0.0003707430649861898,0.008369755997335027
2021-06-10,-0.008023034976796906,0.02087684594544914,-0.03801423427918593,0.011291738346055125,0.008998021081539465,-0.01558867945299014,0.013479143689788309,0.014393379977766019,0.0074190051391729295,0.0015962002534917197
2021-06-11,0.009832432468932506,-0.0008418265339896758,-0.022283265856691825,-0.0020244089486640693,-0.012688429894779585,-0.000685614926455913,0.009974670375076933,0.0025269091363102625,-0.006848934722305411,-0.009243308383806603
2021-06-14,0.024577804593086006,0.011067127216432215,-0.007657350523440187,0.007698932747167264,0.0024850695756302166,-0.016969191099741376,0.000211142169964873,0.007755087359895718,0.00037087805014279773,-0.0016083062644707269
2021-06-15,-0.0064377072088920295,-0.0002186996793457352,0.002054772954113604,-0.008379275205752768,-0.005321146903107032,-0.015167785278723644,-0.0026583743858354936,-0.005887203641309013,-0.0019274457514221188,0.03641061754917274
2021-06-16,0.003934030311335546,0.0094941835711142,-0.01048040198295963,-0.00532865617682976,-0.0003646383390655261,0.007024009066830761,-0.0032578800353363357,-0.0037929565749726946,-0.013887666273879606,-0.003575377165163096
2021-06-17,0.012601261584811452,0.02166464377780497,-0.03550373101065596,0.008039814185869076,0.004804565800610172,-0.028860472236335477,-0.0072161674646316065,0.013676263185486093,0.00911286125565347,-0.032917343874809823
2021-06-18,-0.01009180555348077,-0.0006706583139327593,-0.002816801289484916,-0.013409251043993708,-0.01961072091853333,-0.0253030291045796,-0.018214594170878784,-0.005634590174586673,-0.01462813799821383,-0.025649411822740165
2021-06-21,0.014103690232861066,-0.009446804682075038,0.02082738957984498,0.014166026138662469,0.011483241992571891,0.016968697581453362,0.014284405819108725,0.012334902718996732,0.007877054155345675,0.036258293099515004
2021-06-22,0.012698406699543252,0.01490466106187549,-0.0003753409125802909,0.004252554321856783,-0.001342841576181808,-0.0014623381245387757,0.004208006122003116,0.01096621842752854,0.00037561024632415396,0.01917247858923865
2021-06-23,-0.0020898631839345594,-0.0004621896804161141,0.0030965557493085605,-0.0016635808877090152,-0.006050594023867983,0.006057931884798418,-0.0027364034254523384,-0.0009045200186460489,-0.0014272705607565328,0.007367935111737722
2021-06-24,-0.0021690341393819645,-0.015622946391951387,0.025960323189130108,0.0030540573372970226,0.004550136143072647,0.009198082403280239,0.00038576407344836916,0.005353803906287924,0.000677234575375385,0.004046057348465082
2021-06-25,-0.0022484716998014687,-0.013806561613952328,-0.013814265040978269,6.946574940092098e-05,0.0051416358095508485,0.010097770889387458,-0.0039000620158117227,-0.006262551128953131,0.014283496700346676,0.0021698560725471605
2021-06-28,0.012545770970129766,0.012474089136242261,-0.00018482727829383094,0.00022450875063317888,-0.001156921600552474,0.001817473032338146,-0.005722425172356882,0.013961294123591816,0.0029648821316465845,-0.025518138348901376
2021-06-29,0.011500333181697409,0.0012340341405479016,-0.005410078544601071,-0.002150358744428371,6.068244558510294e-05,-0.0012312661373811151,-0.003115630137603631,0.009973420626682161,-0.006798887450191304,-0.006189449786163759
2021-06-30,0.004621022621452475,-0.0023143032508132766,0.011762074788678634,-0.0014967008706854301,0.004328736149251444,0.009082617778656932,0.0026913519851445855,-0.0018424515535558905,0.003943415798799199,0.007345880444838526
2021-07-01,0.002263547630901419,-0.0020900020900020966,-0.004227381284427234,0.0029078525429637736,0.007405592273932893,0.009901063235606467,0.005541279273595379,0.002584193426171,0.0022978460928546607,0.0028536038069468805
2021-07-02,0.019596290843154174,0.022723749230608936,0.004844946157424701,0.02297357065346528,0.01819728197319659,-0.0009604758405610259,0.005855246014519588,0.02227532262868004,0.004880166114828111,-0.0014227062080217623
2021-07-06,0.014718596063787892,0.04692710742205475,-0.019470703024697,0.007444659389097108,-0.005976986776308646,-0.016791485748660406,-0.0037666808523848516,3.591692722593187e-05,0.0005884740030219771,-0.028494520477317153
2021-07-07,0.017955097678200138,0.005669564076709488,0.005479523694679189,0.0022504952807460565,0.008572905007972587,0.0011735375126340486,0.008077497722635663,0.008175539216284333,0.007501346916523488,-0.01564274321980963
2021-07-08,-0.009199691671987753,0.009422227593882448,-0.01201742994057231,-0.011306587792561107,-0.0019481383026445087,-0.017253837389978655,-0.007629223760348469,-0.008966488985787224,-0.00014629566534729577,-0.004469627648342356
2021-07-09,0.013054897787411868,-0.003234704202571881,0.025034311149856547,0.003794647522631811,0.003962748336971966,0.031999445142033345,0.012197133761060464,0.0018745921047571557,0.000365200426644785,0.018124331980181818
2021-07-12,-0.00420349082049043,-0.00021234814297532711,0.005335148630513764,0.011607862946132474,-0.0015905900593852218,0.014315896303830122,-0.00029683686533099607,-0.0022309041620156567,0.000802860959475904,-0.0009799162239596537
2021-07-13,0.007889052828150556,-0.011076947823728367,-0.015509079024850325,0.002882409125441354,-0.0012390167808932206,-0.014873654172297912,0.002376691631185368,0.01319776881107293,-0.0012396595407206945,-0.004740956741487445
2021-07-14,0.024100728647887593,0.0011747744165069296,-0.0164970200747373,0.007032285127756666,0.006793851228562797,-0.0034048796593082464,0.004064913484217891,0.0054452609813344655,0.007373620111550627,-0.02217457443364501
2021-07-15,-0.004492329192335109,-0.013711143174944485,-0.0010867177355694535,-0.009607166522181632,-0.012029094553220876,0.0021919406665777963,-0.0010541786963361721,-0.005238939266920539,0.008552317892599026,-0.009743130739486294
2021-07-16,-0.014075649684832436,-0.01585423166667732,-0.016366445520860085,-0.0002756330739109858,-0.0016037300212069505,-0.02283551236392578,-0.008992028504994476,-0.0009959443514826471,0.009700847329123574,-0.027650241666149378
2021-07-19,-0.026914709691549743,-0.006727030092302577,-0.018178263019427487,-0.01883909046036336,-0.007257362270747469,-0.03251917088140599,-0.023386299865562954,-0.013321702210864261,-0.0004981804895090036,-0.03436865504666853
2021-07-20,0.025974127114515966,0.0066486136498793424,0.024030108014504226,0.01309631513494991,0.0094077909911785,0.018643430129422933,0.021852747776404557,0.008339064747494351,-0.005340369345649965,0.011020607575065844
2021-07-21,-0.005131818708596136,0.003361110852517335,0.013319591188135416,0.010613284542783541,0.00617398080541931,0.021040302932256116,0.0070856299297124,0.007446682751163003,-0.003507856440573276,0.03216614174921428
2021-07-22,0.009628822549167415,0.014735635895966048,-0.007450151406201533,0.0068402229554214156,0.00289110762524758,-0.012625981239047346,0.011613815275042016,0.016844212494280697,-0.003831484143526631,-0.011253641310085327
2021-07-23,0.011988881562456699,0.005115384934792466,0.0017690492634427901,0.03576916685940912,0.010648173317108434,-0.0019210072336287576,0.017974628920118363,0.01233656701275243,0.014441110635615262,-0.001225578236810132
2021-07-26,0.002894768035189399,0.01180863619816197,0.007158990146646671,0.007668257839318571,0.00046562579500175616,0.006704378275704581,0.004198198209482307,-0.002140019412197991,0.0035054762746569157,0.02524515471877442
2021-07-27,-0.014900529250791217,-0.019846876786293155,-0.005354808750620554,-0.01592866454200359,0.0045965843116608784,-0.0013184765709850499,0.009713913387598305,-0.008683579662347563,0.0040633974452664035,-0.011114781891811032
2021-07-28,-0.012195947657922424,0.0010837371680696428,0.007336928041709712,0.03179672178917459,-0.0027799793199236866,0.0016506374407847524,-0.018550873787860245,-0.0011169972286094731,-0.014838687326497957,0.0067438565707682585
2021-07-29,0.004552242312628296,-0.008373940689987869,0.005296898583879717,-0.0023255312171444054,0.0,0.008569462322857602,0.009264792362561503,0.0009781060424898236,0.00518905683707338,0.012195229022031295
2021-07-30,0.0015105735319409508,-0.07564890713277761,-0.02733347479975745,-0.007740513169493313,0.00011611754969975685,-0.007973779789817503,-0.0053685050888456765,-0.005549524104716319,0.01971588200234753,-0.023078356151008173
2021-08-02,-0.002330894458654309,0.0011690369463182027,-0.007690617833164715,0.0009499928336877961,0.00040641467410162946,-0.00401910450738896,-0.01075365662357708,-0.0003159042277941504,-0.002460614946099726,0.00017372856385167168
2021-08-03,0.012644412003327776,0.01043374884144277,0.016280283442760668,0.005750751663132769,0.012306468059799958,0.011378148824666257,-0.013119572019212544,0.008075276322926594,0.014589445963758774,0.010767807364638893
2021-08-04,-0.0027826184691092104,-0.0034222398904129037,-0.01908910818881493,-0.0037196814506292863,-0.005906211991136279,-0.010792357740295966,-0.008946991167882112,-0.002124513375844961,-0.01055915809708774,-0.023367747487491042
2021-08-05,0.0007487664280438899,0.006340362999381677,0.01305518962496044,0.008332975886138128,0.0019033490265776276,0.012629096390092354,0.006770749865263159,0.01050551579357717,0.0004913128312606929,0.006333357049300714
2021-08-06,-0.004767184836467764,-0.009197334693852421,0.005598841510066954,-0.003764999999435803,-0.0033394340943300183,0.028403308093419843,-0.0006766261768376136,-0.0002071036553795702,-0.0076487105351703555,0.011538752016120313
2021-08-09,-0.0003419460026373722,-0.0009177334401756498,0.0025916612762968416,0.008652346515197085,0.0034662173748962744,-0.0010794090411413437,-0.006687692393341993,-0.003903957931968627,0.005445042654524501,-0.011407127994970123
2021-08-10,-0.003354096687307573,-0.006340816609805455,0.02479775264185169,-0.0007740210985597296,0.0003454844186527861,0.0122674733576007,-0.005240985484794902,-0.006554642885768902,0.000632977614437813,0.017133157057498405
2021-08-11,0.0017855064835647916,-0.008603643493863333,0.03545575201765927,-0.0038593932561364896,0.00017253260876293197,0.011930383293994762,0.008995383033406412,0.0017803039890060823,0.0024598037596976763,0.0029217975395445794
2021-08-12,0.020773601194305824,0.003459810192938395,-0.006406181621519846,0.006714081328886179,0.008054863500876364,0.003908961443281456,0.004754881508723052,0.009967011256949432,0.0023141748864541345,-0.002261771327825235
2021-08-13,0.0014103173743262865,-0.0028848279463596915,-0.007582703292522197,0.0038886244874756226,0.005993421126990306,-0.01118739181637829,0.009084371553518267,0.010489667089125465,0.004826866700520682,-0.010113203512632118
2021-08-16,0.013548085264988519,0.0015239472057770875,-0.003934694045456544,0.0042257442214710395,0.009021278591996085,-0.006563310748672335,0.009002447110472822,0.005975654157758914,0.006961873877110003,-0.014620344823526144
2021-08-17,-0.0061541314136766,-0.01728702615047184,-0.019613166323024234,-0.011915260955697504,0.009165564342136667,-0.012080888851316751,-0.0028632834257698025,-0.005159556376801433,0.00165923219558195,-0.006793037433358684
2021-08-18,-0.025501201570736654,-0.012566487390164305,-0.017007189377791443,-0.008872341753960011,-0.01270415596050034,-0.009107667902740868,-0.009155944461479604,-0.006119275425940485,-0.010905379635840706,-0.021058183337086867
2021-08-19,0.0023231874122768836,-0.0042078187123096855,-0.02554697058415978,0.001705406154535627,0.007788512891940158,-0.008355859721152825,-0.0035703740545386387,0.020775391148466493,0.011793467395248891,-0.03052036449700113
2021-08-20,0.01015689782407958,0.003827154714335368,0.002396876275783555,0.012894262514924426,0.004872162043672024,0.002851930374263123,0.005311431393346,0.025575225912401578,0.0006895997102533968,0.00018971999863426348
2021-08-23,0.010257122928922113,0.02060035500127988,0.020493731238657276,0.019006183886901562,-0.004316803880767384,0.012797079789394594,0.004905742582034245,0.0009527277997396499,-0.005100410269463951,0.0411452081382806
2021-08-24,-0.0006013046748259976,0.012220318769066596,0.01649616066117421,0.008711775855245518,-0.012499253820874578,0.006190495879458746,-0.0051322922865640885,-0.006663265404548757,-0.008105301785659047,0.008195288500351339
2021-08-25,-0.008421349211488516,-0.0019965141547840792,0.010207390610749378,0.005787039808277772,-0.006613948570320272,0.020612636975835708,0.0016777307601274494,-0.0020158134751273593,-0.003561881044932269,0.0018061836696976474
2021-08-26,-0.005527343318677436,0.005098257262930783,-0.01639048278857702,-0.004493985422005187,-0.005337764919711052,0.005158058106930596,-0.007871723769539263,-0.009668581264492437,-0.0017522124820246177,-0.013523280130414372
2021-08-27,0.007184951974307241,0.01014175672465778,0.007527072532839796,0.018124264396736756,-0.00213498565632797,0.008037015915916212,0.0022368191418633554,0.002106373666124428,-0.0007721766156629783,0.019375019242419578
2021-08-30,0.030417059725522888,0.021476998866989616,-0.0064840306263938,0.004072737024903406,0.004221292167738033,-0.01600757086576088,-0.0037475471260760562,0.012912135845309036,0.004356189888160555,-0.010937769666907404
2021-08-31,-0.008424893831665337,0.01438520002272603,-0.002742982636400937,0.0007400459041118079,-0.003052009345548168,-0.003053806657778879,0.00917962345257628,-0.0056326136636728474,-0.003777819022590556,-0.011602652297938998
2021-09-01,0.004478568041988984,0.0023654092095504176,-0.01379989984544161,0.0035798746719803987,0.003523437938690588,-0.0014380952289584359,0.002905837222133556,-0.00016558760835283515,0.010183269528968975,-0.013756439046418323
2021-09-02,0.00747519300242061,-0.004564478889317991,0.018368700971482133,-0.013280115610914245,0.006849398118432992,0.004633063426244366,0.007222292903959815,-0.002253076309690849,0.0007644946907205963,0.024363002850177784
2021-09-03,0.004230460002489833,0.004311086264728647,-0.00665782847980978,0.003157819742795054,0.0006285949501161348,-0.006045115597388517,-0.004377419223689394,-3.294598715253283e-05,0.0006950537873768869,-0.0038126805384368634
2021-09-07,0.015489280536978622,0.008982024369138308,-0.010172589186635994,0.0037637431601731386,-0.015539171845272537,-0.0017553653565284266,-0.011012362312028623,-0.003188101448023839,-0.0037487983450004148,-0.005831906981851098
2021-09-08,-0.010083748291130568,0.004619174430729789,-0.007011361862169663,-0.004085817511943479,-0.0024373260099651572,-0.004459635814078711,0.010288118283389602,9.989417953781832e-05,0.007595468761161461,-0.009165834331087641
2021-09-09,-0.006704944328141171,-0.011726004336084506,-0.006529062882837056,-0.0010437269708678532,-0.022280437196937952,0.0043534315141324775,-4.178529321152702e-05,-0.009859591651491084,-0.004218830824097575,0.0007399344999263757
2021-09-10,-0.033101822058909436,-0.004308001431212238,-0.0019958904257282306,-0.01856626193868638,-0.006544780044246301,-0.01149585207010917,0.002388767023726146,-0.005181068456647564,0.0009725690959008215,-0.0020336242908574054
2021-09-13,0.0038937544091304233,-0.0034532897607970625,0.0058046239631750485,0.010338839625485097,-0.007007460842804347,0.015887201271868934,0.008487439843170907,0.0043285385206697224,0.010753810041890244,0.025750342049549957
2021-09-14,-0.009562312927994587,-0.002073980962099431,-0.01876811867777528,0.0014895304587376756,-0.006031165849041509,-0.017452761767428715,-0.0003316688316690186,0.009428460931610871,-0.0017160090631934688,-0.014267796316900339
2021-09-15,0.006143532148634279,0.007475391332653958,0.01680411482663402,0.013223945750857391,0.003762095968914858,0.006939459382593549,-0.0006220679530268836,0.01677833037547294,-0.002131513595226453,0.033712028064427635
2021-09-16,-0.0016103074753462954,0.0035819053548502566,-0.01035333462839394,-0.005674048763352424,-0.0012087951433575883,-0.00044285504377716833,0.009253865976144526,0.0013120274260067788,-0.006959642912905295,-0.010634605940335051
2021-09-17,-0.018347813859761142,-0.007373319866162298,-0.018909563342645375,-0.019566652385610728,-0.0028448381185732785,-0.0025932734509518385,-0.002960334422384303,-0.017528336438547565,0.0015957293951986973,-0.011823504720891997
2021-09-20,-0.021361160309003036,-0.03084174438431353,-0.044705769821274055,-0.014776585061397451,-0.005705594190621999,-0.029934191318790382,-0.014021310294817013,-0.018574761468173162,-0.010045345098624425,-0.026649973272311667
2021-09-21,0.0034274658527717605,-0.0036057473697842513,-0.0051359890295495925,0.002260126821121089,0.004395170003847593,0.00013108631766489687,0.0058972330348006086,0.0016988470215260065,0.001539392044668908,-0.000931057816300096
2021-09-22,0.016872989630570157,0.01089234819407503,0.007954187307916749,0.008994134687877464,-0.0036467366235859444,0.019152923354424756,0.010935647075948296,0.012822372043434616,0.0034240336779465252,0.0292690897892518
2021-09-23,0.006719124178695468,0.01063594079605279,0.02754105655906014,0.006647579228849176,0.005673145978436933,0.03380116666161803,0.006786666752421455,0.003282213071980955,0.0041083881679839784,0.03387061000657954
2021-09-24,0.0006128865127139616,0.0027868730462519142,0.001017307252765276,0.007073886931904028,-0.003032881564278056,0.011539996208729697,0.00669970381146201,-0.0007012338678237251,-0.0044383502369902406,0.008934989000670468
2021-09-27,-0.01055010039320492,-0.005756835077931344,0.016156832263581444,-0.008036921581421885,-0.007240082366784306,0.02416593262749145,0.006858316790614438,-0.017303856621599167,-0.013166259803237046,0.029692578901875377
2021-09-28,-0.023801244566478474,-0.0263784679831095,0.0027501088374703997,-0.03715827568634755,-0.002206575045457515,-0.005390121643286672,-0.017492135234724482,-0.03620369434483972,-0.007553164461643558,0.010455219163287843
2021-09-29,0.006483285621103452,-0.004475351789266391,-0.013363397888063955,-0.010870287394421307,0.007432252918900817,-0.0007826966548444281,0.0020920287084553735,0.0016932284236803596,0.010171314449808566,-0.000667447723040171
2021-09-30,-0.00931170480430965,-0.0048710792439015105,-0.02981755367223149,-0.005042704156397515,-0.015363979386255666,-0.013618226294528801,-0.012976814294993755,-0.007324104502529072,-0.015631456228462848,-0.017702117412180973
2021-10-01,0.008126841665679008,-0.0005418778291703674,0.012293482816537527,0.021447415000113823,-0.0063778945559782585,0.02101512919310977,0.007548141385772089,0.025468148758529985,-0.0015739030269831256,0.035872182003885866
2021-10-04,-0.024605715978135656,-0.028471678341373097,-0.006174921697175595,-0.021117896470333353,-0.007789847157930296,-0.00107699565039443,0.000617528037067272,-0.020719512055168643,-0.005659612903100242,0.012965755488959063
2021-10-05,0.014158520032674371,0.00978753803838428,-0.0032618864803598546,0.01768290375428716,0.0022614261560636173,0.01633013882864809,0.008803716494514058,0.01995686522413842,0.0038907517603523623,-0.0016202804062671605
2021-10-06,0.006306874562928666,0.012732016728672857,-0.00332485006020089,0.011336580860267231,0.00206815240074687,0.0021345287712712935,0.0076666248632160094,0.01506450526413472,0.013349301682170411,-0.018338333123497197
2021-10-07,0.009084868206949537,0.012391203105561077,0.020275209148908457,0.012066915709621595,0.008941985455735324,0.006330685913048084,0.004937284013387666,0.005936201092180848,0.008003914053115624,0.0028104571311546866
2021-10-08,-0.002721926155544674,-0.004181805261295635,-0.0030140649610072012,0.004025805704989782,-0.0025412307845108506,0.0007641499770625337,-0.0024966665520081976,0.0,-0.004146112404707081,0.025057792986327376
2021-10-11,-0.0006298512136181378,-0.01286860335091844,-0.011631571294071663,-0.006234517091635028,-0.004225108801084954,-0.021031681985953954,-0.004521634416309928,-0.0021025853762722813,0.004163374222215133,-0.009970962994049426
2021-10-12,-0.00910271078819036,0.0003172745113595443,-0.015397199452908072,-0.017744813348269828,-0.01597498723921198,-0.007680813537091824,-0.0083544442420731,-0.004588182091248338,-0.0014759714143458558,-0.005198126876250875
2021-10-13,-0.004240252298319258,0.011378601203982708,-0.005160154148444063,0.008303415910041245,0.00957542321182725,-0.026366876121834193,-0.007647520634532334,0.011711264129722343,0.002322419635090389,-0.002776109652547487
2021-10-14,0.02022596937140131,0.004743759227551214,0.028527444642183486,0.02594100899791907,0.005716208331991046,0.015341525501697761,0.007830353474609364,0.021733759157616106,0.011302972667870392,0.015228509733910434
2021-10-15,0.007512455191210465,0.03308023939004423,0.024134348306000364,0.001537179138497935,0.007432588812625651,0.019208157770024936,-0.009405210117325202,0.0048227881829634445,0.002568086517510393,0.00951599253244595
2021-10-18,0.011805911767069244,0.011064772529006062,-0.004220550921373301,0.009973882070850815,-0.0073154483191704145,-0.0003598947821461529,4.1089747295997014e-05,0.010124645861749881,-0.014402020719354147,-0.0004792848830329488
2021-10-19,0.015080074470449789,-0.0007514424560826072,0.014935743286058623,0.0032149490122028723,0.02341964546845121,0.012128587510899624,0.0021054159961226837,0.003059000488633945,-0.011802835783192744,0.015025506450014214
2021-10-20,0.0033614381346351863,-0.008446195751808605,0.01516354090957095,-0.01024870703788916,-0.0005493137371742618,0.013466110319191982,-0.012563499010348367,-0.002660633137194446,0.003910097559980841,0.005511735323302069
2021-10-21,0.0014736136606849914,0.005841756945129006,-0.01003964750541908,0.0008252632492165013,-0.0023200253879623878,-0.007843364840519618,0.007008268279402374,0.010897466272280276,-0.007196762181183924,-0.01816740589487531
2021-10-22,-0.00528480367926043,-0.028954833317208384,-0.0018901744615410498,-0.030443465154606608,0.0019582988342252694,0.013451116803552265,-0.012261740563827894,-0.005148305211844284,0.01076580026102758,0.006859075622701827
2021-10-25,-0.000336396436590114,-0.004550989805058192,0.0077749017344270754,-0.0008685788364932723,0.0021990571792835922,-0.004889941537361442,-0.0046133201907665455,-0.0033317818609369665,0.00014211331299907037,0.01948673845368365
2021-10-26,0.0045748936520384476,0.01677526160393561,-0.012709765719529531,0.013543242651320897,0.010177868545195867,0.0026911184366746888,-0.003876384721672732,0.006425575966335861,0.014199491794047558,0.0231546654565844
2021-10-27,-0.0031473851407646247,0.004863638245470758,-0.01758161956770088,0.04959521620455076,-0.012126704544625833,-0.020828545900619444,0.026689889696534852,0.04211429936781119,-0.007140389239184253,-0.02597212300422358
2021-10-28,0.024991303029899603,0.01594115275917063,0.04058536101321608,-0.0025204370846498847,-0.005435383830943219,0.015074567496603741,0.011411997823502107,0.0036511851514493543,0.005993038270956541,0.002806861262743654
2021-10-29,-0.01815563436070322,-0.021511245053778105,-0.00039206681630388207,0.01506364554684625,0.0001841807308147203,-0.0027587772561193935,0.00020361927264289648,0.022414069738658116,0.0021726879015047107,0.00248802740315468
2021-11-01,-0.005607209739826868,-0.01610709978002456,0.006715448230064203,-0.030726973176933403,0.0008593518010926449,-0.0005296190633333753,0.0204845302768768,-0.006784715210326087,-0.0024475567784688623,0.017992687496431792
2021-11-02,0.007116142487915145,-0.0016154097805501921,0.008471971105260323,0.013488010163603903,0.01576519440043045,0.003945851416281565,-0.005347548729264351,0.011415834161162097,0.00995520842091624,-0.012341886825197212
2021-11-03,0.00979837914604409,0.021507811127532195,-0.017236261869090885,0.00801408940556625,-0.003200956699802804,0.00035184487409045673,0.004653985516901216,0.0026115324392299577,0.006871877290933082,-0.01373023526703998
2021-11-04,-0.003498494833618082,0.02748232410840923,0.0001963919599135,0.011388300438366583,-0.002786711534975117,-0.013135526725488234,0.012220494546271166,0.007305315747723418,0.0018615793421443705,0.007508099980769067
2021-11-05,0.003582088318216714,0.01207642928374364,0.01124825617271874,0.003942143460923697,-0.0071083586446459845,-0.0014262148808936725,0.0049317422512897835,-0.001129549790774509,0.004954407104315495,0.009470640509382733
2021-11-08,-0.005552294507640165,-0.008527948857282919,0.04065468277825013,0.0012026428396583189,-0.0034263683179530657,0.006010215399584684,-0.0063207461477444715,0.0027674095380618713,-0.007463985536347972,0.010765906436920769
2021-11-09,0.0024592343691360874,0.025007238016599764,-0.020723463437702594,-0.0007548237228190979,-0.0022103217402763553,-0.007571367147749086,-0.0017780771097534176,-0.003086354060019225,0.0030357657590247555,0.009738387417969507
2021-11-10,-0.019163233961529746,-0.026334994227121156,-0.014965952925199866,-0.02031325154183672,0.01083010856247446,-0.0009535655016164046,0.0018999051844290626,-0.015329528188000596,0.009835710670905495,-0.019700764707936358
2021-11-11,-0.0003377601290123211,-0.0027425987825921982,0.008999929214576152,-0.0008705341524215537,-0.007365774753952059,-5.9654728542191116e-05,-0.011733055517195057,0.004927543984159177,-0.0028607263970253927,0.0018694972804540466
2021-11-12,0.014336740837808115,0.015162029225161966,0.003548691004391591,0.019973811649544482,0.011958658561432411,-0.0044746749053076185,0.002038792371920062,0.01290494346524751,0.001093075235307328,-0.007619376325604943
2021-11-15,6.647432735507053e-05,0.0058238044631160335,-0.007454489644019957,-0.0015201599306274849,-0.009029574270438046,-0.0017979963036559576,0.009055451012452309,-0.0019303772939358588,0.005731372005151503,0.008618113740471722
2021-11-16,0.006666931853906988,-0.001404486161877938,-0.010976947539671267,-0.0038799742170457785,-0.0051982331962935335,-0.007204227397208385,-0.0018976606066544166,0.010235903983632832,-0.0014245059889216316,0.010097738203913353
2021-11-17,0.016489987370789327,0.0023441312596286235,-0.011926125712647062,0.0011563101086060623,0.003749789024608985,-0.005382549233614253,0.0009111729881998709,0.0006787492660378369,-0.0006117336425999209,-0.010919677113033543
2021-11-18,0.028536179870164213,0.04143700734081479,-0.007685491664643496,0.012100856427892603,-0.0053896765548964165,-0.008633726777505957,0.0031262823643218862,0.0063399037356204335,0.00013588386779850303,-0.010884686578281233
2021-11-19,0.016976213071950408,-0.005273114275827329,-0.004865504753784444,-0.006086694925271252,0.003017259849157128,-0.013063531699013753,-0.006036068354115964,0.005391755789136754,-0.002039012977382071,-0.04621927186980335
2021-11-22,0.0029271404411244095,-0.02828730052206352,0.00967862167203326,-0.017622749346691946,-0.013161822604849105,0.02131497685077921,0.0060727237296438474,-0.009559718503261871,0.006674913371115698,0.013845235320515181
2021-11-23,0.002421876534413947,0.0020909577736383245,0.014576658730376613,-0.003554275391978612,0.006199089515441347,0.023912522490787236,0.008560648835558071,-0.00632675076409106,0.011095866303621582,0.02633734954055922
2021-11-24,0.003283813760282861,0.00010331533981333685,0.008474114269095168,0.00231863039453839,-0.0028002041675416756,-0.007844244309531345,0.005711032527294213,0.0006811814130969207,-0.005219424417393204,0.005544208798409445
2021-11-26,-0.03167849977902504,-0.021184701669844985,-0.04027602203445191,-0.0269434660577077,-0.006490597808189391,-0.030126874574168072,-0.02761465631618154,-0.024355749633273027,-0.008004956221743242,-0.035129272800883515
2021-11-29,0.02187371995307963,0.016267432688752415,-0.014139921652026932,0.023543426530636236,0.0034549710440625603,-0.004322773055461249,0.0011599972318248053,0.02108124252828336,0.010511041546374722,0.005550993040888796
2021-11-30,0.031577663012409385,-0.015302274022490625,-0.013117729594875893,-0.024963648710263464,-0.023912631668475126,-0.014885822487102907,-0.017354942806612983,-0.017942569498728078,-0.029794861288288788,-0.02841368389903387
2021-12-01,-0.00320634645675677,-0.0180634873037836,-0.009723316414827377,-0.0059621921026551394,0.013788666273019112,-0.005918199035575666,-0.0017169929871678757,-0.0015429887366497086,0.01258807457969846,-0.0008355336110313916
2021-12-02,-0.0061298172608740265,-0.0018468889124809706,0.027785072479382444,0.01357297242504596,-0.006262833463867801,0.02102738280605121,0.01892043455004444,-0.0017871214693171433,0.005874400850863548,0.02492039945003266
2021-12-03,-0.011724497334675621,-0.013839076006382012,0.005132332660020111,-0.006746417981759012,0.014577531058584947,-0.01811316446370237,0.002130307302725898,-0.019666823972668945,0.017791639290332117,-0.006364247761728836
2021-12-06,0.02150278454225285,0.011086219388703134,0.017593677826988285,0.008123168053946417,0.022336688569074337,0.011813820493270732,0.02590925714035852,0.009845257563608323,0.015145475343402381,0.011332125559211814
2021-12-07,0.03544628895262081,0.027986504263362688,0.015947916012504004,0.028741710474738058,0.0025776026105781558,0.015047496438388874,0.016107107374222274,0.02676350963014884,-0.002629137898864875,0.011204861809274824
2021-12-08,0.022783319656230816,-3.689871657430732e-05,-0.0014671334613980402,0.006226695954109074,0.005998978204675209,-0.011441183360322071,-0.0012696633767577126,0.00014916806315534714,0.0044813720050083106,0.002890639938833095
2021-12-09,-0.0029702909507698383,-0.011279643604146683,-0.00029382562085356057,-0.00369810399157644,0.009492482968981975,-0.0015555975040416614,0.010632350227119725,-0.0055825165701095525,0.005838435140031795,0.00256202046166365
2021-12-10,0.02801324990325682,-0.011247564604614624,-0.0032822318371253933,0.0024587949821921473,-0.00247111994253868,-0.0039884750161574,0.010025107705753822,0.028339609456888848,0.013958084051053588,0.006388753445496054
2021-12-13,-0.020674118948869502,-0.015356076499860039,-0.010862161608211629,-0.01469580925531,0.017886063062314994,-0.011888419713347309,-0.00709506211973665,-0.00916680554928917,0.014215684625683345,-0.021901281013846807
2021-12-14,-0.008023291551192413,-0.0028071293797337082,0.0019378490023091999,-0.01316290252896668,0.010923035449988294,0.007662126771145861,-0.0021666284683120596,-0.03258676245017389,0.003678596473960738,-0.0014603646795081637
2021-12-15,0.028509182496140095,0.024977573145925636,0.004513011039684933,0.01760850137788439,0.004991833907357357,-0.0074780835725416495,0.007618678546225333,0.019217753237908308,0.0038546318897427767,-0.004387287041991539
2021-12-16,-0.039263818393175276,-0.025641174633125208,0.01787217915757755,-0.013629968629487288,0.010926564182325071,0.015638758720003754,0.0038938167666433543,-0.02913499784926621,0.014163404160795201,0.0016321373535836958
2021-12-17,-0.006502052901451227,0.00678920370502567,-0.023281899538946327,-0.0188306801262198,-0.027628749566433797,-0.022754029681888555,-0.014498217341969322,-0.0033857220517997666,-0.0226552498039001,-0.021834773542490415
2021-12-20,-0.008121884154779546,-0.017283556389377508,-0.029348601814530695,-0.0008325705504554914,-0.0028529528526010095,-0.017989254731029858,0.00011462865459499483,-0.012013648898442031,0.0025401542989476056,-0.014492679314870194
2021-12-21,0.01908727478304284,0.019978649621920752,0.014580748094309426,0.0131738271845665,-0.003219151198657788,0.013966195368859013,0.010163086891019635,0.023069239860013635,-0.0006334295659019551,0.022650364358170583
2021-12-22,0.015318613655557867,0.0036381058820253998,0.01936349211756605,0.020509094197835864,0.004305892472624029,0.003907738288158713,0.00208020703027878,0.018057472994546186,0.009888427344121764,0.008099135352854114
2021-12-23,0.003643705233116412,0.0001841364158221559,0.02003484405553202,0.0034251073948992072,0.001905740667055289,0.0035739003177726048,0.0038120969449071396,0.00447163860375821,0.004895960702723912,0.0004918242331792833
2021-12-27,0.022974785154071586,-0.008178022851368039,0.0008731235078758282,0.006738511755194354,0.008439867448381433,0.005723159856729776,0.008610726214355102,0.023185664744242107,0.01168018209372379,0.014257620771153334
2021-12-28,-0.0057672878032808406,0.005843719029521299,0.0011627508747114046,-0.008244989091014898,0.0040076746104305006,0.0030350179542160127,-0.0013420690104863908,-0.0035042615626217355,0.005371248387224803,-0.003231503152323012
2021-12-29,0.0005019756220756566,-0.0085549217086347,0.003436230650518679,-0.00021810698855251331,0.007044071190567491,-0.000504359165261592,0.002277198922355117,0.0020514642469320332,0.008290402973415878,-0.008753451886841401
2021-12-30,-0.006577905186453292,-0.0032890070546229833,-0.006029161295048713,-0.0030992415643056326,0.004430362911153285,-0.0005047205588224468,-0.00476732279764569,-0.0076915378786796,-0.00864848194141532,-0.005887239535040778
2021-12-31,-0.0035354088153023433,-0.011429400216389607,0.0032026793615698157,-0.009223470652220511,-0.007196220769460027,-0.0008200236339622746,0.0032182619658231992,-0.00884090981972685,0.004976339072531477,0.006580099906533743
2022-01-03,0.025004026978474814,0.022118320898886212,0.0012576458155171277,0.0009629761002980519,0.002747425485723376,0.021155628182901953,0.0019025689577545357,-0.004668262985848326,-0.004157075029460611,0.03840498052139463
2022-01-04,-0.012691640753931921,-0.016915587005979504,0.05352637905626856,-0.00408295873164255,-0.002681493603838181,0.03790966198840895,-0.00026049087463231313,-0.01714712071472735,0.003499296392289075,0.037614105677152176
2022-01-05,-0.026599750581824066,-0.018893091563845,0.007658042568984502,-0.04587624036455007,0.0066633475274167075,-0.018282096317961294,-0.004916302663895644,-0.03838763147544011,0.004526494443804596,0.012437592122500396
2022-01-06,-0.016693324674045384,-0.006710981961323137,0.010193387504084939,-0.0001996314907574126,-0.0034257686214097527,0.010623973548381738,0.009356866268382058,-0.007902148026082911,-0.0084035685145738,0.02352064061998349
2022-01-07,0.0009881720067808075,-0.004287778294336242,0.009910230372871753,-0.0053031773415316286,0.013517484689926196,0.009908212619390788,-0.009751886830941192,0.0005097568752114867,-0.0005529759908142751,0.008196497637769307
2022-01-10,0.00011609285908575906,-0.006570176170610398,-0.011374304241724253,0.01206053539145402,-0.004944101241055043,0.0009570432121739358,-0.009923058447379063,0.0007323582215947866,-0.01364112586759958,-0.005952105850849598
2022-01-11,0.016784192141326315,0.024002125643924677,-0.007624922120320732,0.0076909482738549695,-0.010630124321729162,0.001016037197171027,-0.008660687216436647,0.0022591951480546157,-0.01158762103999511,0.042061791664009585
2022-01-12,0.0025701412127268064,-0.0009373300985386912,0.011138897343998089,0.01212644118250239,-0.008525627270627223,0.005672003117338509,-0.0045780546062065275,0.010445113936274453,0.002206037526027327,-0.002943189098435939
2022-01-13,-0.019028368862937017,-0.024169655027437842,0.02068346772673646,-0.02010526473696539,-0.00606632052400724,-0.0012467239116145112,0.0018778650708253242,-0.042322503310130766,-0.004527857147024639,-0.007168897195577784
2022-01-14,0.005110930905081634,0.005731487003565627,0.008546397694023655,0.0064471805330359455,-0.005451739046812731,-0.06146335288755289,-0.014153987234340915,0.017716629337075185,0.009602547806538464,0.017556204519520113
2022-01-18,-0.018894039041805755,-0.019862738846190164,0.00406194547623473,-0.024967690628050154,-0.004408603051760718,-0.04192827088229578,-0.0047726694662313385,-0.024339492514941607,-0.01927300749837746,0.016835993448604203
2022-01-19,-0.02102488106654221,-0.016477101806013472,-0.03103678824538081,-0.006481740127405544,-0.003112171429991095,-0.015468929776498164,-0.004912649093475663,0.0022473502578486126,0.03362471879131079,0.0004106397635148529
2022-01-20,-0.010347027716595014,-0.02963230963415675,-0.022692440300763228,-0.01338838198163761,-0.007984015080299445,-0.008527132221397116,-0.008189078276293005,-0.00570388185469739,0.005399617285022806,0.002188518209164325
2022-01-21,-0.012765287705487904,-0.05950180896147472,-0.011724977301380335,-0.022174220166821912,-0.0022994767989539255,-0.017472709445125356,0.005767794497854473,-0.018468167271706637,0.0038269977066804906,-0.015013003476255227
2022-01-24,-0.004864263919171274,0.01332698348311534,0.001121042226968072,0.003471423648140348,-0.011524299108597758,-0.0008961158250315737,-0.003849242069222103,0.0011488566888913088,-0.008117035023329167,0.00859069848203764
2022-01-25,-0.011384768128933964,-0.031533745543573244,-9.349365803901222e-05,-0.029578682023350233,0.028594205177793652,0.010900182045499696,-0.011553315154506971,-0.026588664283686225,-0.01091131528243583,0.02939976331443872
2022-01-26,-0.0005632695412945976,-0.007954330670553511,-9.312075747169857e-05,0.01810383157173634,0.004474198522436801,0.009486096115089104,-0.0033110089095136352,0.02849337778753469,-0.008712573921483724,-0.010142742713959985
2022-01-27,-0.0029430030826071985,0.005508645722495764,-0.009893246192685723,-0.0017642366042335267,0.013125010315761187,-0.017644618837145076,-0.004442751661673294,0.010549231643336654,0.006196748597952828,0.012808517938908581
2022-01-28,0.06977747211001839,0.031084056738273746,-0.05189227880059022,0.03368842503079472,0.007034261503609196,0.008946395940945928,0.029549090943803202,0.02808169349979628,0.00860924122027562,0.0021294325033112127
2022-01-31,0.02612574873849738,0.03886361030218932,0.0019885536593973185,0.01464175719071581,0.0029106690144817815,0.01357357132367465,0.013120435859129254,0.00882365068660862,-0.00031160935622509545,0.009033485927947948
2022-02-01,-0.0009724545778588833,0.010830762802234384,0.018803207379680664,0.017298178917190432,-0.008183912450029807,0.01716004298598639,-0.0017729463430604664,-0.007138845204464395,-0.004425060992416574,0.06411253826538577
2022-02-02,0.007044355241283551,-0.0038427158906232384,-0.0019964911844674305,0.0752377697283253,0.0110603510459244,-0.008004984445898367,0.012702996958189106,0.015222070244865105,0.01790432158249544,-0.002598056223111711
2022-02-03,-0.016720272219282295,-0.0781276325178123,-0.021225831329163225,-0.03317591176857693,-5.788913188642386e-05,-0.008270253446875264,-0.006252701189227716,-0.03895221062845988,0.009470847798126902,-0.011659640296535434
2022-02-04,-0.0016789877129527175,0.13535901735711864,-0.010867982098969109,0.0014187906982341403,-0.00654075829421541,0.02595812783436746,-0.0022254234354384117,0.015568254154382233,-0.015901080838475412,0.021711860298899044
2022-02-07,-0.004234493290444119,0.0018777353189827206,0.007106531187174081,-0.028556846161661875,-0.0033210975354749372,0.0033432340176573483,-0.0008073964899953934,-0.016310211753372994,-0.007490764298925923,0.012037883903337931
2022-02-08,0.018466658019725468,0.022021627828944013,0.00840737746963649,0.0014224235760715853,0.002630550205198867,0.018815022609812715,0.0008850120731143107,0.01199547509035992,-0.0022454575974053537,-0.025852607157674456
2022-02-09,0.008293654756062807,-0.0013877341505965646,0.010422090568381837,0.015731855587602928,-0.00011662883064689211,0.004167949953488348,-0.0008459105493795471,0.02183484845707584,-0.002250406139782557,-0.004787397288671835
2022-02-10,-0.02359914186864409,-0.013561706274733853,-0.0026033734829020716,-0.02098995340500276,-0.0120705912811081,-0.004150650250967947,-0.011506131367613248,-0.028373438290343334,-0.01522576421320987,-0.009620082752595072
2022-02-11,-0.020218195716249387,-0.03591110674363196,-0.009011337072080683,-0.031290502251767105,-0.010093056694715274,-0.013017092570252742,-0.006657146878278897,-0.024274067489667983,-0.005599284285635497,0.025178756856547357
2022-02-14,0.001423233282290992,0.012221683270054351,-0.006708598216654593,0.009260340559062108,-0.012581290716962235,-0.009290599334612626,-0.006936829385597254,-0.0001353364264726764,0.0028793855936684043,-0.015334473276522709
2022-02-15,0.023152575974097145,0.008658352201907249,0.017609784037157628,0.007987315584726318,0.010325981616754687,0.0146237343188107,0.001657497319608403,0.01854242398323569,0.0005105780642817859,-0.012535073085377602
2022-02-16,-0.001388960425478425,0.010159039538768955,0.0011306056617295113,0.008268287349573189,-0.0005977828102272653,0.0018100319083047545,-0.002836740940553084,-0.001167464132913354,0.0075883250480737185,0.004616111737739903
2022-02-17,-0.021269245824369953,-0.021808901106176726,-0.04370460022168876,-0.03774573043337137,-0.006100108383445102,-0.02303248790628365,-0.008534432796577729,-0.02928188076959415,0.011454811616543603,-0.0015313746982487109
2022-02-18,-0.009355796187017207,-0.013261957754408193,-0.01432686297728103,-0.016115995730395016,-0.010718850913747024,0.00468853082762144,-0.0013150341846248637,-0.009631393814164668,0.000500528399685285,-0.011121301344573453
2022-02-22,-0.01781219350373464,-0.015753494788264932,-0.003855007210029293,-0.004520512430849166,-0.013589596623642008,-0.0017743971019656968,0.008379752207287483,-0.0007291280535789424,-0.012320185052495103,-0.011633697123174191
2022-02-23,-0.025864092503672165,-0.03575624663287669,-0.02374354666603018,-0.01714386889097852,0.0004965438684978452,-0.020938918420450925,-0.01942999429934744,-0.02589319636290166,-0.0124738653823252,0.004054398696113015
2022-02-24,0.016680082104227445,0.04509522427819257,-0.010606864680869577,0.03999588861322989,-0.019104279344193786,-0.027843417979735108,-0.011138514224586782,0.05109355927932091,-0.026930157410916533,-0.012635346750069276
2022-02-25,0.012965531246133866,0.01605793012842116,0.012832168832449087,0.013327810493203085,0.04970277608398699,0.02365961243796577,0.0180385522616775,0.009233173695380792,0.042699249418662655,0.026912720404366652
2022-02-28,0.0016378302642303666,-0.0014662630028149382,0.0027799608112097918,0.004443933726319571,-0.008614607300805988,-0.04169744529071118,-0.013302703556019257,0.004978016987210454,-0.014850994390335881,0.0074513886475684465
2022-03-01,-0.011627926699048663,-0.015765550251120253,-0.02532265278638568,-0.007370979681654122,-0.0034634389572767432,-0.037729372880830336,-0.02099929236707565,-0.012851955851035601,-0.016549953033291653,0.009564018209698988
2022-03-02,0.020588103784636047,0.0060241839623909055,0.05349221330605314,0.003804371322879696,0.012438770173310187,0.020739992532736062,0.005466608588229782,0.01776597012746528,0.003130803090553247,0.017178198667051392
2022-03-03,-0.0019811271668228603,-0.027319556126581324,0.011629854392843697,-0.004993749102465306,0.01469540036894279,-0.007107613005767011,-0.01780515699550278,-0.014224477382960399,0.0037065320317852812,0.006332939873684662
2022-03-04,-0.01840822875062631,-0.0152637929917393,0.004157028330454171,-0.014884552746952995,0.005935482461057129,-0.02812937671311022,-0.0035496677684953015,-0.020478595089774565,0.0050532058271641755,0.03763584479014659
2022-03-07,-0.023717717482337197,-0.05622045424233624,0.005315458353464475,-0.04190833907939073,0.016108037584482204,-0.03861597675862605,-0.04868308454992443,-0.03777687023447007,-0.014825584287553983,0.036032663784365315
2022-03-08,-0.011676034008412217,-0.010465446730283379,0.06761548907958859,0.0057447290714822685,-0.020265927067527056,-0.007042866880741183,-0.006864924439131004,-0.010971143519313165,-0.0395835473862709,0.007575945900049064
2022-03-09,0.0349975056488554,0.024001199930983708,-0.0010475324876839665,0.04968736445343391,0.003793179813191161,0.04006223813578158,-0.001436290660505657,0.04585812285959645,0.013488288312176966,-0.05684691615202486
2022-03-10,-0.027186291147359043,0.05412515560997311,0.009581389763527737,-0.007423738586686102,0.0017714126804764252,-0.011840389319838551,-0.0021124997692186787,-0.010086707169869924,-0.02574456934895797,0.031042478246312344
2022-03-11,-0.023908753167979246,-0.008806846762653975,0.01435405220350483,-0.019323489226669155,-0.0018270555530381927,-0.02252385570458504,0.021936673462819023,-0.019328337063398093,-0.011866852521037696,-0.005154767329351606
2022-03-14,-0.026562422068947766,-0.025229488143872714,0.0028393230519010437,-0.0301801697286066,0.013817429875103926,0.009930842764880321,-0.003041326505930475,-0.012960947572270842,0.012777596074458497,-0.03579827822163606
2022-03-15,0.02967760142959075,0.038867730338306705,0.004734574611500397,0.025779912541158412,0.0259188003809272,0.017746064190182764,0.028251744817343383,0.03874249205526725,0.03598763761367074,-0.05691247335779659
2022-03-16,0.02901524785540044,0.038933563723705156,-0.0017557256811815414,0.031598744589388605,-0.00919723322357513,0.04468581786468784,0.023949946499440378,0.025213377904279133,-0.0033938786032466917,-0.0037555507373293606
2022-03-17,0.00645409931337948,0.027007748989816838,0.02600883668930898,0.004190597737799395,0.013064197165014058,0.012644582858952758,-0.00281353095271597,0.0028192616868014664,0.0031383607750385956,0.026647764800425744
2022-03-18,0.02091880587570949,0.025512151358369817,-0.0035631133543151394,0.017083801524048425,-0.01108585946721008,-0.0003568949085136497,0.006106017414092557,0.017647691616005767,-0.000532926528282962,-0.003925146142673697
2022-03-21,0.008537652346758406,0.0014945523217748669,0.012674805238810816,-0.0001764130350936366,0.005662246848731289,-0.003211757951367633,-0.015067825748032004,-0.00422700594464942,0.0037967238158578276,0.04487101104495084
2022-03-22,0.020800669703778585,0.02103830044237709,-0.0044700485832245285,0.027674058155860326,-0.004720247535248467,0.02126736312697175,0.01189862916315998,0.01637914772122917,0.007696300466063732,-0.004379795443776868
2022-03-23,0.008233711397623189,-0.008981816492546923,-0.002424790936792043,-0.011385690015705108,-0.003771314457669761,-0.01991267234920102,-0.008399123159252508,-0.015029834211593651,-0.006978930099903025,0.015762571995019847
2022-03-24,0.022677867188854783,0.0014779010051912955,0.00018009436031496406,0.023840276893707157,0.005162240806341201,0.0065098098816605,0.017533447733193874,0.015392752978605095,0.0017236778156379806,0.003007274773763946
2022-03-25,0.003734102177963994,0.006868294014676479,0.005175271445571283,0.0007133637386211866,0.009586959890285796,0.008742815331069798,0.005494079191842971,-0.0013812330535021289,0.011583017156924225,0.021827941308702137
2022-03-28,0.005036657110859766,0.025592678900108856,-0.006760327003877187,-0.001534988125409975,0.005143323795563592,-0.007398706558848223,0.0056297431499812145,0.02311678975555509,0.006870671387556815,-0.028051655905104833
2022-03-29,0.019134450366120825,0.00192027764251268,-0.003651249118137745,0.007422635369762398,-0.0005058246518633291,0.0022005060446346203,0.021527918097932197,0.015159122105892209,0.010267790070657146,-0.00531318453713836
2022-03-30,-0.00664954903863102,-0.01780118433038691,0.009229103104496872,-0.003978874132139709,0.010408458959996203,-0.00453317276270615,0.003465300326810139,-0.004914284425562299,-0.006882967854409783,0.0171178862239314
2022-03-31,-0.01777585226029499,-0.019864567358571672,-0.001165471509633198,-0.020226868121179464,-0.013141195910332915,-0.03002712318666545,-0.007027195769138905,-0.017683063495907647,-0.010298640022263994,-0.0142040136997863
2022-04-01,-0.0017180813875674605,0.003450973226124532,-0.013688208461546614,0.0077874471993679695,0.005416517468862736,-0.007408762716605621,0.007966611339894625,0.0036004603787036515,0.014987298397191262,0.006417300056088315
2022-04-04,0.023693486841747102,0.029264484561530857,0.004732248504304204,0.020128400262175772,-0.009652475303216446,0.0044342498221574544,-0.00970904812593043,0.01793659890534549,-0.006512758695929488,0.00048123432051427883
2022-04-05,-0.018942130669913126,-0.025492089193307588,-0.021692795616502947,-0.016650113833881264,0.006460063258951765,-0.011637350786508516,0.0068064026130980615,-0.012985595798785443,0.0035047564707657575,-0.005170963618446711
2022-04-06,-0.018450719084324607,-0.032300120131985244,0.000879613103509147,-0.028757163456165413,0.026012124883536325,-0.013874288291420345,0.01187059479844188,-0.03660551354127095,0.014293089664140224,0.011120674637580263
2022-04-07,0.0018041009340323821,-0.0061194323502751224,-0.0014337894333705803,-0.004829929575442926,-0.002579275492420985,-0.003042048992136115,0.011532749461274694,0.0062438068210539655,0.012944016169937456,0.016736484767370996
2022-04-08,-0.011908997137654032,-0.021066740550443774,0.005233788065299283,-0.019140596494661932,0.001980676215239008,0.018307987748494625,-0.011401261568067644,-0.014600223375187849,0.007805600633834731,0.021046315946207317
2022-04-11,-0.02551579575178864,-0.021613947156313595,-0.004515453457153207,-0.033491644678979804,-0.012519298455795913,-0.0036707689272162947,-0.004016583733450929,-0.03943137590319412,-0.0038103779222966594,-0.03443118495401665
2022-04-12,0.011523277241562546,-0.002213363562407644,0.003008485997498367,-0.008608571276836341,0.0003335422672172683,-0.01097743693454345,-0.0051107265434297,-0.011218143577143569,-0.0030092795675102924,0.020870681871106633
2022-04-13,0.016342579926939438,0.03152445706895657,0.00724505798318531,0.017065397363698942,0.004224691787097612,-0.03223347864417536,0.008668658334053614,0.019712400329635393,0.0028301304489348755,0.014135508190515012
2022-04-14,-0.02998835170668912,-0.024652684274885983,0.04370723010925359,-0.024358389545805714,-0.004206918851576313,-0.009269479154624616,-0.0032625408504056708,-0.02708450562733955,-0.005581579545978266,0.011749706690659112
2022-04-18,-0.0013309308364033434,0.007109164667870926,0.00926216205387198,0.007468736407183041,-0.012451314233801192,0.01855395983798558,0.002195533299519159,0.0024659847303309945,-0.00952247639192727,0.00819769616435706
2022-04-19,0.014115319900467993,0.03488883060861969,0.009742561369378455,0.018268899629846347,0.03050785531603939,0.020706541008056023,0.017286679500365443,0.017039682512967724,0.014962355632319735,-0.008921533623711286
2022-04-20,-0.0010156142677121283,-0.026041044919075107,0.01257757540771065,-0.015145315777666979,0.004424203647067859,0.003508311666381436,0.0017620583769164533,0.0037153218607035576,0.026598022037792823,0.0022788549829015903
2022-04-21,-0.004843377128136095,-0.037026427673936824,-0.010677206048742116,-0.025191207932228732,-0.00288200332555244,-0.0077519261617705615,-0.0023454086412768582,-0.019381222292774725,-0.0007801753846566895,-0.010572967925222887
2022-04-22,-0.027821277854514492,-0.026608937569704394,-0.06549737908356335,-0.04149367447999186,-0.009926102253894786,-0.028722406810141488,-0.019901862698594064,-0.02414427202343228,-0.008363731091240223,-0.02183141431087432
2022-04-25,0.006737065013086019,0.011943186356370372,0.0018495696405043116,0.028741513995257595,0.02462292198292282,-0.0003155109120619448,0.01083265738208894,0.024413487529826083,0.008062108895220632,-0.03371308263892103
2022-04-26,-0.03732817500119401,-0.0457507730510871,-0.029534123442217508,-0.03594584682232704,-0.007150244576009879,-0.02958111265460872,-0.017004247987795207,-0.03740383424086868,-0.01697955765210135,0.00036467266108597407
2022-04-27,-0.001466798574679018,-0.008781047317448887,0.017403839142044575,-0.03670874184567996,-0.013969855813853904,-0.013006053106413229,-0.005792845128842372,0.048108697176528104,-0.0026907637818246455,0.028557443702446728
2022-04-28,0.045155554813559595,0.04653418536434306,-0.00710414932325798,0.0369920424888428,0.007467957892624222,0.015812886183827812,0.028526543299839835,0.022632570190428858,0.02541414415094434,0.03024579622635315
2022-04-29,-0.03660486210114222,-0.140494377749234,-0.008943743364553058,-0.03723349437165768,-0.016352134407234376,-0.03226844552538932,-0.019788590590855137,-0.0418117948146719,-0.017502270138172626,-0.02236247190988827
2022-05-02,0.001966373085835915,0.0017580913238786078,0.007266949029675285,0.0216765933063372,-0.010085333000842578,0.009131907328482347,-0.010113797237653266,0.02504305233330939,-0.013515975205990682,0.01360710718865521
2022-05-03,0.00962276075019175,-0.0019799044812061073,0.007308867574226552,0.006441835202349866,-0.0019593532016112247,0.02141989899515795,-0.00312204354490897,-0.00945620069075126,-0.013701054401291879,0.020599520480244493
2022-05-04,0.041008384701741285,0.01348046853293483,0.04199047471999462,0.04199124298269519,0.010713177694248843,0.03308123681638109,0.03436772393982657,0.02910107991939692,0.007361849834454759,0.039800208982705865
2022-05-05,-0.055716271464227085,-0.07561036490424522,-0.02992042318485577,-0.04707566045064826,-0.019089989896428183,-0.025019670327935284,-0.02123312101411068,-0.04355496682531124,-0.018429315996759565,-0.015157989265639937
2022-05-06,0.004727365623103719,-0.014041240035030156,-0.0059277988312078644,-0.006514608119296161,-0.0022064285568944575,-0.0016140081875828383,0.007472279488491607,-0.009446792439297691,0.009970398909928013,0.015280728551699152
2022-05-09,-0.03318933081403008,-0.05213354825727934,-0.038947184160405546,-0.027953380394273752,0.005443122180836424,-0.015033866175031108,-0.013119165928481946,-0.036945048370682354,-0.0025001037387443192,-0.07885264710081241
2022-05-10,0.016112071752339086,0.0006434445934944133,-0.015996807314954675,0.016745041762853408,-0.0013534377800237252,-0.024372300007115433,-0.0073133462303192065,0.01859552429766409,-0.005269413055703165,0.006630493659597558
2022-05-11,-0.051841301379367155,-0.03203225709010704,0.01093644975046848,-0.0069277104385702115,-0.005420895715472995,-0.00630824994890522,-0.0050878493137268554,-0.03320984727359366,-0.014083810246880546,0.020818655348416426
2022-05-12,-0.026894330611647144,0.014790404884573283,-0.010623296377735847,-0.006676751173753437,0.009878889820125192,-0.0008464159532456383,-0.0009819682224361248,-0.019957562289993458,-0.004062436900220678,0.004539600217745354
2022-05-13,0.031916520206203725,0.05727556035084924,0.006403143108945519,0.028415289527978338,-0.005734552482765443,0.008895285891619586,0.003480921802790027,0.022596435807783477,0.010724189601845513,0.029663612010098594
2022-05-16,-0.010672486179396534,-0.01985316173972196,0.013996810153457773,-0.013834493074506793,0.006955196141639641,-0.006969652948972893,-0.004080896693832381,0.0014554382698961366,0.009764484445017318,0.023520442286356635
2022-05-17,0.025422891106087198,0.04113327357999652,0.02847632180064208,0.017720258099703567,0.004155396832644209,0.03314748139000012,-0.00987544152377584,0.02034411541078507,-0.002836625880086485,0.012754119210854897
2022-05-18,-0.05641918838917692,-0.07156196640827217,-0.024168243034694337,-0.039266585334544635,-0.018566139865511366,-0.017105898083602078,-0.04378587111164667,-0.045529881008216866,-0.062322273961385344,-0.01585050921259845
2022-05-19,-0.02464139629687856,0.0019278532990965047,-0.005674785313624642,-0.013543334045710176,-0.008888981699298193,-0.014822382004315626,-0.008872691512160524,-0.003699548784570794,-0.0230281668431207,0.005405163093236354
2022-05-20,0.0017471613435520172,0.0025345295167615856,-0.04323838701892513,-0.013371538258942328,0.01747740478217863,-0.008198770301068192,0.0214410561209486,-0.002291187190985866,0.0006352073972757388,0.007900167993815321
2022-05-23,0.0401194796067601,-0.0003160506951839226,0.031998751069133746,0.023689731221813615,0.02041510776919675,0.06187164681746493,0.01748547498019759,0.0320319791994208,0.02299191263023781,0.022098859803091564
2022-05-24,-0.019216136400078465,-0.03214110432537598,0.007347518535861575,-0.04949407627412439,0.010922768245271275,0.014125085041351904,0.027394822494881454,-0.003951638227252197,0.017786920647773652,0.0054319255606676276
2022-05-25,0.001140091070031879,0.025696475417555487,0.01779720228236603,-0.001557066204365909,-0.009812620369067493,0.006964239157335239,-0.0020857615930295337,0.011170000390677837,-0.016392190242979665,0.020127019617295794
2022-05-26,0.02319919828990913,0.04029499229486544,0.017581590562816052,0.018784624554528673,-0.0008906957185974562,0.01729018491054668,0.016720696103685873,0.012875191491514837,0.008745729965131899,0.0035305684142732385
2022-05-27,0.04075695108160948,0.036632083603781895,0.01948457301553619,0.04196944809707226,0.009082795200753724,0.014137800190614946,0.015236460904902938,0.02760453055079637,0.015292268749752314,0.00983016215139454
2022-05-31,-0.005346211668161738,0.04397010379074828,-0.00594087510104635,0.012869759541873194,-0.008614582922199854,0.007313141188130201,0.0013500182418837436,-0.005014012665067957,-0.005648156468338383,-0.016292400235194737
2022-06-01,-0.0008733649979901781,0.012266042992872705,0.007968431282264099,0.0011428325855336041,-0.010137379870091001,-0.017545183141812082,-0.011617396028591243,0.0020231502630292386,-0.015147380143598954,0.019166402256522996
2022-06-02,0.016811222944016935,0.03145034300738625,0.011168597400875502,0.03275469276475218,-0.0031514166793107368,0.01608785898969156,0.00441266624462755,0.007928946788128721,0.010779947279604851,-0.00173736702133509
2022-06-03,-0.03855555900325647,-0.025185068024527135,0.013181898807623993,-0.026198251232256276,-0.00412061619843207,-0.013939123206846538,-0.0025701907682074143,-0.01660733704959705,-0.008966797044999586,0.014538573886258899
2022-06-06,0.005227687830156924,0.01994280728922404,0.003275185874814124,0.01990130151720071,-0.00011347644101400434,-0.003303820641256894,-0.0011675864420142013,-0.0047031755680484455,-0.003906942851526263,-0.0025228695601630102
2022-06-07,0.01758579078225564,-0.014344105316090427,0.01551666589621803,0.002816200198551444,0.010997806353231887,0.002620931590875397,0.0035070538727552947,0.013953261749323431,0.01114764653077871,0.04583172335363095
2022-06-08,-0.005043345988537173,-0.014796745486375773,0.01188904646261646,0.000379858858385429,-0.005943614299471434,-0.015914492884242626,-0.013376860638508736,-0.007669529089415872,-0.012454004419935716,0.011802213540734074
2022-06-09,-0.03595572489490784,-0.04150848957443054,-0.026675418225818537,-0.020124743697550684,-0.020137601513933845,-0.021015670298446643,-0.014046650562744012,-0.020783408575623774,-0.01805527243411198,-0.021608200158194313
2022-06-10,-0.0386287293924924,-0.05596211721574329,-0.03795767113585291,-0.03199357112280099,-0.006678071089301074,-0.04596601844702197,-0.019738925425634712,-0.04456347719251641,-0.003789761940612868,-0.018274086819391133
2022-06-13,-0.03828508921748397,-0.05453719355874542,-0.038572384768450485,-0.04290162339849157,-0.01008386237489034,-0.02977825322614991,0.0045917548771590155,-0.042412837808358694,-0.02676993867734645,-0.04588887963331467
2022-06-14,0.0066729944114083395,-0.013118555361940287,-0.0009184977274027117,0.003035872542773266,-0.015338574566602703,-0.01663944488470437,0.001216078814334276,0.009205174620800838,-0.031198082146882467,0.002608328633419532
2022-06-15,0.020111555194754605,0.052389802934770247,-0.0033382863232497284,0.028571397700129397,0.010702150107433361,0.011835976986207086,0.0005864526189642838,0.029735114750299996,-0.00993727011372103,-0.012591131048997228
2022-06-16,-0.039651629612056594,-0.037243378610853584,-0.05441757051640117,-0.033990927899625434,0.0005293616364956399,-0.017156177304793907,-0.01552970517137442,-0.026970047741932457,0.0061129087991627085,-0.03688485881050585
2022-06-17,0.011533078282375486,0.02469609751257895,-0.011037377045234442,0.010468325590604177,-0.003645414775844902,-0.0035264690475842464,-0.003444014063784029,0.01093999452516381,-0.007200845550610291,-0.0576650679444386
2022-06-21,0.032760597108130174,0.023159471438541024,0.019362447823917606,0.041071088165694825,0.02094884892771587,0.02477212545925367,0.022228922068099788,0.02459148181364812,0.030296349740794204,0.06223879765922713
2022-06-22,-0.0038268284377479533,0.0024843268523027096,-0.043489189797750405,-0.0005064553938842753,0.01577965883834853,-0.005611605113536866,0.014483039331665948,-0.0024040795346139676,0.015619198320882877,-0.03957132949800368
2022-06-23,0.021573607119920624,0.0320330939965241,-0.048767624189256065,0.006767491028080608,0.022305563230771153,-0.010939467447695916,0.0021395226495408703,0.022636568105554478,0.02743682984525364,-0.030161797088679387
2022-06-24,0.024517064460245486,0.03575237064906034,0.038171214972209766,0.05107722804119974,0.01463881029711267,0.029845583191319802,0.01773527903946981,0.03414978069332131,0.014406300949649342,0.019833241776589405
2022-06-27,0.0,-0.027820692849391482,0.01132105146843676,-0.01815216527249819,-0.0009326536365222848,-0.008012376095963503,-0.0035093929144511815,-0.010497018648228607,-0.007620667699244854,0.02451103018649703
2022-06-28,-0.029789516167948338,-0.05140434227234392,-0.0007994579099122046,-0.03303024539518207,-0.028442638196562786,-0.00481186978652437,-0.017001908254497766,-0.03174889944348325,-0.016265181056938638,0.027743577425214383
2022-06-29,0.013024028482488514,0.014152668728781626,-0.021126588078998032,-0.002731873662064066,0.0002824744648253219,-0.004489542089375909,0.020219814196154706,0.01473807701005203,0.009083366463277676,-0.03693986810778893
2022-06-30,-0.01802785072454416,-0.024880638358707907,-0.02572510373011383,-0.02451623567748884,0.0029380148906503756,-0.023330490798796233,-0.0034713405303421485,-0.013179315842555717,0.011181166457298497,-0.02814350728608861
2022-07-01,0.01616429405431208,0.03154127203651247,-0.0026292249969992465,-0.0020695741210676744,0.011323285894959456,0.012787406836765935,0.024627319321587127,0.010707213450526831,0.01613471204763761,0.022302704390521733
2022-07-05,0.01893054175414388,0.035962053023039786,-0.025407905655746355,0.04161863923247733,-0.00768711866549554,-0.0038034900846718456,-0.0026487420044484233,0.012597496287533483,-0.00965022570632501,-0.03129641502902902
2022-07-06,0.009607418232023823,0.007312791463036872,-0.008344938620647224,0.011557130718297781,0.0008980955354593867,-0.006481987512181764,-0.003289764772772985,0.012782866291609185,0.00932952969789591,-0.018040449857032792
2022-07-07,0.023999298195571228,0.01749322109655349,0.04625363323616982,0.036754106090710836,0.0011216596002492363,0.02529258582573113,0.005885655127112921,0.008226561007084632,-0.0003422426857049299,0.031940374328980115
2022-07-08,0.004714585064815369,-0.006791033294013538,-0.006545186393778435,0.004803017271784116,-0.0012325570406334085,-0.0031379927885553105,0.0011860654278437188,-0.0027566661257538705,-0.006712355785481572,0.0016291139962050227
2022-07-11,-0.014757941609800485,-0.03280250030721621,-0.02278047508355141,-0.030807734448804802,0.0003926439444290608,-0.013116418167462895,0.00015790247008307112,-0.011768923869967973,0.007033477729563975,-0.005111430607473766
2022-07-12,0.006833926492071374,-0.022639810105564928,-0.003028177162921253,-0.014315751952270306,-0.014017290634972257,0.0009746698206840598,-0.007106709286202828,-0.040981413214895124,-0.00883311591362601,-0.013311593362962282
2022-07-13,-0.002536540390683073,0.010803884746268588,-0.0035535093458872735,-0.02339049170818608,-0.002331496029319813,-0.00938314070580526,0.004731888788875205,-0.003745078885756814,0.006563200091100896,0.00402369673316616
2022-07-14,0.020482106801768873,0.002083294604712016,-0.022602984068426646,-0.00885462562668804,0.0013678757437081135,-0.03493887003078067,-0.00027698544798826497,0.005381434210399716,-0.002951432982260749,-0.020037755926394674
2022-07-15,0.011450268250392082,0.02639434033114041,0.020242466242518464,0.012775387097906599,0.014515116124592442,0.04583347338890431,0.009540772693190425,0.010390474557908647,-0.0013768952407706703,0.016839275758401717
2022-07-18,-0.020643210546718693,0.0018493974357440823,0.0006344628938736996,-0.024580029808063175,-0.02244276296252301,-0.01027005358247346,-0.010156365513466659,-0.009621325331371944,-0.012131866453554907,0.01845256323054234
2022-07-19,0.026721852135901614,0.03911741266419111,0.0417899145233378,0.043841086188688205,-0.014578460860680154,0.024778579843041992,0.016163482612892688,0.020766805223603413,0.005093604129180251,0.025203340806811747
2022-07-20,0.013510040316009109,0.03857539627705431,0.002674370226839917,0.0007907905189972197,-0.005708006588544201,-0.0001746487563185628,-0.007485374310622905,0.01055764900200118,-0.017286525986718093,0.01098895525482968
2022-07-21,0.015094223931054307,0.01515028639903937,0.005667485705743935,0.003863092123139067,0.003514788532776647,0.006809958657311377,-0.004360256170490295,0.00979918692017745,0.0009456288738458607,-0.01669648376871702
2022-07-22,-0.008111041583389267,-0.017732481209791984,-0.013094523160818938,-0.05632333327910144,0.004728137763478024,-0.004855924635566722,0.0020515873916857608,-0.016916048705263087,0.015983492857785553,-0.007635432456695512
2022-07-25,-0.007398187456172378,-0.010455798059483823,0.01785913089159341,-0.0036141914882446002,0.001975423857570213,0.004008186817992421,-0.014213208611904116,-0.005876559800333969,0.006782404528665298,0.03330259536605129
2022-07-26,-0.008826144427134586,-0.052253606265046715,-0.003190238560056735,-0.02316085938103285,0.007074131758650237,-0.015622164232340863,0.026799458346482563,-0.026774149148412918,0.0019444936902670573,-0.0038895390430744303
2022-07-27,0.03423463271269722,0.0536538959419941,0.02218181467835212,0.07655683245919054,-0.002763864350840528,0.01604642045352822,0.007001453358787213,0.06685191106523636,0.009495866649064544,0.021644332628034446
2022-07-28,0.0035717775077701575,0.010829110898360028,0.013981183469247593,0.010260152540092271,0.005773732241712626,-0.003731424866039279,0.017652105541631213,0.0285405305610702,0.01661632589045592,0.011685354213768706
2022-07-29,0.03279314450914983,0.10361464095050721,0.055419489384629594,0.018385430939937386,0.0018371086020434468,0.0047907226221990395,-0.0003415301189580999,0.01566533895500566,-0.06179933276691252,0.04630831660910184
2022-08-01,-0.0061535934712464435,0.0032604850044939404,-0.017099556914648928,-0.012551512655894381,-0.003495411865534037,-0.009968853081843587,0.003265266858740734,-0.009724554836523125,0.028723659736071605,-0.025276081597153777
2022-08-02,-0.0092873976740383,-0.009084834427092181,-0.05824683364555827,0.002350684297825145,-0.005692602946885228,-0.015585422139653748,-0.01203488138484099,-0.011474233097997777,-0.006647859484364638,-0.004339781816273147
2022-08-03,0.03824771575831831,0.039952299225118226,-0.0034877122632096524,0.025623222459591144,0.009657763616827575,0.010495585857641654,0.003983905498173401,0.02783621066920494,0.02064118568203921,-0.0324226698402561
2022-08-04,-0.001926200801079525,0.021860686341448332,0.00421054716160274,0.0009316499878686546,-0.016037601865386497,-0.011002735819730769,-0.005532355531342792,0.0041777163632967795,-0.0015877082072168758,-0.04207842007762841
2022-08-05,-0.0013890876088419324,-0.012414983387324718,0.009529661947688783,-0.006092006428521701,-0.003958338119114502,0.030259969505605833,-0.005409776860504589,-0.0026090109239255144,0.00048404873765717227,0.01445103114797086
2022-08-08,-0.0029030795537626775,-0.009872154542052702,0.0022653721682848182,-0.0014471031891761799,-0.005318258089089478,-0.012180302849354563,-0.009374077778377399,-0.009154814360801344,0.0038004182521786944,0.005653100089500818
2022-08-09,0.00030319831880198933,-0.011333489631663474,0.0011841154681815347,-0.005711935882354857,-0.00011762346856880601,0.009007376550842716,0.012694771471767563,0.007063386879109679,-0.002340537744023763,0.018437274753422273
2022-08-10,0.026194716239899885,0.0352608325167747,0.025210801197506516,0.02632252786642808,0.002879426837607779,0.02608763301162198,0.004998712294881358,0.024300292338107488,0.009452967682859637,0.00949333705371358
2022-08-11,-0.004431456262333433,-0.014366830308238487,0.01719799475546746,-0.007184589544776965,-0.02068332445978449,0.014781790335273604,-0.007958298326944502,-0.007400641436707045,-0.007108821092743023,0.02892795435333828
2022-08-12,0.021425431476390866,0.020691152408548463,0.014639388410143894,0.023897743474586175,-0.011008533954633082,0.016563950429636654,0.01118488312931798,0.017037074397256102,0.009706848895505438,0.008691885703766333
2022-08-15,0.006333613967864915,-0.0025775713556979163,-0.004521646483169772,0.0032872708986659838,0.004778933959909359,0.0027020693673651675,0.012434207600742875,0.005344146052169263,0.012886040719658043,-0.017872287853491375
2022-08-16,-0.0009240367443233977,0.0111747882760318,0.008012271126146109,-0.0031126594054948775,0.008910961663713968,0.009554057142686867,0.0032021730767133327,-0.002589869399062361,0.009221764649961717,-0.009315479172891217
2022-08-17,0.008784629964095458,-0.01851079360669594,-0.00804975318133705,-0.017666358721872055,5.973478362508722e-05,-0.008412244495168753,0.0019904519663034304,-0.0026360731135883775,-0.004602028717985873,0.008090901658165395
2022-08-18,-0.002291426624617454,0.0014074379989574837,0.007247426194555429,0.0051860350378543085,-0.0048334782649123165,-0.007749306464148953,-0.0008993813476080303,-0.003947673135977325,0.0035514759645325356,0.023644259651095734
2022-08-19,-0.015101934965206176,-0.02860159688639219,-0.008867386038909242,-0.024631855895343113,0.015230487990656627,-0.02474521255527551,-0.000150124879706226,-0.013853852327517124,-0.00026728575137846544,-0.0031786207041100134
2022-08-22,-0.023029422172243352,-0.036243902638259384,-0.01963208368103453,-0.02533896826677262,-0.0035081394256590848,-0.016522013491709564,-0.01346903020215362,-0.02935529478653842,-0.0026715793969550594,-0.0007441700786168237
2022-08-23,-0.0020291206026847863,0.003002506326521548,0.028421144840065304,-0.0033264075511705293,-0.008711829403864835,-0.009856709057333046,-0.00916511188456448,-0.004716481964302077,-0.01928596570858454,0.04244230019399464
2022-08-24,0.0017940736009927072,0.001347163157822573,-0.015465774330682414,-0.0014929844112956392,-0.003310508479519636,0.0024239022127936494,0.0012280162900197844,-0.0023511664696592716,-0.004301988062232143,0.005918385049924257
2022-08-25,0.014922727575809258,0.026008936084948253,0.02430978689019958,0.026035595137712475,0.00936107424502075,0.023747820585128254,0.006516980067990286,0.011095340645466578,-0.0008225552937105585,0.00517362321422854
2022-08-26,-0.037699312492460724,-0.04756700784791723,-0.03499604516237598,-0.054093436321882016,-0.017112746584804217,-0.03272884920798047,-0.021366491268435706,-0.03858717607708351,-0.02340478519219169,-0.012312086079537266
2022-08-29,-0.013690127383099382,-0.007342307563037775,-0.000729347167735539,-0.008337798397927143,-0.007730699674254327,-0.002442014091345035,-0.005020469389366733,-0.010667952696331806,-0.004216556370623126,0.022989630311627263
2022-08-30,-0.015305676096030618,-0.008167020675137082,-0.025237324645142722,-0.004386783293481411,-0.003497211922289911,0.0001749807901523237,-0.008487808696029053,-0.00852064935143182,-0.010657098227572326,-0.03805438240702741
2022-08-31,-0.010634943074755987,-0.015225659516225343,-0.011928881615025921,-0.0066090620844551085,-0.006710416033986366,-0.005943524778812992,0.0006743053581637071,-0.005704206555181446,-0.01597946440047915,-0.007475762270387931
2022-09-01,0.0047068043850440056,0.008282741023605045,-0.012289616854511798,0.014045361629669406,0.0247922163983898,0.006858459544118123,0.016608509859014742,-0.004092509236428676,0.01232444020647483,-0.01799353163030637
2022-09-02,-0.01361119634342256,-0.002425266463259912,-0.008824743203544094,-0.017222500233959437,-0.01572500473154337,-0.0069864664851910785,-0.007642308414504084,-0.016666485161075606,-0.017760002962908805,0.018323231271764273
2022-09-06,-0.00821508543880034,-0.010979542799969155,-0.0009401929630723505,-0.0096431189268108,0.0027035744413383966,0.00026378566172224893,-0.00047142724388060664,-0.010974078579278013,-0.011154818134323063,-0.006695381675378753
2022-09-07,0.009254092420645899,0.026722663554652915,0.0011071713597357036,0.024716847595081193,0.005454120680397523,0.018990765272925758,0.015841801420845236,0.019111614730317417,0.015114626312598967,-0.008530504451363718
2022-09-08,-0.009617887840882022,0.0026259778181887405,0.012661804624273909,-0.009776201429248732,0.00804548893872159,0.02329590381031399,0.00642361871321917,0.0016660792338596409,0.001307141305322057,0.008179021696511857
2022-09-09,0.01883969958211007,0.02657523304266962,0.034616243244104616,0.020944951342125595,0.0019347683984574093,0.004806049366202769,-0.00215323598186401,0.02297692319953204,0.01523301989228143,0.01675295635385865
2022-09-12,0.03850799961945306,0.023861278411006825,0.01535691002506967,0.001897826912461209,-0.00042265444045042067,0.011831839200324934,0.0032753877885618454,0.008280993325819663,0.008145004096662856,0.011502449859241315
2022-09-13,-0.05867944548136195,-0.0705752837581286,-0.04204787010783262,-0.05899328205681509,-0.026020236065423252,-0.03474859260759233,-0.02319776468033985,-0.05497834968765192,-0.020694459618689764,-0.02335835043491885
2022-09-14,0.009555183309011728,0.01364140798846103,0.0018448823418215632,0.006518288330894073,0.020641007605448847,-0.002319690113612438,0.0054652477151933,0.0009126762391868937,0.0023881145968713824,0.024546419223410165
2022-09-15,-0.018929991328120233,-0.0176585314552421,-0.011697790174199474,-0.019904749514856213,0.0025505653175839083,0.015070538717762982,-0.008798641921901273,-0.027119206507481453,-0.007724885460792419,-0.029077576695755503
2022-09-16,-0.010959963620879254,-0.021777003694830932,-0.016548758665914653,-0.001068760804415092,0.015265478044945047,-0.006702368284508875,0.005681246720697919,-0.002608166137015977,0.006111850998003154,-0.01708313672120021
2022-09-19,0.025082823898581186,0.009147615105472573,0.014709636713258423,0.0026262306460276275,-0.007876134825631764,0.009224431360050911,0.008238159194683847,-0.0008990616380244454,-0.0020972515521705537,-0.00010730228159594457
2022-09-20,0.015665532023188877,-0.019813903001303146,-0.022623453417124018,-0.018724996793026416,-0.007878156096237321,-0.019718892153470335,-0.0062643156199347905,-0.008465409731097995,-0.0035510960089075727,-0.008154293270034363
2022-09-21,-0.020267574382717868,-0.02987152347123645,-0.03393420855907481,-0.018390373035012786,-0.01024428016982426,-0.028835529989104325,-0.016914685350712277,-0.01443607156773985,-0.012872855581427034,-0.01611881458442288
2022-09-22,-0.006375027944491518,-0.010376272544574294,-0.00814211931664377,0.008662476682593123,0.017761069692943332,-0.011378785059984464,-0.01250597579862156,0.008495540475627505,0.0035367053396684334,-0.004178057669120827
2022-09-23,-0.01512401736904423,-0.03009120154088929,-0.036998181643414396,-0.013980524631610924,0.0032492743675329727,-0.018613354952313865,-0.008026094359013913,-0.012698084520613273,-0.004625159573238169,-0.05321850746645229
2022-09-26,0.002260215757525108,0.012040804722097675,-0.009863577243311217,-0.005772753841262412,-0.006117853392918149,-0.02153197943391627,-0.008904269853951208,-0.0019753791773816642,0.0009587706608842339,-0.02064151491226851
2022-09-27,0.006566238850977069,-0.006426381710496365,-0.00110671608248758,-0.006824842052346569,-0.004586732600545873,-0.008802323216024699,-0.02896303571414116,-0.0043799448409357344,-0.02748512104336276,0.020957471607938594
2022-09-28,-0.012651581493690944,0.0314657666190894,0.03275048258489344,0.0261537537274259,0.008609240990611555,0.02021730403216182,0.001014006111414112,0.019711496977081744,0.0,0.036389204990986634
2022-09-29,-0.049118922570301704,-0.027201076403397084,-0.011087345904414514,-0.026286759112965408,-0.011000084139944133,-0.01694583538671235,-0.010720028599145115,-0.014808900535469793,-0.024852351032746856,-0.002025703627593689
2022-09-30,-0.030039548933093463,-0.015679468675155683,-0.010970167420522592,-0.018168857483528922,-0.007111292624297549,-0.015636906115168103,-0.015614325753922742,-0.019368501104288227,-0.019036489164067527,-0.015449134763649286
2022-10-03,0.03075264181847359,0.025486701357681163,0.043576168284708006,0.031259854922679464,-0.0009795085896755484,0.030908948722337293,0.01993590020944369,0.03366255560953002,0.01790092662963727,0.05280086720655475
2022-10-04,0.025623242073162356,0.04496029692750958,0.04905673097132257,0.030413606248198333,0.014828472051840791,0.04678362753064591,0.013427383044424923,0.033812465230385946,0.012372712983873768,0.03644451007769245
2022-10-05,0.0020532260763852506,-0.001156159830559278,-0.006958779333063547,-0.0020662135215372412,-0.0030792428879932165,-0.0123467061510395,0.0024737819251445803,0.0012856806600403115,-0.0069179611339689195,0.04041149050256454
2022-10-06,-0.006625638245302157,-0.00537407121029132,0.0024105905380356063,-9.844687362592364e-05,-0.01938100609436122,-0.02038217100851103,-0.01815220545230689,-0.009671058761574813,-0.02105248032191598,0.02966090869199922
2022-10-07,-0.036718683824171094,-0.04771409266460691,-0.007046387823211098,-0.02701636054051826,-0.01056143710608659,-0.01997414041491863,-0.006645263826369319,-0.050852829165241364,-0.017473104715827414,-0.010092010078475822
2022-10-10,0.0023552767857222268,-0.007768849586377025,0.006307924014256061,-0.008309683948770408,0.0013108392395662083,-0.009341436334587727,0.0075475251313212866,-0.021302947849445086,-0.004103886971137616,-0.02167675243941003
2022-10-11,-0.010254807901065699,-0.012844190270001499,0.006044790610798767,-0.006948656763220429,0.014462864091365546,-0.02885997274643226,0.00893795562544697,-0.016750262727711296,0.0037976732454028106,-0.008498688408512645
2022-10-12,-0.0046050637616914525,0.006149206372302096,-0.0013908805045306227,0.003910122861325194,-0.00024574764559903706,0.016182746487412247,4.218497933039522e-05,0.0015083779234248418,0.0016097128235763591,0.0043880427444817904
2022-10-13,0.03361328328050939,-0.00327726077574253,0.02027845006333151,0.015375263266960815,0.015120762900501905,0.05559316750020349,0.040875798159216714,0.03760795837009079,0.0151089675662055,0.03494863669175019
2022-10-14,-0.032239913207202875,-0.05003107895219994,-0.027028418006009636,-0.025237329401608277,-0.004178022276469462,0.01664095419073308,-0.014549197442529027,-0.02424859001937052,-0.009737945678370719,-0.02630834895599754
2022-10-17,0.029122589944318378,0.06445275295885255,0.014647087617138732,0.035314930237479114,0.012951449123990821,0.0420000626502719,0.01365362745627885,0.0392456006739772,0.018068438764862194,0.014417088524353527
2022-10-18,0.009409253616578406,0.022585461588422673,0.0152103892666422,0.008002456900058297,-0.003481634290749991,0.025720674199972038,0.010994950574403806,0.004083757933256438,0.00808871506540032,0.0017889487860340836
2022-10-19,0.0007652111070661771,-0.01108629175628062,0.004685295633936493,-0.011313000044701815,-0.007951165666952198,-0.019606186866688247,0.006260052253235893,-0.008469591441802593,0.009270025894013711,0.02966258542622935
2022-10-20,-0.003266969763409233,0.0015642678860967596,-0.02098590156449398,0.0034126817262085662,0.002550202645288824,-0.0032616347149616587,-0.0039081898429305095,-0.001395432347502501,-0.012880354342644007,0.0013486065877328368
2022-10-21,0.02705920897308811,0.03531453097461368,0.06066714969706721,0.011603377960763828,0.021803670066914638,0.052527542984939,0.01913764000143825,0.025280465017407883,0.012520775070356205,0.018570380786579355
2022-10-24,0.01480241724319531,0.004190412347291339,0.005677417873270585,0.013744851362596844,0.013454965117071005,0.001227134134047514,0.003024930346998689,0.02118781193162178,0.006144153348072612,0.006990468399802996
2022-10-25,0.01933786714364749,0.006509754475742646,0.018504975983727023,0.01911817390974435,-0.0015789789072938598,0.002614776042089373,0.0016057552866821645,0.013791706738758736,0.011517144928213874,-0.006754292850902233
2022-10-26,-0.01962748475214804,-0.040961814879887926,0.01088093189817041,-0.09140506844320084,0.008786766336350782,0.011491506398679796,0.0034410475170438826,-0.07715622743744932,0.007030436568659537,0.011900290553468862
2022-10-27,-0.030465085259605784,-0.04063638620803933,0.07707138285164494,-0.02854739724505495,0.0005805974360317823,0.003948110173778607,0.0331242870289552,-0.019756249395073477,0.0007588931226558682,0.0038268414336641854
2022-10-28,0.07555242119013883,-0.06804249715805744,0.03393978438781886,0.044133630467753315,0.01485703261029081,0.011877855126850134,0.03549464382207823,0.040220476014378725,0.025326136804071808,0.029288685016260363
2022-10-31,-0.015410479572402824,-0.009380148789788212,-0.01313011396950936,-0.018485858289269963,-0.005146661822900578,-0.0015861296273950165,-0.00677536861403516,-0.015856155545864947,-0.004067483762351887,0.0009934549664813996
2022-11-01,-0.01754270231111521,-0.05515425020719422,0.009424291276958652,-0.04274672727371809,-0.005058496970346327,0.018033037434542543,0.0010635902335247582,-0.01705939036927051,0.0015592797955752413,0.00992707530514303
2022-11-02,-0.037304858953862374,-0.048248766657425834,-0.01812370616487513,-0.03868687314982544,-0.015367728411839754,-0.009207988620029917,-0.009452412996457715,-0.035368203979678325,-0.014383066797539201,-0.020552259399188588
2022-11-03,-0.042404834444453976,-0.030612240672440172,0.02200062056448915,-0.04070374641766439,0.0017017424622700617,0.0018113536946129383,0.009542613722427706,-0.026579034194389006,-0.006845283602878616,0.013593709658636932
2022-11-04,-0.001947489829384308,0.01881299269611514,0.039177212255415705,0.03775614714448983,0.004451662901514997,0.027358450537906087,0.006118486126765577,0.033325676847598906,0.01825337169897745,0.010891269501513756
2022-11-07,0.003902244100966179,-0.00494619214148917,0.0033356635401295964,0.022060599237581968,0.00874721379210075,0.0052801033340286185,0.006517823817762558,0.029269661812097558,0.015322831180064389,0.011842043128811985
2022-11-08,0.004175180759671715,-0.006075283660437414,0.005248998114283365,0.004633333226194969,0.00497180739432701,0.0006088662481495977,0.007199533113901202,0.0043882727925230736,0.002271328393401495,0.0031677446032081225
2022-11-09,-0.03319006484277842,-0.042676192754212194,-0.018580709237264514,-0.01777279912009766,-0.007995921374585047,-0.013008448135845119,-0.0021911989775271756,-0.019049941353305844,-0.002412235032214216,-0.04473680549540848
2022-11-10,0.08897433780186836,0.12177847617944293,0.030637772280509568,0.07581312323499367,0.011713542821107481,0.04115895827910521,-0.006875367235304575,0.08226798132193536,0.03443731363326408,0.014692370348047046
2022-11-11,0.01926890741502585,0.0430508514990382,0.01738011547869389,0.02629337471929505,-0.029919272648656903,0.0016288967561632894,-0.016275284609564622,0.016997177916119988,-0.0014873792524467966,0.031221690686596526
2022-11-14,-0.009485530729603786,-0.022819754250081425,4.217153669827667e-05,-0.007364520607701097,0.01571649728739355,-0.010273562985301576,0.0032426703565531234,-0.02250006768324897,7.087192905341766e-05,0.0029195307380185387
2022-11-15,0.011869422873351132,0.004569038353104293,-0.008076085923904408,0.0286312954615775,0.0027923773080809067,-0.007243752308109475,-0.016270768867949648,0.0017387806261686123,-0.0034756306570938866,0.00670364752288477
2022-11-16,-0.00833116287251534,-0.018394983322363,-0.009250055948195057,0.004164776272316706,0.006206871514246259,0.0013540019247193502,0.01743575402664921,0.0018235639846404528,0.008897577224376674,-0.010689616046126393
2022-11-17,0.012971337201676425,-0.02337318995330062,-0.00851926234846323,-0.004956877915009983,0.008070854915294579,-0.004357036849624074,0.003119256298610873,-0.00020688858187023484,-0.006138283473037576,0.0013285123134227916
2022-11-18,0.003781812053190059,-0.007485493894513584,0.004296301592886964,-0.009455153278925876,0.007663139373076833,0.009808395008839454,3.6340936952372616e-05,-0.0019034326627725973,0.012067765685034093,-0.008668013316874279
2022-11-21,-0.02168028228062513,-0.017845764989037338,0.00319732139759199,-0.01878271607938342,0.005140755882078851,-0.005902521847672038,0.004206791910392305,0.0034409902269192383,0.01269552174844657,-0.009903597856676938
2022-11-22,0.014661115983650275,0.008003437930963697,0.021923726747172134,0.015167593172203064,0.004830432350768632,0.014956908359809784,0.0008740691035233894,0.012311443582856185,0.008588655619294228,0.028926758139276032
2022-11-23,0.005926410283913164,0.009978544373689724,-0.0014330372381877732,0.014528622914252054,0.0010746977318092377,0.010663444042893877,-0.005422828388920498,0.01040685661206564,0.005699844437695445,-0.004992106030471177
2022-11-25,-0.01959361378442881,-0.0076489282090407285,-0.005149350482967274,-0.010156478789635659,0.0012993395362417282,0.00190513187223873,0.006331004860818279,-0.00036336035250117416,0.0018435128140605883,-0.0035208216133925108
2022-11-28,-0.02626424372937075,0.00578089353348199,-0.014425082041683135,-0.014467503722645714,0.0005075929089779496,-0.01747854178775632,-0.007709050796206984,-0.0231525992738989,-0.0008178064165831334,-0.030032723576111975
2022-11-29,-0.021148341576512908,-0.016285245651894598,0.01213929965786309,-0.008953700651385565,-0.006992499411078046,0.016449623113288903,-0.005387015314331611,-0.005914948382821139,-0.007640117662909285,0.00664783636820343
2022-11-30,0.04859386165591628,0.04457912603558589,0.005486581389515965,0.060930794836221436,0.010846683199502438,0.011862983051059484,0.010745061118735189,0.0616235853149103,0.025295655460822353,0.00723713292950956
2022-12-01,0.0018916802481754313,-0.010772746070691896,-0.003045462379256736,0.0,0.004157412971597996,-0.014039636121947474,0.002236148210874589,-0.001763703314019427,0.000603486982877266,-0.004849826242225297
2022-12-02,-0.0033714209982861343,-0.01434557849824114,0.0018668200988323225,-0.005446007774421946,0.0007832432517864696,-0.007927411381670524,0.0,0.0012957616637718772,0.009112131032415594,-0.008483880032487234
2022-12-05,-0.007982995541506277,-0.033145598727553405,-0.015076424073608652,-0.009558057236298212,-0.0005591017142733135,-0.028040796957027214,-0.006620494909676866,-0.018900573751992056,-0.01009220442014247,-0.027398449975285177
2022-12-06,-0.025370328586603486,-0.03032636052572657,-0.018403155367226143,-0.02513062481850692,-0.01499049425480481,0.0016747104711862804,0.0006630232305635531,-0.02030363883405395,0.00127455252387354,-0.027795993832963717
2022-12-07,-0.013784778152276522,0.0023795930251859776,0.0030225862451151997,-0.021035285240059487,0.006076250623410884,-0.000683946363023491,-0.00526197551231844,-0.003059772289967899,0.006430915673920845,-0.002214279456170254
2022-12-08,0.01213293055078113,0.021365582288144003,0.008472258800268806,-0.012955504071119117,0.0001691701266501866,0.010494292673017158,0.011282250710040964,0.012399086993467368,0.007188469001589759,0.007429001562101911
2022-12-09,-0.0034350477807806312,-0.01394579034322141,-0.015719734035147148,-0.009390722347924263,-0.00823935193801928,-0.005418205613496929,-0.004938078396900081,-0.008003154529906742,-0.002643696114500882,-0.00842743525191536
2022-12-12,0.016390041810241618,0.01638799835988136,0.025386088546138774,0.00517076192203314,0.011949683680087864,0.015511439415407224,0.016835775527000996,0.028889166449583614,0.010270400140120373,0.02462788987827791
2022-12-13,0.006782501572589306,0.02142456926150338,0.010426547861031255,0.024863301927493753,0.00770353718657768,-0.0009688609356176547,-0.008459435246951141,0.01746483666237153,-0.0015082957887652126,0.010934289657459795
2022-12-14,-0.015535835116353702,-0.009838858835905628,-0.004288937881939847,-0.005855912087848525,0.0030688838071957214,-0.004996963284879641,0.0009115559377939064,0.0011676963926134931,0.003940985546944775,-0.0073658399511089545
2022-12-15,-0.04685437097964784,-0.034177820705733164,-0.01629145584501923,-0.044283157021400066,-0.01262788926305336,-0.02481060602562024,-0.010199032332283697,-0.03191833836515767,-0.011319078410689687,-0.009581195048520175
2022-12-16,-0.01457882493166407,-0.006670394101153776,0.008931003348151556,-0.0066036125197062034,-0.0102542489409434,-0.006226077227225124,-0.02064562626043387,-0.017348665357933224,-0.0044339239459014745,-0.007018179431983573
2022-12-19,-0.015909520632447216,-0.033462353983410575,-0.00184785903134288,-0.020163875508438234,-0.0010813525585207096,0.005955530959605326,-0.0010899555997505583,-0.01732810388140338,-0.00026608023982233053,0.004488961992674234
2022-12-20,-0.0005285469160568601,0.0031795134041781026,0.01226938767552399,0.006558060140221533,0.0010825231476960795,0.004844135005938499,0.005342087922837857,0.005614623934879992,0.00039922658603930294,0.014452892359920089
2022-12-21,0.023809364922429133,0.018546709195681466,0.028025589160463715,0.006290817432362816,0.01144193567817342,0.011248052468618486,0.003405057820501156,0.010876694504217577,0.009171874159037863,0.012840859504425817
2022-12-22,-0.023772762347620158,-0.034343619255829294,-0.01733321932740617,-0.020317193782645515,-0.0036582824559084903,-0.01135006415575246,-0.008912762949195407,-0.02552874861352683,0.002305109321151022,-0.02017388922047303
2022-12-23,-0.002798161843816205,0.01742450254827599,0.00980876687315324,0.016750496228436162,0.0025421088115484824,0.004745124496804198,0.00677271693420467,0.0022670928291308456,0.0028253084651970184,0.026444988139143755
2022-12-27,-0.013878302319530578,-0.025923742926365456,0.013632401588828946,-0.02062104346446214,-0.0002818972959521826,0.003503834507128767,-0.0027281851544869173,-0.007414163238292137,0.008714541030146128,0.013894117486822566
2022-12-28,-0.030685180709415394,-0.01469172937442731,-0.015464297153031326,-0.015676847002920824,-0.0043395030632590315,0.005465466296873167,-0.006483412805639799,-0.010255103420038103,-0.01292627222277698,-0.016426174903640067
2022-12-29,0.028324420775936332,0.02884381103830358,0.003425508786239817,0.028249202007137875,0.005094297203104281,0.005737654288065164,0.0030931769349769045,0.027629738836591367,0.004145811783437869,0.007565786213274084
2022-12-30,0.002468844565446826,-0.002138278742257471,-0.002664512520307083,-0.002487229040517458,-0.005124962742863337,0.006605691996892649,-0.009024896973723995,-0.004937504902434275,-0.006750280398751918,0.010073391085820838
2023-01-03,-0.03740483595419042,0.021666663033621747,-0.0028385577804250772,0.010087246988959464,0.008717895532116327,0.007606121210814276,0.003035695833381258,-0.0010007267826305233,6.602849259773613e-05,-0.03436089937270903
2023-01-04,0.010314288866963173,-0.007923564525679994,0.010382006977362801,-0.011669603216067137,0.01088724233138727,0.009325156790730649,0.00022713971208387917,-0.04374317673442263,0.004354552201090378,0.002910469375031033
2023-01-05,-0.010604611675491982,-0.023725589118479662,-0.00447480419945312,-0.02134436445644783,-0.007383532395336512,-0.00022166134940437843,-0.008434613650155631,-0.029637736822838212,-0.01241548412376281,0.022374219005864004
2023-01-06,0.03679408697830522,0.035611152390083056,0.03570850184569618,0.013225098848031802,0.008109433647572661,0.019135543554002377,0.027883647198421846,0.011785280943530818,0.023812831692490377,0.012086589032040518
2023-01-09,0.004088951621292081,0.01486987397850048,-0.009001331843210836,0.007785614831217869,-0.02590816382268135,-0.004132340354642827,-0.008238219989983087,0.00973640043179036,-0.012214148441132444,-0.018637311554741354
2023-01-10,0.004456281845991894,0.028731709234134817,0.015773359984657898,0.00454454151980177,-0.002392209206678042,0.00895408839259515,0.006211231819445384,0.007617198409682668,-0.000986650768822206,0.014935064732520154
2023-01-11,0.02111243941190888,0.058083825879343465,0.0008782223175016757,0.03505983971974036,-0.0015985031521050796,0.0074312916755507885,-0.0003718550152257416,0.03023805165902127,-0.008098006577016092,0.011626789335964505
2023-01-12,-0.0005993003559948695,0.0018929468094222024,0.017309543048073417,-0.0042612176030544235,-0.00503221098695894,-0.001002506324211172,-0.00788675777927883,0.01162152306389519,-0.005642015205823081,0.01661129971822861
2023-01-13,0.01011886614271229,0.029915043601747016,0.013290417324833603,0.010863500092239464,-0.003275769594021871,0.02523477547361086,0.008249401314951443,0.0030186695307223843,0.007142525184240522,-0.0006182848556967047
2023-01-17,0.00875652012200856,-0.02109661268732821,-0.00851184083890344,-0.009009908872022798,-0.006169699854236987,-0.015453555684016185,0.01941338275224691,0.004681793721035943,-0.0029162743556034876,-0.0019443617993083473
2023-01-18,-0.005370100058576521,-0.006142675153973931,-0.01342397923867844,-0.001862100957465418,-0.015084596638479386,-0.03004245662310112,-0.029440738031000113,-0.0188891304133032,-0.02678800013128957,-0.020543654357346508
2023-01-19,0.00044378623662399974,-0.01864654092151996,-0.023328916808968203,0.021180694430161573,-0.0013548310227650129,-0.013326738251644987,-0.00924690478836887,-0.016453985647294278,-0.02114812897438012,0.006419054009111802
2023-01-20,0.019220908655168456,0.03810845093076898,0.016113998564305954,0.05341200082050168,-0.0046599448162353285,0.002448948963487352,0.018969406928591948,0.03574360085683659,0.003861774541964902,0.018235455470378303
2023-01-23,0.023500297264492653,0.002776315095798454,0.011973964366145617,0.018057724174654677,-0.002548518791091081,0.016212631997328364,0.002643573176561942,0.009824429819828895,-0.013429492760471007,-0.005204919742376246
2023-01-24,0.010063066773329243,-0.012305137300550828,0.01943002526760962,-0.02094404460470556,0.0,0.008596698331772235,0.0010027861920269832,-0.0022262580457594883,0.005459345514020164,0.009311656493536491
2023-01-25,-0.004700814668776032,0.008928577793566816,0.0032221573637822853,-0.025383834697002783,0.0071299707560956715,0.004838975860249617,0.012761475863197091,-0.0059080414481443855,-0.0007053838921505795,-0.005271803761335736
2023-01-26,0.014803524274288105,0.02099198301215366,0.014239211077139657,0.024154599121891662,-0.00365759073344607,0.006181631722880665,0.0063003962505074895,0.030713534945727705,-0.004021887414390468,0.04019079463195285
2023-01-27,0.013684231931517132,0.03043737760442866,0.00923245654286009,0.018970641291656154,-0.003907867251482511,0.0024291031938354912,-0.00822670203460929,0.0006452929773754779,-0.004109047889603756,-0.01825744387166439
2023-01-30,-0.02007815500938115,-0.01652968356145279,-0.011491702025137829,-0.02445417536103245,-0.037032657649824885,-0.008480736302763026,-0.005762068875061588,-0.021961635651446154,0.0031300783776280205,-0.01773203548675173
2023-01-31,0.009020981187271016,0.025658817736008643,-0.03521988806107679,0.01959973153246941,0.008765400174961302,0.005965500648525968,-0.012883689790416097,0.021012599951257815,0.009715536622829868,0.021574433882460387
2023-02-01,0.007900789756936977,0.019586971068148662,-0.010900316028958579,0.016086632413037538,0.009178687826007392,-0.0026436252822259476,-0.004225739339242307,0.019934684841023564,0.005689116362660007,-0.010947438630961703
2023-02-02,0.03706248378465071,0.07379935352944922,-0.018594234184815872,0.0727869985771743,0.0037592868494289444,-0.004656336673213746,-0.01149217013065218,0.046884432504083806,-0.007123198852940882,-0.0312880479606662
2023-02-03,0.024400032822439188,-0.08431497620839845,0.011678335429779585,-0.027473569467824754,-0.005617962778358465,0.015474159358205286,0.003875382781663328,-0.023620522737841987,0.0030945062935356926,0.006927490108966872
2023-02-06,-0.017928826857199542,-0.011703250716856073,0.014772371868051914,-0.01794224727736604,-0.007593460257259266,0.005882745276505341,0.01396500044009108,-0.006115915379853232,-0.008484585867335137,-0.0016975114803651215
2023-02-07,0.019244603380178082,-0.0006850625818668465,-0.00700024367635077,0.0460639669246643,0.0002447648512762246,0.01219013428591631,-0.002164838440468997,0.04202214078092248,-0.009759418895363026,0.02855102946334398
2023-02-08,-0.017652738796574252,-0.02017429777965274,-0.003164323567417915,-0.07682998557144483,0.001285212526561219,-0.007030968208225352,-0.016907299923197838,-0.0031021822368272334,-0.010355696789721147,-0.008701937871837817
2023-02-09,-0.006911420263269963,-0.01809100582487666,-0.010407028952864383,-0.04387653889694354,-0.013507805795087702,-0.015563615525266972,-0.008218471563548269,-0.011659865566541416,-0.010969208287298082,0.0037746773485427543
2023-02-10,0.002456041648914331,-0.006412838631079665,0.0056439707401874095,-0.00463115638777567,0.004646937653793648,0.004415223584065098,0.006752077149529301,-0.0019722425733907922,0.008828856386478234,0.04215138846345923
2023-02-13,0.018806801405883533,0.019772567289289666,0.001938140457746318,0.00042308391351242314,0.0037003135689470668,0.010847944229404272,0.014404293603576868,0.031242940872570513,0.013091035912685678,-0.003889741493523835
2023-02-14,-0.00422495710205939,0.0016073541414833858,-0.015273073358918698,0.0007398602942914057,-0.004362606051897533,0.004418992815104383,0.001540224849849725,0.0031325528209444897,-0.005639774469744285,-0.011714863248333374
2023-02-15,0.013903290934786927,0.014643999584324163,0.017760585990037603,0.023869849681350752,-0.01647733708505683,0.004189994557221022,-0.0001875928148884487,-0.007992914984637611,-0.0022975474233212223,-0.0030063494775821598
2023-02-16,-0.010429097727277736,-0.02975486385196624,-0.008765526081632058,-0.014751361448202216,-0.0070904489554803884,-0.013769175379436005,-0.002738706333690999,-0.026622475260381417,-0.013097363424350195,-0.0029292126351646575
2023-02-17,-0.007546952257369677,-0.009679109147912035,0.0051515510672284215,-0.012145458332598946,0.020877208031140126,0.002961306144040332,0.015649177380723023,-0.015601993208537834,0.02092748463115668,-0.03845150982673151
2023-02-21,-0.026679622910450895,-0.02695468312187932,-0.028572442215165417,-0.027133013261306238,-0.014901102371558395,-0.018349206611282143,-0.0053334989103718256,-0.020886632428424035,-0.0007141525335416787,-0.0009885123624389092
2023-02-22,0.0028961119189718776,0.012793392483054111,-0.01171534742318936,-0.0015250974886599211,-0.001392440046348864,-0.007663222349431953,0.0003351425223570015,-0.004590810902630027,0.004217013887468202,-0.012953076028054511
2023-02-23,0.0032905067897663898,0.000313172345862478,0.0002523619119760845,-0.008292525203048129,-0.00031693360582818464,0.008011009503017474,-0.006923491525281378,0.01296182420156855,-0.003202885670532618,0.009204416828830997
2023-02-24,-0.018005254707130436,-0.024212061179431754,-0.0074806159919333926,-0.01936400120570414,-0.011158273979319677,0.009021491607770882,-0.011620459031090768,-0.021784454269211162,-0.00564069550942381,9.019960110556724e-05
2023-02-27,0.008247214024775573,0.0027807715104863906,0.0161324161746339,0.008302486278378929,-0.0021799031993585682,0.008727552737137545,0.004171971750849268,0.0037717650654862656,-0.0008619975816146486,-0.001805875678416058
2023-02-28,-0.003447612135218381,0.005012811540044737,-0.0017917767822573927,0.0021141712340988494,-0.01522856714156784,0.008370970981926407,0.0024691504439886547,-0.0029581165140188936,-0.011355527692242906,-0.005789150549500466
2023-03-01,-0.014246167701258639,-0.02186145722806776,0.03807123991100436,0.003331136020064518,-0.004502089907950535,-0.005580662138759296,-0.00450917683199592,-0.012629242730931134,0.0007272287104567177,0.008916242384631623
2023-03-02,0.0041293863754621185,-0.00043399062951077205,0.014115209398124273,0.018149529768563655,-0.0007865935137961744,-0.010382370243825711,0.018460628687485103,0.019653132295876174,0.01648989291390035,0.00459925647372228
2023-03-03,0.03508999720815642,0.030066258059702422,0.01241171724418999,0.017934784652155145,0.010298540983779692,0.01835988142205669,0.005606031692396263,0.01664603597467229,0.007289267702064839,0.012657186316245017
2023-03-06,0.01853950469639254,-0.012118034851298809,-0.005209332725233495,0.015803619549527026,0.009998414899897945,-0.005847208334355036,0.005835013027399416,0.006189206014942439,-0.004256803057582692,0.008864419194301698
2023-03-07,-0.014496511318585092,-0.0021333007812499583,-0.03086857211543459,-0.013350140904821117,-0.009449524899183381,-0.029407767968133935,-0.012969249809562045,-0.01058916270479593,-0.019879068823179025,-0.019330605737745143
2023-03-08,0.008377110230047391,0.003955051898638651,0.010481805238103936,0.0041550636265104135,-0.007333385894686906,-0.005915445101389305,-0.006738451768646514,-0.0017705036531929785,0.0001456597727778064,-0.01460447657026509
2023-03-09,-0.014914622270341682,-0.017781071140368643,-0.031199623519298947,-0.020477377836008115,-0.011244640203847522,-0.05413650896786548,-0.013944819252017626,-0.005439489951296506,-0.007341253376139556,-0.007728497136940682
2023-03-10,-0.013878784492847851,-0.0164769283801236,-0.05789342030734579,-0.018306011952713752,0.0024463746511997897,0.02539540729743517,0.001528857733566369,-0.014782926168381505,0.004539920725649571,-0.012370592276563674
2023-03-13,0.013266063291396346,0.01873687738723384,-0.01017588849887674,0.005296280152634836,0.009564025505965468,-0.017957685873324136,0.004007140740935666,0.021441003230763922,0.006924560927229928,-0.011505083516584191
2023-03-14,0.014089246523734111,0.0265065123894086,0.004316992700185818,0.03139064643022982,0.005618646398176219,0.025676296046535985,0.010719108752067052,0.0270559831957613,0.012378825571578655,0.00375447258815087
2023-03-15,0.0026214815744254327,0.01391230747297123,-0.0372669030172772,0.022773255382584567,0.002793896364570614,-0.04724411976715304,0.0016548716798678864,0.0178303195629268,0.014157986857332938,-0.04974737934870821
2023-03-16,0.018694004492124883,0.03991688242309577,0.006674102526733394,0.043804050624568935,-0.0020734283750549753,0.019413607975860225,0.01588201222056762,0.04053621646401351,0.0074739368838847575,-0.005806076180021269
2023-03-17,-0.00545411135782492,-0.010895681300578386,-0.0169174229110175,0.012958469604854583,-0.0107122542486493,-0.03778200889565886,-0.012455263743554323,0.011694527815482303,0.0002796515013439027,-0.011778752765415956
2023-03-20,0.015483933022356178,-0.012531560404374087,0.024650012786278763,-0.003936109366864615,0.009909539496076647,0.010571474053674867,0.013248381920105912,-0.02576689470653104,0.015392439458586704,0.02614198135205381
2023-03-21,0.011944004342881342,0.029679680207260972,0.020925003863311975,0.0365538371060099,0.0,0.026820854968106822,-0.0019572524109034983,0.0056938701531974445,-0.007235016601260913,0.04480237168399137
2023-03-22,-0.009103384982973362,-0.018984232685839597,-0.0220966846765156,-0.014773082111981362,-0.018454784543013858,-0.02581378270407597,-0.008660225424033885,-0.005442135668815018,-0.0006247286040670375,-0.022888742647914517
2023-03-23,0.006969461888676642,0.00010133876939955044,-0.0023186563580068764,0.021573015091718384,0.0005295993866316628,-0.0026734513445128005,0.006532985027258187,0.019721649170627575,-0.0013891662526089865,-0.01128200699775439
2023-03-24,0.008305742078654088,-0.005875816395847999,-0.011073720890256267,-0.001515132985785983,0.010057501400993374,-0.015215926480506847,0.006342214959333292,0.010480381600346922,0.02037711072128845,0.0011603361313978766
2023-03-27,-0.012293450432012243,-0.0009171134251457769,0.004562037344200354,-0.02826262846301353,0.004258274121476724,0.028660633002664415,0.00925094761112577,-0.014933796247281972,-0.005248145323101583,0.021926137349915997
2023-03-28,-0.003980369879220014,-0.00815996577200262,0.009908287177046171,-0.013956562294924368,-0.00965422074705835,0.0030352287975217163,0.007340142517814785,-0.004161111488285574,0.002809272718103273,0.012476319848611972
2023-03-29,0.019790775494644253,0.0309543624265336,0.012899693236434695,0.0035632163705714426,0.009814142812088145,0.0020173627076292,0.005763868158236152,0.019183926080991398,0.003074759469053223,0.01717695024054411
2023-03-30,0.009889874263634413,0.0174563591022443,0.006905843314357618,-0.004931411798207885,0.0007826885318593657,-0.003019825434338319,0.0012614451441923524,0.012619778894691347,0.004359185474283933,0.004864145804351683
2023-03-31,0.015644165321765158,0.012647067799287592,0.019150127664433025,0.028149392960807873,0.01023276129978723,0.01211626962389234,0.006551812671684809,0.014962182229334653,0.008409527773439063,0.0015528161015720965
2023-04-03,0.00770173827445042,-0.008519675143944028,0.004500955879512825,0.00607352524873761,0.01193536632988268,-0.0011510526650085895,0.009048301146332927,-0.0037113241117466833,0.005514899402835782,0.05900041471803541
2023-04-04,-0.0032497109258488033,0.015037527888523972,-0.05403055371640275,0.003449665982793171,0.010456066363859762,-0.013368073861023233,0.0004961264901228724,-0.0001740602293970328,0.004815986875256861,-0.009558227166748479
2023-04-05,-0.01129019953909205,-0.027417013542964663,-0.01802702399744205,-0.002387445285265355,0.04492390860550555,0.0014911372170718362,-0.0009210196288708117,-0.009889405842256838,0.0068559185743033435,0.01712737590946345
2023-04-06,0.005495893025244669,0.009495540049077267,-0.02041869630389259,0.03780990796007133,-0.0027777710967495928,-0.0010971434832124372,0.0030849273546946776,0.025533078724206515,0.006346736035385714,-0.016582467279763313
2023-04-10,-0.01597227616276531,0.0010778033801970288,0.030405733522484324,-0.01826228646696626,-0.0050256331509892505,0.003294728219038978,0.0031461435770892,-0.007579041206660753,-0.008277528722540062,-0.004433027907406739
2023-04-11,-0.0075911376531766495,-0.022022120390757682,0.023523686652130005,-0.010240503826115188,-0.00030462255639129854,0.004926210907698625,0.0024667548512806725,-0.022668425871075426,-0.001987377735150009,0.007071839334845453
2023-04-12,-0.0043534830076147335,-0.020916697119598093,-0.00045342388286040425,-0.006739494713016603,-0.002130481833214626,-0.00015543615769875174,0.002882307602080525,0.0023333610681466332,0.0027216652435346766,-0.0010402285752209028
2023-04-13,0.034103907040822445,0.046713683014299345,0.00530619017343259,0.026662952439155063,0.013360368075325812,0.003813153945512404,0.013213988922035957,0.022399707626257648,0.004633404121752616,0.004686085109882665
2023-04-14,-0.00211411158271968,0.001074224694457282,0.009067390950404652,0.013404056292628752,-0.0016255971096943433,0.07550971226085657,-0.00031119603685214603,-0.01276554376424488,-0.005073410607960072,0.002418757201077426
2023-04-17,0.0001211318545510931,0.0022436418178335416,0.006974386091529894,-0.026637248752877207,-0.0010250831635368884,0.007928971458105671,0.001141857507077182,0.009295734574028103,0.0003310335384854035,-0.01163308528322926
2023-04-18,0.007504772616059974,-0.004282604839014548,-0.00017769007444812246,-0.013871998204495584,-0.028128101483883672,0.011228093483081292,0.005530557120611901,-0.0014887374968552969,0.0010594765488483038,0.01952932413681263
2023-04-19,0.006968103449557228,0.019550341547772243,-0.002442182262924697,-0.0030620168382237134,0.009440346327450166,-0.001273157737892272,0.0012372460358824888,0.0002776764458711778,0.00019827935061722535,-0.003164030883468061
2023-04-20,-0.005846359455941363,-0.0046980391066805405,-0.010594278678273339,0.010654496283466264,0.006460481717256439,-0.002903291638549854,-0.0009267599478468558,-0.00811294674155183,0.0036659807755825558,-0.007978028612172228
2023-04-21,-0.009780910427588663,0.03034391291745231,-0.00361869033928619,0.0011397320552797297,-0.0054407433298262475,-0.0019172217144004522,0.003642639343835352,-0.001222864926861189,0.03460386844640073,0.0031996002532097556
2023-04-24,0.0018785809717600799,-0.007011967150520215,0.014345963362383474,0.005312670234651318,0.006085039986982954,0.001351760414628922,0.0039033538799579937,-0.013962746013624017,0.001794218257428426,0.018877704700328124
2023-04-25,-0.009435721038811407,-0.03427172037496595,-0.021483232273814656,-0.020005816238912955,0.009164372219057526,-0.021743737373818628,-0.00576399243994552,-0.022535992145157113,0.0002557538641445589,-0.014213263648594876
2023-04-26,-6.100404345377175e-05,0.023496184744855597,-0.011160393730634155,-0.0013479894150520977,-0.01549826954678657,-0.01772371612621737,-0.006003024550626623,0.07243459990389645,-0.011573749025967195,-0.009183046371088466
2023-04-27,0.0283953371179555,0.046103983455159314,-0.00860376290722531,0.03741196612187836,0.0023367206733952983,0.013458878613655356,0.017117106803203885,0.032027711917956614,0.012226739115964502,0.011953176961839063
2023-04-28,0.007541033376313511,-0.039792412663683385,0.02085585383115851,-0.0023236882018112803,0.004294568416645328,0.008682890992513181,0.00349491884419062,0.00797168712605556,-0.0005751088405947513,0.01292489436173705
2023-05-01,-0.0005304601231159722,-0.032242712137328766,-0.006992777336670475,-0.0013042331503668736,-0.0006110455996960473,0.021411973563349118,0.006187811232499341,-0.005532762605621633,0.0012149097112530427,-0.031012348649320343
2023-05-02,-0.0061914388816780574,0.015482549283793778,-0.009757373546692372,-0.017537280174484304,0.008740849762117753,-0.01614748338138261,0.0016465656548656504,-0.0004909579780569828,-0.0008941923282803632,-0.039853423867372895
2023-05-03,-0.0064672134329085695,0.00019303553981586674,0.0022773445191999198,0.0008545372879111834,-0.013088476597305831,-0.02116307819687624,-0.009561463040997142,-0.003306944859758687,-0.0012784272902401916,-0.019709430317771615
2023-05-04,-0.009913447476932125,0.0033767339022539034,-0.02439230270986925,-0.006830388494161288,-0.004543374830971114,-0.013678460819868676,-0.00020303195114801387,0.0033179170284209913,-0.0046086665196166665,-0.01751124749799604
2023-05-05,0.04692699502065145,0.015961573674128537,0.022388002746020597,0.00840566657221542,0.0033921176182516444,0.01953462333495115,0.004878604548971488,0.01715706635831915,0.003343909680676438,0.024896085895466102
2023-05-08,-0.0004033631235755841,0.0016089169321718,-0.0013947553915673039,0.020839328404462565,-0.002274340818128162,0.0024134511380875523,0.0003034050445283043,-0.00643811424637708,-0.0046786435496600776,0.003956812501028084
2023-05-09,-0.009971198751788424,0.00746481056277859,-0.006052430964170186,-0.003897301376113549,-0.007762737957975663,-0.0048149266622388165,-0.0001012870359500262,-0.005345664598854993,-0.010238301633259117,0.00027479514606532085
2023-05-10,0.010420962103398823,0.03348339526223332,-0.0014990329000154068,0.04098750152344466,0.003725363521796865,0.0005130639121047054,-0.00030323411350885454,0.01729634106646416,0.002081912529640517,-0.012827608187014894
2023-05-11,0.001094498538693367,0.01805969525073481,-0.014729893534242255,0.043131964982866755,-0.004082793038656107,-0.0031506719054160692,-0.006001711390815956,-0.007044222853015092,0.0023371932321756272,-0.01809901977763806
2023-05-12,-0.005417198423395053,-0.01711533396079623,-0.002333011749151015,0.00806390774654786,-0.0013046210181610896,-0.014333034274988443,0.004579349239919317,-0.003676052289316001,0.010169252760805492,-9.449946466166814e-05
2023-05-15,-0.002897642034621173,0.008525256609829501,0.008351582655298229,-0.008509973559487904,-0.007650183535862776,0.008426394799756043,-0.000810593126618353,0.0015857457807095798,0.00032028329177014037,0.0019069112140837063
2023-05-16,0.0,0.01978421437062372,-0.01935732742976115,0.02574884643265185,-0.0013161879045733293,-0.0067290504031704,-0.005914073809637155,0.007367749401842483,-0.001730622240485813,-0.024269437100301716
2023-05-17,0.0036032736961288947,0.018518504813616277,0.023648769696982264,0.011128809478080148,-0.0021963986852647777,0.030747445483406466,-0.0023458483945306696,0.009451430302587882,-0.004237825033341691,0.022434632519831244
2023-05-18,0.013666192051087878,0.022943736154795724,0.012352523694358464,0.016468039210010943,-0.003207953042857925,0.007583848830748252,0.0020104680430779176,0.014394987204940035,-0.016443178867838193,0.009063241676256384
2023-05-19,0.000628259299137568,-0.01608126535201726,0.0002795650601423727,-0.0005698785932046757,0.0027132973878243316,-0.0022940132471841457,0.00510130440894585,-0.0005649608838308451,0.00419603745464836,0.004632655049021217
2023-05-22,-0.005480790078095543,-0.010666648290490577,-0.0024211591142899724,0.01865434719772452,-0.005389455891904649,-0.008262368089754113,-0.02097774358197868,0.008921091430513561,-0.026180227951024926,-0.012140021276382473
2023-05-23,-0.015154814258706906,-0.00017393506729301844,-0.007234139797711148,-0.019912106494113013,-0.0003822243018211102,-0.010432879320410926,-0.010299092942485544,-0.018431880719020022,-0.010793683244421204,0.013622961215296714
2023-05-24,0.0016319914616842457,0.015305697616548875,-0.014150696623234538,-0.013544394099293533,-0.000956661460545849,-0.009151308946981684,-0.0015712181454969887,-0.004472703319920224,-0.008268255782838074,0.011184106382086778
2023-05-25,0.006692315013612005,-0.01498929336188437,0.001335236662795225,0.021340088264261148,-0.01436229615464324,0.002438177517305906,-0.0013992027467643053,0.038458127284588084,-0.006424100613694805,-0.017938324426550745
2023-05-26,0.014104589314662297,0.04443478791610045,0.0086674273365559,0.009151050319228693,-0.0003883136785093333,0.009361265531935947,0.0018212502508789807,0.021385482613810458,6.87583900609301e-05,-0.006530446433437587
2023-05-30,0.01065982997057957,0.01290486257498391,-0.008970715867134271,-0.00754342937518071,0.00012945260119145985,0.0037972225941242943,-0.003915465423280584,-0.0050466867810384786,-0.015268008484760953,-0.008859709129590332
2023-05-31,-0.00028205135128989145,-0.00887721353399118,-0.019771272768584036,-0.006468811732286639,0.004469644893345004,-0.012730800087349281,0.0006667286100654479,-0.008514155813436619,-0.0047494404776528,-0.01787773047453456
2023-06-01,0.016022387847075326,0.01816217265513176,0.016136202960026935,0.006917772884287299,-0.0033537565100535405,0.013779123248381042,0.009680458407303139,0.012759156606309219,0.010245853253227466,0.011548277392882333
2023-06-02,0.004775475225646586,0.01205508998453797,0.08399098734937982,0.007678590734046642,0.015724456671486253,0.021006110291047486,0.012432509195447361,0.008479176725355586,0.017782523628132152,0.023219892758803873
2023-06-05,-0.007571193311321722,0.008450728786783213,-0.018356002104955693,0.010748477451633986,0.008600231832883942,-0.009824269970722277,-0.005105096995615455,0.00161004613895388,-0.0039583393656961174,-0.004444014303244037
2023-06-06,-0.0020602337138895255,0.010454888481148839,0.018923838524257386,0.010316653474678139,-0.0008842778948630059,0.0017973642535673573,-0.013486678031653598,-0.00672747535857432,-0.009935732113816598,0.008167855177693362
2023-06-07,-0.007756218172742857,-0.04249267220189956,0.03913009479960938,-0.03778188405363936,0.0021494922330964616,0.009688632188389112,-0.009278440065106475,-0.030867960889410462,0.002145461647187208,0.022421050073417215
2023-06-08,0.015465028245550183,0.024911297199049942,-0.004669979352070475,-0.0029386459299377554,0.010976503667009085,0.0002842111558916116,0.013763743086282476,0.005813700189494231,0.01132602617380396,-0.0031327562688479027
2023-06-09,0.0021597838026650162,-0.006599595129369917,0.002473930495470178,0.0007369211598833303,-0.0015599745297695256,0.0019896027360228885,0.003534390918668917,0.004703900219255264,0.0008194064575710591,-0.007394423803745109
2023-06-12,0.01563876853125623,0.025439515368102628,0.012211220139889178,0.011535527480081242,-0.0006874735686075439,-7.080548642679485e-05,0.006206434680771977,0.01548396147296871,-0.007846530222566983,-0.009032398446540912
2023-06-13,-0.0026116758211169877,0.0007111003199982147,0.03169402931117182,0.0015367863173170182,0.005253344184441344,0.007234032834725568,-6.91703027787538e-05,0.007352845388560292,-0.0024069947275726644,0.00018782770147374173
2023-06-14,0.003491436960399996,-0.001894879884926648,-0.008637484786193195,-0.0012921402858985243,0.005101379411763141,-0.003731813505035597,-0.0003811917309198831,0.009123806784107291,0.009375550127783683,-0.01202559543569015
2023-06-15,0.01119852409156552,0.005458016543269828,0.01787759969360536,0.011482139270866831,0.01343138329463156,0.011308055946250617,0.014457050003162886,0.03189643592367375,0.01386386871455203,0.006941970429144684
2023-06-16,-0.005859774733773193,-0.012744888197649074,-0.009690311088197623,-0.0124710230412719,0.003053927705165771,0.0011881185431537045,0.0037250847024759004,-0.01657564297257086,0.007342695896563223,-0.007177263427839531
2023-06-20,0.0004866550694599958,0.002310948445805039,-0.016797780872646162,-0.0034808546460514123,-0.0006089259252795021,-0.005095640399057633,-0.0022471556149480376,-0.01250260743542464,-0.009228047394303607,-0.022924020083748498
2023-06-21,-0.005675242499624367,-0.00755284590127181,0.001368294952602822,-0.02071485472650214,-0.0015230918121470483,-0.0014734422758723165,0.005050458772820621,-0.013282096990367753,0.008639049385305686,0.011195352962845018
2023-06-22,0.01652524209132511,0.04261789623803569,-0.017144305464121157,0.02156770971493871,0.01061749662043554,-0.01925225879161807,-0.004142384584248426,0.01843738927738925,0.0034127302070077192,-0.005487472445067421
2023-06-23,-0.0017111469342439012,-0.006300361919969633,-0.012218630694049049,-0.006577397542019692,-0.0008454011866250166,-0.005230101632979323,-0.01155795528082637,-0.013805783731391186,-0.009936591141318285,-0.008712526657703723
2023-06-26,-0.007553070791776029,-0.01546431587167707,0.010706333335118945,-0.032695622276131875,-0.011179687470448174,0.0024486826690932606,-0.002828452939908299,-0.019162836345974266,0.0010102669044795842,0.01845685402778452
2023-06-27,0.015058890138540226,0.014529104045574393,0.015783982432259425,-8.457432514463736e-05,-0.0020777990792451018,7.173131611382111e-05,0.0076446194750299234,0.018167770776704506,0.009487930870224481,0.0024931467389808226
2023-06-28,0.006327972521053438,-0.001083754432466999,0.004902542273248267,0.015634256174431593,-0.002020892271401009,-0.00438192267988502,0.0015103723712024397,0.003825897805944223,-0.00019969228102112435,0.008130074182559177
2023-06-29,0.001796564876556772,-0.008834406537251538,0.009798722721313657,-0.008986570770340152,0.0069957135990756925,0.0349231347290071,0.009357726911127351,-0.0023821535913067793,-0.004067145120753457,0.012334057307178847
2023-06-30,0.023102477721490766,0.019233769000189582,0.007410689813472926,0.005037754599331867,0.008653276013556477,0.014013663126931863,0.013379892533719184,0.01638582637111541,0.01579877229475901,0.005154670934552019
2023-07-03,-0.007784746616541827,-0.0010739443770555468,0.005202206148394284,0.0016709841248800927,-0.013110240828125841,0.008044705168965605,-0.011963449538435866,-0.007488334325317925,0.005008561313660342,0.00195793686805823
2023-07-05,-0.005871388600094951,0.0012287180203460757,-0.010107925902248627,0.01542940803639925,-0.00330587363077961,-0.006661752066400295,0.006986966834784836,0.00047343265266386325,-0.00170490198492379,-0.005118137980328785
2023-07-06,0.002508834720897024,-0.015493205988729275,-0.017358982333954276,-0.013470220531248689,-0.007432053776029068,-0.009886415393007053,-0.0066690246062546255,0.009226694337491015,-0.001642149032819118,-0.03732121198723648
2023-07-07,-0.005891285144465241,0.011062622017709689,0.019120304116942988,-0.005245120335687692,-0.014541883920169196,0.007890246699828074,-0.009561994401456109,-0.011867326607612694,-0.020988308944348444,0.002331875910889014
2023-07-10,-0.010855922063303103,-0.020419182854096718,0.014805536550434928,-0.02535989732770494,0.0016323442691745793,0.005611589550271079,0.008182295324388411,-0.015983683741716326,0.0004030959957272984,0.014831447259785246
2023-07-11,-0.0028099078812692246,0.012978852839820476,0.01623727580309753,0.005925126844410933,-0.005516616354134141,0.015639452960730438,0.0008489501492254803,0.0019286038846133557,-0.005239665217889322,0.01222661493762045
2023-07-12,0.008985494060526511,0.01568569880112225,0.0029663223079572365,0.015281029472919316,-0.0034671671554836747,0.004951649465081198,0.002951682498538055,0.014226816525760189,0.005199864366636886,0.004906928093078244
2023-07-13,0.004057420112013599,0.026758409161619312,0.008911513423343287,0.04717061925819066,0.004617959388591553,0.004859992616716546,-0.0013192701650800442,0.016192067966563917,0.0006717101898687794,-0.018311558753387414
2023-07-14,0.0007872766751879645,0.002829408900884234,-0.0009380189836849517,0.007065978367778669,0.006674425214034274,0.006045393240426078,-0.00094854317641202,0.007529503724588826,0.00738516184104232,-0.03443649850928143
2023-07-17,0.01730565197883238,-0.008315972513331604,0.00719812730029501,-0.0061393965213907276,-0.005003952468170092,0.02410354677404114,-0.0008815480057567937,0.0014193892572340605,-0.007064420753138845,0.004358854268988743
2023-07-18,-0.0013404341232794437,-0.005465676406731013,0.024664033211811764,-0.007139974557839435,-6.296105641201422e-05,0.0018256332190431657,-0.002918141418044806,0.03979982557153661,0.0018796978125834585,-0.004537266681797436
2023-07-19,0.007071896176177761,0.019046892602732513,0.000914271058952032,-0.01397872337121675,-0.002011773837516051,0.003839572193631957,0.001055019219252662,-0.012267349048321163,0.006833013469142779,0.006936200364315859
2023-07-20,-0.0100975014978949,-0.03989357175040831,-0.0063177111024669275,-0.023190950168096913,0.06072828238710448,0.012317780011421586,0.010199539567224969,-0.0231215255019801,0.008108427902276283,0.017614697350621933
2023-07-21,-0.006161691524385504,0.00030773533446226686,-0.013175620757428286,0.0068791913956227635,0.010749611302186768,-0.0076849343647568125,-0.0051157294144316134,-0.008937179008980611,0.01574127747449494,0.004641732913621022
2023-07-24,0.004219947398306667,-0.009230745755709147,0.006675706365927292,0.012581203246567085,0.005229275386080978,0.019684009099671718,-0.0010145959104485014,0.003897936577039074,0.003204118678823642,0.015689478536624835
2023-07-25,0.004513738683102675,0.002562125956798944,0.010371340336402302,0.005595416391150687,0.007657429653641579,-0.007468514154961747,-0.009989859073215479,0.017009167593471375,0.002346428981672366,0.0015165421388150246
2023-07-26,0.004545143826259368,-0.007589335934878205,-0.014271472718991873,0.0577692250211157,0.0019142143771040399,0.005994005482095943,-0.0020864948148567874,-0.03763756291587439,0.0010404277339695067,-0.0055831019311790575
2023-07-27,-0.006580974773538806,0.0007803832093540297,-7.746587505730318e-05,0.0010056721287650117,0.005616082441309178,-0.011029466072416616,0.011791233612506113,-0.020872226670098137,-0.011887792984448753,0.0031402804294100584
2023-07-28,0.013507874151376775,0.030877245332297854,0.008246131029991277,0.024575005854388543,0.0045481401817661915,0.005704483290400519,-0.003929686266219368,0.02313149204626619,0.028269027795933876,-0.011952182114716492
2023-07-31,0.0031659315980856473,0.011118568090654923,0.018201009247742483,0.0010559389025819321,-0.03983264394675856,0.006691773920815436,-0.0028228179988755153,-0.007240760693029147,-0.0007030923152567814,0.02956985188229999
2023-08-01,-0.0042759749499612365,-0.014886223394710907,0.08854672778692874,-0.008815538942517631,0.00811801050288441,-0.004937979434123996,-0.007265036575648143,0.0012504535509649806,-0.0003199625966204822,-0.005781473568449935
2023-08-02,-0.015489885359326161,-0.026425663778747666,-0.0037414184946750195,-0.024097162789605053,0.006039357404023393,-0.011324561877983252,-0.004981277695839559,-0.026282858196215786,0.002175945812250335,-0.012474060180070023
2023-08-03,-0.007321590709149395,0.005459768439170398,-0.021281909386857922,0.0005450624693204009,0.004296337129258365,0.006113208429174399,0.004833637011095959,-0.0025650147186830896,0.002618298192825552,0.017380481968580774
2023-08-04,-0.04802007325584745,0.08269337801006271,-0.01780064456152619,-0.0026468675143735965,-0.009376349350704416,-0.002110741023876983,-0.013744609256931994,0.003428687638672656,-0.010955335504577723,0.002800636056913275
2023-08-07,-0.017253774995213744,0.01898684357254843,0.018846673966903538,0.02669576913365601,0.024018082993033207,0.0047430917170445674,0.01526019425836167,0.007108443977866807,0.01056154773985396,-0.002048032906110442
2023-08-08,0.005311669404017394,-0.016031491771390738,0.004402686903854258,-0.0009882753490580987,0.00046191213734569914,-0.0056136819027731155,-0.00624580071789127,-0.012299048631001508,0.00108332759449703,0.004944012391819408
2023-08-09,-0.008954435180327347,-0.01493494570121734,0.005797471001740773,-0.013241949990247859,-0.0006350024055139514,-0.013407748538961317,-0.004661704147350454,-0.0117159010371507,-0.0012731056961531317,0.016986828713330793
2023-08-10,-0.0012344636813036436,0.005150463718840648,-0.00249540687018579,0.00023133447384027228,-0.005200220431402114,-0.0014956552635841946,-0.0021857555498313586,0.0021722457909720827,-0.004971760556535698,0.005111410054184251
2023-08-11,0.0003374824847979241,-0.0010825194798443905,0.004932514431971624,-0.0010024151138973147,0.009757814580187318,0.005795972636821745,0.0035464443262347434,-0.0059453664241855275,0.005829248827160738,0.015528524353397577
2023-08-14,0.009393317689515124,0.015605834874352187,-0.0023839922441495354,0.01366164279803983,-0.0023583426299471633,0.00207177498463329,0.0006582930180700775,0.009438859543398737,-0.007833589813411646,0.000804781750481709
2023-08-15,-0.01120049956465996,-0.020630355012962953,-0.0251984791916241,-0.01180220783629704,-0.0028829536945685907,-0.025457145654939506,-0.0017656813291885287,-0.006727867607559057,-0.006418751305788617,-0.02567334468911664
2023-08-16,-0.0049589736302199094,-0.018885675014943426,-0.010311152762195408,-0.008321939204514073,-0.0031800846898643043,-0.004243317491529508,-0.010058946309608241,-0.0024282028284229318,-0.010207302803222795,-0.016826982145999647
2023-08-17,-0.014555110561784046,-0.008069975106044458,0.0024043941565223825,0.009479428507092491,0.009396974216918874,-0.010386567178713113,-0.012403725356995632,-0.010986201912361215,-0.0071797762238587914,0.019371823736088256
2023-08-18,0.0028160604617133433,-0.005672447612115605,-0.004978915722216426,-0.01893477932361387,-0.008734885669677617,0.00228741646291053,-0.0004257052515087567,-0.0012623577913155604,0.002826881540813897,0.015129181917653334
2023-08-21,0.007736782856003321,0.01095925117625085,-0.0038350289317106157,0.007139430705486394,-0.029798996510515208,0.0034235099645685274,-0.006033947831710407,0.01706253671289759,-0.005047675312921052,-0.012086660672942284
2023-08-22,0.007904908140659028,-0.0031926989840012077,-0.009349165866583853,0.005531172306963761,-0.007947401726929093,-0.020738478906554447,0.0009642640084848164,0.0018019810896601207,0.0003950747630030449,-0.00561113985361017
2023-08-23,0.02194890638371705,0.009459994580714559,0.010473767924252586,0.025487761898562722,-0.00897468716141403,0.006763073604941772,0.005565230839187585,0.014079332807958922,0.009352829041677335,-0.008788255103352904
2023-08-24,-0.026170448662052426,-0.027154721211281152,-0.013661444704498371,-0.019566094789223443,0.0034035069487308167,-0.0009500973162694937,0.0017027604207136005,-0.02149845814536877,-0.0046331347980191895,-0.007466113349623549
2023-08-25,0.01264302274101925,0.010770617478674804,0.012105468813330189,0.0007703623605428422,0.014338038011929788,-0.0012223723170549095,0.00789814370191988,0.009407339913336976,0.006555825433688378,0.01786565657702388
2023-08-28,0.008846247138645458,-0.0009004586682715976,0.008181795916159418,0.008700181167461851,-0.011789586009964048,0.0034682098613973977,-0.0031625567827862078,0.0022291172799349113,0.001563028325561877,0.008406419650140329
2023-08-29,0.0218102069474595,0.013294308852149106,0.019068869657525633,0.027173788039735802,0.0001217391598644646,0.008132193203440385,-0.00031737306787882336,0.014550228532902443,0.0005850764743271508,0.005954583202994135
2023-08-30,0.019172177419895187,0.0011860029483812262,0.008213341479978764,0.009734555231922126,-0.003529806837504035,-0.004033351069432811,0.0022920172843565734,0.001157368140878523,0.001105116446646015,0.009744166672867927
2023-08-31,0.0011726223944659164,0.021766395374215985,-0.004250214931244445,0.002134132405366973,-0.012520492014094886,-0.012351468345681016,-0.005553159744594027,-0.00313290127802357,0.0019475221838423096,0.0027957734295744885
2023-09-01,0.008463088540904717,0.0007970481467276525,0.01821231404155088,-0.0037451251050850676,-0.00742226197125484,0.0033486449075588176,-0.0007470204448062345,0.002745997850167825,0.0011013321901722772,0.020955012486406854
2023-09-05,0.0012668405662179527,-0.006154002858205887,-0.016139703314261067,0.0008108619921955995,0.0012462939823056907,-0.011034150136951304,-0.006335693966143752,0.014878717531094043,-0.013397154197221983,8.81240804502248e-05
2023-09-06,-0.035793413885662706,-0.013914209970579572,0.00450927079788821,-0.009648856801272032,-0.016616754826609292,-0.0016526528947437003,-0.013325864053340797,-0.002008767340377693,-0.0019680694428740875,0.008631981845712566
2023-09-07,-0.029249411733358266,0.018395430569861038,-0.0051960449578334345,0.005949881818747338,0.012783817610718451,-0.008554116497410003,0.010492497248223875,-0.008922133346162209,0.009530615716103696,-0.0048903373651616455
2023-09-08,0.0034917585932623396,0.0027565441218631026,0.0030200085685323508,0.008280247899362658,0.0033119150766480754,0.0007654477019181094,0.003197436778742846,0.013215678759778582,-0.004296955973160044,0.014567889984745896
2023-09-11,0.006622587065090002,0.035231212663680456,-0.0008144849427882406,0.003959631932906937,0.01307926085859168,0.004380219109286987,0.0019341051315151514,0.010979162227492845,0.011900921700359834,-0.012542206155449986
2023-09-12,-0.01706060883574123,-0.013067856717097759,-0.0008509315153805153,-0.011539542498741562,0.005656017384383816,0.013014038789905813,0.0033957195048044397,-0.018257872718638324,-0.017576716247533763,0.029169523198606218
2023-09-13,-0.011854768716533015,0.025632022130484877,-0.020900604556910896,0.010122537111520336,0.002506334568172175,0.0004781724805698051,0.0037760336664334204,0.012930927228455014,0.006972109225602985,-0.008936925235736637
2023-09-14,0.008782388266020957,-0.0008975138235036706,0.024064745359602124,0.010167630447179832,-0.0015243736739888325,0.01939767427692307,0.010611712590838263,0.00785564664024574,0.010974099875008081,0.017863341608833405
2023-09-15,-0.004153834123785449,-0.029919857618376344,-0.01206822845321509,-0.005068881662119384,-0.01398570318380965,-0.002948237588387137,-0.02293162784895264,-0.02503691588035728,-0.008399492684376786,-0.015356112425685686
2023-09-18,0.016913420594786288,-0.0029204620264398073,0.006412473739900504,0.0058951877114774565,0.006317810203954277,0.0020833364833583445,-0.0018330834672871665,-0.003512752571900535,0.003779207789382344,0.00805482691606807
2023-09-19,0.006180712882661199,-0.016788047695762587,-0.004520458732922394,-0.0012300599145298463,-0.0016618385107671774,-0.0012743472096063968,0.001476459320087109,-0.0012459075332889036,-0.0029213033794530663,-0.0026350488865557464
2023-09-20,-0.019992176008458595,-0.01700219075536713,-0.003790395838777494,-0.03115033410003265,0.004377376296470947,-0.004230006694974642,-0.0033437742884095956,-0.023977045948237574,-0.0008461476253128764,-0.007926383884663268
2023-09-21,-0.008889270511193037,-0.04405345369833069,-0.02361709994453909,-0.02467462852582758,-0.0076728979411717635,-0.007822092637904232,-0.02157296708480838,-0.003865572171053877,-0.008666412025008507,-0.01408937490719575
2023-09-22,0.004944321625115711,-0.0016238050792075631,0.0037862456992587834,-0.0014566715355962545,-0.007175639748550622,-0.009582671237874152,0.003687128660716077,-0.007886538434454526,-0.0036806979895300795,0.0015685184649751882
2023-09-25,0.007380434568726502,0.01665124873434287,0.004431116438811777,0.006602650691945655,-0.0014952643678348698,0.004940808668808305,-0.008963447263128144,0.001671847563373019,-0.006069314051569297,0.011223325132955209
2023-09-26,-0.023398515439695178,-0.040298626825268746,-0.017318439234119243,-0.019372970653108168,-0.007737424720472008,-0.010378996844390809,-0.0076357675029650185,-0.017005773821595516,-0.008894418371319435,0.0015486097061121473
2023-09-27,-0.00889739115335575,0.0,0.011835694125480245,0.01532236150011168,-0.012011124435779785,0.0058647550036772245,-0.015239883697269141,0.002082320410677463,-0.013260039063112683,0.0325573068188183
2023-09-28,0.0015254862628861776,0.0,0.01294415746035349,0.013559080499569331,-0.0014640328301425143,0.01241597216518553,0.007396485994813906,0.002717574378579002,-0.006786977361795676,-0.006073348920707433
2023-09-29,0.003046596471850238,0.009049050319664742,-0.011728845689997436,-0.010959158470488894,-0.007202782040162781,-0.017412958077270058,-0.008095104131228492,0.006727382582505159,-0.0032800811344338987,-0.01581973770289291
2023-10-02,0.014835569369148427,0.01840783446134786,-0.00468855423515846,0.025294155864219903,-0.003852427964112004,-0.008619619636481612,-0.021598997093013494,0.019160695147008244,-0.00459333833601927,-0.016584511617546926
2023-10-03,-0.0077697339525212294,-0.03661366636292884,-0.010120710085627982,-0.012968564548793582,0.0012246007082825638,-0.00737279486316722,-0.012647797278197426,-0.026134110589224213,0.0020662327043963202,0.001729677608680591
2023-10-04,0.007308477436617,0.018280939360016735,-0.014648636453673869,0.02121885349975372,0.0011587789268361348,0.004484530672203224,0.005186652410079207,0.017773265026752805,0.003299244324719064,-0.037382421685716705
2023-10-05,0.007198078238868755,-0.008188983586829512,-0.015960539443098276,-0.0012570730251658668,0.010416623947572479,0.004216400168754575,-0.013994678409570804,0.0012540285472475432,-0.014866055664353506,-0.022511206745626233
2023-10-06,0.014750298041041443,0.015878056641289273,0.020092204897048438,0.018582864372897134,0.0031819594813493612,0.015395556468553062,-0.01589813670079554,0.024737210264635268,0.002016560237098508,-0.016698915749240206
2023-10-09,0.008451338933901598,0.0023444468936362206,0.019771320780834767,0.006105492249934841,0.005708945151758904,-0.002274225604411373,0.0068487135117323295,0.007822211617648067,-0.005066343506452742,0.03499127272632041
2023-10-10,-0.003352273887601065,0.009511938819224852,0.007040225059567362,-0.002600665410483649,-0.001134977536150772,0.006078388588405925,0.006402029037698709,-0.004335385081242982,0.00990518698098164,-0.0042372805680703785
2023-10-11,0.007903960738531834,0.01814956889912689,-0.0013908827525559442,0.018035534323305624,-0.013766460796768798,0.0034329608715193416,-0.002385448940569468,0.01227185084082727,-0.012294604592502756,-0.035853215292816265
2023-10-12,0.005061258269482449,0.0037927633547389927,-0.01180226803186446,-0.011241510346193029,0.0009606126811554372,-0.002326439959575488,-0.018850623089873286,-0.003790317521017661,0.0022378331729313583,-0.0001878832655848317
2023-10-13,-0.010292763128696869,-0.019194502454286222,-0.006194161165537282,-0.011585266017939522,0.0033262794909558746,0.015019586483499214,0.00861125591947065,-0.01035755246908776,0.009559010573147342,0.03193398600409769
2023-10-16,-0.0007267911893039658,0.021265196921155027,0.010636737730179036,0.012667499242824398,0.004335361666607307,-0.0010133951194261082,0.00656437859187875,0.014981734131109148,0.009537829348390092,0.0007278872780644985
2023-10-17,-0.008784621691009908,-0.008147882355257097,0.0068687674026688406,0.004457156827550435,-0.009141044153009092,-0.0021643760407521473,0.004801121190701307,-0.0017435984707685481,0.0013005901478941873,0.013096945412353067
2023-10-18,-0.007394943877549243,-0.025405007278304192,-0.04925728333678736,-0.012596579035946576,-0.02152618628187042,-0.01098074482025957,0.01947122194448525,-0.005872492003272001,0.02577590852098144,0.01400475040232596
2023-10-19,-0.002161122804998694,0.002107149015711185,-0.024419309776493203,-0.0015221409153238774,-0.0026841716747719735,-0.004249302625835671,0.009178659992557181,0.0036654763050856243,-0.005627279763745996,0.0006199085724374331
2023-10-20,-0.014704151470340432,-0.02515573116103942,-0.00949957063804785,-0.015608011084069617,0.004464079614125982,-0.01610563801647391,-0.001045113614385751,-0.014034710401317652,-0.0013491122440815184,-0.017165130854928545
2023-10-23,0.0006941681931795785,0.011104892625885654,-0.00754408986824906,0.006637158108126595,-0.010522884165330093,-0.013641211843350431,-0.013017560495063418,0.008112141477662593,0.0006755758251191235,-0.014674104181532699
2023-10-24,0.0025433097260556536,0.015802781594350668,0.009016627162422353,0.016923089052528706,-0.0010569006625721356,0.0012057063310784155,0.009891891922616303,0.0036741748491437853,0.011812049094022115,-0.009684891850758937
2023-10-25,-0.013491640321098175,-0.055771610960691276,-0.01847329806916076,-0.09509401713377574,0.002248181989629172,-0.0054545173043191175,0.002954128275131307,0.030678181951172778,0.004669918369055948,0.0018452130424906343
2023-10-26,-0.024605701493885412,-0.01499299533713827,-0.010247393368704838,-0.026510649313453927,-0.016955714027074298,0.0025642121166806753,-0.00852607555352869,-0.037514478260608164,-0.005312135243025984,-0.009116795560490498
2023-10-27,0.007969431981473374,0.06832816082460003,-0.01596335556670958,-0.0008995873779403807,-0.02281872948109953,-0.036018760207776834,-0.00027363053764595247,0.005855837564989308,-0.01762337627825361,-0.01905208357065491
2023-10-30,0.012305266473982224,0.03890722509168976,0.01509061447191451,0.018744435830580164,0.009821291381713282,0.012749585868026436,0.017164557669124392,0.022740258664819768,0.014270166074776158,0.003126431546710995
2023-10-31,0.002818813841179324,0.002863308000901066,-0.06652629994593595,-0.0030532605747133346,0.008909701624432165,0.011934067801804948,0.007764736979368081,0.0023717081359055925,0.005158720257965044,-0.00028329269998206286
2023-11-01,0.018738667657969943,0.02937864429857373,0.025569541785055883,0.019100634868496558,0.0023595615490796806,-0.0008627443691875403,-0.0007629918337842545,0.023542645866215572,-0.0027993087962639995,-0.001983844777110111
2023-11-02,0.020693414725049486,0.007810272439553012,0.03144548162762906,0.00822455518361509,0.01042437019338438,0.017849312153807695,0.018628133170132788,0.006501508950571777,0.01223173311013892,0.032847378320536524
2023-11-03,-0.005181275144532038,0.0038386235328597973,0.006816704724089462,0.012628536639940346,0.007321592313258796,0.01117257113874115,0.0038223929959975145,0.012861733182943702,-0.009046647631431814,-0.012189454778479103
2023-11-06,0.014605096626928216,0.008225103459209127,-0.010259568763160032,0.008907796134711266,0.002378812039810274,0.007552434445438072,0.003882555605947857,0.010572551357167725,0.005797359399059898,-0.017721281098760366
2023-11-07,0.014450706387572065,0.02125376487729147,-0.014101197356462203,0.005527822539332927,-0.005273811629810554,-0.00048599107742974823,-0.0008923664823200506,0.011219265189271077,-0.002318764380614291,-0.01567963171284359
2023-11-08,0.005885019991525908,-0.004414580990635519,-0.0004257309509013707,0.006642771517959334,-0.0036445145552996827,0.004930183885677897,-0.004392100877473992,0.0074058808713031166,-0.003851737678916334,-0.012283018721469197
2023-11-09,-0.0026245302586699326,-0.010416636461610618,-0.002853109591886227,-0.012136006958449963,-0.019487988628689168,-0.002971290059996856,-0.0021685068068606483,-0.006910856648516539,0.002266689993788429,0.00029141192848292086
2023-11-10,0.023220089625433316,0.021052569890351647,0.02361728208694225,0.01804365063110569,-0.001153031611192512,0.014831177271687368,0.003297171680237465,0.02489676790396045,0.007050317897944636,0.007672947968222488
2023-11-13,-0.008583806603146837,-0.006756765374750118,0.00830284033963058,-0.0037709919557118443,0.0025804902498338667,-0.004438935331024907,0.0052654434784322746,-0.008088342274345295,0.006934805113985476,0.010506086637465106
2023-11-14,0.014285850025496538,0.02251214528584833,0.025613404585437927,0.011582877216636422,0.00020316066596826055,0.01824694380407954,0.008506448596857341,0.009790454829187833,-0.0022302641678050295,0.0038501860062460924
2023-11-15,0.0030408876745973146,-0.017832688951265996,0.013031459661391187,0.007483962895560081,0.007720309237657652,0.008757654241826174,-0.004051713542370994,0.00040593273670253005,-0.004601344652912731,-0.006040722072669702
2023-11-16,0.00904216391263124,-0.0025837648398919777,-0.011469944889735295,0.01715953869078879,0.008736789582893811,0.011419588864116204,0.021191871556135,0.017583336817369455,0.009311697242576189,-0.011576422020411758
2023-11-17,-0.00010554930333805945,0.016453061783939793,0.01958014654184348,-0.011830843592636864,-0.0020652893349857315,0.009046049166415937,-0.0013401606165018842,-0.016800964656567552,-0.011515983358099557,0.024399831083373513
2023-11-20,0.009278519529372531,0.0065436854591447435,-0.010352752772074925,0.006946910970326847,0.008815515481931824,0.0030755231991119736,0.011894891698652987,0.020521801697869213,-0.005295607957341852,-0.004382685148011212
2023-11-21,-0.004230907054402766,-0.015260459261028925,-0.0041526130703409825,0.005284508490384976,0.008071609984411587,-0.0020876702873489084,0.005160471175962078,-0.011577959370300595,-0.0043920100795328265,-0.0003827398270063176
2023-11-22,0.0035143700788355936,0.019527539517508297,-0.013632201078357498,0.011097240231169092,-0.0019852391052596063,0.002353503383669464,0.005205567902871966,0.012812691830066836,0.009424458895615162,-0.004307824044215036
2023-11-24,-0.007004366608308388,0.0002044767086364363,0.005487671786011505,-0.012997308287205023,0.011139109243453404,0.0013693933663343483,0.0021638699797081884,-0.0011115212373100647,0.002383647831498026,0.005384072657064198
2023-11-27,-0.0009474274648397785,0.006746559883569869,0.00012120070002463734,-0.0020484900413780815,-0.008000057873528643,-0.0022793050613332255,-0.00247751400363716,0.0031262265675588985,-0.0009247462673748208,-0.005833539697182477
2023-11-28,0.003213920012582694,-0.00473835354015173,0.0004446031702005637,0.0057912303389060504,0.0023135557012154973,0.002284512161465413,0.0008871055947934359,0.010802817695272804,0.006942494216180206,-0.0005769345304009743
2023-11-29,-0.005409538176928463,-0.0048288883967405605,0.007878867843545523,-0.016107824757874978,0.003165571049822402,0.005080431330635848,-0.00606210486355474,-0.010060142826770369,-0.007617061222132238,-0.015014546229741299
2023-11-30,0.0030627653383297204,-0.001571972217158657,0.0050911852617196995,-0.01822373610564121,0.016764175133618497,0.011404772932156693,0.01123034188073424,0.0001583579434003557,0.01581434968433748,0.003908579285576863
2023-12-01,0.006791219662506842,0.006434406632690459,0.0240906054277914,-0.005055246590307094,0.02405290537739435,0.004869471605243092,0.01461826928434995,-0.011612167026873288,-0.005601936592731893,0.0024333013510573487
2023-12-04,-0.009464515115759298,-0.014894936132684111,-0.00782836727668923,-0.019642119477803588,0.0031569602014456244,0.0073322350205007325,0.0005942880562195274,-0.014338891434261258,-0.003930313612297787,-0.005437316630040656
2023-12-05,0.02106316787468887,0.014084566393959497,0.0017271560477272185,0.013305651185191003,-0.002077185696235051,-0.0001267303233248862,0.001433135295350052,0.009156439449017784,-0.034854742787387094,-0.019427824656015114
2023-12-06,-0.0056870930580912304,-0.016067541747663228,0.0030566265287603755,-0.007405120898196449,-0.012172767529517903,-0.010508436815108713,0.001116625337873156,-0.009986025251658592,-0.0007495452470813735,-0.013241774685106011
2023-12-07,0.010139302786880577,0.016329923474831087,0.005625636573056481,0.05314569121395385,-0.007789507813280916,0.0030709523912562098,-0.00024386042085156046,0.005829868092704693,-0.0010227643885348803,-0.006962102254154168
2023-12-08,0.007412448822864404,0.0036764247561378305,0.008119488447466683,-0.014167999955089217,-0.0063062734814858246,0.011033710837734079,-0.00439356961554338,0.008842153778329864,-0.009214960971569042,0.011481302805503635
2023-12-11,-0.012927457584005597,-0.010378502226973785,0.0054720288170431175,-0.012593444324960679,0.004144607062379402,0.003659068273622612,0.012678195048206664,-0.007829510486963898,0.0046159402772085745,0.0007033048508562345
2023-12-12,0.007920075899797041,0.010898597193382598,0.001954357707414589,-0.005776843191187986,6.455594871557224e-05,0.008925150411236205,0.00785047167322328,0.008295282147951166,0.0008229566600377325,-0.015759869993182907
2023-12-13,0.016691623558050317,0.009221593773735215,0.025016491327048973,0.0003773911931768126,0.004642811034441863,0.00336401166466338,0.015476018257879698,-2.6970092897093956e-05,0.01808960915744451,0.00887299744013026
2023-12-14,0.0007577731072168081,-0.00954043404920335,0.06418645788858268,-0.0047521986659795346,0.006932396919790973,0.01819204611709191,-0.019970805696834293,-0.02254446193503057,-0.02638300713430619,0.026890498380778727
2023-12-15,-0.00272573096091544,0.01729753821347546,0.001998647480327742,0.005002110236125068,-0.01090052873237024,0.0075614352017283615,-0.009482147369168747,0.013117455387337662,-0.004838853033820367,-0.0066944180920957
2023-12-18,-0.008503437291866645,0.027338841569267247,-0.00010519665992347882,0.02413266880821663,0.0018046240157512106,0.006052106240148403,0.010304012976636079,0.005178862448146804,0.01535104469057913,0.007433268142879479
2023-12-19,0.005360228675831635,-0.0018174467759756174,0.025375442863941666,0.006259334263778449,0.006562033452791605,0.013354985241479822,0.0017225788426982191,0.0016368554621886133,0.0,0.013182398256819772
2023-12-20,-0.010713902200633174,-0.01085895208954335,-0.011093706017220262,0.012367330356623407,-0.020388650021593957,-0.011279288569383872,-0.00598477209578141,-0.0070728469127812055,-0.015461250236104895,-0.016700698373347644
2023-12-21,-0.0007700259721696856,0.011306871390431628,0.0012428886993169908,0.015035347937190524,0.010243277713379406,0.005704029029079294,0.008304852837427656,0.007878865421316883,0.002432147490867065,0.004542459216442252
2023-12-22,-0.0055474309100966845,-0.0027300973670256745,0.0009994787215525935,0.007620144360015901,0.004004174332882027,-0.0005970086703412925,0.0010637911338151618,0.0027840006527177774,0.007070552978352573,0.0017693065750972181
2023-12-26,-0.0028410218767993545,-6.514474615582078e-05,0.018150105988987475,0.00021199256385284748,0.004374126510500176,0.005914088042953791,0.003976397112054331,0.00021366111461973425,0.004542975072472588,0.0022569660280102877
2023-12-27,0.0005179776213242171,-0.0004563413242133496,0.008422616037349062,-0.00812614393058464,0.00134484324362516,0.00599774680649956,0.005770970939265485,-0.0015748354358970929,0.0008222799592687569,-0.0046994787218981315
2023-12-28,0.0022261825737657226,0.0002609139551152939,-0.004159399735566227,-0.0009973383136724356,0.0014711874811470516,0.0053130964460503805,0.004379463120759208,0.0032348710638634426,-0.0022595219176922976,-0.014459877245962316
2023-12-29,-0.005424033925514826,-0.009388462612883952,-0.004075629312173645,-0.003850701158049863,0.0010218322087687248,-0.001174573050939931,0.0022647873411503205,0.002025003711874085,0.005558278654125948,-0.0020961096821474623
2024-01-02,-0.035786585170725416,-0.013228970207501023,-0.0100112617779472,-0.010881378566956257,0.020607374709830095,0.011640240521951783,0.0017872825268860915,-0.013748555830023657,0.015013190681476996,0.023804691270217004
2024-01-03,-0.007487627654248374,-0.00973782115920796,-0.028731424894496316,0.005428050815359242,0.006251062346935843,-0.00435839243647862,-0.00892111533432327,-0.0007279857793485167,-0.006051112480480181,0.008401743746376145
2024-01-04,-0.012700092350476422,-0.026267891590348702,0.006331148072761916,-0.018211956258901263,-0.00211220029750403,0.006636138282647641,-0.009001852632338325,-0.0071775177432162884,0.005478841353335984,-0.008719307875420301
2024-01-05,-0.004012999021178465,0.00463442024626004,0.009891667146148642,-0.004839020206902522,0.0031127397806507417,0.005017139604173604,-0.009426025821607342,-0.0005163501335405662,-0.008274284011221655,0.0030297112505559554
2024-01-08,0.02417492339785854,0.026576703830634596,0.011490718042420855,0.022913078616457305,0.0024826457954056913,-0.0014509534652973333,0.010069577340512392,0.018871507930077636,0.008614878383535807,-0.01666173348144051
2024-01-09,-0.002263534369174147,0.015224607114340927,0.0001369942239486388,0.01519757478393613,0.0006190992728294376,-0.00790611620659798,-0.003528780717119484,0.002935737560354479,0.004102508076657685,-0.012386081152752415
2024-01-10,0.005671299570209953,0.015590940651907248,0.003626511427813117,0.009435724952440605,0.0014846579655598546,0.0021093475042934795,0.01107040854613106,0.018574240504357187,0.004286474870327295,-0.00983236117570141
2024-01-11,-0.003222455217526732,0.009432101662268044,-0.004397419230790733,-0.0014055810037369998,-0.004447972433575864,-0.004210000475627695,0.00020382233218430024,0.0048592259142747896,0.003801633339524768,-0.0002027189534596907
2024-01-12,0.0017781506983753914,-0.0036086969005325598,-0.005649729691515115,0.004011890674356033,0.007694572100043429,-0.007339991782382316,-0.002311618028228324,0.009983654092608818,0.0005979845776076242,0.012972498905791996
2024-01-16,-0.012317177638631827,-0.009442449238027617,-0.010949965989653365,-0.0011215049160412383,-0.011515368644253177,-0.006270409290245582,-0.008109844926886378,0.004633570343108628,-0.0053785382658877445,-0.02261118522450134
2024-01-17,-0.00517330205390365,-0.009467203666572499,-0.029941133559503563,-0.007158457339819457,-0.0005606346541954244,-0.0053575138326852345,0.00024064635633402887,-0.0020498399428086067,0.0010013244187170312,-0.007267845279165908
2024-01-18,0.03257060578943993,0.011798781932089941,0.011735876027397563,0.014207792083593684,0.004861963734592578,0.001975062944277628,0.010990278578365986,0.011297237533208548,-0.005765023710026296,-0.0018561344027527849
2024-01-19,0.01553297041857693,0.011986946826648914,0.016678775552176894,0.02021207403303915,0.002915462164154503,0.01726196536412372,0.02096075487230853,0.012186863191044672,-0.003847580965236408,0.0015495705410746297
2024-01-22,0.012163267767581587,-0.003604979862209201,0.011883001384201286,-0.002664259132310831,0.004886186493699096,-0.0011744750403804849,-0.007054352358727201,-0.005417931100492268,0.001964999679507917,-0.001340900215308416
2024-01-23,0.006653217237671649,0.008011406531487353,0.0005540593721558018,0.007192086146227572,-0.01637232372501074,-0.006583768581834626,0.005495888347061717,0.00602759029570854,0.04139044055933505,0.011258021968961529
2024-01-24,-0.003483999117715131,0.005447960655367012,0.006405306305435676,0.011289347332418265,-0.005318677521204518,0.008935587636418774,0.0013000219282091052,0.009175309201786108,-0.012079452603122709,0.01726078604902237
2024-01-25,-0.0016966149348520698,0.005609771850602074,0.034711691750640705,0.02131817609413944,0.0037742434927980906,0.014310579213860697,-0.010751100363405763,0.005738191778292379,0.023008193866061566,0.025401520083723428
2024-01-26,-0.009012640177476383,0.008684596622424712,-0.0044553018258394195,0.0021071409554302978,-0.00037590353605554405,-0.0038163225170271264,-0.016654858793586524,-0.0023217775620815173,0.0033415104672815943,0.008518530027203708
2024-01-29,-0.0035859233158179737,0.01344896590822775,0.01275764205024621,0.008673288326680018,-0.0008777093261472801,0.0026120063383949788,0.00017095197595651257,0.014334129942259022,0.00012800517169497816,0.0012621386746876073
2024-01-30,-0.019245782862677308,-0.014014601164705653,0.004979554053132551,-0.01335414858326811,-0.003702465446167036,0.020494527470326318,0.008005356601005209,-0.002758066503533718,0.00851702567538859,0.01667802777503491
2024-01-31,-0.019357562444007437,-0.023899390262627773,-0.014601879355361724,-0.07500320251052461,0.0008187997150295168,-0.010835623400513583,-0.006550302009739939,-0.0269462101419915,-0.0022226608912256918,-0.019456365679480503
2024-02-01,0.01334045786682636,0.026288672108771616,0.024574610811927355,0.007565890438453238,-0.0033981027106715356,-0.003613367002558654,0.018311089314926976,0.015594346470002574,0.01298227370932481,-0.004085306215383944
2024-02-02,-0.00540510821138418,0.07866649218561839,0.024050249590261474,0.008642747242418425,-0.011050704092313457,0.005756226031696787,-0.0034552982061851756,0.018425922289464935,-0.006847609474420424,-0.0041019046388851566
2024-02-05,0.009846663100146147,-0.008730574595861018,0.020026168600840943,0.009130506048887321,-0.005172098905423583,-0.0013163665488264975,-0.03730027344122677,-0.013545103635253408,0.0007591630036176689,-0.004118879773789663
2024-02-06,0.008631873811831836,-0.00681113075414308,0.004106937313228087,0.002923193802431001,0.014505560325949185,0.0034382771595409256,-0.004616001863894326,-0.00039443954767270917,0.004740463695950492,0.006893165003601931
2024-02-07,0.0005810461776705189,0.008158468416245013,0.002695855310555384,0.009992938165794385,-0.0005060295525364245,0.001884622559326754,0.009415279118729414,0.021110231686803482,0.001006677365624098,-0.0002933314881793381
2024-02-08,-0.005754798593027521,-0.004046223223746481,-0.004913638090561223,0.00254231146996875,-0.01000145415947118,-0.003591147836851327,0.0160093466058997,0.0001448953271518949,-0.0030167944649129863,0.01711999825885835
2024-02-09,0.0040939697495763205,0.02714319777292107,-0.015031165696892113,0.021177476903845083,0.0023019246293176643,0.0012014542630989222,-0.008426656977932212,0.0155514409349502,-0.007690292844075075,-0.021159963264777648
2024-02-12,-0.009001876701088762,-0.012095159915523457,0.014093819114405104,-0.009865619193125008,0.006953355719110821,0.004456943379251621,-0.00010342720862666077,-0.012578679809758797,-0.0019692140329147234,0.013756445533469108
2024-02-13,-0.01127445673817773,-0.021469171561243172,-0.0273293891826627,-0.016200252958960215,-0.008742523180107376,-0.008703677545947919,-0.00805036453573893,-0.0215287313910687,-0.005346577757724846,-0.008608896234695962
2024-02-14,-0.004809598013277627,0.013875689909627953,0.012370514345322103,0.005511958235550507,-0.004665452158792882,0.010157247205753839,0.0036923772791179754,0.009665366130902076,-0.004095513879661117,-0.004933904598649508
2024-02-15,-0.001574748160169337,-0.006901349311422389,0.020081317276167132,-0.02172123320046848,0.013997583627671117,0.02181447133428871,0.012804684276733536,-0.007155264058498978,0.008867142907218462,0.028659353503425633
2024-02-16,-0.008430505745003036,-0.0017079419299743659,-0.0035903538442426663,-0.01575958847390968,-0.0011482569547777155,-0.004670002559086672,0.0005483002309261131,-0.0061492459955417855,0.0031845308968376784,0.0
2024-02-20,-0.004113763755895894,-0.01433539469369316,-0.025379925631454303,0.0042696656258274235,0.008367834184450862,0.00390978056251412,0.002157276698585564,-0.003142805530070736,0.006348742434341803,-0.009447636321392117
2024-02-21,0.004186084264962808,0.00903755380828164,0.010837126938573194,0.010133254022596017,0.005194376006278922,0.006509978773822089,0.004305702941472589,-0.0015146473862661658,0.011923526087965097,0.020437890805630632
2024-02-22,0.011243735573974734,0.035530017339574504,0.015608162549182403,0.010803271190266583,0.011154652500443785,0.011995511204414777,0.006838759317876253,0.023546777967722532,0.0009976399530138291,-0.0008583089913914987
2024-02-23,-0.010033956320608994,0.0023485144793740087,0.005557502063612052,-0.0009022362570084708,0.008663090120141437,0.0050254181078228655,0.006184082268225977,-0.003182339316047167,0.0029271498914538174,-0.008782075768426822
2024-02-26,-0.00745142477630345,-0.0014858549486425066,0.00463141920428356,-0.04438726450296093,-0.00648795119650325,-0.003424071987899069,-0.0021157613098963246,-0.006823633080961122,-0.005030099369721985,0.003948383276236367
2024-02-27,0.008114425121015012,-0.006810521779339163,0.00691490949426754,0.009522497205576297,0.0011816501744685848,0.0004908337913640537,-0.011308631241797484,-0.00014716571724548988,-0.005742177170910745,-0.0021102763391591672
2024-02-28,-0.006625508739307007,-0.0021896371944472026,0.005890692140309017,-0.018001332169207407,0.003540966619273167,0.005069547347582581,0.004867832140039718,0.0005889771220739526,0.004708228515503121,0.0027877132159308537
2024-02-29,-0.003693017819555,0.02078996747858297,0.01335124260548537,0.015251656732546692,-0.001052402131037078,0.009111544439977415,-0.004224660300491845,0.014519828686782477,-0.0069352650458834875,0.001917216189663229
2024-03-01,-0.006030409242451573,0.00825982552183624,0.008204599382684918,-0.009533572253729417,0.004585501000830217,-0.004138473976709411,-0.0053031209019941405,0.004496577360443288,-0.0005663272249343265,0.012628948329642897
2024-03-04,-0.02538135566734856,-0.003591063770984282,0.005791468247930975,-0.02763601476557498,-0.014063770498429884,0.007501723257840931,0.0007224632803441988,-0.0013959186437096927,0.004469621665218471,-0.013983193308195196
2024-03-05,-0.028440764331210233,-0.01948421375262155,-0.015118951348601861,-0.0050993297085012435,0.0008133345770751088,0.01001717603902641,0.005499284890724265,-0.029572016790831546,-0.0015041379288283085,0.012265169885431249
2024-03-06,-0.005878228986163303,-0.0035033346396604603,0.006296274134598212,-0.009572558372430984,-0.003938054825372794,0.005197575305807334,0.0013332451968708359,-0.0013907908973449512,0.0015692790547401358,0.010696613112514353
2024-03-07,-0.0007094929335867972,0.019076784751165476,0.01367593141180512,0.02267875673069364,-0.0029496817041824164,-0.00875838274860452,-0.006213164843328345,0.017533424623619842,0.006580065375811017,0.005619744985124742
2024-03-08,0.010236604570175833,-0.008313545751684748,-0.0030274803979484233,0.007664845489798511,0.004091298966138135,0.001862862843431623,0.004946521303582863,-0.007136902860262029,-0.001680913449244148,0.009406685417995941
2024-03-11,0.011831497547490022,-0.019332758891648982,-0.012441532528276733,0.01669009129644916,0.010719619878994502,0.00037201459550750826,0.007759585274117464,-0.004184944261754087,0.007483636818697237,0.0059049673522719726
2024-03-12,0.002778693748571426,0.019946455814511488,0.006776707334330778,0.006029024816291528,0.00936558570438173,0.008231888422303157,-0.00172996606306286,0.026599474868877815,0.0023521329200957286,-0.0064206722215461864
2024-03-13,-0.012122610357340524,0.0066708374081581034,0.01269128788283469,0.00931391648267721,-0.01007742741940032,0.008112057869125389,-0.03890458863717661,-0.00043341738891111703,0.0022849485270917125,0.011170604307615406
2024-03-14,0.010927302426039232,0.012403729449981915,0.0011712105851677812,0.023678328341715238,-0.011731795053596117,-0.01781795115972984,-0.00399482498803061,0.02437968632803389,-0.004929115887442825,0.017712100239927864
2024-03-15,-0.002196605385262229,-0.024223786467438835,0.014769659541333136,-0.013417136224355475,-0.006469517468253416,0.012395553337970044,-0.009193294451623202,-0.02069527046883224,-0.0007431335702590136,-0.001794385859407721
2024-03-18,0.006372442516838106,0.00034398325434925603,0.014208766296915032,0.046040460904446245,-0.008977152647222209,0.012401596076416332,-0.0020062566768878076,0.002161302893251893,-0.001053258964710535,0.009256876071433107
2024-03-19,0.013585124601150467,0.00813845829732096,0.005683316033058716,-0.004401413857515135,-0.0035085131620087306,0.005865262896957324,0.015399701516257247,0.009800674357987482,0.0038459354036417537,0.007034724698310457
2024-03-20,0.014709152123493885,0.012791359170393646,0.007205488324279585,0.011630263319969414,-0.0028807649055464513,0.013106839449910312,0.005585675718006833,0.009064737582442195,0.0009886270434542599,-0.0008842691597802377
2024-03-21,-0.04085738508981518,0.0,0.02275211901389662,-0.007664301327872547,-6.4195057042582e-05,0.013905050373219874,-0.003234416418003705,0.009735998599452733,-0.0008024292069658268,0.00442511547451363
2024-03-22,0.00531012932640218,0.0040415450203241665,-0.01769263915465702,0.02147704918476756,-0.003338770793529733,-0.012257303323172541,-0.003174353182631817,-0.0014672529630366249,-0.00123580109870014,0.0
2024-03-25,-0.008300336140531606,0.004696213001679439,-0.006031473265274534,-0.004642916941221986,-6.441424270475782e-05,-0.009154802138147344,-0.014188061272924934,-0.013714651856147286,-0.009093291539069015,0.010221227137071631
2024-03-26,-0.00667265249731952,-0.007845994154095037,0.0012361296291927282,0.003998060081338073,0.0035435302357733622,0.004670968212413529,0.0,-0.0028615369948334912,0.002247533150391945,-0.007501028271584165
2024-03-27,0.02121278593778886,0.008581036192426339,0.02317668297801423,0.0013274137624921245,0.014059157368457198,0.019363443552190107,0.012202810553874732,-0.0005217458631330274,0.01283092321545154,0.010369972921515203
2024-03-28,-0.010559249120062564,0.0030584610251771505,0.0048813664870570594,0.0003978286950045984,0.0014561262088854665,0.003909430713838091,-0.00024810834304900276,-0.001684675170565586,-0.0022139862326743254,0.011046298322797243
2024-04-01,-0.008455770876580448,0.003270852211551434,-0.00734103138844755,0.03021287289120811,-0.0025919733207417917,-0.006789866180929804,-0.006136001174971706,0.00915095538213917,-0.010292662631423255,0.0064521575944442855
2024-04-02,-0.006998692291504405,-0.0015472110151306673,0.0029966643149399452,-0.005981345447764408,-0.00031676391373247625,-0.0004021015124197058,-0.008850123018003808,-0.007372166699336713,-6.2282594508134e-05,0.01957429883064732
2024-04-03,0.004797383570013691,0.009519072430478781,0.030041392221353824,0.0023291891485408556,-0.021999813801399593,-0.0028160820467154624,-0.007920962150122723,-0.0023490995326301833,-0.027527045194250865,0.00016774400349151009
2024-04-04,-0.004892539321848854,-0.013212014767422509,-0.01596637065100459,-0.028337253267438745,-0.011409133694943563,-0.007608454033273038,-0.019779404168477455,-0.00611249595496588,-0.004482856933590629,0.003520402985437654
2024-04-05,0.004501896436972963,0.028166707356770848,0.02571724476476933,0.013087221383710324,-0.000721452043394355,0.009199934219998873,-0.01258843765761164,0.01828269676750094,0.004181558721650269,0.013782300065842357
2024-04-08,-0.006663570903661875,0.0006483768975988902,-0.01537026842070266,0.015409767611461733,-0.005249492199353667,0.005216583336314029,0.0032623351569653902,-0.0021854832358374487,-0.00038452263196187,-0.006756134621649479
2024-04-09,0.00724250818157679,0.002591909504893186,-0.0042038596787342675,0.011301463332495043,0.004617691492025067,-0.006700878997937143,0.007026606864846574,0.003980290263750463,0.00397346376353358,0.005225949600331292
2024-04-10,-0.011139289029739152,0.0015080453603608657,0.0004570206030785062,-0.0029374698175737013,-0.013723952978044851,-0.00852136045274754,-0.002857795797800766,-0.007084481746789439,0.003702271814828073,0.008417198248976687
2024-04-11,0.043271091841332154,0.016671181255133227,-0.0002419208091219982,0.020942775423845594,-0.009387530375205344,-0.00020484450809854504,-0.00018621215590108875,0.011033384722687778,-0.00890366323419789,-0.0033551563619714786
2024-04-12,0.008626543807977782,-0.015445639364236818,-0.017070619731600845,-0.010538973253483186,-0.008535226856832834,-0.06467774059258491,-0.004578972625503774,-0.014091212516146534,-0.0032725139636099465,-0.01165938110607223
2024-04-15,-0.021863489509538314,-0.013485250630092094,-0.004704275046365836,-0.01819566613343604,0.0004744654214359212,0.0005471186064136546,-0.0043382337897883705,-0.019577911776365475,0.0007724468357457326,-0.005732305301136886
2024-04-16,-0.01916730128898181,-0.001633742516860992,-0.01107423840343491,-0.002970475532220518,-0.021275251774528603,-0.01142761245051993,-0.0030050285306875146,0.0022723923020282477,0.0032165915253017374,-0.008272020921686107
2024-04-17,-0.008147280437481141,-0.011128128209780819,-0.004334750478923288,0.006930085870811675,0.00221530553860938,-0.003982454703991833,0.01702921413047198,-0.006609030661583137,0.006476483610719175,-0.0005055969341639655
2024-04-18,-0.005714423849696004,-0.011363622972558218,-0.0010884055863675801,0.0034733336794405822,0.0067001835259923315,0.0064970251366889276,0.003815448868401905,-0.01838095206638768,0.008573003762674558,-0.000927134737638724
2024-04-19,-0.012212675831422826,-0.02561096030926935,-0.005523934818829623,-0.012306950639259573,0.014889509717843863,0.025103499860840595,0.0037270027416720364,-0.012738969916291976,0.005403935378077929,0.011474743004771915
2024-04-22,0.005091021376024685,0.014888568814227066,0.008317844426506404,0.014212618878740813,0.008180503845534703,0.01942962253409286,0.013199189825412017,0.004610047216655699,0.015176489630003509,0.005672452506933157
2024-04-23,0.006391604582624222,0.01303389727631088,0.015771231122869045,0.012669547224136712,0.0029508956452559687,0.014413121610968416,0.004717233187448766,0.01648557751951696,0.005979862573630257,0.0038984169184679285
2024-04-24,0.01270229936937839,-0.016430862529557833,0.0007434345559311772,0.005497306670422919,-0.006886947796677312,0.004892353054447129,-0.0004693592063671481,0.003655660645706549,0.006811140649671588,0.0001652515828127754
2024-04-25,0.005147322363907358,-0.016535467634067658,-0.07020258934531132,-0.019669603679576486,-0.011512675596759281,0.001501873075355098,-0.004155423265221669,-0.02449510202255456,-0.0003074231081587886,0.0023130729627203195
2024-04-26,-0.003472801668915171,0.034260361668536854,0.015917288138223018,0.10224365001180646,-0.004631616349990653,0.0006207182951458723,-0.009107304793103288,0.01824376959862395,-0.00775151170175814,-0.0277755087005771
2024-04-29,0.024808031789288698,0.007460258507441919,0.01869635003901826,-0.03373070494829011,0.00465316803916016,-0.001085379493383165,0.0016841896853427851,-0.010016696396153213,0.0022940368405848233,0.014242125895671753
2024-04-30,-0.018270882312990122,-0.03293549122868411,-0.04353903756563193,-0.02028295894079768,-0.015188714266679004,-0.007967798970468842,-0.0018642482210347033,-0.032119371251481454,0.009526021439258958,-0.011451045333351062
2024-05-01,-0.006047095017315041,0.02285714285714291,-0.01046121101152997,0.006634712101964979,0.04557703088157372,0.0006259950744200715,0.005090770240072207,0.014409382317329689,0.0012255600552104617,-0.018939750556144608
2024-05-02,0.022031775477426407,0.031955314082140474,0.013199740553702322,0.016843654058594115,-0.008334366435635121,-0.001042508086462779,-0.004190553233458405,0.007342862208612244,0.002692737784546706,0.0018099130349149561
2024-05-03,0.05981629699594726,0.008066292135759712,0.003905206336886957,0.0037211697920622733,-0.004335651072077229,-0.006000265998550303,-0.010831329503623977,0.02216975366275542,0.0037842018279667933,-0.00206480476590154
2024-05-06,-0.009106727195306918,0.013371946429286963,0.015887194384599512,0.005142281934721771,-0.004622475372075163,0.007821176813258779,-0.0037732825475622622,0.016918258950882725,-0.00012152067562021251,0.006465717188743447
2024-05-07,0.0037971793373776652,0.0003179520909595279,0.008476956482541764,0.018738725522654764,0.0009422694942771148,-0.0013021850023920978,-0.00668394046127152,-0.010156247196575263,0.008027218542318693,-0.004967909640143597
2024-05-08,0.0018640399519542772,-0.004026247769404412,-0.0014492526762133195,-0.010919592702208658,0.0015464872955051057,0.020339093410055797,0.003700820646218128,0.0029315801251617035,-0.004162785985969197,-0.00017230444004123768
2024-05-09,0.010014357936901863,0.007978723404255428,0.021132150150880546,0.0034241772784393554,0.006042353551623192,0.009455754287685414,-0.002011207941345461,0.004335644145690543,0.005876149976337786,0.019715931948808718
2024-05-10,-0.006890254178451127,-0.01065965315282813,0.008556407975154778,-0.0077077549735549145,0.0004002537555085617,0.006430258620737872,0.026310919716572068,0.005869296857051953,0.004878716940970307,-0.0040526293066199814
2024-05-13,0.017645514608110036,-0.004853789332504466,0.005326988529606336,0.002905441604425185,0.008738689031237534,-0.00020128505199146218,-0.013381905507937053,-0.002459354091753796,-0.005873777752785414,-0.0004238809731235138
2024-05-14,0.006173339414087042,0.002679959159411549,0.004205647351034569,0.007094674036118187,0.0010580640462554136,0.013988795890610195,-0.0024325164535690114,0.006864655286176857,-0.0006630166829100226,0.006070460197983518
2024-05-15,0.012217977785584422,-0.005773249525686364,0.005192816982288573,0.012739259939315906,0.00852151193549866,0.002977596057826215,0.01186003959378712,0.01748380588270182,0.0045245844647900935,0.007733503063609204
2024-05-16,0.0006324895065528136,-0.012688857146349708,-0.025885964454431032,0.009680564713867579,0.010545750387007224,0.0017811601829738066,-0.0013145045279506773,-0.004939837399085656,0.008107606730246353,-0.005987459707873177
2024-05-17,0.00015804265986529842,0.005826891232250109,0.015824634510595015,0.010793544650904208,0.0023332956922375025,0.011458542336693966,-0.004131504861312196,-0.0018528755122310114,-0.0013105017739454272,0.01501649593316734
2024-05-20,0.006162123395226482,-0.006280474722663021,0.018188488445520568,0.004884759017449003,-0.013885240267082266,-0.044972839756681315,-0.016557798159995585,0.012208188701543055,-0.001968615785059691,-0.008107734931914856
2024-05-21,0.006857283835614236,-0.0021248741632045043,-0.01014481541569967,0.005256576020833403,-0.00019818962174822374,0.020145201431460702,-0.007466398328227819,0.008698905709773719,0.006215981191020736,-0.006909860819212077
2024-05-22,-0.007538410054940492,-0.00010914012742568868,-0.008716963748026663,-0.008265437270469356,0.014943101332991704,-0.006064680603206529,-0.000376167118448012,0.003449569316318568,-0.0032076917573251595,-0.02011033852212185
2024-05-23,-0.021058191886756172,-0.011358061353112014,-0.014721600201923146,-0.01604489880023252,-0.02475582302196222,-0.007009092272748596,-0.029499093604104853,-0.008176130292812167,-0.01382500361014849,-0.01705904714225026
2024-05-24,0.016588099462832906,-0.0016570176564539851,-0.005132493657928672,0.008297308406446158,-0.018236353356700485,0.01924632734078746,0.0006978086969602337,0.007400415847895303,-0.0009666892521182913,-0.0007930243319240748
2024-05-28,5.2803796698031036e-05,0.007745471073219212,-0.006964849363939152,0.0080577086355611,-0.017622534726350447,-0.006028723737139585,-0.01770562299272682,0.00037211636718015306,-0.0134278769266577,0.012696191511094579
2024-05-29,0.001578936133258324,-0.0007136405620595809,-0.02412912377464116,-0.0028346176151038405,0.00041540551543461923,-0.006967284036952126,-0.01644710824723805,-0.002672403747030594,-0.008951135653109232,-0.010708773813799644
2024-05-30,0.00525514634025237,-0.014833517662161122,0.003371653240157979,-0.021546176346219803,0.005815473982140107,0.006158134757558109,0.01082732375116291,-0.033786243151884165,0.005753302626698709,0.0031681821246303254
2024-05-31,0.0050186282169923935,-0.016060700229647673,-0.002151788455040715,0.0022658700003761467,0.009567702558515245,0.016555489272930934,0.0270560850609165,0.001109379522180154,0.01205560734061506,0.028686698868538807
2024-06-03,0.009258767969442916,0.01076849847083472,-0.02115079794314423,0.003884072122531279,0.007295433928690143,-0.0039973259359088464,0.009835860752836378,-0.0038784884020008903,0.0006684721837069141,-0.023963808625169558
2024-06-04,0.0016492260157763283,0.00560726713319748,-0.011437733167542041,0.0035802422334347828,0.0004060662579912222,-0.013180121136075251,0.01143405358166838,0.006166728383204312,0.014333385023500789,-0.015552666015290928
2024-06-05,0.007820885579215675,0.010817455564965828,0.005739244194191029,0.009321758761651866,-0.012381506715637092,-0.009540100765221715,-0.010391384603615661,0.019083251548958513,-0.0057481070401310674,0.003994042006040699
2024-06-06,-0.007096504540139326,0.020520748266509736,-0.0035209229083795757,0.00752515630883277,0.0030825352618792934,-0.001774286778990164,0.0028078957269410676,0.001202774401560358,0.014573990389378455,0.007514083888497725
2024-06-07,0.012391998741810406,-0.003783767287795614,0.001979915957692757,-0.012844529278953631,0.004507870938577296,0.015438481882348087,-0.01729828520066168,-0.0015781715396135931,-0.008369448605681451,-0.01070451670130168
2024-06-10,-0.01914775167783922,0.014975553234585881,0.002036834408389865,0.004303967246139573,0.00033990700448427447,-0.0017004318172805233,-0.009367414028846444,0.009484506268640613,0.001735812340632359,0.0029268334417029696
2024-06-11,0.07264911405527563,0.0009087895389929823,-0.006977909521386327,0.009199482999620034,-0.002514891389932883,-0.02630121031230659,0.0018518555408255644,0.011241773610541017,0.0007768593460308892,-0.008047340424473193
2024-06-12,0.02857841452639609,-0.0018159287809064173,0.004338395000807793,0.006624351641441706,-0.009198589738217855,-0.014560594022208662,0.0007865842125420741,0.019367584704208296,-0.013732913702593996,-0.011054664245460866
2024-06-13,0.005491091819456395,-0.016373254687715777,-0.007209775073895863,-0.014792692161487486,0.00027504861956684223,0.011120919297283871,-0.003065074866690276,0.0011789482522179817,0.007446366025043449,-0.008023161128528189
2024-06-14,-0.008168316086218264,-0.0009247574783878276,-0.014983387023293382,0.009305752498755426,0.0006187990379020736,0.0006195445423708978,-0.00047294227139837997,0.002241976343973384,0.0022835514296219994,-0.008451484539799825
2024-06-17,0.01967140793885047,0.002177904217078641,0.0028930492338852254,0.002545424411996011,0.0028170593802623323,0.006192667006279073,-0.0002760862226433014,0.013105268960042826,0.0042568071570765476,-0.006873733539699778
2024-06-18,-0.01098448570082644,-0.006791263808433312,0.008498803825434775,-0.012130594678820161,-0.0020554512192573204,0.010360053894691967,-0.010729388641364745,-0.00452747892909755,0.006328245580702552,0.00941300663614486
2024-06-20,-0.021512774278355185,0.017996874289478493,0.012271571979950657,0.006910976047644679,0.014624069141892626,0.00847719526684787,0.012002078278680273,-0.00143381645531504,-0.005279850207732917,0.02157618823222296
2024-06-21,-0.010444441367270407,0.01601287280926522,-0.003919565351823806,0.01888817705477508,0.0065637177474913155,-0.01192940432088796,0.02202535886713375,0.009154068138919946,0.003518733384533679,-0.00877030044237459
2024-06-24,0.0031326047664161916,-0.0185635417434159,0.006588721019139765,-0.002282480638154172,0.0024873952467288074,0.013143195485427972,0.00381651862550747,-0.0046911249005058275,0.0011293633433149264,0.029703832594562884
2024-06-25,0.0044681968864481725,0.004149318226444709,-0.00787872091701125,0.02683849468007904,-0.012942421477016186,-0.004072777010583839,-0.011521621251633474,0.007326736058548722,-0.009498342724825859,0.0028057204076741282
2024-06-26,0.019993195769326233,0.03901472799901873,-0.0020464150932242298,-0.0008150111587352793,-0.002513866088612704,-0.0032313057818088575,0.001748206351210646,0.0026833173634057683,0.0035959636526221583,0.00034974258144737647
2024-06-27,0.003986018283196113,0.0218997235669518,0.002234147100204309,0.008320696355255564,-0.0069472533110417345,0.008813332502926485,0.0013189472909491684,0.0015259253404957818,-0.00495689079942685,0.004282848728161204
2024-06-28,-0.016254105556002818,-0.023249966952787915,0.017223516680333617,-0.017582771087460758,0.002469144728755701,0.015514361711137292,-0.012898596314284583,-0.013028698654552695,-0.010202678138805932,0.0019147812168840428
2024-07-01,0.029104435971356812,0.02043982896891161,-0.012068569492159509,0.0046115735658534,0.0019157885741367675,0.015771795237113917,-0.019031526846635227,0.02188181087934482,-0.013339887332714406,-0.0013898560063370091
2024-07-02,0.016240087336547804,0.014198798656638534,-0.004010941847082172,0.012295822454899685,-0.002799854979073646,0.016451656713520446,-0.008800338867400725,0.005583107018548805,0.007251744342847477,-0.006785048098720936
2024-07-03,0.00581096748887866,-0.012050018310546862,0.008695258785309523,0.0031310620857056826,-0.002328315319980123,-0.0006703333700708303,0.008918898686835375,0.0032440775813014078,-0.00042701731595828907,0.005079776634294708
2024-07-05,0.02162028203485189,0.012196992290986808,-0.006835851101608004,0.025723838842674374,0.005422428087870523,-0.013250457386393633,0.004359861040607926,0.01473622763342064,0.008423361131305374,-0.01211225119647319
2024-07-08,0.006538974947243759,-0.0035500335693359197,0.002162279535474987,-0.0082372151673753,-0.006826859277263231,0.0018555679324729901,-0.01290368699154787,-0.00282302525185929,0.007929273520220992,-0.010496689831136274
2024-07-09,0.0037748597576887644,0.0002509059834530092,-0.009116830576345047,-0.00026451155820461647,0.01079178197908326,0.01199006409830261,-0.008190390889082577,-0.01437039782636751,-0.00516464838913111,-0.0110536087304125
2024-07-10,0.018803520432738363,0.002257434315787954,0.007422090784544366,0.011641344116493979,0.016185049705529364,0.0008187102975905081,0.01899770506797216,0.014601607643475178,0.006881670023104469,0.008833689010207646
2024-07-11,-0.023220817307727182,-0.023724863074531144,0.008067419990791302,-0.029343862067879756,0.0018068459838027628,-0.0016842899094097197,0.017206196761463177,-0.024771996852403944,-0.007554101717699879,0.011883432598360555
2024-07-12,0.013050872263359103,-0.0028710461411536325,0.013468851442731689,-0.0026945168762108063,0.001202355887740092,-0.012099283590675358,-0.0035321880417309437,-0.002529251104269492,0.006463776180284819,0.00017660069220659658
2024-07-15,0.01674327222480776,-0.009100746683474936,0.030334614581071895,0.007888905124618706,-0.004269956569379563,0.024934030934605333,-0.009334341282967729,0.0009039857702868304,-0.01218407585946324,0.01712717149271059
2024-07-16,0.0017919117347313662,0.0015566783408964557,0.04283194552392522,-0.013992297321005265,0.011859946568968827,0.016996031530120526,0.022820252811834862,-0.00978061809248143,0.01440024452046229,0.00720431607280525
2024-07-17,-0.025295990990587214,-0.02637038381521739,-0.007709722101982508,-0.015767752163926674,0.0368850686063249,0.015213911086106702,0.014498360117708886,-0.013347573271159763,0.014914735172815163,0.013788298674449084
2024-07-18,-0.02053482692336217,-0.022242286163404512,-0.00494689164884321,-0.018395678882635047,-0.007408312631711156,-0.031770235895935306,-0.005670577992512915,-0.007102225385755667,-0.0059019427079981535,0.009860605785206644
2024-07-19,0.0005799456401183178,-0.0033741230867346816,-0.0235934452607941,-0.00016895642229286523,-0.004696753072179205,-0.0009523739840335832,-0.008631268911779233,-0.007402921967778475,0.003147641343708818,-0.02297989829821967
2024-07-22,-0.0015603501353654847,-0.003167158934036185,0.0047657382642394275,0.022571292642558527,-0.0029091828990640556,0.002383354126277215,0.008784286530887586,0.013337662496281988,0.0017266007285527962,-0.006892333766832626
2024-07-23,0.004688365898460889,0.021144894800451786,-0.010636123478413695,0.0006604281159963143,-0.012253596605456885,0.00023775381468493784,-0.02115283266775425,0.004312103101435483,-0.00968799190323355,-0.0161359126115872
2024-07-24,-0.02875431426001185,-0.029934025650088625,-0.023622120505858213,-0.050387911219597736,0.025795667299131297,-0.008272671078887073,-0.0026766458452004427,-0.035854757341791776,0.00828243913568305,0.014107980580067458
2024-07-25,-0.004804641879178839,-0.005419431054668911,0.02458035020814231,-0.030990902035088697,0.021499951862118394,0.00038368356515317004,-0.007538269576636725,-0.024481377658946757,-0.006547854542842568,0.021041609542256978
2024-07-26,0.002161151278541107,0.014734466536293178,0.017949600325868786,-0.0016738975171529669,0.006263983580192756,0.017108203096239505,0.002147449754972497,0.016419841439540006,0.013241678760633757,-0.0008515724312324613
2024-07-29,0.0012846189331516822,0.003835599716395466,-0.016976934099683372,0.015149740144880353,-0.012948023662261443,-0.006549093902403658,0.037380933899810564,0.0034331270235228306,0.004848892938586591,-0.01048313114088062
2024-07-30,0.002565871216789972,-0.008133134602594794,-0.008155899667508737,0.004482838145891899,0.017469781332834833,0.02058323222592784,0.019202703327513948,-0.008928379014179977,-0.04843183476616375,0.017829343576946988
2024-07-31,0.01499079307612372,0.029002194810164417,0.013110235518421165,0.007340420322681229,-0.021570571236248393,-0.011106403173020807,-0.0039032798770628485,-0.010805876575568196,-0.00581310439708449,0.003554138867396528
2024-08-01,-0.016750565801208928,-0.015563100170141508,-0.04240325905086362,-0.004547136729037282,0.01843495679112528,-0.02274429585810933,0.01262264374697275,-0.0029641153425407074,0.030666816275552122,-0.013829113063870246
2024-08-02,0.006869331166065473,-0.0878470841762542,-0.032124767778920815,-0.02401015778049731,0.021025190665481475,-0.042412124913805416,0.029544030204368577,-0.020665999965819082,0.0264952453196019,-0.0005985472924533441
2024-08-05,-0.04816706683318961,-0.04097671157906757,-0.012684418114805918,-0.044461849123241914,-0.017606975919318812,-0.02129147978673729,-0.02978051378290114,-0.03265677160929237,-0.011876828226802916,-0.01805266216639101
2024-08-06,-0.009748133872972131,0.005651399696776416,0.030429368018795255,-0.006028216729212721,-0.014139487301195963,0.02791168402697619,0.005997125918573598,0.011286791367733473,0.00017857547949629016,-0.005314915558309874
2024-08-07,0.012498178199988885,0.0051874985158653075,-0.001960679551132327,0.004106340909437067,-0.0004403781002171314,0.00029947579606415253,-0.0025547077566675513,-0.0029527633543502407,0.011481899662622919,0.013314664861784786
2024-08-08,0.01663332967003428,0.018615215947435537,0.03179874618105871,0.0194411733901807,0.008307242109004465,0.018263493126674746,0.006756526890613346,0.010691976370518441,0.004999457477091518,0.01910438306413398
2024-08-09,0.01373587099393836,0.00687575011257735,0.0062471711176266265,0.01012172857822402,0.002496443052148356,0.008526935725578166,-0.012095043722606058,0.008269347754017664,-0.0019312886462871104,0.008143127797595628
2024-08-12,0.007129987122672432,-0.000838620987187122,-0.006592573134749813,-0.008431648617412302,-0.0046071474527834555,0.0018950625762201856,0.00578558095130699,0.001945589024074712,-0.021871786138594085,0.0012621645923229785
2024-08-13,0.017193106533082814,0.020563504874259175,0.008243315334359513,0.011522688883520482,-0.00931948181898834,0.008487206804546288,0.003154494964757948,0.017698790801984332,0.0028776739252616146,-0.009579845522491581
2024-08-14,0.002033564916830377,-0.0007636117446156998,-0.0035715560581789374,-0.02308725555467106,0.0005681441170057866,0.011060955280220774,0.0031076340504010425,0.006883870382012214,0.00902627894101471,0.00924820568986151
2024-08-15,0.013530670403128386,0.04403286281963403,0.02384558924425595,0.005799104007262246,0.003849172738278339,0.006231020911029006,0.013719194017163483,0.011823774983608093,-0.005213476174672382,0.006186509781002769
2024-08-16,0.005918539170478576,-0.002984395462729106,-0.006249337193554028,0.010291395643793555,0.0018855812320963672,0.011439269058260093,0.013169779864087738,-0.006080366990600217,-0.00017853673245504798,-0.00471666748830768
2024-08-19,-0.0007078706006025115,0.006551472258579993,0.003406311102566617,0.02276630294659987,0.0015058464661910076,0.006916851682167158,0.03253256143938099,0.007312353591166776,0.0031568078275172606,0.003046493492401048
2024-08-20,0.00274470388649517,0.003703308593809629,-0.0039170441439860815,0.0030599582656740676,0.00332024832171518,-0.00431643892333522,-0.006676950563993422,0.007757511679931106,0.01181578974445796,-0.033324809280197876
2024-08-21,-0.00048565581114035083,0.006876093995775934,-0.0009611281487293954,-0.00795563217147055,0.007929440732638904,0.0003728580939512671,0.014284252351363325,-0.0015536270356774073,-0.0014671448307689294,-0.006371164897180925
2024-08-22,-0.00825975372355503,-0.022097583221652117,-0.0017786147255448581,-0.012360443506709284,0.005699217538720935,0.009459555811145437,-0.0017259999133946158,-0.020252691466833284,-5.888312052393374e-05,0.007729455808571872
2024-08-23,0.010288163011969331,0.005166572293719973,0.017671452537495913,0.011111023609940762,0.01096392349514641,0.007755129511480607,0.001071983278328359,0.0029839075957509564,-0.005759589764177786,0.013858545761482821
2024-08-26,0.0014988850697843503,-0.00869856159361615,0.007892940907301416,0.0032604422422168877,0.002924521517353007,0.0039393214092309226,-0.0029014388333733487,-0.007917647244898518,0.0069753672304597725,0.021406580234862194
2024-08-27,0.003741536895347064,-0.013561281383547064,-0.00011394372879658388,-0.008907040939339028,-0.0025709492630499042,0.004608122533055425,0.0033256259726561765,0.0008463733635180049,-0.006457341309200393,-0.009510948904129624
2024-08-28,-0.006753455796357333,-0.013401063602498708,-0.008316272292616,-0.011112356520451505,0.005952764867684701,0.005041397288152005,-0.008942259729752045,-0.007829013552033692,-0.0011225606296764168,-0.009857269293948145
2024-08-29,0.014570147518526255,0.007728290643119529,0.009879426848955042,-0.006570601361043038,0.0018910865658292586,0.004157609429128906,0.0028217138543045195,0.006137289959529779,0.005737550244683032,0.013817290382099667
2024-08-30,-0.0034379420213555,0.037067191865004956,0.012683537615706841,0.00989019250341383,0.009925222276736534,0.011655629681059265,0.002779304576675301,0.009730864083014046,0.008880637713676975,-0.0016083803732500623
2024-09-03,-0.027205152269328514,-0.012605042016806678,-0.044538191863152776,-0.036846653993378276,0.007838002071681505,-0.020017830821434046,-0.005122065737464654,-0.01845905858993191,0.017372213073554743,-0.020942763793021624
2024-09-04,-0.008618759200374804,-0.016567365497562103,-0.01025739945889026,-0.005782969852028197,0.0011963007705921846,-0.004403161474778039,0.008790821128780602,-0.001318795113754656,0.007907336944575682,-0.012211039513969957
2024-09-05,0.006927714233663895,0.026308183871355473,-0.0094729730328581,0.005049520519345707,-0.014161048766474171,-0.007750797659693109,-0.00020822668850961623,-0.0012473115979035887,-0.002444424561608094,-0.007802897196215963
2024-09-06,-0.0070150191128633965,-0.03653943460735232,-0.012591452374860701,-0.04019320772760593,-0.00369711518368121,-0.02375588411529117,0.005347707349260045,-0.016381406216151473,0.000683688336519328,-0.004683169774945428
2024-09-09,0.0004075557288159004,0.023396899008788496,0.014209562300851575,-0.013336060294328655,0.013566147699509257,0.020474406530653244,0.0061483444223173755,0.01000750436297504,0.002676809623343601,0.021040398130774518
2024-09-10,-0.0036213575002596032,0.023660258265018275,0.0003591643114833065,-0.0003362990766161422,0.004621652013912847,-0.05188877651286261,-6.870400094571849e-05,0.020901127909402906,0.009826079502371465,-0.03643164165096424
2024-09-11,0.011585217924765079,0.02768031821904482,0.002513712703794857,0.016816999906638097,-0.015294700596256039,0.008124108352357995,-0.0035704805328344857,0.02134230756444766,-0.021767104300804085,-0.009925972384207893
2024-09-12,0.0004939842871922728,0.013440254011034547,0.013671684858179267,0.023352657338116645,-0.0010921008933876264,-0.003039985293322167,0.007304567186614319,0.009360835395978429,-0.002587473169628818,0.013762375050285103
2024-09-13,-0.0012121023428490751,-0.0027272433520638684,0.01687376213987557,0.01790672923778991,0.005345061388194683,-0.011035868736038124,0.01429793760567799,0.008407464291975142,0.0035164314614177794,-0.0007191509960431386
2024-09-16,-0.027775291214148456,-0.008579580976924128,0.007674249591514526,0.003810456407416396,0.00888105693120278,0.01732573500519874,0.0005393896410490484,0.0017417746628480835,0.018152590393943457,0.01403500741586483
2024-09-17,0.0021726689048084946,0.010763186217390919,0.016467566782024656,0.007971845058947435,0.0004791973482387579,0.006687246406521519,-0.009909105031303378,0.008832919041787735,-0.0076731037031618765,0.013042251492254131
2024-09-18,0.017989831142146695,-0.0024080275860086653,0.004043008930395331,0.0030754027652346583,-0.005506706783068749,-0.008219918058548714,-0.005855426119469986,-0.009973522442496052,-0.011143983222712817,0.0035033427443502685
2024-09-19,0.037065614032013805,0.01845197970580159,0.05122205682629688,0.014579808832718033,-0.008004928399578226,0.014214865344762462,0.006232240856905769,0.018291199674174807,-0.013684666868604034,0.012392954108529253
2024-09-20,-0.0029274670819186,0.009111555436973395,-0.012027479818243592,0.008942972083255007,-0.004004369942421149,0.0028980785640058127,0.010141191056438625,-0.007796029330063181,0.015623328248223212,-0.006293105137264443
2024-09-23,-0.007581017238271093,0.011899784481557152,0.006371615203231817,-0.010636370070830736,-0.0057261874458997,0.0016580390459468575,0.007512705871743686,-0.004043467469920237,-0.0025829273960847887,0.018131358175281997
2024-09-24,0.003973879584469708,0.0004126358007008335,0.039766071095021394,0.002718522442781479,-0.0026956845446933775,0.0007094225220594108,0.004046129341250371,-0.010011181644594247,-0.0030499883683042794,-0.002641348999371518
2024-09-25,-0.004398102328411535,-0.007372694808574054,-0.019899908357275176,-0.0049294018446228716,-0.013392248931972994,-0.006616484129255085,0.0006660745306639182,0.006850257992721209,-0.0056569488432932635,-0.01947898615554955
2024-09-26,0.0050803403767722966,-0.007115748848874004,0.03360213926915745,0.007678498864155836,0.004918972913322994,-0.0019505800350168023,0.010583389229552376,-0.0018513482156445882,0.005515001933812824,-0.017164651319722002
2024-09-27,0.0011865271537883082,-0.016687603998192135,0.00030679395938748577,0.007497002141569897,6.19781033619482e-05,0.00343214353453547,0.00013171136938128214,-0.00762788943727688,0.0019628619711751227,0.026773044731836837
2024-09-30,0.02287203320629083,-0.008724793206352333,0.000102471779915847,0.011588932859565082,0.004089220937361304,0.0017102021081594199,0.0027000895684885506,0.005326868776197591,-0.002016749633563797,0.012087799050177983
2024-10-01,-0.029141559535553196,-0.006440170323887107,0.0032469653893902883,0.006873830315629714,-0.000431857443808914,-0.01811631512224765,-0.005024428302205619,-0.022333250148294126,-0.0009237745888129867,0.02311880767482144
2024-10-02,0.0025197509715992883,-0.0019986515757441925,0.004230497709807546,-0.0067669328298136655,-0.005062107674178362,0.0012074479837980157,0.00257451797522279,-0.008462249964999335,-0.006472492204021352,0.013257724735117105
2024-10-03,-0.004894689310477318,-0.015154729791167831,-0.007511713975442591,0.0,-0.004157119157536693,-0.009937672019840416,-0.0010205226726792693,-0.0014144854415965025,-0.010469930883757805,0.008722881917445857
2024-10-04,0.005007295974498671,0.02500542770436165,0.01534175408739813,0.0072348576542102805,-0.0013084611152083259,0.03549362829009706,0.001021565203130681,-0.0011523301814221343,-0.007288962495690332,0.018355357902253733
2024-10-07,-0.022530812974306924,-0.03061493551686767,0.0029211456653439605,-0.02442228657809742,-0.004741375345975629,-0.0013730162471375928,-0.00958000532653469,-0.015670801736397566,-0.01042164090796771,0.004325900657026871
2024-10-08,0.018404045526080992,0.010619458719785868,-0.025838005835579603,0.008590025847802663,0.0010029134471685186,-0.0008533683190705688,0.0034899931599474687,0.012623914764468447,0.006223174367565365,-0.026561410831375754
2024-10-09,0.016698342182155823,0.013408477078997505,0.02121355565423011,-0.015330414329546405,0.006011650252591538,0.012669132793405646,0.006392822838541923,0.0066311073383991115,0.006600833212558221,0.0004096973467033749
2024-10-10,-0.0021782286236248227,0.007992632403596822,0.0011359572774598536,0.0013593668782163615,-0.000871394298963768,-0.0027176523945684483,0.0006912560810630186,-0.00388059886517389,-0.001890537215792354,0.008600186149801514
2024-10-11,-0.006505336867126399,0.011626110360002828,0.013563895599538967,0.007156911678781963,0.005918620133599228,0.044399420916906074,0.0032890773492206815,0.001154269932046148,0.012666524434524762,0.003816882627491802
2024-10-14,0.016479919866528636,-0.006779016992029097,-0.020073606290638923,0.010536572955524903,0.0008672190700620419,-0.0036438384971260174,0.015735711969823596,0.006773646868847516,0.008299746291260401,0.003802240404581436
2024-10-15,0.011024606923183189,0.0007998782160802964,-0.015128807110254439,0.0030311493265910983,0.015470268378374286,0.004108761091252466,0.01129597259163595,-0.0009543183917769538,0.006144530154489125,-0.03006131377404042
2024-10-16,-0.008851938916621394,-0.004262363692000948,0.014510621501214072,-0.0018132491482001356,0.001096795856866617,0.0056207710830238344,-0.0013402515325360298,-0.006256921923098235,-0.0068560857347906845,0.0025758593050075884
2024-10-17,0.0015964331628834927,0.0034244710350397334,0.002210133440498918,-0.013502013165688553,0.0011565784961313774,0.0034877204829411035,0.005688276884628252,0.0014419036385229234,-0.0005799684773515335,-0.0025692413008959747
2024-10-18,0.012276524936782218,0.007785456851548744,-0.0015969256560690592,0.003007356304138842,0.003952073923174648,0.004233095477451876,0.0059103764778936085,0.0034556452468357257,4.078412323460512e-05,-0.002825063339634837
2024-10-21,0.006297907594949637,0.0004233124965837831,-0.005019697291540504,0.003977609022007389,-0.013868722876686945,-0.010515936242171509,-0.005275410572436856,0.001482678474465482,-0.010158947351672998,0.0005833449340058028
2024-10-22,-0.002621791136587448,0.003332044214411578,-0.005173146540381368,0.006521513169775561,0.0038076861482176927,0.005022300840830329,-0.0006351494456958706,0.020846224211990227,0.000943835898004286,0.005163168969665177
2024-10-23,-0.021623056422187092,-0.026304640562205495,-0.007027683450648747,-0.014290884340929622,0.014744591850599509,-0.003167878070934993,-0.05122492230797426,-0.00680682038113356,-0.000707140214958768,-0.0035625797191876085
2024-10-24,-0.0008232895794919592,0.009041189476714617,0.0034479188927918347,-0.00036856397976736677,-0.01320395932408669,0.007027398750721892,0.010081151135822308,0.00030615608054640475,0.0002358802053654685,-0.005653884934106013
2024-10-25,0.003643201449214706,0.007779788122410869,-0.002816038831802925,0.015671063921549155,-0.017046454450405757,-0.011867739879620198,-0.029743257343540885,0.008052196545135892,-0.008253767930147204,-0.0008362480209874734
2024-10-28,0.008599403758935198,0.002981406341556969,0.012021526703392071,0.008773510582720023,0.004475485530715195,0.014349402451090176,0.014285341561809162,-0.0036436269121162823,0.006420254927637314,-0.004937665699470517
2024-10-29,0.0011568982713847653,0.012951868195294036,-0.007936175598948547,0.017754449006805118,-0.009344176293649031,-0.01152998018036333,-0.006031298475809965,0.012564826889998937,-0.012581254920948859,-0.01362488371230497
2024-10-30,-0.01527800980503402,0.009956473710913016,-0.02134146633935108,0.028170419468825703,0.0032483391683955087,0.006774343979220276,-0.011796698228045743,0.001342706606411781,-0.006041698559837161,-0.005030642067430313
2024-10-31,-0.01820946779757926,-0.03284388507953562,-0.008015884899175929,-0.01920204420483962,-0.004669845828169761,-0.011095776110315314,0.002023929790543777,-0.06052751282631441,-0.005898012539533037,0.0007712660414760375
2024-11-01,-0.013279644557517956,0.06185621865256041,0.009117389946719179,0.0010518645589938647,0.0016889288886765552,0.004596322703111166,0.010612450872565127,0.009892832199599688,-0.00048432697797984314,-0.015670528378518678
2024-11-04,-0.004037620206522097,-0.01086239567545566,-0.008192232552898027,-0.011967876275419953,-0.01180276651160761,-0.01417423897886716,-0.007994206310268925,-0.0046543769496607545,-0.00012114041606658965,0.031840006482188876
2024-11-05,0.006486215996162725,0.0190009257528736,0.01819295680923183,0.002954402361274644,0.0006950299249552927,0.007780478806112656,0.01526372947673793,0.007344720880998468,0.004119178281948743,0.0029508155720769924
2024-11-06,-0.0032669132617464403,0.038045094425516846,0.0874090715231024,0.03988453558768845,-0.0029680930745296097,0.11544540041375595,-0.011166374370997212,0.02119290387081052,-0.02841455281961025,0.017148571526633072
2024-11-07,0.021372158348508474,0.01429333510169939,-0.02079741210350783,0.024021236131276824,-0.007284032590488376,-0.043228368188149124,0.002244944040431296,0.012494489687311816,0.014653944311607825,0.001239787994407715
2024-11-08,-0.0011882199008856897,-0.008902691496347037,-0.03635383571392903,-0.013277971191368088,-0.008039306377323752,0.002538189685727943,0.014626836231231177,-0.006793035749946275,0.026314261008347772,-0.0003302314700783793
2024-11-11,-0.012028568491752822,-0.006436720074140534,0.008058628193575057,0.011213887813312118,-0.002765824982804088,0.009747733642558432,0.008562848533996359,-0.01072090031708961,-0.010017431608532301,-0.0052845271234488456
2024-11-12,0.0,0.010007771034946433,-0.008901981411537863,0.00704193853142443,-0.015479882491946206,0.0011283441308946873,-0.009551352140963698,0.012009311499793673,-0.001144434803722616,-0.0009960879980994708
2024-11-13,0.003969109521966496,0.024843245179395845,-0.015114091900798043,-0.015086498435062046,0.0039309230955206775,0.006678918679137169,-0.0043528645926477205,0.005129670078727999,0.0044621953861527786,0.009306289781289445
2024-11-14,0.013770373577027595,-0.012237320417028852,0.0007491901647282972,-0.018447994329207407,-0.008940313463889682,0.0029441050992409235,0.004069186202909192,0.0039746301191665445,0.0030015091223820622,0.0006639749661612182
2024-11-15,-0.01410914050668921,-0.041942478231440816,-0.008493395731637432,-0.01759887345408484,0.014025210892752327,0.014222428659641073,-0.019861920251152854,-0.027852687514071106,0.014723412943138614,-0.01036829898489866
2024-11-18,0.013422249114376728,-0.004491405455644082,0.0010154877611947555,0.016290821409376433,0.004999984559688642,-0.0011413062671993268,-0.0052284066130502405,0.0018313304023040988,0.007137106552209227,0.00838160780919539
2024-11-19,0.001140207701719298,0.014427385751800914,-0.005540356597555918,0.01608654986906566,-0.011436380180518957,-0.007917384083682255,-0.0012710440790143496,0.004882696659848973,5.842839183234361e-05,-0.013964096661832182
2024-11-20,0.0031541242415413784,-0.00845508881471324,-0.0021708316135699013,-0.012014288099251758,0.0007190408864883313,-0.009502725869777184,0.000619094744945814,-0.005505301065138246,0.0007613590952328941,0.01424612868893571
2024-11-21,-0.002096093392218834,-0.022180598835253806,0.021205727444092215,-0.04744859249968758,0.015609576706396622,0.016529666352826045,-0.008387328862064058,-0.004316700695480846,0.010884256979910134,0.013380972061177276
2024-11-22,0.005907561799837424,-0.006351495788949668,0.02027763458369014,-0.01712103337338977,-0.002122238403890808,0.015484590466504189,0.006274300526034837,0.010003086407113004,0.020434124163231537,-0.0011483003053744945
2024-11-25,0.013050801787272137,0.021966324768223133,0.02052888953523091,0.01754055443987057,0.003931293389599855,0.007000557509384331,0.020359737691717505,0.004292624811129686,0.006296756226989109,-0.01494363664773235
2024-11-26,0.009404412856080846,0.03181932866326265,0.0053740489588223195,0.008768338151423194,-0.00012933598640008093,-0.0012785307622769082,0.0004725474838622734,0.02196804811714448,0.01082367408425311,-0.016670861896165512
2024-11-27,-0.0005530945680205512,-0.010199148999145757,-0.010126649007171862,0.0006504605592654311,0.005694878008990045,-0.000720152655158568,-0.004218264075184219,-0.011682570758886235,0.0002788069508179447,-0.002627796500714208
2024-11-29,0.010215859528359461,0.010450052683389277,0.005969696853429962,-0.0016545920775326017,-0.0025095620192426837,-0.0002801468341193658,0.0031518398278076454,0.0011111968729209387,-0.0005575457995277144,0.0025497507253984253
2024-12-02,0.009522573195045458,0.01356490130596999,-0.008864448494959154,0.015034013568391957,-0.0013546711196757988,-0.013895520313123577,-0.006117559153439922,0.017758471974710588,0.0024545700531444226,-0.0009326202801226424
2024-12-03,0.012771803140334548,0.012956175029913197,-0.008074431336856258,-0.0008745220489732031,-0.015762341049846085,-0.005807123689380744,0.007044339667775068,0.000510523693021625,-0.023817548384420295,-0.0015272498596474726
2024-12-04,0.0014836983632635636,0.02211394849472459,0.0006262257218239142,0.017683958286584645,-0.012404715573412717,-0.005800309943043924,0.0020031343910180688,0.014424756142033868,-0.0017671677674598874,-0.028809397233853118
2024-12-05,0.0001233742556152606,0.010955259211262725,-0.011338905174663183,-0.00992137134011728,-0.006313549623705783,0.008545729295934779,0.01484308947159163,0.011887899273130609,0.005253825482766317,0.004375087594840288
2024-12-06,-0.0008228981111750855,0.029381072944344444,0.00012650817667902992,0.011990482446847972,-0.0014047265957782828,0.007658492208718393,-0.0016361875890634758,0.0021463353106123684,-0.012554544940119317,-0.010541806589778213
2024-12-09,0.016101197826916103,-0.004140432746599476,0.010708076215573792,0.004927900304009691,0.0019423786966492607,-0.014351622337862247,0.007993691032962769,0.005523317586221488,-0.017431935896926487,-0.005899494235544367
2024-12-10,0.004133691965561459,-0.004644181824783544,-0.02722533977265007,0.05588191413646082,-0.0024732507753085775,-0.003896441123047767,-0.002189901892229451,-0.006031158053892316,0.008724333634393844,-0.00203724943863548
2024-12-11,-0.005166057367437582,0.02319588240507109,0.001235818969350655,0.05524646011403078,-0.017355680377108995,0.0027587346725110873,-0.015330450881502533,0.012767170541039041,-0.009577429807696825,-0.006656479281109795
2024-12-12,0.005963782512502069,-0.0056023335225716675,-0.020803829926864026,-0.01760488600576826,-0.0027277908004514906,-0.008212485801352032,0.0017900210020553864,0.001269448356218339,0.0012892657656247142,-0.0008935533700261677
2024-12-13,0.0006855351829142542,-0.006594726378065796,-0.0007090104118362417,-0.011148082791346714,0.0025984678889632296,-0.006583090200328656,-0.00010127994904418625,-0.005093853928683334,0.0012290281657101332,-0.008764145432867632
2024-12-16,0.011727778549257328,0.024048121869595374,-0.004178761571317913,0.03603401489115865,-0.01889228175286295,-0.001500383278311479,0.003742473121506329,0.0096585839951282,0.00046777035689160584,-0.021382079162830525
2024-12-17,0.009719512978441092,-0.00764177579215608,-0.008233908233965415,-0.006305328777078678,0.017796086909561026,-0.0050921497320304265,-0.005475082521181451,0.006355288504773737,-0.004732988107129632,-0.0042407585327054464
2024-12-18,-0.021421793232994757,-0.045987410359975445,-0.03169230094546027,-0.03592263497248038,-0.01133796663528508,-0.03352081045761379,-0.01756283981131157,-0.03756107816869125,-0.007338661129039914,-0.014720892027752397
2024-12-19,0.007014701156082603,0.012561168873593154,-0.009673298451070234,0.0005838774372879385,-0.008082826619843608,0.011242882267534116,-0.0022345203929913238,-0.000822987013406884,0.0006505424521792147,-0.008551103908762903
2024-12-20,0.018815843763568818,0.00729994595290151,0.01573386387303488,0.015383884033757456,0.0061985648034463825,0.019917562801928357,0.008441392845959905,-0.000983839524841934,-0.006678837160842943,0.0034120408098552435
2024-12-23,0.003064957795697376,0.0006224408269079884,-0.0017758177178081036,0.01682255316775283,0.005537527218483218,0.003324838978216782,-0.004748963394985428,-0.003092154789125612,0.00029756357590704496,0.004061609823229562
2024-12-24,0.011478106860834503,0.017728630305015702,0.005966265993453845,0.007604101275100028,0.00399257646213691,0.01644367435621219,0.009268895311282277,0.009373892176860688,0.004937079786201837,0.0009406460665526417
2024-12-26,0.0031756208441449107,-0.00873171784917226,-0.001224236546166213,-0.002600505572277645,-0.0018513075493022946,0.003425347053755967,0.002755184680336198,-0.0027770105650959387,0.007221693895036685,0.0008459494150496738
2024-12-27,-0.013242139752255522,-0.014534256804240364,-0.006156109935947063,-0.014519493322569632,-0.0036405643252781505,-0.00810229362795678,-0.004002722508097301,-0.017301549899227164,-0.0037024955626383527,-9.388192164705433e-05
2024-12-30,-0.013263444779884836,-0.010949707031249978,-0.005070355233071422,-0.007885444970241462,-0.011789037186347162,-0.007670921548855736,-0.013690964939523709,-0.01323957641581519,-0.014392843239004582,-0.006761841467720187
2024-12-31,-0.007057838809142902,-0.008630834323407832,-0.0006887603039897883,-0.010144253409366422,0.008929758650545905,0.0016296694375388387,0.0010013676875275657,-0.007838329116038212,0.003351628549160157,0.01711418064161596
2025-01-02,-0.02623592865405111,0.003783225458606987,-0.0082423832314098,0.0006866237758109683,-0.0041487292185670155,0.001209635508330642,0.009037982126349764,-0.006927646782351582,-0.009961322092743696,-0.0024170113719090836
2025-01-03,-0.002009491356496862,0.018027432561515733,0.011173916019757923,0.012458461887556282,0.0011803684955389304,0.013666734577358453,0.007760316848376414,0.011395686856023213,-0.005121029871368976,0.005125302241145047
2025-01-06,0.006739105898382114,0.015254909370185477,0.0011270223600896578,0.026487376513714134,-0.003675659428155842,-0.004875397783333679,-0.008820252085296354,0.010629559800995558,-0.027432986051371233,-0.001112493631265421
2025-01-07,-0.011387804664268364,-0.02416414035082548,-0.0032949238846810003,-0.007009712303547966,0.017889464618705553,0.009632511883755912,-0.009720038521023544,-0.01280831976372132,0.004358716677564711,0.009374338604237753
2025-01-08,0.002023034290709713,9.006470850470016e-05,-0.005316768494376789,-0.007877662870162672,-0.027080588771106417,-0.0001644713250937846,-0.008432928691774033,0.005184996642009443,0.004959675148511478,-0.016735498480812572
2025-01-10,-0.024103803631356224,-0.014360970473526025,-0.027889334256843368,-0.009847943163958428,-0.0014762001822508086,-0.013408530771239158,-0.01599872165230798,-0.013213655766751153,-0.021838389578914374,-0.0036473641636078913
2025-01-13,-0.010344210560035871,-0.0021923619356289947,0.032763436208184116,-0.0053634865095220086,0.01696470291041563,0.018093292864784782,0.004675835887662627,-0.004200878729786028,0.0017659179805278313,0.025811946243374795
2025-01-14,-0.0047781022729286304,-0.003204303696411115,0.025020742728550927,-0.007067737166053023,0.001938112756036725,0.01334904095008449,-0.0072278039891435775,-0.003643524420876454,0.005666060363499925,0.003934510227077803
2025-01-15,0.019675869041915206,0.025670516796895804,0.008935113130410954,0.03105564326564103,0.0015198960256401772,0.019719603084763282,0.0025569771705358235,0.02559719806318106,-0.0005633744817635788,0.016314261377660566
2025-01-16,-0.04040013508725093,-0.012043887924316987,0.01509761315153102,-0.013500377460652135,0.019314390186674357,0.0076084767093334005,-0.00906825010639345,-0.004058042417299013,0.005324074369287279,-0.0017039511337768598
2025-01-17,0.007535239806619742,0.023928209424767255,0.01437405662519975,0.016017814017358134,-0.005007759174630699,0.019231498473968323,0.004325383127690152,0.010480959843044202,0.003925337975639653,0.008983127221322551
2025-01-21,-0.031915790534446264,0.021111818274402117,0.03575038139207898,0.01045920869530903,0.007617362182313903,0.014932777736638148,0.005908518504150528,-0.0012352828718238396,0.0036615452984767316,-0.007567662651545848
2025-01-22,0.005344902711080568,0.018638063663626525,-0.001882707457137811,0.0016156989411986178,-0.019439683397799,-0.0007223105923760409,-0.0044582632741211325,0.04130685094397313,0.018674225300115976,-0.01740373882691204
2025-01-23,-0.0007594393899229557,0.0017446222360446573,0.022107163467114166,-0.0019659977146888608,0.009430759617928608,0.011832375002019946,0.010946990185414895,0.0011428953325458568,0.008559015068688502,0.005660498348001308
2025-01-24,-0.003934542081788894,-0.002421170970448472,0.0030266043619526783,0.011263830643289285,0.001227484411934654,-0.00417366659093088,0.0036213051586964085,-0.005932169504596629,-0.006194733142995901,-0.013526982914036756
2025-01-27,0.03178024510857891,0.0024270472668348475,-0.031032989791888288,-0.04195596007154212,0.041343016350963824,0.003813507585281428,0.02672888476960522,-0.021393543036213658,0.03375589299665904,0.0138964853744461
2025-01-28,0.03654392712433174,0.011596277923593856,-0.01187411926960158,0.018195139353592626,-0.01641686882437554,0.004852450359732474,-0.006619023619429565,0.0290869270797518,-0.02045272768028239,-0.01933370756484909
2025-01-29,0.004616803685774551,-0.004534900692607424,0.00753296472783016,0.0005631703825714762,0.005120267141099033,-0.002096454549970206,-0.0035721525911862617,-0.010890078831788386,0.0002406380420736376,0.005831171864076001
2025-01-30,-0.007394754723483832,-0.010250170242948609,-0.04641054161670344,0.027941202985474867,0.011379434118326426,0.006189648571336859,0.0007239241706384902,-0.06180900506181142,0.007098753234815014,0.008281983227435452
2025-01-31,-0.006692131500525944,0.012955989149507907,-0.009440502944745188,0.01568185735224814,-0.004709943211159806,-0.003467216329355649,-0.005580133841459833,0.0001687555662297502,-0.008482208321860973,-0.02500683780439239
2025-02-03,-0.03385599401436401,-0.0010938846972727845,-0.026626199899503433,-0.01367526989162593,-0.0018401802806140566,-0.001833183863992005,0.004676187357733008,-0.00997437836880155,0.016687614614283586,0.00243367962052643
2025-02-04,0.021007914714474385,0.019543422733693472,0.0011063862990448037,0.02559270604642383,0.010666917943718435,0.00423539593672051,-0.0009654677582005,0.0035284672560587094,-0.003732908324667883,0.026799947029372273
2025-02-05,-0.0014174923520661187,-0.024332807771026643,-0.008564676499609347,-0.0729236585042703,0.007818163059538197,0.00929294387946844,-0.0032439682936047376,0.0022310954785407233,0.005233968454342763,-0.0007274982468903346
2025-02-06,0.003226176535747083,0.011263088803542765,0.01839203841967385,0.0014111991373639832,-0.007628201328967799,0.023924949624926972,0.01914623514608982,0.006121537987417991,-0.0007691855659487379,-0.013196279240515918
2025-02-07,-0.02396873186469839,-0.04053095448794508,-0.004296054270180427,-0.03267231987174635,-0.0025406640966699756,-0.003972566005561395,-0.00020380371357742177,-0.014597644858585945,-0.005388443674738452,0.004242396125522907
2025-02-10,0.001187343922486539,0.017412199866636335,-0.0018137631739150173,0.006097004088831071,0.007314811201192928,-0.017258754858345715,0.04797844609640567,0.006028045296171625,-0.0026195235831264485,0.019101837801370314
2025-02-11,0.02183176471862147,-0.0016299428832775575,-0.0027257157978157753,-0.006167179763119868,0.012253412836791266,0.014573258928341604,0.005803590640095058,-0.0018921281844317406,0.011341156946309994,0.006307993472621565
2025-02-12,0.018270152940516038,-0.01645472556041927,-0.02813117286343836,-0.009227333373395874,-0.0055722951484278305,0.0016730088950542843,-0.008413643401050885,-0.00583322249901741,0.0008854349036289122,-0.030086686129829676
2025-02-13,0.01967323848251623,0.006290143220533118,0.004715362030858428,0.013779184478584172,0.012817305388020728,0.003158426592328789,0.007867349408550384,0.0036671929743337106,0.008491535452984422,0.00726588730973754
2025-02-14,0.012710644656182213,-0.007336035409240549,-0.0010743942068580647,-0.004888866870178754,-0.00699528753892964,0.0009770494363676718,-0.004741625195536225,-0.0051396335123424786,-0.047538256901452414,0.0010173741669174952
2025-02-18,-0.0005314395307257636,-0.008877028355405714,0.0019245806539591737,-0.00788215161981487,0.0005164410644364903,0.012148065250005224,-0.01205633618066837,0.002962568768944518,0.015593285000983004,0.01755357730663709
2025-02-19,0.0016361258388950528,-8.819331220011328e-05,-0.002824957276880702,0.008162502502799596,0.018710922656869355,-0.0025005448727035695,-0.009480690396617253,0.012523125131662427,0.00640747442072831,0.0014526944742234704
2025-02-20,0.00392050052050541,-0.016546793977871843,-0.01090637241186343,-0.003832324278630117,0.011336878147753637,-0.044583727885247226,0.0036761812148515816,0.005290751165701879,0.004324708538225419,0.015412471382707515
2025-02-21,-0.0011389645070583043,-0.028266344731418536,-0.026091962334731766,-0.026549662694766663,0.016407910469372178,-0.009595275571336215,0.005807708161582825,-0.019032609065903983,0.018061020309535936,-0.011696350953522838
2025-02-24,0.006312320635509572,-0.017868663239768212,-0.003293754184475639,-0.0022820939228516135,0.008872475112189138,-0.010974768837837434,0.00905479081812377,-0.010313269594400487,0.0018210735353774155,0.005239762791756419
2025-02-25,-0.00024289352111894758,0.000423094048469963,0.010149877625362791,-0.021366835137959672,0.014351978140699995,-0.01507614561267645,0.01024151728709155,-0.015099089961246759,0.01237254708302582,-0.013840171752666386
2025-02-26,-0.027040059092005797,0.007283848822975836,0.0006426208545071699,-0.015334618466180117,-0.01812256824506364,0.005400074087961393,-0.020758317769896673,0.004599170274089515,-0.007819387768166819,-0.0024606619504277116
2025-02-27,-0.01273091938670523,-0.02617215045770671,-0.007531170025240508,-0.024489017300747817,0.003985675941959421,0.0010045972107886048,0.01866784220365969,-0.018012117581853393,0.003911380571668177,0.006303726775243934
2025-02-28,0.019131868844441513,0.016958863624485065,0.011617780759403784,0.010563708074448286,0.007878819755906763,0.02161758609167208,-0.005226728162880834,0.01136219035479269,0.01087381973378676,0.010712667378310892
2025-03-03,-0.015754265817481183,-0.034200087377916355,-0.0346271651008041,-0.019203514522486365,0.013695348433325538,-0.015227612299613669,-0.007404787486609998,-0.021411134937069587,0.010066795567880593,-0.03206677466893937
2025-03-04,-0.008822379909602107,-0.005950644792114046,-0.015931813067098455,0.02341176113410648,-0.011119156576571143,-0.03978972307546624,0.004863691336008946,0.00030887307606852765,-0.013725189115312841,-0.0020415890843658024
2025-03-05,-0.000805297297409524,0.022374865016246748,0.03592953970549373,0.012286386594387855,-0.001813608229688235,0.005114861854253361,0.005494419569870068,0.0319343726980823,0.008257398709964558,-0.01952757129253624
2025-03-06,-0.0017392567173181162,-0.03676331176651382,0.007444814950140488,-0.003872311894240199,0.004300004667448176,-0.019838690194454278,0.009497426461120284,-0.010298722632470114,0.00028635942226351574,0.02067521622338986
2025-03-07,0.015892619063543778,-0.007224698407026442,0.027242649527919882,0.008761214270718964,0.0051860617851171575,-0.01727902865307196,0.03518386166316656,-0.009020138694179503,0.0073857263242893545,0.01300860645778612
2025-03-10,-0.04847954099505469,-0.02363867861413893,-0.014530468951278519,-0.04485781442035297,0.006059013280636849,-0.0415222442742319,-0.01257438294554436,-0.03343414779278586,0.0017618717990095512,0.025500036600583753
2025-03-11,-0.029189374883390795,0.010537694677220655,-0.015758448834105154,-0.011032774353331276,-0.010971953936417922,-0.013263260640524521,-0.03306541332182611,0.0007627520669200027,-0.0178146206909221,-0.023613561763594748
2025-03-12,-0.01747865727172493,0.011699491808345508,-0.004826781287052051,0.018715001830999833,-0.018147793676735136,-0.005411672890409558,-0.02399258181983077,0.007412273553401905,-0.02743765666929565,-0.00027483451579679574
2025-03-13,-0.03364369240834908,-0.025139524437347016,-0.014254913039946082,-0.026030713561066343,0.000859802888152128,-0.011891040502944872,-0.0063460872138974,-0.01174109363560194,0.0013066965586718826,-0.004215239859216124
2025-03-14,0.018170600884615862,0.02093969555611075,0.018991436786840676,0.01677311007792981,-0.0011044838464332463,0.032195006235390844,0.007831934860512035,0.025846893632518464,-0.003677484592044089,0.029723054779907
2025-03-17,0.0023888377184630993,-0.01116439246854839,0.008832825803599897,-0.007251228863565218,0.00018426820942174515,0.00641024059243267,0.013807840974698005,0.0003603001506342629,0.010656590791769949,0.016622082931911475
2025-03-18,-0.006121453168117963,-0.014917738259935254,-0.01730676707429113,-0.022034212276003107,0.00865881865121354,0.00444575858435492,-0.0012172028890079511,-0.013326461969701775,-0.012075800019000216,-0.001054954087549076
2025-03-19,0.011989258640142442,0.014106347155876442,0.005672459791086659,0.020041197371215347,-0.007671128629391344,0.017619285625504633,0.010935449104711559,0.011211926620843915,0.0051278942969683605,0.015575574409968818
2025-03-20,-0.0052964532819913535,-0.003017266841301769,-0.00699896681267409,-0.006650847586750053,0.0001839689706946146,-0.0004181599677763881,0.00026060566942787133,-0.0025269925876888477,-0.006050879918527374,0.004245683843442594
2025-03-21,0.019476894134998757,0.006463245885351521,-0.0013978182726094301,0.007309576294013853,0.003741960254699528,0.010961866082372707,-0.00508149795463686,0.011425972250201921,-0.0051328839605505605,-0.0034513137563186858
2025-03-24,0.01127043423393781,0.03593082692897376,0.01754130843471935,0.022501385798063378,-0.0020780980044977637,0.026610925496824978,0.0007530751245299339,0.0046516577255040215,-0.00623903613629706,0.002597483868213457
2025-03-25,0.013681857076742299,0.012053587883713357,0.002780467296288114,0.0171755827935014,-0.013901499057816125,0.012376020758309236,0.004089428231743408,0.005291543404291721,-0.016903050503157657,0.006822004068709697
2025-03-26,-0.009921848719024684,-0.022264360904062586,-0.004407278554364402,-0.03224677553326505,0.004347291515016005,-0.000398145297231256,0.021699367484950827,-0.013133914466157526,0.02290447681582375,0.014409516819328338
2025-03-27,0.010472666089927918,0.0011435177345771042,-0.00530612008529463,-0.017084645760713224,0.008718785476530488,-0.011592310227961922,-0.0028381576798934827,0.0015642311121963903,0.012786567483166422,-0.0032129993044268668
2025-03-28,-0.026580345232386393,-0.04290822091507418,-0.028323095092785522,-0.04875491817201072,0.003555530222819847,-0.021239671961866158,-0.017909051929329345,-0.03016037353459622,-0.00403048036357645,-0.0013571290068520314
2025-03-31,0.019412677172281345,-0.012764667384211892,0.00033365840999399765,0.00200866183365056,0.013010735627024816,0.010088546629981598,0.017193688138521068,-0.009002027323099293,0.01422356988637663,0.010192732632372303
2025-04-01,0.004771951175297495,0.010038913682617334,0.0023348298343486285,0.01571392569412966,-0.07591654410581883,-0.006685781055773998,0.004033622032349582,0.018114474415922288,0.0008214650376332511,0.0009249866966836162
2025-04-02,0.00313635061160511,0.01998228846583383,0.012372532643267764,-0.0001910302296327382,0.013768268938483041,0.008864927192202332,-0.006536433665242036,-0.0001307717168953504,-0.006214754392070421,-0.0031083178982080906
2025-04-03,-0.09245604072310931,-0.08979129298487254,-0.08635626896338389,-0.04024444069867483,0.02870759296151837,-0.06968524506426743,0.02147129797518521,-0.02363014366778582,0.01705004814750355,-0.05258265665257089
2025-04-04,-0.07288747446382804,-0.041533565999713695,-0.0578232250474674,-0.033970249281652376,-0.041171212530459855,-0.07483831932353868,-0.057058571712328865,-0.035565861831488244,-0.05011891299516713,-0.07195594327184462
2025-04-07,-0.03673428915114274,0.024912248577988017,-0.027839389997242225,0.007898157205243894,-0.017097458537347232,0.01978322715912495,-0.0007329280226193724,-0.0055024729367602054,-0.021496157017325657,-0.013417691656354758
2025-04-08,-0.049818101062165554,-0.026246667744515673,-0.021852449758795522,-0.013969252796472875,-0.004116415998110745,0.011331759216443915,-0.00020013961109754952,-0.009221500865753463,-0.011483422980680724,-0.021080240177249743
2025-04-09,0.15328841216885225,0.11977031526306248,0.09881720680892814,0.09682103402759212,0.00646671533482901,0.08055518909809045,0.01377449495537908,0.10133676350587173,0.024812166932062896,0.04991570650288679
2025-04-10,-0.042393783585858436,-0.05170070417193329,-0.03936739980706261,-0.037111714025853226,-0.015102384026205007,-0.03085254065959353,0.009277544462668263,-0.02340645279907161,0.007639167740702391,-0.05548204478142327
2025-04-11,0.04059440515301449,0.020141230945248445,0.014835952725624546,0.02826856821888679,0.020445284574102995,0.04002454674607048,0.010170182518354665,0.018618211612539737,0.020481804325906516,0.03212246885408798
2025-04-14,0.022054052700792193,-0.014875318183769082,0.01591415488152026,0.012282124400411876,0.017333520878368924,-0.006265862623403118,0.019909645072861082,-0.0016476767725912556,0.013300551005373418,0.002423914906457325
2025-04-15,-0.0018762965785447117,-0.013891933050343641,-0.01573195126367788,-0.017350924668599332,-0.004794100489132869,-0.006773969760920262,-0.011358287969439274,-0.0053634510643832956,-0.0039023820932592157,-0.0028049757117946106
2025-04-16,-0.03893343751718448,-0.029288905919567454,-0.011212079774477246,-0.01906473365903394,0.001887921062760478,-0.015098876925615623,-0.010816664316643632,-0.03660591835861371,-0.012346325828053506,0.010572311802448331
2025-04-17,0.013949632775603904,-0.009866352335440198,0.01416553610669724,-0.014152435080827086,0.023130334299673594,0.010234770318884312,0.00711731689247741,-0.010306485683395428,0.025482304425645363,0.02620204599347087
2025-04-21,-0.019392881061038092,-0.030647084568839134,-0.027660214102717906,-0.023088143299922814,-0.0034928107838737565,-0.012803964810816137,-0.008287778033453375,-0.023546708713903963,-0.02254483257190676,-0.014683846712820081
2025-04-22,0.03406515943944233,0.03502262189247651,0.02258202635626949,0.025733057618917865,0.005289344608227831,0.028822212550100534,0.0335579015464309,0.021441371323706937,0.012850701285900934,0.028001980544587246
2025-04-23,0.024331588268553084,0.042845673527805994,0.015798289292299872,0.025615693880437274,-0.015023729824654719,0.022454267660646288,-0.001880250557350971,0.02063681888653135,-0.012806901415472471,-0.008587308367352442
2025-04-24,0.018426141911106475,0.03289029336584037,0.03749540568752785,0.02529759735565329,-0.0028962940769651224,0.015609405593180137,-0.007096346600671821,0.03448266536748945,-0.037410166499324715,0.01173505018287635
2025-04-25,0.004367266581964069,0.013133978209558528,-0.001336064522697078,0.016825833592223338,-0.0022588361153577097,-0.004455477002182628,0.0016444130362569531,0.011748048639614872,0.009339946833910151,-0.000552278743373491
2025-04-28,0.004109335285442661,-0.006825802991833552,0.0019904895934821365,-0.008335396004527151,0.004981154271358701,-0.0013549544051105755,0.00022105831940000265,-0.0017609282667979675,0.005154711481812235,0.000552583923728589
2025-04-29,0.005091803503481929,-0.0016515586767922308,0.0011072098891009574,-0.0028018196108319238,0.003604747722390833,0.005756059943142544,-0.0072913521202158105,0.007362746303037682,0.002533120737647554,-0.0024853625926806178
2025-04-30,0.00610778628032671,-0.015849304820837684,0.006083219100810444,-0.008491555638777348,0.002565442909639337,0.0,0.016375108255795245,0.0030962266601428645,0.0019106051505011212,-0.0251938605595885
2025-05-01,0.003858795576781038,0.031341496782804956,0.01516491010397747,0.015742996838836065,-0.011835236106872093,0.0092796907496151,-0.018801711335831972,0.07625350884049653,-0.01593172812563437,0.0014200212758284092
2025-05-02,-0.03736171359938467,-0.0011566836184702112,0.030959227083805718,0.016925122397940973,0.01074686581310691,0.022763174694462318,-0.005356550099390289,0.023225163299393836,0.003375424031297758,0.0040650442654952545
2025-05-05,-0.03145849867088735,-0.01910722026349243,-0.0017609725548878297,0.0010973608304121196,-0.007173838856686654,0.00019805398234029603,0.01205287079187145,0.002044730749510837,-0.010528123635048736,-0.02768098920967388
2025-05-06,-0.0019106952436467317,-0.007190832051464091,-0.006870648685026182,-0.005968116004148372,-0.0034193347213854475,-0.013105820102915167,0.0033890373983129773,-0.006557093604503628,0.0026442080573978455,0.013944010497519255
2025-05-07,-0.011384769833375663,0.019998985551532122,-0.0018698071283369533,-0.07259678027142913,0.018320736663308912,0.0005616929835725593,0.0042300254867930764,9.233172295664005e-05,0.00025112357154655207,-0.0009549237079219397
2025-05-08,0.0063184946335548275,0.01785806262143419,0.012363768328739644,0.019157086573543758,-0.010425984407142042,0.01635995483773245,-0.014585343933686934,0.011122679830935178,-0.004017745365772374,0.013956561185935579
2025-05-09,0.005266076204561099,0.0051020185245573835,0.004225118881203693,-0.009917138167518713,-0.009250948953407612,-0.0015386175187587225,0.0006060660686300068,0.001278026500774354,-0.00624010600145064,0.011690339227293789
2025-05-12,0.06314614951132236,0.08070031092964336,0.05199303505602937,0.03738134268518012,-0.000518751690014696,0.027540611436334794,-0.00561075817990575,0.024001013731388854,0.020550464225065346,0.017239848982569805
2025-05-13,0.010152329556051276,0.01308471882441209,0.029163706347453466,0.006752453956481386,-0.036979229345006304,0.01138251958188663,-0.010355280510180642,-0.0002670244840281555,-0.013486608340013362,0.0027481297141354055
2025-05-14,-0.0028177566784739483,-0.005298742220089303,-0.008169284143365263,0.036607515802790314,-0.014012408693379275,0.00999965555596427,-0.003854986134120275,0.008460515794105783,-0.004472947454343901,-0.008952940662507625
2025-05-15,-0.004144526899852674,-0.024161720956264898,0.00042896794248692416,-0.008526217215815812,0.022205508398696283,0.006964165697890934,0.02269919910898799,0.0022562123229374897,0.02778123700342805,0.010140482728717926
2025-05-16,-0.0008985807760553133,0.002047074000553817,0.010777292413833628,0.013600802785373345,0.011496618899127675,0.0002617245273319746,0.013132713469784063,0.0025157299864699834,0.005356736657167627,-0.0035917753802243713
2025-05-19,-0.011739103087880398,0.0027725440652370814,-0.0028564602654040927,0.0021059836211299032,0.007665237185962237,-0.010016405327326283,0.008223344881418404,0.010126117365720999,0.00912553458418719,-0.015898057145843913
2025-05-20,-0.009196227967492532,-0.010137739138364021,-0.008735941424672045,-0.015371580386330574,0.007672610198560914,0.0030201783792127568,-0.004451776003056018,-0.0015254082315715456,0.005280011988120004,-0.014276316370250508
2025-05-21,-0.023059077289488417,-0.014455883280997672,-0.01997187456054006,0.02793020956055048,-0.003123853353522721,-0.017464567683463383,-0.010506551885445026,-0.012222510830728561,-0.0012677949175937675,-0.01229153476802547
2025-05-22,-0.003612269504163268,0.00984492359983613,0.007824584802941015,0.013704296695649765,-0.003721098494022468,-0.0014173302889515238,-0.006731057750823055,0.005059948976225748,-0.0024178906137121148,-0.006656383114642339
2025-05-23,-0.030244359994423098,-0.010388973643241206,-0.005214451642986506,-0.014045744462603649,0.002162527972095818,0.00015331777538163394,0.0008272522619530154,-0.010288911188026995,0.005029365306285172,0.000582674882050549
2025-05-27,0.025298332196322493,0.025026113945093353,0.02364653350111201,0.02629548817468219,0.010617119429281674,0.017567500006796077,0.001207970512806078,0.02334627570830161,0.01145546124428698,0.004755866141227694
2025-05-28,0.0010489257332475521,-0.006310081665849121,-0.005746737715716765,-0.003123194408763408,-0.005350798693408709,-0.00678507325697808,-0.006699509428902628,-0.007228364630365247,-0.0023843086943394765,-0.01362048564742424
2025-05-29,-0.0023451358153920854,0.004787005283780621,0.006581089157642994,-0.0029009264979368288,0.007544528304107789,0.003339815562284576,-0.003132603662909128,0.002886189466556832,0.007170021627924461,0.005680165338546095
2025-05-30,0.004501165153201203,-0.0033544115296213484,-0.010688168157857891,-0.000698183822844034,0.010613437489928046,-0.0013995941549926894,0.006381174067926487,0.0036626028129052024,0.00789048787373603,-0.0037977891174473255
2025-06-02,0.0042319709002895944,0.007999607012299847,-0.009654308432842096,-0.015779715126935545,0.0012240361960718094,0.0024999935804823625,0.0019224654412302034,0.0034973629578618493,-0.01241989364836027,0.007331289119172357
2025-06-03,0.007783886983989463,-0.004548692041520419,0.013723223898857606,-0.016860892095740043,-0.006306302450285406,0.006083216973815864,-0.000927395552964505,0.0021645693175282865,-0.005542868829497838,0.007278083248626999
2025-06-04,-0.0022138614203993656,0.007388989179248462,-0.00020044535793606322,0.011252782949290996,-0.007770954139380115,-0.007698850518846112,-0.002624953374684491,0.0019439840480590664,-0.0053941620546253954,-0.014450841314412433
2025-06-05,-0.010797729357132413,0.0032814165352026414,-0.0010590560947121297,0.0009521993729577627,0.0028716755270148386,-0.008591258859429574,-0.00831277526709795,0.008213486205267406,-0.018981492832403135,-0.004594356520152498
2025-06-06,0.016398311604960636,0.027223334916139486,0.012580161503869647,0.032518721144186635,0.008915811976308863,0.014430142755744058,-0.00524309494288655,0.005773284149697799,0.007493818898917315,0.023961454675160754
2025-06-09,-0.012112606584436802,0.015966607137600786,0.013357950118844553,0.015103588291547565,0.0012900129510156066,0.0038007756703972717,-0.00839409188046425,0.005038423127929237,-0.008901379118124608,0.006713318804049573
2025-06-10,0.006056174171157558,0.0029035159702168745,0.0013963377296339896,0.014254166997544448,0.00785934942312183,0.006973222451502892,-0.014272523240082657,-0.003870891008447619,0.001722452466250468,0.02143473295494358
2025-06-11,-0.01919380583292518,-0.020265629565462184,0.012745178078434227,-0.006998939899425238,-0.007606350687846208,-0.0016753648972049895,0.0042939101435945926,0.0036098714170682555,-0.004482893494655138,0.01949259597800257
2025-06-12,0.0021128663073402,0.00018765734284498237,-0.0060033111215925805,-0.009303623757446533,0.009017212686186493,0.00033554336133789775,0.004772568033321045,0.01322416034564955,0.006600401484739615,0.0038422995754354705
2025-06-13,-0.013805194198080128,-0.0053460859139069505,-0.0108322649849949,-0.005862293254526918,0.0028086182171056517,-0.012265165407020606,-0.004123253147537476,-0.008165077904118911,-0.017771721941551966,0.021780751632478612
2025-06-16,0.010028022576847206,0.018859028217320217,0.015095948240300139,0.012022694319630656,-0.011966876197113452,0.02041890796157264,-0.01861479210427819,0.00880080681316353,0.0037434186370377542,0.0032108787170341824
2025-06-17,-0.014010737856372857,-0.005923177895162723,-0.013133194103389867,-0.004638847758527076,-0.018296578569703792,-0.003107012598439707,-0.013432799426787212,-0.00229581711185578,-0.014669251634204072,0.013513437922057614
2025-06-18,0.004804789548654709,-0.010706651956707725,0.005927058262786833,-0.014947333605252577,-0.01082827305032974,0.01647386770098458,-0.009168284565064466,0.004602071906124383,-0.003154231784506578,-0.007105234701280216
2025-06-20,0.022484520846297373,-0.013316402099383007,0.002001154078533851,-0.03854147892820581,-0.006236304303408158,0.003796147839549846,-0.007492382254341012,-0.005913657689811558,0.006707993317559335,0.013340352368176323
2025-06-23,0.002487474192778505,-0.005818118205440093,0.015838293636846634,-0.00870137163991147,0.010214357765233384,0.011890945101666217,0.007166145889497821,0.018014262095366718,0.012257908852973065,-0.025806441563795968
2025-06-24,-0.005955261437092574,0.02062648355436747,0.01854021406458517,0.009564768657067235,0.005749429391315397,0.010744980914052515,0.006735405288848417,0.00845671011083593,-0.004160712566700808,-0.030427731851507267
2025-06-25,0.006290497448638854,-0.0036659245365152637,-0.0038604643081217027,0.023445423084553774,0.000591333478337841,0.00995512262971765,-0.020310957580582767,0.004407254786778392,-0.008667900376306492,0.0002768969502402463
2025-06-26,-0.002778249181079495,0.024199205109171285,0.02771954122834952,0.016756408089120045,-0.0017731551862250061,0.016510586007835615,0.00028025920949392713,0.010522674767460494,-0.0021387477703332936,0.014948797921109591
2025-06-27,0.00039802021458856807,0.028463559660798277,0.00741068269255285,0.02875428227631205,0.0026314873642814263,-0.0056796426700883584,0.020726020365201325,-0.00303546917348263,0.007753815173544787,-0.00554596505441729
2025-06-30,0.02034007911458713,-0.017510092291414314,0.009097759111312831,-0.012883017238589867,0.0022308936910802046,0.009752390445922243,0.002126674258250638,0.002964064057870308,-0.0033778608242758246,-0.014445029774920126
2025-07-01,0.01291615425542747,0.00487719279454657,0.006980782354977455,-0.002213059723301658,0.02075274458700327,0.001724614023813853,0.018208505869441893,-0.010775901611022598,0.011925603376025551,0.013357992187439827
2025-07-02,0.022230762139012317,-0.002449462616694653,0.019211087170405206,0.015923569093273304,-0.002308848605484415,0.005475182891607977,-0.009613710084022231,-0.0019509602314314867,-0.00012407547934589758,0.01656909585168198
2025-07-03,0.0052249957659193935,0.015869432167251007,-0.0014306710839609993,0.004982101920543602,0.0028928142323436656,0.01858212743145793,-0.0018667729401967703,0.015781247914797625,-0.002295345306135399,0.010355612142045612
2025-07-07,-0.01685788485292905,0.0002685535903059755,-0.015960280040292485,-0.01526208174008381,-0.004743333034231023,-0.0136148522647217,-0.0018702642989810725,-0.0022452408041021554,-0.0020517771198667045,-0.00971473073248763
2025-07-08,0.00028578971805215403,-0.018391733064396676,0.007100670453241031,-0.0137451073802477,0.003349008930657371,-0.03147584325317632,-0.00633656542838823,-0.0022101138412601307,-0.016261739320197033,0.027720229893253956
2025-07-09,0.00538068961510163,0.014496684294917905,0.02001058112930143,0.012961664301466724,0.0031453072785894154,0.0013438447906981565,0.004628445121263702,0.013873855040504202,-0.002343268963576506,-0.0034152484592233634
2025-07-10,0.0060150494644521935,-0.0012581953255335065,0.015291704307886844,0.005661904644475024,0.009022199919035412,0.017763852932114466,0.018326383419252412,-0.004031709186562593,0.006157880154741058,0.00992960229237072
2025-07-11,-0.005884925020458898,0.012417933203629827,-0.005902071664240949,0.014469176166917563,-0.005009837318599164,-0.004615161484364139,0.005094029128604571,0.003669095590318916,-0.00908575161265257,0.004350489297407112
2025-07-14,-0.01202881464197092,0.0029775049161142597,-0.0003695891960088238,0.00760296193565968,-0.0005097961002915596,0.006414449578479475,0.0065686722533564446,-0.0005960464402684496,-0.020948759261163685,-0.013081540891574872
2025-07-15,0.0023488288655426626,0.0029243814744550622,-0.0027847532450937518,0.00242350537595315,-0.01052169538670955,-0.007447246501936622,-0.0074864824700902055,0.005566397658714584,-0.007023937328891505,-0.008865807496661327
2025-07-16,0.005021264030900419,-0.013960696164789232,0.02036377129525979,0.005329704065058172,0.061932147261158255,-0.002547558437330566,-0.002402957867087663,-0.00039535996344042257,0.006877149394167281,-0.00602252734257136
2025-07-17,-0.0006661763232523876,0.0030915472640284936,0.012570255721676027,0.0033337854777450993,-0.010923711532984437,0.014274761395282276,0.004917895116099302,0.012024847390052606,0.012294137898310797,-0.005078827725166879
2025-07-18,0.005523280640275852,0.010050026580880944,-0.010428932271013491,0.008061858948477774,0.004417666832980061,0.004725665662063339,-0.010986391540554585,-0.0032246278038339238,0.0034744669427086983,-0.03483796267310457
2025-07-21,0.006155900285392368,0.014018476542235536,-0.005167328790608217,0.027234448007995127,0.004031795890663714,-0.0010298840080238403,-0.0044770679274003244,1.969412147295735e-05,-0.00045135514031191537,0.002598160623080048
2025-07-22,0.009036090171780309,-0.007980819043607368,0.017362831067152307,0.006522886981430442,0.021720674092481795,0.0015808818686022796,0.011598119228423354,-0.009391088969804007,0.021221784131627563,0.004534908573220919
2025-07-23,-0.0011660036442873167,0.003604836070819184,0.024928697283710832,-0.005801156093925508,0.006967265852696691,0.018289186736291096,-0.0035098035897027646,0.0011874315663082946,-0.0002527270059187181,0.012806324461428709
2025-07-24,-0.0018211290671763525,0.01725876103762447,0.004513665287894764,0.010198165417981908,0.002720184764367417,-0.0007077472124121797,-0.012209773970978999,0.00990384802823252,0.003348508553146834,0.007823210078999443
2025-07-25,0.0005613917422049308,-0.00340177109187767,0.009848234917726018,0.00525576452927945,-0.007430954006740764,0.006980316607439141,0.013549332535666148,0.005539503483432906,-0.003211359840750716,-0.0035201980195520566
2025-07-28,0.0007948587409902785,0.005833005662313484,-0.001867432210855946,-0.0031059288583201727,-0.0123588969711107,-0.0011385485298224252,0.0025127639845230476,-0.002355518098626219,-0.007517443182138095,0.009420356238178718
2025-07-29,-0.012987668901023652,-0.007646371539299812,-0.006675344777468228,0.016460708102161936,0.011370498458419753,-0.004157092554039066,0.011529990450232175,0.0001366022502800046,-0.00318243997301082,0.01292167560704982
2025-07-30,-0.010507862911703691,-0.003549595623255297,0.009464038270058817,0.00398467307318473,-0.0050563232749133435,0.008719311730002621,0.0031055558479806677,0.0013071037867413704,-0.023817150934934417,-0.008681730772208351
2025-07-31,-0.007079609380583052,0.017029402351838252,0.008983685068431502,-0.02355879363934421,-0.01506627563205265,-0.011314048540478794,-0.011659609173520824,0.03947471430071703,-0.015764002594283788,-0.002323519393286011
2025-08-01,-0.025003668581794036,-0.08269617085933034,-0.02130035662580565,-0.014434527104049355,0.015721712597952076,-0.023190554755137205,0.009397908089061824,-0.017600826431858896,0.0011961944799412372,-0.01791471780257814
2025-08-04,0.004793012026163446,-0.01443541840985152,0.011686740218565417,0.031248290494247044,0.02217165624378903,0.01689875161611676,0.004423965989691192,0.021999299045952325,0.0007301796860115228,-0.020704104192582173
2025-08-05,-0.0021146353111312077,0.009922070229506863,0.0012220932556372688,-0.001896982935224223,-0.0017538492120159344,-0.00982131505284678,-0.01794704109218137,-0.014730099123457463,-0.0016582421104825995,-0.0012108473167617984
2025-08-06,0.05090672067065416,0.04004677220394748,-0.01499208561323917,0.007294302529226915,-0.0008786011958688,-6.851608886171423e-05,0.029755417077143242,-0.0053244197244816105,0.015613672849037696,-0.006807131632576513
2025-08-07,0.03179370364190537,0.0036885760119835798,-0.024782587260436695,0.0021929569902823243,0.005510277103401684,-0.015136462140372453,0.0008126691283576459,-0.007810431667561457,0.004121421763350508,-0.005257720026864421
2025-08-08,0.04235784341318971,-0.001971955504762035,-0.0014384735055632536,0.024933792614868056,0.010493845697263637,0.006342765849460363,-0.007989436860867394,0.002303986512882439,0.00013023978636272915,0.00802273121841579
2025-08-11,-0.008337365796965757,-0.006241858073597895,-0.01915870661995589,-0.0020851536634273193,0.002827020237852418,0.0027704064055678046,-0.003568440923971794,-0.0005171818656889426,0.009575932019080469,-0.009082437836983925
2025-08-12,0.010872426196794072,0.0007681796954406295,0.010207071302218651,0.011641787231829515,-0.005983296781843284,0.011362159706303387,-0.008936769240804221,0.014316610997022305,0.0007097790781636082,0.002834641878009636
2025-08-13,0.016024457949132653,0.01395221168040428,0.0023988245255559537,-0.006786602722081647,0.009491864774566539,-0.007922149441431658,0.011371159612009185,-0.016363092424020564,0.002063329329395236,0.013850996375883495
2025-08-14,-0.0023571835446725142,0.02858923333961183,0.009185349781013707,0.004852374314992414,0.001720039475327173,0.0124943701342628,0.012718391783506755,0.003649722205782968,-0.010745759782611053,-0.0020445907320886247
2025-08-15,-0.005112168105708581,0.00021648217457226338,-0.023257430095209086,0.004730443347750413,0.010988996395757233,-0.012476232483657146,-6.485799147892823e-05,-0.004421182521546441,0.004032767056880715,0.0009398980992183503
2025-08-18,-0.0030225322092916063,0.0019911124801876845,0.011893337992531228,-0.001961681957337813,-0.0022079049002738937,0.0035801747375252546,-0.0007443661833883564,-0.0059019735220721126,0.008810570933158957,0.002159887465570165
2025-08-19,-0.001429256279357305,-0.01503309388634011,0.008360818655025692,-0.009484040529142868,0.008794378899458666,-0.002984231225430345,0.007223770250780692,-0.014175133788019156,0.017210298747917685,0.006559158410807786
2025-08-20,-0.019734624185850147,-0.01842023178556884,0.010814926279719916,-0.011162380228148416,0.005849275495969142,0.005435909901663427,0.006914678222939008,-0.007944754563585454,0.007007596315890208,0.010333313463735116
2025-08-21,-0.004911252928377019,-0.008310623433453235,-0.006419470820620221,0.002157266374860134,0.0005032154150328427,-0.0026347907597954467,0.00044722802939300976,-0.0012874448271453787,-0.004889966364683862,0.006449839635096044
2025-08-22,0.012716733406805902,0.031043025385826706,0.04254700992537752,0.03173970710377705,0.0020119357159178453,0.016365201143015762,0.0027138105365756005,0.005929759328559658,-0.00037801455719055355,0.018767681430714056
2025-08-25,-0.002634317288807808,-0.003932852258726194,-0.007735226414415708,0.011645388383783928,-0.004908228465136832,-0.004523289620760429,-0.002005936313168699,-0.005855322614779834,-0.015882034225917385,0.004133693767638835
2025-08-26,0.00946469850209164,0.0033781006590050122,-0.002405730425661612,-0.00647514851969222,-0.003500565726101912,0.01244492556046728,-0.0015952675666096594,-0.004402486817823403,-0.0011526826242787003,-0.002237345248392919
2025-08-27,0.005145899965004919,0.0017926124405795996,0.003269523767686966,0.0016414185196689246,0.0016996600244920668,0.0023779280781519585,-0.004825119747443374,0.00936174929347322,0.0063474646542931445,0.011301549600390315
2025-08-28,0.008980857430412437,0.0108240705271474,0.005177152847462452,0.020050119405927047,-0.007579512221391305,0.005981130523019074,0.0025365822127352278,0.005722875500879798,-0.008346175435615,0.00532148678358535
2025-08-29,-0.0018060207961334562,-0.011226278216735164,-0.03649028198130033,0.0060007570447986325,0.009803297762500884,0.0011624885627850023,0.004227884079199162,-0.005788398677616269,0.008930248757112791,0.008292872376035376
2025-09-02,-0.010424709383172748,-0.015982548742835667,-0.007135456448788324,-0.007326965691451082,0.005023420063362316,-0.005706295482088786,0.012797852831388568,-0.0030985624661443723,0.006049527103061392,0.003499922459630378
2025-09-03,0.038089871578786294,0.0028845707190781056,-0.0022352395004027192,0.09136497042469238,-0.00033693477832674734,-0.0006339879767393031,0.0019952154110240983,0.00045536395189338386,0.0011392580001168273,-0.024239271994451306
2025-09-04,0.005493288226302795,0.042877945692648245,0.012285601189588435,0.007110045197315618,0.004269652821229153,0.014390192958637638,0.0018963428325460274,0.0051845390236209266,0.006448805086923359,0.0043784909280828455
2025-09-05,-0.00037531045761318715,-0.014214150326010255,0.00680588603864396,0.011622933139023406,-0.0018460993452450447,-0.03107109660479279,-0.008233666683809204,-0.02553300317935414,0.005213881393343778,-0.02820280879831505
2025-09-08,-0.007551402650500583,0.015107797009308976,-0.0007089962736642752,-0.003194417167301622,-0.0016812665885873601,-0.004993555442518116,-0.00502580283208609,0.006464664083856375,-0.006311739353164869,0.0056760246140734605
2025-09-09,-0.014839412310012845,0.010176429751274751,-0.011093265243792727,0.02388482164590222,-0.00656820635717692,0.01686527660127779,-0.0008951101662726391,0.0004214913712405899,0.002830068435919264,0.007282700040599943
2025-09-10,-0.03225948363240483,-0.03320182790348514,0.011528597493910553,-0.0019196354100891044,-0.006611719701404395,0.009031448219285032,-0.021054622150051494,0.003932486980097183,-0.013232187939640427,0.01671940697891494
2025-09-11,0.014286344459361722,-0.0016498279850283293,0.020027913882358472,0.005017364978125993,0.015416118676213397,0.01670321601624747,0.008138787985400908,0.001279093683331567,0.008134775726799548,-0.0032000147765609555
2025-09-12,0.017562991653877313,-0.007827802024989672,0.00032451306722025564,0.0017889050156991715,-0.002464993801814641,0.0044181403586278645,-0.009823967873698991,0.01774413665651453,-0.004601995218225685,0.00017836838293794344
2025-09-15,0.011235905200573493,0.014376501718361023,0.010242888809548267,0.04489202259397507,-0.003706627516575911,0.006483902651533757,-0.010903677480507246,0.010707919019930845,-0.006776386730870221,0.001693957285817449
2025-09-16,0.006125886829152938,0.011320962964584513,0.010850144320841082,-0.0017884869068218734,-0.005298658715879867,0.000938840642497718,0.004038849957826773,-0.012263220518934581,0.007779153897605973,0.020738781500856174
2025-09-17,0.003527257682534257,-0.010382430689534927,0.022669989325976747,-0.006489896020867025,0.004193526688068605,0.008279676933909075,0.005539164884927672,0.0019251535011401977,0.014425771016162159,0.005319171781982046
2025-09-18,-0.004644576907642972,-0.0016837898189709932,0.03616915839480561,0.010018841661267652,-0.017155715598076937,0.004747492105793061,-0.012558529611531366,-0.003078271631019369,-0.018773731553838213,-0.011796386779539647
2025-09-19,0.03203291306373979,0.0010811746080494622,-0.0008993604395055588,0.010673356823034386,0.011655972686375415,0.004948375124898874,0.0041176911364633195,0.018644821499281594,-0.008136424311817492,-0.009742796863887793
2025-09-22,0.043095700465100695,-0.016632067201427403,0.011917511048927576,-0.008597674509774333,-0.011237902801984778,-0.007433749843884008,0.002017202263920659,-0.00671896000808514,-0.019033458845114315,-0.007090981821535558
2025-09-23,-0.00644325892472386,-0.030400202172415014,-0.0017793316307362916,-0.00344513219309428,0.013604236934436686,0.0009601020758698287,0.000660137703813124,-0.010146733574206479,-0.0037238756775417325,0.017229099215925414
2025-09-24,-0.00833236483994404,-0.0022654160880354324,-0.0031192995873232654,-0.017960735247747994,0.0006229925469602993,0.002174483898366386,0.0037599481878085594,0.00180657457693445,-0.0005245426725438707,0.005353180580152106
2025-09-25,0.018072960876120314,-0.00935476479077324,-0.012920670825760872,-0.005462566986984996,0.005885978002518444,9.569042796320204e-05,-0.006670365587926774,-0.006115838274090013,-0.0017714370394863455,0.008990950938472686
2025-09-26,-0.0054890828406448655,0.007471945580644679,0.004399258298356301,0.0030513935556579774,0.01114052896496065,0.008326618686454568,0.009725513518366258,0.008737152226625744,0.002300329891018693,0.014101574346779833
2025-09-29,-0.004031959845059219,0.01087450815780766,0.012560074873009697,-0.010099721410273599,0.010628146957460949,-0.0011706152575265971,-0.007371327889063917,0.006139209617859853,0.0067541670209965154,-0.02559286824799878
2025-09-30,0.0007861004710238984,-0.011702709034319914,0.01174701695921021,-0.0038926134690757674,0.020922841852650587,-0.0008236452133915106,0.0029704676784318984,0.006510046099705846,0.0007815353882707488,-0.012869886695405564
2025-10-01,0.003220330351537015,0.004827606336181178,0.007691499012312697,0.007404316759317631,0.003397758910173021,-0.014963734208879198,-0.01108959375434726,0.0033980146961596347,-0.0030588981906318757,-0.006740645487521069
2025-10-02,0.006576638338942287,0.008067800117406154,0.020277876279576557,0.003225831591515238,-0.0003762778715101778,-0.010170266040997467,-0.0021295986320551963,-0.007638878920421699,-0.007376901264117275,-0.006250499519739439
2025-10-03,0.0034612513299712155,-0.013039023009411066,0.01483984037378372,-0.0013838778970748367,0.014302620314087022,0.00806378357886528,0.0036681551206800833,0.003121613820278757,0.001446913006351247,0.01770150360398448
2025-10-06,-0.0051546117135026215,0.00633228292302257,-0.004961328319198155,0.020705099159256113,-0.0025445445896863372,0.0021067445598679235,-0.01641301539431661,0.02168755785021248,-0.012215097113301598,0.00829946204585652
2025-10-07,-0.0008180341665524615,0.003983725247293846,-0.017501736674437107,-0.018647922147380647,0.0038796407935264288,-0.004819167700600424,0.0009457858344719128,-0.008683914333705078,0.014161158170475696,0.0005253852527540293
2025-10-08,0.00616028826380699,0.015510877718191152,0.03166154839301183,-0.004638659300595149,0.004235349129944277,-0.011895101020730658,-0.006479556605205494,0.0016604328468814433,-0.01212790126436436,-0.0021005048283995187
2025-10-09,-0.01557785637436715,0.01118907849570383,-0.0035051103138172834,-0.012631845440750467,0.007327720055837039,0.004933723665502043,-0.002003992969287327,-0.004667905849160436,-0.0007299858061148301,-0.009735039161685166
2025-10-10,-0.03452205816262133,-0.049925397829666096,-0.018106989340212487,-0.020535746515027986,-0.0018840188845489214,-0.015186672828847558,0.010891378995788736,-0.021899006825811917,-0.005910479933378787,-0.01930745233170239
2025-10-13,0.009744341420789837,0.017100394188331425,0.027396783252164658,0.03204124613867676,0.0009437070416438154,0.023530147986259742,0.010437268783393572,0.006047382281049618,-0.014697043992897063,0.013636731057282692
2025-10-14,0.00044415864468594357,-0.016721987604375044,0.044991593801629204,0.005324588786037365,-0.00026182666206242544,-0.01912528696006499,0.014827918076335767,-0.0009336866012938927,0.011322791925349796,0.00044548939756494654
2025-10-15,0.006336529564029414,-0.003789417568938358,0.012474658565143848,0.022733764902369558,0.0016766927081448557,0.011950529759034545,0.0022656591156793304,-0.00027266410211590486,-0.01166535118433587,-0.006055738620405204
2025-10-16,-0.007580006053321764,-0.00510277898660183,0.012938966679839847,0.0017129390949852663,0.0049693669764174775,-0.023389688375087925,0.0002619994753976229,-0.003544766386996634,0.014787749922479332,-0.008690947008923255
2025-10-17,0.019559441912186948,-0.006667636156250767,-0.025658152156817327,0.007317302723738317,0.005725606188114574,-0.003282678898230973,0.009039379417946414,0.0038506870028647278,0.012032022671907061,0.014461259044112662
2025-10-20,0.03943876231500254,0.016147214372026486,0.010674097215181755,0.012830588752420269,0.002587703034274691,0.016131159538753437,-0.0010386364177635832,0.006250077392229603,0.003698882206038201,0.004098337893251314
2025-10-21,0.0020210237725979407,0.025637486886977978,-0.012293324959067986,-0.02373804253829992,-0.009498209945119296,-0.017429518682984146,-0.0009421587355421535,0.0016835341532732695,-0.0022374809814622587,8.877518987482347e-05
2025-10-22,-0.016440156296572916,-0.018375903497213075,-0.020470886819315193,0.004910988972602448,0.005524295938366119,-0.010030667552127337,0.008553323604986618,0.005563524504231809,0.003825361170663788,0.017744653459593307
2025-10-23,0.004372103072468825,0.014406971477930908,0.012823309917777026,0.00552263671369535,-0.0024360233478766258,0.0014621169452826432,-0.010125461956010606,3.8413668217440744e-05,6.572231142243368e-05,0.01107145823568656
2025-10-24,0.012481878875396424,0.01411194729592502,0.004284304454851062,0.027027134645899675,-0.010754952955657426,0.020031213843006768,-0.003843964350893625,0.005859092800333476,0.008845379293260125,-0.005087153409762402
2025-10-27,0.02279111912415832,0.012309863182682124,0.008302617063549622,0.03597242410613788,-0.0005251897522188242,0.012348526910299418,0.013767578812687198,0.015106740785724382,-0.0049183551248125346,0.004766475705280326
2025-10-28,0.0007068314349076843,0.010045375014470892,-0.004933000521682884,-0.006684644958969366,-0.017708888762650865,0.003978272166232255,-0.011612889424863826,0.019848700368470196,-0.0024384497336349398,-0.007848932901056371
2025-10-29,0.0026023003490212027,0.0045801659836763875,0.11634606925053159,0.026545064534484908,-0.001765331211540433,0.0004913034492379786,-0.013218037347050071,-0.0009593122552365996,-0.01717639511525193,0.012344577964539027
2025-10-30,0.006303226049785504,-0.03230569840563213,-0.003996594065384107,0.025166637397401326,0.013129674026114424,0.01286371166298661,0.0002646140092912308,-0.029157040620222285,0.005444629531033085,-0.015113684901892355
2025-10-31,-0.0037950967413132863,0.09584492754129248,-0.010100341939204505,-0.0010303218613968435,-0.0009521246667624217,0.005429138645703491,-0.013226185227704246,-0.015121028709135675,0.005281409790495184,-0.002877340309256904
2025-11-03,-0.004882213161503057,0.04004585509136338,-0.011554555654850196,0.008997491423500703,-0.013819046348400144,-0.00568908794500711,-0.006902849745330064,-0.0015062677507543532,-0.015628056933134515,-0.005246569096718057
2025-11-04,0.0036796245826942187,-0.018425168014886806,-0.040326694618960546,-0.021782052468770408,0.003221343673114996,-0.00032327816887822713,0.009582615590183918,-0.005222114924611443,-0.0057425083028035395,0.0033403321890173032
2025-11-05,0.0003703577594871277,0.0035295587926045258,0.039391516583921815,0.02439284166801814,-0.004602427767087858,0.007857696607215026,0.021590229210276313,-0.013940545528193238,-0.0093769443499504,-0.004030115895668485
2025-11-06,-0.0013697259247742455,-0.028617121300727022,0.0011069223505015824,0.0015476607326603276,0.005215066488815978,0.005582715582784115,-0.02375104053172372,-0.019835933804179806,0.002332201195814454,0.007213222008508602
2025-11-07,-0.004818903572332056,0.005636975040415049,-0.011723916893298103,-0.020790299711869298,-0.0021392977866711016,0.002520509200111709,0.0041887980747270515,-0.0005632731050992934,0.005816675674569449,0.023755418878938617
2025-11-10,0.004548679242277531,0.01632498741700883,0.013763097737547803,0.040419011496126034,0.009862212971124995,0.008529401566603312,-0.001868720920976119,0.018477499302281375,-0.010069368421282143,0.00853099985293193
2025-11-11,0.021601185771556786,0.0028180846386129943,-0.005115149400083729,0.004170937378253692,0.028767043461003894,-0.0040077612816515895,0.025844123144832087,0.005296431648967648,0.02089342464696098,0.013195711001696697
2025-11-12,-0.006466843884820661,-0.01967085120518708,0.008962419525489818,-0.015790710658504348,0.0028890810119135413,0.015176505351453873,0.00035850678671467406,0.004836125024470617,-0.003568054418017441,-0.01385868054942041
2025-11-13,-0.0019014480979659965,-0.027108907452568887,-0.033977925857125224,-0.028391039850579003,0.0044241457593536815,-0.03411252005510901,0.0020850555846452234,-0.015357870890138514,-0.00033773255066527064,0.0056721459751420955
2025-11-14,-0.0019784155368063328,-0.012164320933474637,0.0008672053373539601,-0.007753928185205039,0.0034826895394974855,-0.01896738214548188,-0.0017880632950850739,0.013689874696540372,-0.0019600468488941702,0.012992516572196466
2025-11-17,-0.018171183658773127,-0.007754941860691922,-0.0035738884161552464,0.031149374212974257,0.01862908575412625,-0.01067155360724803,-0.006937481770111775,-0.005272633968357532,-0.012527872063829992,-0.013496526096027583
2025-11-18,-7.473646268785217e-05,-0.04431653833391602,-0.009365062991533168,-0.0025962588244621276,0.002104460876932057,-0.003196029798860578,-0.001016677764501095,-0.026995548838964045,0.008023577768336843,0.011471774903298648
2025-11-19,0.004187836924032684,0.0006290693674619874,0.011391860029852374,0.03000559231847899,0.012549958712442466,0.012891971892557752,-0.006073819178391449,-0.013507811998847874,0.0,-0.014114091593756983
2025-11-20,-0.008601420835542606,-0.02492255148822009,-0.012619516287187382,-0.011474964973761326,0.0027653249228349885,-0.01612419397897935,0.004690594573983908,-0.016001314074220674,0.008163799601313748,-0.002812116193827374
2025-11-21,0.019680714495305063,0.016348913427910006,0.007873560790514489,0.03527373218836982,0.004087207986491093,-0.0012065683465687371,0.01706333857662412,-0.013188967362399162,0.018422266566993972,0.0005127772150883558
2025-11-24,0.0163174457722548,0.02532963104830621,0.016659671587986313,0.06313819444727531,0.01054442819593393,-6.707272803418984e-05,-0.01438502071441794,0.003982048848293118,-0.02610656300827452,-0.009480702024187604
2025-11-25,0.003805406428931457,0.0149814363087164,0.012526822858212272,0.015255255140113944,0.00937728043440944,0.016778523489932917,0.018202730802315603,0.006307996275052741,0.010273573340035647,-0.012589454765065677
2025-11-26,0.0020940411225383038,-0.0022205534501759105,0.012565954185875805,-0.010790201324564874,0.004306379240013758,0.01531357969781344,0.006281159931943225,0.01784106572434263,-0.001616307389625038,0.0022704960438881816
2025-11-28,0.004683906927485104,0.01771686809963624,0.0035383008836602503,0.0007187941819570831,-0.0030834428462920282,0.01768291400598443,-0.0018565870069767731,0.013408876963182381,-0.0006070579284359612,0.010020053668341466
2025-12-01,0.015241168753721723,0.0028299616613276513,-0.013373648875276478,-0.01652191744239284,-0.007635810192520132,-0.013287253490957496,-0.020615512669432623,-0.010711203891482723,-0.004859619350071953,0.006124905932433533
2025-12-02,0.010914857899228636,0.0023088475921804186,0.02536699152635702,0.002921572280305318,0.0003896066644661911,-0.0033665949103850457,-0.009388299353538465,0.00669764110414528,-0.010716235790097728,-0.01071765437226202
2025-12-03,-0.00712816145749029,-0.008702300580441968,0.015485810402142253,0.012095983860288984,-0.00043810894115869914,0.013804079292572657,0.023244181318172297,-0.025040793905452774,0.005827547648147302,0.02097422305379837
2025-12-04,-0.012141410394363561,-0.014071797072686909,0.012950403736591065,-0.0062885564724237675,-0.013880125057713744,0.012719063078199255,0.002697400516372017,0.006509922508618482,-0.009201867914494621,-0.005602747410960451
2025-12-05,-0.00684009028940924,0.0018331725713693903,0.006709435587564316,0.011491621597949253,-0.002716332790217546,-0.00335336139869169,0.008718488257300372,0.004824905045104577,-0.013139816002266547,-0.005122063148773726
2025-12-08,-0.00319242461710445,-0.011501761877265149,-0.011058214266524202,-0.022861666273624293,-0.0015351734256311422,0.000539559756049135,-0.004626811009782461,0.01626787253081341,-0.0356221730154187,-0.00480519610601049
2025-12-09,-0.002555046727945598,0.004539639393836836,-0.0035876188573973344,0.010710140693894532,-0.008233252869366825,-0.046635519456711405,0.0032279930676168966,0.002036576967077819,0.00932491382876055,0.019572310548055416
2025-12-10,0.00577244442526248,0.016935769749744978,0.03531528156620345,0.009871341665706579,0.032906513059290265,0.031945610042822814,-0.0008366091524059094,-0.027356594763681685,0.0013607565334234906,0.010909098651394
2025-12-11,-0.0026902934331158868,-0.006471654188885845,0.01667345441243473,-0.024296552221695134,0.016800626191054047,0.02344335840398104,-0.002640670232963771,0.010259954210878552,0.006722837458000619,0.0
2025-12-12,0.0008991835452922814,-0.017760970816273702,-0.04430870886363447,-0.010050200699258216,0.007475869555187531,0.0035918586972114586,0.022634109195801555,-0.01021780550795981,0.014776938847874677,-0.006023098671480764
2025-12-15,-0.014984955605960026,-0.01613691637948922,-0.013597826830396231,-0.003459559942633361,0.012241215216354462,0.004709280584383135,0.006346330379761289,-0.0077528921165697096,0.016031984063516802,-0.008921036536914895
2025-12-16,0.0018240853187405648,8.989068511033871e-05,-0.001407381097564775,-0.005353299234149622,-0.022738923092980867,-0.013967881301665042,-0.013271454963522666,0.003306531527738965,0.0005512425298910273,-0.026154906378921372
2025-12-17,-0.010086993049891024,-0.005796159688549518,-0.045913739092296235,-0.03212971219685745,0.00492115988666364,-0.0018062963989546876,0.013322742262023013,-0.0005668035075194755,0.017905039077987128,0.023805400677265
2025-12-18,0.001287544541755281,0.024811271877659857,0.007012052783802236,0.019344803891752305,-0.0096039759182025,-0.006286148064215014,0.003012304897310525,0.016508476749030443,-0.015492817292179661,-0.007409954172949207
2025-12-19,0.005437418615868328,0.0026019210221046585,0.0183623231349912,0.015539285656990032,-0.009313054890035088,0.01345045193315686,-0.01191927930969261,0.00400843505386228,-0.007284205109072794,0.0012871248043633265
2025-12-22,-0.009865941003960987,0.00475032567966549,0.010742429551431565,0.008529740480370585,0.004603441534665853,0.018536632014143795,0.0012031563045167282,-0.002057951869374297,-0.012252555656921627,0.012511775250032775
2025-12-23,0.005129660569795913,0.016241329216049705,1.7186803259905403e-05,0.014752428633956649,-0.007428171380071014,0.008790109164879656,-0.017013487009183703,0.003980022730220467,0.003433949302623418,0.010749019269273852
2025-12-24,0.005323881205087977,0.001033882544133169,0.0023007913443715555,-0.0008271345970306543,0.009719117561785229,0.00994084872445633,0.008010520729990978,0.0024031691393415766,0.00914941251847412,-0.001674735817356554
2025-12-26,-0.0014974020881820538,0.000602458846315379,-0.0013019215994773958,-0.0018465617467220419,-0.0007218880419943563,-0.003827838849912779,-0.008457517665240055,-0.0006352148796615609,0.0017302234791030102,-0.0009226690926460446
2025-12-29,0.0013168100847762432,-0.0019353042317807878,-0.007530042278623528,0.00015944560432412658,-0.0003371734459008957,-0.012686418882163819,-0.0069202843670981284,-0.0012507132563402967,-0.0011745071334361423,0.01192173756753312
