0.0049908287,0.0005982066,0.0229819101,0.0297662285,-0.0131136882,0.0067371326,-0.0324644630,-0.0097210147,0.0034077839,-0.0395641995,0.4440842788,0.3054164874,0.0000518043,-0.0034223433,-0.0042545393
-0.0135698403,-0.0439045191,-0.0688851752,-0.0312035421,0.0133300994,0.0771838358,0.0153925688,-0.0072115521,0.0006498316,0.0157069874,0.6961102107,0.2084901898,0.0105569855,0.0062335411,-0.0088087821
-0.0058141539,0.0419261219,-0.0191862480,-0.0082040087,-0.0098691512,0.0459745142,0.0117672420,-0.0282502544,-0.0386386239,-0.0132851718,0.3654781199,0.2524656176,-0.0013063918,-0.0126663537,0.0061896033
-0.0341751448,-0.0142629270,-0.0666231357,-0.0102128199,0.0043851330,-0.0173944894,0.0124215207,0.0112090660,0.0259326591,-0.0423878022,0.3363047002,0.3222725134,-0.0125116804,-0.0071706815,-0.0008959026
-0.0283932931,-0.0441636517,0.0211425430,0.0397814758,-0.0063301687,0.0309792653,-0.0028042942,-0.0215433044,-0.0005036460,0.0516519953,0.4481361426,0.1664477254,-0.0029033123,-0.0077244614,0.0012039126
0.0067258938,0.0804933964,0.0239200819,0.0043451902,-0.0164244938,-0.0374743660,0.0045354851,0.0161141702,0.0148698661,0.0239223006,0.3209076175,0.3066176374,0.0086280421,0.0073232169,0.0026300089
-0.0290488630,-0.0374413556,-0.0149083619,0.0421140656,-0.0236311317,-0.0263379658,-0.0284336910,0.0192775691,-0.0507615314,-0.0278240001,0.2860615883,0.2104365084,-0.0201280285,-0.0033651626,-0.0027417161
-0.0200313653,0.0023804176,-0.0035868847,0.0279134285,-0.0281722090,-0.0258653190,0.0003816525,0.0039092650,-0.0010623851,-0.0110308533,0.8938411669,0.2506368006,-0.0055004822,-0.0002776942,-0.0093494243
0.0355237016,0.0266011997,0.0432121277,-0.0249169479,0.0253837751,-0.0304739319,0.0139067906,0.0608553824,-0.0122252167,-0.0148172196,0.1361426256,0.1250161967,0.0118251783,-0.0076117740,-0.0042892808
0.0271535400,-0.0462471884,0.0296934374,-0.0338016684,-0.0136295730,0.0143403111,-0.0261105211,-0.0021481888,0.0199499458,-0.0518834302,0.8087520259,0.4309151326,-0.0061697830,0.0020790624,0.0062545830
0.0117866853,-0.0495454085,0.0108938178,-0.0060499863,0.0328893811,0.0003361491,-0.0056935543,0.0130376156,-0.0426101292,0.0706258089,0.0899513776,0.3100894266,-0.0107991930,-0.0087515233,-0.0230356551
-0.0250271026,0.0291366841,-0.0331399738,-0.0168898157,-0.0151118579,0.0237233317,0.0211827748,0.0317727745,0.0172007628,-0.0182922588,0.5307941653,0.1857195434,0.0051792872,0.0070293884,-0.0019167561
-0.0041958213,0.0454924476,-0.0055239671,0.0901204452,0.0137190221,-0.0202453997,-0.0257361123,0.0085220474,-0.0073598523,0.0289798670,0.9967585089,0.4778472706,0.0043554281,-0.0005826313,-0.0067743497
0.0008377726,-0.0491661242,-0.0031124037,0.0135336571,-0.0096901191,0.0078693635,0.0323419846,-0.0007740619,-0.0330157346,0.0214949404,0.0786061588,0.2703221702,-0.0014578295,0.0033491158,-0.0058254340
0.0357217987,-0.0200729728,0.0036142575,-0.0090684928,0.0091193231,0.0095845337,0.0218862120,0.0017523019,0.0357905248,0.0235016356,0.5907617504,0.1333829094,-0.0161404172,0.0160027847,-0.0096010539
0.0336346422,-0.0122575826,0.0244267810,-0.0887057035,0.0061051496,-0.0052176433,0.0145042081,0.0080693546,0.0092965400,-0.0222140698,0.4789303079,0.3056397248,0.0032543599,-0.0008575558,-0.0038897383
-0.0031043955,0.0912554816,0.0277019458,0.0153915507,0.0024220518,-0.0235479958,0.0091654293,0.0670807965,-0.0308886931,0.0563769466,0.0486223663,0.2287362682,0.0137190334,-0.0047430619,-0.0054400347
-0.0571660270,-0.0345867701,0.0329974294,-0.0145751884,-0.0197248476,-0.0201195021,-0.0020083125,-0.0605731013,-0.0339569373,0.0206343722,0.0948136143,0.0972308099,-0.0014330051,0.0254962667,0.0006733082
0.0350592812,0.0433144015,0.0504664376,0.0699736637,0.0078775518,0.0463844712,0.0228738276,0.0287688571,0.0115757764,0.0489521307,0.3346839546,0.3385419835,0.0229553788,-0.0049815962,-0.0016649780
-0.0149408925,-0.0307632534,-0.0467696743,0.0163924965,0.0162714742,0.0113306993,0.0246261838,-0.0230019429,0.0414687501,0.0145851843,0.3103727715,0.2348519269,-0.0102418801,-0.0049219617,0.0030623957
-0.0300557734,0.0166572764,0.0422039611,-0.0207077679,0.0110623406,0.0159867517,-0.0095111030,0.0111545254,-0.0046844612,0.0350330528,0.6661264182,0.1632207498,-0.0068258967,0.0078721884,0.0008285447
0.0143232139,-0.0321017749,-0.0105632363,0.0115492424,-0.0136667612,-0.0148450368,-0.0028337898,0.0553838558,0.0132090973,-0.0044748781,0.6774716370,0.3457850668,0.0028602853,-0.0037683064,0.0018563995
0.0069387041,-0.0438827848,0.0128928421,-0.0027836771,-0.0180361727,0.0343018502,0.0069068211,0.0566347822,0.0278515551,-0.0096735725,0.0056726094,0.2730408374,0.0061863611,-0.0080202349,-0.0001481051
0.0103737682,0.0628209786,0.0600077980,0.0425852054,0.0093745495,-0.0112096761,0.0060036644,0.0203444047,-0.0799167205,0.0132871266,0.4465153971,0.3782698412,0.0044122979,0.0017927399,0.0001007392
0.0248490116,-0.0393975260,-0.0280932184,-0.0299816288,0.0237092427,-0.0297291445,-0.0093849399,-0.0167106660,-0.0065012875,-0.0080136064,0.4846029173,0.1533569314,-0.0230826023,-0.0042060402,-0.0060730613
-0.0202613458,-0.0402925033,-0.0528581360,0.0281410146,-0.0425888401,0.0036352294,-0.0205995319,0.0163841765,-0.0358806401,0.0118657898,0.5777957861,0.1234692496,-0.0016456097,0.0094355210,-0.0037534052
-0.0002016471,0.0451831737,0.0027134513,0.0323259594,0.0066772755,-0.0248279357,0.0221544224,0.0111894594,0.0008376807,-0.0243881680,0.3792544571,0.3029752520,-0.0193270165,-0.0050978843,-0.0052522316
-0.0167887717,-0.0497053897,0.0194761880,0.0315933140,0.0186217000,-0.0296903456,-0.0015397288,-0.0016487127,0.0317080901,0.0046736329,0.8622366288,0.4173630463,0.0137706476,0.0033097024,0.0107367080
0.0537014259,0.0272349514,-0.0008229793,-0.0133326825,-0.0240827778,0.0339052892,0.0081870757,-0.0089464028,0.0054242740,-0.0600271325,0.2260940032,0.3183601842,0.0031647990,-0.0150710679,0.0077490279
0.0128814365,0.0028440260,0.0366543182,0.0018436097,-0.0216873556,0.0208897397,0.0140197986,0.0363451321,-0.0284185716,0.0288434115,0.4205834684,0.2221524414,0.0085036684,-0.0141130152,0.0119991094
-0.0310853124,-0.0527756037,-0.0442397604,0.0252209190,0.0019372351,-0.0105021315,0.0035015336,-0.0233731746,0.0288168228,-0.0418153988,0.9400324149,0.4562716619,-0.0094543302,-0.0065494159,-0.0050019055
0.0088702880,-0.0062844682,0.0003887242,0.0281021883,-0.0037612136,0.0096951105,0.0048731656,0.0066096850,-0.0133294373,-0.0148823805,0.5623987034,0.3404663634,-0.0173668392,0.0142458355,0.0020198383
0.0287265605,0.0217055208,0.1023168619,0.0356631398,0.0121971300,-0.0244303160,-0.0197347904,0.0146446254,-0.0065175117,-0.0205829248,0.0056726094,0.1703240495,-0.0064918489,0.0016535157,-0.0027982701
-0.0386278189,0.0116225278,0.0648356965,0.0577006214,-0.0012546459,0.0581055081,0.0292674081,-0.0414096258,0.0119668857,0.0169116221,0.9051863857,0.4769918518,0.0027302079,-0.0111885406,0.0045037539
-0.0094774692,-0.0332666419,0.0309969122,0.0058520083,-0.0268873883,0.0254736924,-0.0061851567,0.0286821528,0.0090541198,0.0032347699,0.3330632091,0.2336415097,-0.0177421326,0.0043468815,-0.0053009901
0.0249534163,-0.0399403357,0.0360745425,0.0132504203,0.0503234840,0.0255648820,0.0247434134,-0.0090577080,0.0060855462,-0.0008167353,0.8857374392,0.1926945489,0.0123889078,-0.0068833069,-0.0030764444
0.0073962300,-0.0309563283,0.0630122154,-0.0229230562,-0.0060056925,-0.0005849256,0.0180547708,0.0166717893,0.0194175779,-0.0130728349,0.3071312804,0.1229267991,0.0052169027,-0.0015136613,0.0046344275
0.0151891793,-0.0190659847,-0.0202040232,0.0124529783,-0.0073830305,-0.0056484346,0.0287792674,0.0211725997,-0.0068097439,0.0443948266,0.2333873582,0.1597608005,-0.0059243988,-0.0149663354,-0.0028121079
0.0549319626,-0.0331171775,0.0004617828,-0.0379973223,-0.0143176686,0.0064487290,0.0096573900,-0.0074611395,-0.0240193196,-0.0402026054,0.6531604538,0.2311037752,0.0133095008,-0.0033223033,0.0050622549
0.0547241135,-0.0336906260,0.0015745672,-0.0397973473,-0.0124775414,0.0322658126,0.0157063291,-0.0102643579,0.0222387957,0.0225804758,0.2398703404,0.1167494866,-0.0085728787,0.0077108025,0.0077884596
0.0358322821,0.0700919014,0.0101831093,0.0528469940,-0.0218830004,-0.0241600639,-0.0365636127,-0.0131008138,0.0152234287,-0.0182458464,0.7828200972,0.1868024004,0.0041538368,-0.0074921121,-0.0070042002
0.0124468785,0.0321538229,0.0076868378,0.0018513750,0.0042151270,0.0408347749,0.0143226958,0.0516392135,-0.0362692236,-0.0278650352,0.8298217180,0.2033631480,0.0001742493,0.0203095288,0.0041916213
0.0417911285,-0.0299276948,0.0130762448,-0.0385822787,-0.0240529323,0.0082647254,0.0176663174,-0.0076297636,0.0016951215,0.0369565478,0.5761750405,0.3364853825,-0.0167226053,-0.0020858813,-0.0090033521
0.0177914042,-0.0324973555,0.0185952049,0.0031010498,0.0061868090,-0.0095696689,-0.0057034962,0.0255441865,0.0095984781,0.0527577439,0.8849270665,0.2025903137,-0.0077562306,0.0000055929,0.0012660478
-0.0252970211,-0.0361035253,0.0259290949,0.0669227603,0.0397778498,0.0024340984,0.0213962166,-0.0042270446,-0.0289105765,0.0377166463,0.6920583468,0.2967059884,0.0009989001,0.0223682617,0.0127337386
-0.0075150122,-0.0326842853,-0.0179807928,-0.0241802113,-0.0086238179,0.0106104245,0.0074986592,-0.0229920425,0.0183882306,-0.0485457602,0.9327390600,0.3382001757,-0.0104726458,-0.0136680262,0.0080827600
0.0152780483,-0.0389386025,-0.0178050322,-0.0069843235,0.0132841570,-0.0355269697,-0.0028839694,0.0052553769,0.0272830654,-0.0153034735,0.8500810373,0.2919338999,-0.0078780076,-0.0020569782,0.0109052248
0.0292614358,-0.0632117115,0.0654286573,-0.0555536367,-0.0199684954,0.0380402475,-0.0310830820,0.0216335476,-0.0299666480,0.0409806806,0.8460291734,0.2575455625,-0.0214140939,0.0077745815,-0.0002476660
0.0161615995,-0.0415026742,0.0553315030,0.0049837456,-0.0047210349,0.0405383739,0.0186973932,-0.0227176123,-0.0105524886,-0.0216548643,0.7658022690,0.2046642396,-0.0113746535,0.0044149092,0.0160445924
0.0101043687,0.0123716223,0.0044006023,0.0450759453,0.0124337509,-0.0583891855,-0.0222133946,-0.0127653171,-0.0041576891,-0.0035170812,0.6312803890,0.1533571660,-0.0147560651,-0.0018000472,0.0096607374
-0.0206002119,0.0722479693,-0.0286319296,0.0860006999,0.0213357348,0.0088694758,-0.0128307480,0.0290055912,0.0019511631,-0.0092438465,0.7828200972,0.4431349133,0.0112188921,-0.0083906267,-0.0169548589
-0.0335053981,-0.0574496770,0.0572000236,-0.0614484536,0.0464422992,-0.0214262626,-0.0583582335,-0.0214982862,0.0019847808,0.0528424009,0.8630470016,0.2669883674,-0.0361314339,0.0053098977,0.0080811317
0.0625530586,0.0499024952,0.0150660774,0.0728546195,0.0190705184,0.0108030241,0.0139078278,0.0527921448,-0.0388857824,0.0125622403,0.6061588331,0.4044495685,0.0247502675,0.0010707812,0.0035731179
-0.0140966914,-0.0125177879,0.0156332610,0.0078126591,0.0027133227,0.0188063639,0.0081525839,-0.0041348197,-0.0015138314,-0.0122515769,0.1969205835,0.3048836237,-0.0032973365,-0.0202346995,0.0103854217
-0.0057660351,-0.0256478694,0.0322698901,0.0067763053,0.0229644673,-0.0368010971,0.0003753425,0.0112171010,0.0017010655,0.0261759315,1.0000000000,0.2028456301,-0.0035931259,-0.0044417920,-0.0128432719
0.0320050407,0.0158897874,0.0399550277,0.0471595205,0.0025723766,0.0025820073,0.0197802632,-0.0238998118,0.0002560385,-0.0048427956,0.9222042139,0.1898030232,0.0064109652,-0.0002774791,0.0018737179
-0.0218001559,-0.0001466391,0.0465396371,-0.0454337027,-0.0080825992,0.0022263666,-0.0104872068,-0.0193228270,-0.0357611169,0.0163150529,0.3638573744,0.1257298845,-0.0078072274,-0.0044438170,-0.0050990970
0.0615040912,-0.0014401269,-0.0311453194,0.0266455207,0.0204232638,-0.0185331390,0.0053462754,0.0063319100,0.0047897023,0.0534608122,0.7447325770,0.2286265282,0.0157865731,0.0043479928,0.0086688772
-0.0146601841,-0.0221968577,-0.0002610725,-0.0166582040,0.0191404685,0.0051048939,0.0379908207,0.0245753936,0.0191182076,0.0007586695,0.5551053485,0.3502488762,0.0129538989,0.0033734794,0.0032449407
-0.0186830119,-0.0447969218,-0.0564025439,-0.0259207697,-0.0093337449,-0.0469769116,-0.0101740389,-0.0585123110,0.0072533131,0.0240958249,0.8946515397,0.2368701673,-0.0269241521,-0.0019861032,-0.0047591224
-0.0155810791,-0.0591133751,-0.0466022016,-0.0675470206,-0.0160282240,-0.0362848135,-0.0449479245,0.0309582252,-0.0257590314,-0.0303651105,0.8614262561,0.4534537974,-0.0288956465,0.0015527199,0.0085890540
-0.0248939643,-0.0217818888,0.0539975845,-0.0271874541,0.0294094598,0.0314137282,0.0330049957,-0.0153463459,-0.0093707882,-0.0216534458,0.3484602917,0.1454446833,0.0084075472,0.0054263953,-0.0003842362
-0.0402634944,0.0143820746,0.0375452977,0.0403353310,0.0245254592,0.0425751642,0.0029096206,-0.0210667464,-0.0061413778,-0.0133082566,0.3419773096,0.1876737813,0.0129663140,-0.0016525373,-0.0056869754
-0.0300534958,-0.0681334764,0.0390074660,-0.0095700437,0.0365892197,0.0179565453,-0.0018632982,0.0018578584,0.0120972493,0.0267494231,0.7779578606,0.2438419641,0.0105785345,-0.0012930060,-0.0107301974
-0.0120773082,0.0697054100,0.0229139751,-0.0496469185,0.0261969402,-0.0116717525,0.0290784150,-0.0284111301,-0.0133141078,-0.0486477119,0.3954619125,0.2184719615,-0.0032681371,0.0129504162,0.0097212401
0.0153531133,0.0068845735,0.0129165811,-0.0218094151,0.0099156257,0.0032840951,-0.0143139790,0.0011227296,-0.0075862491,-0.0197214111,0.0599675851,0.0149247712,-0.0124888699,0.0016670625,-0.0163338789
-0.0013104582,0.0184387245,0.0060795073,-0.0138142425,0.0166090867,0.0035969613,0.0370309395,0.0314181022,-0.0190268337,0.0291843141,0.0048622366,0.2622631844,0.0114321499,0.0050813744,0.0083964217
-0.0163262389,0.0250112396,0.0768956866,0.0313816720,-0.0000123401,0.0016392916,-0.0126910592,-0.0174831846,-0.0267961205,0.0397824612,0.3735818476,0.2185000481,0.0166000564,-0.0124606623,0.0084349084
-0.0316177024,-0.0186605574,0.0362776591,0.0354086246,0.0539983762,0.0035671877,-0.0120760687,0.0196047532,-0.0149512418,0.0175113928,0.8119935170,0.2285670409,-0.0097734397,-0.0029613650,-0.0026929818
0.0121356777,0.0355355830,-0.0335970887,0.0448530597,0.0204657615,-0.0076613079,0.0236116503,0.0452880404,0.0627180334,-0.0415893976,0.1418152350,0.1743637294,-0.0020153812,-0.0130636182,-0.0045821474
0.0173880810,0.0221071805,-0.0155789160,-0.0248226254,0.0060618201,0.0009410621,-0.0269580887,-0.0534917140,-0.0079948603,0.0421582598,0.9311183144,0.2154416807,0.0018028396,-0.0131662122,0.0144935364
0.0467119575,-0.0145975404,0.0446402334,0.0494748409,-0.0132760580,-0.0006324077,-0.0058034391,-0.0343172887,0.0294150402,-0.0189235636,0.6863857374,0.1593261717,0.0006293642,0.0006145751,-0.0102639378
-0.0141222617,0.0326824852,0.0275699264,-0.0510908443,-0.0136315186,0.0190760348,0.0408817636,0.0373372607,0.0258712120,-0.0064727442,0.0275526742,0.2647753881,0.0181535923,0.0184623336,-0.0025729851
-0.0111579285,0.0379609426,-0.0090735989,0.0117110923,-0.0460244150,0.0129649539,-0.0009767838,0.0255540890,-0.0471816782,0.0411217302,0.0105348460,0.0110990462,-0.0039161447,0.0088654625,-0.0083192474
-0.0150786085,0.0159393219,0.0429553093,-0.0189874800,-0.0011106511,-0.0010679776,-0.0000464725,0.0009471517,0.0115543076,-0.0007911643,0.5672609400,0.2846351120,0.0182189004,0.0094962424,0.0051098418
-0.0708185137,0.0001935065,0.0419784492,-0.0499199848,-0.0054763152,-0.0542864280,0.0051978908,-0.0452163578,-0.0087823653,-0.0057651114,0.1045380875,0.1190175660,-0.0193577109,0.0083753610,0.0045596024
-0.0144543758,0.0515920949,-0.0214961947,-0.0086377850,-0.0063920491,-0.0095904728,-0.0155920687,-0.0467923955,0.0562842886,-0.0481724623,0.5421393841,0.2729777933,0.0057336419,0.0179690317,-0.0024242531
0.0045230137,-0.0005252835,-0.0379457411,-0.0147059765,0.0273955628,0.0262375496,-0.0020604947,0.0034855202,-0.0129737392,-0.0120778678,0.6580226904,0.3610695166,-0.0187381117,0.0047580347,0.0068273245
0.0373679854,-0.0003225694,0.0032638240,-0.0051476353,-0.0245580511,0.0362256979,-0.0102978293,-0.0436846544,-0.0049211405,-0.0345320059,0.7730956240,0.2316520951,-0.0166931265,-0.0088287145,0.0014391532
0.0439769657,0.0107249469,-0.0107772726,0.0114961400,0.0005885091,0.0045986589,0.0177842854,-0.0045464930,0.0152238898,0.0369547760,0.9424635332,0.2654615418,-0.0028098565,-0.0001571024,0.0044199196
0.0026752079,-0.0111022370,-0.0139184125,-0.0017154445,0.0046973932,-0.0038332862,-0.0111293703,-0.0257474125,-0.0100825299,0.0478226736,0.3209076175,0.3341884605,-0.0151361403,-0.0055432416,-0.0057472581
0.0274207042,0.0088891975,0.0317873497,0.0136533121,0.0160446799,-0.0015304277,-0.0126424415,-0.0134820816,-0.0013009969,0.0399817007,0.2082658023,0.0703675271,0.0171205349,0.0003504918,-0.0011760160
0.0157099140,-0.0308501310,0.0101744967,-0.0520630562,0.0048494475,-0.0290889254,0.0042159201,0.0607048907,0.0347856304,-0.0067769225,0.9335494327,0.4840866847,0.0085308746,0.0130271730,-0.0030330219
-0.0084047750,0.0570216354,0.0522688146,-0.0475828646,-0.0318736013,0.0357819651,-0.0361704599,0.0449985319,-0.0085539087,-0.0207765732,0.0081037277,0.1636243199,0.0030878368,0.0026470419,0.0066682317
0.0127993033,-0.0283640646,-0.0350028896,-0.0103841455,0.0013143992,0.0224738374,0.0174953178,-0.0206337491,0.0221005727,0.0350865365,0.7358184765,0.3079120006,0.0139359097,-0.0072312611,-0.0058842395
0.0403894128,-0.0884053089,0.0056481954,-0.0405983970,0.0110882366,-0.0002699754,0.0109767238,0.0309378660,0.0085712673,0.0069091121,0.9205834684,0.4187251200,0.0151830985,-0.0085647547,-0.0071179688
-0.0562658277,0.0030501085,-0.0204396615,-0.0667173327,0.0005598779,0.0446348989,-0.0134812881,0.0139137655,-0.0110396040,0.0091288741,0.2763371151,0.3186597191,-0.0024388243,0.0025735824,-0.0053447236
0.0327420478,-0.0233202564,-0.0200895799,0.0057922442,0.0119235691,-0.0012471268,0.0067549569,-0.0583575717,-0.0084354252,-0.0308434748,0.9683954619,0.4231220327,0.0003660335,0.0000828210,-0.0104946899
-0.0585363086,-0.0758388618,0.0021929122,-0.0427792410,-0.0477732078,-0.0369942382,-0.0794624776,-0.0251078299,-0.0069800673,-0.0394978961,0.6580226904,0.3174809246,-0.0374206980,0.0033375237,-0.0055093340
0.0012987284,0.0142720655,-0.0216054849,-0.0300765238,-0.0122651021,-0.0268409063,-0.0051637268,0.0108606607,-0.0032274314,-0.0040077433,0.6491085900,0.1819474967,0.0063388990,0.0076043041,0.0034026325
-0.0082070529,0.0779646729,-0.0221289277,0.0576740532,-0.0443710138,0.0748497191,-0.0257889101,0.0463349713,-0.0199534050,-0.0268700033,0.0867098865,0.0952859399,0.0051868300,0.0031344320,-0.0118312926
0.0016164832,0.0421056243,0.0317286281,0.0075752253,-0.0100697619,0.0066861435,-0.0102796153,-0.0375561092,0.0017758127,-0.0030240834,0.4294975689,0.2287049526,0.0103925106,-0.0109752091,-0.0129084912
0.0266412459,0.0471925459,0.0401443364,0.0088723949,-0.0288375671,0.0095352124,0.0143624053,0.0642523508,0.0318552588,0.0270256187,0.1272285251,0.2164466097,0.0120465966,0.0013471615,-0.0095303211
0.0029351886,0.0540471238,0.0043072874,-0.0038886438,0.0031529021,-0.0292865461,-0.0165812945,0.0232715406,-0.0093913945,-0.0015286864,0.9513776337,0.2197942217,0.0070701845,0.0094856332,0.0057516265
0.0118046102,0.0494250099,-0.0233813423,-0.0050465088,0.0108799761,-0.0014409607,0.0181234757,0.0389693756,-0.0135910559,0.0332094193,0.8638573744,0.2694361259,0.0085260153,-0.0085361327,-0.0002942104
-0.0181633275,0.0300287950,0.0197843868,-0.0137133709,0.0108841131,0.0163758653,0.0016927952,0.0102653006,-0.0214573163,-0.0467873021,0.2593192869,0.1009689978,-0.0126023091,0.0025203239,-0.0013310666
0.0050532173,-0.0017977378,-0.0567800256,0.0098067289,0.0089696848,0.0016389127,0.0153529370,-0.0296276718,0.0351402083,-0.0032604716,0.4902755267,0.3309893393,-0.0130855263,0.0040232032,0.0026101974
0.0147488599,0.0754188853,0.0265562344,0.0339206258,-0.0278972451,-0.0248605365,-0.0008711529,-0.0330578604,-0.0329366787,0.0187136513,0.8022690438,0.2497183441,0.0129622658,0.0144910002,0.0049883909
0.0426507507,0.0443194969,-0.0023882980,-0.0397635035,-0.0122946255,-0.0246412463,-0.0058855781,0.0102648888,0.0172820550,0.0283594998,0.4173419773,0.2679618676,-0.0078762770,0.0118939771,0.0131115266
0.0947317593,-0.0164889868,0.0365883336,0.0043536866,0.0293582434,-0.0097413829,0.0183844141,0.0284398207,0.0087011458,0.0580181070,0.6871961102,0.2026019513,0.0114724856,0.0031512958,-0.0070002033
-0.0536987455,0.0458654053,-0.0157124563,0.0767916107,-0.0231675503,-0.0040390214,0.0236684704,0.0445536460,0.0393348555,0.0410836396,0.0291734198,0.1856453737,-0.0062815160,0.0005247508,0.0087221961
-0.0325234080,-0.0075943703,-0.0048076380,0.0351916871,0.0317537741,0.0060930573,0.0200678610,-0.0179719817,0.0066078522,-0.0317201463,0.4392220421,0.1992710090,-0.0135800295,0.0061847995,0.0070577263
-0.0195344562,0.0571575358,0.0531391919,0.0246645990,0.0179300959,-0.0217217549,0.0051956860,0.0186340043,0.0537963961,0.0462542755,0.6515397083,0.2389785741,0.0090294893,-0.0141475149,0.0025853417
-0.0186140087,0.0341569974,-0.0365804785,-0.0248451387,-0.0027252319,-0.0340737165,0.0109491273,-0.0391976521,-0.0207717254,-0.0137701707,0.7236628849,0.4175496346,-0.0200319310,-0.0021938269,-0.0079945021
0.0067286916,0.0064093939,-0.0345893912,-0.0107366176,-0.0051451621,-0.0049730324,0.0095972665,-0.0029158734,0.0282553258,-0.0082620565,0.0923824959,0.1647478573,-0.0215254315,0.0070723632,0.0058947512
-0.0065810265,0.0025263695,-0.0135808981,0.0227021315,0.0028655601,-0.0136948578,-0.0167254787,0.0376490681,-0.0292849574,-0.0299299282,0.2260940032,0.1466977322,0.0021935685,0.0024565161,-0.0010512232
-0.0572107291,-0.0761800451,-0.0011696983,0.0087821796,-0.0275628602,-0.0184760746,0.0007309292,-0.0330118428,-0.0144233557,-0.0200140793,0.5178282010,0.2874356885,-0.0178962338,-0.0034816346,-0.0087627645
-0.0138517975,-0.0046242586,0.0210307798,-0.0008184573,-0.0215505621,0.0264888788,0.0303859161,0.0151065555,-0.0113410240,0.0342844712,0.4927066451,0.3344247888,0.0233955152,-0.0051677134,-0.0063935361
0.0629599731,0.0294227183,0.0124165528,-0.0256728816,-0.0046261321,-0.0058742686,0.0158848571,0.0476856303,0.0194385561,0.0390407460,0.2341977310,0.0664009236,0.0198648357,-0.0006226976,-0.0014438393
0.0697168386,-0.0521233295,-0.0770103301,-0.1003522903,-0.0026168981,-0.0438039104,-0.0110705129,0.0057606547,-0.0144482602,-0.0449593682,0.1499189627,0.1487749343,-0.0310444544,0.0005428441,0.0068221894
0.0750390686,-0.0243887888,0.0178104316,0.0089410548,0.0111300789,0.0128094726,0.0163519987,0.0075064000,0.0001032504,-0.0033821863,0.1620745543,0.2522054813,0.0129446152,0.0075543171,-0.0068747223
0.0827745079,0.0493587748,-0.0163113742,0.0430958387,0.0230939622,-0.0289469452,0.0253647568,-0.0044820702,0.0110001175,0.0416619493,0.1564019449,0.0942062733,0.0137941659,0.0023471516,-0.0005997196
-0.0056476682,0.0166577933,-0.0521841981,0.0221371809,0.0140600385,-0.0113947531,-0.0446877001,-0.0213496127,0.0278178499,0.0015703131,0.5842787682,0.2744862274,-0.0144579965,-0.0024150760,0.0019490600
0.0057327762,-0.0354006291,-0.0646788993,0.0396017719,0.0310373489,-0.0427269427,0.0272308765,0.0035373222,0.0169193091,0.0098903546,0.1507293355,0.2519342876,0.0051353258,-0.0025405856,-0.0054036916
0.0117587977,0.0102405498,-0.0140463277,0.0309711238,0.0314672159,0.0303156414,-0.0246929368,0.0264250471,0.0294607087,-0.0213387886,0.9205834684,0.2539456378,0.0122526383,0.0059724808,-0.0030346394
-0.0408674776,0.0199099492,-0.0256238600,-0.0824867064,-0.0042718105,-0.0388157090,-0.0102175138,0.0031032526,0.0026680116,-0.0037097342,0.3152350081,0.3548798985,-0.0190390421,0.0043269538,0.0070780084
-0.0274838039,0.0483119828,-0.0145731556,0.0334522930,0.0055493652,0.0464554090,-0.0066806420,-0.0101591043,0.0072526619,-0.0035799172,0.1612641815,0.2796132787,0.0093142493,0.0122217890,-0.0028568190
0.0269530006,0.0052090788,0.0776964615,0.0155146934,0.0354784673,-0.0225934272,-0.0041054337,0.0310958591,0.0248106080,-0.0538454477,0.7455429498,0.1772657754,0.0157421437,0.0021212442,0.0051354443
-0.0301149177,0.0105650317,-0.0344489383,0.0014826500,0.0125333064,-0.0145121073,0.0228376816,0.0334304648,-0.0062114075,-0.0275511495,0.4473257699,0.2357652746,0.0038889433,0.0011467133,0.0118326318
0.0062506330,0.0351413244,-0.0073731664,0.0260896547,0.0063202479,-0.0130885088,-0.0357110234,-0.0282083087,-0.0638033885,-0.0198038020,0.0129659643,0.1448797190,0.0190806979,0.0077013514,0.0189097430
0.0547091616,-0.0228178482,0.0216666240,0.0872762615,0.0114531401,-0.0093791118,0.0248383387,-0.0089895292,-0.0120404894,-0.0182333710,0.6312803890,0.3902148810,0.0000286777,0.0005543525,-0.0023483107
0.0102859611,-0.0148602993,-0.0257224879,-0.0513692010,-0.0357036531,0.0220866800,0.0026639213,0.0218179231,0.0045967692,0.0261667694,0.1069692058,0.3076037794,-0.0078560624,0.0055029066,0.0033573242
-0.0290606176,-0.0259063260,-0.0227487850,-0.0078820522,-0.0204745660,-0.0651512122,-0.0128885143,-0.0130803876,0.0272695689,-0.0153054114,0.9837925446,0.2208125131,-0.0028673555,-0.0013464659,0.0098112412
0.0000382564,-0.0418677507,-0.0002600356,-0.0607909682,-0.0040641614,0.0276101041,-0.0330388379,-0.0188453171,0.0194151989,-0.0112028123,0.8622366288,0.2609595381,-0.0105163369,0.0214248790,-0.0038852094
0.0079001345,-0.0392159236,0.0226303342,-0.0113274968,-0.0281245238,-0.0098888060,0.0262756408,0.0038943479,-0.0481837594,0.0110428374,0.3176661264,0.3208019266,-0.0036011249,0.0064864662,0.0063479098
-0.0397406688,0.0282948029,0.0503753594,-0.0274782758,0.0148450317,-0.0252742156,0.0079012023,-0.0173200906,0.0346980252,0.0399572191,0.6401944895,0.1495524645,0.0215774649,-0.0134675055,-0.0064469605
-0.0379344788,0.0404226814,0.0552400878,-0.0282737264,-0.0288974840,-0.0166218321,0.0056250360,-0.0137336985,-0.0007057885,0.0305930354,0.0591572123,0.0744906637,-0.0017949663,0.0058911158,-0.0128588773
-0.0228367859,-0.0654608156,-0.0146285301,-0.0000041225,0.0112379840,0.0157198425,0.0210899083,-0.0370478181,-0.0233920878,0.0171532201,0.2658022690,0.1965239882,-0.0174458533,-0.0101442844,0.0009866326
0.0011289681,0.0457244475,-0.0353616025,-0.0159193038,-0.0164947979,-0.0277107503,0.0080778736,0.0166949308,0.0205914018,-0.0441028379,0.4748784441,0.1401321363,-0.0017135037,0.0045185132,0.0056826600
0.0301301802,0.0421939710,-0.0157027898,0.0491225573,-0.0007574609,0.0021194976,0.0008588872,0.0130777534,0.0090560598,0.0149126542,0.8581847650,0.2776751752,-0.0074155271,-0.0043635680,-0.0003922670
-0.0153563647,0.0134876452,0.0033849551,0.0715918768,0.0060880510,0.0121457771,0.0213884699,0.0196179683,-0.0166535718,0.0095600395,0.1045380875,0.1776408611,-0.0066308456,0.0154911144,0.0059366638
0.0024300722,0.0545261039,0.0163496805,0.0150396646,0.0073213187,0.0174020247,0.0178712514,0.0165687109,0.0043736886,0.0211102281,0.0721231767,0.0153749899,0.0071655615,-0.0110771730,0.0077047120
0.0074510330,-0.0899303815,0.0351051266,0.0112114486,-0.0049355967,-0.0016150689,0.0155628959,0.0413082026,-0.0134805216,0.0174697897,0.4432739060,0.2819958643,-0.0004845327,0.0081128395,0.0016931278
0.0398132731,-0.0210826922,0.0219796332,-0.0019088667,0.0126006922,0.0124088586,-0.0064548632,0.0197504527,0.0199138817,0.0211543835,0.3330632091,0.0979338807,0.0026480412,0.0123168548,-0.0055692189
0.0606387914,0.0289119002,0.0350802674,0.0194525172,0.0032270356,0.0216824728,-0.0011190548,-0.0439952570,0.0034311999,-0.0145055599,0.3233387358,0.1532548954,-0.0091125116,-0.0075192248,0.0066357987
-0.0023441766,0.0388404603,0.0132905921,-0.0642662813,0.0210782209,0.0473807499,0.0029981969,0.0155527497,0.0011329052,0.0002108404,0.1361426256,0.2320136915,0.0156622373,0.0064569808,-0.0077883696
-0.0405981860,-0.0378954334,0.0032528933,-0.0001361277,0.0207522155,0.0284752428,-0.0146422441,-0.0125466352,-0.0149016783,0.0511121567,0.2949756888,0.1157069952,0.0148655937,0.0074420492,0.0070799471
0.0222304723,0.0562108539,-0.0128268060,0.0120078005,0.0038324650,-0.0182580568,-0.0193353794,-0.0064849490,0.0226074214,0.0310594222,0.1166936791,0.1500540925,0.0163410938,0.0048262883,-0.0013570730
0.0222380736,-0.0020657605,-0.0761460438,0.0211091988,0.0199595661,0.0138760844,-0.0049929239,0.0509794990,-0.0030609136,-0.0112503655,0.5453808752,0.2516981574,0.0017410007,-0.0077600317,0.0078646616
-0.0053282205,-0.0177487688,0.0041441420,-0.0118073523,0.0215091921,0.0000916564,0.0108795763,0.0166971955,-0.0249038755,0.0336351000,0.1709886548,0.2375416910,0.0002675995,-0.0124300701,0.0065431173
0.0301506961,0.1071257648,0.0555529693,-0.0340144278,0.0148575786,-0.0127366631,-0.0001476127,0.0146105696,-0.0220319698,-0.0422877754,0.4303079417,0.1195152520,-0.0069703799,0.0009521472,-0.0122025527
-0.0397970486,-0.0311064087,0.0200400332,0.0013615199,0.0080433964,0.0156058296,0.0058466137,-0.0005665474,-0.0061617379,-0.0157233638,0.0364667747,0.2391697995,0.0138585930,0.0035078059,0.0001569333
-0.0027369495,0.0033003408,0.0345436891,-0.0127935557,-0.0431846734,0.0220945147,0.0254938158,-0.0304585491,0.0223383966,0.0440511537,0.9870340357,0.3168083950,0.0035200921,-0.0014369920,-0.0059450741
-0.0452624807,-0.0610773504,-0.0208833074,0.0011237091,0.0261623917,0.0351243589,-0.0060212767,-0.0077328988,0.0315795304,-0.0188792565,0.2406807131,0.1068860679,-0.0107544619,0.0027105168,-0.0079534407
0.0057890395,0.0442714081,0.0503064291,0.0487590914,0.0345623415,-0.0055188278,0.0139358595,-0.0205855861,0.0197678558,0.0246939163,0.4805510535,0.1142988885,0.0335603795,0.0089115891,-0.0000385970
0.0165205070,-0.0530585283,0.0073234679,0.0015598669,0.0038401553,-0.0158221247,-0.0413516364,-0.0213104698,-0.0085714028,0.0345517207,0.3225283630,0.2285635649,-0.0112891135,-0.0013614373,-0.0105125385
-0.0392616637,-0.0681844876,0.0687745795,0.0016979740,0.0102133040,0.0550158368,-0.0095592899,-0.0675613068,-0.0018610144,0.0297629037,0.8371150729,0.1713318849,-0.0030806106,0.0105356707,-0.0066930234
0.0447978873,-0.0156712234,-0.0623154304,-0.0202852726,0.0244514095,0.0356011998,0.0189018702,0.0010360068,-0.0126882452,-0.0061591649,0.1320907618,0.2770405016,0.0136156461,-0.0043931758,0.0101574307
0.0287719308,-0.0302201473,-0.0101403245,0.0111020113,0.0041524173,0.0238278822,-0.0135496822,-0.0117618552,-0.0071177450,-0.0114600295,0.6539708266,0.1663449524,0.0002447183,-0.0125307979,-0.0107529158
-0.0505956777,-0.0586610421,-0.0224884059,0.0542214732,-0.0353760344,0.0206911334,0.0022790434,0.0130133603,0.0096602462,0.0068150567,0.1158833063,0.1525908559,-0.0095146520,0.0039343707,0.0136164412
0.0479295552,-0.0020061937,-0.0313133425,-0.0603954594,-0.0119001217,0.0246722398,-0.0026197135,0.0376357470,-0.0222563343,0.0148023746,0.5680713128,0.1902069855,0.0057660548,-0.0130002878,0.0007374361
-0.0050488474,-0.0989772616,0.0101254943,0.0041562817,0.0144296668,0.0398227851,-0.0183871541,0.0156057696,0.0326799655,-0.0567495680,0.8970826580,0.4587195229,0.0042106844,0.0076241932,-0.0176605098
-0.0019360203,-0.0017206124,-0.0254438977,-0.0279457408,0.0176882223,-0.0258183055,0.0096283449,0.0083946463,-0.0260509382,-0.0102621580,0.6588330632,0.3771746374,-0.0044204005,-0.0073882031,-0.0028688746
-0.0728059103,-0.0472385167,0.0198230728,0.0402254583,0.0122663586,0.0134039464,-0.0141033452,-0.0305976767,-0.0024518948,-0.0097694466,0.7739059968,0.2993414431,-0.0006496572,0.0038029283,-0.0011707388
0.0211850086,0.0406419165,-0.0049255614,-0.0153311229,-0.0436577665,-0.0008006801,0.0237048182,0.0292947449,0.0050198673,0.0023443023,0.6029173420,0.1581210455,-0.0032275003,0.0075379052,-0.0029458022
0.0062627023,0.0354192957,0.0374036346,0.0274408196,0.0248061913,0.0138302806,0.0216662998,-0.0050318464,-0.0073243530,0.0414532263,0.8897893031,0.1855158848,0.0217727016,-0.0121429900,-0.0028562336
-0.0016253368,0.0098225825,0.0407118965,-0.0389485462,-0.0076794858,-0.0172218902,0.0095385766,0.0193146429,-0.0165386976,-0.0122491357,0.2390599676,0.0949939560,-0.0250539426,-0.0080967591,0.0030125921
0.0134849333,0.0373872421,-0.0241353902,0.0429138426,-0.0002500247,-0.0011477404,-0.0013068173,-0.0288031842,0.0069419429,-0.0213618595,0.2941653160,0.1590480529,-0.0087284459,-0.0050341071,0.0122698217
-0.0076249649,-0.0299963478,-0.0075787601,-0.0148908021,-0.0098841239,0.0036805897,-0.0044456235,-0.0212113526,-0.0092864765,0.0283654940,0.5137763371,0.2282554267,0.0022050899,0.0020822441,-0.0077100714
-0.0060071090,0.0220357964,0.0302050443,0.0117493201,-0.0052967839,0.0189149371,0.0251416774,0.0152823465,-0.0100227174,0.0354496498,0.6928687196,0.3202185447,0.0022267202,0.0136451435,0.0009539466
-0.0289935447,0.0307887683,-0.0445046375,-0.0067881874,0.0382928537,-0.0313973647,-0.0135929832,-0.0028378417,0.0344672577,-0.0190094967,0.4554294976,0.3805905104,0.0016137470,-0.0091861063,0.0065502212
0.0343984574,-0.0305519347,0.0048594592,0.0199598739,-0.0150488082,-0.0254254137,0.0190264601,0.0205648630,0.0378207772,-0.0061759953,0.6466774716,0.2450195482,0.0074825814,0.0005563847,0.0057807080
0.0051532168,-0.0058624181,-0.0110287824,0.0086763097,0.0007729980,-0.0063485640,0.0032422359,0.0036130182,-0.0159078159,0.0157352231,0.8922204214,0.3954784296,0.0030579308,-0.0006940460,0.0125459181
0.0402263559,-0.0293353135,0.0123860846,0.0361776900,0.0092055520,-0.0078454975,-0.0085426960,-0.0063731183,0.0127559564,-0.0418522519,0.2463533225,0.2511321651,-0.0045090291,0.0032630143,0.0036202515
-0.0676991948,-0.0800531806,-0.0351193092,0.0081492285,-0.0281236680,-0.0060226485,-0.0130232876,-0.0011186361,0.0198011272,-0.0274963232,0.8946515397,0.2595863623,-0.0123936993,-0.0021571330,0.0088557181
-0.0031717547,0.0237505921,-0.0216679703,0.0168249394,-0.0174572853,0.0721809559,-0.0304089726,0.0016789926,-0.0221117427,-0.0169864528,0.8395461912,0.3010850746,-0.0433690456,-0.0055230930,0.0000327441
0.0161686133,-0.0338529831,-0.0003841428,-0.0077288695,0.0111755682,-0.0064500677,0.0110561984,0.0069818488,0.0271993648,0.0019528334,0.2641815235,0.1457783673,-0.0022219238,-0.0132780447,-0.0171584216
-0.0190413211,-0.0304702671,-0.0089439023,-0.0100491719,-0.0113253487,0.0303280903,0.0158018425,-0.0629599260,-0.0113112230,-0.0630845779,0.5461912480,0.2270574726,-0.0277693679,0.0014016914,0.0238820720
0.0481184285,0.0146894117,-0.0133351636,0.0321634349,-0.0693638374,-0.0222044191,-0.0459689642,-0.0103692629,-0.0183053851,0.0278603415,0.9870340357,0.2469921542,0.0000729697,0.0139571134,-0.0022481572
0.0079202425,-0.0366030393,0.0091634121,-0.0095983183,-0.0158506384,-0.0165213093,-0.0077443041,-0.0282421792,-0.0273818292,-0.0013973010,0.9440842788,0.3558803887,0.0138560903,-0.0126878665,-0.0150393951
-0.0610461785,0.0507173302,-0.0303262067,0.0062546948,-0.0267728500,-0.0586339635,-0.0012407967,-0.0277139233,-0.0141911208,-0.0183388626,0.4951377634,0.1341887244,-0.0272674736,-0.0032648067,-0.0079665232
0.0390827949,0.0638940309,0.0174143356,0.0491130283,-0.0057263389,-0.0223754531,0.0355096470,0.0108893244,0.0057598828,0.0132514741,0.2576985413,0.2607223340,0.0103546699,-0.0017986680,0.0130037387
-0.0000122696,-0.0116377032,0.0151109969,-0.0499297451,0.0203297563,0.0224854849,-0.0102606023,-0.0745727313,-0.0143373668,0.0152339936,0.1863857374,0.2783384453,0.0030891989,0.0004641819,0.0067874471
-0.0743067803,-0.0103338157,0.0092527476,-0.0085115298,0.0024944147,-0.0306215241,-0.0208617355,-0.0145767630,-0.0264260163,0.0136464181,0.7212317666,0.1648604566,-0.0170443855,-0.0048379573,-0.0176445285
0.0459831598,0.0419869226,0.0150097808,0.0691888621,0.0105367047,0.0462033710,0.0220120473,0.0150089513,0.0188592624,0.0365868042,0.5153970827,0.1652521065,0.0005865955,0.0120513738,-0.0098517500
0.0294583438,-0.0536972932,-0.0327931942,-0.0795138829,0.0296055624,-0.0108862651,0.0124386694,0.0245247132,0.0051130414,-0.0249226611,0.8581847650,0.2529197625,-0.0308846268,-0.0050424998,-0.0080644438
0.0022618597,-0.0328834283,-0.0166328595,-0.0283223047,0.0099034098,0.0178411469,-0.0358034020,-0.0239716818,-0.0354583203,-0.0574178716,0.1823338736,0.1657928335,-0.0054640978,0.0193583339,0.0105588854
0.0390506812,-0.0286052217,-0.0314169330,0.0264560065,-0.0198720574,-0.0033148100,-0.0272500693,0.0387399960,-0.0214515741,-0.0002396193,0.8387358185,0.2240638854,0.0075967245,0.0020835381,-0.0043107348
-0.0167398012,-0.0467803394,-0.0516990967,-0.0385276931,0.0176135996,0.0084941463,-0.0045979018,0.0234546846,0.0172101271,0.0195787648,0.1677471637,0.0938689784,0.0121713620,0.0008303774,0.0151739055
-0.0575000891,-0.0249530474,-0.0033103156,-0.0171693316,0.0102868382,-0.0299010551,-0.0202815799,-0.0826608588,-0.0059440898,0.0050194217,0.9335494327,0.2948379347,-0.0263104717,0.0026708797,0.0114509343
-0.0294224081,0.0391771822,0.0301114137,0.0274124590,-0.0079763607,0.0449301420,0.0083912981,0.0182455733,0.0160282451,0.0288005189,0.8954619125,0.3989934684,-0.0125544800,0.0032693223,0.0132123702
0.0523272945,0.0206618004,-0.0684957525,0.0275523506,-0.0028067523,-0.0204157273,-0.0155804444,0.0506733920,-0.0221695847,-0.0159298506,0.4910858995,0.3757313325,0.0115341024,-0.0041551439,0.0012275278
0.0206244680,0.0251068827,0.0017688539,-0.0253655913,0.0202960557,0.0458514453,0.0121490265,-0.0453154161,0.0323584862,-0.0072821944,0.0210696921,0.2888372570,-0.0009918443,-0.0032056745,-0.0159457506
-0.0383893766,0.0213013334,0.0182916618,-0.0784134243,-0.0012638926,0.0167091152,-0.0053946228,0.0411871528,0.0095568010,0.0435670166,0.1782820097,0.2464484637,0.0267639352,0.0016531715,0.0059079267
-0.0398591079,0.0008758355,0.0014762457,-0.0369177602,-0.0137862146,-0.0117997754,-0.0261247404,0.0108290062,-0.0198630386,-0.0000042349,0.4448946515,0.3431953095,-0.0212289107,-0.0038770301,0.0027445361
0.0015894541,-0.0437717297,-0.0344662429,-0.0457025680,-0.0296157502,-0.0356849120,0.0004474840,-0.0229756387,-0.0034905358,-0.0063528760,0.1677471637,0.0802208638,-0.0090881142,0.0043463733,-0.0097433890
-0.0273961264,-0.0177098568,-0.0333931961,-0.0462571876,-0.0048253025,-0.0078587179,0.0061120157,-0.0225135076,-0.0249102880,-0.0032712030,0.8954619125,0.4751111129,-0.0102466671,-0.0022274631,0.0042658045
0.0447132518,0.0022402627,-0.0436066500,-0.0063828629,0.0226914668,0.0010903017,0.0070825105,0.0218783577,0.0095978636,0.0394125121,0.3444084279,0.1944638681,-0.0006719837,0.0139108108,-0.0025699421
-0.0028139928,0.0007359271,-0.0197812830,0.0336835344,0.0133751952,0.0145558495,-0.0589913100,0.0532323562,-0.0003496501,0.0854462576,0.9983792545,0.4511449772,0.0113398927,-0.0029320562,-0.0136309727
-0.0193054648,-0.0217449778,-0.0032564886,-0.0027063181,-0.0135740078,-0.0093124682,0.0482718640,-0.0300519084,0.0215917563,-0.0573480566,0.7641815235,0.1952033677,0.0084092111,-0.0103322048,0.0023268224
0.0088805077,0.0558535593,-0.0208818283,0.0297864936,0.0228671645,-0.0139153473,-0.0022795470,0.0129376551,0.0290061392,-0.0114143131,0.5607779579,0.3139849759,0.0038842247,-0.0054146337,-0.0028851833
0.0417554527,0.0579067234,0.0777991173,0.0239786928,-0.0069066171,-0.0259106464,0.0061073089,0.0199673282,-0.0106300506,-0.0001137607,0.4886547812,0.3702613218,0.0162119662,-0.0179058499,-0.0169656012
-0.0599006689,-0.0266573683,0.0149155207,0.0511579714,-0.0107139201,0.0342359782,-0.0069045376,-0.0539381727,0.0010941974,0.0229501059,0.0056726094,0.2332003444,0.0093553533,-0.0072768086,0.0057838901
-0.0281473864,-0.0365243281,0.0046773357,-0.0255156017,-0.0010609246,-0.0251645313,0.0006866946,-0.0653358899,0.0151495226,-0.0237252767,0.9959481361,0.3168177003,-0.0229608519,-0.0042826807,0.0028676289
0.0067998604,-0.0393146094,0.0247224330,0.0239970246,-0.0115084789,0.0325334139,0.0175252688,-0.0282050914,-0.0188402760,0.0603469793,0.6596434360,0.2575033729,0.0006052237,-0.0098585692,0.0096676041
0.0235330489,-0.0817150457,0.0293075753,-0.0223456948,0.0063866629,-0.0273540845,-0.0170780399,0.0109179938,0.0125596594,-0.0251787543,0.0883306321,0.0959806843,-0.0251865836,0.0079725641,-0.0037319630
-0.0489851098,-0.0204778450,-0.0085251804,-0.0269231422,-0.0025588915,-0.0059989211,-0.0021463248,-0.0681014440,0.0083659963,0.0111060353,0.6863857374,0.1904348978,-0.0115818667,-0.0027732269,0.0088548015
-0.0037830805,-0.0012595706,0.0444488229,-0.0163957981,0.0044404889,-0.0090715506,-0.0106652995,0.0363277993,-0.0156383259,0.0121245030,0.2479740681,0.2988795649,0.0080456264,0.0028200397,-0.0045628109
0.0170554412,-0.0627593306,0.0302861822,-0.0389972635,-0.0040500988,-0.0049699917,0.0211107695,-0.0113620558,0.0020883300,0.0281670749,0.4910858995,0.2958155864,0.0297384687,0.0064791146,-0.0017338921
0.0132987893,0.0087504051,-0.0069678757,-0.0366338179,0.0027985224,-0.0415696087,0.0035355814,0.0063645648,0.0143655522,0.0475000489,0.1215559157,0.0552906858,0.0151759885,0.0020620203,-0.0099340846
0.0018027843,0.0236123102,-0.0154360055,0.0111189478,-0.0148790547,-0.0191937534,-0.0558985154,0.0020310724,-0.0327364757,0.0168218873,0.5332252836,0.3132738190,-0.0008097337,0.0035455893,-0.0039071338
-0.0059331965,-0.0617815387,0.0026173504,-0.0905616567,0.0187016501,-0.0038026712,-0.0025359873,-0.0108702302,-0.0149484953,0.0316929933,0.8589951378,0.3095362345,-0.0119000699,0.0032860975,-0.0014944271
-0.0381256062,-0.0135901897,0.0517555722,-0.0677130289,-0.0071285523,0.0248402374,0.0055565606,-0.0416485327,-0.0333186121,0.0598433940,0.6329011345,0.3800389252,-0.0124948450,-0.0060982601,0.0124019974
0.0024623819,-0.0210624765,0.0149921702,0.0141454523,-0.0329642437,0.0341490678,-0.0000130412,0.0093775505,0.0215163994,-0.0417807023,0.5640194489,0.2460384637,-0.0062924465,0.0016636874,0.0131382085
-0.0176120765,0.0171027070,-0.0340009603,-0.0142288054,0.0035592452,-0.0179057510,-0.0195534147,-0.0283554499,-0.0278354899,0.0074829622,0.0534846029,0.3012993023,-0.0127681894,-0.0089182712,-0.0180490585
-0.0255799442,-0.0275649733,0.0588674671,-0.0172529953,0.0122454922,-0.0291177832,0.0196133844,0.0594277178,-0.0062048404,0.0040029948,0.5583468395,0.1439536233,-0.0046130918,0.0000224841,0.0126302686
0.0067193469,-0.0678826371,-0.0218575076,-0.0027437222,0.0154591658,-0.0049191355,0.0257459032,0.0000348774,0.0262567714,0.0376168819,0.7414910859,0.2668448064,-0.0103281727,0.0102357195,0.0083337973
0.0166488132,0.0508410318,0.0254931666,0.0266815088,-0.0102322694,0.0390034421,0.0403007476,-0.0025245245,-0.0292867068,-0.0233597027,0.7876823339,0.3904236100,-0.0037675485,0.0014944351,-0.0084407241
-0.0050586343,-0.0246275323,-0.0075399563,-0.0437189448,0.0164704595,0.0461616735,-0.0094078324,-0.0330856761,0.0082243238,-0.0051898468,0.1296596434,0.0367109833,-0.0096530997,-0.0002065695,0.0034710838
0.0190803194,-0.0042175118,0.0038316923,-0.0549571984,0.0347780267,0.0067996800,0.0111666483,0.0185481398,-0.0118212938,0.0283281555,0.5162074554,0.1184134222,0.0010933592,0.0096819480,-0.0021521324
-0.0272103725,-0.0656274828,-0.0460167703,-0.0533975034,-0.0128782953,-0.0405110000,-0.0562398773,-0.0225902813,-0.0144237918,-0.0451757989,0.7034035656,0.2884413273,-0.0437529819,-0.0054038494,0.0053850562
-0.0815306511,0.0372979294,-0.0039537900,-0.0373882002,0.0024836332,-0.0127364082,-0.0187233846,-0.0455701969,-0.0343474150,-0.0095475711,0.9886547812,0.3153041251,-0.0073039596,-0.0075659685,0.0048659695
-0.0301733345,-0.0235262662,0.0335871953,0.0248249263,0.0008400617,0.0280525473,-0.0032115052,0.0074481882,0.0173985127,-0.0044321951,0.8614262561,0.3736664988,0.0071108316,-0.0016505184,0.0048417896
0.0618685848,0.1050861776,0.0469856244,-0.0212456860,-0.0355355646,0.0683058138,0.0389588823,0.0909617207,0.0180897537,0.0512726632,0.2098865478,0.2889592734,0.0247033177,0.0117566603,0.0023634183
0.0030698781,-0.0569171717,-0.0284990807,-0.0012918378,0.0253647090,0.0122681399,-0.0071508354,0.0294712169,-0.0086522593,0.0453872093,0.6353322528,0.3292181200,0.0009043402,0.0071577881,0.0072129870
0.0482574016,0.0369707859,-0.0095607866,0.0539225002,-0.0305796978,-0.0419425016,0.0071416056,-0.0174181597,-0.0020531349,-0.0036223895,0.9683954619,0.2960746862,-0.0086068555,0.0062347920,-0.0003121562
-0.0129809540,-0.0249549337,-0.0050096350,-0.0185525436,0.0234754394,0.0003410232,0.0475256279,-0.0545384352,0.0183464818,-0.0133856414,0.6069692058,0.4109846583,0.0217862618,0.0156091364,-0.0061846676
0.0061872891,0.0159009719,0.0133242919,0.0112430963,-0.0011552376,-0.0246808154,0.0126044461,0.0164856962,0.0183840345,-0.0355275800,0.2277147488,0.0700431325,0.0095753511,-0.0017852771,0.0043488634
0.0256119425,0.0785148286,-0.0100362740,-0.0084169351,-0.0240546607,-0.0166717198,-0.0348818854,0.0055626411,-0.0126455813,0.0021309566,0.4619124797,0.3263287612,-0.0122123503,0.0108435424,0.0093615897
-0.0028315923,0.0435137301,0.0006099977,0.0454800109,-0.0137635537,-0.0111029177,-0.0461857419,-0.0281731067,-0.0118262302,-0.0589462132,0.4886547812,0.1932221846,-0.0081526936,0.0091768954,-0.0002798380
-0.0058749973,0.0004171853,-0.0352188393,0.0158317394,0.0274710215,0.0179983594,0.0201315026,0.0276607613,0.0015300139,0.0405647845,0.1045380875,0.0486577489,0.0117011538,0.0087736514,-0.0060336487
0.0390731329,0.0358801434,-0.0120349978,-0.0112510097,-0.0167077761,0.0613620117,-0.0010719001,-0.0194376696,-0.0053748177,0.0226695629,0.2090761750,0.1305147468,0.0195558421,0.0003247878,0.0060519914
-0.0715356707,-0.0788981456,0.0118200637,-0.0370184699,-0.0118315807,0.0099548084,-0.0435786001,0.0025089317,-0.0208503352,0.0404481617,0.0470016207,0.1169867987,-0.0314973305,-0.0012445256,0.0061295681
0.0180945316,-0.0345628844,0.0448974254,-0.0222724099,0.0070102458,-0.0088133040,-0.0205710920,-0.0190041885,-0.0205206470,-0.0140704867,0.7050243112,0.3857356836,-0.0128313351,-0.0064497453,-0.0005069853
0.0037791053,-0.0465149240,-0.0196988898,-0.0624535525,-0.0230703402,-0.0284638500,-0.0122994957,0.0376994731,-0.0110589152,0.0185616637,0.1790923825,0.1603066073,-0.0071305234,0.0032844929,-0.0041594659
-0.0218377470,-0.0527528682,-0.0111970582,-0.0688517155,0.0169519318,0.0068676361,-0.0139028102,-0.0141226409,0.0087612599,-0.0344435448,0.3711507293,0.2527990657,-0.0032962410,0.0017005922,0.0082158901
0.0197271915,0.0565877855,0.0135102149,-0.0312450897,-0.0015281267,0.0236830149,-0.0104359507,-0.0051962340,0.0019057175,-0.0172543163,0.8792544571,0.3601708936,-0.0138962401,0.0020841394,0.0022119691
-0.0966057573,0.0034016045,-0.0261480605,0.0362460440,-0.0079731506,-0.0087939169,0.0179270549,0.0114457588,-0.0254172002,-0.0085297658,0.1515397083,0.1571047518,-0.0071880919,0.0042281431,0.0102511404
0.0266902025,-0.0331340396,0.0666626257,-0.0304371551,0.0046170493,0.0118365928,0.0345947585,0.0039724786,0.0004251736,-0.0177444776,0.8095623987,0.3383126188,0.0268757976,-0.0044746395,0.0101533813
0.0014480881,-0.0992291200,-0.0453365549,-0.0130671912,-0.0099997011,-0.0034776208,-0.0017558962,-0.0157698654,0.0082324704,0.0019932791,0.3055105348,0.2902097878,-0.0003505068,-0.0123550188,0.0010581823
-0.0236454587,-0.0505225313,-0.0163065225,-0.0312864638,-0.0154024849,-0.0622546715,-0.0078664020,-0.0215326284,-0.0565367447,0.0653597488,0.1110210697,0.1033902123,-0.0125751439,-0.0111391162,0.0084443568
0.0719148115,0.0111419708,0.0182655926,-0.0153272954,-0.0245115627,-0.0074817609,0.0064581281,-0.0122636252,0.0020373074,0.0212845634,0.0632090762,0.0624642709,-0.0006205164,0.0012710170,-0.0029381577
0.0139973364,-0.0121197954,0.0429176565,0.0442589608,-0.0033685526,-0.0586280647,0.0043974465,0.0082406904,-0.0179522693,-0.0295987159,0.2990275527,0.0722339372,0.0074613363,0.0039266280,-0.0102854593
-0.0038234792,0.0140103303,-0.0347739201,0.0122217626,0.0264817246,0.0090143412,-0.0097741751,-0.0068389249,-0.0167241657,0.0085491798,0.8119935170,0.2598755417,-0.0153441972,0.0008988970,0.0003647176
-0.0020536846,-0.0185380569,0.0303881763,0.0346525816,0.0083723343,0.0138608950,0.0190424375,-0.0168748538,0.0223571798,-0.0024424653,0.4602917342,0.2486236453,0.0112165501,0.0166214171,0.0082895320
0.0388986321,-0.0363471021,0.0507612770,-0.0068680431,-0.0184192978,-0.0089811321,0.0391919426,-0.0530808546,-0.0243663671,0.0269539268,0.7893030794,0.2175048342,0.0168726194,-0.0085064998,-0.0057139689
0.0500037107,0.0052973728,-0.0349267849,0.0460369903,0.0192061784,0.0576297043,0.0060572368,0.0270882403,0.0029627044,0.0899640095,0.8995137763,0.2750943985,0.0051214780,0.0045420566,-0.0064845177
-0.0541971282,-0.0052120651,-0.0046449283,-0.0294024599,-0.0012032957,0.0080293070,-0.0191305499,-0.0263967568,0.0291945509,-0.0130381038,0.8444084279,0.2277699763,-0.0057825781,0.0074896721,0.0014784824
-0.0016315825,0.0446883918,-0.0015779065,0.0021678670,-0.0264547622,-0.0002347104,-0.0162083507,-0.0061939060,-0.0155180737,-0.0187263881,0.5648298217,0.2893634532,0.0187051289,-0.0097831602,0.0005700300
-0.0487835673,-0.0352001883,0.0075432489,0.0201774487,-0.0295679776,0.0308855993,-0.0143196941,-0.0358160025,-0.0123297533,-0.0320958258,0.4692058347,0.2313967356,-0.0186751763,0.0152263415,0.0060326075
0.0259735369,0.0627052232,-0.0598517478,0.1065032946,-0.0265881085,-0.0303676242,0.0231173938,0.0503896105,-0.0040515174,-0.0140585179,0.0810372771,0.1319893087,0.0247733836,-0.0022606088,-0.0013737405
-0.0006112072,-0.0255959049,0.0025113655,0.0473693462,0.0201677455,-0.0268337119,0.0103516074,-0.0524354441,0.0127347844,0.0717412899,0.5081037277,0.2924412716,-0.0013738425,0.0065716354,0.0003649314
-0.0091191202,0.0369487676,0.0087978163,-0.0150748044,-0.0080072565,-0.0003951825,0.0026035282,0.0080391335,-0.0020261481,-0.0009117926,0.1329011345,0.1068048104,-0.0054766466,0.0200303698,0.0062410080
0.0035322242,0.0317479950,0.0143246389,0.0199588666,-0.0065038402,-0.0136310494,0.0542421256,0.0062128237,-0.0386837781,0.0234404437,0.4578606159,0.1833862730,0.0304680751,-0.0001148357,-0.0010409810
0.0243749519,-0.0441916783,0.0332651796,0.0337235112,-0.0143901769,0.0140907137,0.0024681034,0.0245362822,-0.0330168475,0.0547291026,0.8922204214,0.3699492575,0.0097678559,-0.0034068927,0.0043131529
0.0303390426,0.0603871850,-0.0657556600,-0.0181166786,-0.0395919998,-0.0359999020,-0.0493351553,0.0183175368,0.0005106321,-0.0275144858,0.1523500810,0.2140725752,-0.0134790449,-0.0086356969,-0.0096193296
-0.0282156458,-0.0038088685,-0.0458075833,0.0106778634,0.0188409815,-0.0175686067,-0.0167625254,-0.0180873329,0.0054423862,-0.0065588080,0.5324149109,0.1233315851,-0.0042542667,-0.0133934856,-0.0029575764
0.0223858861,-0.0117775756,0.0079489822,-0.0047191335,-0.0355086686,0.0281181129,0.0085461507,-0.0472357108,0.0311372870,0.0317031200,0.5405186386,0.3027278619,0.0056918235,-0.0095975802,-0.0185291509
0.0596480916,0.0729287868,0.0742143017,0.0158258793,0.0334679486,-0.0004577489,0.0328859894,0.0320998846,0.0146013089,0.0108909653,0.5632090762,0.1970597099,0.0362862502,0.0056215391,0.0047582288
0.0092545635,-0.0302548460,0.0342715487,-0.0140887607,-0.0130128022,-0.0264505904,-0.0238616131,0.0411829131,0.0405548018,-0.0005998916,0.7260940032,0.2808795444,-0.0032716876,0.0069594852,0.0089213342
0.0398838929,0.0004422776,0.0060693024,0.0683278994,-0.0065480344,0.0282131597,0.0118187710,-0.0163758298,0.0034112129,0.0206606132,0.7949756888,0.1610898163,-0.0018837649,-0.0041370966,-0.0042031110
0.0196227059,-0.0240013254,-0.0072553831,0.0124784147,-0.0268117811,-0.0081846259,-0.0324044142,0.0405999487,-0.0053305083,0.0060354012,0.9084278768,0.3427979698,0.0139583602,-0.0036488459,0.0077210687
-0.0323702309,-0.0470597212,-0.0247077621,-0.0167961052,-0.0117584345,-0.0051700724,-0.0247041507,-0.0009272627,0.0121835466,-0.0069937991,0.2860615883,0.0805692735,-0.0058822646,0.0017628146,0.0125589315
-0.0042767511,0.0034818134,-0.0097065568,-0.0148210322,0.0504060123,-0.0243708351,0.0288235590,0.0417758068,0.0121320186,-0.0462097258,0.0470016207,0.2483324926,-0.0201149419,0.0063230282,0.0104042149
-0.0194449534,-0.0016942750,0.0141895393,0.0468601184,-0.0027600244,0.0001975976,0.0147233557,0.0313138048,0.0060498577,0.0187393352,0.1758508914,0.2642249314,0.0295137657,-0.0045240903,0.0095774919
-0.0432052443,0.0445249431,0.0425117809,-0.0096382967,-0.0175537360,0.0153075466,-0.0336421031,-0.0296881076,-0.0261576542,0.0759004877,0.4432739060,0.1612062398,0.0054751089,0.0036835241,-0.0005827773
0.0010711689,0.0719193951,0.0371384283,0.0261482007,0.0075605749,-0.0258833847,-0.0409564640,-0.0222744854,-0.0449027978,0.0341654429,0.9489465154,0.1973938844,-0.0110597717,0.0091764910,0.0011424751
-0.0747962782,-0.1207741850,-0.0355466699,-0.1069917470,-0.0217972873,-0.0424873408,-0.0045818865,-0.0364273368,-0.0308430189,-0.0444158622,0.6353322528,0.4168161465,-0.0444803308,0.0053018066,-0.0064571199
-0.0454836646,-0.0213885734,-0.0321566071,0.0143904852,-0.0303371335,0.0127153750,-0.0004134903,-0.0057785241,0.0317197828,0.0627000621,0.8484602917,0.2639052004,-0.0167636883,-0.0000340719,0.0156264260
0.0162536368,0.0583733745,0.0212478272,-0.0343003827,0.0096143782,-0.0280776449,-0.0028862994,0.0433474140,0.0134721926,0.0371427744,0.9862236629,0.4197329188,0.0275218959,0.0034347266,0.0030371172
0.0474357166,0.0200555879,-0.0312342214,0.0677561639,-0.0132968954,0.0313024195,0.0102239357,0.0072345818,0.0207486874,0.0370204030,0.1377633712,0.2064828606,0.0068790420,-0.0001210406,-0.0067529329
-0.0203785667,-0.0289303126,-0.0750606022,-0.0096095849,0.0183104071,-0.0267345902,0.0123391581,-0.0264304287,0.0015000330,0.0137253163,0.5008103728,0.2653602123,-0.0144833664,0.0037914728,-0.0057650085
0.0682107118,0.0264536232,0.0057415851,0.0414467174,-0.0148392261,-0.0153693296,-0.0149246865,0.0833457323,0.0004402738,0.0328701312,0.8427876823,0.2260784017,0.0226033136,0.0111754475,0.0036609768
0.0061669844,0.0503384654,0.0237144802,0.0240283951,-0.0245580673,0.0286032075,-0.0099380494,0.0641490086,0.0206410244,-0.0174343579,0.5753646677,0.3394777566,0.0065366967,0.0040596347,0.0066860321
-0.0126450710,0.0426159054,0.0182394620,-0.0048854324,0.0247892327,-0.0040457957,-0.0140494479,-0.0028007197,-0.0048237274,0.0437639334,0.4213938412,0.2644537273,-0.0018481207,-0.0088181579,0.0027804929
-0.0018217476,-0.0179326544,0.0119347603,0.0035197934,-0.0248987489,-0.0648897439,-0.0190516048,0.0223975961,-0.0091214671,-0.0187560996,0.0802269044,0.0415352678,0.0073426303,0.0153875664,-0.0061969198
0.0032419242,0.0323454246,-0.0238584830,-0.0074255750,0.0167423259,0.0194177581,0.0132753126,0.0251776154,0.0086872053,-0.0285745245,0.4732576985,0.1920342903,-0.0018353692,0.0100534864,-0.0045441955
0.0306317665,-0.0778074351,-0.0004827129,0.0083987965,0.0160270914,0.0231767427,-0.0139418578,-0.0057312111,0.0095864831,0.0351990690,0.8776337115,0.2542492552,0.0156133974,-0.0041415406,-0.0007047300
0.0318687409,0.0346890201,-0.0731919745,-0.0489536584,-0.0013753822,-0.0384330933,-0.0042862508,-0.0211055843,0.0002237731,-0.0257498820,0.9959481361,0.3884207533,-0.0305241225,-0.0227126293,-0.0064750466
0.0318353564,-0.0225839370,-0.0954270437,-0.0581858394,-0.0085942211,-0.0029345800,-0.0116593404,-0.0223537449,-0.0265832873,0.0094283851,0.6952998379,0.1438684145,-0.0179484836,-0.0008347423,0.0031464564
0.0391614251,0.0205098111,-0.0026593687,0.0059344621,0.0128268978,0.0140460564,0.0027959568,-0.0096346532,0.0214202516,-0.0399576960,0.4991896272,0.1392243170,-0.0028617997,-0.0050630422,0.0015146265
-0.0294074354,-0.0156033712,-0.0779089738,-0.0660230438,-0.0345230194,-0.0165785659,-0.0383641664,-0.0803158394,-0.0290348753,0.0193007991,0.8816855754,0.2154430541,-0.0339119559,0.0050692882,-0.0055855974
-0.0021183869,0.0174930132,-0.0435296049,-0.0395022939,0.0025267921,-0.0156484158,0.0270724400,-0.0313832228,-0.0116830765,0.0012320793,0.6231766613,0.4052536792,-0.0135949167,0.0113640343,-0.0009078452
0.0412705558,0.0497716546,-0.0243127196,-0.0089626428,-0.0168638710,0.0003579487,-0.0054764407,0.0132337097,0.0008495067,-0.0263122268,0.1264181524,0.1556429195,0.0113969718,-0.0016028206,0.0018547367
-0.0320097422,0.0620390312,0.0064439648,0.0958732121,-0.0182084476,-0.0038917678,-0.0114819510,0.0708760682,-0.0290415744,-0.0248100147,0.3136142626,0.2618456741,0.0128801501,0.0084494731,0.0088359599
-0.0251209618,-0.0320710895,0.0293682949,-0.0096604219,0.0028653126,0.0287671862,0.0183097377,-0.0033695688,0.0028652461,-0.0105941667,0.5113452188,0.3174476065,-0.0000022033,0.0107042032,0.0029499045
0.0252615028,-0.0061170138,-0.0127962279,-0.0479064415,0.0151868290,0.0376623147,-0.0031862692,-0.0106842134,-0.0056014778,0.0066415719,0.1142625608,0.0392356031,0.0023778125,0.0038386163,-0.0021491660
-0.0060712343,0.0884876623,0.0387613643,0.0386568567,-0.0145154098,0.0110479142,0.0169820137,-0.0283377827,0.0167418831,0.0283118907,0.0705024311,0.0291530913,0.0187345092,0.0022267891,-0.0040737069
-0.0063413417,-0.0290795072,-0.0305226986,0.0739916322,-0.0063975521,0.0213282636,-0.0361128990,0.0729559205,0.0130216237,-0.0135618415,0.7252836305,0.3806136914,0.0079762111,-0.0001535644,0.0005321462
-0.0165350190,-0.0665717348,0.0407715554,-0.0231258235,-0.0234450423,-0.0036246496,-0.0021347735,-0.0041677190,-0.0233649464,-0.0030457004,0.4311183144,0.1123137690,0.0075649323,-0.0012774815,0.0034405255
0.0357091527,0.0040796509,0.0021472752,-0.0098331945,0.0158139774,0.0508343465,0.0057921321,0.0089113900,0.0377936594,0.0187559276,0.7398703404,0.3679221815,0.0222600296,0.0182439945,-0.0094081611
-0.0146410644,-0.0471387711,-0.0106291954,-0.0470203791,-0.0024896221,-0.0070185308,-0.0056193854,0.0028622178,0.0167325283,0.0051730103,0.8071312804,0.3343729270,-0.0068715356,0.0085859952,-0.0043744647
0.0005977289,-0.0377600797,0.0243939931,0.0566168542,0.0061856374,0.0076490714,0.0171571231,-0.0113782222,-0.0078942356,-0.0051106838,0.8492706645,0.3048870905,0.0047449944,0.0046054362,-0.0078307827
-0.0088395798,0.0594673162,0.0351843017,0.0037618725,-0.0212794627,0.0184958117,0.0419370719,0.0342863595,0.0029327528,0.0361050053,0.3330632091,0.2244408458,-0.0009800229,-0.0089699499,0.0074352799
0.0162329130,0.0266645269,0.0172213185,0.0338962584,0.0041981556,0.0301524933,0.0311841800,0.0262754812,0.0476676762,0.0190277910,0.6628849271,0.2050573683,0.0306139351,0.0077848125,-0.0062327419
0.0035795734,-0.0006028289,-0.0042043113,0.0484062267,-0.0210728260,-0.0020215109,0.0190686174,0.0092478106,-0.0043908597,-0.0130825658,0.7917341977,0.2180748655,0.0036362574,0.0096528652,-0.0122173429
0.0057190892,-0.0414615791,0.0180748314,-0.0978342725,-0.0112963657,0.0099955128,-0.0279024510,-0.0519558273,0.0239660672,-0.0273345901,0.0737439222,0.0947871493,0.0066659406,0.0002616621,0.0008134832
0.0117935488,-0.0393170556,0.0227786799,0.0288407751,-0.0331286326,-0.0115439770,-0.0121598112,-0.0020182789,0.0202769473,0.0392331511,0.1855753647,0.0840237154,0.0275429136,0.0033768687,0.0124550547
0.0432638899,-0.0065492296,-0.0011339615,-0.0409300319,-0.0298313843,0.0467933017,-0.0008619963,-0.0213012840,0.0027939260,-0.0044563916,0.9343598055,0.3381118137,-0.0172684297,-0.0067610289,-0.0087971784
0.0005591766,-0.0068551782,-0.0113517113,-0.0363127856,0.0210558060,0.0024776870,0.0313418417,0.0148554174,0.0153940090,0.0547941681,0.3411669368,0.0785464449,0.0114906828,-0.0053798848,0.0017861667
-0.0486761219,-0.0393755285,-0.0133828231,-0.0163294380,-0.0046347465,0.0658169437,0.0418214958,0.0073345106,0.0090507728,-0.0099124252,0.2228525122,0.3049703800,0.0007505861,0.0088643429,-0.0032499396
-0.0310857967,0.0245871198,-0.0699763079,-0.0197742503,0.0104807933,0.0925787696,0.0061435303,-0.0209161767,-0.0169111879,0.0270616252,0.7658022690,0.4323621305,-0.0117961750,0.0061066732,0.0040906132
-0.0018609721,-0.0364978512,-0.0066755317,0.0130526596,-0.0245184143,0.0137591144,0.0136603154,0.0064623968,-0.0274988056,0.0058988411,0.3225283630,0.0837772454,0.0055900682,0.0027458704,-0.0009255536
0.0633681173,-0.0082596857,0.0047232340,-0.0167960498,-0.0565417041,-0.0234071717,-0.0555133654,0.0173144224,-0.0485670483,0.0055243453,0.4773095624,0.1125902139,-0.0059523537,0.0102973423,-0.0096812562
0.0031963771,-0.0180453160,-0.0472555344,-0.0705173920,0.0135517426,-0.0078430111,-0.0059674089,0.0119666186,0.0261119107,0.0081606702,0.9627228525,0.2654985646,-0.0097995856,0.0017852244,0.0044150878
0.0231616738,0.0956107634,0.0204113458,0.0244795284,0.0427551186,0.0487574743,0.0177422680,0.0198298555,0.0278736401,0.0139236913,0.7649918963,0.1700990955,0.0109730136,0.0091973762,0.0023726155
-0.0269267153,-0.0104273070,-0.0780534662,0.0203094031,-0.0167562700,-0.0080182995,0.0073566796,0.0154247904,0.0197291707,0.0026560863,0.9959481361,0.3049339413,0.0064938882,0.0033414460,0.0008595550
0.0275043930,-0.0320052527,-0.0134067900,-0.0663422907,0.0217775945,0.0385943072,0.0159171707,0.0057806129,0.0422240115,-0.0022436056,0.4068071313,0.2109582377,0.0096796885,0.0050477959,-0.0050679735
0.0283787629,-0.0063010601,0.0250717677,0.0205773996,-0.0171003058,-0.0092746180,-0.0001194606,0.0527892158,-0.0302766139,0.0149062839,0.3914100486,0.2504607506,0.0172177762,-0.0036793146,0.0070526799
-0.0065475028,-0.0304235135,-0.0567281430,-0.0619057780,0.0034167937,-0.0151680795,0.0097915256,0.0080486585,0.0333147843,-0.0074944011,0.9586709887,0.3479999325,-0.0055973381,-0.0061939689,-0.0004467592
0.0338464543,-0.0233900483,-0.0231057259,0.0283801975,0.0359386171,-0.0130366356,0.0431628879,0.0161740894,0.0189684878,0.0696331839,0.7706645057,0.1849633739,0.0057605438,-0.0099085055,-0.0091834865
-0.0186562770,0.0306622016,0.0300070735,-0.0441554649,0.0145932553,-0.0025126167,0.0087080608,0.0029080892,0.0033467717,0.0376654918,0.8743922204,0.3062079606,-0.0171698327,0.0085531541,-0.0061874999
0.0244342922,0.0130835660,-0.0154649911,0.0764525327,-0.0033413442,0.0334518924,-0.0248313788,-0.0122803773,0.0088935191,0.0385938224,0.8792544571,0.3638768960,0.0095925440,-0.0024393777,0.0055938446
-0.0321431595,-0.0403245467,0.0162242944,0.0156925913,-0.0025548781,0.0556276946,-0.0117858052,0.0349962947,-0.0038225785,-0.0037890665,0.2682333874,0.2881653742,0.0021017467,-0.0052461099,-0.0064934488
-0.0161990109,0.0825749326,0.0152033505,0.0453594207,0.0118130632,-0.0056486406,0.0066540983,0.0308727147,0.0017454065,0.0513584738,0.2414910859,0.2316406741,0.0154633696,0.0132115986,0.0017982952
-0.0345329984,0.0067021502,-0.0270040919,-0.0248170187,0.0117348412,0.0113593995,-0.0009726446,0.0055079572,0.0436468064,-0.0162056131,0.1717990276,0.0776534186,-0.0069566655,-0.0027613176,0.0039140363
-0.0176465389,0.0617720048,-0.0262998357,0.0255629936,0.0032579259,0.0242057882,-0.0181554990,0.0281542213,-0.0217524801,0.0724070118,0.3209076175,0.2893447726,0.0025735713,0.0034995286,-0.0029043262
0.0358292651,0.0118308824,0.0299623464,0.0252702889,-0.0120226566,0.0388112250,0.0051512328,0.0022544548,-0.0190811738,0.0389963282,0.0688816856,0.0296485671,0.0212483498,-0.0023017838,0.0010421330
0.0070857515,0.0686012648,-0.0279278957,-0.0036144899,0.0135222138,-0.0073405995,0.0223622242,0.0268257265,-0.0060783798,0.0168182532,0.9351701783,0.2607796118,0.0013251101,0.0050129091,0.0003645110
0.0114352011,0.0480712749,0.0264107585,-0.0268962279,0.0033203163,0.0089680977,0.0198374546,-0.0061246068,-0.0199358959,-0.0316590283,0.4894651540,0.3758686458,-0.0024668164,-0.0051333346,0.0133228153
0.0076670638,0.0063801163,0.0137932743,0.0303960355,0.0283133299,0.0243221869,-0.0149908414,-0.0165517872,0.0150016511,-0.0410383420,0.3687196110,0.2757698409,0.0187869230,0.0020105332,-0.0018504075
-0.0099194170,-0.0330006634,0.0181752478,0.0000957743,0.0044060873,-0.0010410539,0.0002044201,-0.0088187637,-0.0100516758,-0.0237271664,0.1053484603,0.1109070092,-0.0005036059,-0.0021879544,0.0085115476
0.0307508807,0.0334219837,0.0113875306,-0.0125910986,-0.0182432554,0.0104222743,0.0052871543,-0.0298659459,0.0267303518,0.0535542252,0.7771474878,0.4363774970,0.0050890649,0.0043812462,0.0045304523
-0.0119581034,-0.0007612214,-0.0150577116,0.0053956457,0.0025050466,-0.0082127658,-0.0208219058,0.0026191511,0.0205957353,-0.0407049727,0.2552674230,0.0553653701,0.0050855992,0.0009779180,-0.0044338363
0.0191571454,0.0222254101,0.0351245228,-0.0735121905,0.0006284520,0.0037454123,0.0202996172,0.0349805943,-0.0579611076,0.0103866120,0.1458670989,0.1901311023,0.0092688492,0.0035968660,-0.0060182400
0.0039674471,0.0078938711,0.0603917937,-0.0276855277,-0.0290471215,0.0022094095,0.0011184359,0.1010984369,0.0016990101,0.0127299702,0.0170178282,0.2593890052,0.0088717997,-0.0018873322,-0.0032550820
-0.0343563848,-0.0010305524,-0.0064384519,0.0262127459,-0.0124814302,0.0002105758,-0.0220209095,-0.0206823149,0.0019714960,0.0231521443,0.0137763371,0.2627339740,-0.0091963320,0.0019963855,-0.0094644495
-0.0110640410,0.0051678305,-0.0186702242,0.0152814274,0.0034371162,-0.0513381453,0.0040362095,-0.0011401189,0.0125097909,-0.0265793504,0.1410048622,0.2777834350,-0.0319053382,-0.0135253730,-0.0078279964
0.0100276547,0.0558947752,-0.0239339650,-0.0452199122,-0.0209182964,-0.0225663544,-0.0490053820,0.0152230687,-0.0601518093,-0.0183785904,0.6523500810,0.2274135814,-0.0029357777,0.0146678766,-0.0060071958
-0.0886958201,-0.0504576207,-0.0574422190,-0.0827846744,-0.0068230046,-0.0382218632,-0.0244864672,-0.0545915283,0.0046851787,-0.0848496822,0.4262560778,0.3688433276,-0.0261022547,0.0012620390,0.0063093735
-0.0128767060,0.0032940540,-0.0103020415,0.0233289169,-0.0062349617,0.0265587849,0.0101369070,-0.0397790305,0.0175957924,-0.0028135961,0.9562398703,0.2294154401,0.0001799165,0.0069170975,-0.0043342992
0.0005020687,0.0123451521,-0.0080354972,-0.0221630221,0.0154360497,-0.0371144766,-0.0089348964,-0.0198027062,-0.0272856923,0.0067873449,0.1758508914,0.2213372324,0.0123421917,0.0111762831,0.0077550543
0.0285049202,0.0295288525,-0.0512616480,-0.0266011388,0.0012248096,0.0104719920,-0.0525215430,0.0717523673,0.0159328228,-0.0215681982,0.5186385737,0.2657928948,0.0085764278,0.0075905048,0.0010455202
0.0205690854,-0.0010147910,0.0138839135,0.0085311248,0.0027469388,-0.0326595744,0.0124527622,0.0203980907,0.0170147599,0.0210391474,0.4675850891,0.0965201410,0.0405834851,0.0014763624,0.0078764423
0.0000437336,0.0686758847,0.0054807240,0.0212470883,-0.0195595220,-0.0001375665,-0.0145716762,-0.0039056435,0.0239336305,0.0516675858,0.0040518639,0.0279360661,0.0020121702,-0.0134977900,-0.0000408366
0.0043387606,-0.0578430046,-0.0326373626,0.0447499602,0.0152676529,-0.0030080017,0.0000265981,-0.0110532786,-0.0047281723,0.0204309043,0.2228525122,0.2873813658,0.0190329913,-0.0039378042,-0.0010498774
-0.0189372488,0.0620717774,0.0008687651,0.0077039261,-0.0239671959,-0.0107868412,0.0162153039,-0.0112728789,0.0179925758,0.0293145567,0.3719611021,0.1916002816,-0.0154483341,0.0052073773,0.0057969852
-0.0109142902,0.0510737415,0.0506682293,0.0329141630,-0.0122968317,-0.0084650008,-0.0041232513,-0.0325745923,-0.0065852431,0.0113861288,0.9570502431,0.3904571522,-0.0178227343,-0.0036781169,0.0043471266
-0.0004018220,-0.0074281906,0.0054749000,-0.0064925230,-0.0070700647,-0.0160437503,-0.0164830628,0.0235882169,0.0480924365,0.0477030717,0.3614262561,0.3048097913,0.0137552924,0.0127747984,0.0011104036
0.0272925668,0.0509845452,0.0117048687,-0.0209640103,0.0152144975,0.0251184098,0.0044719093,0.0151251397,0.0058648821,-0.0288943324,0.5364667747,0.3226545291,0.0001263536,0.0080812996,-0.0096854639
-0.0553486709,0.0328813684,-0.0053806060,0.0521505468,0.0251542135,-0.0200847406,-0.0223710381,-0.0760256099,-0.0263675743,-0.0140208389,0.0745542950,0.2575506923,-0.0010211300,-0.0177633681,-0.0095837314
0.0430159838,-0.0546484708,-0.0445838557,-0.0665162092,0.0047052649,0.0077432269,-0.0180718705,-0.0297498556,0.0247163104,-0.0336984762,0.2811993517,0.3414632843,-0.0159620020,-0.0070196379,-0.0192363962
-0.0440995938,0.0120650237,-0.0124506702,0.0047166716,0.0060916401,-0.0126796651,0.0087862809,0.0156240919,-0.0037168908,0.0066173479,0.7034035656,0.3359722367,0.0066431469,0.0098224275,-0.0013854707
0.0009018276,-0.0296250802,0.0479080144,-0.0055393390,0.0309955957,0.0237419745,-0.0031785940,-0.0017517008,0.0149612392,0.0326143018,0.0915721232,0.1807935015,0.0046129734,-0.0109068501,0.0058070258
0.0085724225,0.0416378260,-0.0016769759,0.0351262584,0.0017922902,-0.0387397524,0.0081326125,0.0579300480,0.0107099635,0.0333975543,0.4813614263,0.1123814088,0.0163388670,0.0108992155,0.0024797493
0.0215159264,-0.0090698748,0.0319586849,0.0063688140,-0.0070259728,0.0463485917,-0.0041786565,0.0275306976,-0.0396299997,0.0099861878,0.6466774716,0.2939694521,-0.0073070810,0.0030094204,0.0107339959
-0.0146929337,-0.0400868864,0.0137838277,0.0466704048,-0.0020734619,0.0018947916,-0.0074144774,0.0689703271,-0.0155540306,-0.0077027243,0.7836304700,0.3892046357,0.0211208934,0.0052220007,0.0044220620
-0.0192686518,-0.0420888367,-0.0092531295,0.0055872952,-0.0456424191,-0.0204249503,-0.0164808586,-0.0045718244,0.0032988992,-0.0166083481,0.3411669368,0.1818356504,0.0011778189,0.0082447019,0.0080243118
0.0065971265,-0.0058621472,0.0252502818,0.0114149618,-0.0071145526,0.0058638002,0.0250262725,0.0031840012,0.0227602851,0.0129481591,0.4408427877,0.2727972320,0.0031078796,-0.0008213489,-0.0102106874
-0.0191735701,0.0885116961,-0.0014037252,-0.0039958273,0.0092878880,-0.0128251880,0.0136909854,0.0376959109,-0.0091284414,0.0597784663,0.3654781199,0.2282351916,0.0104906648,0.0006033419,-0.0081994245
0.0100889321,0.0349847545,-0.0210907308,-0.0601903916,-0.0148433831,-0.0298693267,-0.0027037173,0.0146021005,-0.0139662164,-0.0094305116,0.1920583468,0.1616565880,-0.0058825988,-0.0074969364,-0.0052025254
0.0199540243,-0.0251142763,0.0019262873,-0.0024748219,-0.0422572120,-0.0003972035,-0.0163785272,0.0251486184,0.0189822070,0.0188498241,0.3282009724,0.1291796395,-0.0153180145,-0.0045928054,0.0042913112
-0.0140495202,0.0129468700,0.0203844876,0.0239364448,0.0068873069,-0.0161831781,-0.0109501139,0.0047866578,-0.0218681471,0.0095518919,0.0980551053,0.1205291381,-0.0010822073,0.0001293744,0.0084988536
0.0269262096,0.0120694688,0.0140763365,-0.0494182440,-0.0468945909,-0.0405441909,-0.0232783278,0.0045250441,-0.0171462800,0.0494722214,0.8363047002,0.3403417770,0.0011333550,-0.0033170152,-0.0079613917
-0.0047320443,-0.0542267278,0.0495588570,-0.0451466265,-0.0328720957,0.0528998294,0.0048833245,-0.0349341773,0.0059097246,-0.0017003836,0.8111831442,0.3329130506,-0.0067996384,0.0017104704,-0.0073438088
0.0290986162,-0.0546482101,0.0422285914,-0.0300335702,-0.0291288966,0.0116665746,-0.0113377121,-0.0054180550,0.0366745947,0.0407717535,0.7625607780,0.2281116221,-0.0041185490,0.0011956487,0.0061660017
0.0246348561,0.0101313679,0.0198384274,-0.0328971517,-0.0245229674,0.0026448411,-0.0115153842,0.0318643836,0.0012766899,0.0128211849,0.2131280389,0.0535278323,0.0131181789,-0.0040560693,-0.0041112050
-0.0284271219,-0.0383046190,-0.0307116410,0.0690762106,0.0153558391,0.0335755309,0.0396656579,-0.0041929289,0.0021617227,0.0176230128,0.3800648298,0.2334146580,0.0244989600,-0.0111824438,0.0096206120
-0.0222767348,0.0284353430,0.0551166994,-0.0253618232,0.0171650263,-0.0322370967,-0.0014811968,0.0150724053,-0.0223717924,-0.0161299759,0.3857374392,0.3460245028,0.0131150091,0.0033911159,-0.0077262611
-0.0504094329,-0.0756828566,0.0082140951,-0.0408870936,0.0087861662,0.0286877547,-0.0369006096,-0.0669891406,-0.0163552788,0.0187590146,0.2528363047,0.0724208502,-0.0012213697,-0.0012895842,0.0052909557
0.0970508305,0.0129578537,0.0498528362,0.0493224839,0.0153887606,-0.0246944926,0.0079026836,0.0247249137,0.0010057332,-0.0182003201,0.2714748784,0.0591323696,-0.0094262432,-0.0101021582,-0.0062069986
0.0029095994,-0.0028316023,0.0334723619,-0.0375588499,-0.0343140887,0.0478136690,-0.0141166511,0.0519355898,-0.0300716365,-0.0489021860,0.8411669368,0.3918527091,-0.0107942079,-0.0119692705,-0.0073456973
0.0130805272,0.0352147060,-0.0195389331,-0.0194834996,-0.0021288138,-0.0200605866,-0.0515372669,0.0244104824,-0.0050878770,-0.0152916227,0.3136142626,0.1872550056,0.0061025914,-0.0068132974,-0.0060717656
-0.0260181737,0.0530100074,-0.0062340725,0.0162536398,-0.0187074749,-0.0085702459,0.0571553661,-0.0258618126,0.0000954690,0.0232817913,0.4586709887,0.1631716507,0.0117347199,0.0014013996,-0.0077222107
-0.0194469227,0.0444952830,0.0307174851,0.0414083835,-0.0021014323,0.0231552319,0.0501073152,0.0126358639,-0.0036103451,-0.0190107590,0.2244732577,0.3446568412,-0.0041829125,-0.0078099716,-0.0023764577
-0.0077075417,-0.0187921525,0.0218755411,-0.0439920194,0.0097586346,-0.0479184953,-0.0097570124,-0.0135751215,0.0301785668,-0.0161930301,0.5640194489,0.2924688182,-0.0254605505,-0.0054477423,-0.0122931112
-0.0678967507,0.0357797084,-0.0222033882,-0.0209651793,0.0043768456,-0.0155240356,-0.0207596169,-0.0285099683,0.0500218515,0.0352868758,0.2965964344,0.1986243618,0.0110923083,-0.0024290086,-0.0039110890
0.0458237019,-0.0536021935,0.0154731634,0.0360313567,0.0124537822,-0.0125804746,-0.0026732700,0.0108822123,0.0080029811,0.0553143664,0.0948136143,0.3115360834,0.0067948567,-0.0041948796,0.0043105354
0.0264858540,-0.0000678996,-0.0475576782,-0.0262027664,-0.0001471740,0.0326277986,-0.0167298828,0.0095864406,-0.0233241029,0.0369034582,0.0551053485,0.1884265809,0.0164593497,0.0069000797,-0.0165750362
0.0026788608,0.0917092608,-0.0328154662,0.0492341588,-0.0240919107,0.0031813062,-0.0078387400,-0.0132565894,0.0075031509,-0.0107029756,0.5210696921,0.3187549715,-0.0069114510,-0.0091389799,-0.0087352216
0.0080505051,-0.0431265058,-0.0062292508,0.0654500404,-0.0201176512,-0.0152725266,-0.0232388670,0.0122178284,0.0331750791,0.0023673860,0.8265802269,0.3954860636,0.0046952302,-0.0083686321,0.0054696763
0.0085291120,0.0058139458,0.0571433981,0.0078781047,0.0417209780,0.0400457043,-0.0034959596,0.0016125958,0.0340662564,0.0234283312,0.7941653160,0.2187045480,0.0226856191,0.0008564596,-0.0027611750
0.0357785640,-0.0231924699,-0.0068038033,0.0451975729,-0.0125153549,0.0177881495,-0.0096564066,-0.0088993697,-0.0156693307,-0.0154183661,0.4400324149,0.2897045260,-0.0067508926,0.0005784189,0.0023915423
0.0036140225,0.0982466763,0.0188745203,-0.0345499081,-0.0161003182,0.0036128127,0.0194967207,0.0114902266,0.0392178092,-0.0091847763,0.7471636953,0.3793239604,0.0041100391,-0.0157386005,-0.0001699582
-0.0240133522,-0.0154640608,0.0390478154,-0.0040315014,-0.0016523409,-0.0134671647,0.0067922353,0.0334471650,0.0008950896,-0.0116498935,0.4246353323,0.1928745366,0.0137209903,0.0036049044,0.0006621832
0.0133026128,0.0689247787,-0.0224325153,-0.0262291679,0.0004818652,0.0075695750,-0.0071019262,0.0286921268,0.0069496136,-0.0254586926,0.2593192869,0.1579363945,-0.0016001187,0.0031007866,-0.0066149164
0.0282497382,0.0131342192,0.0048249145,0.0161471192,-0.0403477998,-0.0392757252,-0.0270055055,0.0143793837,-0.0186474354,-0.0332943825,0.1045380875,0.0687974445,-0.0031659159,0.0070297873,0.0145478719
-0.0184931946,0.0099702222,-0.0239559668,-0.0826937967,-0.0332656368,-0.0199585379,0.0239016305,0.0065810720,-0.0069099645,0.0265467008,0.9821717990,0.4382061126,-0.0124098073,-0.0068507881,-0.0048930699
0.0017048757,0.0106449912,-0.0150624582,0.0499275451,0.0071140751,0.0229471976,-0.0133604564,0.0174950479,0.0102823052,0.0342358957,0.2042139384,0.0865112519,-0.0072180802,0.0076196958,0.0135135115
0.0082988007,-0.0691108991,-0.0197176444,-0.0377402185,0.0335201043,-0.0241944565,-0.0042678684,-0.0259515268,-0.0161010817,-0.0501458507,0.1815235008,0.1944812451,-0.0434114894,-0.0002337312,0.0062009210
0.0302613943,-0.0187779341,0.0463308557,-0.0678441547,-0.0235221019,-0.0661037022,0.0276250065,-0.0150978858,-0.0359855965,-0.0538635697,0.3954619125,0.2283622075,-0.0131944130,-0.0029962732,-0.0078394046
-0.0527230129,-0.0131484717,0.0150869824,-0.0128133814,-0.0192156779,-0.0434965790,-0.0023662684,-0.0117840634,-0.0057871262,-0.0300348457,0.0429497569,0.0343282368,0.0052714588,-0.0060308969,0.0030612284
0.0127384397,-0.0116553928,-0.0042075798,0.0144644960,-0.0034870460,-0.0152023123,-0.0105992112,0.0237258530,0.0060636561,0.0178848959,0.7690437601,0.2111919633,0.0071430466,0.0003015726,0.0052762518
0.0390235134,-0.0144723657,0.0516096547,0.0058132165,0.0376766777,-0.0262217505,0.0060010038,-0.0177333178,-0.0095359456,0.0058742117,0.1256077796,0.1633821765,-0.0119949129,-0.0075197426,0.0038132083
0.0298814983,0.0249413480,0.0402050372,0.0443997647,0.0098914855,0.0087073322,0.0027546168,0.0103692487,0.0290671023,0.0318487001,0.3670988655,0.2251166803,0.0066406438,-0.0039094311,-0.0097023126
0.0332440767,0.0107419350,0.0364351113,0.0198736890,0.0260004997,-0.0398694954,0.0135275444,0.0454533217,0.0160315025,0.0329762326,0.7374392220,0.2790402494,-0.0022156806,0.0125056117,0.0111795837
0.0152191460,-0.0038489224,-0.0264878759,0.0366787032,-0.0083979944,0.0141979379,0.0012476966,0.0591536420,-0.0140245788,-0.0414175474,0.9951377634,0.2394517322,-0.0012530325,-0.0158723512,-0.0205678891
-0.0568022594,0.0069623084,-0.0352654209,0.0580914689,0.0384194872,0.0454970682,-0.0716239856,0.0173494940,0.0149406070,-0.0039094488,0.9165316045,0.4630395144,0.0133697869,-0.0011915784,0.0040692624
0.0059434647,0.0302295838,-0.0917550882,-0.0143672070,-0.0234003045,0.0304100251,0.0138032984,0.0132329778,-0.0161720120,-0.0002987710,0.7171799028,0.1829055725,0.0040337134,-0.0025190027,-0.0012982596
0.0039139392,0.0189764836,0.0018985880,-0.0319983570,-0.0017315276,-0.0119951502,0.0114090143,0.0397542803,0.0182211208,0.0820267731,0.5640194489,0.3565279871,-0.0117239599,0.0036039658,-0.0020940663
-0.0414811302,-0.0197822834,0.0399972449,-0.0034809565,-0.0171839712,-0.0216522264,0.0082085363,0.0068082536,0.0041327460,-0.0201962704,0.6288492707,0.2322683889,0.0068284279,-0.0004200405,-0.0011590285
0.0095064031,0.0014809146,-0.0275097648,0.0455126418,0.0035029207,-0.0134018035,0.0241455309,0.0176888504,0.0247862736,-0.0521945991,0.2941653160,0.0906720690,0.0091106190,-0.0099581350,-0.0002118690
0.0135135296,0.0247130269,0.0332785688,0.0035376190,0.0151689584,0.0422412242,-0.0135239799,-0.0357230339,-0.0092129169,0.0189043742,0.9173419773,0.4333666370,0.0168290835,-0.0054106652,-0.0152394862
0.0108278075,0.0029286665,0.0301615929,-0.0076601186,-0.0107155183,-0.0052400874,0.0123934752,-0.0339159077,0.0334187489,0.0160322960,0.4675850891,0.1578864639,-0.0007149056,-0.0062786392,0.0048100637
0.0311024608,0.0775027242,0.0057438330,-0.0356991890,-0.0064201629,0.0289990766,-0.0179691309,-0.0070460194,0.0028432717,-0.0138979648,0.1134521880,0.2346831941,-0.0007125015,0.0035459048,-0.0000384415
-0.0069407135,-0.0357380734,0.0228487130,0.0372346120,0.0154380081,0.0025521378,-0.0185402000,-0.0387911968,0.0140363445,0.0374381527,0.8816855754,0.3307379723,-0.0046947536,0.0025380618,-0.0051566146
-0.0565760401,-0.1145921562,-0.0693067924,-0.0707219573,-0.0172291800,-0.0551954921,0.0187333063,-0.0711402426,-0.0264239330,0.0081834364,0.6223662885,0.2928183214,-0.0436120527,0.0095752876,-0.0047751583
-0.0445495721,0.0633096245,0.0782408054,0.0225685453,0.0162139769,-0.0100886568,0.0205391267,-0.0099795249,0.0196325578,0.0118838056,0.4611021070,0.1572647042,-0.0242124396,0.0028667561,-0.0095724634
-0.0482602346,-0.0285096418,-0.0551462403,0.0192264782,0.0211416110,0.0169248590,-0.0302728530,-0.0195571060,0.0064286191,-0.0028663829,0.2617504052,0.2593726873,-0.0093702634,-0.0143857179,-0.0177885933
-0.0160267159,0.0049756858,0.0390083405,-0.0403996141,0.0050037131,0.0530013304,0.0080514922,-0.0052775514,0.0300059774,0.0213974047,0.7585089141,0.2535999690,0.0218914002,0.0039047631,0.0141400192
0.0176622161,-0.0154153539,-0.0058154612,0.0026122257,0.0248431564,-0.0318565391,-0.0147332554,0.0016423455,-0.0009306348,-0.0002897587,0.0486223663,0.1199077836,-0.0053013447,0.0057239448,-0.0111926274
-0.0492982982,0.0267006735,-0.0089549786,-0.0254178399,-0.0218939820,0.0311772390,0.0090007143,0.0010904550,0.0189303822,-0.0229531873,0.2965964344,0.1342066982,-0.0007398329,0.0014036272,0.0016930168
0.0332612043,0.0315244068,-0.0023696300,-0.0176492103,0.0160735083,-0.0462094534,-0.0010996315,-0.0183862743,0.0249939245,0.0121837110,0.1766612642,0.1182039353,-0.0023222445,0.0054698329,-0.0090276876
0.0333031625,0.0535375617,0.0181734428,0.0476703430,0.0034736833,0.0017557451,-0.0054439214,0.0056678297,-0.0328551589,0.0446208073,0.2722852512,0.2912708479,0.0148113818,-0.0076610548,0.0075741325
-0.0071935352,-0.0152515078,-0.0167137236,-0.0081006398,0.0382221317,0.0206007414,0.0359124035,0.0084855944,-0.0674218163,-0.0285920555,0.4667747164,0.3558241137,-0.0035020651,0.0115225742,-0.0126032375
-0.0203851975,-0.0371201246,0.0066702284,-0.0989316989,0.0123333386,-0.0162783681,0.0382824401,0.0097627286,0.0410594680,0.0027883585,0.2115072934,0.2143898161,-0.0283440549,-0.0115752103,0.0100696757
0.0296071769,-0.0111378498,0.0289285012,-0.0743745993,0.0076652311,-0.0090995832,0.0422468842,0.0163989713,0.0148024731,0.0297687735,0.6337115073,0.2380741288,0.0135423351,0.0094623723,-0.0007880662
0.0743053555,0.0195209576,-0.0178273731,-0.0400081096,0.0476375588,0.0172701763,0.0081843414,-0.0355864829,0.0007566473,-0.0179638353,0.5591572123,0.2859000021,0.0167593734,-0.0022792988,0.0051213571
0.0033031779,0.0153339304,0.0201265534,0.0056283015,-0.0253774802,0.0249097188,-0.0110328547,-0.0071103616,-0.0150347636,0.0065192871,0.9384116694,0.2445293776,-0.0068690597,0.0021843049,-0.0068388544
0.0290003506,0.0296129432,0.0156634791,0.0396990111,-0.0049654176,-0.0051849792,0.0372543861,-0.0372759564,0.0035908848,-0.0081171512,0.4854132901,0.1357068189,-0.0026742983,0.0075605861,0.0010939969
-0.0429581633,-0.0010129533,-0.0225436317,-0.0049879078,-0.0210863570,-0.0455600749,0.0164917243,-0.0257993924,0.0283355027,-0.0276526828,0.8792544571,0.2089025275,-0.0134029137,0.0038909860,0.0037084354
0.0443126513,-0.0726271332,-0.0066768647,0.0312344088,-0.0358482062,0.0063058637,0.0082697993,0.0405567084,-0.0251794775,0.0307063941,0.9019448947,0.4762874310,0.0020809533,0.0059952569,0.0001740175
-0.0223701864,-0.0207660939,0.0537604795,0.0636716334,-0.0053893618,0.0425988229,-0.0092366624,-0.0259465848,0.0329714680,0.0424766438,0.9797406807,0.4174535193,-0.0058812354,0.0017886189,0.0096160203
0.0195173303,-0.0238587731,-0.0026188111,-0.0236119695,0.0212180938,0.0524441679,0.0088053069,0.0563336893,0.0093657556,0.0051017415,0.6669367909,0.3079469381,0.0109225181,-0.0063463547,0.0034627564
0.0006071779,0.0050719895,0.0300711533,0.0001723310,0.0224983179,0.0704495827,0.0152536331,0.0071757437,-0.0130213989,-0.0384465751,0.5899513776,0.2991168187,0.0025965711,-0.0058108745,-0.0027582196
-0.0588456998,0.0440744020,-0.0007433317,-0.0164536135,0.0202223782,0.0507025387,0.0172541416,0.0032403053,0.0127088726,-0.0051813220,0.9627228525,0.3656960585,0.0004248917,0.0001693887,0.0029368148
0.0056252895,-0.0018071292,0.0645589537,0.0178353113,-0.0108839973,-0.0231168186,0.0255204781,-0.0124355519,0.0035828785,0.0522837393,0.5275526742,0.2952521956,0.0177144219,-0.0110533250,-0.0080391775
-0.0180435436,0.0023439694,0.0600231189,-0.0271725253,0.0271520405,0.0125841665,-0.0066918348,-0.0045156089,-0.0170406818,0.0009112973,0.1993517018,0.1189123741,0.0099014818,0.0057967342,0.0035878836
-0.0545512138,0.0052515182,0.0592430201,-0.0840810031,-0.0388555688,-0.0185529706,0.0278354298,-0.0643500269,0.0364368732,0.0318559864,0.3638573744,0.2620817276,-0.0067210690,0.0048886988,0.0036678117
0.0368434787,-0.0214482253,-0.0025118771,-0.0388879404,-0.0062465345,-0.0303228281,-0.0197000310,-0.0043993847,-0.0144793625,-0.0172806745,0.0988654781,0.2915281533,-0.0237712327,-0.0008463048,0.0099084640
0.0275559724,0.0084311911,0.0061225026,-0.0067715228,0.0228382170,0.0001854456,0.0307987564,-0.0218142240,-0.0678168524,0.0188517376,0.3946515397,0.2020871432,-0.0042559699,-0.0030169430,-0.0118032912
0.0387604525,-0.0182592753,-0.0406279371,0.0504056323,0.0123681993,-0.0176514864,0.0250574817,0.0177724903,0.0033136609,0.0083365286,0.4554294976,0.2852525845,-0.0011797405,0.0172779141,-0.0148918756
-0.0051247224,0.1003417461,-0.0272750934,0.0358434489,0.0085518423,0.0168497304,0.0261809424,0.0202324988,0.0005212296,-0.0011884021,0.6539708266,0.2779782381,0.0071461295,0.0063201233,-0.0136001581
-0.0102006147,-0.0523645729,0.0084212094,0.0078860478,-0.0099487186,0.0092471486,-0.0024939781,-0.0029305383,-0.0435259367,-0.0006423604,0.3176661264,0.1931971816,0.0078451752,0.0077248428,0.0127338068
-0.0023492083,0.0420417541,0.0192253991,-0.0101718557,0.0246619683,0.0216989401,-0.0111681629,0.0363560387,0.0064897258,0.0153798444,0.7179902755,0.2447586657,0.0055310910,-0.0028626235,0.0211030540
0.0043833897,0.0579439661,0.0163634731,-0.0261475240,-0.0180350327,-0.0439802572,0.0143785576,0.0213784724,0.0117466115,0.0533812379,0.2828200972,0.3511356161,-0.0119419308,0.0051526166,0.0012311289
-0.0041203016,0.0099318125,-0.0063841127,0.0385884237,-0.0171259365,-0.0070690807,0.0162983085,-0.0016846711,0.0222785876,-0.0116947474,0.8225283630,0.2304224976,0.0154436142,-0.0025206554,-0.0019314445
0.0124763595,-0.0050081950,-0.0385725093,0.0011776734,0.0136437390,0.0229965831,0.0066925005,-0.0650544453,0.0111196821,0.0401484068,0.2674230146,0.2695649801,-0.0174924151,-0.0049309234,0.0022844471
0.0084716931,-0.0322188257,0.0280137746,-0.0148829464,0.0181114195,0.0066673486,0.0025051824,0.0298614402,-0.0345330679,0.0117968732,0.5316045381,0.2482848637,0.0002383357,0.0176334893,-0.0000422048
-0.0104809968,-0.0611939382,0.0032719491,-0.0694135021,-0.0407569999,-0.0452819060,-0.0107183318,-0.0027551987,-0.0214839412,0.0233234738,0.4667747164,0.3316702108,-0.0455685428,-0.0022393963,-0.0039282376
0.0203058946,0.0619020607,-0.0058470914,-0.0079894209,0.0017984220,0.0055800355,-0.0194982026,0.0269964469,0.0389097244,-0.0134477878,0.4205834684,0.1179557693,0.0101105156,0.0020598362,0.0095538536
0.0134410681,-0.0038384872,-0.0696572379,0.0698840957,0.0247503835,-0.0128000576,-0.0059598496,-0.0198569126,-0.0299150470,-0.0459058462,0.1766612642,0.2551492775,0.0165688789,0.0072639932,0.0040513662
0.0466862936,0.0809429845,-0.0086085213,-0.0536923506,-0.0275051989,-0.0069331600,-0.0068395279,0.0074362284,0.0070452141,-0.0014008776,0.0818476499,0.1411018241,-0.0048587332,0.0044270596,-0.0051946218
-0.0351851661,0.0011181745,0.0112310563,-0.0133443655,-0.0451170403,0.0165643383,-0.0074757530,-0.0293042088,0.0081335107,0.0198444826,0.6353322528,0.2769519742,-0.0080753689,-0.0077630719,0.0138204163
-0.0615586681,0.0293098718,0.0020042406,0.0231828063,-0.0363012742,-0.0138339056,-0.0003133570,-0.0421209078,0.0299110195,-0.0046666665,0.4983792545,0.3909472643,-0.0034910155,-0.0082598317,-0.0012183838
-0.0282194326,-0.0586981221,0.0255988883,-0.0203954133,0.0087303466,-0.0195408681,-0.0098242252,0.0402497839,0.0129619091,-0.0071339447,0.7641815235,0.2491169362,-0.0167212478,0.0018221360,-0.0131918067
0.0342121637,0.0000796375,-0.0217714526,-0.0607669146,0.0597165710,0.0037809795,0.0331524711,-0.0415919767,0.0210634705,0.0857384722,0.2844408428,0.2734812571,0.0212662982,0.0097019001,-0.0050016882
-0.0217829669,-0.0155911852,-0.0037858901,0.0016647367,-0.0223422790,0.0026870724,0.0132704755,-0.0023688194,-0.0171274126,0.0042064903,0.3922204214,0.1406288410,-0.0037692138,-0.0120522021,-0.0080343245
0.0516493744,0.0459575633,0.0397202398,0.0318114368,-0.0056847759,-0.0199272764,-0.0009079632,0.0510962669,0.0085958486,0.0135591801,0.8662884927,0.4165061326,0.0072826076,0.0039627319,-0.0065128599
-0.0046277964,-0.0577341173,-0.0172805845,0.0265942017,0.0141717651,0.0018528822,0.0089078065,-0.0527198025,0.0084324342,0.0003868087,0.8549432739,0.1723399991,-0.0091681062,0.0022409920,-0.0156374480
0.0087842455,0.0185191598,0.0650875297,0.0276497228,0.0138897295,0.0316741115,0.0191188711,-0.0088054276,-0.0359194010,-0.0267716996,0.6296596434,0.1907726724,0.0171651246,0.0014045765,-0.0101495358
0.0641249598,-0.0150172474,-0.0039042980,0.0046501859,-0.0093012599,0.0393225678,0.0071820388,0.0004104596,0.0066281220,0.0413202063,0.7025931929,0.3851649682,0.0236041542,-0.0089249993,-0.0001278355
0.0334042261,-0.0002755791,-0.0900405256,0.0047141021,-0.0030183596,-0.0140849642,-0.0104639783,0.0126088186,0.0015818067,0.0294326864,0.0048622366,0.2719627855,0.0015881502,0.0024082868,-0.0164735961
-0.0415217093,0.0555702510,0.0126647829,0.0519691691,0.0340895723,-0.0122732936,0.0160442878,-0.0134989926,0.0239299374,-0.0265081272,0.8192868720,0.4019470987,-0.0027594913,0.0003913007,0.0000937829
0.0002916270,0.0068861760,-0.0111487856,-0.0338157198,0.0304902021,0.0033492748,0.0048432216,-0.0401034433,0.0099046479,0.0530159746,0.7212317666,0.2836211827,0.0043554319,0.0112160746,-0.0024230820
0.0368237862,0.0457219961,0.0089001811,-0.0805002059,-0.0139049356,0.0131312405,0.0154447964,-0.0183518210,0.0133468284,0.0143328030,0.9894651540,0.2114196876,0.0075509882,0.0049447041,0.0030735639
0.0137768919,0.0081048838,-0.0657133846,0.0024977339,-0.0227614744,-0.0232522205,-0.0197014962,-0.0073655833,-0.0041842069,-0.0491095376,0.3119935170,0.0655023823,0.0023653128,0.0072168601,0.0019863060
0.0023905172,-0.0250898676,0.0237116517,0.0040683027,-0.0173784496,0.0471563202,-0.0148353497,-0.0492225219,0.0216465227,0.0013835251,0.6596434360,0.1801096311,-0.0006665824,-0.0102377463,-0.0092660805
0.0742778388,0.0562707094,-0.0796446600,0.0387569767,0.0322969848,-0.0118810465,-0.0102704597,0.0367337750,0.0295614782,-0.0487944220,0.6928687196,0.2212111170,-0.0005305998,0.0092998983,0.0068860716
-0.0078404245,-0.0851471013,0.0485624700,0.0067050399,-0.0283871417,-0.0253319929,-0.0354410870,-0.0308200219,-0.0091710850,0.0425772428,0.3322528363,0.1799327354,0.0026224449,0.0180279242,-0.0037089710
-0.0262717831,-0.0177491172,-0.0089480692,-0.0149476046,-0.0030493448,-0.0007158121,0.0153875081,-0.0357094917,-0.0032766315,-0.0148681791,0.3387358185,0.1487647035,0.0057259025,-0.0090915995,-0.0099374326
-0.0352988285,-0.0339163723,-0.0314263826,0.0175585583,-0.0092113868,0.0342504806,0.0228559388,-0.0275483030,0.0009879787,-0.0134523007,0.5137763371,0.3084361874,0.0004102495,0.0016161726,0.0128009895
0.0304213529,-0.0510323832,0.0157895032,0.0254240291,0.0261445602,0.0005994188,-0.0247316270,-0.0318351321,-0.0150129736,-0.0008801228,0.5899513776,0.3976304501,0.0057459042,0.0062154936,0.0002438113
-0.0060990798,0.0527135646,-0.0397603041,0.0386431298,-0.0262899612,-0.0341708152,0.0009775473,-0.0061819274,-0.0403622214,-0.0613517407,0.1855753647,0.2366511264,-0.0068023076,0.0081269190,0.0054049492
0.0200328214,-0.0006086797,-0.0054566796,-0.0400396009,0.0359574411,0.0445503093,-0.0064273870,0.0227946437,0.0074734937,0.0502757026,0.9732576985,0.2434843700,0.0214495211,-0.0004307977,-0.0060036862
0.0304446394,0.0497422815,-0.0112360330,0.0272597592,0.0361660279,0.0494094382,0.0107017343,-0.0524284600,0.0193064017,0.0346499751,0.4513776337,0.2925331617,0.0051589500,0.0045461870,0.0086910457
0.0299962218,-0.0015034536,0.0110167743,0.0180414656,0.0053748705,-0.0081804311,0.0483257015,0.0100922514,-0.0260577601,-0.0057139263,0.0210696921,0.2034597679,0.0130438568,-0.0006514078,0.0082452378
0.0212351833,0.0489470958,0.0147956477,-0.0039067878,0.0291617492,-0.0084637709,-0.0324521039,-0.0390582996,-0.0199798918,0.0147244323,0.0162074554,0.0836449412,-0.0000336826,0.0095017961,-0.0102096872
-0.0049540286,0.0060399492,-0.0367680507,-0.0018610836,0.0030095705,-0.0114734031,0.0077629431,0.0391171357,-0.0072958142,-0.0256106272,0.1880064830,0.1584683059,0.0043653516,0.0032552538,0.0136912140
0.0375353233,-0.0525440995,0.0513159952,0.0234949565,-0.0000432610,-0.0038540664,-0.0083998315,0.0452321236,-0.0247571109,-0.0079650942,0.1361426256,0.1381214604,-0.0212386804,-0.0064858660,-0.0144796133
-0.0238195322,0.0091973216,0.0639203808,-0.0147081306,-0.0092211428,-0.0290632539,0.0111585900,-0.0065707347,-0.0202388914,0.0159522389,0.4173419773,0.2126164705,-0.0310946445,-0.0016085452,0.0008243325
0.0145354659,0.0255573931,0.0288942702,0.0794201007,-0.0252678097,0.0364842600,-0.0325009886,-0.0426541489,-0.0071839035,0.0182676712,0.1491085900,0.1216220101,-0.0181731062,0.0011993307,0.0057837727
-0.0167922061,-0.0291291064,-0.0382906418,-0.0144424117,-0.0234232381,0.0283407923,0.0313874375,-0.0578229194,0.0001816119,-0.0196753193,0.3395461912,0.2134488106,0.0053671124,-0.0082158850,0.0005441724
-0.0310223522,0.0886405460,0.0027710848,-0.0182407011,-0.0176448850,0.0279614690,-0.0206810662,0.0353611201,-0.0205738456,0.0448402549,0.9448946515,0.3173847360,-0.0164502282,-0.0099861641,0.0066921612
-0.0174269500,-0.0042041942,0.0172859820,0.0231829695,-0.0254944108,-0.0018396883,0.0325283422,0.0156214922,0.0305328863,0.0261732761,0.2803889789,0.2792926312,-0.0007636037,0.0000454856,0.0068014924
0.0050559665,0.0215362108,0.0277575531,0.0211958027,0.0016437998,0.0225198933,-0.0150049701,-0.0006273902,0.0009837456,0.0162951779,0.9481361426,0.4493453997,0.0040718675,-0.0053363318,0.0124504064
-0.0178831542,-0.0008602870,-0.0271206968,0.0279632466,-0.0562253242,-0.0221577324,-0.0052752802,0.0467187246,0.0479171755,0.0243695381,0.7017828201,0.2250032392,0.0118908519,-0.0070413545,0.0007072705
-0.0076791345,0.0188680910,-0.0081142590,-0.0114784390,-0.0122748016,-0.0033069570,-0.0005955731,-0.0189130746,-0.0187471867,0.0022482336,0.0324149109,0.1634304271,0.0048159432,0.0045770057,0.0047674508
0.0544039710,-0.0431514090,0.0061537829,0.0080493160,0.0343024095,0.0272560073,-0.0083162586,0.0089918733,0.0193184242,0.0045258429,0.4043760130,0.3244696498,0.0075352730,-0.0039280237,-0.0129302752
-0.0680572732,0.0600280292,0.0037079249,-0.0363659500,-0.0170461873,0.0070768101,-0.0144522085,-0.0591377328,-0.0278728670,0.0045185953,0.1888168558,0.1807495080,-0.0181732982,-0.0062588314,0.0068253225
-0.0106175624,0.0411302439,0.0243620946,-0.0083674935,0.0237592682,-0.0003817393,0.0221558070,-0.0257146082,0.0093095450,0.0446939676,0.7974068071,0.3325973639,-0.0014948199,-0.0019356122,0.0080796440
0.0035031361,0.0803826766,-0.0179959785,-0.0042696396,0.0040148488,0.0091968743,0.0166694074,-0.0005332165,-0.0265901818,0.0010027111,0.4991896272,0.2718878009,0.0133002997,-0.0034382074,0.0047112889
-0.0252309956,-0.0747107219,-0.0273468860,-0.0494906561,-0.0344213166,-0.0186162761,-0.0072771341,-0.0002505302,-0.0155957796,0.0053689818,0.6264181524,0.1969133987,-0.0124145083,0.0043841698,0.0044386704
0.0260420080,0.0733337175,-0.0335333132,-0.0298683585,0.0197192688,0.0240224213,-0.0139003063,-0.0228314842,-0.0138311526,-0.0154764021,0.1410048622,0.3024479109,0.0319862221,-0.0166564240,0.0053773917
0.0083584890,0.0128380648,-0.0442089164,-0.0337995806,0.0158090050,-0.0361395935,-0.0035591811,-0.0029148788,0.0247528980,-0.0762005528,0.5688816856,0.3967835267,-0.0075680737,-0.0018697925,0.0056596617
0.0432467652,0.0698990318,-0.0460937462,-0.0148244287,0.0278991182,-0.0165171912,-0.0172201498,0.0162388496,0.0314286070,-0.0282077457,0.6701782820,0.3052915641,0.0078055093,-0.0044542302,0.0002611107
0.0214907168,0.0824751305,0.0860189791,0.0130105787,-0.0009539944,0.0136398889,0.0332602342,0.0032755959,0.0002662070,0.0111928785,0.7034035656,0.1670825214,0.0136321410,0.0069109733,-0.0031081282
-0.0518483884,0.0235740703,-0.0201899782,-0.0266079387,-0.0075714885,-0.0556065885,0.0097806032,-0.0317252008,-0.0055830643,0.0157395171,0.5542949757,0.2794533976,0.0047352622,-0.0050714258,-0.0091073392
0.0323132639,-0.0317947429,-0.0044962517,0.0273957397,0.0377827090,0.0224222970,0.0295153965,0.0430107457,-0.0081488900,0.0107320708,0.5000000000,0.2789423733,0.0103670670,-0.0016461359,0.0128449587
-0.0425789656,0.0728519689,0.0263557450,-0.0461025410,-0.0014597769,0.0189818286,0.0263320206,0.0629177808,-0.0038825219,0.0363150972,0.9157212318,0.4659271594,-0.0019592266,0.0027434110,0.0099477530
0.0319135330,0.0842588085,-0.0276904077,0.0328718668,0.0129490532,-0.0575568815,-0.0073467860,-0.0088562487,-0.0012689379,0.0143512039,0.6337115073,0.2170900074,0.0011250752,0.0217835895,-0.0132969177
0.0231710399,0.0671964050,-0.0160514824,0.0246159511,0.0187036645,-0.0337588945,0.0086356290,0.0337582855,0.0071866562,-0.0099412989,0.3905996759,0.2334116159,-0.0104189106,0.0087723424,-0.0161040051
0.0427650048,-0.0491809358,0.0371780914,-0.0219986158,0.0319079970,-0.0088687416,0.0019175525,0.0207861886,-0.0056219134,-0.0479412367,0.0486223663,0.1371736943,0.0165193672,-0.0072349764,0.0247586330
-0.0720556975,-0.0170348906,0.0215070344,-0.0127536795,0.0270634707,-0.0077082039,0.0010322707,0.0186879357,0.0144121367,-0.0204577360,0.9862236629,0.2575966227,0.0006180902,-0.0042239522,0.0108245533
0.0135206388,-0.0050351715,0.0083431361,0.0022159005,0.0433213484,-0.0129896104,0.0114201920,-0.0325467121,0.0117047948,-0.0422249873,0.2042139384,0.2630767478,0.0115863855,0.0059285902,-0.0070135767
0.0184768855,0.0354949159,0.0123442178,-0.0037819886,0.0091279711,0.0122353730,0.0064646602,0.0092965716,-0.0064136292,0.0095281002,0.2836304700,0.0780334643,-0.0077202764,0.0151830983,-0.0009105003
-0.0112231541,-0.0513913836,0.0562713122,-0.0291855273,-0.0317108763,0.0044262526,-0.0062845418,-0.0253906931,0.0109707762,0.0130625903,0.9003241491,0.4234339973,0.0016715445,-0.0074480137,0.0003442478
0.0165487990,0.0365476537,0.0909262071,0.0544864768,-0.0140864005,-0.0318863567,0.0055531097,-0.0275030191,-0.0357055444,0.0087369981,0.1871961102,0.2503806360,0.0105586658,0.0011322571,0.0133882147
0.0230344051,-0.0622213185,-0.0059744588,0.0334475401,-0.0132401182,0.0088501900,-0.0074513929,0.0033104752,-0.0141026933,0.0180436876,0.5453808752,0.3292522861,-0.0229912306,-0.0086958020,-0.0129901468
-0.0497829911,0.0131282793,0.0318530932,0.1371578700,0.0032806563,-0.0331469718,0.0086591778,-0.0110786809,0.0028647596,-0.0576701319,0.2244732577,0.3175889191,0.0041226424,0.0100957369,0.0051733500
-0.0271001796,-0.0962344579,-0.0202417732,-0.1036747392,-0.0112371976,-0.0300783142,-0.0253607054,-0.0725658404,0.0196696762,0.0431942538,0.3476499190,0.3089129406,-0.0229473249,0.0001202220,-0.0153387911
-0.0320022089,0.0109567739,-0.0119209425,0.0136591790,0.0214049395,-0.0161029699,-0.0064837001,0.0555967716,-0.0029176059,0.0027031533,0.3371150729,0.0954092300,0.0198464649,0.0057533493,0.0145581743
-0.0182446197,0.0054546356,-0.0261524048,-0.0595754165,0.0182350248,0.0191178669,0.0042995832,-0.0206187513,0.0419840486,0.0124424410,0.7301458671,0.2667403353,0.0065605060,0.0006275140,0.0014639556
0.0118173017,0.0603405423,-0.0039088695,0.0207680659,-0.0407811482,-0.0483824246,0.0246742142,0.0027745244,0.0013050742,0.0190013250,0.6175040519,0.1402026549,0.0129766480,-0.0036695371,0.0031559125
0.0039359611,-0.0242477149,-0.0210196766,0.0490833165,0.0234337265,0.0325591121,0.0031123062,0.0471869586,0.0115351553,0.0437645059,0.4651539708,0.1736105426,0.0207236500,0.0010436193,0.0125547154
-0.0099728912,0.0352955189,-0.0440783908,-0.0377825630,-0.0255579132,0.0113489414,-0.0002876714,-0.0009240171,-0.0254034404,0.0442638500,0.1636952998,0.2759552619,-0.0024961914,-0.0003350404,-0.0007492986
-0.0138911249,-0.0194509214,0.0158232329,-0.0531968545,-0.0311616431,0.0559376230,-0.0137710389,0.0344726324,-0.0033805428,-0.0407132517,0.4797406807,0.3788219496,-0.0013598190,0.0019596567,0.0037970679
0.0183213722,-0.0371171979,0.0270489781,-0.0708686412,-0.0177439935,0.0526046101,0.0358465690,0.0181670390,0.0067858795,-0.0080645433,0.2771474878,0.1330244562,-0.0133028728,-0.0041003766,-0.0014988555
-0.0202873769,-0.0292728918,-0.0149221587,0.0204810742,-0.0308064867,-0.0220399663,0.0275839187,-0.0263143148,0.0162122331,-0.0426736088,0.6944894652,0.2868033556,-0.0127878566,-0.0059210688,-0.0001874406
0.0706155224,-0.0336450923,0.0099886227,-0.0178207186,-0.0262090087,0.0383979683,0.0353679278,-0.0025496159,0.0255505057,-0.0344365535,0.5348460292,0.3235984397,0.0211738292,0.0026713351,-0.0096459234
0.1184224230,0.0650848364,0.0873030574,0.0419206570,0.0057481286,0.0494289119,0.0089389655,0.0151939400,0.0297401736,0.0295833685,0.5186385737,0.1576103364,0.0236901790,0.0048017016,0.0009594871
-0.0328772364,-0.0305222465,-0.0086350904,-0.0392935872,0.0344357797,0.0178054941,0.0062394402,0.0711903888,-0.0043448299,0.0092598211,0.0129659643,0.0919871313,-0.0043465913,-0.0150000591,0.0094399082
0.0280852042,0.0495566888,-0.0242008326,-0.0072994170,0.0116570543,0.0086891798,0.0113158244,-0.0188784692,-0.0071101722,-0.0226530424,0.7325769854,0.2846851994,-0.0065412201,-0.0000837210,-0.0090733692
0.0213149035,-0.0557947009,-0.0644155691,-0.0569769058,-0.0297895170,-0.0451119041,0.0222644207,-0.0375011892,0.0262969816,0.0454179557,0.4878444084,0.1891666514,0.0004455921,0.0022279410,0.0062487987
0.0039138918,-0.0546519752,0.0583644893,0.0223534066,0.0407373466,0.0460318959,-0.0010119599,0.0025465325,0.0103971614,0.0508781986,0.6555915721,0.2608372225,0.0161506969,0.0032639770,0.0047562090
-0.0376823296,0.0544802281,0.0277353051,0.0035339205,-0.0067027799,-0.0440939108,-0.0060278415,-0.0198306117,-0.0069735003,0.0287664384,0.1256077796,0.1220797755,0.0194083688,-0.0043151848,-0.0152039176
-0.0104584415,-0.0554276386,-0.0100580827,0.0009996507,0.0197225641,-0.0023458862,-0.0072787322,-0.0115521552,-0.0373193000,-0.0586925535,0.1871961102,0.2813938662,-0.0003256149,0.0071487363,-0.0043276312
-0.0540631834,-0.0192084152,-0.0141634237,-0.0065507681,-0.0243696249,0.0193302455,0.0026557221,0.0079340112,0.0038170042,-0.0065631344,0.8306320908,0.2549455704,-0.0109494244,-0.0066608340,0.0042387032
-0.0293824602,0.0585034226,-0.0948707716,-0.0090576051,0.0411234954,0.0076686106,0.0193060759,-0.0051832982,0.0044972903,-0.0695280061,0.4092382496,0.2645473832,-0.0105557918,-0.0039918980,0.0139588913
0.0792482185,0.0283294203,-0.0042427417,-0.0245851330,-0.0079952493,-0.0338100057,0.0076354187,-0.0235822902,-0.0120547916,0.0129617411,0.7779578606,0.3571150243,0.0008578956,-0.0005848584,-0.0063261674
