Date,AGG,EFA,GLD,LQD,SPY,TLT,VNQ,VWO
2020-12-31,101.88350677490234,62.460994720458984,178.36000061035156,114.87785339355469,349.0081481933594,134.87623596191406,70.53813934326172,42.650169372558594
2021-01-04,101.75419616699219,62.786312103271484,182.3300018310547,114.29570770263672,344.2567443847656,134.7136688232422,68.2458267211914,42.8459358215332
2021-01-05,101.6507568359375,63.43695068359375,182.8699951171875,113.92976379394531,346.6278076171875,133.71327209472656,68.34549713134766,43.841758728027344
2021-01-06,101.15076446533203,64.16462707519531,179.89999389648438,113.0066146850586,348.7000732421875,130.96841430664062,68.46175384521484,43.42469787597656
2021-01-07,101.04736328125,64.23312377929688,179.47999572753906,112.9899673461914,353.8809509277344,129.8139190673828,68.32889556884766,43.765159606933594
2021-01-08,100.92666625976562,64.83238983154297,173.33999633789062,112.90673828125,355.8972473144531,129.39492797851562,68.99332427978516,44.65031814575195
2021-01-11,100.76287841796875,63.98485565185547,173.0,112.42445373535156,353.4981384277344,129.18115234375,68.07971954345703,44.13113021850586
2021-01-12,100.84907531738281,64.27593231201172,174.1199951171875,112.66560363769531,353.5727844238281,129.07858276367188,68.23754119873047,44.61627960205078
2021-01-13,101.16803741455078,64.19032287597656,173.3699951171875,113.53885650634766,354.52496337890625,130.53224182128906,69.06806945800781,44.76097869873047
2021-01-14,100.9697494506836,64.70397186279297,173.27999877929688,113.04816436767578,353.283447265625,129.30941772460938,69.47502136230469,45.20356369018555
2021-01-15,101.07322692871094,63.69378662109375,171.1300048828125,113.22279357910156,350.70703125,129.822509765625,70.27235412597656,44.68436050415039
2021-01-19,101.21115112304688,64.15608215332031,172.5800018310547,113.42240142822266,353.4608154296875,130.24147033691406,70.07303619384766,45.49294662475586
2021-01-20,101.2197494506836,64.59268951416016,175.38999938964844,113.38915252685547,358.3522644042969,130.36976623535156,71.41020965576172,46.28450393676758
2021-01-21,101.07322692871094,64.64405822753906,175.27999877929688,112.94005584716797,358.678955078125,129.45477294921875,71.0696792602539,46.293006896972656
2021-01-22,101.07322692871094,64.33586883544922,173.89999389648438,112.85689544677734,357.4093933105469,129.8738555908203,71.23576354980469,45.96106719970703
2021-01-25,101.331787109375,64.25880432128906,174.0500030517578,113.33924102783203,358.8190002441406,131.40443420410156,71.775634765625,46.190879821777344
2021-01-26,101.29733276367188,64.35297393798828,173.6199951171875,113.33094787597656,358.25885009765625,131.156494140625,72.28227233886719,45.901485443115234
2021-01-27,101.30593872070312,62.88048553466797,172.52000427246094,113.13136291503906,349.50286865234375,131.48997497558594,71.00322723388672,44.73543930053711
2021-01-28,101.23699951171875,63.28285598754883,172.67999267578125,112.94841003417969,352.5086364746094,130.76315307617188,71.38528442382812,44.94822311401367
2021-01-29,101.12490844726562,61.9730339050293,172.61000061035156,112.77375030517578,345.45159912109375,129.97642517089844,70.56303405761719,43.98644256591797
2021-02-01,101.22162628173828,62.709266662597656,174.22999572753906,112.99624633789062,351.20184326171875,130.1271209716797,72.17431640625,45.10142517089844
2021-02-02,101.06622314453125,63.3427734375,172.11000061035156,112.69622039794922,356.1678771972656,129.28811645507812,72.6061782836914,45.80786895751953
2021-02-03,100.9453353881836,63.49687957763672,171.85000610351562,112.42957305908203,356.4479064941406,128.140869140625,72.4234619140625,45.978092193603516
2021-02-04,100.90216827392578,63.56536865234375,168.14999389648438,112.62122344970703,360.4992370605469,127.79852294921875,72.92179870605469,46.04618453979492
2021-02-05,100.77262115478516,63.95917510986328,169.80999755859375,112.32125091552734,361.9180603027344,126.72835540771484,73.17926025390625,46.38663864135742
2021-02-08,100.87625122070312,64.40435791015625,171.52000427246094,112.8045425415039,364.53179931640625,127.28487396240234,73.57793426513672,46.62495040893555
2021-02-09,100.91940307617188,64.75534057617188,172.0800018310547,112.62959289550781,364.28912353515625,127.37899017333984,73.83538055419922,47.14414596557617
2021-02-10,101.01441192626953,64.53276824951172,172.7100067138672,112.8962173461914,364.1304626464844,128.2265167236328,74.23404693603516,47.24626922607422
2021-02-11,100.89352416992188,64.96937561035156,171.2100067138672,112.59623718261719,364.718505859375,127.52456665039062,74.39186096191406,47.73992919921875
2021-02-12,100.6603775024414,65.32894134521484,170.69000244140625,112.22962951660156,366.5201110839844,125.94078063964844,74.40845489501953,47.825042724609375
2021-02-16,100.18550109863281,65.79978942871094,168.24000549316406,111.43793487548828,366.2027587890625,124.02313995361328,73.83538055419922,47.96122360229492
2021-02-17,100.38411712646484,65.41454315185547,166.3300018310547,111.99624633789062,366.2868347167969,124.81072998046875,73.7440414428711,48.08038330078125
2021-02-18,100.33228302001953,65.08921813964844,166.32000732421875,111.77960968017578,364.7279052734375,124.30564880371094,73.42841339111328,47.45906066894531
2021-02-19,100.02145385742188,65.27757263183594,167.00999450683594,110.97127532958984,364.08380126953125,122.65331268310547,73.85198974609375,47.71440887451172
2021-02-22,99.71056365966797,65.11492156982422,169.50999450683594,110.27961730957031,361.2832946777344,121.72020721435547,74.46659851074219,46.36110305786133
2021-02-23,99.73651123046875,65.17481994628906,169.1199951171875,110.36297607421875,361.7220153808594,121.36921691894531,74.93171691894531,46.62495040893555
2021-02-24,99.70195007324219,65.38030242919922,169.0,110.52960968017578,365.7079772949219,120.5729751586914,75.5047836303711,46.32705307006836
2021-02-25,98.78668212890625,64.26737976074219,165.82000732421875,108.77971649169922,356.89605712890625,118.60401153564453,74.05963897705078,45.32271957397461
2021-02-26,99.5897216796875,63.35991287231445,161.80999755859375,110.22132110595703,355.05706787109375,122.52490997314453,72.97991943359375,44.675865173339844
2021-03-01,99.53782653808594,64.54987335205078,161.52999877929688,110.32901763916016,363.6637268066406,120.90668487548828,73.30384063720703,45.901485443115234
2021-03-02,99.55513763427734,64.48138427734375,162.41000366210938,110.20379638671875,360.825927734375,120.91521453857422,72.59786987304688,45.467411041259766
2021-03-03,99.19190979003906,64.08757781982422,160.6199951171875,109.38545989990234,356.0466003417969,119.60383605957031,72.1826171875,45.43336486816406
2021-03-04,98.90647888183594,63.47975540161133,159.0399932861328,108.49201965332031,351.6404724121094,118.83242797851562,71.36036682128906,44.454566955566406
2021-03-05,98.8373031616211,63.89068603515625,159.13999938964844,108.35005950927734,358.1095275878906,119.06388092041016,72.1410903930664,44.76948547363281
2021-03-08,98.44810485839844,63.66810607910156,157.49000549316406,107.33971405029297,356.3265686035156,118.13817596435547,72.76398468017578,43.60343551635742
2021-03-09,98.82000732421875,64.52420806884766,160.83999633789062,108.14969635009766,361.4139404296875,119.77528381347656,73.24571228027344,44.54819107055664
2021-03-10,98.98431396484375,64.79814910888672,161.66000366210938,108.6590347290039,363.6637268066406,120.01525115966797,73.97660064697266,44.471595764160156
2021-03-11,98.97561645507812,65.14059448242188,161.52000427246094,108.725830078125,367.3509216308594,119.14956665039062,74.84036254882812,45.80786895751953
2021-03-12,98.41350555419922,65.3032455444336,161.49000549316406,107.47331237792969,367.845703125,116.62103271484375,76.09447479248047,44.99928665161133
2021-03-15,98.5173110961914,65.35462188720703,162.1999969482422,107.8407211303711,370.0392761230469,117.30670928955078,77.2240219116211,44.9737548828125
2021-03-16,98.4826889038086,65.4659194946289,162.35000610351562,107.76557922363281,369.57257080078125,116.83526611328125,76.90840911865234,45.16950988769531
2021-03-17,98.47403717041016,65.85115051269531,163.50999450683594,107.86577606201172,370.83282470703125,115.9610366821289,76.97484588623047,45.20356369018555
2021-03-18,98.09346771240234,65.25188446044922,162.55999755859375,107.24787139892578,365.43731689453125,114.78675079345703,76.19412231445312,44.505638122558594
2021-03-19,98.17135620117188,65.4316635131836,163.24000549316406,107.40650939941406,364.7611999511719,115.4981460571289,75.15594482421875,44.94822311401367
2021-03-22,98.36161804199219,65.49158477783203,163.0,107.79061889648438,367.67376708984375,116.7924575805664,75.6875,44.85277557373047
2021-03-23,98.61239624023438,64.58412170410156,161.80999755859375,108.1079330444336,364.7799072265625,117.8467025756836,75.57953643798828,44.11985397338867
2021-03-24,98.73350524902344,64.25880432128906,162.3699951171875,108.4335708618164,362.9255065917969,118.48098754882812,75.15594482421875,43.088661193847656
2021-03-25,98.68159484863281,64.73823547363281,161.77999877929688,108.30833435058594,364.9671630859375,117.54669189453125,75.92118072509766,43.15684509277344
2021-03-26,98.5173110961914,65.57720947265625,162.24000549316406,108.23314666748047,370.8486633300781,117.13526916503906,77.5585708618164,44.23064422607422
2021-03-29,98.35297393798828,65.32038116455078,160.30999755859375,107.97431945800781,370.6612548828125,116.14104461669922,77.10745239257812,43.983497619628906
2021-03-30,98.43077850341797,65.23475646972656,157.57000732421875,108.30833435058594,369.6779479980469,116.74960327148438,77.20771026611328,44.16246032714844
2021-03-31,98.44810485839844,64.95225524902344,159.9600067138672,108.59223937988281,371.1764221191406,116.09815216064453,76.73987579345703,44.35847473144531
2021-04-01,98.77898406982422,65.79978942871094,161.97999572753906,109.27323913574219,375.1847839355469,118.02508544921875,78.13499450683594,44.759029388427734
2021-04-05,98.57972717285156,66.75862884521484,161.9199981689453,108.73778533935547,380.56982421875,117.51009368896484,78.43573760986328,44.85277557373047
2021-04-06,98.92623901367188,66.04804992675781,163.22000122070312,109.46566772460938,380.34503173828125,118.30826568603516,78.6362075805664,45.06583786010742
2021-04-07,98.77029418945312,66.18502807617188,162.75999450683594,109.24811553955078,380.78521728515625,117.48430633544922,78.69469451904297,44.40962219238281
2021-04-08,99.01283264160156,66.56172180175781,164.50999450683594,109.64973449707031,382.5927734375,118.45418548583984,78.4023208618164,44.86981964111328
2021-04-09,98.90025329589844,66.76718139648438,163.27000427246094,109.423828125,385.3742370605469,118.02508544921875,78.31043243408203,44.4863166809082
2021-04-12,98.87422943115234,66.39905548095703,162.27999877929688,109.39871978759766,385.5147705078125,117.97352600097656,78.76990509033203,44.196563720703125
2021-04-13,99.16008758544922,66.78430938720703,163.42999267578125,109.88397216796875,386.6573181152344,118.85762023925781,79.16252899169922,44.205078125
2021-04-14,99.08208465576172,66.83567810058594,162.72000122070312,109.73341369628906,385.3367614746094,118.47994232177734,78.7448501586914,44.443702697753906
2021-04-15,99.47189331054688,67.39212799072266,165.35000610351562,110.41102600097656,389.47625732421875,120.46260833740234,80.12325286865234,44.835731506347656
2021-04-16,99.2120361328125,67.88011932373047,166.35000610351562,109.65808868408203,390.778076171875,119.52710723876953,80.29869842529297,44.98061752319336
2021-04-19,99.13411712646484,67.76025390625,165.88999938964844,109.37358856201172,388.85809326171875,119.18370819091797,80.45740509033203,44.88685989379883
2021-04-20,99.29000091552734,66.54460144042969,166.47999572753906,109.58277130126953,386.0111083984375,119.73304748535156,81.11737060546875,44.54597091674805
2021-04-21,99.38528442382812,67.2294692993164,168.1300048828125,109.95928192138672,389.66357421875,119.97338104248047,81.65203857421875,44.895381927490234
2021-04-22,99.4112548828125,67.00688934326172,167.0399932861328,110.06806945800781,386.1047058105469,120.4969711303711,81.20925903320312,44.81868362426758
2021-04-23,99.39395141601562,67.69176483154297,166.39999389648438,110.16004180908203,390.29095458984375,120.21378326416016,81.68544006347656,45.43229293823242
2021-04-26,99.30734252929688,67.74313354492188,166.83999633789062,110.10987854003906,391.1058044433594,120.0420913696289,81.9277114868164,45.491943359375
2021-04-27,99.06482696533203,67.52054595947266,166.4199981689453,109.61625671386719,391.0215148925781,118.99495697021484,81.91934204101562,45.560123443603516
2021-04-28,99.1167984008789,67.69176483154297,166.91000366210938,109.63298034667969,390.9091491699219,119.07218170166016,81.74392700195312,45.92658996582031
2021-04-29,99.06482696533203,67.71745300292969,166.22000122070312,109.49909973144531,393.40032958984375,118.7203140258789,82.44566345214844,45.82432174682617
2021-04-30,99.16874694824219,66.86991882324219,165.66000366210938,109.72499084472656,390.81549072265625,118.99495697021484,82.77146911621094,45.15105056762695
2021-05-03,99.23204803466797,67.60614776611328,167.80999755859375,109.9891128540039,391.65838623046875,119.06631469726562,82.61273956298828,45.13400650024414
2021-05-04,99.35353088378906,66.60452270507812,166.5800018310547,110.0561294555664,389.24212646484375,119.8742904663086,82.07808685302734,44.58006286621094
2021-05-05,99.43160247802734,67.5119857788086,167.27000427246094,110.19025421142578,389.3639221191406,120.072021484375,80.71639251708984,44.7504997253418
2021-05-06,99.4489517211914,68.06845092773438,170.05999755859375,110.3998031616211,392.47314453125,120.26971435546875,81.16749572753906,45.193660736083984
2021-05-07,99.42290496826172,68.83895874023438,171.58999633789062,110.44172668457031,395.32958984375,119.676513671875,82.2367935180664,45.59421157836914
2021-05-10,99.26678466796875,68.4708251953125,172.11000061035156,109.84657287597656,391.4149169921875,118.46458435058594,82.21174621582031,44.74197769165039
2021-05-11,99.04989624023438,67.57191467285156,172.13999938964844,109.44416046142578,387.921630859375,117.79413604736328,81.17586517333984,44.6226692199707
2021-05-12,98.7029037475586,66.49323272705078,170.42999267578125,108.84903717041016,379.68017578125,116.55636596679688,79.12077331542969,43.480682373046875
2021-05-13,98.92847442626953,66.9897689819336,171.1300048828125,109.25977325439453,384.240966796875,116.73686218261719,80.1483154296875,43.4295539855957
2021-05-14,99.1540298461914,68.11125183105469,172.69000244140625,109.85492706298828,390.14117431640625,117.82853698730469,81.10067749023438,44.145423889160156
2021-05-17,99.06727600097656,67.98283386230469,174.6999969482422,109.72920989990234,389.1484680175781,117.57923126220703,81.1842041015625,44.170989990234375
2021-05-18,98.94579315185547,68.12838745117188,175.0399932861328,109.36876678466797,385.79571533203125,117.27838134765625,81.20091247558594,44.81016159057617
2021-05-19,98.80701446533203,67.52909851074219,175.16000366210938,109.17595672607422,384.7842102050781,116.99474334716797,80.94194793701172,44.69083786010742
2021-05-20,99.14531707763672,68.4194564819336,175.9600067138672,109.9219970703125,388.9237365722656,117.95745086669922,81.8525161743164,44.85277557373047
2021-05-21,99.1886978149414,68.51362609863281,176.0399932861328,109.9974594116211,388.6053161621094,118.33565521240234,81.76900482177734,44.375526428222656
2021-05-24,99.28414916992188,68.93309020996094,176.35000610351562,110.29924774169922,392.56683349609375,118.77401733398438,82.78816223144531,44.79311752319336
2021-05-25,99.52703094482422,68.95023345947266,177.9499969482422,110.71000671386719,391.69580078125,119.8742904663086,82.76310729980469,45.26184844970703
2021-05-26,99.49234771728516,68.90744018554688,177.63999938964844,110.65130615234375,392.47314453125,119.66798400878906,83.13069915771484,45.59421157836914
2021-05-27,99.3708724975586,69.03584289550781,177.7100067138672,110.31600189208984,392.67913818359375,119.1866455078125,82.93855285644531,45.67942810058594
2021-05-28,99.3708724975586,69.1985092163086,178.3800048828125,110.40824127197266,393.38165283203125,118.99749755859375,83.43978881835938,45.918060302734375
2021-06-01,99.32479858398438,69.44676971435547,177.89999389648438,110.42249298095703,393.03509521484375,118.97086334228516,84.9435043334961,46.881072998046875
2021-06-02,99.45515441894531,69.67791748046875,178.77000427246094,110.59886932373047,393.6532287597656,119.24633026123047,85.9376449584961,46.99186706542969
2021-06-03,99.2205581665039,69.33546447753906,175.27000427246094,110.162109375,392.1922302246094,118.7987060546875,85.62018585205078,46.46348190307617
2021-06-04,99.62889862060547,69.92618560791016,177.16000366210938,110.94319915771484,395.7791442871094,120.42552947998047,85.66194915771484,46.881072998046875
2021-06-07,99.55935668945312,70.15731811523438,177.8699951171875,110.85086822509766,395.3951721191406,120.05548095703125,86.67279815673828,46.69358444213867
2021-06-08,99.74182891845703,70.12309265136719,177.32000732421875,111.27083587646484,395.4794006347656,120.8990249633789,87.39124298095703,46.49757385253906
2021-06-09,99.94165802001953,69.93476104736328,176.97999572753906,111.67394256591797,394.8894348144531,121.9664077758789,87.5081787109375,46.46348190307617
2021-06-10,100.150146484375,70.12741088867188,177.74000549316406,112.17789459228516,396.7250061035156,122.6981201171875,88.13472747802734,46.78733444213867
2021-06-11,100.10668182373047,70.29228210449219,175.74000549316406,112.270263671875,397.3805847167969,122.50009155273438,87.78387451171875,46.582794189453125
2021-06-14,99.85477447509766,70.41378784179688,174.7100067138672,111.85869598388672,398.270263671875,121.56181335449219,88.12638854980469,46.77029800415039
2021-06-15,99.89820861816406,70.50055694580078,174.0500030517578,111.9427261352539,397.53985595703125,121.4155502319336,87.18238830566406,46.45496368408203
2021-06-16,99.57677459716797,70.066650390625,171.11000061035156,111.62355041503906,395.3202209472656,121.31220245361328,86.61431884765625,45.82432174682617
2021-06-17,99.8895263671875,69.5806884765625,165.85000610351562,112.2450942993164,395.1891174316406,123.12848663330078,86.5057144165039,46.0885009765625
2021-06-18,100.15882873535156,68.14012145996094,164.92999267578125,112.83302307128906,389.8578796386719,125.44397735595703,85.03539276123047,45.73057174682617
2021-06-21,99.89820861816406,69.03396606445312,166.9499969482422,112.17789459228516,395.4390563964844,123.34368133544922,86.78974151611328,45.953304290771484
2021-06-22,100.00244903564453,69.04264068603516,166.25,112.36265563964844,397.5530700683594,123.64498138427734,86.33860778808594,45.75627136230469
2021-06-23,99.95033264160156,68.60005950927734,166.13999938964844,112.18634033203125,397.073974609375,123.32644653320312,86.18824005126953,46.0218505859375
2021-06-24,99.98506927490234,69.25959014892578,166.0399932861328,112.4046630859375,399.4229736328125,123.52442932128906,86.00232696533203,46.364524841308594
2021-06-25,99.78527069091797,69.4071273803711,166.58999633789062,112.1107177734375,400.8417663574219,122.24188995361328,86.58284759521484,46.74147033691406
2021-06-28,100.07195281982422,68.96455383300781,166.5800018310547,112.58944702148438,401.6497802734375,123.49861907958984,86.3304214477539,46.85284423828125
2021-06-29,100.12406921386719,68.98189544677734,164.8300018310547,112.72383117675781,401.86590576171875,123.70521545410156,86.09486389160156,46.81857681274414
2021-06-30,100.19359588623047,68.45252227783203,165.6300048828125,112.849853515625,402.20416259765625,124.2561264038086,85.64053344726562,46.52729797363281
2021-07-01,100.13787841796875,68.61741638183594,166.1999969482422,112.75141143798828,404.4310302734375,124.26304626464844,86.0107421875,46.27885437011719
2021-07-02,100.35540771484375,68.85172271728516,167.2899932861328,113.07115173339844,407.5223083496094,125.0129165649414,86.27153778076172,46.22745132446289
2021-07-06,100.6772689819336,68.40047454833984,168.1199951171875,113.4834976196289,406.7799987792969,126.47819519042969,86.90255737304688,45.396453857421875
2021-07-07,100.85124969482422,68.77361297607422,168.75999450683594,113.87054443359375,408.217529296875,127.59864807128906,87.20542907714844,45.43928527832031
2021-07-08,100.9643325805664,67.8884506225586,168.64999389648438,113.92945861816406,404.89141845703125,128.09861755371094,86.96145629882812,44.57402420043945
2021-07-09,100.63377380371094,69.04264068603516,169.2100067138672,113.44983673095703,409.21356201171875,126.29713439941406,88.39173889160156,45.38788986206055
2021-07-12,100.57289123535156,69.33768463134766,169.0,113.39089965820312,410.6793212890625,126.1334228515625,89.14893341064453,45.4135856628418
2021-07-13,100.35540771484375,68.97322082519531,169.22000122070312,112.97015380859375,409.279296875,125.16800689697266,87.90376281738281,45.43928527832031
2021-07-14,100.69465637207031,69.12943267822266,171.0399932861328,113.49187469482422,409.89007568359375,126.59019470214844,88.5179214477539,45.66203308105469
2021-07-15,100.91217803955078,68.46989440917969,171.07000732421875,113.73594665527344,408.4901123046875,127.98651123046875,88.66097259521484,45.70486068725586
2021-07-16,100.82515716552734,67.96656036376953,169.41000366210938,113.57601165771484,405.2860412597656,127.74514770507812,88.6020736694336,45.396453857421875
2021-07-19,101.35578918457031,66.73428344726562,169.61000061035156,114.39228057861328,399.30078125,130.54644775390625,86.98670959472656,44.72822570800781
2021-07-20,101.26013946533203,67.22025299072266,169.38999938964844,114.23241424560547,405.02288818359375,129.28805541992188,89.03958129882812,44.76250457763672
2021-07-21,100.92955017089844,68.2442626953125,168.75999450683594,113.8284912109375,408.3021240234375,127.65037536621094,89.03115844726562,45.148014068603516
2021-07-22,101.16442108154297,68.27029418945312,169.08999633789062,114.29975891113281,409.1571960449219,128.8570556640625,88.32444763183594,45.216556549072266
2021-07-23,101.09484100341797,68.74758911132812,168.55999755859375,114.24922180175781,413.3666076660156,127.99513244628906,89.05640411376953,44.51405715942383
2021-07-26,101.00784301757812,68.84305572509766,168.16000366210938,113.99676513671875,414.38134765625,127.61588287353516,89.09846496582031,43.665931701660156
2021-07-27,101.24271392822266,68.56534576416016,168.44000244140625,114.48483276367188,412.49273681640625,128.977783203125,89.60327911376953,42.72355651855469
2021-07-28,101.33840942382812,68.86038208007812,169.2899932861328,114.68675994873047,412.3236083984375,128.98635864257812,89.2919692993164,43.93149948120117
2021-07-29,101.17312622070312,69.33768463134766,171.1699981689453,114.35861206054688,414.03363037109375,128.27096557617188,89.3088150024414,44.08570861816406
2021-07-30,101.31233215332031,68.98189544677734,169.82000732421875,114.45118713378906,412.02294921875,128.87432861328125,89.42658996582031,43.785865783691406
2021-08-02,101.5274887084961,69.32901763916016,169.61000061035156,114.782470703125,411.15850830078125,130.0238037109375,89.23307037353516,44.13710403442383
2021-08-03,101.56233215332031,69.82366943359375,169.49000549316406,114.90050506591797,414.5035095214844,130.0928192138672,89.34246063232422,44.24848556518555
2021-08-04,101.55362701416016,69.61540222167969,169.52999877929688,114.92577362060547,412.46453857421875,130.3603515625,89.06481170654297,44.35984802246094
2021-08-05,101.3271255493164,69.9538345336914,168.86000061035156,114.4537124633789,415.07672119140625,129.69580078125,90.10806274414062,44.2227783203125
2021-08-06,100.87410736083984,69.6935043334961,164.63999938964844,113.51801300048828,415.7625427246094,127.5298080444336,89.94823455810547,43.922935485839844
2021-08-09,100.69114685058594,69.65878295898438,161.72000122070312,113.029052734375,415.4242248535156,127.07242584228516,89.46865844726562,44.0771369934082
2021-08-10,100.56048583984375,69.81497955322266,161.77000427246094,112.77615356445312,415.9410400390625,126.48562622070312,88.61890411376953,44.23991012573242
2021-08-11,100.65631103515625,70.29228210449219,164.0,112.9532241821289,416.9746398925781,126.40796661376953,89.14054107666016,44.402687072753906
2021-08-12,100.6650161743164,70.2315444946289,164.0399932861328,113.11331176757812,418.22430419921875,126.20084381103516,89.33405303955078,44.11140441894531
2021-08-13,101.0309066772461,70.6567611694336,166.38999938964844,113.87206268310547,418.98541259765625,128.1942901611328,89.82202911376953,44.02573013305664
2021-08-16,101.08319854736328,70.29228210449219,167.22000122070312,113.93950653076172,419.9719543457031,128.5049591064453,89.71265411376953,43.67449188232422
2021-08-17,101.00479888916016,69.63274383544922,166.97000122070312,113.73716735839844,417.2188720703125,128.45315551757812,89.62010192871094,42.88632583618164
2021-08-18,101.01351165771484,69.36373901367188,167.10000610351562,113.66129302978516,412.6524658203125,128.88467407226562,88.80400848388672,42.93772888183594
2021-08-19,101.18775177001953,68.67816162109375,166.61000061035156,113.92262268066406,413.2913513183594,129.83395385742188,89.23307037353516,42.278079986572266
2021-08-20,101.19647979736328,68.94718170166016,166.6999969482422,113.99851989746094,416.5799865722656,129.92022705078125,89.67898559570312,42.278079986572266
2021-08-23,101.19647979736328,69.58936309814453,168.72999572753906,114.08280181884766,420.2445068359375,129.83395385742188,89.51073455810547,42.88632583618164
2021-08-24,101.0483627319336,69.73688507080078,168.64999389648438,113.8214340209961,420.9115295410156,128.8242645263672,89.11528015136719,43.845829010009766
2021-08-25,100.85669708251953,69.76292419433594,167.47999572753906,113.52641296386719,421.7948303222656,127.754150390625,89.05640411376953,43.88866424560547
2021-08-26,100.86541748046875,69.39845275878906,167.6699981689453,113.49268341064453,419.3048400878906,128.10797119140625,89.09005737304688,43.528846740722656
2021-08-27,101.14418029785156,70.03194427490234,170.19000244140625,114.1249771118164,423.0538635253906,128.9795379638672,90.02393341064453,44.0771369934082
2021-08-30,101.25740814208984,70.01457977294922,169.35000610351562,114.31884002685547,424.91424560546875,129.3161163330078,90.9241943359375,44.20564270019531
2021-08-31,101.10932159423828,69.97987365722656,169.69000244140625,114.05750274658203,424.28466796875,128.4359130859375,91.353271484375,44.74536895751953
2021-09-01,101.14160919189453,70.61336517333984,169.6999969482422,114.2044448852539,424.5102233886719,128.65097045898438,92.81722259521484,45.28508377075195
2021-09-02,101.246337890625,70.89973449707031,169.25,114.40708923339844,425.81622314453125,129.21270751953125,93.30518341064453,45.10517501831055
2021-09-03,101.07181549072266,71.2208480834961,171.05999755859375,113.99331665039062,425.712890625,128.03758239746094,93.322021484375,45.3107795715332
2021-09-07,100.8013687133789,71.27291107177734,167.7100067138672,113.45291137695312,424.1907043457031,126.95746612548828,92.27035522460938,45.68773651123047
2021-09-08,100.96714782714844,70.7088394165039,167.2899932861328,113.81599426269531,423.6740417480469,127.82152557373047,92.73308563232422,45.01094436645508
2021-09-09,101.28993225097656,70.58734130859375,168.02999877929688,114.5591049194336,421.8605651855469,129.36825561523438,90.8484878540039,45.0709114074707
2021-09-10,101.08928680419922,70.4311294555664,167.17999267578125,114.22978210449219,418.5344543457031,128.2276611328125,89.51915740966797,45.00236892700195
2021-09-13,101.2201156616211,70.98652648925781,167.74000549316406,114.50846099853516,419.6054382324219,129.00538635253906,90.1249008178711,45.148014068603516
2021-09-14,101.44694519042969,70.69146728515625,168.82000732421875,114.85467529296875,417.3411560058594,130.56930541992188,89.96504974365234,44.72822570800781
2021-09-15,101.35099792480469,70.89973449707031,167.8300018310547,114.71955871582031,420.8269958496094,130.11135864257812,90.25110626220703,44.71110534667969
2021-09-16,101.1764907836914,70.78693389892578,164.02999877929688,114.5591049194336,420.15985107421875,129.51513671875,90.32683563232422,44.24848556518555
2021-09-17,101.08928680419922,69.85839080810547,163.77000427246094,114.3057861328125,416.0671081542969,128.89295959472656,89.51915740966797,44.0771369934082
2021-09-20,101.28121948242188,68.56534576416016,164.94000244140625,114.66044616699219,409.1294860839844,130.49151611328125,88.97227478027344,42.87787628173828
2021-09-21,101.32484436035156,69.24224090576172,166.0399932861328,114.6520004272461,408.7430725097656,130.37918090820312,89.01434326171875,43.223731994628906
2021-09-22,101.3597412109375,69.58936309814453,165.4199981689453,114.9729232788086,412.7302551269531,131.15687561035156,89.88092041015625,43.84628677368164
2021-09-23,100.86245727539062,70.34435272216797,163.50999450683594,114.1791000366211,417.7449035644531,128.1930694580078,89.70423889160156,44.05379867553711
2021-09-24,100.68795776367188,69.68482208251953,163.3000030517578,113.93421173095703,418.4330139160156,126.94023132324219,88.74508666992188,43.56958770751953
2021-09-27,100.5483627319336,69.64144134521484,163.63999938964844,113.87509155273438,417.2359619140625,126.47357940673828,87.55142211914062,43.80304718017578
2021-09-28,100.12958526611328,68.12277221679688,162.0500030517578,112.6590805053711,408.827880859375,124.50355529785156,86.95882415771484,43.292903900146484
2021-09-29,100.19937896728516,67.96656036376953,161.32000732421875,112.6337661743164,409.5159912109375,124.71956634521484,87.61068725585938,42.94704818725586
2021-09-30,100.18192291259766,67.69754791259766,164.22000122070312,112.33818817138672,404.5107727050781,124.70226287841797,86.1630630493164,43.24102783203125
2021-10-01,100.4877700805664,67.86243438720703,164.58999633789062,113.15469360351562,409.3179931640625,125.75174713134766,87.38211822509766,43.2669677734375
2021-10-04,100.41787719726562,67.15081787109375,165.36000061035156,112.96851348876953,404.0393981933594,125.43161010742188,87.39905548095703,42.67036437988281
2021-10-05,100.18193054199219,67.61077117919922,164.58999633789062,112.50318145751953,408.2434387207031,124.22040557861328,86.79798889160156,43.076744079589844
2021-10-06,100.22563934326172,67.15950012207031,165.02999877929688,112.53697204589844,409.9401550292969,124.92119598388672,87.62760162353516,42.9124641418457
2021-10-07,99.94598388671875,67.68019104003906,164.16000366210938,112.03784942626953,413.4842834472656,123.61478424072266,87.86466979980469,43.751163482666016
2021-10-08,99.72756958007812,67.67151641845703,164.22999572753906,111.52171325683594,412.7302551269531,122.74962615966797,87.03504180908203,43.91545104980469
2021-10-11,99.57026672363281,67.4545669555664,163.9199981689453,111.31019592285156,409.7422180175781,122.43812561035156,87.25511932373047,43.79440689086914
2021-10-12,99.93727111816406,67.4892578125,164.66000366210938,112.0208969116211,408.73358154296875,124.53189849853516,88.39798736572266,43.67334747314453
2021-10-13,100.16445922851562,68.15748596191406,167.58999633789062,112.58782196044922,410.20404052734375,125.74307250976562,89.0413818359375,44.24402618408203
2021-10-14,100.35669708251953,68.8343734741211,168.0,113.12080383300781,417.1039733886719,126.21031951904297,90.12496185302734,44.31318664550781
2021-10-15,100.11200714111328,69.4071273803711,165.3300018310547,112.7146987915039,420.280517578125,125.47486877441406,90.05726623535156,44.78874206542969
2021-10-18,100.0421142578125,69.11205291748047,164.9199981689453,112.62162017822266,421.5247802734375,126.0632553100586,90.28581237792969,44.72821807861328
2021-10-19,99.75376892089844,69.52862548828125,165.4499969482422,112.00397491455078,424.77685546875,124.32417297363281,90.3281478881836,45.23835754394531
2021-10-20,99.68387603759766,69.77159881591797,166.89999389648438,111.73323059082031,426.4452209472656,123.48500061035156,91.75035858154297,45.247005462646484
2021-10-21,99.47415924072266,69.44183349609375,166.75,111.49634552001953,427.55743408203125,123.33790588378906,91.8773422241211,44.88385009765625
2021-10-22,99.6663818359375,69.85839080810547,167.77000427246094,111.94477844238281,427.11444091796875,124.69620513916016,92.3091049194336,44.771453857421875
2021-10-25,99.76248931884766,69.71952819824219,168.92999267578125,111.99547576904297,429.40496826171875,124.50586700439453,92.60538482666016,44.93572998046875
2021-10-26,99.94598388671875,69.85839080810547,167.67999267578125,112.477783203125,429.79144287109375,125.53540802001953,92.85936737060547,44.63311004638672
2021-10-27,100.27806091308594,69.5806884765625,168.1199951171875,113.16310119628906,427.88739013671875,127.81947326660156,92.07206726074219,44.39965057373047
2021-10-28,100.19940948486328,70.257568359375,168.0800018310547,112.99388122558594,432.0159912109375,127.38687896728516,93.35884094238281,44.35641860961914
2021-10-29,100.17317962646484,69.84971618652344,166.64999389648438,112.93468475341797,432.89263916015625,127.7762222290039,92.3091049194336,43.80304718017578
2021-11-01,100.1119155883789,70.52659606933594,167.52000427246094,112.73294067382812,433.6372985839844,126.8562240600586,92.76625061035156,44.22673034667969
2021-11-02,100.31320190429688,70.37905883789062,167.16000366210938,113.1652603149414,435.39056396484375,127.41930389404297,93.20645904541016,43.75981521606445
2021-11-03,100.1119155883789,70.95182037353516,165.77000427246094,112.87700653076172,438.0487365722656,126.10256958007812,93.51970672607422,44.079734802246094
2021-11-04,100.44452667236328,70.9084243774414,167.64999389648438,113.47045135498047,440.113037109375,127.42802429199219,92.63079071044922,43.98462677001953
2021-11-05,100.83831024169922,71.0125732421875,169.83999633789062,114.30123901367188,441.6400451660156,129.33375549316406,93.10486602783203,44.00191116333008
2021-11-08,100.65454864501953,71.00389862060547,170.4499969482422,114.0384521484375,442.01702880859375,129.09115600585938,93.02869415283203,44.460174560546875
2021-11-09,100.9345932006836,70.8476791381836,171.2899932861328,114.3436279296875,440.5559997558594,130.7717742919922,93.18953704833984,44.35641860961914
2021-11-10,100.25196838378906,69.98855590820312,173.14999389648438,113.17375946044922,437.0118408203125,128.38076782226562,92.75778198242188,44.2353630065918
2021-11-11,100.06817626953125,70.24021911621094,174.1199951171875,112.85160064697266,437.1532287597656,128.19032287597656,92.91016387939453,44.99626541137695
2021-11-12,100.0506820678711,70.6220474243164,174.4499969482422,112.73294067382812,440.452392578125,127.62718200683594,92.84244537353516,45.03085708618164
2021-11-15,99.68311309814453,70.49188995361328,174.17999267578125,111.87667083740234,440.6031799316406,126.02460479736328,93.49429321289062,44.94437789916992
2021-11-16,99.64810180664062,70.33568572998047,172.9199981689453,111.69020080566406,442.3470153808594,125.7040786743164,92.87630462646484,44.92708969116211
2021-11-17,99.8843994140625,70.2489013671875,174.5,112.13949584960938,441.2723388671875,126.70032501220703,93.16415405273438,44.76280975341797
2021-11-18,99.97189331054688,70.31831359863281,173.94000244140625,112.39383697509766,442.7711486816406,127.17675018310547,93.18104553222656,44.22673034667969
2021-11-19,100.1644287109375,69.71952819824219,172.61000061035156,112.81770324707031,441.97943115234375,128.51943969726562,92.63079071044922,44.14891052246094
2021-11-22,99.68311309814453,69.3116683959961,168.74000549316406,111.83432006835938,440.73516845703125,127.01213836669922,92.17365264892578,43.69064712524414
2021-11-23,99.28924560546875,69.24224090576172,167.27999877929688,111.03739929199219,441.3196105957031,125.17567443847656,92.91864776611328,43.73387908935547
2021-11-24,99.51683044433594,68.78228759765625,167.1199951171875,111.5715103149414,442.4978332519531,127.1854248046875,94.0445556640625,43.6819953918457
2021-11-26,100.22572326660156,66.93386840820312,166.85000610351562,112.47859191894531,432.62872314453125,130.39923095703125,91.4286880493164,42.40231704711914
2021-11-29,100.27821350097656,67.2723159790039,166.6199951171875,112.55487823486328,437.935546875,129.35107421875,92.1059341430664,42.46284103393555
2021-11-30,100.44452667236328,66.68221282958984,165.5,112.80073547363281,429.4144287109375,131.31752014160156,90.36201477050781,42.53201675415039
2021-12-01,100.46381378173828,66.30039978027344,166.16000366210938,112.81685638427734,424.6448669433594,132.12757873535156,88.87207794189453,42.50606918334961
2021-12-02,100.44622039794922,67.12479400634766,165.24000549316406,113.08014678955078,431.1487731933594,132.29237365722656,91.53872680664062,43.0075798034668
2021-12-03,100.84939575195312,66.84709930419922,166.6300048828125,114.0228271484375,427.3971862792969,133.87091064453125,91.23395538330078,42.41096878051758
2021-12-06,100.49884033203125,67.4892578125,166.22000122070312,113.4453125,432.4591064453125,132.03211975097656,92.83397674560547,42.68764877319336
2021-12-07,100.3410873413086,68.91246795654297,166.80999755859375,113.49629211425781,441.4043884277344,130.9653778076172,94.17153930664062,43.31019592285156
2021-12-08,100.07817840576172,69.04264068603516,166.89999389648438,112.74046325683594,442.5731506347656,128.70162963867188,94.8487777709961,43.56958770751953
2021-12-09,100.08692169189453,68.46989440917969,165.8800048828125,112.64704132080078,439.5851135253906,129.4215087890625,93.47737121582031,43.353431701660156
2021-12-10,100.11320495605469,68.61741638183594,166.5800018310547,112.77438354492188,443.72320556640625,129.1092529296875,93.76520538330078,43.431251525878906
2021-12-13,100.46381378173828,67.97467041015625,167.0,113.28398132324219,439.79254150390625,131.0174102783203,94.64561462402344,42.765472412109375
2021-12-14,100.27096557617188,67.61268615722656,165.44000244140625,112.77438354492188,436.7666931152344,130.70516967773438,93.4350357055664,42.67036437988281
2021-12-15,100.19210052490234,68.53089141845703,166.14999389648438,112.91876983642578,443.59124755859375,129.4475555419922,94.7471923828125,42.51472091674805
2021-12-16,100.32984161376953,68.53972625732422,168.16000366210938,112.9153823852539,439.679443359375,129.49789428710938,94.71332550048828,42.62712478637695
2021-12-17,100.4526596069336,67.67447662353516,167.8000030517578,113.17913055419922,434.99993896484375,130.96536254882812,94.59481811523438,42.3331413269043
2021-12-20,100.30352783203125,67.52439880371094,167.08999633789062,112.68563842773438,430.37445068359375,129.98416137695312,93.85832214355469,41.746376037597656
2021-12-21,100.22451782226562,68.27484893798828,167.02000427246094,112.90686798095703,438.0174560546875,129.48919677734375,94.91651153564453,42.45364761352539
2021-12-22,100.31230163574219,68.9105453491211,168.58999633789062,113.0855484008789,442.3970947265625,130.08836364746094,95.89006805419922,42.68939208984375
2021-12-23,100.1894760131836,69.31669616699219,168.97000122070312,112.9153823852539,445.1496887207031,128.95960998535156,95.78845977783203,42.94261932373047
2021-12-27,100.24211883544922,69.85525512695312,169.3699951171875,113.24722290039062,451.4494934082031,129.27218627929688,97.41461181640625,43.08232498168945
2021-12-28,100.19822692871094,69.88172912597656,168.63999938964844,113.10258483886719,451.0805969238281,128.75982666015625,97.77350616455078,42.93389129638672
2021-12-29,99.89994049072266,69.85525512695312,168.58999633789062,112.48139190673828,451.6576232910156,127.353271484375,98.43148803710938,42.750518798828125
2021-12-30,100.11929321289062,69.672119140625,169.8000030517578,112.93238067626953,450.40899658203125,128.4211883544922,98.85874938964844,43.30061721801758
2021-12-31,100.0842056274414,69.61017608642578,170.9600067138672,112.76224517822266,449.27386474609375,128.6730499267578,99.13218688964844,43.187110900878906
2022-01-03,99.39990234375,70.0614013671875,168.3300018310547,111.56243896484375,451.8751220703125,125.29536437988281,98.35457611083984,43.49271774291992
2022-01-04,99.39112091064453,70.45950317382812,169.57000732421875,111.65603637695312,451.7237548828125,124.77436828613281,98.23494720458984,43.31808853149414
2022-01-05,99.08403778076172,69.84021759033203,169.05999755859375,111.00082397460938,443.0497741699219,124.09712219238281,95.4236068725586,42.67193603515625
2022-01-06,98.97875213623047,69.486328125,166.99000549316406,110.85619354248047,442.6335144042969,124.41838073730469,95.50904846191406,42.91642761230469
2022-01-07,98.68925476074219,69.6897964477539,167.75,110.37967681884766,440.8836364746094,123.52401733398438,94.87670135498047,43.13471984863281
2022-01-10,98.60150909423828,69.0439682006836,168.25999450683594,110.27758026123047,440.3349609375,123.82792663574219,94.32982635498047,43.22203826904297
2022-01-11,98.78575134277344,69.79597473144531,170.2899932861328,110.60942840576172,444.34564208984375,124.65278625488281,94.47509002685547,44.06027603149414
2022-01-12,98.78575134277344,70.47721862792969,170.74000549316406,110.53282928466797,445.5469665527344,124.1752700805664,94.58616638183594,44.73261642456055
2022-01-13,98.96121215820312,69.96407318115234,170.16000366210938,110.88172149658203,439.40789794921875,125.27793884277344,94.39820098876953,44.173789978027344
2022-01-14,98.40851593017578,69.89330291748047,169.6699981689453,109.90319061279297,439.58770751953125,123.38511657714844,93.5436782836914,44.261112213134766
2022-01-18,97.81192779541016,68.86701202392578,169.38999938964844,108.85653686523438,431.802734375,121.64850616455078,92.56097412109375,43.606231689453125
2022-01-19,98.02249145507812,68.8050765991211,172.0800018310547,109.02674865722656,427.319091796875,122.49075317382812,91.3133773803711,43.78086471557617
2022-01-20,98.07514190673828,68.46887969970703,171.64999389648438,108.96714782714844,422.5894775390625,123.24613189697266,90.1427001953125,44.05154800415039
2022-01-21,98.46114349365234,67.53992462158203,171.08999633789062,109.6819076538086,414.2937927246094,124.71363830566406,89.92052459716797,43.36174392700195
2022-01-24,98.34707641601562,66.86753845214844,172.02999877929688,109.34156036376953,416.05316162109375,123.68902587890625,90.09142303466797,42.78544616699219
2022-01-25,98.2506103515625,66.46056365966797,172.5800018310547,109.03524017333984,410.9736022949219,123.48928833007812,89.73252868652344,42.77671813964844
2022-01-26,97.69788360595703,66.20399475097656,169.7899932861328,108.29495239257812,409.94256591796875,121.99583435058594,88.33113098144531,42.331398010253906
2022-01-27,98.02249145507812,65.89434051513672,167.60000610351562,108.5417251586914,407.91827392578125,124.23603057861328,86.86991882324219,41.9559326171875
2022-01-28,98.0926742553711,66.11551666259766,167.10000610351562,108.66088104248047,418.0491027832031,124.27944946289062,89.68125915527344,42.025787353515625
2022-01-31,98.08391571044922,67.07987213134766,168.08999633789062,108.71192932128906,425.57861328125,123.63685607910156,90.78359985351562,43.370479583740234
2022-02-01,98.04963684082031,67.71686553955078,168.22999572753906,108.89264678955078,428.4542236328125,123.22650909423828,90.45886993408203,43.62369155883789
2022-02-02,98.15506744384766,68.22116088867188,168.83999633789062,108.9011459350586,432.61627197265625,123.6438980102539,91.61246490478516,43.54511260986328
2022-02-03,97.75968170166016,67.14179992675781,168.60000610351562,108.02307891845703,422.4476318359375,122.6787109375,90.63831329345703,43.17837905883789
2022-02-04,97.14469909667969,67.30103302001953,168.86000061035156,106.94889831542969,424.43402099609375,120.87010955810547,89.74107360839844,43.204566955566406
2022-02-07,97.23255920410156,67.41605377197266,170.11000061035156,107.14498901367188,423.072021484375,120.94841766357422,89.61289978027344,43.204566955566406
2022-02-08,96.93386840820312,67.76110076904297,170.6300048828125,106.7442855834961,426.55291748046875,120.13978576660156,89.19416809082031,43.59749984741211
2022-02-09,96.9953384399414,68.85816192626953,171.2100067138672,107.10234069824219,432.7959289550781,120.36579895019531,91.21084594726562,44.24365234375
2022-02-10,96.0992202758789,67.98228454589844,170.55999755859375,105.64452362060547,425.02056884765625,118.45291900634766,89.0574722290039,43.99915313720703
2022-02-11,96.73178100585938,66.95600891113281,173.80999755859375,106.42884826660156,416.6396179199219,120.20933532714844,88.24566650390625,43.31808853149414
2022-02-14,96.16946411132812,66.52249145507812,174.74000549316406,105.4825439453125,415.2774963378906,118.71380615234375,87.44242858886719,42.99501419067383
2022-02-15,96.01133728027344,67.74340057373047,173.0800018310547,104.95398712158203,421.9747009277344,117.36598205566406,88.22858428955078,43.97296142578125
2022-02-16,96.12557983398438,67.99998474121094,174.86000061035156,105.10746002197266,422.4476318359375,118.0616455078125,88.6387710571289,44.30476760864258
2022-02-17,96.3276138305664,66.9029312133789,177.25,105.1841812133789,413.4235534667969,118.93982696533203,87.69877624511719,43.72848129272461
2022-02-18,96.52967834472656,66.61980438232422,177.1199951171875,105.43992614746094,410.7466125488281,120.19194030761719,87.16899108886719,43.38793182373047
2022-02-22,96.42425537109375,65.84125518798828,177.49000549316406,105.30350494384766,406.3385925292969,120.50495910644531,86.85283660888672,42.71559143066406
2022-02-23,95.9937515258789,65.30155944824219,178.2899932861328,104.34867858886719,399.1307067871094,118.84417724609375,85.417236328125,42.32266616821289
2022-02-24,96.16946411132812,64.42568969726562,177.13999938964844,104.84315490722656,405.1373291015625,118.92247772216797,86.85283660888672,41.46695327758789
2022-02-25,96.26611328125,66.03589630126953,176.5500030517578,105.2694320678711,414.0762023925781,119.00936889648438,88.94636535644531,42.2353515625
2022-02-28,96.96019744873047,64.77958679199219,178.3800048828125,106.39476013183594,413.0167236328125,121.61790466308594,87.62187957763672,41.75510787963867
2022-03-01,97.50657653808594,63.36402130126953,181.6199951171875,106.75867462158203,406.7264709472656,123.02399444580078,87.16044616699219,41.18754196166992
2022-03-02,96.33633422851562,64.1602783203125,179.72999572753906,105.1355209350586,414.2087097167969,118.81875610351562,88.79257202148438,41.318519592285156
2022-03-03,96.66192626953125,62.895111083984375,180.8000030517578,105.51995086669922,412.14654541015625,120.02898406982422,89.51890563964844,40.74222946166992
2022-03-04,97.04906463623047,61.07258224487305,183.67999267578125,105.62247467041016,408.7980041503906,122.10113525390625,89.92906188964844,39.973838806152344
2022-03-07,96.4859390258789,59.13502883911133,186.41000366210938,104.341064453125,396.7469177246094,121.16949462890625,88.15167999267578,38.55928421020508
2022-03-08,96.142822265625,59.648170471191406,191.50999450683594,103.71743774414062,393.7389831542969,119.95063781738281,87.72442626953125,38.72520446777344
2022-03-09,95.9404525756836,62.14309310913086,185.82000732421875,103.89686584472656,404.2954406738281,118.77520751953125,89.07455444335938,39.70315170288086
2022-03-10,95.4036865234375,61.39993667602539,186.39999389648438,102.70939636230469,402.46978759765625,117.06873321533203,89.29673767089844,39.09192657470703
2022-03-11,95.38612365722656,60.73638916015625,185.08999633789062,102.66669464111328,397.3523864746094,117.46052551269531,88.58748626708984,38.297340393066406
2022-03-14,94.46228790283203,61.29376220703125,182.3000030517578,101.18026733398438,394.44842529296875,114.71796417236328,87.89533233642578,37.38051223754883
2022-03-15,94.67341613769531,61.877689361572266,178.88999938964844,101.9747085571289,403.1224060058594,114.5177001953125,88.48493957519531,37.36305236816406
2022-03-16,94.74380493164062,64.09833526611328,180.00999450683594,102.84607696533203,412.0614013671875,115.64085388183594,89.53600311279297,40.27071762084961
2022-03-17,94.90219116210938,64.63801574707031,180.88999938964844,103.85413360595703,417.2167053222656,114.77888488769531,90.92031860351562,39.973838806152344
2022-03-18,95.11333465576172,65.26617431640625,179.3000030517578,104.05917358398438,421.786376953125,116.1806869506836,90.92031860351562,40.6025276184082
2022-03-21,94.18070220947266,64.85919952392578,180.6699981689453,102.61546325683594,421.66302490234375,113.49034881591797,90.3648910522461,40.08935546875
2022-03-22,93.92554473876953,65.46967315673828,179.36000061035156,102.36768341064453,426.59710693359375,112.03629302978516,90.5955810546875,40.71110153198242
2022-03-23,94.31269073486328,64.62033081054688,181.80999755859375,102.65814971923828,421.10321044921875,114.49153900146484,89.57916259765625,40.430885314941406
2022-03-24,94.10150146484375,65.22193908691406,183.1300048828125,102.70085906982422,427.4510803222656,113.59480285644531,90.14624786376953,40.67607879638672
2022-03-25,93.35364532470703,65.25733184814453,182.3800048828125,101.88932800292969,429.5385437011719,112.01887512207031,91.27178192138672,40.36083221435547
2022-03-28,93.58240509033203,65.04499816894531,179.05999755859375,102.45314025878906,432.59381103515625,112.97659301757812,92.24266815185547,40.49217987060547
2022-03-29,94.02234649658203,66.48709869384766,179.13999938964844,103.3159408569336,437.9454040527344,113.82987976074219,94.94914245605469,41.11392593383789
2022-03-30,94.27749633789062,66.21283721923828,180.5800018310547,103.55513763427734,435.2411804199219,114.71796417236328,94.26176452636719,41.061378479003906
2022-03-31,94.23348999023438,65.11576843261719,180.64999389648438,103.3159408569336,428.542236328125,114.99657440185547,93.11045837402344,40.39585494995117
2022-04-01,94.06608581542969,65.72624969482422,179.5,103.66265869140625,429.7568359375,115.43431854248047,94.92332458496094,41.166465759277344
2022-04-04,94.14535522460938,65.99166870117188,180.3699951171875,104.02222442626953,433.4383544921875,114.63206481933594,94.45938110351562,41.88453674316406
2022-04-05,93.19371795654297,65.09808349609375,179.24000549316406,102.19876098632812,427.9634704589844,112.04224395751953,93.99541473388672,41.14895248413086
2022-04-06,92.95577239990234,64.31951141357422,179.66000366210938,101.59949493408203,423.6841125488281,111.1353988647461,95.11236572265625,40.69358825683594
2022-04-07,92.75312042236328,64.4610824584961,180.33999633789062,101.128662109375,425.8189697265625,110.2982406616211,94.1672592163086,40.39585494995117
2022-04-08,92.28608703613281,64.48761749267578,181.47000122070312,100.33247375488281,424.680419921875,109.1036376953125,94.3218994140625,40.47467803955078
2022-04-11,91.88955688476562,63.80638885498047,182.3699951171875,99.3565673828125,417.4216003417969,107.37708282470703,93.30805206298828,39.966758728027344
2022-04-12,92.18034362792969,63.328636169433594,183.77000427246094,99.42503356933594,415.8750305175781,107.22885131835938,93.17057800292969,39.80913162231445
2022-04-13,92.3653793334961,64.0098648071289,184.64999389648438,99.93871307373047,420.6382751464844,107.44686889648438,93.83216094970703,40.23822784423828
2022-04-14,91.61639404296875,63.71791076660156,184.0399932861328,98.77440643310547,415.40057373046875,105.29303741455078,93.42835235595703,39.80038070678711
2022-04-18,91.33438873291016,63.34633255004883,184.61000061035156,98.0211181640625,415.5713195800781,104.76983642578125,93.05030822753906,39.633995056152344
2022-04-19,90.77925109863281,63.64714050292969,181.82000732421875,97.24205780029297,422.27978515625,103.98503112792969,95.0779800415039,39.432586669921875
2022-04-20,91.29915618896484,64.07180786132812,182.7100067138672,98.25222778320312,421.9666748046875,106.07783508300781,96.65888977050781,39.17864227294922
2022-04-21,90.79690551757812,63.3817138671875,182.05999755859375,97.20781707763672,415.6567077636719,105.29303741455078,95.98872375488281,38.46932601928711
2022-04-22,90.70877838134766,62.346595764160156,180.2899932861328,97.09650421142578,404.2514343261719,104.63031005859375,94.30472564697266,38.16283416748047
2022-04-25,91.31678009033203,62.04578399658203,177.0500030517578,98.17520141601562,406.59521484375,105.6767578125,94.06416320800781,37.768760681152344
2022-04-26,91.59876251220703,60.31171798706055,177.32000732421875,98.12383270263672,394.8197937011719,106.74054718017578,92.5176010131836,37.00691223144531
2022-04-27,91.22866821289062,60.58598709106445,175.97999572753906,97.18213653564453,395.9299621582031,105.37149047851562,91.9075927734375,37.52356719970703
2022-04-28,91.19343566894531,61.44416809082031,176.92999267578125,97.47319030761719,405.93096923828125,105.52847290039062,93.60018157958984,38.013954162597656
2022-04-29,90.64708709716797,60.727535247802734,176.91000366210938,96.3945541381836,390.9295349121094,104.15946197509766,89.30423736572266,38.040225982666016
2022-05-02,90.15364837646484,60.57714080810547,173.6300048828125,95.82310485839844,393.28271484375,102.35397338867188,87.14765930175781,37.961421966552734
2022-05-03,90.35667419433594,61.02834701538086,174.08999633789062,96.44086456298828,395.0854797363281,103.04399108886719,88.2302474975586,38.25040054321289
2022-05-04,90.93927001953125,62.09886932373047,175.8000030517578,97.3846664428711,407.1169738769531,103.61178588867188,89.24409484863281,38.62694549560547
2022-05-05,90.03885650634766,60.09938430786133,175.1300048828125,95.89178466796875,392.6470031738281,100.77301025390625,86.8641357421875,37.225830078125
2022-05-06,89.65931701660156,59.51546096801758,175.4199981689453,95.07662963867188,390.3032531738281,99.2880630493164,85.8331069946289,36.71792984008789
2022-05-09,90.10069274902344,57.71947479248047,172.8800048828125,95.4112548828125,377.80682373046875,100.16154479980469,82.05267333984375,35.7283935546875
2022-05-10,90.37433624267578,58.15298843383789,171.4199981689453,95.81452941894531,378.67974853515625,101.06995391845703,80.55767059326172,35.877262115478516
2022-05-11,90.70977020263672,57.80794906616211,172.82000732421875,96.26068878173828,372.6640319824219,103.01781463623047,80.38583374023438,35.623313903808594
2022-05-12,90.87747955322266,57.666385650634766,170.1699981689453,96.30360412597656,372.2749328613281,102.82566833496094,81.0130386352539,35.448177337646484
2022-05-13,90.48906707763672,59.267738342285156,168.7899932861328,95.79736328125,381.17523193359375,101.30580139160156,83.15243530273438,36.32387161254883
2022-05-16,90.692138671875,59.32083511352539,170.39999389648438,95.92609405517578,379.6285705566406,101.20100402832031,82.62831115722656,36.245052337646484
2022-05-17,90.19775390625,60.42673110961914,169.3300018310547,95.3769302368164,387.4377136230469,99.97811126708984,83.75386047363281,37.07695770263672
2022-05-18,90.5597152709961,58.9846305847168,169.4199981689453,95.72872924804688,371.81951904296875,102.10939025878906,81.32235717773438,36.271324157714844
2022-05-19,90.78919982910156,59.55084991455078,171.91000366210938,95.98613739013672,369.5422668457031,102.35397338867188,80.96149444580078,36.79674530029297
2022-05-20,91.0628662109375,59.95782470703125,172.02999877929688,96.45804595947266,369.7035827636719,103.51568603515625,81.47700500488281,36.936851501464844
2022-05-23,90.76274871826172,60.975257873535156,172.8300018310547,96.11481475830078,376.6206970214844,101.8123779296875,82.422119140625,37.19955825805664
2022-05-24,91.46006774902344,60.87794876098633,174.1300048828125,97.3760986328125,373.7457275390625,103.82139587402344,83.1180648803711,36.53403854370117
2022-05-25,91.83969116210938,60.89564514160156,173.0800018310547,98.37999725341797,377.0477294921875,104.23194122314453,83.82259368896484,36.73543930053711
2022-05-26,91.76905059814453,61.568031311035156,172.75999450683594,98.40573120117188,384.5816345214844,103.76026916503906,83.92568969726562,37.287132263183594
2022-05-27,91.91910552978516,62.31120300292969,172.85000610351562,98.92051696777344,394.02276611328125,104.01358795166016,86.1767807006836,37.68995666503906
2022-05-31,91.33649444580078,61.939613342285156,171.13999938964844,98.19124603271484,391.81195068359375,101.8123779296875,85.11997985839844,38.21536636352539
2022-06-01,90.9615707397461,61.284908294677734,172.22999572753906,97.61839294433594,388.6427307128906,101.696044921875,84.4154281616211,37.961421966552734
2022-06-02,91.07653045654297,62.55891418457031,174.35000610351562,97.66142272949219,396.04388427734375,101.74854278564453,85.57534790039062,38.644466400146484
2022-06-03,90.92620086669922,61.66535186767578,172.5800018310547,97.35179138183594,389.5441589355469,101.52977752685547,84.43262481689453,38.040225982666016
2022-06-06,90.36907196044922,61.9130744934082,171.82000732421875,96.66374206542969,390.73028564453125,99.65721893310547,84.16626739501953,38.25040054321289
2022-06-07,90.7139663696289,62.09886932373047,172.94000244140625,97.17975616455078,394.4783020019531,100.73348999023438,85.3261947631836,38.443058013916016
2022-06-08,90.34253692626953,61.23183822631836,172.77999877929688,96.62071228027344,390.18939208984375,99.84097290039062,83.3586196899414,38.583168029785156
2022-06-09,90.24525451660156,59.9459228515625,172.22999572753906,95.9842758178711,380.90948486328125,100.1734619140625,81.38249969482422,37.751258850097656
2022-06-10,89.54664611816406,58.499046325683594,174.5399932861328,95.05537414550781,369.86480712890625,99.55223846435547,79.57820129394531,37.45351791381836
2022-06-13,88.0786361694336,56.5638427734375,169.92999267578125,92.86221313476562,355.82171630859375,96.4283218383789,75.60015106201172,36.236297607421875
2022-06-14,87.55690002441406,56.030311584472656,168.57000732421875,92.38056182861328,354.74951171875,95.21206665039062,75.02449035644531,36.761714935302734
2022-06-15,88.52967834472656,57.07929229736328,170.77000427246094,93.82548522949219,359.80694580078125,96.98834991455078,76.8030014038086,37.30465316772461
2022-06-16,88.74189758300781,55.82231903076172,172.69000244140625,93.92870330810547,347.8988037109375,97.7583999633789,74.78392028808594,36.13997268676758
2022-06-17,88.73304748535156,55.596248626708984,171.27000427246094,94.11788940429688,348.64874267578125,98.07339477539062,75.35095977783203,36.29759979248047
2022-06-21,88.37932586669922,56.43724822998047,170.6300048828125,93.17182922363281,357.425537109375,96.41084289550781,76.39920043945312,36.87632369995117
2022-06-22,89.13101196289062,56.057437896728516,171.30999755859375,93.85128021240234,356.777587890625,99.06221771240234,77.37007904052734,36.26759719848633
2022-06-23,89.50241088867188,55.994136810302734,170.25999450683594,94.57374572753906,360.2748107910156,99.8759765625,78.84002685546875,36.44404220581055
2022-06-24,89.3609390258789,57.667091369628906,170.08999633789062,94.68556213378906,371.7293395996094,98.493408203125,80.51746368408203,37.22038650512695
2022-06-27,88.96298217773438,57.42293167114258,169.89999389648438,93.81686401367188,370.3094787597656,97.65339660644531,80.39641571044922,37.246856689453125
2022-06-28,88.99835205078125,57.034080505371094,169.6199951171875,93.79106903076172,362.7429504394531,98.1084213256836,79.41934967041016,36.999839782714844
2022-06-29,89.51126861572266,56.817054748535156,169.49000549316406,94.35015106201172,362.4476013183594,99.63973236083984,78.92647552490234,36.90278625488281
2022-06-30,89.91806030273438,56.50959014892578,168.4600067138672,94.63394927978516,359.5029296875,100.5147476196289,78.77947998046875,36.74399185180664
2022-07-01,90.66757202148438,56.64523696899414,168.32000732421875,95.83012390136719,363.3052673339844,101.54670715332031,80.19751739501953,36.523441314697266
2022-07-05,90.83589172363281,55.4334716796875,164.75,95.80423736572266,363.99139404296875,102.34453582763672,79.97273254394531,36.2323112487793
2022-07-06,90.22459411621094,55.47869110107422,162.13999938964844,95.32991027832031,365.2206726074219,100.6260986328125,79.82572937011719,35.98529815673828
2022-07-07,90.02084350585938,56.31968688964844,162.22999572753906,95.32130432128906,370.690673828125,99.7405776977539,80.04188537597656,36.735172271728516
2022-07-08,89.68417358398438,56.38298797607422,162.3000030517578,95.16604614257812,370.3857116699219,98.63582611083984,79.61820220947266,36.64695739746094
2022-07-11,90.10055541992188,55.46965026855469,161.42999267578125,95.43339538574219,366.1546325683594,100.33678436279297,79.44525909423828,35.738277435302734
2022-07-12,90.22459411621094,55.460601806640625,160.8300018310547,95.57140350341797,362.9145202636719,100.9329605102539,79.13397979736328,35.60594940185547
2022-07-13,90.5523910522461,55.4334716796875,161.60000610351562,96.28718566894531,361.0086669921875,102.09028625488281,78.7535400390625,35.500083923339844
2022-07-14,90.23345184326172,54.65577697753906,159.3300018310547,95.67486572265625,360.1318359375,101.25736999511719,78.04451751708984,35.26188278198242
2022-07-15,90.58780670166016,55.523902893066406,159.00999450683594,96.44242095947266,367.01226806640625,101.82726287841797,79.36746215820312,35.38539505004883
2022-07-18,90.29545593261719,55.74998092651367,159.16000366210938,95.76972961425781,363.9818420410156,100.7663803100586,78.80542755126953,35.55302047729492
2022-07-19,90.17144012451172,57.269203186035156,159.5399932861328,96.03709411621094,373.8163757324219,100.2227783203125,80.84603118896484,36.055870056152344
2022-07-20,90.10943603515625,56.889400482177734,158.0399932861328,95.93360900878906,376.19873046875,100.4858169555664,80.65581512451172,35.90589141845703
2022-07-21,90.86250305175781,57.47718811035156,160.27000427246094,97.24445343017578,380.0296325683594,102.2218017578125,81.29563903808594,36.34700393676758
2022-07-22,91.57125091552734,57.33250427246094,160.6699981689453,97.9947280883789,376.50372314453125,103.94024658203125,81.71934509277344,35.976470947265625
2022-07-25,91.23455810546875,57.77560806274414,160.22999572753906,97.16682434082031,376.9610900878906,102.9231948852539,81.85768127441406,36.14409255981445
2022-07-26,91.21683502197266,56.97078323364258,160.0399932861328,97.14958953857422,372.5013122558594,103.00210571289062,81.94412994384766,35.80003356933594
2022-07-27,91.5357894897461,58.31818389892578,161.6699981689453,97.79635620117188,382.1737976074219,102.42345428466797,82.43699645996094,36.505794525146484
2022-07-28,92.19139862060547,58.616607666015625,163.63999938964844,98.60702514648438,386.9671630859375,103.23882293701172,85.10881042480469,36.620487213134766
2022-07-29,92.20024108886719,59.43048095703125,164.10000610351562,98.83987426757812,392.608642578125,102.95828247070312,85.56709289550781,36.45286560058594
2022-08-01,92.5197982788086,59.51184844970703,165.02999877929688,99.03527069091797,391.446044921875,105.43787384033203,84.87535858154297,36.2323112487793
2022-08-02,91.56999969482422,58.562347412109375,164.0500030517578,97.82498931884766,388.8635559082031,103.20687866210938,83.78589630126953,36.02058029174805
2022-08-03,91.97832489013672,58.905975341796875,164.4499969482422,98.88829040527344,394.9529113769531,104.83181762695312,84.05391693115234,36.21467208862305
2022-08-04,92.20024108886719,59.204402923583984,167.1699981689453,99.04391479492188,394.6861267089844,104.79667663574219,83.9242172241211,36.51462173461914
2022-08-05,91.17056274414062,58.78841781616211,165.2899932861328,97.7039566040039,394.0190734863281,102.30215454101562,84.1576919555664,36.505794525146484
2022-08-08,91.58776092529297,58.924072265625,166.69000244140625,98.09298706054688,393.5616149902344,103.95343017578125,84.90995025634766,36.58519744873047
2022-08-09,91.38359069824219,58.6075553894043,167.1999969482422,97.65210723876953,391.9988098144531,103.54940795898438,85.37686920166016,36.505794525146484
2022-08-10,91.61438751220703,59.92783737182617,166.77999877929688,98.57709503173828,400.2322998046875,102.87307739257812,86.67387390136719,36.96455383300781
2022-08-11,91.12617492675781,59.90974807739258,166.33999633789062,97.62615966796875,400.2322998046875,100.47518920898438,86.4663314819336,37.1409912109375
2022-08-12,91.53453826904297,60.370948791503906,167.8699951171875,98.7586441040039,407.0079040527344,101.49406433105469,87.95356750488281,37.52915573120117
2022-08-15,91.64990997314453,60.00922393798828,165.7100067138672,98.6894760131836,408.68505859375,101.40621948242188,88.30805206298828,37.38801193237305
2022-08-16,91.51676940917969,59.99113082885742,165.4199981689453,98.30909729003906,409.48553466796875,101.82783508300781,88.07461547851562,37.4056510925293
2022-08-17,90.97529602050781,59.51184844970703,164.35000610351562,97.38410186767578,406.5789794921875,100.76502227783203,87.54718017578125,37.31742858886719
2022-08-18,91.17056274414062,59.31291198730469,163.9199981689453,97.63479614257812,407.7607116699219,100.91434478759766,86.96783447265625,37.07923126220703
2022-08-19,90.53144073486328,58.499046325683594,162.72000122070312,96.47639465332031,402.28125,99.2894058227539,86.05130004882812,36.66459655761719
2022-08-22,90.1408920288086,57.50432205200195,161.63999938964844,95.82803344726562,393.9046325683594,98.95561218261719,84.17498779296875,36.408756256103516
2022-08-23,90.10540008544922,57.53144836425781,162.77000427246094,95.93177032470703,392.95172119140625,98.4110336303711,83.0941390991211,36.638126373291016
2022-08-24,89.8657455444336,57.603790283203125,163.25,95.64649200439453,394.2096252441406,97.69078063964844,83.56970977783203,36.66459655761719
2022-08-25,90.36280822753906,58.2368049621582,163.75,96.63198852539062,399.77496337890625,99.05221557617188,84.81482696533203,37.34389877319336
2022-08-26,90.19416809082031,56.70853042602539,161.75999450683594,96.05276489257812,386.2429504394531,99.79884338378906,82.67912292480469,36.849857330322266
2022-08-29,89.75920867919922,56.58193588256836,161.86000061035156,95.34391021728516,383.68902587890625,98.97318267822266,81.93550872802734,36.67341613769531
2022-08-30,89.87461853027344,56.174991607666016,160.50999450683594,95.46492767333984,379.4769592285156,99.21913146972656,80.80280303955078,36.2323112487793
2022-08-31,89.39527130126953,55.79519271850586,159.27000427246094,94.46212768554688,376.5894775390625,98.2704849243164,80.42233276367188,36.28525161743164
2022-09-01,89.00745391845703,55.04462814331055,157.8699951171875,93.89344787597656,377.7710876464844,96.47136688232422,80.5693359375,36.11762237548828
2022-09-02,89.26541137695312,54.68290710449219,159.25999450683594,93.96281433105469,373.7878112792969,97.01708221435547,79.44525909423828,35.826499938964844
2022-09-06,88.42931365966797,54.547264099121094,158.3300018310547,92.68846893310547,372.3774108886719,94.61406707763672,80.1629409790039,35.51772689819336
2022-09-07,89.04303741455078,55.02654266357422,159.94000244140625,93.95413208007812,379.0671081542969,96.11043548583984,81.72797393798828,35.81767654418945
2022-09-08,88.75843048095703,55.062705993652344,158.97999572753906,93.73744201660156,381.54486083984375,95.1246109008789,81.95278930664062,35.711814880371094
2022-09-09,88.74952697753906,56.46437454223633,159.82000732421875,93.95413208007812,387.4722595214844,95.33586120605469,82.84339141845703,36.18820571899414
2022-09-12,88.6160888671875,57.25111770629883,160.6300048828125,93.7460708618164,391.6366271972656,94.55245208740234,83.64752960205078,36.74399185180664
2022-09-13,88.11801147460938,55.26165771484375,158.5399932861328,93.06990051269531,374.60736083984375,94.77252960205078,80.44828033447266,35.5794792175293
2022-09-14,88.23362731933594,55.4425163269043,157.92999267578125,93.51202392578125,376.0367736816406,95.09822082519531,79.53174591064453,35.755916595458984
2022-09-15,87.96680450439453,54.95419692993164,154.97999572753906,93.06124877929688,371.7675476074219,95.03657531738281,78.06180572509766,35.44715118408203
2022-09-16,87.90457153320312,54.619606018066406,155.83999633789062,92.84452819824219,368.931396484375,94.24440002441406,78.0704574584961,34.997222900390625
2022-09-19,87.77114868164062,54.80950927734375,155.9600067138672,93.00054931640625,371.7923583984375,94.46443939208984,77.95805358886719,35.13938522338867
2022-09-20,87.37976837158203,53.87808609008789,155.07000732421875,92.07299041748047,367.52471923828125,93.52262115478516,76.06444549560547,35.01420593261719
2022-09-21,87.65550231933594,53.172725677490234,155.7899932861328,92.41973114013672,361.1137390136719,95.08939361572266,74.862548828125,34.433021545410156
2022-09-22,86.72157287597656,53.01899719238281,155.6999969482422,91.11940002441406,358.0804138183594,92.66001892089844,73.91143035888672,34.33467102050781
2022-09-23,86.45474243164062,51.32795715332031,153.00999450683594,90.85930633544922,352.080810546875,93.03853607177734,72.92901611328125,33.54783248901367
2022-09-26,85.34292602539062,50.5683479309082,151.22999572753906,89.28157806396484,348.5978088378906,91.26048278808594,70.8837890625,33.082881927490234
2022-09-27,84.97824096679688,50.22471618652344,151.5399932861328,87.9378890991211,347.7079162597656,88.85749816894531,69.93983459472656,33.064998626708984
2022-09-28,86.34798431396484,51.43647766113281,154.69000244140625,89.70637512207031,354.5495300292969,91.83263397216797,71.3907241821289,33.32429885864258
2022-09-29,85.89436340332031,50.83060073852539,154.66000366210938,89.03884887695312,347.14337158203125,91.35729217529297,69.29305267333984,32.67158508300781
2022-09-30,85.6898193359375,50.64973449707031,154.6699981689453,88.81344604492188,341.7753601074219,90.17781066894531,70.07093048095703,32.62688446044922
2022-10-03,86.38599395751953,51.653507232666016,158.42999267578125,90.4564437866211,350.798583984375,91.61071014404297,71.32080841064453,33.127593994140625
2022-10-04,86.61776733398438,53.72434997558594,160.6999969482422,90.87394714355469,361.668701171875,91.35482025146484,72.76295471191406,34.05748748779297
2022-10-05,86.16315460205078,53.15464401245117,159.80999755859375,90.18683624267578,360.8266296386719,90.48133850097656,71.33828735351562,34.12007522583008
2022-10-06,85.82440948486328,52.22321701049805,159.6300048828125,89.97806549072266,357.1044006347656,89.97842407226562,69.35424041748047,33.878662109375
2022-10-07,85.36978912353516,51.391265869140625,157.8800048828125,89.08222198486328,347.14337158203125,89.10490417480469,67.68484497070312,33.20805740356445
2022-10-10,84.98648834228516,51.10188293457031,155.47999572753906,88.28199768066406,344.4927978515625,87.71968841552734,67.04678344726562,32.75205612182617
2022-10-11,85.03997039794922,50.54122543334961,155.16000366210938,88.09937286376953,342.31121826171875,88.10789489746094,67.72853088378906,32.24239730834961
2022-10-12,85.11128997802734,50.378440856933594,155.99000549316406,87.9949722290039,341.1820373535156,88.54023742675781,67.02056884765625,32.23345947265625
2022-10-13,84.84388732910156,51.418392181396484,154.91000366210938,88.15155029296875,350.1862487792969,87.69322967529297,68.24421691894531,32.35863494873047
2022-10-14,84.38031768798828,50.64973449707031,152.97999572753906,87.307861328125,342.2059631347656,86.96971130371094,66.54859161376953,31.884750366210938
2022-10-17,84.55863189697266,51.89766311645508,153.4199981689453,87.72537231445312,350.9996032714844,86.54620361328125,69.05706787109375,32.69840621948242
2022-10-18,84.70124053955078,52.268428802490234,153.75,88.24720001220703,355.1236877441406,86.7491455078125,69.80873107910156,32.70734786987305
2022-10-19,83.97029113769531,51.62638473510742,151.69000244140625,87.03823852539062,352.6070861816406,85.1697998046875,68.06941223144531,32.13509750366211
2022-10-20,83.4621810913086,51.50882339477539,151.4499969482422,86.2815170288086,349.650390625,83.71395874023438,67.77224731445312,32.38546371459961
2022-10-21,83.58699035644531,52.44025421142578,154.14999389648438,86.52509307861328,358.14739990234375,82.2052001953125,68.30540466308594,32.859352111816406
2022-10-24,83.4710922241211,52.44928741455078,153.64999389648438,86.4815902709961,362.5299072265625,81.52584075927734,68.29666137695312,31.58073616027832
2022-10-25,84.29119873046875,53.60679244995117,154.0,87.63839721679688,368.3189392089844,83.89927673339844,70.97993469238281,31.840045928955078
2022-10-26,84.66558837890625,54.113197326660156,154.97999572753906,88.0384750366211,365.5439758300781,85.10803985595703,70.93623352050781,32.26921844482422
2022-10-27,85.09346008300781,53.60679244995117,154.74000549316406,88.44727325439453,363.592041015625,85.99916076660156,71.04110717773438,32.0367546081543
2022-10-28,84.87955474853516,54.14033126831055,153.16000366210938,88.62993621826172,372.2420654296875,85.40804290771484,72.60562896728516,31.813222885131836
2022-10-31,84.59425354003906,53.63391876220703,151.91000366210938,88.15155029296875,369.55328369140625,84.79923248291016,72.52696990966797,31.696977615356445
2022-11-01,84.75153350830078,54.05894088745117,153.4600067138672,88.78581237792969,367.9361572265625,85.59174346923828,72.500732421875,32.22451400756836
2022-11-02,84.60857391357422,53.27220153808594,152.38999938964844,88.3582992553711,358.7023620605469,85.2202377319336,70.5079574584961,31.983097076416016
2022-11-03,84.29583740234375,52.82005310058594,151.80999755859375,88.04425048828125,355.0088195800781,84.76029968261719,70.41181182861328,32.24239730834961
2022-11-04,84.28691101074219,54.93611526489258,156.47000122070312,88.2187271118164,360.1185302734375,83.3362808227539,71.37325286865234,33.55677032470703
2022-11-07,84.01890563964844,55.10792541503906,155.85000610351562,87.89593505859375,363.5633850097656,82.50487518310547,71.37325286865234,33.49418258666992
2022-11-08,84.37628936767578,55.73189926147461,159.4499969482422,88.26234436035156,365.52484130859375,83.40704345703125,71.59175872802734,33.63724136352539
2022-11-09,84.47454833984375,54.95419692993164,158.64999389648438,88.03553009033203,357.9942321777344,83.68122100830078,70.85757446289062,33.02029800415039
2022-11-10,86.28822326660156,58.03784942626953,163.47999572753906,90.98428344726562,377.6676025390625,86.9007797241211,76.04056549072266,34.12902069091797
2022-11-11,86.2256851196289,59.19535827636719,164.55999755859375,91.22856903076172,381.3228454589844,86.58234405517578,76.03182983398438,34.8175048828125
2022-11-14,85.98445892333984,58.571388244628906,164.9199981689453,90.76620483398438,378.0789794921875,86.37007141113281,74.17888641357422,34.701263427734375
2022-11-15,86.6187973022461,58.96023941040039,165.5,92.03121185302734,381.3036804199219,87.76756286621094,74.98298645019531,35.47022247314453
2022-11-16,87.15484619140625,58.8245964050293,165.1199951171875,92.81634521484375,378.394775390625,89.6868896484375,74.3012466430664,34.906917572021484
2022-11-17,86.78855895996094,58.79745864868164,163.9199981689453,92.31909942626953,377.2369384765625,88.74050903320312,73.79431915283203,35.09468460083008
2022-11-18,86.6634750366211,58.91501998901367,162.7899932861328,92.31034851074219,378.9497375488281,88.13020324707031,74.72952270507812,34.844322204589844
2022-11-21,86.60987854003906,58.471920013427734,161.8800048828125,92.1707992553711,377.5718688964844,88.5016860961914,75.12281799316406,34.52243423461914
2022-11-22,87.05661010742188,59.2857780456543,162.07000732421875,92.99085235595703,382.6528625488281,89.7576675415039,75.53363037109375,34.611846923828125
2022-11-23,87.57479095458984,59.93687438964844,163.0800018310547,93.92433166503906,385.064208984375,91.32318115234375,75.59480285644531,34.799617767333984
2022-11-25,87.59264373779297,60.24434280395508,163.22000122070312,94.02031707763672,384.97802734375,91.01360321044922,76.07552337646484,34.67443084716797
2022-11-28,87.44969177246094,59.466651916503906,161.92999267578125,93.3398208618164,378.8349304199219,91.27012634277344,74.03903198242188,34.593963623046875
2022-11-29,87.13700866699219,59.63845443725586,162.72999572753906,92.87744140625,378.1842956542969,90.1999282836914,75.26266479492188,35.27350997924805
2022-11-30,87.8160171508789,60.69649124145508,164.80999755859375,94.01158142089844,390.0972900390625,90.86327362060547,76.98451232910156,36.230228424072266
2022-12-01,88.5467300415039,61.28428268432617,167.83999633789062,95.1878662109375,389.81024169921875,93.76598358154297,76.81844329833984,36.140811920166016
2022-12-02,88.91388702392578,61.23906707763672,167.25999450683594,95.76549530029297,389.36053466796875,94.94512939453125,76.5912094116211,36.36434555053711
2022-12-05,88.21540069580078,60.43424606323242,164.38999938964844,94.95155334472656,382.356201171875,93.61524200439453,75.1927490234375,35.99775695800781
2022-12-06,88.47509765625,60.16294860839844,164.83999633789062,95.24037170410156,376.8446350097656,94.8210220336914,74.48477935791016,36.02457809448242
2022-12-07,89.26313781738281,60.16294860839844,166.3300018310547,96.29940032958984,376.2035217285156,97.05522918701172,74.63336944580078,35.80998992919922
2022-12-08,88.9944839477539,60.47041320800781,166.47000122070312,95.99304962158203,379.15069580078125,96.78925323486328,75.15779113769531,36.22128677368164
2022-12-09,88.46613311767578,60.506591796875,167.05999755859375,95.27538299560547,376.318359375,94.27132415771484,75.0179443359375,35.91728210449219
2022-12-12,88.48405456542969,60.68744659423828,165.67999267578125,95.15284729003906,381.743896484375,94.57276916503906,75.59480285644531,35.818931579589844
2022-12-13,89.07508087158203,61.54816436767578,168.50999450683594,95.98430633544922,384.6336364746094,95.48595428466797,76.99324798583984,36.00669860839844
2022-12-14,89.2720947265625,61.493690490722656,168.10000610351562,96.07181549072266,382.1744384765625,95.89378356933594,76.46882629394531,36.06928253173828
2022-12-15,89.40316009521484,59.9229736328125,165.35000610351562,96.15259552001953,372.8257751464844,96.2679443359375,75.44622039794922,35.37186050415039
2022-12-16,89.16979217529297,59.39638137817383,166.7899932861328,95.73998260498047,368.4241943359375,95.19256591796875,73.49713134765625,35.3271484375
2022-12-19,88.62226867675781,59.251121520996094,166.32000732421875,94.7743148803711,365.300048828125,93.59284210205078,72.56192016601562,35.39531326293945
2022-12-20,88.02092742919922,59.48716735839844,169.0800018310547,93.65943908691406,365.7999267578125,91.93091583251953,72.37836456298828,35.27717208862305
2022-12-21,88.26325988769531,60.104557037353516,168.8000030517578,94.30029296875,371.26953125,92.16200256347656,72.99893188476562,35.60432052612305
2022-12-22,88.23632049560547,59.61428451538086,166.75999450683594,94.27393341064453,365.97296142578125,92.14420318603516,72.69224548339844,35.286258697509766
2022-12-23,87.9311752319336,59.8231086730957,167.25999450683594,93.98426055908203,368.078125,90.79332733154297,73.33930206298828,35.213565826416016
2022-12-27,87.2939224243164,59.91388702392578,168.6699981689453,92.77281951904297,366.6266784667969,88.99809265136719,73.31270599365234,35.767887115478516
2022-12-28,87.14132690429688,59.278350830078125,167.91000366210938,92.48311614990234,362.0701904296875,88.47374725341797,72.06291961669922,35.249916076660156
2022-12-29,87.4644546508789,60.21350860595703,168.85000610351562,93.14151000976562,368.5876159667969,89.47801208496094,73.64067077636719,35.858760833740234
2022-12-30,87.05157470703125,59.59611892700195,169.63999938964844,92.5533447265625,367.61669921875,88.48261260986328,73.10884094238281,35.422569274902344
2023-01-03,87.56320190429688,60.12272262573242,171.05999755859375,93.19419860839844,366.0690612792969,90.17121887207031,73.17976379394531,35.80424499511719
2023-01-04,88.0478515625,60.92169189453125,172.6699981689453,93.87015533447266,368.8951721191406,91.40653991699219,74.8373031616211,36.73114776611328
2023-01-05,87.97601318359375,60.31338119506836,170.52000427246094,93.79991149902344,364.684814453125,91.78873443603516,72.8252182006836,36.622108459472656
2023-01-06,88.9364013671875,61.856849670410156,173.7100067138672,95.33618927001953,373.0478820800781,93.47732543945312,74.78411865234375,37.2491340637207
2023-01-09,89.16081237792969,62.12015151977539,174.10000610351562,95.71366119384766,372.8363952636719,93.97501373291016,74.81070709228516,37.44904708862305
2023-01-10,88.81974792480469,62.30174255371094,174.74000549316406,95.38882446289062,375.4510498046875,92.4197006225586,74.97911071777344,37.71259307861328
2023-01-11,89.36721801757812,62.773860931396484,174.6199951171875,96.20524597167969,380.19964599609375,93.92167663574219,77.66486358642578,37.867069244384766
2023-01-12,90.01346588134766,63.69994354248047,176.63999938964844,97.29378509521484,381.5838623046875,95.77025604248047,78.64874267578125,38.03973388671875
2023-01-13,89.68135833740234,64.0358657836914,178.75999450683594,96.977783203125,383.064208984375,94.87264251708984,78.1612319946289,38.294189453125
2023-01-17,89.51980590820312,64.23561096191406,177.58999633789062,96.62663269042969,382.36248779296875,94.25940704345703,78.3828353881836,38.09425735473633
2023-01-18,90.40835571289062,64.00863647460938,177.0800018310547,97.75907897949219,376.32574462890625,96.54344177246094,77.23938751220703,37.867069244384766
2023-01-19,90.20195770263672,63.90876007080078,179.88999938964844,97.55718994140625,373.5861511230469,95.93910217285156,76.81392669677734,38.16695785522461
2023-01-20,89.83393859863281,64.47168731689453,179.2899932861328,97.0479965209961,380.54571533203125,94.38382720947266,77.72691345214844,38.61223602294922
2023-01-23,89.60954284667969,64.73497772216797,179.6300048828125,96.76708984375,385.11175537109375,93.93946838378906,78.08145141601562,38.89394760131836
2023-01-24,90.00447082519531,64.65325927734375,180.27999877929688,97.27626037597656,384.6983337402344,95.29034423828125,78.2764663696289,38.930294036865234
2023-01-25,90.1121826171875,65.07998657226562,181.11000061035156,97.32012939453125,384.8425598144531,95.52141571044922,78.3119125366211,38.93938446044922
2023-01-26,89.9595947265625,65.13445281982422,179.47000122070312,97.28502655029297,389.0721435546875,95.07704162597656,79.189453125,39.23926544189453
2023-01-27,89.8249740600586,65.00735473632812,179.22000122070312,97.00413513183594,389.96612548828125,94.83707427978516,80.0758056640625,38.97573471069336
2023-01-30,89.5826187133789,64.58970642089844,178.75999450683594,96.63541412353516,385.0732727050781,94.49048614501953,79.05647277832031,38.27600860595703
2023-01-31,89.95061492919922,64.96195983886719,179.41000366210938,97.32892608642578,390.7351379394531,95.24590301513672,80.71400451660156,38.37596130371094
2023-02-01,90.58494567871094,65.54302978515625,181.6699981689453,98.31694793701172,394.8878173828125,96.3908462524414,81.21038818359375,38.766727447509766
2023-02-02,90.68389892578125,65.45223236083984,177.89999389648438,98.45783996582031,400.6361999511719,96.51560974121094,83.05406188964844,38.494102478027344
2023-02-03,89.81117248535156,64.84392547607422,173.4600067138672,97.33948516845703,396.37774658203125,95.0721435546875,81.4940414428711,37.885250091552734
2023-02-06,89.31631469726562,64.1811294555664,173.82000732421875,96.59101104736328,393.95538330078125,94.36822509765625,80.90015411376953,37.49448776245117
2023-02-07,89.16336822509766,64.72589874267578,173.97999572753906,96.27397918701172,399.1077575683594,93.61087799072266,80.72286987304688,37.56719207763672
2023-02-08,89.28931427001953,64.32640838623047,174.41000366210938,96.37086486816406,394.74359130859375,94.0563735961914,80.34173583984375,37.49448776245117
2023-02-09,88.93841552734375,64.44442749023438,173.02999877929688,95.56070709228516,391.3215026855469,93.16539001464844,79.46421813964844,37.639888763427734
2023-02-10,88.55152893066406,64.16297912597656,173.36000061035156,94.8914794921875,392.2347412109375,92.12287139892578,79.7389907836914,37.321834564208984
2023-02-13,88.82146453857422,64.80760192871094,172.47999572753906,95.24370574951172,396.8391418457031,92.89805603027344,80.44808959960938,37.65806579589844
2023-02-14,88.50656127929688,64.92564392089844,172.61000061035156,95.00594329833984,396.6565246582031,92.6842041015625,79.8099136352539,37.549015045166016
2023-02-15,88.33560943603516,64.63510131835938,170.88999938964844,94.6449203491211,397.9446716308594,91.81990814208984,80.12899780273438,37.36726760864258
2023-02-16,87.96672058105469,64.31732177734375,170.75,93.88761138916016,392.4654235839844,90.51905059814453,79.34899139404297,37.29457473754883
2023-02-17,88.17365264892578,64.48075103759766,171.25999450683594,94.25745391845703,391.4849548339844,91.22293090820312,79.03874206542969,36.99468994140625
2023-02-21,87.3459243774414,63.77256774902344,170.6199951171875,92.91899108886719,383.63134765625,89.44979858398438,77.4521255493164,36.585758209228516
2023-02-22,87.57984161376953,63.41847610473633,169.66000366210938,93.18314361572266,383.1026611328125,90.26954650878906,76.75187683105469,36.431270599365234
2023-02-23,87.89472198486328,63.745338439941406,169.57000732421875,93.91404724121094,385.14056396484375,91.15164184570312,77.32803344726562,36.558494567871094
2023-02-24,87.39087677001953,62.683067321777344,168.35000610351562,93.20954895019531,381.0263671875,89.96658325195312,75.97187042236328,35.858760833740234
2023-02-27,87.56181335449219,63.42756271362305,169.00999450683594,93.23600769042969,382.3240661621094,90.21607208251953,76.08708190917969,36.0405158996582
2023-02-28,87.55282592773438,62.96452331542969,169.77999877929688,93.27119445800781,380.9110107421875,90.62593078613281,75.9807357788086,35.82241439819336
2023-03-01,87.0513687133789,63.30045700073242,170.75999450683594,92.68973541259766,379.4498596191406,89.65235137939453,75.0234375,36.54030990600586
2023-03-02,86.87100219726562,63.42756271362305,170.66000366210938,92.76927185058594,382.4009094238281,88.85738372802734,75.90094757080078,36.703887939453125
2023-03-03,87.55646514892578,64.3536376953125,172.49000549316406,93.82087707519531,388.5338134765625,91.01001739501953,77.05325317382812,36.97650909423828
2023-03-06,87.33997344970703,64.1902084350586,171.6199951171875,93.56459045410156,388.8030090332031,90.30438995361328,76.75187683105469,36.84928512573242
2023-03-07,87.22274780273438,63.118858337402344,168.6199951171875,93.29946899414062,382.8431701660156,90.8581771850586,74.96139526367188,36.304046630859375
2023-03-08,87.1325454711914,63.46388626098633,168.5399932861328,93.1492691040039,383.46795654296875,90.947509765625,75.8211669921875,36.49488067626953
2023-03-09,87.44824981689453,63.00083541870117,170.1999969482422,93.06088256835938,376.39306640625,91.17080688476562,74.0838623046875,35.74971008300781
2023-03-10,88.46736145019531,62.3289794921875,173.8699951171875,94.3952407836914,370.9619445800781,94.31494140625,71.62858581542969,35.54978942871094
2023-03-13,89.17086791992188,61.902252197265625,177.86000061035156,94.47479248046875,370.4332275390625,94.52931213378906,72.56816864013672,35.51344680786133
2023-03-14,88.64775848388672,62.728450775146484,176.8300018310547,94.19200134277344,376.5565185546875,92.97509765625,73.2684097290039,35.531620025634766
2023-03-15,89.5316162109375,60.785499572753906,178.2100067138672,95.09339904785156,374.20135498046875,94.77047729492188,73.2152099609375,34.94094467163086
2023-03-16,89.17986297607422,61.72975158691406,178.57000732421875,94.95199584960938,380.7667541503906,94.02909088134766,73.05567169189453,35.386226654052734
2023-03-17,89.739013671875,60.994327545166016,183.77000427246094,95.42916870117188,376.3146057128906,95.4404067993164,71.39813995361328,35.2044792175293
2023-03-20,89.3782958984375,61.94765853881836,183.83999633789062,95.1463851928711,379.93310546875,94.60076141357422,72.2136001586914,35.26630401611328
2023-03-21,89.10770416259766,62.8828125,180.3699951171875,95.60591888427734,384.9218444824219,93.7879409790039,71.89449310302734,35.639163970947266
2023-03-22,89.96453094482422,62.66490936279297,183.44000244140625,96.16261291503906,378.3603210449219,95.0384521484375,69.2087631225586,35.748294830322266
2023-03-23,90.18098449707031,62.67397689819336,185.74000549316406,96.43659210205078,379.38311767578125,95.0384521484375,68.7744369506836,36.18480682373047
2023-03-24,90.33430480957031,62.48332214355469,183.64999389648438,96.73703002929688,381.8727111816406,95.4404067993164,70.53811645507812,36.11204528808594
2023-03-27,89.36023712158203,63.07346725463867,181.9499969482422,95.57938385009766,382.5867004394531,93.19842529296875,70.45753479003906,35.939266204833984
2023-03-28,89.22498321533203,63.100711822509766,183.44000244140625,95.42034149169922,381.7279052734375,93.36811828613281,70.28743743896484,36.36668395996094
2023-03-29,89.33319854736328,63.863365173339844,182.52999877929688,95.8621826171875,387.2762756347656,93.18054962158203,71.84520721435547,36.49399948120117
2023-03-30,89.4323959350586,64.60786437988281,184.17999267578125,95.99471282958984,389.54388427734375,93.60929107666016,72.78524017333984,36.84865951538086
2023-03-31,89.86531829833984,64.9347152709961,183.22000122070312,96.86073303222656,395.0343322753906,95.01165008544922,74.3429946899414,36.73953628540039
2023-04-03,90.25592041015625,65.45223236083984,184.5399932861328,97.44578552246094,396.5396728515625,95.45848083496094,73.75212097167969,36.894126892089844
2023-04-04,90.59043884277344,65.46131134033203,187.97999572753906,97.56987762451172,394.339599609375,95.93309783935547,73.65364837646484,36.93050765991211
2023-04-05,90.89789581298828,65.00735473632812,187.8300018310547,97.88899230957031,393.30712890625,96.93604278564453,73.25973510742188,36.603126525878906
2023-04-06,90.81651306152344,65.31604766845703,186.49000549316406,97.80036926269531,394.8414001464844,97.186767578125,73.76107025146484,36.821380615234375
2023-04-10,90.192626953125,65.2706527709961,185.11000061035156,97.34829711914062,395.2466125488281,95.61968994140625,74.10126495361328,36.73953628540039
2023-04-11,90.24687194824219,65.4885482788086,186.27999877929688,97.32169342041016,395.3527526855469,95.81666564941406,74.41462707519531,37.01234817504883
2023-04-12,90.35538482666016,65.90619659423828,187.19000244140625,97.11779022216797,393.7413024902344,95.71819305419922,74.0565185546875,36.730438232421875
2023-04-13,90.3192138671875,66.75056457519531,189.72000122070312,97.28620147705078,398.9712829589844,94.96598815917969,73.83269500732422,37.176048278808594
2023-04-14,89.87616729736328,66.47818756103516,186.36000061035156,96.96710968017578,397.9967346191406,94.09735107421875,72.6867446899414,36.97597885131836
2023-04-17,89.424072265625,66.36014556884766,185.52999877929688,96.35546875,399.4247741699219,92.97802734375,74.19974517822266,37.176048278808594
2023-04-18,89.55066680908203,66.72332000732422,186.25,96.67459106445312,399.6853942871094,93.309326171875,74.0296630859375,37.10329055786133
2023-04-19,89.4150161743164,66.5145034790039,185.36000061035156,96.19590759277344,399.6177673339844,93.21977233886719,74.46833801269531,36.72134780883789
2023-04-20,89.8218994140625,66.5145034790039,186.08999633789062,96.5593490600586,397.4369812011719,94.01676177978516,73.7342300415039,36.675872802734375
2023-04-21,89.66818237304688,66.85042572021484,184.25,96.62142181396484,397.7458190917969,93.48843383789062,73.74317169189453,36.33030700683594
2023-04-24,90.02083587646484,67.02294158935547,184.80999755859375,97.04688262939453,398.1607360839844,94.39288330078125,73.46563720703125,36.28483581542969
2023-04-25,90.58142852783203,66.0877685546875,185.75,97.47235870361328,391.8404235839844,95.7808609008789,72.74046325683594,35.66645050048828
2023-04-26,90.24687194824219,66.04237365722656,184.74000549316406,97.04688262939453,390.1807556152344,94.760009765625,72.04216003417969,35.911983489990234
2023-04-27,89.92135620117188,66.86859893798828,184.75,96.69233703613281,397.9483947753906,93.81976318359375,73.67154693603516,36.37577438354492
2023-04-28,90.38253021240234,66.84135437011719,184.8000030517578,97.44578552246094,401.34503173828125,95.3331298828125,74.57575988769531,36.594032287597656
2023-05-01,89.45702362060547,66.74148559570312,183.97000122070312,95.87322235107422,400.9397277832031,92.58424377441406,74.02069854736328,36.475807189941406
2023-05-02,90.32720947265625,66.06962585449219,187.52000427246094,97.02953338623047,396.4334716796875,94.89144897460938,72.76731872558594,36.09385681152344
2023-05-03,90.72603607177734,66.24212646484375,189.11000061035156,97.18962097167969,393.7123718261719,95.42110443115234,72.48085021972656,36.08477020263672
2023-05-04,90.61727142333984,66.1059341430664,190.44000244140625,96.92279815673828,390.9237365722656,94.47848510742188,73.0806655883789,36.39397048950195
2023-05-05,90.32720947265625,67.0774154663086,187.4600067138672,96.54033660888672,398.1607360839844,94.16426849365234,74.29823303222656,36.78500747680664
2023-05-08,89.82867431640625,67.09557342529297,187.69000244140625,95.84657287597656,398.2668762207031,92.8445816040039,73.86852264404297,36.794097900390625
2023-05-09,89.7470703125,66.82319641113281,189.02000427246094,95.81099700927734,396.5202941894531,92.5124282836914,73.55516052246094,36.56673812866211
2023-05-10,90.32720947265625,66.68701171875,188.75,96.5669937133789,398.3730163574219,93.41016387939453,74.26242065429688,36.57584762573242
2023-05-11,90.5991439819336,66.5235824584961,187.1300048828125,96.9405746459961,397.67822265625,94.3976821899414,73.4477310180664,36.43034744262695
2023-05-12,90.09153747558594,66.40554809570312,186.80999755859375,96.34465026855469,397.1571960449219,93.607666015625,73.43877410888672,36.021114349365234
2023-05-15,89.86491394042969,66.91398620605469,187.2100067138672,95.82877349853516,398.5273742675781,92.63810729980469,73.31344604492188,36.64859390258789
2023-05-16,89.65643310546875,66.2784423828125,184.8699951171875,95.34846496582031,395.86419677734375,92.35979461669922,71.47814178466797,36.39397048950195
2023-05-17,89.5204849243164,66.58712768554688,184.22999572753906,95.33956909179688,400.6695556640625,92.09049987792969,72.44503021240234,36.521270751953125
2023-05-18,89.10354614257812,66.48725891113281,181.83999633789062,94.93929290771484,404.5292663574219,91.40819549560547,72.09588623046875,36.29392623901367
2023-05-19,88.90409088134766,66.877685546875,183.63999938964844,94.82369995117188,403.94061279296875,90.76181030273438,71.9794921875,36.27574157714844
2023-05-22,88.82251739501953,66.89582824707031,183.2100067138672,94.78811645507812,404.1047668457031,90.4386215209961,72.41817474365234,36.51218795776367
2023-05-23,88.9222183227539,65.91526794433594,183.42999267578125,94.98379516601562,399.5695495605469,90.69898223876953,71.73775482177734,35.9665412902832
2023-05-24,88.69559478759766,64.95287322998047,181.9499969482422,94.61024475097656,396.6746826171875,90.25010681152344,70.19790649414062,35.7119140625
2023-05-25,88.36930847167969,64.8620834350586,180.1999969482422,94.29894256591797,400.1098327636719,90.0256576538086,70.18896484375,35.648258209228516
2023-05-26,88.44181823730469,65.49762725830078,180.9199981689453,94.69918060302734,405.29156494140625,90.75284576416016,70.99469757080078,36.23936462402344
2023-05-30,89.03099060058594,64.83484649658203,182.0399932861328,95.41073608398438,405.44598388671875,91.65956115722656,71.26326751708984,35.766483306884766
2023-05-31,89.34825134277344,64.16297912597656,182.32000732421875,95.72203063964844,403.1977233886719,92.45855712890625,71.62139129638672,35.511844635009766
2023-06-01,89.61907958984375,65.11630249023438,183.75999450683594,96.01561737060547,407.0284729003906,92.8213119506836,71.63033294677734,36.12114715576172
2023-06-02,89.14649200439453,65.9606704711914,181.0500030517578,95.75684356689453,412.9145812988281,91.80414581298828,73.37611389160156,36.69406509399414
2023-06-05,89.13739013671875,65.57933807373047,182.13999938964844,95.55159759521484,412.12335205078125,91.63314056396484,72.86579895019531,36.657684326171875
2023-06-06,89.2464370727539,66.12409973144531,182.33999633789062,95.73900604248047,413.02069091796875,92.1732177734375,73.56412506103516,36.93960189819336
2023-06-07,88.77389526367188,65.54254913330078,180.14999389648438,94.8823471069336,411.59259033203125,90.8050308227539,74.91596221923828,36.857749938964844
2023-06-08,89.2464370727539,66.23596954345703,182.52999877929688,95.51591491699219,414.0821838378906,91.86717224121094,74.45043182373047,37.05781555175781
2023-06-09,89.03743743896484,66.1250228881836,182.0399932861328,95.26605987548828,414.8251953125,91.74114990234375,74.02069854736328,37.157859802246094
2023-06-12,89.19192504882812,66.4116439819336,181.8800048828125,95.56945037841797,418.58837890625,92.01118469238281,74.03861236572266,37.2487907409668
2023-06-13,88.77389526367188,67.04034423828125,180.5399932861328,95.1411361694336,421.3481140136719,91.10204315185547,74.51310729980469,37.55799102783203
2023-06-14,88.85566711425781,67.28997802734375,180.63999938964844,95.43560028076172,421.8498229980469,91.83116912841797,74.7906265258789,37.912654876708984
2023-06-15,89.47367095947266,68.00189208984375,181.91000366210938,96.2654800415039,427.07977294921875,92.71329498291016,75.18455505371094,38.276405334472656
2023-06-16,89.19192504882812,67.85395812988281,181.6300048828125,96.09593200683594,425.62506103515625,92.3532485961914,75.13082122802734,38.13999938964844
2023-06-20,89.35551452636719,66.9571304321289,179.75,96.44396209716797,423.4168395996094,92.9923095703125,74.2445068359375,37.46064376831055
2023-06-21,89.50094604492188,67.058837890625,179.49000549316406,96.33687591552734,421.2474365234375,93.21734619140625,73.79688262939453,37.396644592285156
2023-06-22,89.03743743896484,66.64277648925781,177.7100067138672,95.837158203125,422.7679748535156,92.09219360351562,72.74046325683594,37.23206329345703
2023-06-23,89.30099487304688,65.60726165771484,178.1999969482422,96.1048583984375,419.57183837890625,93.0103530883789,71.73775482177734,36.71088409423828
2023-06-26,89.41004943847656,65.69048309326172,178.50999450683594,96.21195220947266,417.8575439453125,93.10934448242188,73.39401245117188,36.829742431640625
2023-06-27,89.23738098144531,66.26370239257812,177.69000244140625,96.1048583984375,422.4386901855469,92.86631774902344,74.29823303222656,37.17719650268555
2023-06-28,89.50094604492188,66.3099365234375,177.27999877929688,96.5242691040039,422.6517639160156,93.26235961914062,74.40567016601562,37.030906677246094
2023-06-29,88.81022644042969,66.21747589111328,177.08999633789062,95.79254913330078,424.3175354003906,91.57913970947266,75.23680114746094,36.87546920776367
2023-06-30,89.01924133300781,67.03109741210938,178.27000427246094,96.49748992919922,429.3248596191406,92.6592788696289,75.65328979492188,37.195491790771484
2023-07-03,88.91448211669922,66.9571304321289,178.47000122070312,96.22712707519531,429.81878662109375,92.13399505615234,76.39568328857422,37.561222076416016
2023-07-05,88.51354217529297,66.2082290649414,177.83999633789062,95.53781127929688,429.1795349121094,91.25849914550781,76.56771087646484,37.378353118896484
2023-07-06,87.9394760131836,65.06177520751953,177.30999755859375,94.57096862792969,425.8187255859375,89.96784973144531,75.97920989990234,36.665164947509766
2023-07-07,87.95772552490234,65.55179595947266,178.63999938964844,94.48147583007812,424.74371337890625,89.42628479003906,75.80720520019531,37.10405349731445
2023-07-10,88.2037353515625,65.73670196533203,178.77999877929688,94.97381591796875,425.8187255859375,89.54365539550781,76.13311004638672,37.11319351196289
2023-07-11,88.39506530761719,66.32842254638672,179.4499969482422,95.42141723632812,428.5306701660156,90.00392150878906,77.2195816040039,37.442359924316406
2023-07-12,89.11492156982422,67.59507751464844,181.8800048828125,96.262939453125,431.978515625,91.00579833984375,77.63605499267578,38.155540466308594
2023-07-13,89.6707534790039,68.67681884765625,182.00999450683594,96.94331359863281,435.4071044921875,91.9625015258789,78.1340103149414,38.57613754272461
2023-07-14,89.24250793457031,68.28851318359375,181.42999267578125,96.19132995605469,435.13592529296875,91.42097473144531,77.98009490966797,38.338417053222656
2023-07-17,89.34272766113281,68.20528411865234,181.55999755859375,96.35244750976562,436.6468200683594,91.4660873413086,77.47308349609375,38.38412857055664
2023-07-18,89.41561889648438,68.64909362792969,183.63999938964844,96.59416198730469,439.8913879394531,91.88127899169922,77.04756164550781,38.109832763671875
2023-07-19,89.68896484375,68.61210632324219,183.6699981689453,97.1402587890625,440.86956787109375,92.91922760009766,77.9167251586914,38.05496597290039
2023-07-20,89.2242431640625,68.26077270507812,182.74000549316406,96.48674774169922,437.9446105957031,91.79102325439453,77.66321563720703,37.817237854003906
2023-07-21,89.28807830810547,68.39945983886719,182.17999267578125,96.6568374633789,437.9446105957031,91.81810760498047,78.02536010742188,37.798954010009766
2023-07-24,89.12405395507812,68.23303985595703,181.39999389648438,96.54044342041016,439.9010314941406,91.4841537475586,78.66817474365234,38.30183792114258
2023-07-25,89.02379608154297,68.30699920654297,182.41000366210938,96.3882827758789,441.10198974609375,91.31266784667969,78.10684967041016,38.594425201416016
2023-07-26,89.31536865234375,68.49191284179688,183.3000030517578,96.83588409423828,441.1698303222656,91.40292358398438,78.4599380493164,38.832157135009766
2023-07-27,88.54998016357422,68.33474731445312,180.4199981689453,95.6541976928711,438.244873046875,89.62486267089844,76.75782775878906,38.40242004394531
2023-07-28,88.896240234375,68.82476043701172,181.86000061035156,96.28085327148438,442.5353698730469,90.08518981933594,76.69447326660156,39.335044860839844
2023-07-31,89.005615234375,68.84324645996094,182.35000610351562,96.54939270019531,443.3780517578125,90.30177307128906,77.19242095947266,39.38076400756836
2023-08-01,88.4162826538086,67.98340606689453,180.4600067138672,95.58736419677734,442.1092224121094,88.82202911376953,77.06566619873047,38.832157135009766
2023-08-02,88.20613098144531,66.71674346923828,179.60000610351562,95.0034408569336,435.9591979980469,87.8717041015625,76.62203216552734,37.990966796875
2023-08-03,87.61224365234375,66.53182220458984,179.5399932861328,94.15007781982422,434.70977783203125,85.8443832397461,75.78907775878906,38.155540466308594
2023-08-04,88.33403778076172,66.71674346923828,180.19000244140625,95.12922668457031,432.74371337890625,87.3648910522461,75.17342376708984,38.201255798339844
2023-08-07,88.35230255126953,67.28073120117188,179.77999877929688,94.89563751220703,436.5208740234375,86.50506591796875,76.11502075195312,38.13725280761719
2023-08-08,88.56245422363281,66.8739242553711,178.63999938964844,95.27293395996094,434.62261962890625,87.50968933105469,75.6261215209961,37.74408721923828
2023-08-09,88.62641143798828,66.85542297363281,177.7899932861328,95.36278533935547,431.7170715332031,87.96221160888672,75.61705017089844,37.80809020996094
2023-08-10,88.0508041381836,67.14204406738281,177.60000610351562,94.68904876708984,431.8720703125,86.5141372680664,75.32734680175781,37.88124084472656
2023-08-11,87.77668762207031,66.68900299072266,177.60000610351562,94.36566925048828,431.6202087402344,86.31500244140625,75.44503784179688,37.33263397216797
2023-08-14,87.7127456665039,66.39314270019531,177.05999755859375,94.32972717285156,434.00274658203125,86.12496948242188,74.94706726074219,37.158912658691406
2023-08-15,87.47517395019531,65.57028198242188,176.58999633789062,93.83566284179688,428.9471130371094,85.60001373291016,74.1050796508789,36.76573944091797
2023-08-16,87.26504516601562,65.0340347290039,175.57000732421875,93.41348266601562,425.7994384765625,84.9302749633789,73.1906509399414,36.51887512207031
2023-08-17,87.17367553710938,64.5717544555664,175.3000030517578,93.16194152832031,422.5548400878906,84.5682601928711,72.60216522216797,36.63773727416992
2023-08-18,87.36553955078125,64.5717544555664,175.3300018310547,93.51226806640625,422.75823974609375,84.86692810058594,72.82849884033203,36.409149169921875
2023-08-21,86.92698669433594,64.8121337890625,175.80999755859375,92.955322265625,425.5088806152344,83.73562622070312,72.15851593017578,36.49143600463867
2023-08-22,87.0183334350586,64.69194030761719,176.10000610351562,93.2427978515625,424.3563232421875,84.37818145751953,72.36676025390625,36.42744445800781
2023-08-23,87.84979248046875,65.39461517333984,177.88999938964844,94.5542984008789,429.0826416015625,86.46887969970703,73.5075454711914,36.96689987182617
2023-08-24,87.64878845214844,64.4977798461914,177.85000610351562,94.23091888427734,423.135986328125,85.8987045288086,73.22686004638672,36.81146240234375
2023-08-25,87.59396362304688,64.93233489990234,177.6199951171875,94.28479766845703,426.11907958984375,86.17925262451172,73.28118896484375,36.784027099609375
2023-08-28,87.78585815429688,65.61651611328125,178.1300048828125,94.58123779296875,428.8211669921875,86.269775390625,73.96926879882812,37.1497688293457
2023-08-29,88.35230255126953,66.43013000488281,179.8699951171875,95.33580780029297,435.01971435546875,87.165771484375,74.86560821533203,37.64350891113281
2023-08-30,88.31575775146484,66.39314270019531,180.32000732421875,95.20108032226562,436.81146240234375,87.07525634765625,75.13721466064453,37.50636672973633
2023-08-31,88.44366455078125,66.1342544555664,180.02000427246094,95.36278533935547,436.1722412109375,87.46442413330078,74.58493041992188,37.05833435058594
2023-09-01,87.98560333251953,66.09727478027344,180.11000061035156,94.68395233154297,436.98577880859375,86.10188293457031,74.71168518066406,37.46064376831055
2023-09-05,87.50921630859375,65.52405548095703,178.63999938964844,94.00779724121094,435.09722900390625,84.89453125,73.84252166748047,37.24119567871094
2023-09-06,87.4267807006836,65.3853759765625,177.8300018310547,93.91767120361328,432.1722717285156,85.10333251953125,73.68860626220703,37.067481994628906
2023-09-07,87.70160675048828,65.17271423339844,178.02000427246094,94.33235168457031,430.84539794921875,85.33936309814453,74.15034484863281,36.683448791503906
2023-09-08,87.74742889404297,65.08026123046875,178.0800018310547,94.40447235107422,431.4942321777344,85.66616821289062,73.86062622070312,36.7566032409668
2023-09-11,87.64665222167969,65.75519561767578,178.41000366210938,94.22417449951172,434.3321228027344,85.04887390136719,73.86967468261719,37.17719650268555
2023-09-12,87.67413330078125,65.48706817626953,177.49000549316406,94.1971435546875,431.9494934082031,85.5390625,73.83346557617188,37.07661437988281
2023-09-13,87.80238342285156,65.28366088867188,177.0800018310547,94.40447235107422,432.4531555175781,85.5208969116211,73.0276870727539,37.040042877197266
2023-09-14,87.68328857421875,66.14351654052734,177.1699981689453,94.23318481445312,436.181884765625,84.90362548828125,74.34953308105469,37.25948715209961
2023-09-15,87.48173522949219,65.99557495117188,178.33999633789062,94.08893585205078,430.92669677734375,84.38619232177734,74.06886291503906,37.067481994628906
2023-09-18,87.6100082397461,65.76444244384766,179.38999938964844,94.26927185058594,431.17938232421875,84.86729431152344,73.40794372558594,37.01032638549805
2023-09-19,87.35346984863281,65.81991577148438,179.22000122070312,93.9537353515625,430.28515625,84.2409439086914,73.07295227050781,36.825965881347656
2023-09-20,87.30766296386719,65.66273498535156,179.35000610351562,93.98977661132812,426.3294372558594,84.50421905517578,73.13633728027344,36.71535110473633
2023-09-21,86.7121810913086,64.5717544555664,178.0500030517578,93.04322052001953,419.28289794921875,82.33464050292969,70.64655303955078,36.125396728515625
2023-09-22,87.07865905761719,64.62722778320312,178.6199951171875,93.61116027832031,418.3401184082031,82.99732208251953,70.11236572265625,36.54942321777344
2023-09-25,86.39153289794922,64.34060668945312,177.6999969482422,92.70065307617188,420.0993347167969,80.95484161376953,70.04901123046875,36.41114807128906
2023-09-26,86.28160858154297,63.50849914550781,176.27999877929688,92.4392318725586,413.9275207519531,80.67341613769531,68.77242279052734,35.987125396728516
2023-09-27,85.97928619384766,63.388301849365234,174.10000610351562,92.00652313232422,414.0927429199219,80.255859375,68.31067657470703,36.0332145690918
2023-09-28,86.23578643798828,63.906063079833984,173.22999572753906,92.16876983642578,416.4933776855469,80.50094604492188,68.96614837646484,36.106956481933594
2023-09-29,86.15335845947266,63.72114562988281,171.4499969482422,91.97042083740234,415.4826354980469,80.5100326538086,69.1672592163086,36.143829345703125
2023-10-02,85.553466796875,62.78733825683594,169.64999389648438,91.12786865234375,415.3174133300781,79.16227722167969,67.89653015136719,36.0147819519043
2023-10-03,84.88285064697266,62.001461029052734,169.16000366210938,90.0780258178711,409.7579040527344,77.4593505859375,66.57096862792969,35.55387878417969
2023-10-04,85.47998809814453,62.11240005493164,169.13999938964844,90.86540985107422,412.74176025390625,78.55215454101562,67.38459014892578,35.40639114379883
2023-10-05,85.53507995605469,62.657894134521484,168.8300018310547,90.75679779052734,412.58624267578125,78.16057586669922,67.75941467285156,35.55387878417969
2023-10-06,85.2043685913086,63.351322174072266,169.6999969482422,90.48527526855469,417.48480224609375,77.21348571777344,67.94225311279297,36.04243087768555
2023-10-09,86.08627319335938,63.25886154174805,172.82000732421875,91.6075210571289,420.1576843261719,79.02566528320312,68.6827392578125,35.821205139160156
2023-10-10,86.00360870361328,64.1279525756836,172.52999877929688,91.64373016357422,422.3445129394531,78.91639709472656,69.0118408203125,36.39271926879883
2023-10-11,86.39861297607422,64.39608764648438,173.7899932861328,92.20484924316406,424.07452392578125,80.56466674804688,70.20943450927734,36.503334045410156
2023-10-12,85.65451049804688,63.85982894897461,173.25999450683594,91.24549102783203,421.4891662597656,78.37911987304688,69.185546875,36.11617660522461
2023-10-13,86.02198791503906,63.26811218261719,178.8300018310547,91.7523422241211,419.3898010253906,79.78152465820312,69.0118408203125,35.977901458740234
2023-10-16,85.54429626464844,63.73038864135742,177.9600067138672,91.11880493164062,423.8023681640625,78.49749755859375,69.83462524414062,36.23601531982422
2023-10-17,84.92877960205078,63.76737594604492,178.2899932861328,90.3947982788086,423.7829284667969,77.63238525390625,69.73406219482422,36.07929992675781
2023-10-18,84.53376007080078,62.657894134521484,180.8699951171875,89.67074584960938,418.1360168457031,76.94940948486328,68.25308227539062,35.48935317993164
2023-10-19,84.21224212646484,62.103153228759766,183.08999633789062,88.94671630859375,414.4621276855469,75.3740005493164,66.63496398925781,35.36030197143555
2023-10-20,84.51539611816406,61.54841613769531,183.58999633789062,89.2996826171875,409.369140625,75.802001953125,66.18701934814453,34.93627166748047
2023-10-23,84.8460922241211,61.59464645385742,182.97000122070312,89.99657440185547,408.6595764160156,76.71263122558594,65.53794860839844,34.862525939941406
2023-10-24,85.1492691040039,61.945980072021484,182.9499969482422,90.5033950805664,411.74072265625,77.72344207763672,66.37899017333984,35.295780181884766
2023-10-25,84.51539611816406,61.502193450927734,183.72000122070312,89.6798095703125,405.8312683105469,75.99321746826172,64.952880859375,34.9178352355957
2023-10-26,85.08496856689453,61.05839157104492,184.00999450683594,90.33142852783203,400.97161865234375,77.15884399414062,66.19615173339844,34.788787841796875
2023-10-27,85.05740356445312,60.87348175048828,186.14999389648438,90.15040588378906,399.15411376953125,76.83103942871094,65.13571166992188,34.825653076171875
2023-10-30,84.85530090332031,61.65011978149414,185.10000610351562,89.87892150878906,403.9263610839844,76.48497772216797,65.5470962524414,35.13906478881836
2023-10-31,84.80016326904297,61.87200927734375,184.08999633789062,89.75221252441406,406.463134765625,76.11162567138672,66.66239929199219,34.973140716552734
2023-11-01,85.73726654052734,62.454490661621094,183.50999450683594,91.03663635253906,410.7978820800781,77.76189422607422,67.07377624511719,35.22203063964844
2023-11-02,86.25323486328125,63.73038864135742,184.1199951171875,92.11759185791016,418.67059326171875,79.53458404541016,69.2769546508789,35.76588821411133
2023-11-03,86.77845001220703,64.40533447265625,184.7899932861328,92.5718002319336,422.4902648925781,80.07371520996094,70.93164825439453,36.42036819458008
2023-11-06,86.34537506103516,64.08173370361328,183.35000610351562,92.08124542236328,423.4622497558594,79.29702758789062,69.90776062011719,36.53099060058594
2023-11-07,86.80606842041016,63.69340896606445,182.58999633789062,92.81702423095703,424.66741943359375,80.4666519165039,69.33181762695312,36.54020309448242
2023-11-08,87.10091400146484,63.610198974609375,180.77000427246094,93.28939056396484,424.97845458984375,81.83729553222656,69.56035614013672,36.3742790222168
2023-11-09,86.37303924560547,63.600955963134766,181.49000549316406,92.34468078613281,421.66412353515625,79.9549331665039,68.46334075927734,36.05165481567383
2023-11-10,86.57572937011719,63.88756561279297,179.50999450683594,92.8079605102539,428.2441101074219,80.40267181396484,69.103271484375,36.300537109375
2023-11-13,86.5665054321289,64.05399322509766,180.50999450683594,92.81702423095703,427.8359069824219,80.21994018554688,68.52733612060547,36.36506271362305
2023-11-14,87.65380096435547,65.69048309326172,182.1199951171875,94.27042388916016,436.1362609863281,82.03831481933594,72.33033752441406,37.21311569213867
2023-11-15,87.11015319824219,65.5887680053711,181.63999938964844,93.77991485595703,437.0595703125,80.88697052001953,72.54060363769531,37.471229553222656
2023-11-16,87.58928680419922,65.54254913330078,183.69000244140625,94.55200958251953,437.59417724609375,81.89213562011719,72.38518524169922,37.08407211303711
2023-11-17,87.76434326171875,66.43013000488281,183.6699981689453,94.82452392578125,438.1384582519531,82.2759017944336,72.33033752441406,37.23155975341797
2023-11-20,87.90255737304688,66.67976379394531,183.3699951171875,95.20604705810547,441.51104736328125,82.77848052978516,72.86056518554688,37.6279296875
2023-11-21,87.99470520019531,66.4208755493164,185.35000610351562,95.23330688476562,440.548828125,82.74193572998047,72.34861755371094,37.40670394897461
2023-11-22,88.07762908935547,66.57806396484375,184.55999755859375,95.61481475830078,442.2496643066406,83.03435516357422,72.70515441894531,37.305301666259766
2023-11-24,87.6722183227539,67.0865707397461,185.52000427246094,95.12429809570312,442.5218200683594,82.05660247802734,72.9154281616211,37.425140380859375
2023-11-27,88.16978454589844,66.85542297363281,186.77000427246094,95.89640808105469,441.724853515625,83.42725372314453,73.1805419921875,37.24999237060547
2023-11-28,88.55677032470703,66.8739242553711,189.25999450683594,96.2779312133789,442.1622314453125,83.59175109863281,73.66505432128906,37.55419158935547
2023-11-29,88.9898452758789,67.01261901855469,189.5399932861328,97.05912017822266,441.8512268066406,84.642578125,74.177001953125,37.3421745300293
2023-11-30,88.6949691772461,66.9571304321289,188.75,96.55043029785156,443.5909729003906,83.66481018066406,74.71636199951172,37.452789306640625
2023-12-01,89.47486114501953,67.65980529785156,192.00999450683594,97.71292114257812,446.2152099609375,85.24058532714844,76.55387878417969,37.609500885009766
2023-12-04,89.13297271728516,67.13279724121094,187.86000061035156,97.26614379882812,443.8728332519531,84.90142822265625,77.11152648925781,37.27764892578125
2023-12-05,89.724365234375,66.89240264892578,187.14999389648438,98.04115295410156,443.785400390625,86.72557830810547,76.59959411621094,37.148597717285156
2023-12-06,89.95536804199219,67.09581756591797,187.83999633789062,98.40585327148438,441.99700927734375,87.88055419921875,76.37104034423828,37.102508544921875
2023-12-07,89.98309326171875,67.4194107055664,188.14999389648438,98.41496276855469,445.36962890625,87.37641143798828,76.59044647216797,37.24999237060547
2023-12-08,89.5302963256836,67.62281799316406,185.63999938964844,97.88616180419922,447.28436279296875,86.66140747070312,76.46247100830078,37.06562805175781
2023-12-11,89.53955841064453,67.78924560546875,183.58999633789062,97.8587875366211,449.02410888671875,86.47807312011719,76.6727294921875,37.23155975341797
2023-12-12,89.8075180053711,67.90943908691406,183.49000549316406,98.41496276855469,451.0749206542969,86.73474884033203,76.62702178955078,37.23155975341797
2023-12-13,90.93485260009766,68.89871978759766,187.6300048828125,100.06523132324219,457.2952575683594,88.7697525024414,79.56153869628906,37.58184051513672
2023-12-14,91.66881561279297,69.40723419189453,188.72999572753906,101.12944030761719,458.762939453125,91.07889556884766,81.85616302490234,38.079612731933594
2023-12-15,91.45567321777344,68.7322998046875,187.0,100.98303985595703,458.007568359375,91.18004608154297,80.70427703857422,37.85838317871094
2023-12-18,91.27031707763672,68.89871978759766,187.85000610351562,100.5621109008789,460.5838623046875,90.45355987548828,80.52145385742188,37.853675842285156
2023-12-19,91.38150024414062,69.481201171875,189.1300048828125,100.69021606445312,463.38458251953125,90.94095611572266,81.13394927978516,38.117332458496094
2023-12-20,91.71512603759766,68.78001403808594,188.10000610351562,100.9555892944336,456.96337890625,91.5571060180664,80.1466293334961,37.31694030761719
2023-12-21,91.70586395263672,69.89405059814453,189.42999267578125,100.91898345947266,461.2962341308594,90.9777603149414,80.85737609863281,38.04199981689453
2023-12-22,91.58540344238281,69.9595718383789,190.27000427246094,100.74510955810547,462.2233581542969,90.5639419555664,81.17202758789062,37.91017532348633
2023-12-26,91.77072143554688,70.27787780761719,191.72000122070312,100.9555892944336,464.1750793457031,90.8214111328125,81.77359008789062,38.154998779296875
2023-12-27,92.35456085205078,70.65234375,192.58999633789062,101.8980484008789,465.01434326171875,92.43075561523438,82.17153930664062,38.362159729003906
2023-12-28,92.15068817138672,70.46510314941406,191.47000122070312,101.63270568847656,465.1899719238281,91.75943756103516,82.75457000732422,38.597564697265625
2023-12-29,91.97461700439453,70.54000091552734,191.1699981689453,101.25755310058594,463.8432922363281,90.9317626953125,81.77359008789062,38.701141357421875
2024-01-02,91.53907012939453,69.75362396240234,190.72000122070312,100.57125091552734,461.2474365234375,90.40758514404297,82.47693634033203,38.24916458129883
2024-01-03,91.58540344238281,69.22936248779297,189.1300048828125,100.34251403808594,457.4805603027344,90.78462219238281,80.50569915771484,38.136165618896484
2024-01-04,91.2147216796875,69.38851928710938,189.32000732421875,99.78433227539062,456.0069885253906,89.40519714355469,80.3576431274414,38.070247650146484
2024-01-05,91.00157928466797,69.43531799316406,189.35000610351562,99.42748260498047,456.6315612792969,88.54996490478516,80.1540298461914,38.12675094604492
2024-01-08,91.34444427490234,70.17489624023438,187.8699951171875,100.18695068359375,463.1504211425781,89.42357635498047,81.30160522460938,38.19266891479492
2024-01-09,91.32593536376953,69.54766845703125,187.92999267578125,100.36080169677734,462.44775390625,88.85343933105469,80.75557708740234,37.75009536743164
2024-01-10,91.14984893798828,69.99701690673828,187.5,100.23269653320312,465.0631103515625,88.4395980834961,80.84812927246094,37.712432861328125
2024-01-11,91.66881561279297,69.98766326904297,187.8699951171875,100.83660888671875,464.8581848144531,88.93619537353516,80.0985107421875,37.87250900268555
2024-01-12,91.83560943603516,70.27787780761719,189.7100067138672,101.05623626708984,465.1802062988281,88.76146697998047,80.57974243164062,38.05141830444336
2024-01-16,91.14984893798828,69.09831237792969,187.91000366210938,100.0313949584961,463.4724426269531,87.1981201171875,79.98744201660156,37.26044464111328
2024-01-17,90.89962768554688,68.4429931640625,185.83999633789062,99.82091522216797,460.8961486816406,87.0601806640625,78.52523040771484,36.76137924194336
2024-01-18,90.81622314453125,69.05149841308594,187.3699951171875,99.62877655029297,464.99481201171875,86.25093841552734,78.0995101928711,36.97795486450195
2024-01-19,90.83478546142578,69.21064758300781,187.92999267578125,99.72943878173828,470.7914733886719,86.52681732177734,79.03423309326172,37.31694030761719
2024-01-22,91.00157928466797,69.42596435546875,187.22000122070312,100.0039291381836,471.78692626953125,87.04178619384766,79.50621032714844,37.02503204345703
2024-01-23,90.77916717529297,69.22936248779297,187.9499969482422,99.63792419433594,473.16290283203125,86.3520736694336,78.96018981933594,37.23219299316406
2024-01-24,90.57530975341797,69.75362396240234,186.39999389648438,99.44576263427734,473.6801452636719,85.84627532958984,77.83113098144531,37.712432861328125
2024-01-25,90.98301696777344,69.9502182006836,187.13999938964844,100.1045913696289,476.2564392089844,86.40727996826172,78.83062744140625,37.80659484863281
2024-01-26,90.88111114501953,70.2591552734375,187.00999450683594,99.82091522216797,475.6513671875,86.2417221069336,78.6085205078125,37.81601333618164
2024-01-29,91.24250793457031,70.67106628417969,188.3300018310547,100.23269653320312,479.4182434082031,87.23490142822266,79.12677001953125,37.82542419433594
2024-01-30,91.41858673095703,70.57744598388672,188.58999633789062,100.5529556274414,479.0474548339844,88.0257797241211,78.38639831542969,37.46760940551758
2024-01-31,91.83560943603516,70.2217025756836,188.4499969482422,100.8091812133789,471.2306823730469,88.89021301269531,77.63677978515625,37.326358795166016
2024-02-01,92.35888671875,70.91445922851562,190.41000366210938,101.58878326416016,477.3981628417969,90.63389587402344,79.04348754882812,37.58060073852539
2024-02-02,91.51306915283203,70.3527603149414,188.61000061035156,100.66132354736328,482.4239807128906,88.63189697265625,78.06248474121094,37.31694030761719
2024-02-05,90.76023864746094,69.97830200195312,187.57000732421875,99.69712829589844,480.6673583984375,86.84210205078125,76.4244384765625,37.41110610961914
2024-02-06,91.23426818847656,70.408935546875,188.5500030517578,100.25729370117188,482.0628967285156,87.69087219238281,77.45169067382812,38.33390808105469
2024-02-07,91.04835510253906,70.3714828491211,188.5,99.96342468261719,486.08349609375,87.26648712158203,77.34063720703125,38.305660247802734
2024-02-08,90.76953125,70.24978637695312,188.3300018310547,99.44922637939453,486.2981872558594,86.75907135009766,77.96995544433594,38.10791778564453
2024-02-09,90.74163055419922,70.4931869506836,187.60000610351562,99.32064056396484,489.10870361328125,86.58378601074219,78.09025573730469,38.258575439453125
2024-02-12,90.76023864746094,70.6148910522461,187.11000061035156,99.329833984375,488.8940124511719,86.68528747558594,78.10877227783203,38.428070068359375
2024-02-13,89.92373657226562,69.52893829345703,184.52999877929688,98.2370834350586,482.1604309082031,85.19991302490234,76.49847412109375,37.72185134887695
2024-02-14,90.3233871459961,70.30595397949219,184.4199981689453,98.69621276855469,486.54217529296875,85.63353729248047,77.10002136230469,38.26799011230469
2024-02-15,90.53718566894531,71.10169219970703,185.66000366210938,99.05435943603516,489.8992004394531,86.0763931274414,78.89541625976562,38.50340270996094
2024-02-16,90.24903869628906,71.21404266357422,186.33999633789062,98.69621276855469,487.45947265625,85.57818603515625,78.08100128173828,38.69172668457031
2024-02-20,90.33267211914062,71.5042495727539,187.47000122070312,99.02677917480469,484.77581787109375,85.65196990966797,77.94218444824219,38.76705551147461
2024-02-21,90.06315612792969,71.56041717529297,187.47999572753906,98.77886199951172,485.21490478515625,85.04307556152344,78.37715148925781,38.804718017578125
2024-02-22,90.13749694824219,72.36551666259766,187.55999755859375,98.93498992919922,495.2566833496094,85.45822143554688,78.52523040771484,39.14371109008789
2024-02-23,90.47209930419922,72.4591293334961,188.6199951171875,99.22881317138672,495.5982971191406,86.60224914550781,78.48819732666016,39.15312957763672
2024-02-26,90.27693176269531,72.35615539550781,188.1999969482422,98.91661834716797,493.7831726074219,86.34391021728516,77.62752532958984,39.02130126953125
2024-02-27,90.1561050415039,72.5527572631836,188.0,98.77886199951172,494.700439453125,85.7350082397461,77.7200698852539,39.14371109008789
2024-02-28,90.33267211914062,72.13147735595703,188.33999633789062,98.76968383789062,494.0466613769531,86.27932739257812,78.50672149658203,38.54106521606445
2024-02-29,90.48139953613281,72.31871795654297,189.30999755859375,98.86151885986328,495.82269287109375,86.88822937011719,79.17304992675781,38.625816345214844
2024-03-01,90.91580963134766,73.02082824707031,192.88999938964844,99.46334075927734,500.4776306152344,87.42964172363281,80.11700439453125,39.14371109008789
2024-03-04,90.69206237792969,72.83360290527344,196.00999450683594,99.27900695800781,499.94091796875,87.07794952392578,80.86663818359375,38.98363494873047
2024-03-05,91.18612670898438,72.70254516601562,197.19000244140625,99.8227767944336,494.9444274902344,88.31808471679688,79.88565063476562,38.719974517822266
2024-03-06,91.32596588134766,73.56380462646484,198.80999755859375,100.09005737304688,497.4524230957031,88.83634185791016,80.2835922241211,39.20021438598633
2024-03-07,91.52171325683594,74.4344482421875,199.94000244140625,100.33888244628906,502.390380859375,88.7530746459961,80.26508331298828,39.3885383605957
2024-03-08,91.60559844970703,74.1910400390625,201.6300048828125,100.47711944580078,499.3749084472656,88.59573364257812,81.19054412841797,39.322628021240234
2024-03-11,91.50308227539062,73.76976776123047,202.0,100.49555206298828,498.9455261230469,88.54945373535156,80.80184936523438,39.42620086669922
2024-03-12,91.27005767822266,74.35954284667969,199.7899932861328,100.1729965209961,504.3128662109375,87.8090591430664,80.62600708007812,39.76519012451172
2024-03-13,91.10224151611328,74.36891174316406,201.19000244140625,100.07161712646484,503.5223388671875,87.38335418701172,80.21881866455078,39.53919982910156
2024-03-14,90.52427673339844,73.82593536376953,200.35000610351562,99.33431243896484,502.5269470214844,86.04141235351562,79.01570892333984,39.322628021240234
2024-03-15,90.51496887207031,73.85401153564453,199.7100067138672,99.36195373535156,499.0763244628906,86.01365661621094,78.83988189697266,39.208580017089844
2024-03-18,90.42174530029297,73.83528900146484,200.02999877929688,99.19606018066406,502.0424499511719,85.75450897216797,78.87690734863281,39.29340744018555
2024-03-19,90.64545440673828,73.96636199951172,199.8000030517578,99.48176574707031,504.8323974609375,85.99514770507812,78.84912109375,39.133182525634766
2024-03-20,90.8319091796875,74.75273895263672,202.17999267578125,99.66609954833984,509.5016174316406,85.96736907958984,79.36740112304688,39.4442024230957
2024-03-21,90.89715576171875,74.71529388427734,201.97000122070312,99.8135757446289,511.1853942871094,86.1524658203125,79.94116973876953,39.47248077392578
2024-03-22,91.18612670898438,74.55614471435547,200.35000610351562,100.15457153320312,510.21630859375,86.97615814208984,78.93500518798828,39.2180061340332
2024-03-25,91.01834106445312,74.39698791503906,200.99000549316406,99.8135757446289,508.806640625,86.54117584228516,78.44966125488281,39.2180061340332
2024-03-26,91.11156463623047,74.48124694824219,201.63999938964844,99.7859115600586,507.86688232421875,86.78179168701172,78.13230895996094,39.133182525634766
2024-03-27,91.40985870361328,74.93061065673828,203.10000610351562,100.47711944580078,512.1349487304688,87.64249420166016,80.14839935302734,39.236854553222656
2024-03-28,91.29801177978516,74.76210021972656,205.72000122070312,100.38497161865234,512.037109375,87.56845092773438,80.71773529052734,39.368804931640625
2024-04-01,90.63419342041016,74.44380950927734,207.82000732421875,99.42375183105469,511.1462097167969,85.93608856201172,79.3643569946289,39.52903366088867
2024-04-02,90.5687484741211,73.9195556640625,210.88999938964844,99.27574920654297,507.8963928222656,85.4625244140625,78.36565399169922,39.660987854003906
2024-04-03,90.62483215332031,74.33146667480469,212.74000549316406,99.34049987792969,508.4542236328125,85.44393157958984,78.44966125488281,39.71753692626953
2024-04-04,90.8398666381836,73.69487762451172,211.52000427246094,99.45153045654297,502.248046875,86.05679321289062,77.94562530517578,39.57616424560547
2024-04-05,90.39110565185547,73.92891693115234,215.13999938964844,99.0167007446289,507.49493408203125,84.85899353027344,78.34698486328125,39.69868087768555
2024-04-08,90.30696105957031,74.29402160644531,216.47999572753906,99.00747680664062,507.77880859375,84.84969329833984,79.18701171875,39.9437370300293
2024-04-09,90.615478515625,74.28466033935547,217.6699981689453,99.51627349853516,508.3662109375,85.63896179199219,80.2417221069336,40.2924690246582
2024-04-10,89.53092956542969,73.30168151855469,215.61000061035156,98.100830078125,503.27581787109375,83.77259063720703,76.91893768310547,39.849483489990234
2024-04-11,89.54961395263672,73.49828338623047,219.8000030517578,97.89729309082031,507.0740661621094,83.39187622070312,77.1802749633789,39.98143768310547
2024-04-12,89.71793365478516,72.3093490600586,216.88999938964844,98.11932373046875,500.0748596191406,83.83759307861328,76.26557922363281,39.208580017089844
2024-04-15,89.1756591796875,72.09402465820312,220.9499969482422,97.03692626953125,493.809814453125,82.53762817382812,74.96818542480469,38.96352005004883
2024-04-16,88.9232177734375,71.3825454711914,221.22000122070312,96.713134765625,492.9092102050781,81.98981475830078,73.9134750366211,38.482845306396484
2024-04-17,89.33460235595703,71.42935943603516,219.58999633789062,97.24046325683594,489.9920349121094,82.89977264404297,73.37212371826172,38.54882049560547
2024-04-18,89.08216094970703,71.23275756835938,220.33999633789062,97.04615020751953,488.9837951660156,82.48191833496094,73.38146209716797,38.652496337890625
2024-04-19,89.1756591796875,71.2608413696289,221.02999877929688,97.14794921875,484.7157287597656,82.779052734375,73.73613739013672,38.539390563964844
2024-04-22,89.23175048828125,72.09402465820312,215.57000732421875,97.38848114013672,489.1795959472656,82.6397705078125,74.3895034790039,38.8692741394043
2024-04-23,89.41874694824219,72.88040924072266,215.0399932861328,97.55499267578125,494.98455810546875,82.6676254272461,75.07086181640625,39.18973159790039
2024-04-24,89.18500518798828,72.73998260498047,214.63999938964844,97.17569732666016,494.7496032714844,82.0826644897461,75.21086883544922,39.312255859375
2024-04-25,88.93257904052734,72.40296936035156,215.9199981689453,96.88890838623047,492.8700256347656,81.5069580078125,74.7815170288086,39.434783935546875
2024-04-26,89.12891387939453,72.98338317871094,216.6199951171875,97.25896453857422,497.5395202636719,81.93407440185547,74.81885528564453,39.88718795776367
2024-04-29,89.40006256103516,73.26423645019531,216.17999267578125,97.666015625,499.301513671875,82.62120819091797,75.58422088623047,40.283042907714844
2024-04-30,89.03541564941406,72.33743286132812,211.8699951171875,97.12944030761719,491.3919372558594,81.91552734375,74.30550384521484,39.745811462402344
2024-05-01,89.34959411621094,72.17829132080078,213.7899932861328,97.53347778320312,489.7962951660156,82.51932525634766,74.33349609375,39.792938232421875
2024-05-02,89.75286102294922,73.15190124511719,213.1300048828125,98.13719940185547,494.3775939941406,82.87339782714844,75.37886810302734,40.763729095458984
2024-05-03,90.2124252319336,73.88211059570312,212.9600067138672,98.82450103759766,500.5055847167969,83.71199798583984,75.88289642333984,41.12188720703125
2024-05-06,90.27808380126953,74.38763427734375,215.1999969482422,99.1031265258789,505.67413330078125,84.03815460205078,75.94822692871094,41.04647445678711
2024-05-07,90.46565246582031,74.584228515625,214.2100067138672,99.14958190917969,506.23211669921875,84.55062866210938,76.66691589355469,40.754302978515625
2024-05-08,90.27808380126953,74.49996948242188,213.5800018310547,98.89881134033203,506.2811584472656,84.03815460205078,76.02288818359375,40.71660232543945
2024-05-09,90.44690704345703,75.07102966308594,216.9499969482422,99.05670928955078,509.19818115234375,84.44811248779297,77.58162689208984,40.87682342529297
2024-05-10,90.25930786132812,75.21145629882812,218.7100067138672,98.74090576171875,509.8541564941406,83.972900390625,77.36695098876953,40.961647033691406
2024-05-13,90.30622100830078,75.21145629882812,216.25999450683594,98.77806091308594,509.92266845703125,84.18722534179688,77.61895751953125,41.2821044921875
2024-05-14,90.550048828125,75.77315521240234,218.08999633789062,99.06597900390625,512.2622680664062,84.66242218017578,78.21631622314453,41.48945999145508
2024-05-15,91.1502914428711,76.5782699584961,220.88999938964844,99.94834899902344,518.6055297851562,85.8178482055664,79.29901885986328,41.84761428833008
2024-05-16,91.04711151123047,76.16635131835938,220.02999877929688,99.79045867919922,517.53857421875,85.7339859008789,79.2430191040039,42.007843017578125
2024-05-17,90.75639343261719,76.42848205566406,223.66000366210938,99.55825805664062,518.2825317382812,85.15628814697266,79.23368072509766,42.309444427490234
2024-05-20,90.67196655273438,76.4846420288086,224.55999755859375,99.51182556152344,518.879638671875,84.90471649169922,78.76700592041016,42.21519470214844
2024-05-21,90.84078979492188,76.3629379272461,224.22999572753906,99.67899322509766,520.1522827148438,85.3426284790039,78.73899841308594,41.97013854980469
2024-05-22,90.72821044921875,75.64210510253906,220.11000061035156,99.53038787841797,518.654541015625,85.44514465332031,78.0296401977539,41.84761428833008
2024-05-23,90.47501373291016,75.25827026367188,215.72000122070312,99.09386444091797,514.8660888671875,84.8953857421875,76.34957122802734,41.527164459228516
2024-05-24,90.57818603515625,75.87613677978516,215.9199981689453,99.36322784423828,518.2727661132812,85.14696502685547,76.40557861328125,41.659114837646484
2024-05-28,90.15615844726562,75.84805297851562,218.19000244140625,98.76876831054688,518.6349487304688,83.92633819580078,75.90155029296875,41.54601287841797
2024-05-29,89.80913543701172,74.6497573852539,216.16000366210938,98.23934936523438,515.0031127929688,82.91067504882812,75.16419219970703,41.02762222290039
2024-05-30,90.23117065429688,75.2770004272461,216.57000732421875,98.84309387207031,511.5868225097656,83.71199798583984,76.26557922363281,40.95222854614258
2024-05-31,90.52191162109375,75.99783325195312,215.3000030517578,99.27960968017578,516.2463989257812,84.28040313720703,77.6936264038086,40.60349655151367
2024-06-03,91.06946563720703,76.21316528320312,217.22000122070312,99.96488189697266,516.6673583984375,85.64360809326172,77.51628875732422,41.008785247802734
2024-06-04,91.39874267578125,76.11953735351562,215.27000427246094,100.35647583007812,517.2449340820312,86.64401245117188,78.11363983154297,40.36787033081055
2024-06-05,91.68096160888672,76.65315246582031,217.82000732421875,100.69209289550781,523.3923950195312,87.27980041503906,78.02029418945312,40.886253356933594
2024-06-06,91.70922088623047,76.91529083251953,219.42999267578125,100.62684631347656,523.3826293945312,87.14888763427734,78.16963958740234,41.07475662231445
2024-06-07,90.90013122558594,76.08209228515625,211.60000610351562,99.72246551513672,522.746337890625,85.55007934570312,77.43229675292969,40.73545455932617
2024-06-10,90.8248519897461,76.02592468261719,213.5399932861328,99.51734924316406,524.3613891601562,84.97975158691406,77.6936264038086,40.95222854614258
2024-06-11,91.13531494140625,75.16200256347656,214.14999389648438,99.94622039794922,525.6243286132812,85.85862731933594,77.41361236572266,40.857975006103516
2024-06-12,91.5680923461914,76.0478286743164,214.72000122070312,100.56156158447266,529.9412231445312,86.50375366210938,78.10430908203125,41.17843246459961
2024-06-13,92.02906799316406,74.96197509765625,212.97000122070312,101.03705596923828,531.0082397460938,87.77532958984375,78.4216537475586,41.13130187988281
2024-06-14,92.12316131591797,74.13330078125,215.72999572753906,101.1209945678711,531.3314208984375,88.51396179199219,78.40299224853516,41.24441146850586
2024-06-17,91.79387664794922,74.42857360839844,214.61000061035156,100.64549255371094,535.5601806640625,87.63509368896484,78.094970703125,41.470611572265625
2024-06-18,92.12316131591797,74.7238540649414,215.47000122070312,101.11164855957031,536.9208374023438,88.43914031982422,78.40299224853516,41.80049133300781
2024-06-20,91.96321868896484,74.77147674560547,218.16000366210938,100.77601623535156,535.4623413085938,87.85014343261719,78.17897033691406,41.72509002685547
2024-06-21,91.97262573242188,74.24759674072266,214.77999877929688,100.8039779663086,534.7445068359375,87.85014343261719,78.37499237060547,41.583168029785156
2024-06-24,92.04789733886719,74.83815002441406,215.6300048828125,100.90656280517578,533.006103515625,88.20539855957031,78.98167419433594,41.55478286743164
2024-06-25,92.03849029541016,75.01912689208984,214.55999755859375,100.8692398071289,535.0587158203125,88.35501861572266,78.0109634399414,41.431785583496094
2024-06-26,91.62452697753906,74.4666748046875,212.5800018310547,100.31917572021484,535.7265625,87.09280395507812,77.76829528808594,41.3182487487793
2024-06-27,91.77506256103516,74.5238265991211,214.99000549316406,100.51496124267578,536.5711059570312,87.43873596191406,78.52432250976562,41.29932403564453
2024-06-28,91.323486328125,74.60955810546875,215.00999450683594,99.87164306640625,534.4595947265625,85.8118896484375,79.15084075927734,41.403404235839844
2024-07-01,90.83367919921875,74.7428970336914,215.57000732421875,99.27848052978516,535.5595703125,84.33086395263672,78.40431213378906,41.49801254272461
2024-07-02,91.13568115234375,74.92388153076172,215.55999755859375,99.91468811035156,539.1636962890625,84.98743438720703,78.7728500366211,41.64939880371094
2024-07-03,91.62641143798828,75.7811279296875,217.99000549316406,100.6538314819336,541.56982421875,86.10360717773438,78.6972427368164,42.2643928527832
2024-07-05,92.08885955810547,76.28595733642578,220.92999267578125,101.17776489257812,544.6928100585938,86.81641387939453,78.91458892822266,42.25493240356445
2024-07-08,92.11714935302734,75.90496063232422,218.19000244140625,101.16842651367188,545.3212280273438,87.0040054321289,79.16973114013672,42.25493240356445
2024-07-09,92.03221893310547,75.60015869140625,218.55999755859375,100.98127746582031,545.8516845703125,86.61946105957031,79.15084075927734,42.43470001220703
2024-07-10,92.12659454345703,76.66695404052734,219.36000061035156,101.22455596923828,551.2529296875,86.89146423339844,79.73672485351562,42.60500717163086
2024-07-11,92.59844207763672,76.88603973388672,223.25,101.76720428466797,546.499755859375,87.73563385009766,82.0235595703125,42.936161041259766
2024-07-12,92.85325622558594,77.70519256591797,223.11000061035156,102.14144897460938,549.94677734375,88.11079406738281,82.6472396850586,43.134849548339844
2024-07-15,92.53237915039062,77.0193862915039,223.8300018310547,101.580078125,551.4591674804688,87.09781646728516,83.20476531982422,42.69015884399414
2024-07-16,92.9098892211914,77.39086151123047,228.2899932861328,102.1695327758789,554.7295532226562,88.32653045654297,84.225341796875,42.964542388916016
2024-07-17,92.97594451904297,76.98129272460938,227.22999572753906,102.21632385253906,546.9514770507812,88.34529113769531,84.80176544189453,42.340087890625
2024-07-18,92.72115325927734,76.21928405761719,225.77999877929688,101.77655792236328,542.748291015625,87.66996765136719,84.05523681640625,41.97108840942383
2024-07-19,92.53237915039062,75.75255584716797,221.72999572753906,101.4023208618164,539.14404296875,87.15409851074219,83.90404510498047,41.564247131347656
2024-07-22,92.4946517944336,76.55266571044922,221.8000030517578,101.34617614746094,544.70263671875,86.9008560180664,84.7734146118164,41.88593673706055
2024-07-23,92.48519897460938,76.12403106689453,222.5800018310547,101.2713394165039,543.8482666015625,86.77890014648438,84.70726776123047,41.450714111328125
2024-07-24,92.20209503173828,75.16200256347656,221.8000030517578,100.6538314819336,531.5232543945312,85.8409652709961,83.45990753173828,41.01547622680664
2024-07-25,92.4568862915039,74.68576049804688,218.3300018310547,101.05614471435547,528.7537841796875,86.54443359375,83.18587493896484,40.911407470703125
2024-07-26,92.78718566894531,75.63825988769531,220.6300048828125,101.61751556396484,534.6756591796875,87.21976470947266,84.64111328125,41.36555862426758
2024-07-29,92.93820190429688,75.30488586425781,220.32000732421875,101.83270263671875,534.9899291992188,87.68871307373047,85.0758056640625,41.223628997802734
2024-07-30,93.03257751464844,75.47633361816406,222.52000427246094,101.91690826416016,532.279541015625,88.02638244628906,85.73729705810547,41.1100959777832
2024-07-31,93.53275299072266,76.54312896728516,226.5500030517578,102.50635528564453,540.931396484375,88.92680358886719,85.4349136352539,41.90485763549805
2024-08-01,93.92463684082031,74.51431274414062,225.77000427246094,102.84626007080078,533.2713012695312,89.69377136230469,86.29483032226562,41.21417236328125
2024-08-02,94.97541809082031,73.34272003173828,225.33999633789062,103.85095977783203,523.3427124023438,92.48876953125,86.24756622314453,40.76948165893555
2024-08-05,94.8996810913086,71.74252319335938,222.47999572753906,103.58804321289062,508.1009826660156,92.97813415527344,83.78119659423828,39.64357376098633
2024-08-06,94.33169555664062,71.86634826660156,220.6999969482422,102.9119873046875,512.7854614257812,90.89836120605469,85.4349136352539,39.91794967651367
2024-08-07,94.0477066040039,72.20924377441406,220.5500030517578,102.44248962402344,509.3580627441406,90.2584457397461,84.84901428222656,40.23017883300781
2024-08-08,93.90570831298828,73.41893005371094,224.00999450683594,102.48943328857422,521.133056640625,89.70319366455078,85.68059539794922,41.10063171386719
2024-08-09,94.23705291748047,73.70467376708984,224.55999755859375,103.01527404785156,523.4310913085938,90.58781433105469,86.07747650146484,41.204708099365234
2024-08-12,94.39796447753906,73.63799285888672,228.41000366210938,103.23124694824219,523.7059936523438,90.91719818115234,85.44435119628906,41.38447952270508
2024-08-13,94.77660369873047,74.90483093261719,228.05999755859375,103.95425415039062,532.3187866210938,91.5477066040039,86.19087982177734,41.69670104980469
2024-08-14,94.947021484375,75.18106079101562,226.1999969482422,104.41435241699219,533.998046875,92.12174987792969,86.41766357421875,41.431785583496094
2024-08-15,94.54943084716797,76.095458984375,226.91000366210938,104.09507751464844,543.1509399414062,91.37830352783203,86.35152435302734,41.88593673706055
2024-08-16,94.77660369873047,76.51455688476562,231.99000549316406,104.40496063232422,544.3687133789062,91.6982650756836,86.30427551269531,42.321163177490234
2024-08-19,94.8807373046875,77.44800567626953,231.61000061035156,104.64910125732422,549.5736083984375,92.12174987792969,87.02244567871094,42.75638961791992
2024-08-20,95.16471862792969,77.20988464355469,232.4600067138672,104.92140197753906,548.679931640625,92.85578918457031,86.91851043701172,42.340087890625
2024-08-21,95.3445816040039,77.92426300048828,232.14999389648438,105.15614318847656,550.5655517578125,92.9122543334961,87.38154602050781,42.53877639770508
2024-08-22,94.95647430419922,77.4670639038086,229.3699951171875,104.7242202758789,546.2444458007812,91.98999786376953,87.63668823242188,42.037315368652344
2024-08-23,95.39192962646484,78.88629150390625,232.02000427246094,105.32516479492188,552.0485229492188,92.59227752685547,89.5644302368164,42.642852783203125
2024-08-26,95.3067398071289,78.53386688232422,232.75999450683594,105.1937026977539,550.7324829101562,92.35704040527344,89.52661895751953,42.36846923828125
2024-08-27,95.33509826660156,78.89582061767578,233.38999938964844,105.10918426513672,551.4886474609375,92.1970443725586,89.65892791748047,42.4157829284668
2024-08-28,95.24992370605469,78.61959838867188,231.75,104.89324188232422,548.287109375,92.08411407470703,89.30929565429688,42.141395568847656
2024-08-29,95.1268539428711,78.91486358642578,232.9499969482422,104.71482849121094,548.336181640625,91.78297424316406,89.03524780273438,42.19816207885742
2024-08-30,94.8996810913086,79.0386962890625,231.2899932861328,104.4237289428711,553.5706787109375,90.80423736572266,89.8951644897461,42.31170654296875
2024-09-03,95.30039978027344,77.7909164428711,230.2899932861328,104.73944854736328,542.1787719726562,92.28939056396484,89.8479232788086,41.66831970214844
2024-09-04,95.71820068359375,77.44800567626953,230.42999267578125,105.38971710205078,541.0689697265625,93.47898864746094,90.10305786132812,41.64939880371094
2024-09-05,95.96511840820312,77.4670639038086,232.35000610351562,105.90804290771484,539.7529907226562,94.0076904296875,89.81012725830078,41.762935638427734
2024-09-06,96.08855438232422,76.0097427368164,230.6300048828125,105.86092376708984,530.6688232421875,93.99826049804688,89.72506713867188,41.15739822387695
2024-09-09,96.23099517822266,76.771728515625,231.60000610351562,106.09652709960938,536.6102905273438,94.40425109863281,90.72675323486328,41.44123840332031
2024-09-10,96.52538299560547,76.39073181152344,232.6199951171875,106.38867950439453,538.9476928710938,95.06514739990234,92.04025268554688,41.34663009643555
2024-09-11,96.49687194824219,76.84793853759766,232.25,106.43579864501953,544.4767456054688,94.9896240234375,91.86071014404297,41.60209274291992
2024-09-12,96.41140747070312,77.47657775878906,236.3300018310547,106.36038970947266,549.06298828125,94.5458755493164,92.2481460571289,41.8764762878418
2024-09-13,96.61083221435547,77.65756225585938,238.67999267578125,106.69024658203125,551.9306640625,94.80079650878906,93.2120132446289,42.06570053100586
2024-09-16,96.83873748779297,78.28621673583984,238.66000366210938,107.16143035888672,552.7457275390625,95.66939544677734,93.52385711669922,42.2265510559082
2024-09-17,96.74376678466797,77.84806823730469,237.33999633789062,107.17088317871094,552.9716186523438,95.20675659179688,92.871826171875,42.27385330200195
2024-09-18,96.43988800048828,77.60041046142578,235.50999450683594,106.72793579101562,551.3316040039062,94.02659606933594,92.75843811035156,42.122474670410156
2024-09-19,96.44939422607422,79.13394165039062,239.1699981689453,106.8221664428711,560.7396850585938,93.71503448486328,92.77733612060547,43.00239181518555
2024-09-20,96.36392974853516,78.35289764404297,242.2100067138672,106.91641998291016,559.7704467773438,93.35626220703125,92.40879821777344,42.977718353271484
2024-09-23,96.3259506225586,78.6481704711914,242.67999267578125,106.76564025878906,561.1691284179688,93.15797424316406,93.3254165649414,43.328826904296875
2024-09-24,96.4588851928711,79.11488342285156,246.07000732421875,106.94470977783203,562.7748413085938,93.13909912109375,93.45771026611328,44.837650299072266
2024-09-25,96.08855438232422,78.68627166748047,245.72999572753906,106.31327819824219,561.53369140625,92.36492919921875,92.83403015136719,44.38215255737305
2024-09-26,96.10755157470703,80.41983032226562,246.97999572753906,106.31327819824219,563.7599487304688,92.58206176757812,91.99300384521484,45.79608154296875
2024-09-27,96.38292694091797,79.93404388427734,245.02000427246094,106.73735809326172,562.9423217773438,93.0635757446289,92.11022186279297,45.786590576171875
2024-09-30,96.16452026367188,79.65782165527344,243.05999755859375,106.4734878540039,565.1981811523438,92.61982727050781,92.8344497680664,45.40701675415039
2024-10-01,96.41883087158203,79.06726837158203,245.61000061035156,106.98518371582031,560.1349487304688,93.28854370117188,92.23409271240234,45.74863052368164
2024-10-02,96.21879577636719,78.90533447265625,245.66000366210938,106.74872589111328,560.3712768554688,92.50239562988281,91.91009521484375,46.69757843017578
2024-10-03,95.82831573486328,78.17190551757812,245.49000549316406,106.05824279785156,559.3467407226562,91.6309585571289,91.07152557373047,45.995365142822266
2024-10-04,95.20918273925781,78.62911987304688,245.0,105.48128509521484,564.4298706054688,90.5038070678711,90.6331787109375,46.555240631103516
2024-10-07,94.88536071777344,78.19095611572266,244.1699981689453,104.94215393066406,559.3270263671875,89.82182312011719,89.83271789550781,46.963287353515625
2024-10-08,95.04727172851562,78.067138671875,242.3699951171875,105.15023040771484,564.616943359375,89.97337341308594,90.01377868652344,45.587318420410156
2024-10-09,94.79963684082031,78.08618927001953,241.0500030517578,104.94215393066406,568.5277709960938,89.46190643310547,90.10906219482422,45.27416229248047
2024-10-10,94.74246215820312,77.99093627929688,242.82000732421875,104.82865905761719,567.5328369140625,89.11144256591797,89.30860137939453,45.369056701660156
2024-10-11,94.77105712890625,78.3909912109375,245.47000122070312,104.80974578857422,570.9313354492188,88.75152587890625,90.3187026977539,45.69169998168945
2024-10-14,94.68533325195312,78.61959838867188,245.07000732421875,104.81917572021484,575.6005249023438,88.81781005859375,90.86187744140625,45.47343826293945
2024-10-15,95.06632232666016,77.31465911865234,245.9199981689453,105.32994842529297,571.1283569335938,89.8976058959961,91.95774841308594,44.56245040893555
2024-10-16,95.19013214111328,77.51468658447266,247.14999389648438,105.6610107421875,573.6107788085938,90.27647399902344,92.96784973144531,44.9799919128418
2024-10-17,94.72341918945312,77.52421569824219,248.6300048828125,104.87594604492188,573.659912109375,88.84624481201172,92.23409271240234,44.837650299072266
2024-10-18,94.79010009765625,78.048095703125,251.27000427246094,104.75297546386719,575.8665771484375,88.91254425048828,92.92020416259766,45.388038635253906
2024-10-21,94.13289642333984,77.1241683959961,251.22000122070312,103.68416595458984,574.9208984375,87.3591537475586,91.10011291503906,45.06539535522461
2024-10-22,94.15193176269531,76.6860122680664,253.92999267578125,103.6747055053711,574.615478515625,87.44439697265625,91.23351287841797,45.00845718383789
2024-10-23,93.91382598876953,75.91448211669922,250.8699951171875,103.32474517822266,569.364990234375,87.20760345458984,91.90057373046875,44.72377395629883
2024-10-24,94.09480285644531,76.3431167602539,252.8000030517578,103.63689422607422,570.596435546875,87.76644897460938,92.10070037841797,44.67633056640625
2024-10-25,93.90428924560547,76.08592987060547,253.32000732421875,103.39094543457031,570.3994140625,87.27388000488281,91.23351287841797,44.638370513916016
2024-10-28,93.75192260742188,76.6955337524414,253.3300018310547,103.30583953857422,572.1627197265625,87.037109375,91.51939392089844,44.78071212768555
2024-10-29,93.85668182373047,76.4193115234375,256.0899963378906,103.42880249023438,573.0886840820312,87.1697006225586,90.86187744140625,44.609901428222656
2024-10-30,93.76144409179688,75.92400360107422,257.5,103.29637145996094,571.3548583984375,87.42545318603516,91.2621078491211,44.287261962890625
2024-10-31,93.74238586425781,75.45729064941406,253.50999450683594,103.0882797241211,560.1546020507812,87.5675277709961,89.7183609008789,44.19236373901367
2024-11-01,93.36974334716797,75.60968017578125,252.47000122070312,102.52350616455078,562.518798828125,86.33296203613281,88.7273178100586,44.20185852050781
2024-11-04,93.76148986816406,75.66683197021484,252.8300018310547,103.28287506103516,561.3070678710938,87.67301940917969,89.69930267333984,44.34419631958008
2024-11-05,93.98124694824219,76.4193115234375,253.39999389648438,103.77644348144531,568.0943603515625,88.13871002197266,90.89046478271484,44.98947525024414
2024-11-06,93.24552917480469,75.31440734863281,245.6999969482422,102.69436645507812,582.2202758789062,85.7247314453125,88.95601654052734,44.56245040893555
2024-11-07,93.95259094238281,76.45740509033203,249.64999389648438,103.90933990478516,586.72216796875,86.79866027832031,90.02330780029297,45.53038024902344
2024-11-08,94.11502075195312,75.40013885498047,247.9600067138672,104.27005004882812,589.263671875,87.90111541748047,91.36693572998047,44.4011344909668
2024-11-11,93.90481567382812,75.41918182373047,242.13999938964844,104.07070922851562,589.8251953125,87.47343444824219,90.9095230102539,44.14491653442383
2024-11-12,93.36019897460938,74.01899719238281,240.0500030517578,103.13098907470703,587.9928588867188,86.16191864013672,89.65166473388672,43.3952522277832
2024-11-13,93.34107208251953,73.58084869384766,237.6300048828125,102.7418212890625,588.278564453125,85.3445816040039,90.14717864990234,43.167503356933594
2024-11-14,93.30286407470703,73.7332534790039,237.00999450683594,102.71334838867188,584.495849609375,85.8387680053711,89.33719635009766,42.901798248291016
2024-11-15,93.31243133544922,73.46654510498047,236.58999633789062,102.76080322265625,577.00927734375,85.6106948852539,89.38484191894531,42.8163948059082
2024-11-18,93.39842224121094,73.86660766601562,241.08999633789062,102.9506607055664,579.3734741210938,85.76274108886719,90.0328369140625,43.1769905090332
2024-11-19,93.53217315673828,73.77134704589844,243.25,103.16897583007812,581.4913330078125,86.1999282836914,90.47117614746094,43.2434196472168
2024-11-20,93.4366226196289,73.57132720947266,244.6199951171875,102.92217254638672,581.6884765625,85.92430114746094,90.35681915283203,43.23393249511719
2024-11-21,93.38887023925781,73.59037780761719,246.66000366210938,102.79878234863281,584.81103515625,85.85778045654297,91.02388000488281,43.08209991455078
2024-11-22,93.45573425292969,73.87612915039062,249.83999633789062,102.89370727539062,586.6235961914062,85.90530395507812,91.70999145507812,43.09158706665039
2024-11-25,94.29656982421875,74.25712585449219,242.47999572753906,104.17512512207031,588.6134643554688,88.12920379638672,92.9869155883789,43.11056900024414
2024-11-26,94.15323638916016,73.82850646972656,242.9499969482422,103.90933990478516,591.6869506835938,87.78707122802734,93.35855102539062,42.88282012939453
2024-11-27,94.41121673583984,74.22855377197266,243.49000549316406,104.28903198242188,589.89404296875,88.39532470703125,93.95890808105469,43.04414367675781
2024-11-29,94.78385925292969,75.21915435791016,245.58999633789062,104.93448638916016,593.5585327148438,89.30767059326172,93.53961181640625,43.2434196472168
2024-12-02,94.79535675048828,75.4287109375,243.44000244140625,105.09927368164062,594.6223754882812,89.52227783203125,92.17693328857422,43.461673736572266
2024-12-03,94.61323547363281,75.85733795166016,243.92999267578125,104.72779083251953,594.8982543945312,88.7497787475586,91.70999145507812,43.64198303222656
2024-12-04,94.9199447631836,75.91448211669922,244.6699981689453,105.23262786865234,598.5922241210938,89.70345306396484,91.46222686767578,43.70840835571289
2024-12-05,94.93914794921875,76.28595733642578,242.86000061035156,105.20404815673828,597.607177734375,89.8846664428711,91.24304962158203,43.99308776855469
2024-12-06,95.20752716064453,76.27644348144531,242.9499969482422,105.4421615600586,598.7400512695312,90.01818084716797,91.1096420288086,44.01206970214844
2024-12-09,94.92955017089844,76.22880554199219,245.36000061035156,105.17546844482422,595.65673828125,89.1884765625,91.36693572998047,45.084373474121094
2024-12-10,94.81452941894531,75.54300689697266,248.58999633789062,105.01354217529297,593.8048706054688,88.76884460449219,90.04235076904297,44.24930191040039
2024-12-11,94.59408569335938,76.01925659179688,250.9600067138672,104.72779083251953,598.3953247070312,87.92961883544922,89.83271789550781,44.32521438598633
2024-12-12,94.21067810058594,75.35250854492188,247.27999877929688,104.13723754882812,595.31201171875,86.86149597167969,89.68978118896484,44.059513092041016
2024-12-13,93.85602569580078,75.14295196533203,244.2899932861328,103.55620574951172,595.1937866210938,85.97457122802734,89.43248748779297,44.0784912109375
2024-12-16,93.94230651855469,74.89530181884766,244.8800048828125,103.68955993652344,597.7352905273438,86.23207092285156,89.1180191040039,43.850738525390625
2024-12-17,93.94230651855469,74.77654266357422,243.94000244140625,103.6990966796875,595.2725830078125,86.4418716430664,88.68920135498047,43.74636459350586
2024-12-18,93.22687530517578,72.942138671875,239.25999450683594,102.41343688964844,577.5313720703125,85.36096954345703,85.02994537353516,42.73099136352539
2024-12-19,92.98645782470703,72.71041870117188,239.60000610351562,101.85901641845703,577.35400390625,84.06848907470703,83.71490478515625,42.91128921508789
2024-12-20,93.23648834228516,72.5076675415039,242.10000610351562,102.26049041748047,584.2886352539062,84.54718017578125,85.125244140625,43.15036392211914
2024-12-23,92.947998046875,72.98075103759766,240.9600067138672,101.96415710449219,587.7875366210938,83.77171325683594,85.45814514160156,43.335018157958984
2024-12-24,93.05378723144531,73.2414321899414,241.44000244140625,102.27961730957031,594.32080078125,84.12593078613281,86.02581787109375,43.50995635986328
2024-12-26,93.12109375,73.5890121459961,243.07000732421875,102.37519836425781,594.3603515625,84.07805633544922,86.2567367553711,43.403045654296875
2024-12-27,92.92877960205078,73.48280334472656,241.39999389648438,101.9450454711914,588.103759765625,83.38874816894531,85.39079284667969,43.24755096435547
2024-12-30,93.29415893554688,73.00006866455078,240.6300048828125,102.3847427368164,581.392578125,84.05892181396484,84.96744537353516,42.8685302734375
2024-12-31,93.17879486083984,73.00006866455078,242.1300048828125,102.12665557861328,579.2774047851562,83.60893249511719,85.70831298828125,42.800498962402344
2025-01-02,93.18841552734375,72.74903869628906,245.4199981689453,102.13621520996094,577.8541870117188,83.83870697021484,84.94821166992188,42.683876037597656
2025-01-03,93.09224700927734,73.06764221191406,243.49000549316406,101.89726257324219,585.0792846679688,83.5706558227539,86.06429290771484,42.897682189941406
2025-01-06,92.99607849121094,73.7627944946289,243.19000244140625,101.63916015625,588.4497680664062,83.19727325439453,84.95783233642578,42.88796615600586
2025-01-07,92.66913604736328,73.70486450195312,244.55999755859375,101.1707763671875,581.7979125976562,82.25901794433594,84.14962005615234,42.6158447265625
2025-01-08,92.77490997314453,73.5890121459961,245.86000061035156,101.33329010009766,582.6478271484375,82.36434936523438,84.37091827392578,42.343727111816406
2025-01-10,92.25565338134766,72.46904754638672,248.2100067138672,100.75018310546875,573.7522583007812,81.81861877441406,82.31192016601562,41.60511779785156
2025-01-13,92.16909790039062,72.26628875732422,245.74000549316406,100.46341705322266,574.6419067382812,81.78990173339844,83.3221664428711,41.30384063720703
2025-01-14,92.19794464111328,72.5269775390625,247.02999877929688,100.57813262939453,575.4326171875,81.65586853027344,84.082275390625,41.79948806762695
2025-01-15,92.99607849121094,73.45384216308594,248.8800048828125,101.78254699707031,585.8997802734375,83.063232421875,84.56333923339844,42.236820220947266
2025-01-16,93.197998046875,73.83038330078125,250.60000610351562,101.98328399658203,584.77294921875,83.331298828125,86.314453125,42.217384338378906
2025-01-17,93.197998046875,74.12967681884766,249.27000427246094,102.06930541992188,590.64404296875,83.47491455078125,86.2567367553711,42.5672492980957
2025-01-21,93.50572204589844,75.62617492675781,253.1300048828125,102.6619644165039,596.0504150390625,84.2216796875,87.8731460571289,42.96571350097656
2025-01-22,93.2845687866211,75.45238494873047,254.42999267578125,102.33695220947266,599.401123046875,83.78128051757812,86.34332275390625,42.92683792114258
2025-01-23,93.1307144165039,76.07029724121094,254.07000732421875,102.19356536865234,602.6727905273438,83.1302490234375,86.97834014892578,43.0920524597168
2025-01-24,93.2845687866211,76.49510955810547,255.64999389648438,102.39430236816406,600.913330078125,83.50363159179688,87.276611328125,43.3253059387207
2025-01-27,93.8038330078125,76.49510955810547,252.99000549316406,103.1016616821289,592.4131469726562,84.48974609375,88.44080352783203,42.62556457519531
2025-01-28,93.77497863769531,76.39855194091797,255.17999267578125,102.95828247070312,597.50341796875,84.43230438232422,87.37281799316406,42.8685302734375
2025-01-29,93.71726989746094,76.38890838623047,254.1999969482422,102.82445526123047,594.8248901367188,84.25996398925781,86.21824645996094,42.897682189941406
2025-01-30,93.85189056396484,77.22887420654297,258.04998779296875,103.05387878417969,598.017333984375,84.57591247558594,87.31509399414062,43.55854797363281
2025-01-31,93.65959167480469,76.5047607421875,258.55999755859375,102.71931457519531,594.834716796875,84.0206298828125,87.12266540527344,43.15036392211914
2025-02-03,93.74834442138672,75.60685729980469,259.94000244140625,102.8814468383789,590.8317260742188,84.70472717285156,86.93984985351562,42.897682189941406
2025-02-04,93.92201232910156,76.48545837402344,262.5,103.0829086303711,594.7952270507812,84.9641342163086,87.00720977783203,43.587703704833984
2025-02-05,94.4237060546875,77.22887420654297,264.1300048828125,103.80241394042969,597.2068481445312,86.36690521240234,88.22913360595703,43.393333435058594
2025-02-06,94.32721710205078,77.59576416015625,263.42999267578125,103.61055755615234,599.2825317382812,86.32848358154297,88.45042419433594,43.59741973876953
2025-02-07,94.02813720703125,76.86198425292969,263.8999938964844,103.1596450805664,593.7969360351562,85.77120208740234,88.16178131103516,43.616859436035156
2025-02-10,94.05707550048828,77.38335418701172,268.3699951171875,103.18843841552734,597.8295288085938,85.51180267333984,88.12329864501953,44.054195404052734
2025-02-11,93.84481811523438,77.75023651123047,267.3900146484375,102.95818328857422,598.2842407226562,84.9641342163086,88.5081558227539,43.869537353515625
2025-02-12,93.352783203125,78.03987884521484,267.6700134277344,102.4017562866211,596.3568115234375,83.81117248535156,87.69033813476562,44.08334732055664
2025-02-13,93.91236877441406,78.98604583740234,270.30999755859375,103.1980209350586,602.6530151367188,85.20433807373047,88.56588745117188,44.316593170166016
2025-02-14,94.25968170166016,79.1019058227539,266.2900085449219,103.60096740722656,602.623291015625,85.65593719482422,88.16178131103516,44.58871078491211
2025-02-18,93.88340759277344,79.6715316772461,270.70001220703125,103.17884063720703,604.3924560546875,84.64706420898438,88.55626678466797,44.802520751953125
2025-02-19,94.01847839355469,78.85088348388672,270.8500061035156,103.23640441894531,605.8157958984375,84.75275421142578,88.62361907958984,44.676177978515625
2025-02-20,94.16320037841797,79.21776580810547,270.989990234375,103.48583984375,603.29541015625,85.06982421875,89.04696655273438,45.15238952636719
2025-02-21,94.56842803955078,78.72537231445312,270.739990234375,103.85038757324219,592.9765625,86.0978775024414,88.17140197753906,45.09408187866211
2025-02-24,94.73242950439453,78.67709350585938,272.2099914550781,104.11901092529297,590.2782592773438,86.34769439697266,88.51778411865234,44.40406036376953
2025-02-25,95.32096099853516,79.39154815673828,268.6199951171875,104.91527557373047,587.3427124023438,87.83694458007812,89.60501098632812,44.384620666503906
2025-02-26,95.47531127929688,79.49774932861328,269.0299987792969,105.13592529296875,587.6392822265625,88.35578155517578,89.22977447509766,44.81224060058594
2025-02-27,95.3305892944336,78.59986114501953,264.92999267578125,104.69463348388672,578.2593994140625,87.73124694824219,89.58576965332031,44.02503204345703
2025-02-28,95.75509643554688,78.76399230957031,263.2699890136719,105.15511322021484,587.283447265625,88.80738067626953,90.34586334228516,43.47107696533203
2025-03-03,95.96221160888672,79.63292694091797,266.739990234375,105.48735046386719,576.9942626953125,89.2218246459961,90.76920318603516,43.05318069458008
2025-03-04,95.72027587890625,79.61360931396484,269.05999755859375,105.14067077636719,570.1644897460938,88.12305450439453,89.72046661376953,43.422489166259766
2025-03-05,95.39122009277344,81.51561737060547,269.6199951171875,104.80362701416016,576.29248046875,87.41944122314453,90.72109985351562,44.715049743652344
2025-03-06,95.2944564819336,80.67564392089844,268.25,104.4761962890625,566.0626831054688,87.13031005859375,88.3927001953125,44.48180389404297
2025-03-07,95.17833709716797,81.51561737060547,268.3900146484375,104.31248474121094,569.2354125976562,86.85079193115234,88.92189025878906,44.66645812988281
2025-03-10,95.63316345214844,79.59430694580078,266.0400085449219,104.66881561279297,554.073486328125,87.75679779052734,88.0655746459961,43.66544723510742
2025-03-11,95.2944564819336,79.323974609375,269.1600036621094,103.98506927490234,549.467529296875,87.13031005859375,87.03607177734375,43.9764404296875
2025-03-12,95.01380920410156,79.89360046386719,270.3299865722656,103.67691802978516,552.3832397460938,86.60983276367188,86.76667785644531,44.13193893432617
2025-03-13,95.30412292480469,79.36257934570312,275.1300048828125,104.00432586669922,545.0197143554688,87.37126159667969,85.05404663085938,43.995880126953125
2025-03-14,95.1105728149414,80.82046508789062,275.239990234375,103.9561767578125,556.2775268554688,86.90860748291016,86.75704193115234,44.78308868408203
2025-03-17,95.23638153076172,81.72801971435547,276.7300109863281,104.16803741455078,560.5671997070312,87.34235382080078,88.23875427246094,45.395347595214844
2025-03-18,95.33316040039062,81.7183609008789,279.9599914550781,104.4184341430664,554.5083618164062,87.42909240722656,87.77692413330078,45.27872848510742
2025-03-19,95.61382293701172,81.95973205566406,281.1099853515625,105.03474426269531,560.5474243164062,87.882080078125,87.88275909423828,45.34675598144531
2025-03-20,95.67188262939453,81.27423858642578,280.75,104.88066864013672,558.926513671875,87.93991088867188,87.82503509521484,44.93857955932617
2025-03-21,95.55575561523438,80.7721939086914,278.489990234375,104.73621368408203,559.11083984375,87.41944122314453,86.85325622558594,44.731361389160156
2025-03-24,95.18799591064453,80.76253509521484,277.25,104.28360748291016,569.1236572265625,86.52307891845703,88.19065856933594,44.86756134033203
2025-03-25,95.27509307861328,81.20665740966797,278.4700012207031,104.3895492553711,570.4917602539062,86.5134506225586,87.20111846923828,44.81892013549805
2025-03-26,95.04283142089844,80.15428161621094,278.239990234375,103.96581268310547,563.6810302734375,85.94478607177734,87.54132843017578,44.54652404785156
2025-03-27,94.99444580078125,80.32806396484375,281.9700012207031,103.84060668945312,562.18408203125,85.69419860839844,87.31776428222656,44.83837890625
2025-03-28,95.54606628417969,79.61360931396484,284.05999755859375,104.46656799316406,550.8626708984375,86.87969207763672,87.20111846923828,44.079559326171875
2025-03-31,95.72993469238281,78.9088134765625,288.1400146484375,104.66881561279297,554.5604858398438,87.73751068115234,88.0079116821289,44.030914306640625
2025-04-01,96.08433532714844,79.02466583251953,287.57000732421875,105.04292297363281,556.1267700195312,88.49781036376953,88.04679107666016,44.176841735839844
2025-04-02,95.97753143310547,79.2081069946289,288.1600036621094,105.28459930419922,559.646240234375,88.43976593017578,88.58141326904297,44.215755462646484
2025-04-03,96.482421875,77.54747772216797,286.4200134277344,105.27493286132812,532.0663452148438,88.84603118896484,85.55838012695312,43.41802978515625
2025-04-04,96.56979370117188,72.43042755126953,279.7200012207031,105.1589126586914,500.9176330566406,89.81331634521484,81.84522247314453,40.98591232299805
2025-04-07,95.34642791748047,70.68290710449219,273.7099914550781,103.10950469970703,500.025390625,87.10490417480469,79.697021484375,39.33207702636719
2025-04-08,94.85123443603516,70.44153594970703,275.20001220703125,101.80443572998047,492.1936340332031,85.46049499511719,77.55854797363281,38.80674743652344
2025-04-09,95.06484985351562,75.87718963623047,285.3800048828125,103.50584411621094,543.8834838867188,85.96349334716797,82.18543243408203,41.33613967895508
2025-04-10,94.31721496582031,74.38070678710938,292.3500061035156,101.74642944335938,520.051025390625,83.5936279296875,80.30940246582031,40.80107116699219
2025-04-11,94.22014617919922,76.24407958984375,297.92999267578125,101.72710418701172,529.3301391601562,84.04825592041016,81.29115295410156,41.929569244384766
2025-04-14,94.7735595703125,77.06474304199219,296.2300109863281,102.35546112060547,534.4654541015625,84.6479721069336,82.97277069091797,42.31871032714844
2025-04-15,94.96775817871094,77.7598876953125,297.7799987792969,102.90647888183594,532.9684448242188,84.94783020019531,83.22550964355469,42.32843780517578
2025-04-16,95.26873779296875,77.4605941772461,307.4700012207031,103.34150695800781,521.1216430664062,85.42180633544922,83.16718292236328,41.793373107910156
2025-04-17,95.02601623535156,78.3005599975586,306.1199951171875,103.19649505615234,521.8651733398438,84.66732025146484,84.411376953125,42.124141693115234
2025-04-21,94.45314025878906,77.8757553100586,315.5899963378906,102.08477783203125,509.443359375,83.18736267089844,82.65200805664062,42.17278289794922
2025-04-22,94.62791442871094,79.48809814453125,311.1099853515625,102.33612823486328,522.697998046875,83.65166473388672,84.255859375,42.83431625366211
2025-04-23,94.86094665527344,79.80670928955078,303.6499938964844,102.79046630859375,530.79736328125,84.46417999267578,84.411376953125,43.25263595581055
2025-04-24,95.38525390625,80.86874389648438,308.07000732421875,103.84418487548828,541.9701538085938,85.35408020019531,84.72244262695312,43.79743194580078
2025-04-25,95.73478698730469,81.21630859375,304.7300109863281,104.39521789550781,545.8860473632812,85.98284149169922,84.57662963867188,43.65150451660156
2025-04-28,95.99695587158203,81.7569808959961,309.07000732421875,104.63689422607422,546.0941772460938,86.52452087402344,85.10153198242188,43.76824951171875
2025-04-29,96.22998046875,81.92110443115234,306.05999755859375,104.87857055664062,549.5342407226562,87.24998474121094,85.55838012695312,43.92390441894531
2025-04-30,96.14259338378906,81.82456970214844,303.7699890136719,104.38555908203125,549.7523803710938,86.54386901855469,85.8597183227539,44.02118682861328
2025-05-01,95.88056945800781,81.56388854980469,297.4599914550781,104.0186538696289,553.6483764648438,86.10505676269531,86.1416015625,44.00172805786133
2025-05-02,95.4129867553711,83.12796020507812,297.9800109863281,103.76631164550781,561.8668212890625,85.17303466796875,87.20111846923828,45.178871154785156
2025-05-05,95.24739074707031,83.27278900146484,306.8800048828125,103.62071990966797,558.6448364257812,84.69731140136719,87.0067138671875,45.53882598876953
2025-05-06,95.48118591308594,83.16658020019531,315.4800109863281,103.82453918457031,553.9755249023438,84.9788589477539,86.33601379394531,45.3150749206543
2025-05-07,95.62728881835938,82.88658905029297,310.75,104.0380859375,556.3052978515625,85.33807373046875,86.43321228027344,44.750823974609375
2025-05-08,95.13050842285156,82.59695434570312,304.6300048828125,103.51394653320312,560.1815185546875,84.3866195678711,86.09300231933594,44.67298889160156
2025-05-09,95.22792053222656,83.00244903564453,306.8399963378906,103.4751205444336,559.4677124023438,84.5128402709961,86.66651153564453,44.99403381347656
2025-05-12,94.90646362304688,83.4272689819336,298.19000244140625,103.45571899414062,577.9567260742188,83.72644805908203,87.09420013427734,46.00579071044922
2025-05-13,94.80905151367188,83.53346252441406,299.4599914550781,103.5430679321289,581.7735595703125,83.38665771484375,85.98607635498047,46.0836181640625
2025-05-14,94.53630828857422,83.12796020507812,293.1600036621094,103.01895141601562,582.51708984375,82.8332748413086,85.14041137695312,46.4630241394043
2025-05-15,95.07205963134766,84.0355224609375,297.8399963378906,103.75660705566406,585.3622436523438,83.5614013671875,86.69566345214844,46.385196685791016
2025-05-16,95.13050842285156,84.2286148071289,294.239990234375,103.95072937011719,589.0698852539062,83.78469848632812,87.77462768554688,46.433841705322266
2025-05-19,95.10126495361328,85.02996826171875,298.0299987792969,103.96041870117188,589.7142944335938,83.54199981689453,87.79405212402344,46.62841033935547
2025-05-20,94.93568420410156,85.43547058105469,303.5799865722656,103.70807647705078,587.7315673828125,82.9400634765625,87.27887725830078,46.5311279296875
2025-05-21,94.312255859375,84.93341827392578,305.82000732421875,102.55307006835938,577.827880859375,81.52262115478516,84.95572662353516,46.41438293457031
2025-05-22,94.58501434326172,84.88513946533203,303.1099853515625,103.07717895507812,578.0558471679688,81.94979095458984,84.56690979003906,46.307369232177734
2025-05-23,94.72137451171875,85.0009994506836,309.75,103.15483856201172,574.1102294921875,82.08570861816406,84.65438842773438,46.5019416809082
2025-05-27,95.14997863769531,86.23681640625,304.5,104.08660888671875,586.0463256835938,83.2313232421875,86.13188171386719,46.33655548095703
2025-05-28,94.97464752197266,85.24237060546875,303.80999755859375,103.8342514038086,582.6558227539062,82.87210845947266,86.04440307617188,46.0544319152832
2025-05-29,95.32532501220703,85.61891174316406,305.6099853515625,104.30012512207031,584.9557495117188,83.63907623291016,86.82202911376953,46.258731842041016
2025-05-30,95.5591049194336,85.74442291259766,303.6000061035156,104.60101318359375,584.301513671875,83.76528930664062,86.82202911376953,45.723663330078125
2025-06-02,95.30792999267578,86.66162872314453,311.6700134277344,104.30487823486328,587.5928344726562,82.98571014404297,86.93867492675781,46.04470443725586
2025-06-03,95.2395248413086,86.0051040649414,308.9100036621094,104.35358428955078,590.9436645507812,82.83955383300781,86.76370239257812,46.15171432495117
2025-06-04,95.80636596679688,86.39129638671875,310.8999938964844,105.11344146728516,590.7849731445312,84.1843032836914,87.0067138671875,46.60894775390625
2025-06-05,95.5620346069336,86.33335876464844,309.3299865722656,104.79196166992188,587.9298095703125,84.2427749633789,86.93867492675781,46.7256965637207
2025-06-06,95.07337188720703,86.6423110961914,305.17999267578125,104.15874481201172,593.96728515625,83.17086791992188,87.35664367675781,46.92999267578125
2025-06-09,95.1906509399414,86.6326675415039,306.6199951171875,104.47048950195312,594.5026245117188,83.25856018066406,87.4732894897461,47.27048873901367
2025-06-10,95.40567779541016,86.74851989746094,306.7099914550781,104.72377014160156,597.8732299804688,83.68732452392578,88.22175598144531,47.62070846557617
2025-06-11,95.72816467285156,86.60369873046875,308.3699951171875,105.05498504638672,596.1681518554688,83.94068908691406,87.74545288085938,47.776363372802734
2025-06-12,96.08000946044922,87.26988220214844,312.20001220703125,105.63949584960938,598.5374755859375,84.94438934326172,88.17315673828125,47.786094665527344
2025-06-13,95.73795318603516,86.1499252319336,316.2900085449219,105.00627899169922,591.8457641601562,84.12583923339844,87.31776428222656,47.066192626953125
2025-06-16,95.54249572753906,86.47306823730469,311.7799987792969,104.82118225097656,597.4766845703125,83.27804565429688,87.38581085205078,47.503971099853516
2025-06-17,95.835693359375,85.41229248046875,311.94000244140625,105.18162536621094,592.3712158203125,84.29150390625,87.07476043701172,46.968902587890625
2025-06-18,95.90409851074219,85.55962371826172,310.260009765625,105.25956726074219,592.281982421875,84.43767547607422,87.37609100341797,46.842437744140625
2025-06-20,95.99205780029297,84.79350280761719,310.1300048828125,105.34722900390625,590.8909301757812,84.2817611694336,87.31776428222656,46.40241241455078
2025-06-23,96.1875228881836,85.43193817138672,311.0799865722656,105.61026763916016,596.7274780273438,84.55459594726562,88.63001251220703,46.782920837402344
2025-06-24,96.57846069335938,86.47306823730469,306.19000244140625,106.10708618164062,603.3196411132812,85.16851806640625,88.86329650878906,47.797607421875
2025-06-25,96.56867218017578,86.0016098022461,307.1199951171875,105.98045349121094,603.65771484375,85.27571105957031,86.72482299804688,47.91468811035156
2025-06-26,96.83255004882812,86.96417236328125,306.7799987792969,106.37012481689453,608.380615234375,85.70448303222656,86.64433288574219,48.236656188964844
2025-06-27,96.55889892578125,87.74993133544922,301.2200012207031,106.19478607177734,611.4032592773438,85.15878295898438,86.86028289794922,48.187870025634766
2025-06-30,96.94982147216797,87.79904174804688,304.8299865722656,106.77928161621094,614.3265380859375,85.996826171875,87.41978454589844,48.256168365478516
2025-07-01,96.86061096191406,87.6517105102539,307.54998779296875,106.90833282470703,614.127685546875,86.21004486083984,88.05781555175781,48.45130157470703
2025-07-02,96.74293518066406,87.9070816040039,309.25,106.8887939453125,616.9116821289062,85.66231536865234,88.26394653320312,48.587890625
2025-07-03,96.54685974121094,87.92672729492188,307.1400146484375,106.63456726074219,621.7738037109375,85.065673828125,88.36209869384766,48.80253601074219
2025-07-07,96.20368957519531,86.97399139404297,307.3699951171875,105.9990234375,617.140380859375,84.25383758544922,87.60628509521484,48.226898193359375
2025-07-08,96.16446685791016,87.61241912841797,304.1600036621094,105.69591522216797,616.8023681640625,84.14624786376953,87.47868347167969,48.41227340698242
2025-07-09,96.56645965576172,88.27050018310547,305.5199890136719,106.30213928222656,620.5010986328125,85.02653503417969,87.54739379882812,48.40251922607422
2025-07-10,96.53704833984375,88.21156311035156,306.20001220703125,106.3216781616211,622.2510986328125,85.08522033691406,88.09707641601562,48.45130157470703
2025-07-11,96.13505554199219,87.36686706542969,309.1400146484375,105.6763687133789,620.0635986328125,83.9114990234375,88.10690307617188,48.38300704956055
2025-07-14,96.125244140625,87.36686706542969,308.010009765625,105.64702606201172,621.2467651367188,83.7354507446289,88.67620849609375,48.44154357910156
2025-07-15,95.84092712402344,86.45342254638672,306.7300109863281,105.26570892333984,618.592041015625,83.14859008789062,87.3707046508789,48.792781829833984
2025-07-16,95.97818756103516,86.80701446533203,308.260009765625,105.43191528320312,620.66015625,83.26595306396484,88.19523620605469,49.017181396484375
2025-07-17,96.01741027832031,87.03292083740234,307.5899963378906,105.6861343383789,624.4583740234375,83.24639129638672,88.09707641601562,49.319637298583984
2025-07-18,96.19388580322266,86.7873764038086,308.3900146484375,105.8816909790039,624.0010375976562,83.37354278564453,88.28358459472656,49.26110076904297
2025-07-21,96.45861053466797,87.24900817871094,313.1300048828125,106.29234313964844,625.1842651367188,84.11690521240234,88.64676666259766,49.5147705078125
2025-07-22,96.6448974609375,87.73028564453125,316.1000061035156,106.54657745361328,625.2737426757812,84.6255111694336,90.16822052001953,49.5245246887207
2025-07-23,96.42919158935547,89.91077423095703,312.17999267578125,106.38035583496094,630.59326171875,84.15602111816406,90.34490966796875,49.98308563232422
2025-07-24,96.37036895751953,89.24288177490234,310.2699890136719,106.22391510009766,630.802001953125,84.00931549072266,90.03079986572266,49.73917007446289
2025-07-25,96.5272445678711,89.13483428955078,307.3999938964844,106.56612396240234,633.4667358398438,84.53749084472656,90.04061889648438,49.60258102416992
2025-07-28,96.39978790283203,87.70082092285156,305.4100036621094,106.35101318359375,633.3076782226562,83.98975372314453,88.59768676757812,49.21231460571289
2025-07-29,96.91944122314453,87.5240249633789,306.25,107.05500030517578,631.63720703125,85.40798950195312,90.02098846435547,49.24158477783203
2025-07-30,96.6448974609375,86.89541625976562,300.9599914550781,106.65412902832031,630.841796875,84.96786499023438,88.74492645263672,48.8415641784668
2025-07-31,96.69392395019531,85.96231842041016,302.9599914550781,106.68345642089844,628.4754028320312,85.0167465209961,87.4983139038086,48.587890625
2025-08-01,97.5301284790039,85.73641967773438,309.1099853515625,107.62986755371094,618.1743774414062,86.22540283203125,87.28236389160156,48.33422088623047
2025-08-04,97.60882568359375,86.87577056884766,310.9100036621094,107.81639862060547,627.5704956054688,86.4610366821289,88.17561340332031,48.783023834228516
2025-08-05,97.63833618164062,86.86595153808594,311.1600036621094,107.89494323730469,624.3887329101562,86.72615051269531,88.57805633544922,48.93913269042969
2025-08-06,97.59898376464844,87.43562316894531,310.5,107.86549377441406,629.17138671875,86.22540283203125,87.89094543457031,49.153778076171875
2025-08-07,97.52029418945312,88.22138977050781,313.1199951171875,107.75749206542969,628.6443481445312,86.078125,88.14616394042969,49.5147705078125
2025-08-08,97.33338165283203,88.76160430908203,313.04998779296875,107.41388702392578,633.5462646484375,85.70502471923828,87.41978454589844,49.45623016357422
2025-08-11,97.40223693847656,88.38835906982422,308.54998779296875,107.58077239990234,632.29345703125,85.80321502685547,86.84065246582031,49.39768981933594
2025-08-12,97.40223693847656,89.46878051757812,308.2699890136719,107.67896270751953,639.02490234375,85.3711929321289,87.33145141601562,49.96357345581055
2025-08-13,97.75639343261719,90.00899505615234,309.2099914550781,108.24837493896484,641.2123413085938,86.078125,88.14616394042969,50.529457092285156
2025-08-14,97.4809341430664,90.0188217163086,307.25,107.87530517578125,641.27197265625,85.43992614746094,87.51795196533203,49.96357345581055
2025-08-15,97.33338165283203,90.54920959472656,307.42999267578125,107.73785400390625,639.7706298828125,84.8311996459961,88.01854705810547,50.10992431640625
2025-08-18,97.22516632080078,90.45098114013672,306.95001220703125,107.54151153564453,639.63134765625,84.58573150634766,87.27255249023438,50.49043273925781
2025-08-19,97.41206359863281,90.46080780029297,305.2699890136719,107.70841217041016,636.1612548828125,85.07665252685547,88.77437591552734,50.12943649291992
2025-08-20,97.47109985351562,90.7849349975586,308.3599853515625,107.75749206542969,634.470947265625,85.26319885253906,89.02958679199219,50.10992431640625
2025-08-21,97.24483489990234,90.21525573730469,307.2900085449219,107.34516143798828,631.925537109375,84.84101104736328,88.76455688476562,50.02211380004883
2025-08-22,97.78590393066406,91.5707015991211,310.5799865722656,108.18946838378906,641.6299438476562,85.4693832397461,90.48233032226562,50.900203704833984
2025-08-25,97.63833618164062,90.36258697509766,309.8299865722656,107.9047622680664,638.8060302734375,85.22393035888672,89.96208953857422,50.68556213378906
2025-08-26,97.75639343261719,90.26437377929688,312.0799865722656,107.98329162597656,641.4807739257812,85.17483520507812,89.72650909423828,50.57823944091797
2025-08-27,97.85476684570312,90.04828643798828,312.7099914550781,108.02256774902344,642.9423828125,85.07665252685547,90.28601837158203,50.236759185791016
2025-08-28,97.97282409667969,90.38223266601562,315.0299987792969,108.18946838378906,645.2192993164062,85.63630676269531,90.05043029785156,50.42213439941406
2025-08-29,97.84493255615234,89.85184478759766,318.07000732421875,107.79676818847656,641.3713989257812,85.02755737304688,90.54122161865234,50.27578353881836
2025-09-02,97.5853500366211,88.96786499023438,325.5899963378906,107.43617248535156,636.61865234375,84.39481353759766,89.03939819335938,50.207489013671875
2025-09-03,97.940673828125,89.1053695678711,328.1400146484375,108.07655334472656,640.06884765625,85.32125091552734,89.0884780883789,50.34408187866211
2025-09-04,98.3354721069336,89.75362396240234,326.69000244140625,108.81546020507812,645.4181518554688,85.97174072265625,89.7559585571289,50.12943649291992
2025-09-05,98.79936981201172,90.15632629394531,331.04998779296875,109.5248031616211,643.5488891601562,87.28255462646484,90.7669906616211,50.705078125
2025-09-08,99.13494110107422,91.05995178222656,334.82000732421875,109.90902709960938,645.1298217773438,88.4455337524414,90.23693084716797,51.202659606933594
2025-09-09,98.93753814697266,90.7554702758789,334.05999755859375,109.71199035644531,646.6212768554688,87.9428939819336,90.03079986572266,51.397796630859375
2025-09-10,99.13494110107422,90.73582458496094,335.260009765625,110.03710174560547,648.4906005859375,88.4455337524414,89.8835678100586,51.631954193115234
2025-09-11,99.32247924804688,91.6983871459961,334.760009765625,110.5494155883789,653.8796997070312,89.03687286376953,91.52279663085938,52.2758903503418
2025-09-12,99.233642578125,91.33496856689453,335.4200134277344,110.35237121582031,653.660888671875,88.65250396728516,91.10072326660156,52.178321838378906
2025-09-15,99.40143585205078,91.94393157958984,338.9100036621094,110.69718933105469,657.1409301757812,88.8594741821289,90.9534912109375,52.52956008911133
2025-09-16,99.44091796875,91.68856048583984,339.5899963378906,110.59867858886719,656.2361450195312,89.0467300415039,90.47250366210938,52.86128616333008
2025-09-17,99.26325225830078,91.34478759765625,336.9700012207031,110.40162658691406,655.4208374023438,88.82005310058594,90.35472869873047,53.19300842285156
2025-09-18,98.98690032958984,91.6983871459961,335.6199951171875,110.17503356933594,658.4832763671875,87.9034652709961,90.55104064941406,52.9490966796875
2025-09-19,98.98690032958984,91.34478759765625,339.17999267578125,110.08637237548828,661.74462890625,87.73591613769531,89.96208953857422,52.88044357299805
2025-09-22,98.86844635009766,91.63945770263672,345.04998779296875,109.8400650024414,664.8753662109375,87.4205322265625,89.98171997070312,53.02755355834961
2025-09-23,99.02637481689453,91.46265411376953,346.4599914550781,110.05681610107422,661.256103515625,88.0315933227539,90.47250366210938,53.01774597167969
2025-09-24,98.8388442993164,90.93226623535156,343.32000732421875,109.61347198486328,659.1522216796875,87.69650268554688,89.58263397216797,52.91967010498047
2025-09-25,98.7006607055664,90.28401184082031,344.75,109.41642761230469,656.1112670898438,87.69650268554688,89.31507110595703,52.61565017700195
2025-09-26,98.7697525024414,90.98137664794922,346.739990234375,109.564208984375,659.8701782226562,87.61764526367188,90.197021484375,52.517578125
2025-09-29,98.95728302001953,91.33496856689453,352.4599914550781,109.9287338256836,661.7246704101562,88.33711242675781,90.22676086425781,52.90005874633789
2025-09-30,98.9474105834961,91.70820617675781,355.4700012207031,109.82037353515625,664.21728515625,88.08087158203125,90.5934066772461,53.135433197021484
2025-10-01,99.19992065429688,92.4645004272461,356.0299987792969,110.2613754272461,666.4806518554688,88.30834197998047,90.73213958740234,53.468875885009766
2025-10-02,99.30884552001953,92.61183166503906,354.7900085449219,110.4393539428711,667.248291015625,88.56549072265625,90.25648498535156,53.61598205566406
2025-10-03,99.19992065429688,93.38777160644531,357.6400146484375,110.3009262084961,667.2384033203125,88.39734649658203,90.5934066772461,53.733673095703125
2025-10-06,98.98207092285156,93.6038589477539,364.3800048828125,109.94495391845703,669.6312866210938,87.69515228271484,89.74118041992188,53.920005798339844
2025-10-07,99.15040588378906,92.78862762451172,366.260009765625,110.15260314941406,667.1486206054688,88.19955444335938,89.41417694091797,53.62579345703125
2025-10-08,99.16031646728516,93.06364440917969,372.29998779296875,110.01417541503906,671.1268920898438,88.26878356933594,88.94842529296875,53.92981719970703
2025-10-09,99.0414810180664,92.29753112792969,365.42999267578125,109.79663848876953,669.1826171875,88.19955444335938,88.46284484863281,53.459068298339844
2025-10-10,99.44747924804688,90.59831237792969,369.1199951171875,110.10316467285156,651.0960693359375,89.62372589111328,87.3331527709961,51.52705001831055
2025-10-13,99.63561248779297,91.32514953613281,378.0899963378906,110.47891235351562,661.0865478515625,89.57426452636719,87.88809967041016,52.958900451660156
2025-10-14,99.7940444946289,91.7376708984375,380.7900085449219,110.84476470947266,660.2789306640625,89.861083984375,88.78986358642578,52.488155364990234
2025-10-15,99.75443267822266,92.1796646118164,387.3900146484375,110.84476470947266,663.2102661132812,89.66328430175781,90.07811737060547,53.28253936767578
2025-10-16,100.11091613769531,92.66093444824219,396.45001220703125,111.16117858886719,658.6936645507812,90.3357925415039,89.7610092163086,53.459068298339844
2025-10-17,99.97228240966797,92.82791900634766,388.989990234375,110.94364929199219,662.4326171875,90.19733428955078,90.34567260742188,53.33157730102539
2025-10-20,100.14061737060547,93.59403228759766,403.1499938964844,111.27983856201172,669.3222045898438,90.54350280761719,91.2573471069336,53.96904373168945
2025-10-21,100.23965454101562,92.90648651123047,377.239990234375,111.29961395263672,669.3121948242188,90.9885482788086,90.99970245361328,53.48849105834961
2025-10-22,100.22974395751953,92.76898193359375,377.2799987792969,111.40837860107422,665.83251953125,91.04788208007812,91.38617706298828,53.459068298339844
2025-10-23,100.05149841308594,93.2011489868164,378.7900085449219,111.26995086669922,669.7808837890625,90.42481231689453,91.32672119140625,53.86116409301758
2025-10-24,100.15052795410156,93.34848022460938,377.5199890136719,111.45781707763672,675.2546997070312,90.4643783569336,91.59427642822266,54.116153717041016
2025-10-27,100.21984100341797,93.99673461914062,367.010009765625,111.64569854736328,683.2211303710938,90.7709732055664,91.8519287109375,54.567283630371094
2025-10-28,100.27925872802734,93.95745086669922,364.3800048828125,111.65557861328125,685.0357666015625,91.0083236694336,90.04838562011719,54.53786087036133
2025-10-29,99.803955078125,93.42706298828125,363.0,111.02275085449219,685.3648071289062,90.08855438232422,87.72953796386719,54.69477844238281
2025-10-30,99.61580657958984,93.01453399658203,370.1300048828125,110.42947387695312,677.8270874023438,89.56437683105469,88.14574432373047,54.12595748901367
2025-10-31,99.556396484375,92.80827331542969,368.1199951171875,109.98451232910156,680.050537109375,89.29734802246094,88.37366485595703,53.91020202636719
2025-11-03,99.4342041015625,92.8475570678711,368.7799987792969,109.68877410888672,681.3267822265625,89.07401275634766,88.24484252929688,54.02788543701172
2025-11-04,99.48387908935547,91.89482116699219,362.32000732421875,109.83763122558594,673.2506103515625,89.27253723144531,88.39347839355469,53.27273178100586
2025-11-05,99.21564483642578,92.48414611816406,366.510009765625,109.51013946533203,675.583740234375,88.2998046875,88.4727554321289,53.74347686767578
2025-11-06,99.58321380615234,92.27787780761719,366.07000732421875,110.08573150634766,668.3351440429688,89.0938720703125,88.04664611816406,53.53752517700195
2025-11-07,99.5434799194336,92.62165832519531,368.30999755859375,109.8674087524414,668.9931640625,88.90528106689453,89.41417694091797,53.48849105834961
2025-11-10,99.50374603271484,93.59403228759766,378.3800048828125,109.92694854736328,679.432373046875,88.88542938232422,89.3646240234375,54.20441818237305
2025-11-11,99.8017807006836,94.28157043457031,379.8699951171875,110.36360168457031,680.9877319335938,89.29238891601562,90.36549377441406,54.26325988769531
2025-11-12,99.76203918457031,94.8414306640625,385.989990234375,110.25444030761719,681.3666381835938,89.45120239257812,89.69164276123047,54.25345230102539
2025-11-13,99.4640121459961,93.82975769042969,382.8699951171875,109.70862579345703,670.0599975585938,88.71668243408203,88.5916748046875,53.77289962768555
2025-11-14,99.34479522705078,93.56456756591797,375.9599914550781,109.4109115600586,669.9503784179688,88.21047973632812,88.77995300292969,53.792510986328125
2025-11-17,99.36465454101562,92.34663391113281,371.6499938964844,109.48037719726562,663.7088012695312,88.42884063720703,88.04664611816406,53.174659729003906
2025-11-18,99.42427062988281,91.14835357666016,374.3500061035156,109.52999877929688,658.1353149414062,88.39906311035156,88.40338897705078,52.998130798339844
2025-11-19,99.42427062988281,90.87332916259766,374.9599914550781,109.5399169921875,660.6777954101562,88.22040557861328,87.70972442626953,52.88044357299805
2025-11-20,99.5434799194336,89.6161117553711,374.8500061035156,109.68877410888672,650.6075439453125,88.56780242919922,87.34306335449219,52.25278091430664
2025-11-21,99.78190612792969,91.00102233886719,374.2699890136719,110.0758056640625,657.08837890625,88.83580017089844,88.76013946533203,52.04683303833008
2025-11-24,99.98059844970703,91.07959747314453,380.20001220703125,110.51246643066406,666.759765625,89.34201049804688,88.99796295166016,52.576419830322266
2025-11-25,100.13955688476562,92.16983795166016,380.0799865722656,110.82009887695312,673.03125,89.57030487060547,89.82046508789062,52.811790466308594
2025-11-26,100.29850006103516,93.18151092529297,383.1199951171875,111.19721221923828,677.6775512695312,89.96733856201172,90.21685028076172,53.06678009033203
2025-11-28,100.15941619873047,93.49581909179688,387.8800048828125,111.00865936279297,681.3765869140625,89.54052734375,90.51412963867188,53.253116607666016
2025-12-01,99.72686767578125,93.0341796875,389.75,110.41399383544922,678.2658081054688,88.42586517333984,89.47362518310547,53.20408248901367
2025-12-02,99.85643768310547,93.34848022460938,387.239990234375,110.48371887207031,679.5220947265625,88.46570587158203,89.15652465820312,53.086395263671875
2025-12-03,100.0457992553711,93.84941101074219,386.8800048828125,110.73274230957031,681.8751220703125,88.71473693847656,89.38443756103516,53.01774597167969
2025-12-04,99.80660247802734,94.10477447509766,387.1300048828125,110.53353118896484,682.3736572265625,88.23660278320312,89.16643524169922,53.135433197021484
2025-12-05,99.69696807861328,94.10477447509766,386.44000244140625,110.42395782470703,683.6697998046875,87.82819366455078,89.06732940673828,53.351192474365234
2025-12-08,99.5374984741211,93.81011962890625,385.4200134277344,110.19486236572266,681.6159057617188,87.53931427001953,88.38357543945312,53.15504837036133
2025-12-09,99.44779968261719,93.68242645263672,387.3999938964844,110.05541229248047,681.027587890625,87.62896728515625,88.04664611816406,53.06678009033203
2025-12-10,99.76673126220703,94.72357177734375,389.04998779296875,110.56340789794922,685.5443115234375,87.96764373779297,88.36375427246094,53.50810623168945
2025-12-11,99.78666687011719,95.2834243774414,393.239990234375,110.40403747558594,687.1395263671875,87.84811401367188,88.75022888183594,53.390419006347656
2025-12-12,99.47769927978516,94.78250122070312,395.44000244140625,109.7366714477539,679.7514038085938,87.00140380859375,88.64122009277344,52.90005874633789
2025-12-15,99.5773696899414,95.36199188232422,395.79998779296875,109.86616516113281,678.7244262695312,87.0611801147461,88.91869354248047,52.743141174316406
2025-12-16,99.76673126220703,94.91999816894531,395.8900146484375,110.11518096923828,676.8699340820312,87.53931427001953,88.26465606689453,52.44892501831055
2025-12-17,99.73683166503906,94.1500015258789,399.2900085449219,109.99565124511719,669.4219360351562,87.45963287353516,88.5916748046875,52.105674743652344
2025-12-18,99.98600006103516,94.81999969482422,398.57000732421875,110.41399383544922,674.4769287109375,87.87799835205078,88.12592315673828,52.547000885009766
2025-12-19,99.83999633789062,95.45999908447266,399.0199890136719,110.12999725341797,680.5900268554688,87.55000305175781,87.78899383544922,53.11000061035156
2025-12-22,99.80000305175781,95.69999694824219,408.2300109863281,110.11000061035156,684.8300170898438,87.36000061035156,88.23999786376953,53.45000076293945
2025-12-23,99.80000305175781,96.29000091552734,413.6400146484375,110.22000122070312,687.9600219726562,87.5,88.18000030517578,53.70000076293945
2025-12-24,100.0199966430664,96.41000366210938,411.92999267578125,110.6500015258789,690.3800048828125,88.02999877929688,88.76000213623047,53.68000030517578
2025-12-26,100.04000091552734,96.56999969482422,416.739990234375,110.63999938964844,690.3099975585938,87.73999786376953,88.86000061035156,54.02000045776367
2025-12-29,100.16000366210938,96.27999877929688,398.6000061035156,110.79000091552734,687.8499755859375,88.06999969482422,89.04000091552734,53.61000061035156
