65.91609972314836,50.81222593474987,42.35672615001559,25.264313886193822,21.269681120480833,15.29744856729684,61.16360840017149,59.89276123639421,69.61050166916189,27.99245436970698,104.62250266360786,101.87310893673629,56.548115034254806,40.58895911402109,35.31673305646816,40.284909157808166,52.22765570994448,48.256342798155686,37.88190746188965,46.82434328860511,26.9325404534417,26.001707268684726,26.968263940038163,29.197147302606176,0.0,0.0,0.0,0.0,0.0,0.0,0.0,31.2410720605226,69.96991392410372,103.73963035691067,104.20950404777037,121.36385492078767,138.3747781130912,119.60251556089024,116.38140150290167,92.33387121469326,63.07354029605354,31.25339983812276,0.0,0.0,0.0,0.0,0.0,0.0
21.03137632340299,33.26723593262755,41.51193577896617,20.253013063539612,43.78653560125071,31.622438530312635,21.622102104271036,94.13595968809919,128.4630665316553,112.86211340482546,70.20247396948692,40.89125232810174,79.25095733198819,70.88747336567447,43.01984418725565,60.70948947014383,28.424681506144033,87.27635781996497,51.788198466500845,60.09638183546184,41.8605066607164,43.19932099235031,42.56578580454815,27.11259658217411,0.0,0.0,0.0,0.0,0.0,0.0,0.0,24.74338738196539,51.97576434194876,78.20598135223486,80.51480024686704,80.23863039723486,90.63407250670201,79.4495221809609,88.19111836625478,68.3284018889081,47.94885447169864,23.090741459295675,0.0,0.0,0.0,0.0,0.0,0.0
58.041123454014866,74.06551297782138,75.47605652311874,59.03764914126438,84.09259366334442,39.10354338518898,35.03167679326115,22.16819632416,43.16298260823782,56.196182748606674,53.03120775119671,103.51786810680397,75.24035080196853,60.447355969941306,75.00179679182541,46.527291185844724,88.05066149732697,41.499569496165876,116.31189292584041,90.34037502200042,46.67024000322213,16.838476875560566,51.18362634364802,52.82561245975121,0.0,0.0,0.0,0.0,0.0,0.0,0.0,26.98835905754253,53.49576970465225,78.45402117604617,88.28896933736789,94.43142467214909,90.18161530415608,111.87476750029232,88.35696702923306,67.17529972198092,63.37115487134883,32.69989768483636,0.0,0.0,0.0,0.0,0.0,0.0
53.03373926293942,24.53206745292845,29.0876794649432,21.023155266133053,60.18336771222549,59.447573354841275,46.89651200970675,26.83128628765973,40.69441761986269,47.73852262460515,81.88949332743142,85.62541961294764,115.99124086998849,83.2492031167134,46.06080268108646,77.1367940417745,87.1128128063261,71.33888871573023,77.06208793030747,57.684288580026035,50.16428406441301,41.220345258180814,17.59911632453074,15.783151981232374,0.0,0.0,0.0,0.0,0.0,0.0,0.0,31.1960605637077,60.648424464371054,79.29064745366604,98.86820596225289,124.39019374578702,122.1835084277873,118.40590161545154,101.04881404328356,83.52915698824688,65.36401607853833,29.80567339215393,0.0,0.0,0.0,0.0,0.0,0.0
32.69293326447942,24.02316443578202,27.668653421424832,48.55166857556165,29.794556180634824,31.60360657823078,49.987869557305835,33.89253333063202,21.436766144745057,31.09863163024445,27.770152553374427,81.8437641288153,83.0198034637855,70.10108076975641,84.0233206657334,79.01512233078856,41.79763864017916,67.9101916711566,50.41927525689578,55.14974990619056,59.33974522900112,33.93882713830173,18.47086752927974,17.310369376702084,0.0,0.0,0.0,0.0,0.0,0.0,0.0,36.43538883475511,72.53919186638976,96.28976805451072,112.6486915752135,130.52854086750358,128.8910637429758,131.70448720097028,130.80604833872044,103.05374883189222,69.91526466436552,36.80252563878112,0.0,0.0,0.0,0.0,0.0,0.0
50.68998259658337,54.02428291810666,18.62988819792951,31.93870606349033,34.55766789216005,29.039538538197796,23.281891647309276,35.41200776865452,91.11787782311109,58.817056524262924,62.58531163933099,78.17014108453085,60.00160341729597,119.81783716090446,131.1398244717037,66.47865009350103,59.39221263502482,44.317101941387214,36.90439897405742,18.294343673319634,38.44128113419442,37.57893568590865,17.94164552141111,21.182934355411582,0.0,0.0,0.0,0.0,0.0,0.0,0.0,36.46263221998268,65.66412928928207,94.8665031864552,106.01321328660902,118.027465486773,123.00568231761729,124.77487463107903,110.15884076608012,84.72065103677566,62.422305333880104,33.79529159178928,0.0,0.0,0.0,0.0,0.0,0.0
24.35111386325388,20.41189985575728,34.61957166577455,87.3158384362166,47.629358400723476,61.432919734145145,76.93594899642099,50.72688173436799,80.27903583602469,64.96623466121487,82.4689340461781,89.4547185680575,83.90391603400124,45.04032137056374,98.07158463353258,66.97115565159761,45.99009664943725,24.62592877199657,53.57888018336152,63.56939898232874,24.33669404796894,38.93517759816217,29.293389973809568,42.50858333386701,0.0,0.0,0.0,0.0,0.0,0.0,0.0,34.9694051247235,62.167665509984154,85.79308933015768,114.93058236244896,118.71175620712593,128.72248392056832,118.57276888741714,99.26784385285335,89.57820189268936,71.29184205792963,31.985098454121772,0.0,0.0,0.0,0.0,0.0,0.0
37.69867372562198,28.628634978738766,51.75953953581638,26.26661542608966,27.540629092204266,19.84600247312973,64.69898404815261,76.88989718586276,46.3444166290737,60.78669544520009,79.60429750452754,67.34665503806912,62.50463073573691,44.16163259169837,27.964525668033602,76.4754358503463,87.67050876602123,66.03494334842463,43.315825300126065,34.871065886507814,45.095586565037685,55.631295455357254,55.064622724998316,46.99045522926588,0.0,0.0,0.0,0.0,0.0,0.0,0.0,36.208318842655906,68.02152244125647,95.9481094810613,112.24791206338344,144.28142991541404,131.6181129505502,146.38116893917126,128.86851084990775,90.68712082541269,70.9595457037102,35.94529259837192,0.0,0.0,0.0,0.0,0.0,0.0
12.532334987241923,16.39576570018506,52.67882365689868,48.56281657644956,18.124280174151743,18.703569831645364,51.93374423163976,19.014755355575623,27.386690979160555,57.141502411922396,79.2060755961834,84.04383055339225,55.03674661535549,81.9939496753528,54.36512041920395,50.72137979113208,75.87995044993283,72.14127002728924,82.6947923922654,66.79625673634997,53.94023906443457,26.821361668187016,29.423337585978842,25.533331625845086,0.0,0.0,0.0,0.0,0.0,0.0,0.0,38.480536794847964,69.46858437982601,96.35583011372985,125.43293140099821,127.13754579495615,144.7055101171697,130.8492385745833,110.5153288053247,99.42276496547883,64.40010858276524,32.5645729204706,0.0,0.0,0.0,0.0,0.0,0.0
68.23910181122211,38.53492234026966,51.57024958587966,44.24592706823929,52.810669125109335,44.63108043616326,48.35313134266045,48.232956070598526,34.96836978050918,63.23142272963992,46.85966797702471,21.87717468573048,57.74921324037402,39.32851798343122,93.39693263227227,109.74266401277575,101.95537432181364,58.43019700627973,22.23424120231929,62.591928405418344,42.264754935472396,65.81506868243197,68.55994157825107,55.96205627226378,0.0,0.0,0.0,0.0,0.0,0.0,0.0,31.74885212055495,71.37149577682769,95.04332394027703,124.48266581566483,133.93000277445933,128.34971211406992,128.23007064406127,125.0100339702729,96.62190877996146,61.5772239483241,34.19667846877519,0.0,0.0,0.0,0.0,0.0,0.0
25.600408968667377,43.75040409509657,30.052958501974885,21.712210620991613,35.490331774416276,69.06858291221923,62.784689372953274,57.30581415448894,31.570450487318848,56.007929631908084,123.46405819781454,56.835573004323756,60.97803431753379,92.11386754120457,85.35112870391599,77.65491623270107,72.81153187759605,49.79120525449755,37.66236025284688,56.642146348358736,58.3958662114743,59.36972241660634,60.68165692567089,40.321077917534296,0.0,0.0,0.0,0.0,0.0,0.0,0.0,23.93878684249608,58.01137841895894,75.20292723509012,70.40112108902042,103.26595245870875,89.0009902268777,102.69879607429272,83.9805447885465,67.36830585516435,43.010917266938904,22.718204274422554,0.0,0.0,0.0,0.0,0.0,0.0
50.642156837823414,44.386720302880214,46.206638398208575,54.34615167173731,68.33510790232404,45.16273059046758,42.38873091638171,27.058346926300548,53.67595590451562,26.038323898695122,50.6815155588599,64.34286616407353,51.86195250126183,68.07746327949573,29.954758897203238,19.118092512903083,70.2118645315419,51.57085330441852,30.96316135278177,42.29164865806951,55.143392188865306,32.38041283016617,39.235175390325736,20.281294577613902,0.0,0.0,0.0,0.0,0.0,0.0,0.0,38.284848491781894,72.39526103330591,107.98294789941669,114.49008643270565,148.20989581694326,150.0,138.8523889566425,132.79369800655033,98.19546812377243,70.26204276316108,40.75855773113105,0.0,0.0,0.0,0.0,0.0,0.0
28.578437932621085,29.18598078742296,33.45149205697718,40.01396270943915,67.4306343728244,47.06972041580898,35.646877208551366,57.84197610512911,39.952544413320105,44.36680432520056,26.006642682148346,15.103624101108776,87.85755202172503,87.62247299443362,74.75455812279144,53.31282022516254,33.53640373599494,25.504106886303617,26.149029979497207,35.957750653967565,42.950632020106845,40.25495732186366,26.12715425618577,48.9732657513944,0.0,0.0,0.0,0.0,0.0,0.0,0.0,31.738894697326977,65.1238938722855,91.28920559757697,112.75739083097572,140.32504292108447,129.04363950051706,133.60460627355928,112.90376220257711,84.37824577438207,66.6645744774903,39.517020358605734,0.0,0.0,0.0,0.0,0.0,0.0
39.38262753898692,42.1484240595383,36.77739473793593,29.7897770056146,34.36295633790949,60.35942910340967,23.646194267734092,24.64431564742316,19.038782685159273,17.301811058351024,87.62729169635078,93.34755573810058,77.17399867575072,42.663107322480855,61.55284657912601,63.98789571496396,42.59941459174061,50.46608096788202,47.934404085479095,55.48921631340589,55.13252485600362,24.10933336572944,29.648820128889632,39.81726537339231,0.0,0.0,0.0,0.0,0.0,0.0,0.0,32.46333831701037,69.58521856691672,92.06937591825609,118.7922783936198,127.70154911436133,114.28181898074668,124.95934502691827,123.77776360473874,85.1960472452606,60.84872171853004,33.20475647854116,0.0,0.0,0.0,0.0,0.0,0.0
55.80284390650707,46.30316803577108,26.50609407116783,16.64663188297112,40.531935715396564,18.45807243588103,45.01652970041869,90.17856302341602,72.46611402694157,58.163302873138754,72.47020219963798,65.26535580596959,69.3785255344886,114.46900216063149,72.19497119916679,115.32592237014714,109.92872427200085,54.30207615250876,27.56546212371125,20.793097097880995,10.990209634660525,13.420387297614017,36.088671281741355,18.575026795407943,0.0,0.0,0.0,0.0,0.0,0.0,0.0,32.83817309117452,58.03027304388797,89.34896453808614,112.54185318851196,132.5827959340483,131.53239613824863,125.3228409318564,114.25133345913152,85.53533049707056,72.09545704866802,34.64265590489301,0.0,0.0,0.0,0.0,0.0,0.0
50.650519056185836,19.248549701521977,41.742283940236184,29.655818280239245,20.409478257604725,45.00679782926858,52.29292929502364,77.00668477815383,75.48608202085069,84.05206723869749,54.11455440901045,38.99670801508699,72.91392576165583,87.91421868627091,134.71761616849807,75.53148465441042,53.66165195327446,67.89420300160941,45.51807402017788,71.82404280126772,66.93925640788618,42.37125521635716,45.38123273888007,44.92071930282685,0.0,0.0,0.0,0.0,0.0,0.0,0.0,29.30516880044732,50.29503006722944,82.4866264750811,108.36323019601319,120.35806352401494,124.09533594951031,120.76468696589649,92.01045808242225,88.65903501213694,55.75537983888208,29.028333075202507,0.0,0.0,0.0,0.0,0.0,0.0
51.34733292334589,35.500483513957704,43.9104659578314,29.945009207890784,53.23529509624715,38.63836697136623,15.279789006360044,63.519371010093884,31.809476037945473,36.62123628795818,89.81045864127232,107.95203851956194,75.86986092365343,69.45164015262048,55.957668229871075,42.50706372302356,38.77333824423481,52.183618269624276,57.39885107404662,57.64843896346492,54.055962748170636,24.568001813421787,28.126708357266672,14.270851832232706,0.0,0.0,0.0,0.0,0.0,0.0,0.0,31.752731332015227,58.89707342893159,82.08489197066312,101.5627576948387,104.62780738973855,124.4688130895062,108.68968180956864,98.73667531276575,91.86194791420364,58.310785894466754,29.44214511066973,0.0,0.0,0.0,0.0,0.0,0.0
31.134972641871116,52.28437117150868,35.71505444611258,22.265710774433703,20.70080097063887,53.06718818096302,57.95032118615263,32.57673276767048,24.584570837691018,65.52864873067547,34.82975016896118,84.82110216250157,88.6548991912949,43.09006286698611,29.361708631183635,118.75884190174648,69.84349337060102,52.61404745510271,71.22778673426366,88.49872247366957,100.29580032854125,68.82165489310977,41.57884071788654,21.04912422735552,0.0,0.0,0.0,0.0,0.0,0.0,0.0,34.677424076888535,77.53519737398565,109.18876384283985,116.91370207432341,133.49440383425582,129.78849746167555,129.7517324454368,116.77986327219003,104.9332883975598,72.99189175952279,38.103920079862284,0.0,0.0,0.0,0.0,0.0,0.0
40.17220187072613,35.55536068061967,61.73930262158984,30.764884080419243,41.25552074179149,16.93210132082837,42.18086818283698,24.854699611498386,26.815490692116377,28.430202668969724,70.06697581030635,93.22828489665113,86.17723727130678,137.46714474912773,82.4505130904996,58.17733610839066,94.99747336027511,53.99558043172467,100.9904798694777,35.01146411513046,83.26761799173556,32.470315023008425,59.16415146724483,45.147681344493726,0.0,0.0,0.0,0.0,0.0,0.0,0.0,33.73174551823535,75.04061074954983,101.10675859827634,127.99307635696054,128.7607773563082,136.82336938069938,145.17800385620285,119.18220136806822,105.29816341100143,66.27563751491404,37.09624977642039,0.0,0.0,0.0,0.0,0.0,0.0
13.25897330485804,34.60597807175401,77.13797343030929,56.21027727336364,58.609861775092064,67.69969696306713,59.45641244970613,72.11903489525933,76.59762668273567,117.50027564549954,49.22452011960014,52.94311487595329,132.08110819890976,138.43378783971102,92.0623954790715,88.7477320027575,60.06035451629348,42.95274476803368,52.575296889403745,46.107829606463966,53.05546557640333,26.848838776012073,76.5267295351749,93.52058048697013,0.0,0.0,0.0,0.0,0.0,0.0,0.0,31.38807495949151,60.4078260341404,92.98290049600583,106.50109103301357,129.40412985686544,132.36934673034347,137.27360548415402,106.00261378430463,93.89107441271324,65.04272235129181,35.28448032435016,0.0,0.0,0.0,0.0,0.0,0.0
37.834739132685456,30.054923421633788,50.8204070527613,52.468554137105684,31.65396541600618,73.90553634316603,81.77547679161206,109.70096002387896,93.05877709532578,82.52424493314273,67.7506078713292,118.77241430163397,121.32690690437322,49.28840488554827,24.335250539260382,45.79714454567876,81.9501928895467,127.45116998291834,56.53672634043365,56.29161630209075,43.04391114932214,77.7622533343632,67.13641976009718,61.6286511642949,0.0,0.0,0.0,0.0,0.0,0.0,0.0,29.46911073725075,50.91689197807467,86.65959316458874,101.12574857985531,90.03087420684258,97.48107729109064,103.77111034870087,88.50309302862863,68.4690369386386,59.517808468388864,27.117940684141324,0.0,0.0,0.0,0.0,0.0,0.0
28.91362935089311,24.566208610225466,14.476420659586376,49.17617709536628,59.49814772530924,126.18446376520234,136.82872607952544,81.61184563410522,83.05473103960165,112.13366910358813,107.20968891521305,61.389313581205165,61.20910655989481,38.7521616545904,105.42740681573264,81.10059090392359,48.98368076450084,62.2422829035746,59.365263608215166,43.044428160656736,24.912718208902042,40.92200615360094,37.56218238449666,45.47640214452917,0.0,0.0,0.0,0.0,0.0,0.0,0.0,35.57933276679137,70.26046673602534,93.26617588882351,123.13528795919797,147.0283393081785,150.0,143.8034773316368,117.97185803690974,103.60035673995404,68.0889453723035,41.10667724781,0.0,0.0,0.0,0.0,0.0,0.0
55.75278082786128,42.44606150150187,40.0573063478803,58.82950990009233,43.009121108828666,27.577349811441927,15.508675221547264,59.207394737653885,66.3706879940187,77.64310150514109,49.993309506589654,36.42921349092675,17.761858576135502,42.10298746546292,64.14392952365961,56.162916408003724,54.31505013064013,86.72393484798188,53.71923239749782,48.97672243356467,58.34722899789186,40.50167342341855,41.85913034832887,52.983694068757906,0.0,0.0,0.0,0.0,0.0,0.0,0.0,30.68167656225995,62.28192528231699,79.36231690007618,91.63189600853447,106.95652971117734,126.07204282803876,101.65620915592433,89.62843820789972,82.16984207567138,60.38964553174035,35.2434911603524,0.0,0.0,0.0,0.0,0.0,0.0
18.822693753348275,59.942428334242884,46.99516817215875,34.79837566113196,42.81163303788127,102.41467778424817,71.54063048520337,55.44639226732856,74.54520602911802,54.45190818038503,34.27174393192625,34.61390365897322,34.84036897167098,37.0415888212859,35.79938771814359,72.70423236886496,47.7131531669083,49.36926916052222,89.48433309225491,63.134179663699655,62.27438970693744,35.15262802610278,26.83422849259899,14.913299187402279,0.0,0.0,0.0,0.0,0.0,0.0,0.0,27.95936571538392,44.46278961970518,70.35612489063787,111.23102568645875,100.50472704314232,110.82878403263935,93.36305464192537,105.84713791959408,59.22777898638693,51.6722243197422,32.18012237255649,0.0,0.0,0.0,0.0,0.0,0.0
19.8307950096873,16.853820219743554,12.955630303143225,13.87207704043858,28.02536515356596,24.412950565517022,31.848143366215275,42.67102076464657,58.832386091516376,26.666940400450446,67.51678540243863,68.14980442821887,34.63412630489194,79.66396822122465,98.68742513935763,40.90987527109925,36.477323229474344,61.6470001200804,61.28921631775028,33.423920174981944,24.744037394362646,26.368799499085156,29.010036677224583,32.947605205430506,0.0,0.0,0.0,0.0,0.0,0.0,0.0,33.54076156683193,56.19074435705144,77.70168196534404,97.21028439019628,116.32898292488383,122.07910145782265,106.39387340282055,90.6976687526145,91.47333214308343,66.26671708859861,29.43761777366936,0.0,0.0,0.0,0.0,0.0,0.0
29.86599112347075,40.615312404140816,17.657338609510298,21.703865479430682,43.5829860128329,67.69116835819173,54.00124260379302,53.876809747121726,31.795879308050377,47.41372059023543,58.952382030319086,45.41024223174624,43.34226013598604,49.2117574665511,22.06627422415614,37.281386277094924,33.8146557414304,37.374892447720335,25.426622775601633,61.71280401702685,49.98369471357922,47.42393301646963,49.54795482689412,37.2794538141133,0.0,0.0,0.0,0.0,0.0,0.0,0.0,28.586073775371045,58.00608296133314,83.33833782343035,86.99500648595257,101.64601931735757,108.12255520953477,118.57379218912342,110.67882757520279,72.87962243416219,52.806848305649694,32.6642371104574,0.0,0.0,0.0,0.0,0.0,0.0
29.30515717331777,31.14105197224333,38.513936994969825,31.696768571785867,20.302866904742977,24.598462249262404,30.927791655604054,48.08441920267612,52.042925399907226,44.35754830481944,107.06464750489025,76.83656966593256,47.37714564526997,29.398512680744354,27.22161455696722,31.185656024743697,26.47497479336937,25.24884239635418,27.885587091603586,22.344410146980035,50.730282813869664,22.968583347872233,28.393523713528445,25.796446736644423,0.0,0.0,0.0,0.0,0.0,0.0,0.0,36.52997180295716,66.15922352801186,103.48670452120878,107.30755977358969,133.24933538730463,146.39901501249676,124.18704905897926,109.92466836642681,100.89092394125768,60.297814868058595,31.017206337856862,0.0,0.0,0.0,0.0,0.0,0.0
16.449055185200258,29.130073830967575,75.31142721408072,76.83428181926959,77.46851687815902,48.24383582857166,36.16298885796861,68.05016078404435,115.57919070412393,90.52139736491233,86.60529673467954,63.94336940210052,100.11048150965762,60.17447040494409,58.43107051641088,63.61833682071717,68.28766079240502,49.16309401811822,32.248289512454754,54.136623271637475,40.60729774960312,47.91007483322041,28.96657194561382,36.207516481087424,0.0,0.0,0.0,0.0,0.0,0.0,0.0,24.69409035793845,39.67423169404574,65.66232314484262,101.7383075998355,89.81513027079174,106.61283851104747,92.9456338774676,90.29926225625474,65.43024248680221,54.913980493002065,28.651372411460592,0.0,0.0,0.0,0.0,0.0,0.0
9.34760568545513,21.284819371992068,17.884164359449407,13.686053638620766,80.16093392625862,48.29974036889889,69.30971028280727,45.84850149672473,66.85041573422932,82.8844052898552,77.03869770114079,68.03359515435187,61.73965997288322,55.36430261521286,105.90895081718479,101.83126778094973,121.44627813231313,53.27206642351532,64.7268613702223,84.31003433145152,41.14777640677059,20.87461569742437,41.445388865627486,39.09957041264615,0.0,0.0,0.0,0.0,0.0,0.0,0.0,25.792261873881046,46.8591347551477,60.32340793646348,65.74915924820664,85.96643577678634,86.95355239413283,96.99834210275368,100.73721122590578,61.41707795545578,45.34459558672252,30.162610015752886,0.0,0.0,0.0,0.0,0.0,0.0
17.64290778656978,46.06009943789911,29.933384513469857,24.405915260754135,24.17531739240333,63.88133575890289,69.1055176817694,65.35604954029846,56.740752591425114,102.45828954103078,74.1686677241353,104.44723360997065,79.7417186662742,67.33513356570396,68.69060317462282,55.93799040628129,82.13745210695976,67.9884652440425,44.93846033942586,79.61644766496306,51.57330557634403,47.787128134035626,66.61223287735433,52.00943734942407,0.0,0.0,0.0,0.0,0.0,0.0,0.0,33.33455857361129,60.97413453450195,68.52763921708731,93.78510466780158,93.3491596056806,105.14529708153503,104.16726307496711,103.71405609270819,69.79837138269475,54.517865107610916,26.349135520398345,0.0,0.0,0.0,0.0,0.0,0.0
56.783313771775525,41.00400614497668,28.456494729956137,19.063445374508962,42.97164413961872,44.8593107355282,44.5108683133131,71.21509705848506,73.08710246010347,39.74969502120197,39.936277717273796,37.10926863000234,66.4799208562375,28.62673538123588,50.684927331504156,67.89375028346073,80.40386285002594,49.118079838718856,61.401531624014495,29.547272104917955,49.43213508724643,24.867625763158998,25.46090722980126,38.10122000917091,0.0,0.0,0.0,0.0,0.0,0.0,0.0,26.992111356517142,63.150125624778745,87.92588195583654,98.25875661211882,90.58663293476233,100.70099244243339,103.65392746764499,99.5494438122521,60.57358942558015,53.89802197000217,25.43213133977536,0.0,0.0,0.0,0.0,0.0,0.0
17.553205371589783,32.98374287688933,38.88388417438573,39.61135237491106,44.63451245274923,42.58351398869987,32.228329115299665,35.2217862637383,29.43028844155921,77.84090033184611,66.90642913330937,54.245749569138354,54.19066178953985,98.16712193801908,48.44087770107981,56.458765324393035,52.31867800087374,53.84301383125592,21.035758612728337,53.64026971013438,65.45775031415663,44.82812463299566,41.508959355152356,51.61621621162538,0.0,0.0,0.0,0.0,0.0,0.0,0.0,38.35708761338402,65.31136311937023,104.06185852963459,119.26422195475381,122.18169804492796,147.7461172870744,125.86805207601468,133.34194110178103,101.20478067675208,74.82860665324124,38.98517052160728,0.0,0.0,0.0,0.0,0.0,0.0
17.622166856485176,33.862728336904354,41.412129201611116,38.24734432027801,55.241478103457055,85.15758896264225,98.8542092792705,67.90527696355551,38.76643812366598,126.66065751796691,117.19289970886489,57.09718926064983,113.70656539835049,119.97632406901961,86.12335705461894,78.99783390214473,61.56207062272496,30.193247209491453,38.11872530061664,64.39215714116776,21.90016787910637,28.711616562892573,31.6671931842857,36.57560230581431,0.0,0.0,0.0,0.0,0.0,0.0,0.0,29.305741406679747,56.960606686210426,70.52318391792264,98.71989659876155,114.88991915023773,99.2380466867455,125.80201654240064,80.7956026476538,67.32591594757592,54.261272920533564,33.42127837345877,0.0,0.0,0.0,0.0,0.0,0.0
30.46255298142911,30.849537653024896,49.60889917933222,43.9688965641546,33.80802665187506,44.92702113984024,32.5913783395474,33.2505709606898,57.5094334255962,61.91449476575629,117.78815669319074,78.83921942999834,84.6187748190653,90.24591401029026,34.33127977837239,73.56269400309372,47.409031702309456,110.225485578587,52.74705106646302,48.623621029556695,26.79677383330353,98.08181979091398,58.56694792362862,49.20721756837348,0.0,0.0,0.0,0.0,0.0,0.0,0.0,29.39606799906078,50.88755221298882,86.3076691768337,111.7960387769533,117.35367047606316,109.29773480764145,113.6271126528429,111.6885705531817,88.23280385458901,56.554864359115555,27.419936768354905,0.0,0.0,0.0,0.0,0.0,0.0
38.9385243428247,23.110383191966598,44.25956759607054,25.995429757974975,21.109671263783554,12.455758407467062,31.49186935677781,43.857031435342506,23.71948183486614,59.567034262707374,52.6452025317909,55.36935478499899,51.90964722518845,48.425194506477034,55.055960604513565,34.14227329999257,28.397837392472425,61.586060161291044,77.82640816614912,45.03900287782533,29.772558389190962,35.90552247542939,28.678369463596166,12.379210434206417,0.0,0.0,0.0,0.0,0.0,0.0,0.0,26.558836497554136,40.81550823675838,49.70494107247782,69.53189012306302,61.88436305736345,63.434284452958394,48.037179402886146,52.27395404079225,35.92557688033111,42.61369458698133,14.848082717250412,0.0,0.0,0.0,0.0,0.0,0.0
38.70416519871912,37.08364296038589,15.395654307733189,18.488877435868766,21.0201597318737,41.246510247827686,17.484834943909227,18.29206552174033,59.09394949306679,37.57908421027001,59.28168942145913,42.761225015744245,28.45926325053828,33.81433355475356,62.9794398560217,81.17215868850641,80.62731731095711,52.182144066121516,53.69567361608819,31.961126666442013,27.368294896869273,49.89153950343205,17.915139193269127,12.71751298899172,0.0,0.0,0.0,0.0,0.0,0.0,0.0,25.086875191831123,59.74497924663567,59.31468626166068,89.91346189275522,94.32507940839356,111.58828856203725,79.69233997547863,88.41403978682891,75.54460127711913,43.906536104806875,28.942169514836948,0.0,0.0,0.0,0.0,0.0,0.0
5.792904937597907,12.990832193514493,28.57471738881238,29.543271680596806,55.041340938735694,60.711739943177044,42.20272346678505,34.74196342248375,40.32715871374276,55.39532498468013,43.32095881310515,61.503189639491865,54.34149767268441,60.24500374059585,54.25432589746054,43.346284408191195,87.52248506715917,74.64566455866704,36.80519342125423,59.31302109825683,43.06343070053839,55.439235563523525,50.09697259794975,33.74414100705862,0.0,0.0,0.0,0.0,0.0,0.0,0.0,36.00225613093829,69.51618203945439,99.15649502645063,115.76222057981215,124.30348220962664,130.6792162009879,133.02881249916203,123.8201375890379,107.38699214436173,63.97781691697666,35.36665776320758,0.0,0.0,0.0,0.0,0.0,0.0
18.1011048550242,25.777710856098935,31.94698199893486,23.76641949342137,18.098831742229933,47.0984688642127,83.43548172931153,56.907019612500854,34.275986912842455,33.954758050023024,16.151912129999623,75.25118604053336,38.61049151849585,53.219431866226486,40.74578270913999,49.96066199386044,55.68266624039144,65.81488874210257,36.082038460558366,14.089144195793763,15.090393774248062,43.93464880765484,47.95862329673603,36.36215236874568,0.0,0.0,0.0,0.0,0.0,0.0,0.0,27.291168125784612,48.91089991151641,82.67972160703498,89.43727274351487,100.53016825298481,110.53041936548925,98.98102729639764,96.96272654258273,67.98067726564057,60.56695146662691,24.969038505340286,0.0,0.0,0.0,0.0,0.0,0.0
43.51465639050171,26.061866241979338,56.542948409953716,41.559495995557874,37.77312502887301,45.479283832746326,23.225925984903423,27.20628966683347,67.1539304775748,36.01741409934041,64.92997478020038,50.122008849039304,55.94324196195966,50.49212884407351,52.47401189979837,76.57112190957788,53.23624549337791,59.35376311156113,52.93030294554484,57.54991518177279,77.77027008527395,61.67869375124712,33.79125676550741,15.409734784212073,0.0,0.0,0.0,0.0,0.0,0.0,0.0,30.418025091941104,54.79638900922867,94.50097582193516,103.56779877535601,131.46711325270718,121.65707906782069,113.96913886496226,105.25070972267218,85.14208417138367,69.01721372870944,30.34847066694578,0.0,0.0,0.0,0.0,0.0,0.0
34.41613205531455,16.245847599962094,27.263690277795437,35.865132075659375,30.96081628183188,51.44490477263037,28.19348023951426,19.996462676860393,56.60619651820491,55.8280553319553,69.63594145609116,58.84420309857655,44.606124285387374,79.07975026566675,85.80215186823726,76.89597904161317,48.059369670394325,53.41319062961318,41.457066430801305,23.199773742559355,56.96411351372854,28.231318093551966,55.298591717881166,36.393225562811935,0.0,0.0,0.0,0.0,0.0,0.0,0.0,26.825986341863302,36.04586542000881,71.11125796103438,79.66444892678827,80.46940201008591,100.83729267639448,95.67127705527835,83.82075227790273,66.84481187968719,56.71094048709411,19.75272063882215,0.0,0.0,0.0,0.0,0.0,0.0
30.890970073793163,45.01903345090127,43.479952006062916,49.005771374840826,46.423554740136616,50.341898144382945,65.59444912297378,41.05048540600398,47.42984008271023,36.911006666777,110.25638877405315,115.48460406612315,44.46228315617716,67.00181959002663,96.28751806695547,49.13015715616666,53.97348419720919,78.87517412987151,30.48468498093029,45.819729685765324,31.919002663443997,54.66243198940175,65.54699779764417,61.95716137928032,0.0,0.0,0.0,0.0,0.0,0.0,0.0,14.756066435432892,33.81226153746822,49.708666814976326,41.20167960973617,52.9147801629204,80.52566600678297,75.93510080598352,42.10913471652226,55.37816528975097,39.63513894472911,25.172626495901984,0.0,0.0,0.0,0.0,0.0,0.0
55.71585096999689,55.16642003551434,34.88035621177526,52.67796172109867,22.52993923199989,42.93066699833277,34.13021294472834,26.423574111663427,21.649873501677504,62.56616487063883,53.29094700793876,78.40210563243978,37.92938255662984,45.197146899106414,60.728452814024955,82.45657985725595,54.78130959664169,61.20660085412424,79.61290673112612,61.03429334944636,36.14905782620059,15.838017135364133,46.9923986243576,18.230095948059198,0.0,0.0,0.0,0.0,0.0,0.0,0.0,26.366281484959845,45.97857329517542,83.273975444028,97.34856444637312,72.55010088473925,105.99068778779399,77.65902968748188,79.46463445067015,67.092114615646,42.819773824131275,21.587643007836252,0.0,0.0,0.0,0.0,0.0,0.0
39.906358925033416,66.74544845892645,63.523435738176424,110.83447666897872,59.69888086617754,71.18504466304563,55.98167278900041,59.2101472296852,73.75487151228138,107.96595180046462,159.02850392211823,124.91051658966926,84.8311104732559,72.67158331203049,93.78680389292244,59.30779699319393,37.070494849757566,45.83782259205981,41.85426245142907,38.715720399320865,32.37396149611218,17.366797391610504,9.82359084880667,71.63380798513319,0.0,0.0,0.0,0.0,0.0,0.0,0.0,27.50471133828232,61.60662461594327,73.48268946966165,108.73054128138058,106.80690987744696,119.54924504686196,107.41637184479087,95.12340183127978,86.39314157625067,59.20168189242044,27.49337072036534,0.0,0.0,0.0,0.0,0.0,0.0
27.053053518678844,37.62104451666052,25.68263933626205,61.6527732636052,60.721290012112874,29.62201877891153,38.87417417026043,76.06438659081593,103.79051623097438,71.14057934788384,72.5825977100132,44.8254798721412,131.71399426145797,67.19396810596896,109.04648148893745,84.32945971104222,71.33094443455389,58.963647467630054,38.57545301948315,27.99695068388237,25.36236540689186,21.76875979581761,42.20824523655346,30.817181899187656,0.0,0.0,0.0,0.0,0.0,0.0,0.0,34.07509358802021,70.95433895178185,93.53004985799684,121.85510613489947,138.97425344140814,126.47270420289874,134.33592136009028,112.68793251314041,93.43694662712316,71.09014487896458,34.29827892884211,0.0,0.0,0.0,0.0,0.0,0.0
61.39595471075666,52.80786192810728,55.70568874000538,77.42769016321198,35.82032096685683,33.18510756807449,51.14968442657706,56.32557178556539,33.38587010650837,65.58370224335785,42.13603447807168,35.645715908002074,51.14179667825164,58.67117255542751,59.10164464641747,30.96319470369364,67.72866950342646,41.18414958760787,25.23083013247704,54.38046547869384,67.16711572552428,57.34414794508545,48.87019583129215,38.85039462963446,0.0,0.0,0.0,0.0,0.0,0.0,0.0,29.77920353527996,46.467340237534295,75.91217956417644,87.57016342499192,118.86460361951626,88.40596948559549,114.99028641310944,101.00391891876272,82.03478533666508,56.813600514023754,29.465540788448457,0.0,0.0,0.0,0.0,0.0,0.0
12.312281583676732,24.74729757502191,28.24040502560255,26.43504584140298,48.416895029450465,46.93184178065077,26.538282754554764,31.176505614776012,62.96086107752363,33.789769783995766,86.36396744598444,72.74563633703292,68.06957888223766,74.09106384904068,95.09865649352166,63.15029105883756,72.16888482412011,64.1656255420833,43.134940368276574,69.80496310642275,66.06668402663787,53.767995036112595,58.15998911942898,58.74094468313097,0.0,0.0,0.0,0.0,0.0,0.0,0.0,34.85153747917963,60.479182155825484,82.65798485554294,116.8625045621821,124.38433400408445,129.6909338598841,124.94208780182787,112.06226505907603,80.50485554112757,61.316529837243664,33.41444951117637,0.0,0.0,0.0,0.0,0.0,0.0
58.36545677359651,51.24232435978209,49.927834367001566,49.12144792540403,59.55597095103931,35.14391512551514,76.91070563024036,93.91810735428963,37.321208576684604,85.52512397120925,47.43675818962117,52.65902708614616,86.56449947141215,51.15069622991213,91.87653908437436,102.67321991778002,75.47438409143318,26.598352959738435,34.44528594298441,51.058648850479926,90.89693913629037,62.0305005685289,36.36133094482994,41.83800794706084,0.0,0.0,0.0,0.0,0.0,0.0,0.0,21.312230337977702,30.77817856658087,44.34029586302568,86.12087471127506,44.236731097672205,69.94113022058721,76.55081053973954,86.67522649771645,50.4998334581759,39.668302530949795,21.904729603356184,0.0,0.0,0.0,0.0,0.0,0.0
49.99558844245227,24.730799426877358,43.73459381856541,41.91103120347794,77.13780773745978,48.360466334628825,57.20898004602494,93.16862996999565,44.3227711788231,101.02868429187436,89.64653818166715,41.845288189148775,46.59852383358051,76.58283653149466,37.49533510467003,60.507225139160546,50.58690183488537,60.82856410931272,27.481975627373146,64.09901559224613,86.98202798082018,86.84618134913948,61.77440242259726,29.333146642363733,0.0,0.0,0.0,0.0,0.0,0.0,0.0,26.865038267189153,51.78335259929805,50.41650826163248,81.96609084168355,93.03377508850792,94.7573766378242,95.15202871819314,93.8589694963102,73.97176286102643,50.12436491661333,22.62232700478706,0.0,0.0,0.0,0.0,0.0,0.0
6.963137461085626,6.788341268063229,22.647236102778457,35.798827177373504,57.581745891323244,62.675991608289586,54.40883728322172,44.78359466180163,144.21059610316024,85.9386282469412,72.05111446927214,47.509528066004584,92.00926499733967,94.23510385069793,58.09542517191102,34.21821450047858,68.01304615889062,72.2969101878937,47.86890175287295,87.85809675510237,41.98434707361338,39.24556691697539,67.66891073538446,43.47956063063826,0.0,0.0,0.0,0.0,0.0,0.0,0.0,33.14750907129743,57.31972553731713,85.79685606282452,109.00963467534369,121.68381157855028,122.30790613539067,125.12228478246202,98.45894163311695,92.98527126054675,62.111131998980746,33.77176010490483,0.0,0.0,0.0,0.0,0.0,0.0
30.05453880633867,26.03133883203967,71.91734196132825,46.158169768515236,69.19800850513997,41.46375430219615,34.13956442550773,18.805397087265323,58.749683331515726,54.76314319714687,97.16794398491197,76.064885675055,132.56786683848847,66.31614361032847,101.27686488929324,97.44143774422716,92.0123588834704,93.3253208191423,81.0310561070631,64.48878980094743,33.20229547723891,16.121388558199797,55.05287544313398,45.945298439814735,0.0,0.0,0.0,0.0,0.0,0.0,0.0,22.85497822056597,49.070581110528295,60.24244267437232,73.73826515884805,72.16052746752871,120.39682072344495,98.86378361869806,75.95769591814823,64.74719626961691,39.10478020819094,28.34364223651958,0.0,0.0,0.0,0.0,0.0,0.0
36.264063244591746,22.13165269793346,18.861280641738453,44.28219980991407,42.652365665000026,33.10412674505762,48.57292673203158,27.71904137298683,59.50582442528464,50.34900135104283,91.62340026222866,65.34734193961597,68.42406557262053,27.242037248430684,24.776023187855923,48.418235986577486,58.84570873573014,66.5074404409619,47.54119577478517,61.04039269323614,73.22186586908684,66.14156424575407,26.561753146922218,33.747375581965535,0.0,0.0,0.0,0.0,0.0,0.0,0.0,38.274297888404746,67.2385975897197,101.71858929881027,115.2796685379134,135.37061129540143,119.72832761984897,136.04280256323116,120.98227123945199,102.02655730588407,69.5725753540356,33.658476347731096,0.0,0.0,0.0,0.0,0.0,0.0
17.72966188042759,55.1376362486818,26.403920622421857,30.38715296625246,38.03098550352907,46.985101286703596,46.12149397669943,17.642873252092077,31.229139130502386,46.684137028436524,27.82533398114696,39.06506869111974,20.383770301024036,19.488689817834636,38.25381090140737,27.96529384873585,46.16289925101291,55.39000747630659,61.520492702353415,33.726121775933315,22.73461006173718,15.80273535390731,30.04305618909653,35.55905923594856,0.0,0.0,0.0,0.0,0.0,0.0,0.0,32.42823860107195,53.492406734537916,80.43407686521017,90.72558315867919,103.59803029877295,117.51624971561156,123.50036980326006,96.94060631700017,66.04133156491359,51.206604763818966,34.17880350714079,0.0,0.0,0.0,0.0,0.0,0.0
53.92557084393849,21.523815007799328,27.889950442874813,37.35224988149925,51.905900879202825,50.46770546190085,58.55626410353776,41.44177584328835,64.14302082421382,31.430511386776814,75.4341811363906,62.81409631740441,78.17700136179701,58.46277664203999,62.2125253427628,55.125236239591416,62.203622200627315,29.4801169437525,17.359616610401947,21.822410728851953,18.40447936686017,42.90752254273469,24.949279736195088,52.142950149367394,0.0,0.0,0.0,0.0,0.0,0.0,0.0,37.481216320443856,72.2574386314916,85.89685740439752,108.67896064463756,125.38322423294107,140.64314744894676,131.99455902159926,131.91372270893334,97.7074743058183,67.72750586034024,37.14486269378982,0.0,0.0,0.0,0.0,0.0,0.0
16.764763795570556,38.268348533339676,40.435541553897444,37.04747842900084,40.568186125561176,52.59892299322817,35.77369502502479,111.73087326608353,121.39259255677099,86.14713058037576,49.71274898822884,70.33204016160946,35.42929539819194,19.78627506689232,33.55340564082437,48.298073513002606,79.70095760132614,72.51473085160846,67.49741574582082,46.955628735246385,35.40393252638034,31.053751454614677,67.85573241115937,25.74246107617996,0.0,0.0,0.0,0.0,0.0,0.0,0.0,37.133503002063904,75.06049145078477,99.58436387466992,117.65035668895688,129.9851688967735,126.91311228477828,133.61730986095577,108.47890032147683,99.54055032521218,69.71338481338202,36.411245241824645,0.0,0.0,0.0,0.0,0.0,0.0
42.647905015066605,37.60892791612778,50.22553541027699,45.129343377837735,71.2447933230783,88.25851937529936,62.12370343181707,48.424027662097046,67.75871665779869,113.19548093204969,64.14819676964885,82.13151023541411,88.81206741514318,99.82573961916401,53.26059502291357,82.73941488544551,111.82708050610282,56.83354675722055,42.13391824765282,95.61144308813088,46.61786394084879,65.08542817805527,47.733299322935515,31.7237916428359,0.0,0.0,0.0,0.0,0.0,0.0,0.0,10.984603023447516,44.9069806822573,47.38513739716995,60.61321389908585,51.09362314920685,33.36482079027935,79.47355681637805,39.30542548269218,44.64725155148602,24.784722100979977,22.691969113327367,0.0,0.0,0.0,0.0,0.0,0.0
35.26121844395087,38.38755610515892,34.40367048986872,45.26761863003417,30.563199045037376,40.206905481096605,102.12383699315752,59.26431105981852,75.96181754880766,60.164631043998064,93.78418838163343,52.0136654792434,135.9178513912202,90.35646511100342,59.356871499409145,34.27306030835746,34.550935378233845,55.2339510507293,47.48863206676944,72.79887733945138,52.01406193393679,35.31604534494064,44.209620477216106,49.48226985729495,0.0,0.0,0.0,0.0,0.0,0.0,0.0,30.895825200617267,54.73618756709481,77.9878513486055,94.01984378040356,110.63398935147268,124.64781663797415,124.34116192345991,85.4383224137625,82.82769942800513,57.956479497470454,27.577814366708246,0.0,0.0,0.0,0.0,0.0,0.0
14.851291590288355,9.226611274909411,32.67089156410785,38.852520683058316,35.995815914955756,56.15444337383413,63.44353399387255,56.13858547044438,77.3131665325169,44.79124579789434,29.600770483025563,35.86501578707047,22.5283596199784,48.64705223876858,92.51379976022129,36.767164395383936,26.358145064195494,38.587579436768,71.57722790102488,41.98004297942833,38.11672657119087,17.168758352744856,15.527799599353564,55.93267010727172,0.0,0.0,0.0,0.0,0.0,0.0,0.0,28.552575088822678,53.02909151585964,90.83952092763477,97.7554545142003,115.51024258281157,109.25672827584772,96.82803663918503,114.27562762594485,81.88648948112798,57.48271653789448,27.26358147066602,0.0,0.0,0.0,0.0,0.0,0.0
3.33858287362541,59.819186112640836,53.718405640343825,70.28505396491084,53.41380770187673,54.77557059128135,57.24019966044863,73.90427625060366,44.710938256100896,24.151452525463085,46.19108035368786,86.58520197033216,57.5130991654768,86.91862115442812,146.23393636562426,63.1995528981983,80.37040339063563,65.55289842023099,90.57047987698009,47.26966371933103,59.268180045773555,69.15565255648166,81.02014212023458,60.520094380879016,0.0,0.0,0.0,0.0,0.0,0.0,0.0,26.524635470446054,55.91585514150988,84.385069685783,101.54324547106758,100.38289823771562,105.42565545654685,94.68423171667591,94.15529149013265,80.5049843559452,53.15485842459466,27.58130463083925,0.0,0.0,0.0,0.0,0.0,0.0
39.18697599295811,52.30206751180805,43.12875151647578,18.57119960239844,62.728274344684884,60.27607035528702,62.65129563700786,41.25693087770885,63.13662012873797,55.62187474259217,72.1731800531666,40.271482934584284,70.01018068512727,161.00305420553818,60.31864159539776,118.88388697859367,71.04118480103854,86.49824193541158,77.75754340316507,58.39854935577853,58.00621928870474,63.955427612677674,40.659310470712896,30.099062055154786,0.0,0.0,0.0,0.0,0.0,0.0,0.0,28.420951140332797,56.29170771523756,81.1859778253856,97.81670256243643,110.28829647587489,107.98563584103182,108.61614242524324,96.82740341411925,81.28342902256588,55.407221866940276,27.855090519789282,0.0,0.0,0.0,0.0,0.0,0.0
54.81636393973698,52.86617006606418,56.165147370169436,42.75404727284935,61.560471015078896,33.1226310601626,49.6772493788097,18.60278005802078,38.33423150651633,48.914086331581466,55.69357441392084,81.30901898345897,66.3030918958579,65.60818982492054,49.75884857169015,52.780541349329056,42.38255911282002,26.136608845936493,50.942042249084565,58.29411294501063,54.19879409550967,43.28821111294137,35.01928582904935,53.37289458459132,0.0,0.0,0.0,0.0,0.0,0.0,0.0,24.305547223618824,48.14000103258694,78.20699602453725,100.86959542356436,117.9715228406817,105.51829398588886,92.58960802057926,102.98449696027699,72.17088580680101,59.19976963401409,25.637613255777406,0.0,0.0,0.0,0.0,0.0,0.0
32.553976485926185,14.390938555441934,23.76639737311877,29.5010343638087,34.00806124147358,46.22755283672317,50.828379014520074,59.73076617940167,77.32567916452207,90.91136364245072,88.64405376425725,125.30077284295629,45.244596795967254,39.687984950480036,16.65823961800289,58.39622404412235,92.12234870154796,51.920439314787295,84.04879555671326,34.85566259545536,68.67130367227531,41.892568985931995,22.41220049789245,30.12820210662544,0.0,0.0,0.0,0.0,0.0,0.0,0.0,29.730544142711906,59.64053577844322,84.95133899046286,99.41466466195007,117.08978189335296,113.0763643346993,123.48895666608107,105.96895679465823,75.92614815461576,61.95432585430488,30.36757079073117,0.0,0.0,0.0,0.0,0.0,0.0
20.908461637144473,21.848736817281143,40.93021071909094,37.78429059000329,30.630436003919538,42.82067875915994,55.39276529233853,39.853925818473634,44.26934573607261,30.171525748508422,30.893701362500835,62.8516867010237,41.474627621751715,55.69740589315471,70.99709742518704,37.050205983686304,51.60051163844124,37.904919314734954,80.19176992603856,52.21793749989029,56.124816459439366,42.73965778766849,18.503546385863352,31.29362991529565,0.0,0.0,0.0,0.0,0.0,0.0,0.0,37.890243963387675,75.649312972493,93.77233074053808,121.77275427979565,143.9807202143252,140.75166689063474,127.416979971512,118.82411350295217,90.84878529776933,73.33992230436222,33.607074195065834,0.0,0.0,0.0,0.0,0.0,0.0
45.30227006332316,57.556969633264075,69.05457698141356,39.99804523585313,32.17060097614203,53.673155134211115,52.178127611089764,88.54978879630137,114.34871882404876,74.76453856546011,55.65141721394969,97.41616792584419,66.69995396321453,106.21103271812254,79.30206238338171,88.08865437955934,44.757230148165604,66.68703789323207,58.44717225584485,60.11587051266433,35.75602089357444,54.51537848334305,66.06276706740498,36.43521383359099,0.0,0.0,0.0,0.0,0.0,0.0,0.0,30.789490785878424,66.7957997297423,86.35619880734524,111.30841186562024,114.31088264720424,123.39831048227734,119.90680608897921,103.68030182020684,74.54784689134277,65.12681634636365,29.34234595913069,0.0,0.0,0.0,0.0,0.0,0.0
5.186268897675704,25.749582938571724,31.931031584754056,33.5149948240539,25.126714630445658,30.189856789157293,42.50597051427435,44.44487273083501,99.54546211686026,46.5268189541824,63.409379700619425,52.52324656054438,50.8541829879323,67.59350664877685,69.54493985661578,115.57795126976788,49.90024027121083,27.6510526528929,48.26194954890621,44.37582422348753,29.921018970945134,16.717176004283957,12.509681191997185,39.529851231975826,0.0,0.0,0.0,0.0,0.0,0.0,0.0,33.217480444406284,58.66851975158014,88.50568240649943,97.94178357552428,116.0553580918866,132.97231733088762,133.86691538910748,107.21239943147086,85.87444468471128,62.81224999918242,36.31970174403368,0.0,0.0,0.0,0.0,0.0,0.0
21.91889749539237,19.233594577460238,23.115144283322874,14.483824878745299,30.599510967116878,18.08231782798743,52.16604424897503,36.28765913879145,48.744183610399396,80.89063768668703,72.9463865258474,64.35906927101202,50.05002080387753,45.99328509571199,63.728059918467316,122.27517485218425,81.4159402789306,60.557096040295,60.34147316176235,44.720911302583524,21.058715162230524,31.89949485350727,56.14108363564161,27.80342305878902,0.0,0.0,0.0,0.0,0.0,0.0,0.0,17.919352767571347,37.36573872261056,56.19166540014776,67.79386366477901,72.26398403774505,75.91697697615503,74.32906172634101,92.83210066187056,61.57640289735717,34.92308735317532,16.125172765673646,0.0,0.0,0.0,0.0,0.0,0.0
20.38443463697871,32.959310725208134,20.138087395360078,32.7629508365066,54.56766219433942,43.35515299722756,60.26115716478083,79.92012373909978,109.31312071095698,61.671887863554176,60.07895499782778,42.31818480757864,145.95078879624344,140.4377587813102,93.44800388832553,103.89530927472114,76.3998124272074,71.44466360126904,35.2409654268505,59.563554558988585,31.789917752608403,55.21747521948067,56.241962225172024,50.90456366120974,0.0,0.0,0.0,0.0,0.0,0.0,0.0,35.30954840493629,60.89033916600845,87.04740983160211,95.3948057794908,128.2219292268085,115.80341857093804,117.61533759381012,88.38266536212461,92.57598463257283,57.56550660993641,28.985749478960777,0.0,0.0,0.0,0.0,0.0,0.0
19.578445392576437,18.68929820459473,21.866024676510662,14.477971201878198,51.735410450825725,43.59903915089671,33.73486768354553,36.547764164529625,41.69052679261982,53.002386087043305,53.43569576266183,87.79129910596751,64.14398857594132,118.8153029399921,96.51439768338737,49.39490259036677,80.00301665652295,37.07066274008328,55.731884273576284,38.35294327180255,52.85000085686804,53.063093184331635,47.075282830476034,43.09864984171905,0.0,0.0,0.0,0.0,0.0,0.0,0.0,25.2286063119834,52.62984119043074,80.53753287110358,85.9364381704796,103.4825394041682,114.27175611488843,117.4474856177283,86.88012076789042,85.45229414339879,56.398706823421996,26.339687504656627,0.0,0.0,0.0,0.0,0.0,0.0
10.711582438918796,22.067671816404744,18.64383532189119,37.8379351892147,32.380978922696414,77.89055759617375,62.55443848986959,74.06509769490513,39.25161321601839,79.10921787103813,103.57839586811366,72.895181454822,71.70846917644758,83.09137719351656,46.80065348171647,54.02107129963489,48.421062191222504,31.258294187517855,35.584280943170945,20.07600604186011,11.2405325102935,14.649134337312084,54.42602358035069,39.771201314324955,0.0,0.0,0.0,0.0,0.0,0.0,0.0,35.449494054329655,78.41905193576547,93.54659226609873,120.12935618846736,132.17329849852416,144.13501107212508,138.78294745287855,134.52336061611106,102.75768793284769,72.44745991085288,36.70377544897543,0.0,0.0,0.0,0.0,0.0,0.0
35.716523681890585,31.36690493046209,39.17967385162785,40.72976156426202,26.094476694006087,53.897476655844066,40.75084484133165,65.43538980636106,79.20751404908589,48.76477287891417,30.78571924334506,90.37958910228649,79.2476102720185,39.89846747814361,151.96954024344308,60.61152297920182,81.5308543943,134.25715468468766,66.3279288464049,37.73213248998019,26.256330364789054,30.769220240410398,20.798398697652527,42.909074981138,0.0,0.0,0.0,0.0,0.0,0.0,0.0,32.92475982367066,59.48908093461947,85.75018509794803,104.36845018236738,123.87405155616051,131.87251987631225,125.79864182053927,104.18050597186216,87.4126396262144,67.08885892806687,35.42498123623587,0.0,0.0,0.0,0.0,0.0,0.0
27.845967804984532,64.50155537433237,51.31150336187908,41.27214284107604,29.84027627091368,40.25758395807189,42.056962935118314,40.661798431027876,27.32692519401126,71.36498140050298,55.920054135947396,38.084654037161414,42.704967031953224,46.301889831663146,73.08217222244724,71.16510301136218,70.30155589905128,25.054290022169273,32.93175825190946,35.5301601633991,14.678270399255092,18.927905542094063,35.13213935461283,19.56061528803083,0.0,0.0,0.0,0.0,0.0,0.0,0.0,30.133776333108734,51.58010668952241,79.9270686268096,98.00432800238764,115.94776891252356,114.66676084066226,105.18545708540535,99.97408212567353,86.55383072870151,60.85214770084316,33.759905152027144,0.0,0.0,0.0,0.0,0.0,0.0
19.96887282347048,9.17980331230849,18.671549648291876,68.42672797235196,65.66522766774821,89.40996090602906,61.664797200810526,34.273823185684414,54.56064650432069,57.33468376511583,92.06260391509232,45.71015476334242,60.19503095378972,40.761975569816,46.619076065544725,74.8431239127464,62.40172759871329,50.48824093069146,45.3144207251763,44.11904219250153,57.24288827882612,65.74703510576462,73.14213908270116,57.85070667594303,0.0,0.0,0.0,0.0,0.0,0.0,0.0,24.305209688445043,60.235680397782176,66.3113787288683,78.48635488745914,84.92822125249845,85.68970125101923,100.06162098201325,87.46488294781084,69.35450981672594,54.31427076308707,27.13899382689534,0.0,0.0,0.0,0.0,0.0,0.0
39.989368785914145,32.00568781823453,24.60290087157095,47.687556872840744,20.722947170442577,60.35846547229385,48.709971864757286,57.16056445717972,64.24301172460325,91.4527104033667,77.87467990864998,73.52967023958254,35.680501092488505,54.66003458853719,36.61877387552393,66.57056178503186,58.42271197866206,62.64544266178422,26.81906875955909,18.625571818928023,41.973051008642685,20.723812204960872,13.740197526297957,7.033099480936755,0.0,0.0,0.0,0.0,0.0,0.0,0.0,33.84608733853188,61.8284043995257,91.94616308863853,114.36671276513874,135.9452056814338,147.035914378053,132.02439294596297,112.99569703871744,91.06241839443467,57.72077239005751,37.00285980491972,0.0,0.0,0.0,0.0,0.0,0.0
54.70799749403654,38.64423556826024,32.547176807576136,34.66699809450052,60.92624773412667,65.50459334631704,42.129495291398115,36.236879515431895,29.520729356522967,72.63156792855648,98.7451074745838,66.06109847737467,29.453514476666477,28.06320242672052,127.09470496941387,74.44894272913842,92.50382643076092,81.1613773497127,58.802144359057266,39.419248593117665,26.715620112411354,45.10395660023642,56.65852542558905,51.218316149298595,0.0,0.0,0.0,0.0,0.0,0.0,0.0,24.77612644265874,60.074479960953695,79.33142875454767,91.30285293109982,99.60379800674495,129.14072670276303,89.32074252750402,88.18141705884794,72.51909701663921,46.62282043213964,28.992399225153346,0.0,0.0,0.0,0.0,0.0,0.0
8.381102591297626,56.10667228992071,55.11627465472908,35.65888931137147,80.74938877419855,61.50081620242882,58.17486824287703,71.67032531555945,85.59228683552608,79.97570251526402,44.2744543526181,49.3920650001187,106.77447064646917,60.376297273523136,55.48745382385461,56.15697629244855,54.5761897256954,61.36054558879962,90.37334720565843,47.493668676455414,26.997917154355093,23.337881607558383,51.64384551457296,44.856800244995235,0.0,0.0,0.0,0.0,0.0,0.0,0.0,37.84239809510662,60.99042233547564,104.13643514813222,106.5432784000298,120.77253804232438,143.70743050903005,124.57097847949612,118.97348187503606,94.26098159195931,68.36263338047152,36.1538384938045,0.0,0.0,0.0,0.0,0.0,0.0
47.58245441267133,50.87641021555028,52.66000762297855,62.32175378231776,35.95053728376162,52.40305409285044,45.890945359220694,70.43330966194958,72.28795261366423,79.76995706525565,75.06528710341397,44.956582077143516,58.92678509926388,121.44796811720046,118.81287331040265,45.61318254509033,32.69796033887607,25.487825320050657,51.3409568786824,61.18870947866826,34.040447986315975,34.85554355766985,47.481111975070085,44.1574324529291,0.0,0.0,0.0,0.0,0.0,0.0,0.0,35.66271791877145,77.00547299607494,94.13690129330926,114.52918368156303,143.50511054231535,124.56325902014096,134.25437770232872,118.6478812397093,89.69214439248147,60.515401484784896,36.055889219723056,0.0,0.0,0.0,0.0,0.0,0.0
38.42617439164766,35.92859295538358,28.833294928691988,38.43306547933171,49.98820917428609,71.09079096036068,64.27962284156962,74.79827782025171,43.25051096804491,54.50025046807847,21.679304952491492,36.553766936553615,75.80256721598995,146.50294824960744,61.73852161557192,56.333845741796786,80.12053846657096,46.19887760783494,52.295250503403864,60.53790999323891,52.98043401222924,30.791765634702507,29.369011301174403,44.64767312697466,0.0,0.0,0.0,0.0,0.0,0.0,0.0,31.24783372345076,53.73227846941818,87.71001311729253,91.14900513961763,104.42489911505707,119.3827720886189,103.32246310292429,87.52217987615425,67.09936512659294,49.77349904981498,29.545751229892073,0.0,0.0,0.0,0.0,0.0,0.0
2.9592607160858138,35.69524653954635,16.49599911072661,43.32767287938357,30.00738267508637,78.8319753517509,52.71438393963337,45.1438388042457,33.64396520624339,42.115912987567135,92.63096728793754,162.13534532079098,87.41830072330256,69.99433591839406,83.57075213964194,103.24119497626465,78.44109272411279,56.387120956189804,48.21724979267351,57.22759764932629,19.198522844350958,38.002381052081326,31.6310114226056,46.07049388638966,0.0,0.0,0.0,0.0,0.0,0.0,0.0,25.982563200968308,43.19797762440326,70.08171729807552,104.10517002158667,101.33951766028684,89.33469699750505,107.0053230340852,93.98471442469436,53.86658757892653,59.00190576325986,29.998622146227838,0.0,0.0,0.0,0.0,0.0,0.0
31.54304837871671,28.769591359707558,33.9920305029026,17.15658916593719,32.43804547895246,38.902429856039674,43.55964379623182,49.80438864752224,58.519174258316866,73.10898658361486,47.342791799297636,75.57620427553975,61.60733214702413,31.645288319764408,20.623832643858957,33.90078074022266,61.02236657116694,60.666335914859324,62.03403313424572,46.0289144690014,36.12765829667587,21.57214457053881,22.24659777712156,24.66073338348853,0.0,0.0,0.0,0.0,0.0,0.0,0.0,15.44173817743261,41.059550942864824,41.45188532697725,28.920963196822562,56.10273927305404,79.81037839453325,48.99119033105709,67.70960837578897,26.059506710710128,47.532442133439844,11.774126379756316,0.0,0.0,0.0,0.0,0.0,0.0
16.68359496397633,27.723343355418418,37.10723196768999,79.00607178939245,71.79100615069723,54.05704157739015,42.16554840263751,50.97608718402557,66.09628905184188,35.216385368179495,43.405253290443014,75.79462739122079,55.29449339513699,59.312291937819815,60.36011235369665,37.688067737209195,38.760977721482135,35.95175816343006,16.502469939071382,9.968020738972182,42.023770325849064,27.752237311959714,29.65054685581484,23.067330559284134,0.0,0.0,0.0,0.0,0.0,0.0,0.0,38.14741860421866,66.68565470694425,95.6673026030702,116.19855455579406,138.17897407315775,134.99818523077676,112.97040375838661,117.05109358218161,98.90169785565897,64.2398943382932,31.551436563025895,0.0,0.0,0.0,0.0,0.0,0.0
25.777487683158657,32.833836310327804,60.305934513361436,69.37639310076362,39.494964182548365,69.35250903100108,59.480582939912374,61.43081934058626,40.24556325222052,29.770786725538258,81.56873137422569,78.56749873151321,73.48526866315368,96.72542053977025,105.68975115250332,57.10273953002884,73.07721000690862,42.38905578749566,71.00038758127482,67.99225697838818,93.3227293932535,38.08989120193909,19.944579782739645,25.270812585705187,0.0,0.0,0.0,0.0,0.0,0.0,0.0,32.890670118793764,56.59150423472893,76.43238505822919,114.22598389050057,117.17353172774791,126.54986099212402,120.49856568702609,105.56494219682267,82.17790966539586,67.23372164699376,37.2054229033295,0.0,0.0,0.0,0.0,0.0,0.0
19.273321812483342,45.41945986779376,28.107309787894152,24.79286973397099,45.230956243285384,40.40303761764036,58.64604946598244,28.3252824606214,44.744682010348505,22.10537793734668,19.08672172855543,83.0408282213921,44.53009167447188,57.154449734197954,52.77653689644711,46.50358405815699,81.19343009920131,30.48910664142329,48.816739428353536,77.78658919094039,52.032656817781145,63.87171381225677,25.42319087183157,26.604953076181694,0.0,0.0,0.0,0.0,0.0,0.0,0.0,17.176061002087174,50.39259330023204,62.392306024884114,68.93766505160703,88.08321752346856,109.99094250953416,106.95855422581594,76.18781616471426,48.799370644298115,52.310357666379694,21.35739340124037,0.0,0.0,0.0,0.0,0.0,0.0
41.427460001345914,63.783470490230876,33.84037447477809,40.05659718136636,26.884387359300376,39.73407024475195,41.90249639844234,90.56634255531844,70.07007887634292,51.789650698495635,32.568157024605775,30.097569613148444,34.61002070949307,37.36655681527509,78.67977086180304,66.18956861564533,57.99163961879557,31.79875136339977,62.79488345993103,58.138167654369695,25.81717906249316,39.93658529698846,35.89999543272911,18.28731869785656,0.0,0.0,0.0,0.0,0.0,0.0,0.0,26.242885121088612,52.857535604612096,84.0062089798753,91.32621632197524,94.70639953906475,111.78913488805787,98.20295752190837,84.24212316692551,70.68551238320796,46.05319077565132,25.420990604849063,0.0,0.0,0.0,0.0,0.0,0.0
32.026638251197475,21.529486033193336,56.60033037435485,60.454685432491274,54.325902654212186,46.02215085924709,43.89095433341671,59.19468841827009,60.54093344309371,31.102804702784148,54.442850786265616,86.29313095741311,69.06396858942611,33.33035137675145,76.1113589760161,47.032791414666285,40.46727166753383,31.172235901805628,35.4977985810114,55.517164504590035,46.114510216084476,28.948186356722672,51.27998246951342,56.124666634065655,0.0,0.0,0.0,0.0,0.0,0.0,0.0,28.51849301171402,56.3097201345085,88.8269234464216,112.77857295766124,127.93960969001097,114.97047107713333,105.24251409584687,114.1679810116632,96.84300124228888,61.877063607939355,30.160296759691526,0.0,0.0,0.0,0.0,0.0,0.0
23.99135040930415,32.527304935689976,80.05254465126922,68.83316823535954,27.31963465087965,19.63820701322687,43.97125021790453,94.33635271854281,77.79059853115334,72.79481529140833,42.586794558191386,78.70388036377678,108.10153121561379,76.5407430774179,98.93401442449785,138.5500020526364,68.42228813013149,65.61939282829275,47.742550868706324,69.61237312797547,58.19131791008101,54.43973981158782,59.710912102107216,41.12975747724539,0.0,0.0,0.0,0.0,0.0,0.0,0.0,27.177211972247086,50.35608737453401,80.34892017921142,104.82706308736186,113.33075478348803,108.5985736300965,100.76191550564185,84.5121991860077,82.93021094734517,60.21623116852617,32.15316964314188,0.0,0.0,0.0,0.0,0.0,0.0
40.700846897241135,25.97829115988289,45.801480577207414,60.73453493013088,43.40826749056572,75.44877195039741,97.96451795256392,59.68052938464421,133.6756169710922,63.66929718278897,49.081234386830126,43.9383737897707,111.00263071581446,100.02447856383473,55.64294769456835,62.79675398262685,74.68280934553522,38.11006104523854,83.08522532857151,82.01480005031361,58.83765279114803,86.82245183088698,51.666633391784366,83.07969844286856,0.0,0.0,0.0,0.0,0.0,0.0,0.0,31.059313535305783,53.73980384789277,90.53965521542503,103.40233509174553,99.01506409125518,111.90735548584479,116.03538578286786,114.31005169232056,77.5767179711643,62.89408541263537,28.032874726463184,0.0,0.0,0.0,0.0,0.0,0.0
42.83496346748152,25.796244441777915,54.34009669707785,41.88520939532586,28.280287844196337,13.097150115060485,44.52686504287448,55.50910739180171,75.59726459745242,105.00860315810255,48.116607236984386,82.37886183363653,51.938308484264105,98.3902160743584,105.03914749315652,80.37215548463668,82.31044749438462,54.60305106597838,52.15598852297233,69.41912479431973,50.11288417066778,37.83068970710248,37.67170773227471,51.637709157009624,0.0,0.0,0.0,0.0,0.0,0.0,0.0,31.978978128239632,60.88687581422958,90.24304038138544,107.8283794901126,116.01551321787402,133.38413817748386,135.3914105952933,104.866691488747,89.99055615083707,65.74607646089875,33.21503058565949,0.0,0.0,0.0,0.0,0.0,0.0
16.32362394339567,34.57530145807965,47.27416987588578,23.947691243694678,24.305883143109508,21.3187777228611,32.0501774815189,42.583385949761634,66.57405169609977,69.72126782155684,70.70969411632773,55.397057857483865,87.60622569174849,67.68502937873026,119.73956377504926,84.5337001891416,42.17573121891356,57.905333367613665,41.971865310710854,51.18992119401694,24.140662498456134,20.388572478383292,44.946704903449074,26.987463294964016,0.0,0.0,0.0,0.0,0.0,0.0,0.0,33.50097837433382,56.49442947620474,81.83859927194396,111.7199155210276,106.54132200616493,120.5306817702298,99.95781963004161,110.2979261081327,82.94648379894655,63.42671926942429,27.893675200450577,0.0,0.0,0.0,0.0,0.0,0.0
25.977101751562554,40.58554780126125,49.076839748438054,45.60724295008251,37.654909826813935,32.590543203806114,18.533624670927995,36.72495019005769,68.2376525518235,118.7691845135222,123.56244610501462,113.01175354851209,113.10599368166154,99.82239814092236,63.67209883199681,109.91016004461581,91.58094001039164,74.41450912298578,38.67232382887528,45.12406651572017,44.73210501896091,64.92724014527185,49.632871167510324,37.248431059987425,0.0,0.0,0.0,0.0,0.0,0.0,0.0,33.36198820377044,66.82102432749252,100.08375607796827,116.58391798605327,141.24622661172336,137.77744988209255,131.38089777533136,123.58705276283123,92.57930808900622,75.05529128595997,38.88223835424596,0.0,0.0,0.0,0.0,0.0,0.0
16.315476458287172,30.021743578949966,16.37748048195891,49.26979722080599,80.7011810556259,50.4030431005253,85.03404305544532,57.44743044348984,107.93328181944287,105.55932274043232,114.05606456867562,43.128661984613345,133.91746043822133,115.47013489292814,73.495949636269,104.22826171543996,64.81671774282121,97.44661863330738,46.517380467621784,64.35191753961779,56.066043914682474,28.99825251107754,27.419802239461166,12.014200820305431,0.0,0.0,0.0,0.0,0.0,0.0,0.0,36.57314079737052,70.17137403703353,75.76551558757156,113.47118515371908,122.1736423910451,139.58483831919966,122.4949911032822,102.73295784083378,79.33326094287376,55.43109578156968,34.183916459138146,0.0,0.0,0.0,0.0,0.0,0.0
23.650220920334355,33.95335994350521,27.707975930205304,27.240974427905613,48.47061122209443,22.959143590327802,70.22369808663898,83.37021353448118,75.80752820370434,71.34947529530857,101.19189000810623,55.18092642846898,32.41515835741131,38.41409466192908,78.76473322876767,33.256660039702524,55.21914653030085,121.16254945969362,94.05511185292202,60.75038648142708,27.088034717504478,50.41961250918673,43.32717055025578,22.82419191271215,0.0,0.0,0.0,0.0,0.0,0.0,0.0,27.961958394297728,46.8844644168395,72.31593723393912,79.53523426521524,78.50861455580308,98.40330965688514,108.36519725861073,93.83268703302198,71.32235622563924,51.652170611267174,24.573197575262178,0.0,0.0,0.0,0.0,0.0,0.0
51.941791394539024,40.668281258387196,45.46929449753458,52.7108716171835,42.80921868129324,40.27974021384605,38.4751769144519,35.13438511348876,41.53037070103321,65.45962834442862,63.14455116172023,88.39443934379558,62.41851470112514,63.67180754088875,64.38294964178041,60.45473173307565,63.33201343200192,38.89407930036046,41.47909749214632,23.107210125082347,27.35413102144272,30.192975737874068,34.773506989682815,51.78685955043753,0.0,0.0,0.0,0.0,0.0,0.0,0.0,39.08527577710198,67.1171531666897,110.28407855794028,136.19895390006533,146.09320270985535,146.8475350510479,150.0,113.7718071422712,105.42994465804118,65.40947059320557,38.158594255001645,0.0,0.0,0.0,0.0,0.0,0.0
48.5433771534675,39.44957799657656,42.997219240275086,21.95680217491336,26.3137505804646,34.65013166406457,45.33669648875399,23.8598421421172,26.955533502756158,38.82196486857994,117.86474200256801,72.00252819966862,68.85019291176648,47.63985990380646,68.98489563889716,51.68408782376297,40.052868592766,52.478481269416456,18.98993452298939,9.198618571896999,20.864408760763414,12.718284042496904,14.323403902101273,23.352823184356108,0.0,0.0,0.0,0.0,0.0,0.0,0.0,27.283643931368882,48.18512637320922,57.229716071832684,87.79347891247573,94.32987796813339,100.51612342451082,93.22767134792231,83.0659613908611,85.57188989319411,49.23442978614934,24.35479797960262,0.0,0.0,0.0,0.0,0.0,0.0
41.311188124647366,39.45913316063038,31.57838042896648,68.43564420210167,48.43706680700102,27.517673095347917,54.38491516964816,34.095860361534456,45.97427365628275,62.750297847899816,106.18989672006582,83.1961653307763,94.05822074426277,166.5039650063655,72.73272204214305,54.794363546631054,55.35103964330299,54.46277900457943,50.59555085279632,81.57322258094601,68.37230551687126,55.33155461859916,36.97589065513331,53.15561789704062,0.0,0.0,0.0,0.0,0.0,0.0,0.0,28.532257230167623,53.07188038129449,56.131592968503114,79.09778605877202,82.47227031715086,92.60379573461981,79.2730493059723,71.35069205928127,55.08101400343426,47.12358430543398,25.370165207343117,0.0,0.0,0.0,0.0,0.0,0.0
62.035041302940805,19.94269266048869,41.502609383364195,21.14384917627566,28.922574178709965,19.91427462384022,53.74260972825089,74.21113897024954,42.45952694568081,55.42753611284488,66.5642468114325,64.50715826365888,43.12642192389649,61.29553107692307,93.84320967960758,44.80203372126407,30.184895092235664,44.752021175012786,97.12707938096861,76.80808717172182,67.12299122659462,45.570178015072464,47.183154677975644,17.551636651340157,0.0,0.0,0.0,0.0,0.0,0.0,0.0,35.11023592309379,65.3894923729297,91.89184263418556,113.00074388390601,143.2349888643637,129.77745503570645,134.660323150185,118.35933096662511,92.15251335787032,72.69128361142846,35.57682379180845,0.0,0.0,0.0,0.0,0.0,0.0
65.95292208557707,49.02556024836135,60.02116459911904,56.40939629119603,30.150599354037176,70.77922386595812,32.84611422531891,51.88911763127785,35.79711218328226,16.677639853084784,47.26038242359032,48.79508133160403,62.810453331206595,73.163045576461,34.01833764700141,30.031605757138063,55.73642401808356,47.91001251814857,64.98903910349816,61.08771094441487,68.76981629802043,57.387710852392225,40.832288788959445,43.99483169737817,0.0,0.0,0.0,0.0,0.0,0.0,0.0,36.51624661545218,64.91857846654442,93.47033296196788,127.90789700962745,140.2460037724186,143.160614840125,146.53308817569157,130.8496192024911,103.2768614185721,66.73739216760441,34.317046349726205,0.0,0.0,0.0,0.0,0.0,0.0
22.016967060352588,38.93389123794687,32.590119866156144,46.74896952446399,55.9038275906833,65.53176532111208,79.9134799926877,55.15459537968217,44.182327927111174,57.38349355069872,50.767033667139195,63.67408254904359,75.46264057652914,77.20773761732596,56.90867458353035,37.254999751726196,44.640892567601895,29.679322909779593,65.70773685100562,42.46845979794662,25.788769301560276,12.42739393110672,31.43085210398788,35.51670199828336,0.0,0.0,0.0,0.0,0.0,0.0,0.0,26.556073861114932,49.639887411901945,79.78440944709526,83.18153155519477,104.68909416356082,121.97842305780163,101.07807156401972,100.70233932180805,90.56142016501059,58.14392215448373,27.822867290265258,0.0,0.0,0.0,0.0,0.0,0.0
10.215808470057446,22.419588574225973,23.804800788720634,39.09583561731394,43.34384769228456,37.19883768444872,30.653412309300364,99.05771889865692,65.40445320064214,72.0817510767295,41.345955222140674,54.786090491825234,25.19688883130019,51.17881112514212,107.75072226084954,66.15911849383804,28.997260239536082,16.27364990493793,32.43571113836211,24.734672417877285,12.45748799444597,39.44270084349775,33.740495694794745,25.700870707759844,0.0,0.0,0.0,0.0,0.0,0.0,0.0,31.041860430609876,72.32198702681073,89.26328592027465,129.13151043167363,124.79609127842377,138.57329271710148,129.95954969656427,116.40407147611278,97.24640607436078,66.59895103896756,36.991878682173606,0.0,0.0,0.0,0.0,0.0,0.0
16.303675560733037,63.25743696647691,40.251760583119136,67.21828457863197,59.18646009450034,76.69444001106402,122.09368375910724,67.49947190875682,122.68586674820978,79.09734672135417,67.54315135134696,61.81026807160966,75.9008925498168,49.123286395066025,71.13234190588203,74.51968396098128,90.44905009248035,98.01556488778564,66.5291892660868,46.670099314603384,36.24686355278831,28.198407926239753,16.904393793102816,26.460401273473234,0.0,0.0,0.0,0.0,0.0,0.0,0.0,33.732241911332665,66.82313471016256,93.28015183275184,107.02243571039685,136.93394237834625,135.9336449178896,111.50306592009116,108.64185018113156,85.17829657611811,62.08226235756647,34.57816790903605,0.0,0.0,0.0,0.0,0.0,0.0
66.91645771328419,43.43190208423163,30.749509145763447,36.39291370716444,23.223013360671686,33.66881348764083,47.93687980133482,48.32349042766519,46.392158433257286,120.25838657417263,107.69016169500583,82.13366926340882,71.3180938243323,71.03639827800825,44.61380322152452,46.80167186776085,22.968656185602924,40.17457272036524,45.804274357081056,31.45804596912207,67.39357118524538,65.39564723715543,50.320623153084284,37.67379796652971,0.0,0.0,0.0,0.0,0.0,0.0,0.0,28.09035637364047,54.635480661788804,77.98507355088871,92.09738813713082,112.63900111804905,109.6921480742564,118.28077720600662,99.44643006283745,77.73641192024712,62.60539848891415,30.68231521732165,0.0,0.0,0.0,0.0,0.0,0.0
17.182252798593538,46.02634820576303,26.331036286125943,54.23350330713952,39.09271421298307,75.51456350066931,104.52356935137756,52.37925754735513,60.04734602100863,136.6165639816298,91.48209176891832,117.40068335916611,95.8179098343827,72.46779898391019,57.78717629411156,45.734033485594914,81.09606968244756,60.940569687894744,59.07931464852324,53.99738130430707,53.48280031300874,68.24806418430852,88.6354345236758,50.244907973329,0.0,0.0,0.0,0.0,0.0,0.0,0.0,31.37436674434811,57.62898545662482,85.99716967848885,104.28807206104592,120.74114547180018,131.93715034729473,130.09174250842887,108.03442669530432,76.4504873100446,66.10814908990575,30.561884387906254,0.0,0.0,0.0,0.0,0.0,0.0
54.40440124401017,46.053986110344404,73.5448355169926,39.23645016746838,25.236177430025812,67.7742737949481,56.45595883983658,87.63348001502365,109.1558078367115,47.65359314267332,104.04581746886656,79.64417062761409,77.42032059228421,85.55291855208505,124.54048918374683,45.51708081285034,58.26253919074151,73.1466135206952,75.7429630873864,69.85958899104165,35.998868665477914,32.45612688971819,32.25911068323788,50.8214585886231,0.0,0.0,0.0,0.0,0.0,0.0,0.0,32.76391251866798,71.25929776287731,95.48065441445924,105.3385622142512,142.19354771546907,143.19524391891215,121.91684519356834,98.83095062285088,100.10167963004778,66.08999961252928,30.98733870701458,0.0,0.0,0.0,0.0,0.0,0.0
17.735350101901904,51.440961197431534,18.001731946370796,77.83727003925459,57.2573951745754,63.62335481435382,41.70382987049119,17.504709699552066,56.93239928978352,80.48889288784784,81.44503344950222,44.303270555827886,73.68949501035786,83.36310973847173,76.14882507997274,79.86685035742538,85.04151675938581,66.0644870340219,31.480235819470487,38.04902458226964,20.484812940085092,27.31536486207843,27.883393642996513,15.148145314341688,0.0,0.0,0.0,0.0,0.0,0.0,0.0,34.20372502846147,65.01591818393375,89.9337383340492,110.10232406616163,130.80239597981756,124.55630550366689,128.16516678285163,123.26943736589699,94.24546466942532,60.72235998417679,35.19436186063443,0.0,0.0,0.0,0.0,0.0,0.0
12.890705354714715,38.250076265553346,59.68946248438161,26.16986964461418,65.78244795571335,50.73754457673505,38.76728093931213,23.75233399790426,45.48844448117775,74.98445005282865,78.84354824409334,35.49486392262163,25.12396718462626,44.99564204136465,43.58145627676061,38.15041928808299,37.8873011759241,66.04166421252906,84.02832918809644,51.192888871915024,65.93478777164721,38.563294869354934,34.1483728782461,23.787418959473822,0.0,0.0,0.0,0.0,0.0,0.0,0.0,31.452875081331936,46.61865348159064,78.21231149763038,93.20746212249585,102.12871117454367,98.11423130733913,105.65461686741075,88.40696484371703,85.07667301286502,54.55668981085947,29.99460410866803,0.0,0.0,0.0,0.0,0.0,0.0
83.02848734882227,53.83681364016669,37.150172870316666,45.78061813547812,27.12192952607605,68.19043504403035,57.55371206415663,54.48747865874359,64.93825995955049,73.75330675692204,37.72728489818756,74.1412268405879,53.37069931977949,81.61776758046852,99.65281816509403,99.86764892902073,76.36779502530833,64.20311856010622,36.678810210520965,60.53339536084748,38.961554254293105,39.78115223781329,30.182976921956406,20.455380172534035,0.0,0.0,0.0,0.0,0.0,0.0,0.0,33.46772761887107,63.10955291570656,101.84569167124523,106.20813263451436,124.65122102327209,119.32081006068857,128.70080109308267,105.87185049949566,93.22873898336665,64.97923941526098,31.82656431613109,0.0,0.0,0.0,0.0,0.0,0.0
9.944152310831154,38.18116959831012,30.879296992854847,9.655658817740576,34.03989338700366,19.054184676281217,30.830862732051113,62.416258956770456,31.838655532711158,83.36717596394013,28.532061739966817,39.65230721244313,80.34785221716469,60.113850730818456,36.696651310312504,47.49201640134638,43.18544247566296,78.22040456906598,50.55207063088646,65.5103743464173,74.55928562689319,47.83310454427245,63.10573888360087,39.54742268422542,0.0,0.0,0.0,0.0,0.0,0.0,0.0,26.307985436668094,49.56858202978094,66.89950077750586,108.56222280240632,112.76358844455058,104.00432669570368,91.0212284691487,107.97653420647615,89.19392041318562,63.07232328415516,28.608090592630717,0.0,0.0,0.0,0.0,0.0,0.0
14.50393017220864,40.74061752603962,41.44977849226147,39.088701441546625,53.25707236512973,66.17035962825324,23.144015885728788,30.062043499605995,73.93113354146215,86.65091365012012,144.0219368006368,121.96742720074445,151.80687467475667,118.02889018572982,73.58378602864553,42.60741720271382,84.46546851557582,80.32402471145093,35.16342938837143,40.94814484601665,85.83985510493302,57.45679694201611,43.90729775562947,39.58394179598358,0.0,0.0,0.0,0.0,0.0,0.0,0.0,36.240941634584416,56.887784218903384,91.31370066812912,103.89532657775167,110.29020491148148,121.88827180271159,128.7293206508483,121.98984295416739,84.6001947052805,70.09983607300897,32.68476820135114,0.0,0.0,0.0,0.0,0.0,0.0
23.96981541500949,24.28817603727675,13.40772253019044,38.282949057484466,34.18257198471712,54.814486385136064,67.58838664361691,39.952527224182376,56.79161672708194,53.699112324101314,85.76502727893636,49.913183431791694,67.63185247525149,67.74772892026473,48.6154442182429,32.15879079456353,54.10623514571425,62.92442459977907,41.730488186954574,47.01789999602944,36.03209680868345,42.50710792439163,25.19400982254413,44.95617686382495,0.0,0.0,0.0,0.0,0.0,0.0,0.0,31.352935060789385,71.40530615159128,99.39944001438262,126.72876923340407,137.07552770904505,124.26802765122011,137.69766562269427,114.20877154695091,97.11990659690531,73.94735271340282,33.04177157818099,0.0,0.0,0.0,0.0,0.0,0.0
24.782580618992103,13.80892307880921,13.541924592786323,29.077554347242458,26.594072946039155,55.14922692524379,21.220174531019957,35.1836742345008,39.3148968830063,18.428415222016152,23.575805078995614,44.19004142477344,55.47714170234729,53.20614090394997,59.04923766052974,62.86892688165513,23.338031941865456,39.97106694489557,81.91027283049027,54.613909836149574,50.4527189254571,33.09212965921537,43.26285617131545,44.70301888914581,0.0,0.0,0.0,0.0,0.0,0.0,0.0,36.00852982481105,60.90758772241039,96.07471472739155,110.9158838994143,111.29449376309312,129.43609151662977,133.4292306365406,101.39165465188748,87.52957088393597,62.24842541996523,33.74218095973284,0.0,0.0,0.0,0.0,0.0,0.0
77.91380264635262,33.89353765140493,14.107272312348012,43.48837132005894,58.33103631362657,31.350000384774763,32.938472306213654,16.004477776578586,33.918268798379735,73.92553521173242,68.80680622577357,57.26943015644319,55.684749421481705,18.76630531049109,38.21651359142735,64.83683306729704,113.95549117812016,97.23691774947642,35.716383946574425,69.26202526852441,64.42248594680085,59.185361942934,41.33581410798022,32.86045613785842,0.0,0.0,0.0,0.0,0.0,0.0,0.0,22.843103136218563,44.378206664605315,70.52313284827885,92.52208873961182,91.7375447978255,110.39132748819657,87.12123314729054,65.72034511198345,50.65619327852622,39.19194013172102,21.79126024324243,0.0,0.0,0.0,0.0,0.0,0.0
9.605052868796161,16.2335107449811,19.514541157441016,29.909762753518283,46.79408908037488,42.36535879130186,22.153595036255773,81.4147362550906,100.75665243140033,89.51669242614176,135.49003348082584,86.00048164937441,119.37590218833498,50.15331798638278,48.684237067877454,38.76534685706846,32.70185766211382,26.182517000700745,46.03660713281865,57.397042272025566,47.17805799141582,25.942579047756205,43.31146908020793,39.362587193226894,0.0,0.0,0.0,0.0,0.0,0.0,0.0,22.59744244295424,53.788917203736254,77.22903370423903,84.96526181424866,117.18786244093137,95.54095999260275,105.88585215891061,93.11410397080842,80.32807637294835,61.302809873996665,29.22256479913029,0.0,0.0,0.0,0.0,0.0,0.0
40.46105021382124,27.062331012736507,26.689220717545638,56.44105329380354,36.51926756591616,40.165531047953266,71.67463609145204,69.83872367147542,32.81374177533946,29.6350006163079,13.477972538179605,56.996258508923134,58.314816413731286,37.634531387477374,103.32372432922203,74.05565775531313,46.8490797299706,50.37118574216479,57.916137536015945,27.698475982473813,27.257547289674307,47.50548110002495,36.642925503644975,35.1857998976382,0.0,0.0,0.0,0.0,0.0,0.0,0.0,25.0234979308525,43.51185323939332,77.74367322025616,71.41144380605236,91.54332193616749,103.07506688151678,107.48304698908359,89.95908418457368,69.7641901137051,40.42160514283218,25.810962199097645,0.0,0.0,0.0,0.0,0.0,0.0
8.247401787805966,14.271161691090112,26.608098336730013,23.11560561450333,14.646807806628209,55.26661925847826,98.05139238197071,85.14656917895395,91.66178008849806,54.08159431094843,110.9522402891769,58.588505823163786,112.35327480190908,157.6572253824567,106.03839186137611,132.4530874281472,83.51367810745283,49.39125294576607,45.79524896523333,49.173681834628,24.13482384912564,38.06588311978084,69.36670740037178,33.534928623919036,0.0,0.0,0.0,0.0,0.0,0.0,0.0,39.49766215523095,78.43885122134253,107.74803714104009,132.9844229534946,146.42492359003106,131.77185213548788,135.70781997308782,112.24198920886373,103.70718309536697,71.57717103397414,37.068150460167715,0.0,0.0,0.0,0.0,0.0,0.0
69.0017429104614,74.65648459227876,82.30239393990797,55.474212243928534,92.71189861564734,78.82422700199278,43.348756893623865,54.02862643262557,77.81931623485401,54.24867020713515,77.43569616405689,88.23223720249605,52.829579794363255,72.44154562559845,95.20377926453837,76.75053853919684,29.065112514028446,13.575646266925837,35.25149541958489,79.7820076972654,43.85639007849003,49.12388977007793,31.460826860913826,29.255642971129237,0.0,0.0,0.0,0.0,0.0,0.0,0.0,22.704121334027217,56.01123611976464,83.03533243671711,105.80793198393354,86.84741350324126,100.37838593791666,123.25573141059654,97.77759432072433,76.99633340325175,45.23537853706052,23.271541724062786,0.0,0.0,0.0,0.0,0.0,0.0
52.05860078485658,25.889901212380313,33.23277044942944,16.26186371132215,37.16402653678128,56.70943737597396,34.005847899920525,40.54916026414529,51.920817053389726,109.4317528215464,170.68969088236253,64.76588023718219,95.75418742770665,71.84844362353884,65.08161109912969,89.56929291638527,115.24278483030588,124.81318978864915,81.8328954949022,53.60912529371522,65.70840484305147,39.37239919127925,42.82421471213751,34.46579425377689,0.0,0.0,0.0,0.0,0.0,0.0,0.0,32.12235366084788,54.800465517061845,86.71220955953147,90.62780587884409,100.38212459410565,112.58095417932495,115.37335124346407,108.64287582458789,72.03299029290055,56.071064765142474,31.1900651394824,0.0,0.0,0.0,0.0,0.0,0.0
22.28883998118001,20.64259395518338,56.429566320058335,28.106191398366843,39.66353292489062,32.27137347181907,18.57505114353431,14.85822150677382,27.31142273644693,86.4940592924665,59.085896711092786,120.00396845149722,91.55076419616385,72.15833972517451,75.22368940295895,69.59502257549282,82.97137980497713,52.82543265246849,45.30052986390602,74.6963340280299,86.04301628344075,76.76171307248462,46.439434712343385,51.188638956902686,0.0,0.0,0.0,0.0,0.0,0.0,0.0,28.570462214053183,52.2550705541846,86.64903932680264,95.28974368395113,118.75211101388304,107.85449284035225,111.03315755008215,88.29302351116256,92.36494603904893,65.74761191061722,29.68044349123188,0.0,0.0,0.0,0.0,0.0,0.0
32.869956612875875,23.359700562879162,34.99402940037919,24.92849029466706,29.481994940776012,61.671147367731436,38.54092749339234,23.84050946375661,20.13085426222259,92.46889470479232,72.82212976376641,61.75810856848898,90.11084460147127,100.95982139992978,64.3538727481884,75.2189107225779,81.50406123030061,71.0489795172224,38.182790548177316,66.36436477718743,50.420963698655555,33.44579386103421,32.05571378019037,15.136672516715265,0.0,0.0,0.0,0.0,0.0,0.0,0.0,30.011031181369177,66.86809291608084,99.86816052187025,119.59955058803077,119.80150462683699,141.87120389311318,118.80118577646182,122.70303041498865,83.79374217509842,59.752651270759834,37.10574427801327,0.0,0.0,0.0,0.0,0.0,0.0
41.00370962503395,12.383788827777385,22.380869066133755,30.20522959367211,16.122746513168945,66.93993574067345,38.1814749204638,34.84072577923907,35.55653857942247,33.27382499734208,11.751359253413138,57.55103560564173,105.23874584852291,55.38811028802937,64.66430647980476,70.80839927123239,78.52862732400374,52.33826286723943,37.17630007395879,31.64239463907475,42.758503993705276,48.42062557799947,25.910150420000537,24.275109901746067,0.0,0.0,0.0,0.0,0.0,0.0,0.0,19.946049381378625,53.0609408510536,60.08108364375724,77.53958548581998,103.66158380344604,91.24419369833926,101.90629744723843,72.73631030974266,73.42133127259032,38.16440582043551,27.887783629784344,0.0,0.0,0.0,0.0,0.0,0.0
59.52377098100647,85.52247991448706,66.73969579907187,46.3578582442857,52.302821136331325,62.023494336640454,32.54249439467895,56.72462822473566,80.23994850878606,49.85089542658459,92.33628902818394,88.04056224686443,139.77167161528573,55.35011552622721,51.490787225969704,73.23670234282923,55.70560681154368,75.99809601997673,80.9557837431202,38.9370656176908,46.184256249038,45.27642673053227,37.126181683415695,65.47305434182427,0.0,0.0,0.0,0.0,0.0,0.0,0.0,29.66754670033143,60.07079745708979,88.18336653861233,111.6697059312602,109.72522938391253,122.26362618776702,113.49634410405065,96.43974730489884,81.72718615768414,58.295455443955255,35.7513521871589,0.0,0.0,0.0,0.0,0.0,0.0
49.4487703588882,50.88566106926882,41.85798440753277,70.399171221183,64.23149146487923,68.86341217442484,87.47110784327657,55.44470126574132,87.72196690596607,53.67359484923495,55.9454374740205,56.93844880359957,141.20886156038713,129.8660711722564,106.2370671265627,98.75881818186885,79.9859936509334,112.4594001012618,73.0726773102788,51.957565644535386,32.286990201311326,54.78042431706702,55.34231812521971,39.03465685684699,0.0,0.0,0.0,0.0,0.0,0.0,0.0,32.865421538020854,60.6124422167273,94.76004100623624,112.23547472822624,124.74549392201904,114.94637338299233,118.13006487272054,116.41038659580852,94.59302259282946,65.62639505983606,37.407252906778304,0.0,0.0,0.0,0.0,0.0,0.0
43.79016975189959,15.609125990730007,31.37459453891521,58.166488121142024,38.961618598106966,27.77765972315317,45.918483872359175,61.94897667050597,53.8788432720825,93.82668275365681,38.24675462515027,49.18000876959758,65.82584523152683,83.11957165863166,44.42312680761554,66.66400032257938,55.603038953349404,42.94744069571849,25.670607053083273,51.7175382259291,27.243569518874526,24.006778442105308,21.366772619906914,39.44857083193721,0.0,0.0,0.0,0.0,0.0,0.0,0.0,34.31729362527391,58.18025938655346,87.79114502037456,119.4072915137785,114.813041084657,121.8601799008494,137.41227544031028,111.18120893058672,95.99145184159329,58.8593506281849,32.63528404823689,0.0,0.0,0.0,0.0,0.0,0.0
53.9729292178492,32.538667610321816,41.38804316927858,44.01956559420149,63.24999545667549,82.07473505211037,29.58829511099534,60.51647127482701,30.24073430334579,58.57429824272865,51.270498010100866,51.31161161745605,54.895150523944466,74.9597972307949,59.381910940789396,81.54675538449926,62.1812068596044,31.632734170403044,65.05457890559168,43.317134361904905,41.1701767968833,49.2583973880376,35.082350068273804,17.872421219855923,0.0,0.0,0.0,0.0,0.0,0.0,0.0,36.94795443447564,68.62631347176263,98.98960136522618,116.21070089128374,143.83911868987929,136.90912243528504,121.8805662609146,127.98700972065308,91.56204927685886,73.51213542580358,39.66848957050309,0.0,0.0,0.0,0.0,0.0,0.0
64.57563751122389,46.769278661936355,43.961792601175716,43.676859034721474,28.75822838407458,35.452176764748216,57.65671413829786,31.46073107325756,35.985213197362995,38.821658651762505,50.30094719819622,119.61766911749628,49.943129947475576,60.06842388799385,40.87106779519472,104.8457253745501,47.588735255992795,45.422088610147384,59.77551888020898,58.17118164835161,42.08652423620124,32.508057253087344,29.949332605659617,23.965080232801146,0.0,0.0,0.0,0.0,0.0,0.0,0.0,30.146388643337392,65.88523077771356,87.42474427490062,114.28438595490051,111.48388926137565,129.4078065515844,107.64661988106296,97.98957473812376,92.13603883656327,60.932900608338734,29.473437009576145,0.0,0.0,0.0,0.0,0.0,0.0
28.661356777304885,22.645803442326294,22.136414335023463,35.92278208341382,68.19833895620292,53.02596426969715,26.39379287327853,19.200849037239326,80.9337775082846,51.47387893055343,30.280356450428947,55.90690000059039,65.60593823567817,69.76371751028879,47.56195755233045,19.917832106897738,85.1228251452549,47.167832521131935,53.48391410505017,53.53400040188971,46.020198114734995,31.153176829981476,24.165731197040397,31.219485207515298,0.0,0.0,0.0,0.0,0.0,0.0,0.0,30.903554613688527,55.98259171183832,87.72345710643145,118.61357839011,113.9321225966884,118.49243915933056,133.64010182439839,98.92952963728678,88.24353897562615,64.63000458770018,28.203515351816893,0.0,0.0,0.0,0.0,0.0,0.0
78.52828507489869,34.4815923817642,24.392054114534247,69.940734266459,67.32369686815389,84.64126812228467,48.305082728867234,63.716891239638414,80.85134345358176,87.77753648052125,71.271721168142,29.31006895253231,68.82968499359666,55.035194367354244,64.50629719659166,125.12329707943806,77.62357744696976,94.06921677021883,50.229289945337285,61.549955063842354,96.40078532208433,40.98443294923987,15.425980326231223,29.241773323213298,0.0,0.0,0.0,0.0,0.0,0.0,0.0,28.963054596478834,48.00183792513587,92.66195763201964,89.69186667462635,117.83321283299496,130.18995496504053,115.39667538005588,106.79694079928947,76.97954044469755,55.191918698874666,34.770840464794475,0.0,0.0,0.0,0.0,0.0,0.0
39.330351975635516,49.18406795187364,33.62212101333946,24.78822610293082,29.552589948301865,45.2848523256698,16.938286855055757,41.11444995277675,52.313039344460655,59.46639485047599,41.68854125826969,64.5082263294727,33.86406110659081,32.06845827548032,75.26405004027296,72.9083142770693,26.697854380569456,28.415343692732687,25.794655187051553,25.79076745422537,23.361872466890805,13.836148468489517,23.749798799803667,34.506140034398435,0.0,0.0,0.0,0.0,0.0,0.0,0.0,20.912623899209088,54.09591088330798,59.9441343194904,89.61402335628215,64.27175226015088,108.39828013077889,72.11341328871255,55.76584206105026,62.59327268222879,44.20501361226764,26.427329410733112,0.0,0.0,0.0,0.0,0.0,0.0
44.08807989190637,21.864502760564292,60.74796797633002,63.41886058744903,65.69292169441403,72.36232650041786,93.65144931486711,70.26567062503784,45.23360976501808,66.56862969092788,85.7414970630409,92.71626764208571,77.9423637208257,38.7996182334191,50.07393285550368,101.18880030642632,78.23471614750402,65.29280326726318,44.09403667942489,40.355160259315845,66.93417298446866,55.1529909755678,55.30722216575722,39.702420982404604,0.0,0.0,0.0,0.0,0.0,0.0,0.0,33.275395416887335,77.02747354179513,102.42472051346732,119.07381475883587,147.52354687171947,129.50738222478003,131.8375601917947,122.98251722439178,99.26942652866006,74.91232483372649,34.067564918231966,0.0,0.0,0.0,0.0,0.0,0.0
22.487533302242596,39.87065672503422,35.439117995169354,36.44922588204281,48.629615553477414,81.58450796248736,35.84009382458937,74.09624584568769,52.54670062633438,57.59328497399968,25.7542539085691,42.68648886011011,62.04435769767359,32.6592826497448,56.59936142759273,105.34310129891544,48.80729805074013,72.35840653209476,53.78810179327811,57.7983129788609,37.55637456182414,25.34454845789847,20.748771885455614,14.325088115169452,0.0,0.0,0.0,0.0,0.0,0.0,0.0,34.632451218273154,72.15267751186882,92.65836441908662,114.00975595275037,141.41382473553566,140.76977871885032,128.38575637884801,117.79477286012228,98.62642442129035,66.43291706224413,36.87167568169948,0.0,0.0,0.0,0.0,0.0,0.0
36.53183423158046,47.33245516491154,48.08092142175847,44.59302517407046,23.84525191001775,26.75571328922023,30.385572983968935,30.507174972591844,45.593189884883074,53.413135400744835,47.462686130355564,46.313984845814524,78.90944760144582,84.24830098871765,53.9745257127281,87.2270337339401,101.02775581928016,55.39663947165081,40.90939663073405,40.433286567949594,63.62618096763604,59.66023392456297,26.490317257104252,25.529998848134937,0.0,0.0,0.0,0.0,0.0,0.0,0.0,38.562989134884006,65.84119572619691,98.24849677595788,115.58233022288434,118.48992145130858,133.79752425548628,141.0121880693937,112.30521352967448,89.45640706230843,75.03112723065344,37.11330668773945,0.0,0.0,0.0,0.0,0.0,0.0
34.16698315709025,23.751969744216296,49.81930471929932,49.796337624624954,63.15912043983738,73.78441685409923,72.52270241073775,57.19569704707526,65.75784085441262,41.88856335979778,71.06325407158712,46.52328844115121,76.1925783255778,51.82028287510211,35.09472530935196,33.0590442294008,12.152550536755147,56.1268836232948,66.09016364628798,53.165824423541395,30.945561551419072,18.96811384861175,9.931066542479176,15.360778308847657,0.0,0.0,0.0,0.0,0.0,0.0,0.0,29.256484277137748,45.34963575179638,71.3956263151103,90.08993369347928,103.8426852587818,96.15131919979088,96.96198678350163,81.30574447120593,81.66219635419473,53.85831399328856,30.007265685666894,0.0,0.0,0.0,0.0,0.0,0.0
24.31998769588164,29.073525964786413,20.248245253518473,24.68940434367825,42.04182598110313,55.54228179213385,42.43053384163221,25.594106412072946,47.58250024025713,45.27561941413839,44.74346429168714,128.5507855326993,101.94249939658091,88.5052771507706,72.43501993726612,66.65132310724513,69.98863264939814,78.59874489656002,77.02806253858927,42.36862314672001,46.4111996793587,40.970910927252234,61.68526595200581,51.40339431348504,0.0,0.0,0.0,0.0,0.0,0.0,0.0,28.30519067392688,50.20787090717326,78.20604471672047,89.14545173345279,112.53991031738488,125.65831113533963,106.90123312260776,102.34917563950094,76.48802547478287,54.56763819598779,27.650115204055393,0.0,0.0,0.0,0.0,0.0,0.0
14.188600361839251,32.083159427897755,20.310396852856055,26.94748999624424,22.003821625701388,48.793048770250834,35.08613189199601,43.11919744589571,87.56064936319218,51.40252662318582,61.58326378281753,59.93900200109186,25.6536990218381,78.25747998183597,38.14262908528446,53.5986691857357,61.09699291612354,64.3142766755742,65.25149348133475,40.584577447595514,15.725998197267039,41.58423439809529,38.98236719712298,50.489825295090704,0.0,0.0,0.0,0.0,0.0,0.0,0.0,34.562928256266815,63.873974909408496,82.72535723093164,103.6147855906706,117.85914407897569,116.30819584319008,126.12799068872549,111.54890020412417,87.66344888653984,58.1882457117162,29.266378248884415,0.0,0.0,0.0,0.0,0.0,0.0
61.45958043097259,44.62134484893943,34.86737110940504,55.82521722295234,47.34861055471812,33.70168338246477,75.974119958769,98.14571427656722,73.26427237422799,38.41254518707316,54.31362009984863,96.22729187263633,125.14024129132164,67.42893935837931,36.31106859783199,95.73956756722707,67.56228603959063,65.75281090658713,107.69058853265668,43.67419860863673,53.48119436002155,26.096664342169884,30.962280814260644,50.303196143385684,0.0,0.0,0.0,0.0,0.0,0.0,0.0,24.673619272237616,54.223133030933546,78.74378926881266,83.31773908678933,122.34623846823419,115.82266391874536,91.49312879192291,98.23117785920171,75.42842979862088,50.827594123538326,28.68692852631707,0.0,0.0,0.0,0.0,0.0,0.0
94.34827887099357,53.38763032644876,34.11586236127964,25.814218367176373,30.125659289459993,34.53975424853941,21.26981294094355,36.54533403833423,48.642464413421884,71.8100644475616,76.02037352017479,82.83370756024308,29.845675056095473,35.73076406819878,65.5657196143492,60.76163515973453,21.709859077569014,63.248737756168794,68.7431616748828,53.929980392393354,25.11348530772919,45.21966561558418,40.78979921557678,46.446074272797254,0.0,0.0,0.0,0.0,0.0,0.0,0.0,35.83390373432867,55.110850254768934,79.88043863393102,109.71714356920214,113.83118388689974,123.65766938909326,121.09656036882285,110.60893046549954,74.25040201238143,54.63197022510226,26.357729749359873,0.0,0.0,0.0,0.0,0.0,0.0
56.11728320255048,43.61290175541422,25.870677523846098,45.02329000863733,51.42631965240301,64.61241707864154,39.331366523311075,35.18609800304608,90.75306696761662,94.48415122469528,120.41555715653449,108.99604474098157,91.47308120098704,90.41313845797006,115.47488468783573,87.76211425086524,80.28272723809732,44.800318704275554,50.49009446689116,62.56583021088258,40.425941529434915,28.92360160697254,28.857977675550305,25.13684612641487,0.0,0.0,0.0,0.0,0.0,0.0,0.0,32.04684145029588,53.95911832622481,91.2575319431195,116.56361701279914,99.34100722070005,103.62626894013418,112.40395540667983,90.85078693177493,73.71842918889945,66.3164592661469,33.87766619044211,0.0,0.0,0.0,0.0,0.0,0.0
26.35655041170407,46.86382431071618,36.320743514225775,23.871715634007863,15.937346489905796,41.89045700552336,38.41601012112829,64.61352230135408,64.44450105107465,77.328301326909,50.21313048716215,68.47279089128526,48.01428395704248,96.6879131917675,77.23670262081566,51.971490487364555,39.91946566490072,30.581072824400895,49.7025025921362,31.8022829424432,39.033557867069696,27.47790550835892,35.80927178630178,43.512932588105194,0.0,0.0,0.0,0.0,0.0,0.0,0.0,12.588874840166728,32.7722946018585,61.0046381951708,73.41354610702426,54.71568561399429,64.76509309890525,56.92751744449625,56.309417984140254,26.783856184120694,28.217374402123863,21.37555036443162,0.0,0.0,0.0,0.0,0.0,0.0
53.1650083601176,30.378360565388775,19.212366231378976,44.84641437236846,39.81523560482606,44.034116740831884,21.512467169361862,34.24642256592051,20.35168302322463,89.94729888133854,58.74750124470377,73.32146272361359,34.40449791043352,75.00554694768581,60.06727662229967,105.13985387305371,112.1252977419023,65.4386828268002,90.59950785040793,127.7490097164542,89.70601133883083,75.6055061754287,40.44687193617266,41.47401102256532,0.0,0.0,0.0,0.0,0.0,0.0,0.0,32.91357401233071,63.417156782263156,85.06794887256729,100.11463479408363,115.25457766048119,133.4414930581496,123.40393044780438,121.06880981506364,94.02544366120912,68.97781186205084,36.3696061215694,0.0,0.0,0.0,0.0,0.0,0.0
10.445431826249294,64.56455960675808,34.90505678391618,41.64297337590995,49.59382390161474,59.21553772501201,103.14758868531652,50.77861412755752,23.456636714402368,38.26998514476389,28.1883594731158,15.370989290604026,35.56936076050767,67.48438733327644,61.145313592912906,44.627485844611,55.149642802712364,35.92854513819057,14.958557818022959,42.63956700545029,41.405760142523626,44.238619957225325,18.19488606750676,37.180145341897045,0.0,0.0,0.0,0.0,0.0,0.0,0.0,29.84745385844906,54.52085915090729,82.30942658630023,99.96409131727746,101.81074058223268,113.28257405614424,121.38901055498353,79.76929862230402,89.35019548838257,59.15096220410318,29.527148131204413,0.0,0.0,0.0,0.0,0.0,0.0
38.15474208255979,40.98206390414379,56.5462619131766,48.59091886262304,48.77931331597689,101.58239780894753,82.79774418615473,61.369250387606435,75.32802392032717,60.78272240522845,47.14714864440095,69.59473446522416,116.1026448889181,129.48410448402225,75.52905849573224,69.75682773370892,45.96393909752414,125.2188176249323,125.24597844857752,78.74713729011964,70.47076659693474,58.8309838503273,47.33584859919644,21.18728951328569,0.0,0.0,0.0,0.0,0.0,0.0,0.0,31.51543424495117,56.432279763454844,72.4646568731245,98.62013915199347,104.10752576728825,121.47903399858781,108.03828851563078,99.49810383099951,85.6828264567291,61.15364310601238,31.369420062044366,0.0,0.0,0.0,0.0,0.0,0.0
41.62674057669384,42.23479823543462,32.71735349456614,62.951945614638674,33.59318013344306,41.46666250118635,57.1248456602664,66.09795362829699,69.03554503677316,49.62732910286887,36.79062352858081,65.83928010989925,72.3366738230301,45.93964450730992,72.51258694152902,61.46646074571153,68.94522747407372,81.057164374138,42.103154118956866,17.870051555950976,47.59231976135559,44.85068744904688,45.627257299150415,51.42222786280809,0.0,0.0,0.0,0.0,0.0,0.0,0.0,32.230568337965515,63.53613061046889,85.88904533443664,101.6374535162229,117.33383969767355,127.24541083188157,119.08792978835257,106.83843032389369,85.15424214939185,71.50869204880873,36.56361342531837,0.0,0.0,0.0,0.0,0.0,0.0
80.7477106252027,52.19821870024972,43.08390790369905,38.72620237350066,27.647066252491857,47.96229727312832,41.20623265651483,93.91630430999383,79.56568771554986,79.025092265402,63.88438324919714,33.54848208282565,21.340777883672605,52.58742187142565,33.813270681400425,66.36350815022324,100.05415824096373,104.92643727130404,80.32184170571752,45.054690402422814,68.83904166947298,73.69534232378238,37.78198213694887,48.25364141551459,0.0,0.0,0.0,0.0,0.0,0.0,0.0,27.172238866456624,58.04017369552769,83.57265386548788,91.45653988697472,121.73792871959712,99.20028906687818,96.14541723399647,92.02566395433942,81.13005975813938,53.40401478734538,32.27601510613258,0.0,0.0,0.0,0.0,0.0,0.0
46.603408848177274,77.20071850525196,27.931139985883586,52.677807545469946,47.40433197684133,81.05968975491938,54.69876614707408,73.62141396320929,33.46164939924045,40.37283141946125,25.149718669459954,105.26116468436986,98.32169364553442,99.7562756305646,112.46503730684006,47.89605217151618,45.647059676354154,25.020991980989876,26.1962364705841,25.774788429185573,33.20494734672433,26.38025379050645,16.829063329871378,16.199991107182456,0.0,0.0,0.0,0.0,0.0,0.0,0.0,32.25680135947888,64.66948164966665,77.1754736145084,93.86127928170339,106.96259081419163,102.0129763067701,108.92245382459087,83.96081704861483,83.86049434214652,65.12584861838074,28.024524156339524,0.0,0.0,0.0,0.0,0.0,0.0
65.32026061536868,48.78539555761545,62.191329996048474,39.643515910488304,29.063629931128666,50.42533079583487,37.79708740766751,34.71326569954231,32.06403282358071,26.232333986893607,33.17627271052619,41.55040647862399,63.38737798938738,31.137884555062655,31.94255992538844,66.94015414151592,36.85893971279884,36.4392374950827,61.94788970352999,32.10803862812072,18.466755590893563,27.98480905489333,23.79467790077342,29.405120782835375,0.0,0.0,0.0,0.0,0.0,0.0,0.0,35.781377630686634,76.57423903030158,92.82264518561131,129.156922568006,136.13029206697408,127.66634724001355,150.0,124.84267557577704,110.47964477954962,72.76921297596373,33.15616040463797,0.0,0.0,0.0,0.0,0.0,0.0
17.229886770352067,34.94412415663399,38.60101801217527,25.78043369130432,46.55642839284951,38.30306857804292,50.02144258949245,29.999061990795532,52.110739991404664,50.84456551482155,95.05043547430003,43.5976976204463,59.33094993175105,66.56468376333157,88.94011506753489,80.47154779208134,81.78487581717908,87.21966880961944,92.48001782570022,54.16013135210155,50.74269716364619,63.967951542089494,90.6751717917594,74.60507105525753,0.0,0.0,0.0,0.0,0.0,0.0,0.0,33.08764924571846,59.242601447148616,82.62688988908734,111.1633968010726,131.1002595524183,127.77538338434117,130.9507127608559,122.8824538649005,87.81233113059383,66.37225962373991,29.57582760794116,0.0,0.0,0.0,0.0,0.0,0.0
17.680189199254954,27.450622581612084,41.20440164299987,37.44147493480124,38.20596298169586,60.59410828503089,44.85906445550471,74.11845973277576,55.825139002188486,47.80004371050466,54.27833726716664,79.42766005711941,43.3228037880202,37.62612909703136,100.58475609448871,51.8017597531818,58.107835864062295,57.703281918763494,49.98538170038797,52.029244677963845,32.57485955949108,37.08336979188301,30.46027316017294,37.25913491100879,0.0,0.0,0.0,0.0,0.0,0.0,0.0,34.0990497204207,58.97281547120609,98.82947161918241,116.00793601385972,114.82381307906385,114.32302166945423,123.87220049951834,97.37421819330359,90.30853775194429,64.29252311386284,30.843105549608467,0.0,0.0,0.0,0.0,0.0,0.0
31.511597705671196,20.493926990276655,20.77201958978452,19.890452613614194,19.437433206212802,49.27616847772597,35.64888111215472,73.93256510710205,100.74077883733436,71.12970744189678,39.54950056208546,44.4418545929069,73.96716355019632,54.36977879999576,30.298002370639566,49.1869026460697,72.07133839442308,70.88314071699355,37.04870450652653,45.85454724098129,28.71816728222451,22.256502316757633,43.51008538280288,26.124960214998005,0.0,0.0,0.0,0.0,0.0,0.0,0.0,12.82315378599922,34.38458803343519,61.38509502156721,70.73367015407871,58.446367901858935,88.63665821794596,79.24400886022411,63.6638491470169,47.34185077994032,39.67467685631934,27.986786118022426,0.0,0.0,0.0,0.0,0.0,0.0
0.9257835455266749,37.147799082641455,45.06660384638661,42.39188733131905,50.03865662157862,29.12104770620434,38.507914356788255,38.720144569072325,25.536023414819333,45.99818812204759,91.81393540560705,37.70758222199654,41.07044319602354,36.56394306007613,36.52384608310526,83.60417312642416,60.32530909985604,50.82657892315312,60.708669341629104,32.44495950802574,35.63035658150559,32.47663490326778,35.523706327721555,82.30357205048661,0.0,0.0,0.0,0.0,0.0,0.0,0.0,35.576417837208744,56.52028558549005,79.18526959019279,106.12452852150423,126.69104956502589,113.35720119730439,119.82856774436816,119.10728018719746,80.47955624082017,66.57667746850836,30.42931576540869,0.0,0.0,0.0,0.0,0.0,0.0
31.55985294668873,51.29106349673454,29.70604194049504,15.166516553188774,23.092656999076276,34.35227740414279,49.63484012451251,64.27699423175905,103.632282613173,79.63832574517933,73.90158672150194,36.13533732358335,22.534861356394707,61.811593405657625,64.07085137421274,96.94287551463702,51.80087319311426,23.577470873507423,42.99510474494716,35.03475788667912,19.25677534815648,46.15830566808814,25.2318734000365,38.11100277134252,0.0,0.0,0.0,0.0,0.0,0.0,0.0,30.657209194406892,58.6388086668561,98.40545808302198,109.35951353168656,110.55051301084683,106.62000559646405,122.01033809560148,112.42508549744012,86.05043954236828,62.24918961870047,30.31143804396144,0.0,0.0,0.0,0.0,0.0,0.0
15.931617868303565,22.736647028651625,41.480775166028465,33.10780500043281,47.57436453678645,27.094266985935434,54.77688493559714,38.079894992866734,58.977603290266934,60.94415978439083,98.6310413265811,65.04847333057077,32.88319469978146,16.910437459055622,70.47023397045183,61.9834003495416,73.21894904176729,43.48078870503662,37.97533708117583,17.514440232552175,62.886486062405645,49.61567207615065,59.72683089018109,32.351150543413596,0.0,0.0,0.0,0.0,0.0,0.0,0.0,29.415485591672226,57.66124830943271,61.923755768117935,84.17517653889006,98.82833923387055,93.11694831419183,114.18128047847354,91.91291416249906,70.57494581760906,55.75752219127651,25.34956980294016,0.0,0.0,0.0,0.0,0.0,0.0
44.50978724457475,31.73980364772771,52.36397834962635,73.2091474843776,75.71492314084648,69.1796089995101,45.76468214651728,41.13775487129013,105.41619317914935,37.13699550580399,74.57802915075844,86.56630467765049,83.721564245371,149.72703790439263,79.48428091410959,58.78975020291113,32.31448095305169,46.14003757058404,37.97285335124941,37.391974742978356,60.25798099806988,73.59087626763178,36.22322004387083,31.173873536197256,0.0,0.0,0.0,0.0,0.0,0.0,0.0,24.333534812162995,48.13668834529017,78.41114050302586,94.38506210629225,107.38019264972714,124.77370654855753,122.77751930603587,80.6307622052747,77.67443349525178,55.89419860540558,27.494122245639808,0.0,0.0,0.0,0.0,0.0,0.0
11.835833036976231,13.935577729080952,18.933084186063816,41.4413860969342,28.989578505787122,92.13176208894515,65.4917297740933,64.2414791317784,49.82133778900866,63.458751187600406,85.06482319456158,102.23138585619755,108.3422605337598,92.90793499200751,125.01030801977922,116.7853608566319,103.31384314257768,43.7777728409919,17.220783978922928,27.13624145389339,50.93181712260561,42.6471542487648,37.906055945944786,60.3913973546853,0.0,0.0,0.0,0.0,0.0,0.0,0.0,26.99746380687827,56.52880986115458,74.38006820875937,80.70982791715838,118.12008712093004,114.20445261815104,106.32650991407432,97.36222930653203,56.35166672752504,45.77220180992523,30.159951170385412,0.0,0.0,0.0,0.0,0.0,0.0
