0.012447784,0.010738494,0.009490186,0.008810827,0.009337094,0.009446468,0.009267942,0.008767315,0.007900399,0.015406229,0.016556919,0.0155605,0.01379997,0.011682503,0.039372057,0.034705296,0.02721631,0.21460252,0.16750632,0.08451293,0.043400656,0.00733531,0.0074287094,0.0069949618,0.012574296,0.075092636,0.11453045,0.029733198,1.247862,0.773525,0.14102724,0.008870637,0.009238512,0.009235229,0.0090198275,0.008433681,0.105088815,0.1888725,0.1843433,0.10113339,0.0520597,0.013394064,0.01343305,0.012319883,0.010825669,0.045598973,0.05319925,0.051799495,0.040611215,0.029775618
0.016874341,0.014305451,0.012315033,0.0090279225,0.009722079,0.009982548,0.009864708,0.009406412,0.008507023,0.01836554,0.020768175,0.019604791,0.017148806,0.014187987,0.070495956,0.05961297,0.04177696,0.2531119,0.25365132,0.12160982,0.056440596,0.0071434,0.0072790678,0.006966934,0.012694957,0.054418217,0.0738075,0.029591674,0.112528,0.117807314,0.08278215,0.0077210115,0.00808513,0.008157956,0.00807909,0.0076988935,0.032990422,0.040096845,0.042500965,0.037416466,0.029803872,0.009951424,0.010269922,0.009782138,0.00895741,0.019153295,0.020741254,0.020943029,0.019302264,0.016908417
0.013368362,0.010211248,0.008656559,0.01019993,0.010301597,0.009967926,0.00930521,0.008417945,0.007313287,0.019259552,0.017430356,0.015068226,0.0124999015,0.010147831,0.042337667,0.031016672,0.021887057,0.26700494,0.093568794,0.042369377,0.023313552,0.007855469,0.0076920297,0.006728109,0.014979308,0.1959834,0.18264394,0.018200299,0.6497888,0.096590705,0.03944038,0.009747795,0.009699037,0.009278566,0.008663208,0.007800102,0.18504818,0.16271336,0.08870967,0.04652418,0.027291114,0.014276287,0.012584477,0.010958469,0.009286182,0.052576695,0.04804402,0.037846595,0.027106674,0.019488415
0.013535559,0.010316213,0.008734494,0.010224871,0.010331856,0.010001398,0.009337279,0.0084474245,0.0073382016,0.01946985,0.01762088,0.015218725,0.012608834,0.010222667,0.043512695,0.03167068,0.022215934,0.29220286,0.09627235,0.042635165,0.023308171,0.007853893,0.0076924115,0.0067323446,0.015021754,0.19939178,0.18580607,0.018263016,0.66498435,0.101039626,0.040616278,0.009704019,0.009659207,0.009246333,0.00863871,0.0077839624,0.17039143,0.15219411,0.08603769,0.04600415,0.027229793,0.014124644,0.012483539,0.0108899465,0.009242748,0.05038223,0.046268385,0.036796007,0.026605664,0.019254724
0.014334562,0.011431841,0.009772323,0.010173556,0.010569287,0.010472816,0.010002807,0.009208006,0.008089061,0.019215822,0.019123072,0.017052446,0.014389943,0.01173834,0.050503522,0.03891459,0.027624989,0.48464173,0.17538124,0.06704768,0.03286921,0.0080515295,0.008025878,0.00725405,0.014953228,0.14682983,0.2150491,0.024142358,18.827148,0.24368848,0.06426352,0.0098202545,0.01000342,0.009798043,0.009335389,0.008532948,0.14609468,0.19798456,0.13527496,0.069060266,0.037785403,0.014569895,0.013695983,0.01219725,0.010456356,0.049998928,0.052066784,0.04521323,0.033546574,0.024202147
0.01387175,0.010512402,0.00887478,0.010475149,0.01058811,0.010240958,0.009545428,0.008616176,0.007466393,0.02009673,0.018137792,0.015600317,0.012870167,0.010393191,0.045192853,0.032562476,0.022653466,0.3076527,0.09777666,0.042760156,0.02327753,0.008024583,0.007854976,0.0068563586,0.015470122,0.220413,0.20575434,0.018308755,0.6866866,0.10137405,0.04032276,0.00993398,0.009886485,0.009454611,0.008819157,0.007929197,0.17984219,0.16005562,0.08862598,0.04669132,0.027461996,0.014503902,0.012780191,0.011116045,0.009405071,0.05206995,0.047735624,0.037723146,0.027099328,0.019508379
0.014592438,0.014150866,0.012921796,0.008806631,0.009793438,0.0105482545,0.010883871,0.0107807815,0.010034246,0.015196987,0.01986827,0.020412847,0.019288119,0.016871687,0.049574625,0.054931622,0.048490778,0.14246702,0.3701067,0.35891426,0.13504247,0.00767024,0.008167112,0.008283463,0.012346148,0.042233963,0.07783878,0.06911329,0.093413204,0.9877385,10.481569,0.00876353,0.009614755,0.010171002,0.010416469,0.010179202,0.045249086,0.08731706,0.16997907,0.20494367,0.12718056,0.012950834,0.015157731,0.014876585,0.013748381,0.030364828,0.041261736,0.051562715,0.052065905,0.044344295
0.014126595,0.014765173,0.013927816,0.00815561,0.009241794,0.010155384,0.010802631,0.010987619,0.0105035845,0.013635244,0.018978538,0.020560816,0.02044116,0.01862414,0.04347822,0.054306023,0.05487639,0.08160031,0.2189024,0.48334506,0.2658008,0.007306671,0.007913205,0.008393261,0.011165073,0.030081317,0.05158498,0.104446605,0.053768996,0.2075526,13.269746,0.0081519475,0.009067838,0.009825526,0.010359429,0.010372492,0.031432655,0.055842336,0.107519984,0.178058,0.16834736,0.011767938,0.014641279,0.014928361,0.014322007,0.023776626,0.032783892,0.04353374,0.049536422,0.04791333
0.015260323,0.013727797,0.012150754,0.009773481,0.010728902,0.011246205,0.011282907,0.010857604,0.009829519,0.017462919,0.021170573,0.020632926,0.018507471,0.015558748,0.055187155,0.05337082,0.042039208,0.2411079,0.37943485,0.18782021,0.07561905,0.008317298,0.0086561,0.008408216,0.014144226,0.06439649,0.13323303,0.048016585,0.37997934,4.035806,0.40768358,0.009800874,0.01059014,0.010896846,0.010870627,0.010313696,0.073755555,0.16704129,0.30351293,0.20605412,0.092044994,0.014964125,0.016364805,0.015393429,0.013663518,0.04228588,0.056623682,0.06458258,0.05583095,0.04157041
0.014255313,0.014779446,0.013876528,0.008941762,0.010217055,0.011277971,0.012021322,0.012184689,0.011544976,0.014240183,0.019968834,0.021552518,0.021289852,0.019216476,0.039722018,0.04819394,0.048353285,0.06757539,0.1266217,0.175279,0.1283873,0.008251966,0.008992259,0.009534496,0.012364006,0.030273061,0.054817904,0.109308876,0.076317534,0.21328934,0.5229545,0.009547885,0.0108020315,0.0118129365,0.012501794,0.012433803,0.03296129,0.07046246,0.22117513,0.9880047,0.5636708,0.014867679,0.019367857,0.019677483,0.018448897,0.03197663,0.05121175,0.08211706,0.10368909,0.09273001
0.018197658,0.019621007,0.018267127,0.009119116,0.010557004,0.01180792,0.012743565,0.013069396,0.012459885,0.016107008,0.02466055,0.027648922,0.02769567,0.02464673,0.06541462,0.09721572,0.10279907,0.05215002,0.1980344,17.480562,0.69373006,0.008074095,0.008814434,0.009482168,0.01257614,0.02973549,0.05221764,0.14045821,0.06561309,0.16413672,0.41796532,0.008628246,0.0097131645,0.0106235705,0.0113032535,0.011379686,0.027248,0.04374737,0.07267875,0.10383431,0.107521996,0.01191674,0.015115795,0.015585016,0.015054867,0.02050931,0.027097423,0.034500282,0.038930308,0.038628764
0.01696232,0.020175938,0.019723369,0.008258076,0.009662195,0.011045343,0.0122394,0.013015594,0.01281136,0.013864607,0.022236753,0.026411757,0.028463278,0.027088465,0.04906206,0.08030509,0.10775634,0.035448946,0.08889536,0.5171487,10.502359,0.007544133,0.00833445,0.00942085,0.011034111,0.02176453,0.034747295,0.2016352,0.04138887,0.08571874,0.20866539,0.007819664,0.008939898,0.009922643,0.010844285,0.011261519,0.020232981,0.03077742,0.049135033,0.07484464,0.09655301,0.010512293,0.013900518,0.014914711,0.014970083,0.016287562,0.02139554,0.027733294,0.03330665,0.03628586
0.017605403,0.021050612,0.020536512,0.008583644,0.010103225,0.011614689,0.012925852,0.013773386,0.013537947,0.014349098,0.023495758,0.028152198,0.030439008,0.028825417,0.05111833,0.086015835,0.11826014,0.030093413,0.07910212,0.51496416,11.867187,0.00788915,0.008760329,0.009942288,0.011519681,0.021845227,0.035507932,0.2653822,0.041855663,0.08820343,0.22202179,0.008211995,0.00944366,0.010544534,0.011569289,0.012030422,0.020899385,0.032525577,0.053949732,0.0865758,0.11565837,0.011177604,0.015030936,0.016195334,0.016242642,0.017186683,0.02301927,0.030511618,0.03734598,0.04099468
0.020281827,0.01785536,0.015319176,0.011590525,0.012972544,0.013802029,0.013897914,0.013291916,0.011832759,0.022432221,0.029377054,0.028545441,0.024743667,0.01981275,0.09874841,0.09580356,0.06577591,0.33661756,1.04891,0.31927258,0.09020887,0.009663358,0.010146932,0.009845924,0.017232781,0.068357214,0.18707079,0.053460583,0.23745754,0.5877448,0.29277024,0.011104611,0.012151343,0.012625198,0.012613035,0.011912127,0.0627367,0.12208771,0.20078303,0.16093713,0.08653052,0.01658486,0.018575868,0.017471043,0.015371248,0.0384739,0.050789185,0.057980392,0.051969286,0.039961856
0.013531304,0.010206464,0.008613761,0.012553683,0.012592315,0.011976005,0.010962857,0.009664713,0.008190699,0.021047795,0.01860981,0.015776716,0.012896763,0.0103544425,0.033987872,0.026142353,0.01934096,0.07842912,0.05143289,0.032053582,0.020720474,0.009968521,0.0096464865,0.008073145,0.019054953,0.14916936,0.15077609,0.017651549,0.1330148,0.07353009,0.039486878,0.013807835,0.013590782,0.012649142,0.0113988025,0.009832691,13.229874,0.64990395,0.099798575,0.037688848,0.020867482,0.024023134,0.01891377,0.015222703,0.012034667,0.25877574,0.17103778,0.08145599,0.04138657,0.02438918
0.014244863,0.011257703,0.009594973,0.012229258,0.012680744,0.01242579,0.011681459,0.010520296,0.009023874,0.020514105,0.02007226,0.017619044,0.014672358,0.011857907,0.03845981,0.031143313,0.023412185,0.09316039,0.068151884,0.042731736,0.026848974,0.010045849,0.009952049,0.00867166,0.018481418,0.11849662,0.17085263,0.023041092,0.17190592,0.110529624,0.057118546,0.013575436,0.013825085,0.013304472,0.012308889,0.01081929,0.55627406,19.22566,0.24558733,0.060842667,0.028395684,0.023997616,0.020974914,0.0173243,0.01383685,0.20112741,0.22580726,0.12654573,0.060543817,0.03338729
0.01405215,0.010516184,0.008838556,0.012774023,0.012829871,0.012205664,0.011163519,0.009828527,0.00831392,0.02198234,0.019380657,0.016345652,0.013286139,0.010606444,0.036703587,0.027757902,0.020207345,0.08916597,0.05606182,0.033803273,0.021417243,0.010054032,0.009732505,0.0081445165,0.019530358,0.17803474,0.18054895,0.017823491,0.15214258,0.07924699,0.041018553,0.01380252,0.013599578,0.01267288,0.01143162,0.009869307,11.740232,0.7119812,0.1024522,0.040519882,0.022449702,0.023677548,0.018779386,0.015167219,0.012018744,0.21623845,0.15248565,0.07781193,0.040844932,0.024418762
0.014071657,0.014510017,0.013603544,0.009394712,0.010778684,0.011921946,0.012716007,0.012852024,0.012112704,0.014341541,0.02004667,0.021538636,0.021196757,0.019078443,0.0355154,0.04196797,0.0419826,0.054127038,0.08419105,0.10179734,0.08260382,0.008868641,0.009703582,0.010277622,0.013001267,0.02938295,0.052340765,0.09389173,0.066339105,0.13353735,0.2016069,0.010523755,0.012045587,0.013254442,0.014052301,0.013906855,0.02669512,0.053026266,0.21288359,15.167411,0.7003654,0.017285349,0.02331385,0.023592364,0.021699203,0.037104666,0.067753024,0.13438904,0.1981844,0.15473427
0.015338443,0.015964082,0.014908809,0.009617151,0.011104903,0.012353733,0.013241709,0.013430051,0.012658652,0.015215309,0.021978319,0.023893133,0.023567496,0.021042543,0.042258527,0.052102063,0.052465755,0.06359564,0.11435497,0.15402748,0.11752322,0.008963785,0.009827068,0.0104647335,0.013388249,0.029973501,0.056224108,0.121033706,0.07133159,0.16846012,0.31376153,0.010406669,0.011925648,0.0131485015,0.013986495,0.013890447,0.030955648,0.06600545,0.2279034,2.0628624,0.80600554,0.016567819,0.022303117,0.022718647,0.021084903,0.033993077,0.05743657,0.10015008,0.13516282,0.11677579
0.014106892,0.014537895,0.0136222895,0.009521128,0.01093966,0.012111055,0.012924368,0.013056437,0.012289862,0.014414181,0.020170355,0.021664228,0.021305785,0.019156389,0.034924056,0.04112709,0.04113686,0.051790725,0.0785314,0.093440756,0.07688954,0.009032203,0.0098943245,0.010480872,0.013178532,0.029154811,0.051700242,0.09117578,0.06350745,0.12172291,0.17467517,0.010766564,0.01236142,0.01362597,0.014455675,0.014292018,0.025750577,0.057347607,0.2244603,10.554466,0.6987562,0.017879698,0.02434155,0.024617245,0.02253819,0.037934523,0.07130365,0.14938577,0.23184529,0.17331195
0.013536079,0.015055253,0.014618056,0.008732137,0.010177277,0.011513456,0.012672618,0.013269545,0.012896194,0.012827582,0.019010745,0.021507816,0.022378905,0.021140996,0.0311003,0.03974235,0.04430545,0.0402089,0.06531621,0.09419585,0.0972428,0.008514139,0.009472454,0.010603786,0.011727415,0.021877794,0.036926653,0.1425404,0.04469098,0.08657481,0.16113842,0.009778007,0.011421797,0.012894736,0.014176913,0.014555853,0.016917503,0.029704094,0.07590506,0.44826585,13.612275,0.015528426,0.02264992,0.024403974,0.023779139,0.026933571,0.046274044,0.08994594,0.16936812,0.20889957
0.013760212,0.015352309,0.014905027,0.008771272,0.01023512,0.01159682,0.012777726,0.013394041,0.013020286,0.012965414,0.019344088,0.021951923,0.022880085,0.02160165,0.032021083,0.041313406,0.04631517,0.041115955,0.06815577,0.10084552,0.10485981,0.00853259,0.009498336,0.010646687,0.011792378,0.021888658,0.037261214,0.15385802,0.045081615,0.08904741,0.17184873,0.009760546,0.011403033,0.012879003,0.014167856,0.014559134,0.018522091,0.029903011,0.072221786,0.42470434,13.650523,0.01541508,0.022465093,0.024227384,0.02364158,0.02666807,0.045317817,0.08628204,0.15748194,0.19308299
0.014928194,0.015459715,0.014441631,0.009810254,0.011336927,0.012610878,0.013508073,0.0136682745,0.012847242,0.015054926,0.021533431,0.02328739,0.022912871,0.020470405,0.03813802,0.045828696,0.045994073,0.054752328,0.086731404,0.10669044,0.086609684,0.009280551,0.010193613,0.01083684,0.013639244,0.029454093,0.05391629,0.10366576,0.064656526,0.12799992,0.19135177,0.01096775,0.012646362,0.013986677,0.0148830265,0.014732122,0.026539214,0.052324336,0.18789853,12.840142,0.7590896,0.018081145,0.024854237,0.025231864,0.023117974,0.03703904,0.06819584,0.13745931,0.2089441,0.16290551
0.020364396,0.02526723,0.02457159,0.009357072,0.011214215,0.013117022,0.014800201,0.015921833,0.015642738,0.015722703,0.027767275,0.03455634,0.0381194,0.03571255,0.058799308,0.11405033,0.18437898,0.040556107,0.10147181,0.44998917,1.6628493,0.0086504,0.009729101,0.011195139,0.012611658,0.021265958,0.034688793,0.36975896,0.039507404,0.07587131,0.15401548,0.008888171,0.010340396,0.01170201,0.0129590295,0.013554119,0.020456087,0.031496275,0.051594462,0.08138974,0.10844784,0.012027429,0.016642172,0.018122094,0.018229567,0.017227266,0.02318503,0.030887473,0.038160108,0.04211507
0.024795255,0.017416984,0.013861311,0.016009439,0.017090227,0.01690349,0.015718384,0.013838773,0.011479373,0.036664426,0.037005648,0.03005887,0.02269364,0.016693672,0.13566013,0.077531256,0.04267788,0.36162817,0.18113995,0.073582746,0.036524173,0.012032158,0.011964154,0.010328066,0.02622779,0.22756447,13.785477,0.02135029,0.20847161,0.13821523,0.06841731,0.014687546,0.015183547,0.014747363,0.013708207,0.0120514585,0.12110623,0.16533665,0.12917958,0.06985535,0.039335962,0.022229863,0.02050638,0.017440323,0.014165357,0.058509756,0.063128285,0.054090083,0.03910159,0.027125297
0.021694772,0.013497827,0.010563486,0.017660256,0.01729054,0.015737211,0.013650052,0.011421617,0.009255354,0.04241823,0.029639715,0.021982789,0.01608465,0.011886583,0.071558736,0.038897198,0.023377657,0.13593665,0.061831683,0.03240699,0.019380307,0.012065584,0.011323772,0.008906024,0.02967201,7.3345203,0.40493503,0.012696889,0.10852384,0.057628237,0.032121904,0.015470846,0.014838648,0.013436226,0.011777607,0.009951398,0.14698215,0.10339894,0.05938305,0.033948552,0.02146552,0.022362942,0.016982388,0.0137143,0.010891516,0.062574,0.05036614,0.035924785,0.024662139,0.017325973
0.025602603,0.017817955,0.014111099,0.016487272,0.017635044,0.017438266,0.016176956,0.014188488,0.011721416,0.03818263,0.03857363,0.031080605,0.023262998,0.016996002,0.14216408,0.07968001,0.043299288,0.31982854,0.1711083,0.07246314,0.036562048,0.012355682,0.012282332,0.0105618425,0.027231885,0.22081281,13.269399,0.02144087,0.18800612,0.12908962,0.06629601,0.015096898,0.015623365,0.015162534,0.014061738,0.012322459,0.117978625,0.1599176,0.12624165,0.06910121,0.03916722,0.02290594,0.021083936,0.017858258,0.0144411195,0.058931276,0.063699275,0.054529097,0.039370995,0.02725482
0.024610393,0.023790367,0.020559892,0.012723166,0.014972835,0.01677609,0.017712707,0.01744831,0.015650619,0.023691664,0.03807418,0.04043906,0.036404245,0.028748646,0.11197349,0.15150754,0.11739566,0.114861734,0.28217986,0.3270937,0.14549455,0.0111209545,0.01214814,0.012442556,0.018799394,0.034505296,0.06671166,0.077813886,0.0893498,0.17416003,0.20157869,0.012448961,0.014241726,0.0155238,0.016117759,0.015563237,0.04226373,0.078991435,0.15526786,0.1965465,0.13231568,0.018743439,0.02401356,0.023568835,0.020984346,0.03342986,0.048446238,0.064179674,0.06743812,0.055802397
0.01816421,0.024479933,0.02513883,0.009132654,0.01119563,0.013455796,0.0157971,0.017745307,0.018096872,0.0137746,0.025237413,0.033079065,0.039652597,0.04049658,0.039147574,0.06876448,0.116196506,0.03103463,0.059722256,0.1346968,0.29288226,0.009034677,0.010480579,0.01287307,0.011965701,0.013891503,0.018494675,14.415242,0.029126536,0.052306406,0.10241373,0.009340954,0.011273222,0.01329185,0.015373389,0.016796613,0.017303927,0.027364317,0.04896125,0.098121844,0.20711756,0.013120092,0.020601291,0.024038436,0.02556774,0.01703331,0.02468931,0.037161417,0.05506886,0.07361554
0.032893755,0.032897845,0.027459746,0.012472692,0.014805746,0.016813856,0.01796571,0.017917983,0.016243655,0.025751892,0.046260696,0.051538773,0.046387848,0.035350475,0.21220174,0.54414237,0.31354746,0.089350216,0.19643983,0.26918975,0.15409179,0.010431365,0.011399765,0.011862858,0.01786872,0.036698826,0.06543132,0.08138367,0.052457053,0.07653647,0.087198555,0.010581962,0.011948082,0.012993982,0.013569168,0.013333408,0.025561452,0.035686776,0.0476199,0.053008296,0.04950443,0.01365464,0.016791234,0.01686104,0.015775522,0.019174183,0.023489082,0.02717524,0.028320756,0.026666095
0.021648029,0.0144613385,0.011503263,0.017853918,0.018149674,0.017070854,0.015172861,0.0128602665,0.010445466,0.03817066,0.03173771,0.024531677,0.018288234,0.013567281,0.072393574,0.044861134,0.027968887,0.13247775,0.07495083,0.040906478,0.024413997,0.0130354995,0.0125357155,0.01008812,0.030260043,0.6193389,0.9227051,0.017539894,0.13037819,0.07659481,0.04189576,0.017395401,0.017208738,0.01588111,0.014062286,0.011840243,0.25895435,0.22609939,0.10857843,0.05125951,0.028715275,0.028457006,0.022265017,0.017622257,0.013637554,0.10781388,0.09334393,0.061307885,0.03750116,0.023944706
0.013248991,0.011178757,0.009756868,0.012937815,0.013836938,0.013861007,0.013303094,0.012094089,0.010403973,0.017874828,0.019044226,0.017443802,0.015067816,0.01247764,0.026409928,0.024106229,0.020235118,0.03703241,0.035006743,0.028784933,0.021992706,0.0118413055,0.011980441,0.010586619,0.018896962,0.045257933,0.060787156,0.023987288,0.04978867,0.0477631,0.03728594,0.017212864,0.018302483,0.017956877,0.01666105,0.014410013,0.11382986,0.19031075,0.1654854,0.08882079,0.04549429,0.037715916,0.034748003,0.027072849,0.020150293,0.2264769,14.245513,0.615613,0.096923046,0.038778942
0.013560916,0.011409954,0.009934384,0.013114845,0.014048314,0.014084498,0.013515266,0.012275828,0.010542198,0.018322518,0.019578459,0.017901793,0.015414329,0.012719895,0.027462967,0.024996363,0.02086742,0.03863624,0.03650059,0.029829897,0.022623174,0.011952597,0.012099314,0.010688815,0.019259535,0.047174763,0.06433296,0.024566859,0.05192506,0.049815632,0.038585346,0.017314855,0.018433126,0.018097637,0.016796274,0.014523235,0.118561395,0.20583995,0.17877524,0.09279031,0.046534173,0.03779485,0.034949474,0.02724459,0.020270634,0.18436535,34.62013,0.6015514,0.098260105,0.039105497
0.013771535,0.011562683,0.010049128,0.013408682,0.014383524,0.014423029,0.013824857,0.012530272,0.010729406,0.018642157,0.019951275,0.018212372,0.015643299,0.012876738,0.02760614,0.025126792,0.020968486,0.037899803,0.035888974,0.029445663,0.02241801,0.012249096,0.012402974,0.010921929,0.019737171,0.046730977,0.06370718,0.024535196,0.05019355,0.04825783,0.037661128,0.0178424,0.019032063,0.01867663,0.01728725,0.014884517,0.113633655,0.19192569,0.16886728,0.0902829,0.04608575,0.03956532,0.03646827,0.028167782,0.020772222,0.18159391,30.479937,0.6280012,0.09866802,0.037487604
0.026670367,0.020116948,0.01611967,0.018612614,0.020998731,0.021661134,0.020640219,0.01818746,0.01484302,0.03639391,0.04444087,0.03780792,0.028726354,0.020814376,0.09560775,0.07498702,0.048295915,0.09801233,0.09519301,0.0648106,0.03990575,0.015224069,0.015644422,0.013699641,0.03114881,0.09985797,0.29494822,0.035667114,0.09077684,0.09075051,0.06328527,0.019528734,0.02141598,0.021453744,0.020074217,0.01729085,0.099145986,0.18433158,0.20517828,0.11209547,0.05674068,0.0349464,0.035443384,0.028815309,0.021835122,0.084088355,0.12246975,0.11747442,0.07627537,0.04480891
0.04776819,0.03178147,0.023186486,0.01886809,0.021811768,0.023156006,0.022391686,0.019911952,0.016245307,0.05194809,0.077606656,0.062603004,0.04230422,0.027498927,2.6171932,0.37822688,0.08813326,0.13036601,0.14349534,0.09346491,0.052280325,0.014100233,0.014611322,0.013224777,0.030830553,0.08053012,0.16635007,0.038757604,0.06513037,0.06839366,0.054649126,0.015005544,0.016368002,0.016682131,0.016136633,0.014570601,0.039337754,0.050260775,0.055248804,0.04727222,0.03591439,0.019728014,0.020935046,0.018975092,0.016060358,0.028034605,0.03196594,0.032463245,0.029070968,0.02381768
0.038212184,0.018772976,0.0135540785,0.023016844,0.02276883,0.020492459,0.017235337,0.013968251,0.010937712,0.08738677,0.048756935,0.031340733,0.02055854,0.014099623,0.095343545,0.037297033,0.021612607,0.080361694,0.05140885,0.0316846,0.020473469,0.014096258,0.013171248,0.010132083,0.039894726,0.15508024,0.12661615,0.015990084,0.04801398,0.03593282,0.0252442,0.015866732,0.015366329,0.014016503,0.012339097,0.010453791,0.041969713,0.03867035,0.031635705,0.02352611,0.017490363,0.01893454,0.015414343,0.01288735,0.010504861,0.027660662,0.025408622,0.021513421,0.017282313,0.013621979
0.050511427,0.05101974,0.038957175,0.015728502,0.019611008,0.023293361,0.025505109,0.025364123,0.022138208,0.033173285,0.08039769,0.09749159,0.08056517,0.052124113,0.20583023,16.88373,0.6640309,0.061560176,0.100101605,0.1198599,0.091817036,0.013298476,0.014844387,0.015589335,0.02301292,0.034212366,0.059938535,0.07741167,0.03926348,0.051588185,0.056348685,0.0130196735,0.015170328,0.016855465,0.017784394,0.017361874,0.023794146,0.032397535,0.042282227,0.04670152,0.04420778,0.016532417,0.021369804,0.021537917,0.019807221,0.019476028,0.024044959,0.027945485,0.029355742,0.027585626
0.0511746,0.051893838,0.039517406,0.015621548,0.019462157,0.023111612,0.025310373,0.025196858,0.022033088,0.033047285,0.08008144,0.09736798,0.08070713,0.052282773,0.2000427,19.216072,0.67121774,0.0602216,0.097041726,0.11618081,0.090052284,0.013176592,0.014699858,0.015449119,0.02276796,0.033683427,0.05799076,0.07492196,0.038278647,0.049982287,0.05457484,0.012830127,0.0149224205,0.016564004,0.01747518,0.017081473,0.023177331,0.031289548,0.040499903,0.044618048,0.04244668,0.016152086,0.020786082,0.020969687,0.01934924,0.01892302,0.023224656,0.026870793,0.028202293,0.026602317
0.053002547,0.053631738,0.040459644,0.016094455,0.020190258,0.02411636,0.026490135,0.026334869,0.022878608,0.03394544,0.08558015,0.105230235,0.085799545,0.05424419,0.17939878,25.023422,0.6527905,0.05899202,0.0937518,0.111221656,0.08688199,0.013629582,0.015253913,0.016038423,0.023573857,0.033787098,0.058710903,0.07587492,0.037968308,0.049414434,0.053788275,0.013279105,0.015525494,0.01729322,0.018268337,0.01782185,0.023481825,0.03182695,0.041357156,0.045606542,0.04326049,0.016804012,0.021830147,0.022013575,0.020212391,0.019389505,0.023925377,0.027789366,0.029206151,0.027458161
0.023763308,0.018268615,0.01485591,0.019966077,0.02253252,0.023075705,0.02177269,0.018912008,0.0152532095,0.033222076,0.039162654,0.033577327,0.026047118,0.01931383,0.05718968,0.04881193,0.03588303,0.05527828,0.053805314,0.04214244,0.029945364,0.017176656,0.01762878,0.015011131,0.033159293,0.070488736,0.12784754,0.032243494,0.05769917,0.057114016,0.044259086,0.023960996,0.026597133,0.02641329,0.024054026,0.019935125,0.09072518,0.15015478,0.15645888,0.093428865,0.050619762,0.051380057,0.050213005,0.037142668,0.025871186,0.12174683,0.2180246,0.19206257,0.09930941,0.049690347
0.025588105,0.02433125,0.020782162,0.016404962,0.020053348,0.023047213,0.024546472,0.023649016,0.020287791,0.026032388,0.043384045,0.04547751,0.03981409,0.030504115,0.062617764,0.072926275,0.063749276,0.049214136,0.0644099,0.06545327,0.051771324,0.015562352,0.017440986,0.017659023,0.024652002,0.03711559,0.07397585,0.07263749,0.0474608,0.06260007,0.06385869,0.018824056,0.022956641,0.026007127,0.027129356,0.025029095,0.04304113,0.07839112,0.14291242,0.16767095,0.11110056,0.03425766,0.05306031,0.04928688,0.038186386,0.047667433,0.08771107,0.15011579,0.163881,0.10203683
0.055645477,0.056435056,0.04203258,0.016470259,0.020792702,0.02498192,0.027532592,0.027361214,0.02365438,0.03471481,0.09127267,0.11392636,0.09151377,0.056454897,0.21684884,11.827763,0.6824416,0.056539707,0.08793764,0.10343453,0.0822595,0.013971591,0.015679654,0.016506283,0.02414626,0.03334605,0.057441134,0.0742421,0.03671684,0.047352366,0.05137506,0.013546525,0.015890326,0.017745344,0.018769193,0.01829716,0.023162335,0.031247795,0.040424343,0.044504378,0.042301513,0.017076371,0.022296466,0.022496015,0.020622192,0.019292882,0.023790598,0.02761291,0.02903356,0.027310263
0.04671276,0.062932596,0.052042335,0.014081491,0.018037135,0.022363937,0.02608258,0.027809009,0.025646714,0.025983566,0.06898727,0.10365727,0.10898233,0.07612096,0.08369347,0.53233093,14.240559,0.042065173,0.06903308,0.09878213,0.100318834,0.012645597,0.014571849,0.016644355,0.019467538,0.024512785,0.039761487,0.10004976,0.02966239,0.040274125,0.048717752,0.0119555965,0.014249784,0.01639901,0.01812732,0.018522084,0.018714217,0.025386015,0.034075703,0.040963743,0.043575913,0.014822326,0.020641299,0.022051703,0.0214055,0.016115317,0.020191737,0.024382988,0.027316734,0.027657378
0.027793037,0.03729423,0.035342894,0.013236058,0.017188583,0.021817364,0.026597092,0.029779943,0.02867211,0.019758461,0.04427722,0.06297612,0.07395699,0.06431954,0.05473718,0.09922715,0.15138847,0.033287793,0.052862205,0.077676795,0.08914422,0.013518968,0.016227769,0.020110963,0.017808855,0.01899883,0.033940375,0.2525331,0.02924547,0.043358,0.05858692,0.01390433,0.017747896,0.021940287,0.026106393,0.028011946,0.021068392,0.03273828,0.054578684,0.087379426,0.11437191,0.020285986,0.0372231,0.04438445,0.04427995,0.02143184,0.032156106,0.048997838,0.07065922,0.0821382
0.016598487,0.015748084,0.014066596,0.015878616,0.018931422,0.021116279,0.021984704,0.02083668,0.017951837,0.018470965,0.025039187,0.025228564,0.023049356,0.019393284,0.024450285,0.025627203,0.02422164,0.02191741,0.02417006,0.023909565,0.021474004,0.01739111,0.019502208,0.01904542,0.021899091,0.023302406,0.032569196,0.03055861,0.023776162,0.026718462,0.026372885,0.024617933,0.03129643,0.035915326,0.03652367,0.03156331,0.03225654,0.045953184,0.058908846,0.060312785,0.048391964,0.061587848,0.12600894,0.09471009,0.05651135,0.05323658,0.105953224,0.18481883,0.18678056,0.09903689
0.08840008,0.2049421,0.12537207,0.01744134,0.024286335,0.03340757,0.04265066,0.04766643,0.042348895,0.027743755,0.11885695,0.32188043,0.40443483,0.16110061,0.08275326,0.17907594,0.26849514,0.02543664,0.03381622,0.040708285,0.04210148,0.016385421,0.019779555,0.023876268,0.023021411,0.019100731,0.027293704,0.049718063,0.01882581,0.022799019,0.025489546,0.013807784,0.017049434,0.020348577,0.023077773,0.023846986,0.0141372895,0.017684912,0.021751307,0.02462531,0.025915675,0.015397891,0.022103272,0.024017008,0.023491425,0.013056561,0.01567807,0.018169748,0.019987155,0.020289619
0.052063186,0.049930636,0.037403647,0.024865203,0.035324957,0.04693371,0.05434206,0.050908554,0.03832177,0.03897046,0.114589274,0.13708894,0.09936597,0.057130612,0.076869905,0.09787123,0.08672254,0.0321691,0.039577596,0.041457754,0.036798615,0.02477264,0.030033857,0.031184461,0.03712374,0.029160805,0.047431994,0.053735636,0.02689467,0.031808704,0.03268084,0.02596062,0.03519542,0.04377793,0.047696143,0.042357378,0.025635958,0.03515032,0.045675803,0.049499843,0.044784658,0.03942845,0.07305645,0.06996857,0.051434368,0.028182741,0.038831446,0.04852968,0.052006412,0.044830464
0.027448433,0.0228829,0.01863783,0.025727337,0.03248609,0.036567334,0.036271024,0.031052,0.023738392,0.03219758,0.04701116,0.043415513,0.03444695,0.025254343,0.03834552,0.038054075,0.03261901,0.026464134,0.028308872,0.026610982,0.022673944,0.02667946,0.029761808,0.025613,0.039861917,0.031103509,0.04471748,0.0305233,0.025823718,0.027661055,0.025865223,0.038111012,0.050869443,0.057062116,0.052340608,0.039316412,0.0346905,0.045910127,0.053316023,0.049219057,0.038239095,0.10052231,0.18247695,0.101233386,0.051647145,0.052472614,0.08010239,0.094678216,0.080495514,0.05220745
0.030229175,0.017827194,0.013438004,0.0449962,0.04604318,0.038932085,0.02975092,0.021535976,0.015354842,0.064662464,0.047836643,0.03270327,0.022196835,0.015449949,0.040484283,0.0306532,0.022164278,0.028407495,0.024870055,0.019962447,0.01551159,0.032457594,0.028990407,0.018007573,0.09715384,0.052282974,0.05775501,0.0166846,0.026682217,0.02352933,0.018961122,0.059025757,0.05592539,0.043014925,0.030691331,0.021187676,0.046495937,0.045510255,0.038000196,0.028068386,0.020243658,0.14395492,0.056303922,0.032497425,0.020220524,0.069329664,0.06447075,0.04717441,0.032354623,0.021700187
0.03387686,0.021296142,0.016032893,0.040844947,0.046733905,0.043962747,0.035735205,0.026424052,0.018707687,0.059366908,0.058591586,0.041788913,0.02825528,0.019249493,0.046613842,0.037481923,0.02756431,0.02995881,0.027963895,0.023309508,0.018352477,0.03303172,0.03191094,0.021320567,0.082485095,0.047428127,0.05986895,0.020839691,0.027808227,0.026079634,0.021827059,0.05440121,0.059643686,0.051364534,0.038397558,0.026579464,0.043534737,0.04792741,0.044253685,0.034266256,0.024987098,0.13956484,0.08035277,0.044980455,0.026683822,0.06369084,0.07017323,0.057999346,0.041443225,0.027601566
0.046244163,0.022636237,0.015963161,0.06785031,0.07226338,0.057603292,0.039924297,0.026485125,0.017668907,0.12550123,0.078011654,0.04453781,0.026864644,0.017369231,0.051153146,0.036824368,0.025365494,0.027949242,0.024876267,0.020205405,0.015820036,0.041187525,0.036067117,0.020756096,0.20515165,0.048752423,0.054199748,0.016885327,0.02417354,0.02174912,0.017941477,0.06396042,0.061684046,0.047328196,0.033258997,0.02264556,0.03514547,0.035078947,0.031007454,0.024344794,0.018541643,0.09647057,0.050087016,0.0314303,0.020335311,0.042856757,0.041498143,0.03407769,0.026033096,0.01898819
0.084812,0.08393734,0.054308385,0.028750427,0.0448829,0.06757906,0.08560649,0.07891941,0.053331945,0.042997956,0.22638856,0.36118755,0.1904534,0.077964246,0.07545511,0.09847419,0.08980744,0.026450805,0.031823434,0.033593133,0.030963985,0.029241135,0.037058257,0.03951391,0.04033367,0.024753843,0.03680078,0.042930305,0.021318544,0.024504868,0.025231257,0.02671258,0.037075095,0.047497716,0.052836046,0.04711866,0.019938689,0.02539786,0.030990873,0.03310328,0.031467326,0.034024343,0.059097543,0.058725264,0.046197355,0.021209065,0.026851455,0.031477984,0.033379186,0.030621944
0.12886228,0.05446167,0.032395456,0.050673105,0.07709691,0.09311578,0.07894019,0.052751936,0.032380525,0.11602352,0.5101865,0.18617272,0.07013141,0.034093242,0.09589874,0.081018485,0.053774383,0.029620621,0.030809963,0.02792206,0.02302984,0.038424533,0.04172379,0.030730924,0.09910834,0.035263103,0.047815673,0.026392508,0.023077372,0.023580192,0.02162285,0.037589654,0.046444204,0.048349045,0.042357497,0.032181326,0.024106512,0.027878206,0.029561492,0.02714999,0.023034245,0.044294663,0.049162257,0.039213028,0.028237598,0.025214272,0.028631222,0.028928047,0.026476976,0.021928383
0.1094961,0.11160628,0.06504685,0.02897202,0.04601677,0.07145002,0.09299158,0.08632781,0.05723923,0.042143714,0.31704402,0.7223101,0.2689841,0.08656811,0.07859454,0.10540802,0.09672818,0.025452428,0.030602196,0.032472033,0.030217784,0.028999658,0.03682094,0.039738454,0.04017497,0.023601068,0.03428728,0.040533382,0.02011081,0.02300378,0.023744877,0.02512866,0.034266565,0.0433483,0.048166845,0.0437919,0.018335199,0.022919469,0.027562201,0.029371513,0.028300265,0.029923012,0.048685305,0.049060114,0.040432,0.018985335,0.023441507,0.02700861,0.028545963,0.026648859
0.40999252,0.07932171,0.03887836,0.04647122,0.070353925,0.08736527,0.07708258,0.05335618,0.033275664,0.089364514,12.486939,0.24652573,0.06473371,0.029894063,0.10821464,0.092545874,0.059751168,0.027132075,0.028572107,0.02645803,0.022334853,0.033031926,0.035831932,0.028147629,0.07929028,0.029769948,0.038340244,0.02418376,0.02007378,0.020606766,0.019281035,0.027732309,0.032790072,0.03434259,0.03172559,0.02611036,0.018888999,0.021341631,0.022618148,0.021399671,0.019015014,0.027995726,0.030994408,0.027264513,0.021828532,0.018247293,0.020115186,0.020419233,0.019350294,0.016988538
0.015185428,0.010484621,0.008560368,0.030896557,0.02827305,0.02327266,0.018412154,0.014126311,0.010765251,0.02649148,0.02022016,0.016014079,0.012524699,0.009777746,0.017151361,0.014440975,0.011823897,0.015128146,0.013467394,0.011412281,0.009485811,0.027558213,0.023092518,0.01392307,0.043741554,0.02514728,0.024804864,0.010532008,0.0157232,0.01395571,0.011695164,0.070398636,0.05358177,0.03597836,0.024118695,0.016417874,0.029946487,0.026922286,0.022224842,0.017313711,0.013267358,0.27661642,0.03847484,0.021096986,0.013483868,0.05831512,0.046977185,0.032917004,0.022869626,0.015810043
0.096576236,0.024099091,0.0152564505,0.08852029,0.084004745,0.05893416,0.037386592,0.024019731,0.015895674,10.48558,0.071954615,0.033523224,0.01914508,0.012434205,0.059124034,0.03742818,0.02400669,0.024261564,0.021237118,0.017292581,0.013712537,0.035004254,0.029447451,0.017251076,0.2313617,0.03767824,0.037445564,0.013390225,0.018585669,0.016610922,0.013977193,0.034435444,0.031981967,0.026555888,0.020809332,0.015836693,0.020857755,0.02017236,0.018311039,0.015381792,0.0126800565,0.030056046,0.022020562,0.01728566,0.013253283,0.019836549,0.018847851,0.016675014,0.0141745135,0.0116321
0.0658795,0.33807898,0.27541125,0.017077245,0.025795048,0.04091429,0.065478995,0.094293594,0.092815176,0.014770092,0.05105224,0.19330505,24.168255,0.6408136,0.043285612,0.071977854,0.10734375,0.017764976,0.022819614,0.02761239,0.030422742,0.019274162,0.02578923,0.038994506,0.02061512,0.014459714,0.020005966,0.043838795,0.01433449,0.017254857,0.01963377,0.015200291,0.020355083,0.026929716,0.03423506,0.038949743,0.011852194,0.014805986,0.018367067,0.021469338,0.023706593,0.016661013,0.028346287,0.034049477,0.035683356,0.011874962,0.014608497,0.017467128,0.0201295,0.02147917
0.018293934,0.017396081,0.015377608,0.020333825,0.025569942,0.029689929,0.03140029,0.02897702,0.023767622,0.019467989,0.027063247,0.027303334,0.024790077,0.02065556,0.020249527,0.021173093,0.02035988,0.015508023,0.01676157,0.016720997,0.015616919,0.026048645,0.030917691,0.029516462,0.0261557,0.017510405,0.022555098,0.022228075,0.015793018,0.017131714,0.016988976,0.03784423,0.05694625,0.07425165,0.075473346,0.05648387,0.02100614,0.026081678,0.030181061,0.030727027,0.027534375,0.095491484,0.76022285,0.270876,0.086763754,0.03334961,0.047951758,0.059644368,0.06129333,0.047908243
0.042929705,0.24989356,0.46513742,0.013641867,0.020022621,0.03106642,0.050142486,0.08059435,0.100400135,0.011642934,0.03217762,0.078769006,0.5293593,15.471073,0.031552132,0.05152713,0.083683535,0.014921805,0.019383969,0.024226617,0.028396115,0.016145514,0.021770671,0.036732502,0.015957685,0.011854033,0.016115317,0.04223495,0.012329987,0.0150281405,0.017611714,0.012683163,0.016901921,0.02258238,0.029770661,0.036571167,0.010071984,0.0125694,0.015745312,0.018875558,0.021788843,0.0137997605,0.023897486,0.030114269,0.03424814,0.010119413,0.0124830725,0.015086593,0.017865755,0.019953799
0.033890367,0.021375496,0.016066248,0.058444362,0.070656076,0.064065,0.047566757,0.03200577,0.021216465,0.05493299,0.054408446,0.039522063,0.02721213,0.018816996,0.032072667,0.027592544,0.021939827,0.01996499,0.019181015,0.016944643,0.014228715,0.05411232,0.05070727,0.027886359,0.10909894,0.029386189,0.03435256,0.016922256,0.018568892,0.017837686,0.015752297,0.10979701,0.13122898,0.09592793,0.05731917,0.033541813,0.027332863,0.02906734,0.027811553,0.02357947,0.0188506,0.3211136,0.11528708,0.05236912,0.027983094,0.04017062,0.042991944,0.038098317,0.030429173,0.022344043
0.055264432,0.017999152,0.012074957,0.13257094,0.09087012,0.052005626,0.030699564,0.019317372,0.012786946,0.76397455,0.05079026,0.025602078,0.015769636,0.0106762545,0.037918866,0.025614459,0.017591376,0.019756585,0.016903307,0.013752075,0.01102589,0.03966583,0.02985699,0.015593572,0.41096002,0.03334517,0.030674968,0.0108755585,0.01603521,0.013995267,0.011658961,0.04320716,0.035490956,0.026651986,0.019551931,0.0143448245,0.019854419,0.018287761,0.016016727,0.013207178,0.010811872,0.03383339,0.021023002,0.0158112,0.011872268,0.019947292,0.018040927,0.015348423,0.012730131,0.010307707
0.02057041,0.015005932,0.012157056,0.03978558,0.043908507,0.040122233,0.032495193,0.024124507,0.017416695,0.029955704,0.029172102,0.024027778,0.018780412,0.014379381,0.019857775,0.017965693,0.015348096,0.0147518385,0.014235029,0.012883355,0.011184633,0.04615544,0.04278798,0.02457546,0.054858435,0.021025013,0.023521816,0.013578918,0.014630012,0.014108794,0.012683413,0.12814824,0.14512368,0.096664704,0.054859374,0.031532586,0.022910554,0.023831232,0.02267555,0.019605445,0.016026525,37.489056,0.09507843,0.041951466,0.021309564,0.038669474,0.040791053,0.035769165,0.028564624,0.021007916
0.021264495,0.015393982,0.012415048,0.042221293,0.046974957,0.04276114,0.03423169,0.025077248,0.017910317,0.030912017,0.030149423,0.024708292,0.01920605,0.014629713,0.020001125,0.018098736,0.015457333,0.014611469,0.014120609,0.012801848,0.011133732,0.04968679,0.0458516,0.025576912,0.058008585,0.020772154,0.023235964,0.013524472,0.014396404,0.013901727,0.012523287,0.14257906,0.16504098,0.10569328,0.05760917,0.032349396,0.022255149,0.023151848,0.022099162,0.019193778,0.015773965,12.977351,0.10259368,0.040922817,0.021296887,0.03679984,0.038787797,0.03427076,0.027658211,0.020550195
0.05946383,0.022104304,0.014782045,0.31706747,0.22731458,0.09610259,0.046093456,0.025233245,0.015406353,0.23164307,0.07155594,0.03718018,0.022061601,0.01435512,0.03297347,0.024980908,0.018387683,0.017241176,0.015614274,0.0133265,0.011053703,0.0759479,0.05214459,0.021853374,10.752953,0.027011165,0.027196119,0.01175424,0.014595439,0.013316516,0.011498911,0.08801381,0.07060634,0.04686319,0.03026392,0.020031601,0.01880824,0.018132385,0.016501796,0.014008838,0.011643244,0.056652293,0.03193327,0.022278793,0.015649412,0.021210339,0.020021392,0.017459707,0.014673609,0.011871345
0.016676119,0.015947184,0.01422563,0.021526271,0.027356867,0.031950854,0.033758882,0.03075994,0.024963161,0.017329657,0.023106411,0.023218332,0.021351984,0.018219851,0.015592533,0.016153416,0.01572722,0.011645511,0.012381225,0.012368321,0.011781638,0.03231533,0.039802037,0.036850028,0.025098769,0.013452122,0.01633059,0.01631316,0.011687026,0.012421835,0.012321908,0.04698183,0.08057975,0.11842918,0.1171797,0.07534932,0.015342633,0.01789825,0.019791637,0.020020105,0.018635992,0.098817155,0.82471037,0.2743754,0.08624798,0.023488484,0.029872712,0.03399673,0.03473809,0.029937694
0.061256975,0.026118545,0.01754429,0.24666207,0.32854047,0.15769908,0.06857421,0.034559544,0.019842168,0.13286528,0.0845055,0.047008816,0.02791214,0.017906027,0.03253911,0.026462631,0.02031443,0.016755534,0.015815213,0.013959131,0.011833834,0.10739795,0.0781597,0.02935145,1.0235401,0.024592906,0.026454948,0.013257051,0.014420799,0.013625221,0.012098315,0.12648968,0.12033867,0.07681912,0.044925474,0.027224515,0.018554838,0.018660009,0.017662784,0.0154253505,0.013008179,0.07958686,0.04665506,0.030751638,0.02039128,0.022124741,0.021958608,0.019820197,0.017021716,0.01382895
0.016690405,0.014773992,0.012819489,0.025407167,0.031130506,0.03389306,0.032905865,0.027822927,0.021630645,0.018906046,0.022856936,0.021699991,0.019056203,0.015805926,0.01524842,0.015162585,0.014256915,0.0114708105,0.011776707,0.01145838,0.010648157,0.03848768,0.043799546,0.03319247,0.029613625,0.014015045,0.016473895,0.014075097,0.011503622,0.011804316,0.011401815,0.06836108,0.114906594,0.13597369,0.098977976,0.056306653,0.015891517,0.017791357,0.01869429,0.018057827,0.016210029,0.18921624,0.42993778,0.12663122,0.05151926,0.02509564,0.02999228,0.031386252,0.029602665,0.024343884
0.04490449,0.057225674,0.046572134,0.026673414,0.047088,0.09209849,0.18622611,0.22574627,0.12505552,0.026639318,0.06809917,0.09321804,0.09160991,0.06492088,0.026850738,0.031828683,0.033657268,0.013969564,0.016013358,0.017189404,0.017177751,0.042710304,0.07395618,0.128105,0.026732676,0.014168256,0.018515611,0.025281077,0.012390014,0.013891247,0.014593118,0.03198579,0.058703154,0.12023703,0.22968881,0.21163912,0.012974046,0.015630243,0.018400291,0.020076213,0.020345427,0.037552692,0.11060251,0.1427367,0.10675103,0.015458053,0.019220246,0.0226414,0.02518703,0.024889497
0.051399533,0.024153404,0.016686577,0.24783102,0.31567565,0.15082401,0.066663586,0.033946533,0.019683637,0.10033148,0.069297194,0.04196137,0.026190158,0.017316857,0.028671307,0.023828262,0.018724745,0.015568207,0.014741387,0.013100029,0.011200515,0.12849392,0.08779412,0.030057788,0.58836573,0.022767194,0.024394652,0.0126915015,0.013636994,0.012912384,0.011515974,0.17638998,0.16095929,0.09005395,0.048182808,0.027950162,0.01790848,0.017973308,0.01701642,0.014910019,0.012614695,0.09490271,0.050609086,0.03210761,0.020817332,0.022039128,0.021854714,0.01969654,0.016909521,0.01372602
0.03215474,0.046928562,0.0438423,0.020197207,0.032946404,0.05834383,0.112127274,0.18036526,0.15139414,0.019678898,0.04444613,0.06266263,0.0729763,0.063946545,0.021210913,0.025812116,0.028987214,0.012041419,0.014022605,0.015500833,0.016105842,0.032658428,0.056919895,0.14879818,0.020390132,0.011785949,0.015340568,0.024705656,0.010926634,0.012450327,0.013473368,0.02392494,0.04282302,0.09043578,0.24188699,0.44747987,0.011276802,0.013733437,0.016465202,0.018613879,0.019748766,0.029535463,0.09980838,0.18039653,0.18104063,0.013518338,0.017096614,0.02076336,0.024281055,0.025475906
0.06346097,0.4934235,0.40656483,0.017511168,0.028354924,0.051713984,0.10595519,0.2172896,0.22808252,0.020190347,0.06417331,0.13692462,0.24796721,0.20259824,0.025486965,0.033438843,0.04032608,0.011730698,0.013874112,0.015663607,0.016738791,0.023529287,0.034303095,0.06331836,0.020290611,0.010678558,0.013486654,0.022013597,0.009717312,0.011022016,0.012026222,0.015738431,0.021478279,0.029226366,0.03800092,0.044232585,0.008711552,0.010221765,0.011905413,0.013208747,0.014148712,0.014854208,0.023784809,0.028086256,0.029604992,0.009000513,0.01051633,0.011953546,0.0132713085,0.01390866
0.041379504,0.024613377,0.017869402,0.12190649,0.19839062,0.16094035,0.08630771,0.044794366,0.02570429,0.05648604,0.057788905,0.041695017,0.028431585,0.01951567,0.024542551,0.022065224,0.018490136,0.014042105,0.01378888,0.012710388,0.01122413,0.1619136,0.13539112,0.041518774,0.15778795,0.01911175,0.021432746,0.0134545285,0.012651044,0.012380006,0.011386375,0.261255,0.4597807,0.21485,0.08244877,0.03922906,0.01656132,0.017303,0.01704298,0.015476381,0.013435823,0.14079525,0.08517724,0.04805016,0.02824175,0.021658381,0.022670353,0.021390038,0.018984554,0.015629599
0.09203635,0.23806168,0.13413979,0.02340534,0.042868633,0.09843206,0.30070192,0.63452715,0.24197617,0.027583722,0.09724251,0.18495063,0.20281814,0.115287766,0.028174547,0.034496855,0.037596293,0.012571584,0.014436557,0.015671162,0.01595479,0.035520803,0.056296956,0.096755035,0.028153349,0.012233067,0.015358178,0.02104269,0.010475742,0.011633775,0.012275605,0.022174899,0.03210164,0.045750044,0.058997985,0.061821386,0.009930083,0.011549918,0.013194857,0.014231936,0.014639765,0.0201659,0.032934744,0.03711738,0.035700656,0.010582762,0.012323553,0.013787782,0.014906219,0.015007352
0.01845715,0.012109609,0.009620069,0.065527834,0.055626113,0.03955634,0.027221099,0.018642968,0.013184062,0.030558864,0.022897072,0.01774267,0.013603862,0.010470181,0.014788845,0.012845366,0.0108147515,0.010887613,0.01010547,0.008995947,0.007827638,0.07061367,0.046941116,0.019540528,0.069541335,0.01633396,0.016437802,0.008940537,0.010530128,0.009766505,0.008655782,0.5557077,0.16159041,0.060754355,0.030214656,0.017640594,0.015978461,0.015235771,0.013809643,0.01184994,0.009928878,0.23919548,0.042765643,0.02407302,0.015108547,0.023530575,0.02175657,0.01837751,0.015067612,0.01187898
0.09327921,0.031061487,0.019507056,0.4642912,1.3992156,0.2840947,0.07956666,0.034864258,0.019324457,0.13775203,0.09260206,0.05058152,0.029488472,0.01870276,0.028674794,0.024127306,0.019094365,0.013843688,0.013332247,0.012092552,0.0105643915,0.12718178,0.09028104,0.031631343,0.37129503,0.018659834,0.019864338,0.0116769,0.011585781,0.011126508,0.010143374,0.07368065,0.073853694,0.0566017,0.038190853,0.025342958,0.013531798,0.013675473,0.013271957,0.012047932,0.010624706,0.039841764,0.030680556,0.023516504,0.017371148,0.0149540845,0.014948545,0.014033586,0.012686834,0.010907775
0.038491834,0.03782458,0.03010689,0.03790657,0.0715308,0.14119086,0.2177553,0.15558165,0.07699079,0.028395217,0.053095914,0.056797005,0.048757717,0.036051642,0.021290412,0.022866985,0.022475105,0.011880492,0.0129209515,0.013173909,0.012768962,0.078263864,0.17038926,0.16847135,0.039870992,0.013258013,0.016232317,0.01741351,0.010741699,0.011508053,0.011577826,0.049958106,0.124283105,0.45824677,0.7956745,0.21649922,0.012187877,0.0139718875,0.015499171,0.01593118,0.015464826,0.05354019,0.13516533,0.1240675,0.075272664,0.015238601,0.018001184,0.019843744,0.02060414,0.019322176
0.019285142,0.01561062,0.01300446,0.039536852,0.04892236,0.04984071,0.04280507,0.0318188,0.022593485,0.022709891,0.025278566,0.022607522,0.018846294,0.015082392,0.014772022,0.014269872,0.013071486,0.0103754895,0.010410594,0.009958882,0.009175072,0.07468039,0.07872106,0.03987514,0.04145037,0.013270577,0.014947214,0.011610415,0.010060387,0.010068684,0.009562721,0.17161863,0.4281226,0.31378818,0.11416748,0.0494487,0.013735923,0.014643663,0.0147768585,0.013947094,0.012504624,0.21973233,0.16265702,0.07176707,0.03654133,0.020222181,0.022123506,0.021733452,0.020007772,0.01679859
0.061999265,0.099394105,0.07366116,0.01899824,0.036226045,0.09297193,0.5642265,11.421727,0.25865102,0.026187878,0.07118806,0.10460387,0.107380845,0.075296976,0.02311436,0.027111646,0.0289027,0.0113566695,0.012815073,0.013732987,0.013890812,0.045585103,0.08813836,0.21641599,0.02834752,0.011489249,0.014237014,0.018781919,0.00974924,0.010736802,0.011230994,0.02706995,0.043608546,0.072170764,0.10631627,0.10969367,0.009763481,0.01130015,0.012813975,0.013741587,0.0140393805,0.024228921,0.04386265,0.05043564,0.046936054,0.010917628,0.012760056,0.014282725,0.015440138,0.015461932
0.06402291,0.1056123,0.07722172,0.018796174,0.035431556,0.091497764,0.55785483,10.511539,0.26569095,0.026241198,0.07226607,0.10743896,0.11075057,0.0771363,0.023236591,0.027302107,0.029143354,0.011343233,0.012805841,0.013732137,0.013899976,0.04483118,0.08513562,0.20225656,0.028346108,0.01144739,0.0141728325,0.018716756,0.0097119855,0.0106951585,0.011191573,0.026494192,0.042108793,0.06828958,0.098534234,0.101970255,0.009680839,0.011195165,0.012686948,0.013604389,0.013907549,0.023568947,0.04191155,0.048021022,0.044957742,0.010771721,0.012565818,0.014048334,0.015175972,0.015207444
0.029014884,0.02180284,0.01714339,0.06391851,0.09842192,0.10861656,0.08263723,0.05048028,0.030706052,0.03202286,0.03844909,0.033070263,0.025826408,0.01934389,0.018283634,0.017622659,0.015907135,0.011365623,0.01148537,0.011013128,0.010128366,0.15564694,0.18496001,0.058600213,0.064699136,0.014414086,0.016433215,0.012759585,0.010563153,0.010612664,0.01010874,0.17077315,2.7883458,1.4624043,0.14175773,0.04879256,0.013590989,0.0145908,0.014870045,0.014128559,0.012776153,0.13672124,0.13193983,0.070446424,0.038170468,0.01843194,0.020146927,0.019987397,0.018702837,0.016041722
0.04033427,0.021562297,0.015486748,0.32303354,0.4233947,0.16765182,0.06796061,0.033593304,0.01966701,0.061255913,0.048191417,0.033316985,0.022742253,0.015900219,0.020793824,0.018180398,0.015100729,0.012042072,0.011573681,0.010551872,0.009309489,0.32459235,0.14516975,0.032082625,0.22339095,0.016804958,0.017794533,0.010722335,0.010751532,0.010305295,0.009393455,0.33989453,0.27923435,0.11480597,0.052148484,0.028217744,0.013935891,0.013970399,0.013414469,0.012075559,0.010538863,0.083175346,0.046795886,0.030598314,0.020232117,0.017375859,0.017281678,0.015910922,0.014090589,0.011800185
0.025371926,0.02841388,0.0252812,0.025982004,0.04158326,0.06717907,0.09977386,0.10340452,0.0734764,0.019437011,0.033162694,0.037542876,0.03680559,0.031335536,0.016313195,0.017999457,0.018523369,0.010063528,0.011080146,0.011582964,0.011532553,0.05134534,0.10202996,0.18753368,0.02644192,0.010866722,0.013281952,0.01628245,0.009359414,0.010203468,0.010502405,0.025233585,0.05712639,0.21052568,16.016651,0.6956068,0.0106347725,0.012331266,0.013912471,0.014777908,0.014788782,0.043441985,0.15182793,0.1927258,0.123196125,0.013633565,0.016425524,0.01871371,0.020343395,0.0199329
0.026599728,0.018405426,0.0143679,0.08465575,0.11019586,0.09381499,0.06142079,0.037005633,0.02329118,0.033576366,0.03362863,0.027288465,0.020899182,0.01569847,0.016822783,0.015616784,0.013755373,0.0107686585,0.010609983,0.009941767,0.008999775,0.20727514,0.1572498,0.041131526,0.07754478,0.014352845,0.015718648,0.010918575,0.0100342,0.009855339,0.0091887135,0.50038356,19.664528,0.24619044,0.06492818,0.03135883,0.013409931,0.013837108,0.0136260595,0.012574046,0.011151461,0.15026018,0.082314104,0.04608206,0.027188439,0.018252116,0.018929522,0.017956987,0.016206954,0.013634315
0.026776336,0.026103912,0.022074224,0.03427538,0.055852488,0.085844345,0.106345154,0.08583233,0.05450759,0.022588791,0.03508564,0.03626742,0.032549165,0.026224196,0.01672385,0.017628437,0.017349921,0.010292172,0.011036821,0.01117615,0.010851551,0.07773358,0.1574038,0.13891111,0.03442534,0.011718621,0.013995912,0.014714348,0.0095844865,0.010165465,0.010182632,0.032732554,0.09532484,1.0452347,11.58416,0.18107197,0.011334901,0.012806371,0.014018897,0.014306729,0.013853749,0.061090913,0.16815732,0.14166032,0.07823268,0.014794529,0.017339362,0.018944416,0.019551365,0.018269712
0.02261605,0.028805133,0.027432662,0.020060018,0.031163614,0.050224315,0.08186762,0.10723228,0.094498165,0.01615873,0.028660985,0.034838483,0.037501585,0.03473342,0.014858839,0.016949851,0.018280245,0.009312776,0.010427658,0.011228281,0.011507403,0.03616906,0.069182925,0.22582005,0.020273488,0.009603853,0.011862992,0.01667342,0.008682373,0.00960352,0.010170929,0.017603697,0.033166666,0.06851038,0.4796748,14.936035,0.009491926,0.011119064,0.012814736,0.0140657285,0.014624542,0.030717058,0.101233475,0.17184594,0.16310047,0.01184176,0.014456082,0.01694144,0.01920351,0.019792886
0.0470042,0.020703958,0.014308506,12.768096,0.6224713,0.0989158,0.039776012,0.021880321,0.014187412,0.08271234,0.047266994,0.03022566,0.020023208,0.013908321,0.020330831,0.017112575,0.013878891,0.011407188,0.010743911,0.009662529,0.0084615005,0.19685888,0.087132365,0.024293104,0.29512087,0.016074982,0.016291851,0.009303119,0.00991027,0.009329318,0.008419652,0.11755256,0.08850893,0.053993378,0.032631498,0.020894432,0.012278729,0.012016696,0.011340067,0.01014132,0.008883819,0.043465007,0.02749115,0.020219864,0.014741789,0.014145954,0.013678371,0.012457014,0.0110352915,0.009389445
0.06005801,0.02656439,0.017849986,0.613567,12.623856,0.24462244,0.06506962,0.030875819,0.018425971,0.07968779,0.061412424,0.03969362,0.025702212,0.01731538,0.022233004,0.019399304,0.016021276,0.011778523,0.011405394,0.010477299,0.009307064,0.2784556,0.14222747,0.033813417,0.2400116,0.015811972,0.016731208,0.010510728,0.010156256,0.009796304,0.009011349,0.11110264,0.10901912,0.073554546,0.04412884,0.027273053,0.012221855,0.0123164775,0.011972964,0.010952436,0.009747455,0.044912145,0.033006534,0.02469476,0.017897705,0.014101225,0.014088342,0.013248367,0.012033718,0.0103990035
0.048593644,0.021008654,0.014448135,20.232119,0.6259913,0.096553,0.039996922,0.02188808,0.014210016,0.085048504,0.04815004,0.030610582,0.020196553,0.013992842,0.020500176,0.017240774,0.013968286,0.01141754,0.010758613,0.00967919,0.008478299,0.1871899,0.08563922,0.024403263,0.29135522,0.016037438,0.016254604,0.009303251,0.009889049,0.00931348,0.008410056,0.10861746,0.08364436,0.052359503,0.03216407,0.020761041,0.012175295,0.011922861,0.011263434,0.01008441,0.008846173,0.041679848,0.026852628,0.019914571,0.014599383,0.013937629,0.01348901,0.012304157,0.010921236,0.009311988
0.069874875,0.07477362,0.05103269,0.026132293,0.057586674,0.21644603,12.872273,0.7092257,0.10530261,0.03239698,0.07695526,0.08984322,0.07425153,0.04966547,0.022754187,0.024912788,0.02477497,0.01116696,0.012228749,0.012606131,0.012369787,0.07257114,0.15938736,0.2011951,0.039622713,0.012008705,0.014448918,0.01600311,0.009605683,0.010289988,0.010422426,0.036313795,0.060070608,0.095437825,0.11504003,0.09074427,0.010013745,0.011263118,0.012405747,0.012800469,0.012654689,0.028402576,0.044915803,0.04584181,0.038633857,0.011331591,0.0128672365,0.013922455,0.014439089,0.013974982
0.027139671,0.018697344,0.014551552,0.0893269,0.11866915,0.10041601,0.06425741,0.038033083,0.02368862,0.03379702,0.03393696,0.027520673,0.021051444,0.01579394,0.016687766,0.015512602,0.013685271,0.010598065,0.010452359,0.009810826,0.008899092,0.24287452,0.17767559,0.042229336,0.078430556,0.014066671,0.015389985,0.010785268,0.009840894,0.009673333,0.009034579,0.56739545,11.865902,0.25737727,0.06730934,0.031608984,0.01303916,0.01345236,0.013263962,0.012273378,0.01092635,0.13266091,0.07757333,0.044844255,0.026909837,0.017563568,0.018203462,0.017317316,0.015701793,0.013288253
0.016082907,0.012525914,0.010467211,0.039822157,0.043442912,0.039382823,0.03175674,0.023525627,0.017173192,0.02028623,0.019940348,0.017378066,0.014455153,0.011736049,0.012245702,0.01154387,0.010455581,0.008952667,0.008802885,0.008289895,0.0075830496,0.074318014,0.06448305,0.02948199,0.038107295,0.011854507,0.012771699,0.009259122,0.008748307,0.0085804695,0.008027271,0.24406405,0.2929987,0.14077695,0.062048152,0.03217545,0.012288015,0.012543366,0.0122664925,0.011328622,0.010065753,0.16707996,0.07574682,0.04175706,0.024915587,0.018040428,0.018562773,0.017458562,0.01566629,0.0131085245
0.021113068,0.015518787,0.0125303315,0.060861584,0.07175104,0.06310808,0.046132214,0.030795919,0.020760065,0.026486132,0.02628234,0.022146164,0.01769121,0.013822303,0.0144112045,0.013498011,0.012068333,0.009776524,0.009629992,0.00905615,0.008250998,0.14017615,0.11252711,0.036991354,0.055523366,0.012975601,0.014096155,0.010049543,0.009292403,0.009126941,0.008533318,0.6034633,1.5541784,0.24356596,0.06968496,0.03193605,0.01265702,0.012994876,0.012767814,0.011807892,0.010507342,0.16003816,0.0805241,0.044559576,0.026361046,0.017744847,0.01833631,0.017359823,0.015674429,0.013201359
0.08482338,0.06398088,0.040760584,0.04939891,0.13294943,0.7270306,1.2992009,0.21418609,0.06787753,0.039605506,0.07836838,0.07532369,0.055206496,0.036491483,0.022066718,0.022753457,0.021478731,0.010741903,0.011394711,0.01140989,0.010953048,0.10170282,0.18930684,0.1124741,0.051988296,0.011993719,0.01393602,0.013437223,0.00915446,0.009513245,0.009428615,0.04060114,0.060264796,0.07731427,0.074044324,0.054814063,0.009635524,0.010550299,0.01123334,0.011236022,0.0108756265,0.02700072,0.034730256,0.03269889,0.027032236,0.010740086,0.0117942775,0.012276492,0.012311982,0.011649971
0.021223819,0.015643783,0.012625656,0.0650005,0.078027114,0.06838674,0.0490022,0.032077357,0.021384094,0.025642943,0.025571287,0.021679698,0.017418614,0.013677875,0.013607894,0.012813261,0.011538291,0.009107407,0.008997977,0.008510408,0.0078097424,0.19327633,0.14492366,0.039515164,0.053450517,0.011929168,0.012909387,0.009490416,0.008590759,0.008460557,0.00795548,0.5358654,1.2781087,0.24551389,0.071696475,0.03306382,0.011432593,0.01172011,0.011560555,0.010784829,0.009711886,0.10915331,0.06653369,0.040616453,0.025305456,0.015579966,0.016060455,0.015335279,0.014046717,0.012049564
0.026965128,0.038082432,0.036425356,0.019923681,0.033197165,0.06210375,0.13376458,0.24836463,0.2187313,0.016142337,0.029654596,0.037049536,0.040848855,0.038374335,0.013597222,0.015465805,0.016745754,0.00799294,0.008867694,0.009542176,0.009833862,0.025060622,0.045016438,38.041092,0.019775338,0.008205645,0.009835369,0.013398822,0.0072038122,0.007875003,0.00830506,0.023330819,0.039800793,0.07744636,0.15936258,0.24050026,0.007543004,0.008600597,0.009649203,0.010440118,0.010861353,0.021208007,0.041388966,0.05236268,0.05407663,0.008835723,0.010274093,0.011522126,0.012679184,0.013047752
0.053838983,0.04461774,0.032025445,0.053169318,0.12656254,0.3742359,0.45956784,0.16564083,0.06666826,0.03111757,0.050343078,0.04881759,0.03943861,0.02896436,0.017311594,0.017734405,0.01698405,0.009140762,0.009615985,0.009627222,0.009304959,0.13409685,0.33167177,0.14059715,0.044077795,0.010323642,0.011766207,0.011432466,0.007956426,0.008215401,0.008149059,0.04325257,0.065736905,0.085414276,0.079780035,0.05710813,0.008550622,0.009276358,0.009797901,0.009794222,0.009514873,0.026077347,0.032905504,0.030983856,0.025788745,0.009731656,0.010609858,0.010982701,0.011019826,0.010473951
0.03691386,0.027024275,0.02042801,0.085536554,0.18836534,0.27485904,0.16558312,0.074387126,0.03873421,0.031471208,0.03928295,0.03436362,0.027011566,0.020263169,0.015672967,0.015330316,0.014168644,0.009015145,0.009171465,0.00895615,0.008442184,0.5886245,10.884005,0.06613272,0.05761662,0.01088502,0.012116424,0.01031277,0.008052801,0.0081209475,0.007870647,0.09500913,0.17068972,0.18303055,0.10483149,0.054599334,0.009401349,0.009956696,0.01018367,0.00990889,0.009323438,0.04082962,0.043504402,0.035463452,0.02622043,0.011353942,0.012089771,0.012107745,0.0117608085,0.010754366
0.026342392,0.036896393,0.035345625,0.019928208,0.033010498,0.061034687,0.12791476,0.2283813,0.20359702,0.015885457,0.028758634,0.035665844,0.039179,0.036906462,0.013272676,0.01504933,0.016265433,0.007837397,0.008677251,0.009326142,0.00960525,0.025407316,0.052382678,23.484741,0.01955406,0.008061199,0.009630808,0.013036608,0.0070656175,0.0077146315,0.008127068,0.023276964,0.039469454,0.07581944,0.15186733,0.22359635,0.007410349,0.008431778,0.009436994,0.010195474,0.010597006,0.020860847,0.040040664,0.050263736,0.051871814,0.008679863,0.010068496,0.011262194,0.012371103,0.012720231
0.010956933,0.009619978,0.008595814,0.00584527,0.00609795,0.006176311,0.006101249,0.0058969213,0.0055056335,0.010426573,0.010814386,0.010392048,0.009553159,0.008479117,0.0192722,0.017889872,0.015508611,0.020066747,0.019751549,0.018049516,0.015513344,0.004581045,0.004608487,0.0044584675,0.0071997214,0.013820292,0.014247986,0.010543346,0.015095373,0.014884825,0.014016182,0.0044821715,0.0045860913,0.004597676,0.00456933,0.0044427463,0.009297728,0.009695496,0.009766558,0.009399365,0.008839533,0.0049041733,0.0049659903,0.0048529054,0.004632137,0.006747507,0.0068414216,0.006822012,0.0065921093,0.0062677893
0.008658521,0.006762587,0.0058647846,0.0054664416,0.005401197,0.005211273,0.004907728,0.004558664,0.0041363896,0.0090671675,0.007947315,0.007174712,0.006322731,0.005501721,0.01114401,0.009648482,0.008173154,0.010473558,0.009499124,0.008385286,0.007258241,0.0040942566,0.0039647897,0.0035756093,0.0063740397,0.009469998,0.008860018,0.0056627532,0.008420388,0.0077483216,0.007002452,0.003937397,0.0038730719,0.0037515424,0.003597328,0.003402688,0.006403199,0.0062112617,0.0059155053,0.005477469,0.0050414717,0.0039833183,0.0037499901,0.0035620402,0.0033334205,0.0049207006,0.0047543505,0.0045353365,0.004255345,0.0039599044
0.0047654742,0.0038982034,0.0034926322,0.0035143292,0.00340928,0.0032609822,0.0030676594,0.0028684784,0.002640708,0.0049228687,0.004297885,0.0039490233,0.0035773055,0.0032196504,0.0051202043,0.0046223677,0.0041214395,0.004763822,0.00442132,0.0040537748,0.0036792934,0.002733612,0.0026228074,0.0023637249,0.0038027884,0.004609912,0.004317924,0.003080826,0.004094005,0.0038225022,0.0035459732,0.00258636,0.0025133793,0.002420345,0.002316658,0.0022009437,0.0034474893,0.0033150192,0.0031627475,0.00296827,0.002786879,0.0025019883,0.0023318853,0.0022237592,0.0021040293,0.0028356377,0.002722521,0.0025987606,0.0024593752,0.0023216936
0.011691265,0.007931871,0.0065261647,0.00804678,0.007653944,0.007067774,0.00636098,0.005645612,0.004916572,0.015395477,0.0113885235,0.009487365,0.007797666,0.006386954,0.018383553,0.0138037475,0.010458507,0.019656371,0.01540133,0.011958591,0.009332709,0.0055785486,0.005244534,0.004425594,0.010054643,0.02020687,0.016828392,0.007163315,0.015252879,0.012540508,0.010224285,0.0057309717,0.0054696295,0.005127715,0.004752035,0.004331692,0.011808811,0.010725721,0.009484313,0.00812834,0.00697245,0.0060202936,0.0052614305,0.0047937836,0.0042963936,0.008354018,0.0076886755,0.0069517866,0.006163825,0.005433057
0.0037192514,0.0050884266,0.0059650103,0.0022133228,0.0025084622,0.0028444945,0.0032179898,0.0036534348,0.004103686,0.0027182773,0.0036339136,0.0042222305,0.004916363,0.005708365,0.003870011,0.0045677554,0.005385792,0.0033121365,0.0038769238,0.0045675477,0.005388779,0.0022261136,0.0024738088,0.0030737834,0.0024129385,0.0026387537,0.0029751605,0.005240271,0.0030292594,0.0034839162,0.0040115067,0.0019841786,0.0022017865,0.002444388,0.0027204661,0.0030186288,0.0023431457,0.0026476362,0.0030056327,0.0034003118,0.0038670786,0.0020787593,0.0025758194,0.0028607224,0.0031607344,0.0021494734,0.002389094,0.0026644047,0.0029618805,0.0032951129
0.020182049,0.026265154,0.026079183,0.007916606,0.009308851,0.010742617,0.011973759,0.012898435,0.01287081,0.013707441,0.022751024,0.027869793,0.030940128,0.030103166,0.0438114,0.07137166,0.09990967,0.030433565,0.048658572,0.07625318,0.09832353,0.007023424,0.0077530257,0.008842772,0.01013443,0.016309423,0.022251248,0.05239328,0.022447675,0.030656805,0.039877646,0.0066459873,0.0075117936,0.008259925,0.008989747,0.009404184,0.012432851,0.015756907,0.019829698,0.023558637,0.02647165,0.007845222,0.009849537,0.0105465725,0.010729685,0.009903884,0.011636109,0.013449856,0.014891776,0.015765075
0.007343052,0.0050456887,0.004224811,0.0062725865,0.0056982287,0.005093934,0.0044959174,0.003954563,0.0034374765,0.00946577,0.0067180586,0.005643925,0.0047357865,0.003991526,0.008118955,0.006602136,0.0053912634,0.007726791,0.0065448782,0.005522686,0.0046701767,0.0043838536,0.004001319,0.0032631825,0.006957032,0.008730331,0.0074601136,0.003917463,0.0065623824,0.005669755,0.0048920508,0.0043495833,0.004030296,0.0036990168,0.003377421,0.0030578864,0.0060049673,0.0054170717,0.004846225,0.004277356,0.0037987041,0.004155966,0.0035197583,0.003197333,0.00288352,0.004824543,0.0043917224,0.0039718156,0.003569321,0.003208331
0.010793333,0.008884899,0.0077459216,0.006024154,0.0061240206,0.006092198,0.005862539,0.005545986,0.005102884,0.009469015,0.009097184,0.008498078,0.0076765213,0.006770793,0.010843251,0.010013383,0.008919974,0.008300237,0.008086378,0.007625601,0.0070043164,0.0046116677,0.0045609567,0.0042500636,0.00665728,0.007493498,0.007427904,0.0057773096,0.0065995497,0.0064189117,0.0061114477,0.0041254302,0.004138041,0.0040994664,0.0040063695,0.0038503618,0.0051756985,0.005190565,0.0051543145,0.004961179,0.004739979,0.003951964,0.00389582,0.003783877,0.0036071648,0.004221072,0.0042016613,0.00413089,0.003994387,0.0038192004
0.005455284,0.004145833,0.0035969268,0.0044116275,0.0041467967,0.0038426612,0.003503599,0.0031790358,0.0028589312,0.0059898477,0.0048128013,0.004271589,0.0037536887,0.003287094,0.0053531765,0.004698689,0.004081184,0.004749899,0.0043120473,0.0038733375,0.003468816,0.0033079917,0.0030925556,0.0026459498,0.0046391003,0.0049727536,0.00454438,0.0029855622,0.00407386,0.003726843,0.0033910216,0.0031034884,0.0029465829,0.002776191,0.0026014172,0.0024178245,0.0036453323,0.0034358874,0.0032194015,0.0029662002,0.0027397566,0.0028769758,0.0025776448,0.0024145246,0.0022384773,0.0030664958,0.002891884,0.0027140519,0.0025271114,0.0023452113
0.0045405347,0.0040411134,0.0037313877,0.0031593533,0.0031594222,0.0031249193,0.0030270244,0.002906261,0.0027487995,0.004136833,0.0039463136,0.0037743116,0.0035513267,0.0033000966,0.0042560576,0.0040531773,0.0038003158,0.003593112,0.0035152608,0.003387209,0.003224445,0.00258498,0.0025426475,0.002398613,0.0032927152,0.003394281,0.0033289199,0.0028126412,0.003079983,0.0030060608,0.002904921,0.0023096194,0.0023006066,0.002272487,0.0022289373,0.0021642228,0.002591516,0.0025786115,0.0025521715,0.002481779,0.0024082572,0.0021636172,0.0021248634,0.0020809157,0.0020115098,0.0022276507,0.002203884,0.0021675364,0.0021124803,0.0020464982
0.032707747,0.016141811,0.011798689,0.017967645,0.017315,0.015570099,0.013266278,0.011013148,0.008898445,0.055298466,0.032061353,0.022490267,0.01585067,0.011475189,0.05781068,0.032562137,0.020043887,0.036610533,0.027820505,0.02024686,0.014800892,0.010973053,0.010187675,0.008033702,0.025778297,0.04516931,0.038443673,0.011708198,0.024220157,0.019911144,0.015739847,0.011089932,0.010646018,0.009821848,0.008841525,0.007746964,0.019672338,0.018322166,0.016188174,0.013437264,0.011091383,0.011511427,0.009809872,0.008632359,0.0074132425,0.014160978,0.013193782,0.011804834,0.010223635,0.008701755
0.011359013,0.00798422,0.0066230423,0.0073891445,0.0071209064,0.006680742,0.006081676,0.0054684416,0.0048186905,0.0119739445,0.009623277,0.008319864,0.0070621935,0.005949119,0.011371607,0.009611927,0.008008613,0.008975166,0.008142662,0.0072143436,0.00628642,0.005262401,0.0049801054,0.00427599,0.008206337,0.009087296,0.008432383,0.005248915,0.007169926,0.006580797,0.00594613,0.0048336573,0.004674512,0.0044467305,0.004183053,0.0038794344,0.005999998,0.005757952,0.0054501374,0.0050177057,0.0046049976,0.004535273,0.004148435,0.0038869916,0.0035850485,0.004869036,0.0046589025,0.004404436,0.0041054077,0.0037935378
0.044071972,0.06102166,0.05169578,0.012361709,0.015419335,0.01866891,0.021370735,0.022765713,0.021506308,0.023239266,0.053335924,0.07401283,0.07887294,0.061468344,0.09630815,0.26426104,0.46154213,0.035130434,0.05314556,0.07157411,0.075043686,0.010810413,0.012223179,0.013842819,0.016486613,0.02108115,0.030650793,0.06025624,0.02418968,0.031074774,0.036506258,0.009854454,0.011447948,0.0128669,0.014031295,0.01438539,0.014989271,0.019079333,0.023845576,0.027349655,0.02901324,0.011438301,0.014904948,0.015792895,0.015582438,0.012482799,0.014833187,0.017071232,0.018602615,0.01893105
0.05656341,0.060202755,0.044843275,0.0146007715,0.018046776,0.021378428,0.023440948,0.023557637,0.020978134,0.031036947,0.07232178,0.08891271,0.07681961,0.051644538,0.19062278,0.5541529,0.37897384,0.044455275,0.06358387,0.074060306,0.06467873,0.01210385,0.013435466,0.014214655,0.020338146,0.027133005,0.040255465,0.050932005,0.02845287,0.034879997,0.03770404,0.01119016,0.012809352,0.014105781,0.014867144,0.0146830045,0.017706461,0.022194568,0.026877677,0.028990788,0.028576149,0.013031822,0.016170053,0.016442375,0.015576696,0.014354122,0.016792057,0.018762395,0.01954709,0.018960994
0.030176256,0.06308946,0.07321242,0.009831132,0.012551617,0.01594136,0.019716395,0.023462893,0.025014117,0.015097179,0.034360826,0.055211928,0.08351945,0.096252546,0.038025532,0.07992768,0.212702,0.021085696,0.03156861,0.04732,0.06575935,0.009513068,0.0112179,0.014474224,0.0122727305,0.013580849,0.018921724,0.069024675,0.016562024,0.021978656,0.028254887,0.008403741,0.010071613,0.011846231,0.013719381,0.015205372,0.010989018,0.014097707,0.01824958,0.022658201,0.027157689,0.009653775,0.013792438,0.015742835,0.016921647,0.009790286,0.011946524,0.01435542,0.016786719,0.018751025
0.06604387,0.07190559,0.051126767,0.015366995,0.01926624,0.023141988,0.025587682,0.025743365,0.022730062,0.032526586,0.08266328,0.105352305,0.08916057,0.057009213,0.17193583,0.4354187,0.32810614,0.03928039,0.05388683,0.061690662,0.05548845,0.012769888,0.014253302,0.015142875,0.021285003,0.025573453,0.037086952,0.046768237,0.025703257,0.030935664,0.033200573,0.011561714,0.013312691,0.014721816,0.015555537,0.015364236,0.016733412,0.020704318,0.02480032,0.026649183,0.026371568,0.0132057285,0.016476873,0.016790207,0.015910828,0.013824964,0.016093126,0.017915236,0.018668288,0.018153219
0.0026266032,0.0022385623,0.002052791,0.0022291597,0.002141153,0.0020425334,0.0019284259,0.0018129575,0.0016899803,0.0026358168,0.0023345386,0.0021781211,0.0020159017,0.001860178,0.0024066132,0.0022393707,0.0020700567,0.0021312959,0.0020268369,0.0019162996,0.0017997553,0.0018323197,0.0017484709,0.001574735,0.0022263958,0.0021673378,0.0020595032,0.0016175959,0.001899061,0.0018067773,0.0017128949,0.0016807627,0.0016220874,0.0015584781,0.0014918554,0.0014225811,0.0017370906,0.0016754341,0.0016119936,0.0015357104,0.0014665731,0.0015345345,0.0014289174,0.0013713733,0.0013067172,0.0015368521,0.0014798588,0.0014213562,0.0013602632,0.0012985065
0.0074909576,0.011916605,0.015039624,0.0038235846,0.004502822,0.00531545,0.0062472983,0.007346482,0.008477288,0.004753314,0.00701336,0.008613006,0.010581754,0.0128328735,0.0068345563,0.008402922,0.010359089,0.005029652,0.005989183,0.0071421904,0.008492664,0.0038910825,0.0044406224,0.005764795,0.004154625,0.0039965613,0.004622429,0.00853647,0.0043751746,0.0050600404,0.005828588,0.0032625427,0.0037060487,0.004199384,0.0047512804,0.005347489,0.0033788683,0.003848588,0.004420078,0.0050079436,0.0056852815,0.0033044703,0.0042185495,0.0047439034,0.005269886,0.003124888,0.0034996327,0.0039107003,0.004356093,0.0048284526
0.006383223,0.0057633263,0.0052971267,0.004103552,0.0041807694,0.004189375,0.0041003255,0.0039593526,0.003750893,0.005394146,0.005329514,0.005149086,0.0048639285,0.004508975,0.005438016,0.005255032,0.004972316,0.004214924,0.004196818,0.0041057193,0.0039503323,0.003364539,0.0033455584,0.0032005121,0.004213076,0.0039656735,0.003959691,0.0035065445,0.0035403399,0.003508039,0.003434212,0.0028977736,0.0029166965,0.002909603,0.002874245,0.0028086624,0.0029773358,0.0029990242,0.0030053088,0.0029534604,0.0028941857,0.0026541676,0.0026548512,0.0026201953,0.002547506,0.002583561,0.0025842057,0.0025668158,0.0025258714,0.0024652514
0.012600354,0.014798804,0.014640547,0.0057717534,0.0064881854,0.007152444,0.0076792627,0.008010154,0.00801878,0.007982392,0.010194493,0.011093348,0.011458723,0.011282026,0.009876679,0.010782626,0.011241288,0.006557014,0.007155134,0.007653282,0.0079039,0.005093038,0.0054509053,0.005928752,0.0061648632,0.005555218,0.0060598203,0.0071762362,0.005310907,0.0056774756,0.0059453063,0.004163517,0.004476922,0.004767544,0.004989548,0.00512695,0.004166255,0.004481499,0.0048085987,0.005007428,0.0051728073,0.003927568,0.004421706,0.004589259,0.0046473867,0.0036619212,0.0038859576,0.004069101,0.004204452,0.0042790193
0.09786536,0.34584704,0.17611401,0.016813327,0.023289539,0.031993963,0.040824886,0.04601061,0.041733164,0.026800158,0.097758524,0.2131293,0.2644839,0.13960257,0.05961025,0.098730326,0.12635861,0.02023038,0.025476288,0.029653154,0.03087528,0.015685353,0.01883999,0.022825109,0.02117569,0.015964804,0.021265259,0.034182765,0.015081593,0.017634079,0.019355647,0.01251479,0.015182609,0.017867373,0.020076338,0.02083474,0.011577346,0.013885018,0.016427865,0.018152094,0.019032337,0.013009229,0.017763043,0.019188195,0.019008534,0.010633218,0.012382706,0.01393992,0.015086171,0.015343107
0.50296056,0.090583935,0.042055856,0.030341314,0.039924264,0.046483167,0.04445533,0.036350504,0.026471648,0.08431871,0.26436484,0.1627839,0.07415124,0.037899055,0.0974198,0.08733999,0.05882888,0.024569316,0.02614399,0.02476345,0.021433802,0.021397812,0.022786628,0.019951373,0.042545315,0.023961935,0.02918054,0.020957777,0.017367639,0.017899295,0.01708397,0.0171737,0.019237436,0.020033391,0.019426305,0.017441766,0.014534542,0.016099628,0.017014364,0.016465753,0.015221582,0.016488103,0.01797729,0.01693885,0.014895931,0.012967942,0.0139622195,0.014199767,0.013781167,0.012658682
0.09739952,0.38739076,0.19052322,0.01654538,0.02284729,0.03132274,0.03989649,0.045044497,0.041209146,0.026132433,0.0873682,0.17152034,0.20815852,0.12410656,0.05136371,0.07843082,0.096332744,0.018353011,0.022663016,0.026047753,0.027139451,0.01543967,0.018511033,0.022448746,0.020395396,0.01479318,0.019229095,0.029660447,0.01378196,0.015911367,0.017347753,0.012067421,0.014552873,0.01704188,0.01908484,0.019828267,0.010703365,0.012663265,0.014786132,0.01621496,0.016972324,0.012224673,0.01643405,0.01771631,0.017614324,0.009843245,0.011339909,0.012656409,0.013631197,0.013865746
0.040109422,0.24268825,0.5449978,0.012011868,0.01656355,0.02344617,0.033074368,0.044985104,0.051908422,0.015274132,0.042325642,0.08726266,0.20602305,0.32201174,0.03058764,0.049837634,0.08126305,0.01438664,0.018655736,0.023397705,0.027684294,0.012755891,0.016065698,0.023513112,0.014180927,0.011105018,0.014602706,0.03451468,0.011529972,0.013924503,0.016258018,0.010042172,0.012549186,0.015523713,0.018820977,0.021685138,0.008915553,0.010860242,0.013240567,0.015505854,0.017638953,0.010517408,0.015731761,0.018468786,0.020254642,0.008495042,0.010108835,0.011820914,0.013519372,0.01483054
0.059429996,0.3704452,0.3622035,0.01381187,0.019002607,0.02648439,0.035576142,0.044253048,0.04545642,0.019503444,0.056184802,0.10925212,0.18375109,0.16565138,0.03606989,0.0553145,0.076698326,0.01519436,0.019015215,0.02267944,0.025113283,0.013781311,0.01689655,0.02255314,0.016395349,0.012102463,0.015603341,0.028669976,0.011815469,0.013857208,0.015550383,0.010635116,0.013018703,0.015579741,0.018080577,0.01975546,0.009198797,0.010956382,0.01296013,0.014571403,0.015854431,0.010766474,0.015051438,0.016864393,0.017569687,0.00861605,0.009997404,0.011333443,0.012525107,0.013198264
0.6493749,0.05448361,0.027836874,0.042199906,0.053828012,0.056398265,0.046696752,0.034139123,0.023411255,0.16344605,0.2828585,0.11191016,0.04996467,0.026833981,0.084196635,0.06369332,0.04156114,0.023629628,0.023554107,0.02118646,0.017806107,0.025773024,0.02587304,0.019842936,0.062879145,0.026193367,0.0301284,0.017462404,0.016994761,0.016755227,0.015377886,0.020703945,0.02231838,0.022025798,0.020105299,0.017128536,0.0153717175,0.01638014,0.01655604,0.015400773,0.013791811,0.01888727,0.018768009,0.016825194,0.014199616,0.0139293615,0.014479553,0.014203883,0.013306682,0.011863983
0.21914804,0.41488358,0.11837069,0.021878136,0.03122082,0.04324262,0.052634045,0.053100757,0.04239169,0.03738248,0.16463895,0.29797637,0.20410648,0.08922162,0.06270805,0.083442785,0.082167596,0.01957735,0.023091868,0.0248605,0.024257056,0.019312102,0.02286438,0.025181368,0.027683793,0.017019644,0.02183225,0.026284084,0.014551674,0.016229128,0.01688821,0.014742947,0.01773178,0.020358115,0.021906674,0.0215678,0.011802131,0.013742573,0.015593114,0.016418979,0.016439123,0.014469183,0.018672489,0.01925681,0.018238645,0.010966881,0.012412084,0.013530475,0.01407806,0.013823464
0.039368354,0.25758177,0.6597377,0.01196117,0.016498266,0.023394113,0.033056755,0.04509355,0.052352276,0.015239616,0.041184172,0.08175778,0.17728737,0.2627593,0.0286257,0.04473155,0.068677455,0.013531239,0.017282585,0.021328522,0.024930188,0.012745025,0.016058363,0.023570672,0.013982246,0.01061971,0.0137869045,0.030553,0.010862986,0.012977113,0.01499901,0.009886991,0.012317381,0.015191848,0.018359087,0.021117458,0.008486675,0.010239993,0.012343387,0.01431793,0.016161712,0.010174737,0.015027251,0.017549356,0.019208664,0.008100654,0.009558176,0.011092187,0.012587495,0.013745279
0.4865438,0.09486458,0.043350443,0.02915955,0.038216107,0.044692222,0.043095782,0.03567969,0.026335657,0.06919612,0.16458158,0.12090238,0.06583448,0.036573023,0.06433709,0.06060952,0.04586455,0.019862045,0.021035394,0.020289436,0.018121278,0.020860115,0.022232862,0.019656267,0.03746321,0.019494085,0.022922482,0.017862592,0.014430216,0.014837891,0.0143292155,0.015895048,0.0177151,0.01846652,0.018002275,0.016361268,0.012226594,0.013376796,0.014070104,0.013729957,0.012923237,0.014519778,0.015801128,0.015081862,0.013504861,0.011044286,0.011792631,0.011983736,0.011721094,0.010933107
0.24317952,0.53264,0.12088054,0.022977768,0.03353889,0.047807567,0.059370484,0.059739012,0.046465572,0.037776828,0.17892689,0.34364143,0.22359125,0.091982156,0.05874565,0.07661325,0.07562908,0.018795758,0.022022337,0.02362802,0.023083674,0.02061339,0.024686178,0.027317228,0.028855778,0.016652526,0.021268925,0.02550039,0.014109293,0.015684728,0.01628823,0.015447433,0.018739294,0.02167598,0.023395274,0.022978673,0.011653779,0.013540464,0.01533372,0.016128056,0.016140679,0.0149695035,0.01947868,0.020102778,0.018981243,0.0109627135,0.012409195,0.013522789,0.014072142,0.01381116
0.058681034,0.422563,0.4258721,0.013941571,0.019309737,0.027205894,0.037013326,0.046587884,0.048241172,0.019144738,0.05268463,0.09681502,0.1527935,0.14196329,0.031332556,0.044977184,0.058649085,0.013618351,0.016651472,0.019468924,0.021342788,0.0141183715,0.017424935,0.023544537,0.016180374,0.011186666,0.014138211,0.024375942,0.010683883,0.012349253,0.013708979,0.010590131,0.012966446,0.015527498,0.018022504,0.019718882,0.008523652,0.010014651,0.011697218,0.013018814,0.014075874,0.010422418,0.014435696,0.016142769,0.016833184,0.008055504,0.009269087,0.010404727,0.01143312,0.012007172
0.10206266,0.7160753,0.25250986,0.017413363,0.024656063,0.035079937,0.046316683,0.053427733,0.048550166,0.025512507,0.080412254,0.14790589,0.17725506,0.11385347,0.038829856,0.052904174,0.061271884,0.015070336,0.01798024,0.020173034,0.02094565,0.016805412,0.020492235,0.025451738,0.0205176,0.012884932,0.016207611,0.023446877,0.011627973,0.013131606,0.014126656,0.012381681,0.01503324,0.01774149,0.019957677,0.02080365,0.009448588,0.010976265,0.012568267,0.013633025,0.014208801,0.011912995,0.015945503,0.017215146,0.017171696,0.008903482,0.01012399,0.011181437,0.011976275,0.01217175
0.03684148,0.31313467,1.4160794,0.012310239,0.01726164,0.025158584,0.03685093,0.05252454,0.06310031,0.015146916,0.040034246,0.076888196,0.1558393,0.22229214,0.024926232,0.036224753,0.050690163,0.01194124,0.014809842,0.017751154,0.020270359,0.013587756,0.0174163,0.026635071,0.014078581,0.009782104,0.012445253,0.024921583,0.009694332,0.011361767,0.012886138,0.010137608,0.012724317,0.015842622,0.019295,0.022372141,0.007839622,0.009319769,0.011045707,0.012617063,0.014072049,0.010087156,0.014870388,0.017377645,0.019051151,0.0076004295,0.0088758925,0.01019915,0.0114654675,0.012439117
0.02598017,0.12577294,0.4673525,0.010029869,0.0136653725,0.019309273,0.02768024,0.039868325,0.05222658,0.012014626,0.027837304,0.04807293,0.09000052,0.15608981,0.019525755,0.0280367,0.04019747,0.010336902,0.012898324,0.015730377,0.018586317,0.011274758,0.01438178,0.022719793,0.0113218045,0.008345171,0.010509826,0.022929834,0.008554633,0.010112467,0.0116796335,0.008564549,0.010672697,0.013278202,0.01632945,0.019484432,0.00686847,0.008168242,0.0097463215,0.011289795,0.012852012,0.008591903,0.0127213085,0.01512379,0.017135335,0.0066650095,0.0078105945,0.009018316,0.010293565,0.011396488
0.042186655,0.015768021,0.010825974,0.034073755,0.029519672,0.023369348,0.017590234,0.013263613,0.010020634,0.07024687,0.031110927,0.020647572,0.01423911,0.010249662,0.02380818,0.017807547,0.013279814,0.013134513,0.011673425,0.009983909,0.008410147,0.017226024,0.014746082,0.009991191,0.03703938,0.016930915,0.015653703,0.007790042,0.010245804,0.009245172,0.008101583,0.0145245595,0.0133344885,0.011737145,0.010052047,0.008467461,0.010201158,0.009658262,0.008923636,0.007910669,0.006965891,0.011558117,0.009450719,0.008230021,0.0070201405,0.009110223,0.008569254,0.007832013,0.007034168,0.006192583
1.0564063,0.100691915,0.0420657,0.034949612,0.048684016,0.05933511,0.05624894,0.04390835,0.030468237,0.07254509,0.18449153,0.13018882,0.068081886,0.037096243,0.0512108,0.048938517,0.03904497,0.017302109,0.018220589,0.017679,0.016036434,0.025282705,0.027237615,0.023298629,0.042834833,0.017701624,0.020598881,0.016498867,0.012969074,0.013299409,0.0128815975,0.018009577,0.020331284,0.021293554,0.020600965,0.018414237,0.011510662,0.01252931,0.013140754,0.012841744,0.012132557,0.015604127,0.017046005,0.01619587,0.014378709,0.010768394,0.011488267,0.0116632795,0.011424758,0.010667621
0.09477316,0.5002185,0.22570778,0.017022362,0.023942413,0.03382545,0.0443297,0.051048443,0.04696032,0.02431217,0.06777606,0.1110256,0.12866369,0.092640415,0.032982923,0.04283376,0.04850086,0.013508137,0.015868168,0.017629959,0.018291805,0.016515702,0.020087792,0.024946233,0.01948336,0.011772201,0.014500572,0.020312829,0.010530731,0.011763792,0.012584788,0.011895121,0.014343866,0.016828472,0.018848132,0.019655202,0.008666103,0.009958273,0.011270252,0.0121521875,0.012641111,0.011142576,0.014678424,0.015806068,0.015812935,0.008206315,0.009232973,0.010124762,0.010796665,0.010969175
1.1859825,0.052538607,0.02609175,0.049802545,0.06717529,0.07167479,0.056760553,0.039166547,0.025731083,0.1292958,0.2026056,0.09880995,0.048446845,0.027192583,0.051679697,0.043596182,0.032368843,0.017883364,0.017935958,0.016630325,0.014569261,0.030428322,0.030562045,0.022463214,0.063810244,0.020063264,0.022497913,0.014826581,0.013459311,0.013332494,0.0124708405,0.021847036,0.023691567,0.023417741,0.021241415,0.017960992,0.012646851,0.013360813,0.013522093,0.012776189,0.011685645,0.01811428,0.018095428,0.016345909,0.013902803,0.011929811,0.012356783,0.012169938,0.011545017,0.010460531
0.015496007,0.018954575,0.018673535,0.006910491,0.007923362,0.008927264,0.009703093,0.0102065345,0.010224136,0.00897097,0.011850418,0.013034981,0.013530655,0.013274295,0.009931466,0.010862489,0.011363865,0.006176233,0.006722108,0.0071683843,0.007401557,0.0062548276,0.006770514,0.0074827163,0.007117012,0.005466487,0.005988255,0.007107327,0.0050359997,0.005367187,0.005598995,0.0048531224,0.0052661505,0.005654496,0.0059590517,0.006131442,0.004126928,0.004436202,0.0047593038,0.0049541867,0.005115218,0.0043897345,0.0049956823,0.0052045677,0.0052738246,0.0037434606,0.0039797616,0.0041709146,0.004317154,0.0043914733
0.01179277,0.016039692,0.01730016,0.005582512,0.0064623565,0.0074298643,0.008289431,0.009082771,0.009589881,0.006988802,0.009550424,0.010880663,0.011969725,0.012544146,0.008201594,0.009230713,0.010128083,0.005336741,0.0059441705,0.0064710057,0.006944576,0.0053114663,0.005866567,0.006862463,0.0057709264,0.004614664,0.005126638,0.006800474,0.0044490136,0.00481318,0.0051492606,0.004158432,0.0045901267,0.005004934,0.005387782,0.0057176817,0.0036129244,0.003940131,0.004279498,0.004554916,0.0048173284,0.003844621,0.0045124516,0.0048192535,0.0050221956,0.0033175787,0.003562297,0.003793985,0.004006425,0.004165464
0.10277543,2.4135232,0.3037572,0.019626535,0.029505003,0.045732882,0.06640941,0.08064085,0.069554865,0.026127366,0.08926986,0.1774804,0.21550347,0.12721571,0.034298047,0.044789266,0.050730858,0.013765283,0.016167833,0.017918387,0.018505938,0.020282978,0.025840515,0.03373368,0.022614434,0.012317738,0.015386586,0.021766862,0.010869637,0.012165291,0.012993183,0.01413942,0.017697498,0.021472884,0.02461554,0.025748407,0.009245459,0.01069835,0.012191481,0.013180158,0.013690546,0.013204764,0.018191252,0.019789336,0.019686282,0.0089957295,0.010246953,0.011317659,0.012132013,0.012308877
0.68333447,0.057602525,0.028307134,0.046297684,0.061438784,0.065833256,0.05332237,0.03771719,0.025255818,0.10243663,0.14795098,0.08511221,0.045776885,0.02684952,0.04418569,0.038325433,0.029510768,0.016250899,0.01634164,0.01530146,0.013585352,0.029029937,0.02920692,0.02183301,0.05507832,0.018000526,0.019987028,0.013810896,0.012323008,0.012234068,0.011524607,0.020278055,0.021919208,0.021743452,0.019906428,0.01705112,0.011528831,0.012140519,0.012302766,0.011703016,0.010805336,0.016487954,0.016563335,0.015137374,0.013057984,0.010883419,0.0112464065,0.011106309,0.010603655,0.009698017
0.014025761,0.022649465,0.026684381,0.0061844676,0.007412836,0.008883405,0.010385744,0.011928804,0.013164526,0.007676283,0.011557069,0.013975644,0.016367028,0.01817917,0.0094955275,0.0111914845,0.012884416,0.005945002,0.006799323,0.0076483362,0.00839794,0.0061309333,0.006986147,0.008729425,0.0064705214,0.005051583,0.0057572043,0.008579844,0.004960263,0.005500048,0.00598117,0.004736416,0.0053583095,0.0060150656,0.006655173,0.0072429758,0.0040085632,0.0044580125,0.004955823,0.005365921,0.00579122,0.0044306195,0.0054640505,0.005946105,0.0063532535,0.0037307017,0.004089069,0.0044323467,0.004764001,0.0050487756
0.668676,0.10093695,0.043209303,0.036839597,0.05260552,0.065435074,0.061751425,0.047160905,0.032092612,0.064106494,0.13993645,0.10672288,0.06157329,0.035512336,0.039913986,0.03870797,0.032424025,0.014908761,0.015635805,0.0152697945,0.014075287,0.02736727,0.029653577,0.025029073,0.041750155,0.015509775,0.017759793,0.014756627,0.011430659,0.011694056,0.011379723,0.018336972,0.020761678,0.021790855,0.021050941,0.018779967,0.010387143,0.011229894,0.011736172,0.011510079,0.010957522,0.015147665,0.01654136,0.01577296,0.014068039,0.009909475,0.010531261,0.010680771,0.010499735,0.00986518
0.01523354,0.01353255,0.01177142,0.007939392,0.008518267,0.00880312,0.0086879525,0.008330959,0.0077140154,0.010424108,0.011186635,0.010881858,0.010088448,0.009031874,0.009458221,0.009312252,0.0088257305,0.006033921,0.0061384765,0.0060948883,0.005908081,0.0065132836,0.0065814853,0.0063171284,0.007935376,0.0057930937,0.005999267,0.005519914,0.004901157,0.004923399,0.004871776,0.0050979536,0.0052661356,0.0053229136,0.005289799,0.0051555005,0.00419161,0.004316654,0.004396093,0.004360489,0.0042984826,0.0044104797,0.004537984,0.0045057945,0.0043682475,0.0037593707,0.003828744,0.0038400893,0.003816093,0.003734274
0.22819242,0.59741557,0.123584166,0.0257608,0.04029194,0.063584425,0.08562401,0.0859973,0.06156085,0.035389144,0.12446656,0.18882018,0.14668985,0.07771217,0.035842475,0.042267926,0.042478207,0.013907657,0.015700065,0.016593376,0.016402597,0.025179517,0.03144169,0.035631828,0.029303407,0.013240215,0.016096931,0.018777585,0.010898386,0.011873378,0.012215325,0.016690489,0.020614043,0.02426661,0.02635323,0.025820524,0.00964421,0.010904223,0.012104063,0.012624314,0.0126669,0.014697376,0.019089323,0.019767743,0.018747456,0.009458604,0.0105298115,0.011345718,0.011764744,0.01159357
0.004340993,0.007048203,0.009425673,0.0028152128,0.003350025,0.0040736417,0.0049969447,0.0062010563,0.007864004,0.0030499534,0.0044749877,0.005542096,0.007032353,0.009089166,0.004022391,0.004873444,0.006021788,0.0031182242,0.0036755232,0.00436115,0.0052053393,0.0032900858,0.0038783727,0.0056763473,0.003033645,0.002622938,0.0030415617,0.0059797857,0.0028907617,0.003346079,0.0038717135,0.0027514142,0.0032118282,0.0037734145,0.004479968,0.0053734747,0.0024263163,0.0027720258,0.0032102792,0.0037103714,0.0043006972,0.0027835243,0.003788381,0.0044712154,0.0052953926,0.002411499,0.002749122,0.0031358777,0.0035868073,0.004118307
0.057296664,0.04326867,0.030347165,0.018567005,0.022335162,0.025100475,0.024976453,0.022704046,0.019018456,0.024133459,0.031678375,0.030397577,0.025817687,0.020408364,0.017906701,0.01788467,0.01667151,0.0089620175,0.009332335,0.009303019,0.008963091,0.0151478425,0.015977437,0.014906717,0.01806437,0.008950743,0.009739269,0.0090573495,0.0071301875,0.007265119,0.007198014,0.010290504,0.011158868,0.011580904,0.011479329,0.010927759,0.0063461983,0.0067068017,0.0069459304,0.0069080223,0.0067778914,0.008336099,0.00892998,0.00882496,0.008364382,0.00596649,0.0062158233,0.006296787,0.00627797,0.0060893553
0.02417221,0.016228685,0.012633345,0.014751338,0.015149099,0.014694294,0.013251739,0.011523229,0.009735606,0.017441588,0.016112389,0.014165288,0.011906199,0.00982122,0.011225196,0.010389627,0.009284534,0.0066393726,0.006549116,0.006259853,0.0058588157,0.011003196,0.010563294,0.008804354,0.013428002,0.007127675,0.0071764234,0.0056910724,0.005414834,0.0053036837,0.005073613,0.008023125,0.008020554,0.007800991,0.0073567396,0.006783056,0.00505122,0.0050638574,0.0050369957,0.004850327,0.004632543,0.006269594,0.0060573677,0.0057709375,0.005362367,0.0046926793,0.004678517,0.004581374,0.004426815,0.004200427
0.016639259,0.014583382,0.012495128,0.01086643,0.011830091,0.012295593,0.01197935,0.0111891115,0.01008189,0.010966571,0.011756792,0.011351439,0.010449347,0.009296548,0.00787449,0.007788542,0.007464217,0.0048660017,0.0049473373,0.004921089,0.004805645,0.009627309,0.009714855,0.00899244,0.00952515,0.005031903,0.0052276654,0.0048783724,0.0040792106,0.0040971353,0.0040538507,0.006675436,0.0069298465,0.0069952616,0.0068785544,0.006601793,0.0038136798,0.003915446,0.0039811954,0.003950395,0.0038951405,0.0051743053,0.005308565,0.0052480204,0.005049885,0.0036704799,0.0037402879,0.0037465766,0.0037278556,0.0036425074
0.010022931,0.007103478,0.0059581692,0.012011335,0.011007694,0.009687589,0.008384,0.0071270177,0.0059428425,0.017643634,0.012631641,0.010272224,0.008307269,0.0067335456,0.018183716,0.013805096,0.010564266,0.029388398,0.020147221,0.014128037,0.010284908,0.009083797,0.008226992,0.0062920763,0.017269524,0.0698998,0.044880167,0.009084283,0.037228435,0.023717998,0.015684763,0.0133790895,0.011920817,0.010238753,0.008700563,0.007263457,0.13668936,0.05126602,0.026269678,0.015650768,0.010402977,0.021114787,0.013211598,0.010221067,0.008017346,0.11078379,0.047174804,0.025221286,0.01577593,0.010967052
0.012689414,0.00802135,0.006492782,0.014697774,0.01292553,0.010921788,0.009115395,0.007520449,0.0061264103,0.026208682,0.015327977,0.011635602,0.0089326445,0.0069676163,0.022985088,0.015468589,0.010990644,0.033854052,0.020451723,0.013390465,0.009444254,0.009819943,0.00866565,0.006380614,0.02196864,0.11378175,0.043624036,0.0071960846,0.035404887,0.021195361,0.013710197,0.013472184,0.011725789,0.009921335,0.008350372,0.006929829,0.07723617,0.039235424,0.02275097,0.014689487,0.010395357,0.018015498,0.011495461,0.009051776,0.0072024884,0.047804426,0.029666224,0.01946095,0.0135051105,0.009842592
0.008797727,0.0054672863,0.0044608563,0.010244107,0.008590014,0.007138178,0.0059201135,0.0049346574,0.0040786667,0.016146187,0.008974978,0.0069798087,0.0054955888,0.004419289,0.009872555,0.0072095366,0.0055698655,0.012971769,0.009390998,0.007055501,0.0054965005,0.0065847975,0.005704255,0.0042116805,0.0126144355,0.02093675,0.014311941,0.0046380507,0.012119395,0.009025874,0.006938216,0.007674256,0.00662503,0.005693347,0.0048975614,0.0041872207,0.014464554,0.011080395,0.008620697,0.006785863,0.005492592,0.00792702,0.0056785806,0.004791716,0.0040561133,0.011108973,0.008894116,0.0071989815,0.005881906,0.0048522935
0.010446188,0.007311397,0.0060952785,0.013640167,0.012333365,0.010678132,0.009097293,0.0076223677,0.006274649,0.018923823,0.0132537,0.010661912,0.008546755,0.006890316,0.017675957,0.013529219,0.010412377,0.025415635,0.018314991,0.013292966,0.009888349,0.010326942,0.009214954,0.006834648,0.019720536,0.058954995,0.040721968,0.009060625,0.03089081,0.021187747,0.014680713,0.01601571,0.013934113,0.011659427,0.009676049,0.007897157,0.10943139,0.050663278,0.027579151,0.016811602,0.01123616,0.026373653,0.01494194,0.011175212,0.00853652,0.10554644,0.041985452,0.022687545,0.014502911,0.010116299
0.015486554,0.00908065,0.007156632,0.017155323,0.014883584,0.012366287,0.010127461,0.008213071,0.0066079465,0.035564154,0.01822229,0.013235738,0.009821453,0.0074799675,0.026533926,0.016514914,0.011305759,0.03651475,0.021816583,0.01414668,0.009922239,0.010723375,0.009384436,0.006798027,0.026366659,0.12353854,0.046876043,0.0074453796,0.03418673,0.021442581,0.014266873,0.014015079,0.012204269,0.010314504,0.0086617535,0.0071773385,0.055784296,0.034414917,0.022197254,0.015017224,0.010828808,0.017381908,0.011400773,0.009068487,0.0072619193,0.03519694,0.024745917,0.017576437,0.012793923,0.009594694
0.009721722,0.0071953265,0.00612222,0.012717762,0.01187123,0.010576022,0.009226386,0.007856611,0.006561863,0.016153293,0.012563442,0.010471932,0.008637723,0.007077957,0.01588972,0.01290873,0.010358332,0.022079049,0.017305462,0.013260488,0.010203541,0.010415969,0.009494654,0.0072241696,0.017925622,0.041512135,0.03466128,0.009947056,0.02782529,0.020920718,0.015288026,0.016726885,0.014952537,0.01272004,0.010632852,0.008701451,0.09507375,0.055979133,0.032910157,0.02062393,0.013656794,0.031151563,0.01765886,0.013019655,0.009802206,0.2370352,0.07146512,0.03249912,0.018359888,0.01184633
0.013113888,0.0085574025,0.006959686,0.016600262,0.014814045,0.012571484,0.0104744015,0.008594224,0.0069420896,0.026539652,0.01674214,0.012843169,0.009908463,0.007722721,0.02362227,0.01674934,0.012187233,0.033479225,0.022307524,0.015285392,0.010952436,0.011643639,0.01028083,0.0074534137,0.025624549,0.107877776,0.059076466,0.009335135,0.03779195,0.02429551,0.016140528,0.017539427,0.015181169,0.012610169,0.01037901,0.008403373,0.12936243,0.056265075,0.029621197,0.017816477,0.012001864,0.027284848,0.015556243,0.011647257,0.008869787,0.1066386,0.049237967,0.02717623,0.017027648,0.011613921
0.014103494,0.008982733,0.007247976,0.017362222,0.015460226,0.013069211,0.01083394,0.008845024,0.0071159266,0.029634219,0.017981341,0.013576154,0.0103391595,0.0079770805,0.026168238,0.017934015,0.012770725,0.037069257,0.023848848,0.015995027,0.011287025,0.011864335,0.010466774,0.007570442,0.027330898,0.13875209,0.06628106,0.009282094,0.040445447,0.02538812,0.016596148,0.017487297,0.015185238,0.012645653,0.010427836,0.008456109,0.1274941,0.05705665,0.030373018,0.018323246,0.012361764,0.026349643,0.015379553,0.011597819,0.008871947,0.0917595,0.047005508,0.027158493,0.017334726,0.011894588
0.016947154,0.00955371,0.0074397037,0.018869739,0.016183648,0.013277051,0.010735581,0.008609185,0.006860281,0.041575182,0.019682089,0.013960418,0.010197181,0.0076678065,0.026916089,0.016435621,0.011175978,0.035824813,0.021966029,0.01444853,0.010167477,0.01140696,0.0099084135,0.007077659,0.029400097,0.11824197,0.04995213,0.007848134,0.031965174,0.020780887,0.014150712,0.014695397,0.0127385985,0.01070907,0.008945324,0.0073774355,0.048114963,0.031689744,0.02129526,0.014716188,0.010768964,0.017652353,0.011567066,0.009196823,0.007355045,0.03189414,0.023194965,0.016862977,0.012480885,0.009452098
0.0031352246,0.0022470558,0.0019499029,0.004444941,0.0037156418,0.00313684,0.0026775338,0.0022864398,0.0019538805,0.00461218,0.0031042672,0.0026212754,0.0022162732,0.0019003961,0.0028263612,0.0024265586,0.0021480995,0.003742607,0.0030910468,0.0025927827,0.0022119603,0.0033245122,0.0028653666,0.0021484988,0.004546648,0.0048298,0.0039004097,0.0019544542,0.0036955967,0.0030611039,0.002579801,0.0038012734,0.0032387695,0.0027919658,0.0024259351,0.0021103835,0.0045078397,0.0037420262,0.0031337324,0.002655153,0.0022974652,0.0036393793,0.002658224,0.0022967905,0.0019927297,0.004138957,0.0034600028,0.002935206,0.0025155328,0.0021748596
0.013004538,0.008503975,0.00692058,0.01711473,0.015198049,0.012827631,0.010642077,0.0086927535,0.0070049176,0.026335036,0.016633581,0.012765478,0.00985688,0.007688959,0.0226202,0.016251724,0.011935617,0.030801907,0.021138318,0.014780335,0.010728056,0.0120748,0.010602762,0.0076054935,0.026369162,0.09191556,0.054428704,0.009372278,0.03473158,0.023080971,0.015631463,0.018617501,0.015951596,0.013119017,0.010700317,0.008594435,0.11668708,0.05412914,0.029397478,0.017831095,0.012007675,0.029548068,0.016170947,0.011939878,0.009013724,0.11243954,0.04978511,0.027001945,0.01683706,0.011430815
0.009372854,0.0069924626,0.0059708795,0.012898557,0.011998274,0.010652405,0.009267979,0.007873645,0.006566953,0.015376124,0.012061221,0.010105928,0.008380288,0.0069016567,0.014426413,0.011920349,0.009715946,0.018815864,0.015229984,0.012023798,0.009456366,0.010817549,0.009810153,0.007380101,0.01781493,0.033504616,0.029039428,0.009480023,0.023110671,0.018151883,0.0137630515,0.01794227,0.015868615,0.013334472,0.011024419,0.008928939,0.06761823,0.045181535,0.029031664,0.019196095,0.013174535,0.03445635,0.018473879,0.013366372,0.009955749,0.17996444,0.06997094,0.034013264,0.019492658,0.012395448
0.012129846,0.008109098,0.006645936,0.0168115,0.014905661,0.012575749,0.010447614,0.008543986,0.0068984367,0.023755483,0.015512892,0.01207239,0.009430107,0.007434295,0.019964589,0.014859425,0.011194153,0.02622193,0.01888428,0.013669893,0.010146307,0.012217894,0.0106905885,0.0076203723,0.0252957,0.06710897,0.04503111,0.009274383,0.03001833,0.020924838,0.014654458,0.019544058,0.016557526,0.013475848,0.010896612,0.008686819,0.098171376,0.049783852,0.02822646,0.017483376,0.0118324645,0.032311965,0.016729198,0.012154666,0.009087359,0.1208973,0.04856585,0.025918512,0.016044114,0.010822169
0.0016363427,0.0012762191,0.0011420427,0.0022294498,0.0019318595,0.0016929423,0.0014968864,0.0013093879,0.0011524791,0.0021956344,0.0016543508,0.0014515938,0.0012836142,0.0011396138,0.0017291198,0.0015143672,0.0013364119,0.0018688926,0.0016228941,0.0014168409,0.0012526147,0.0018913734,0.00166313,0.0012953604,0.0022967625,0.002414401,0.0019972504,0.0011693957,0.0018829494,0.0016306028,0.0014141287,0.0021572832,0.0018658672,0.0016420317,0.0014487214,0.0012752934,0.0021766003,0.0018833615,0.0016359757,0.0014211343,0.0012586346,0.002020676,0.0015255138,0.0013320759,0.0011761459,0.0020758722,0.0017607562,0.0015540135,0.0013781097,0.0012061084
0.013819999,0.008847799,0.007150859,0.018895118,0.016592147,0.013810305,0.01131276,0.0091224685,0.007289089,0.029127335,0.01771605,0.013386917,0.010214457,0.007895868,0.023386285,0.016660826,0.012158423,0.030005496,0.020859234,0.014700489,0.010718772,0.013072986,0.011361665,0.007984402,0.02968643,0.08997372,0.054271184,0.0094412025,0.032866843,0.02235097,0.015364547,0.020498332,0.01731554,0.014032221,0.0112966085,0.008968387,0.101941966,0.05168168,0.029230043,0.0180602,0.012249715,0.032478034,0.017005822,0.012384622,0.009255377,0.10629787,0.049381196,0.027323818,0.017095909,0.011578031
0.0054940986,0.004226097,0.0036906935,0.00827862,0.007380753,0.0064370143,0.005610687,0.0048301937,0.004120372,0.008464758,0.0065133125,0.005599886,0.0048004724,0.004104841,0.0071499743,0.0061283396,0.0052306997,0.008692737,0.0073213885,0.006105345,0.0051046023,0.007205237,0.006358007,0.0047716354,0.0099300165,0.013365213,0.011401755,0.005139921,0.010078127,0.008337966,0.0067914934,0.011269643,0.009510133,0.007917598,0.0065902905,0.0054528196,0.019118851,0.014534973,0.0110592665,0.0085174,0.006621672,0.016019372,0.009300702,0.0071927286,0.0057216305,0.027183896,0.018415585,0.012889264,0.009346457,0.0069631147
0.017010918,0.010092573,0.007936365,0.022551002,0.019490818,0.015869223,0.012702329,0.010030074,0.00786797,0.041140847,0.021697178,0.015551744,0.011396095,0.008565058,0.029514475,0.019442843,0.013489839,0.035187684,0.023460777,0.01601104,0.011439788,0.014370676,0.0123728365,0.00852081,0.03789633,0.13115448,0.066892594,0.009551496,0.035127882,0.023571376,0.016049298,0.021526176,0.01817365,0.014687324,0.011780483,0.009320204,0.08665238,0.049152315,0.029342175,0.018633015,0.012847498,0.031198524,0.017014153,0.0125320675,0.009410087,0.07318183,0.04269904,0.02623212,0.017310422,0.012042723
0.016503362,0.009897899,0.007814769,0.023237651,0.019937295,0.016122092,0.012841181,0.010095264,0.007894275,0.03933072,0.021123338,0.015232259,0.011222288,0.008463972,0.027354134,0.01854806,0.013097197,0.031638768,0.021853032,0.015291507,0.011092172,0.014971604,0.012795872,0.008692516,0.038860086,0.104248494,0.059911396,0.0096210055,0.03214682,0.02220352,0.015428283,0.023283431,0.019348228,0.015403952,0.012202365,0.009551744,0.08193708,0.047420785,0.028668433,0.01833937,0.01267169,0.03476146,0.017839184,0.012900114,0.009575045,0.079639584,0.04452836,0.026702106,0.017379351,0.011981958
0.0011712197,0.0,0.0,0.0015472922,0.0013624654,0.0012144158,0.0010918189,0.0,0.0,0.0015140311,0.0011872188,0.001060008,0.0,0.0,0.0012327955,0.0010999657,0.0,0.0013157378,0.0011659231,0.0010390531,0.0,0.0013580908,0.0012086829,0.0,0.0015916426,0.0016487902,0.0014133874,0.0,0.0013331298,0.0011795374,0.0010428451,0.0015120775,0.0013310898,0.001188015,0.001063906,0.0,0.0015378002,0.0013516922,0.0011969733,0.0010571389,0.00094363093,0.0014024491,0.0010907496,0.0009690605,0.0,0.0015099033,0.0013041134,0.0011543907,0.001027497,0.0009055047
0.0038019503,0.0026528721,0.0022716825,0.005968932,0.0048091942,0.0039433036,0.0032977466,0.0027392067,0.0022919474,0.005868956,0.0037585474,0.003103156,0.0026031714,0.0022052375,0.0039961226,0.0032788357,0.0027370725,0.0045528216,0.0037120562,0.0030693607,0.0025898141,0.0044371337,0.003714803,0.0026542577,0.006142462,0.006554525,0.0049673226,0.002296878,0.0045221616,0.0036853019,0.0030379551,0.005377625,0.0043996074,0.0036628211,0.0030897148,0.0026151065,0.0058717863,0.004725427,0.0038423014,0.003174744,0.0026972229,0.00508763,0.0034147133,0.0028544485,0.0024091562,0.005619816,0.0044883485,0.0036955255,0.0030892007,0.0025971804
0.0015743506,0.0012270215,0.0010980244,0.0021648286,0.0018641179,0.00162804,0.0014394406,0.0012553703,0.0010991486,0.0020688425,0.0015583152,0.0013650808,0.001208366,0.0010732829,0.0016364963,0.0014357098,0.0012658453,0.0017840824,0.0015543397,0.0013615673,0.0012078033,0.0018483013,0.0016206469,0.0012530285,0.0021672554,0.0022626421,0.0018819186,0.0011148024,0.0017760593,0.0015452737,0.0013473106,0.002051322,0.001777589,0.0015690796,0.0013873492,0.0012236136,0.0020807148,0.0018166475,0.001584899,0.0013883743,0.0012390234,0.001914316,0.0014586343,0.0012848328,0.0011333862,0.0020272885,0.0017471752,0.001540671,0.0013623199,0.0011982683
0.0027985135,0.0021644817,0.0019151975,0.004320378,0.003696497,0.0031856494,0.0027623894,0.0023875104,0.002074576,0.004031714,0.0030176695,0.0026141114,0.0022822223,0.0020012048,0.0030912352,0.002694322,0.0023567386,0.0033896277,0.0029361243,0.0025390924,0.0022142734,0.0037412215,0.0032231503,0.0024034623,0.0045803143,0.0047102855,0.0040032654,0.0021814683,0.0036017501,0.0030943158,0.0026476951,0.004888542,0.0040549035,0.0034102565,0.00289557,0.0024604264,0.005039172,0.004171659,0.0034989775,0.0029510343,0.002499648,0.004900467,0.00326203,0.0027112912,0.00230817,0.005565632,0.004489914,0.0036834609,0.003046712,0.0025322756
0.006098026,0.004014318,0.003344889,0.011069567,0.008399403,0.0065555647,0.0052483026,0.0042143343,0.003414471,0.010885018,0.006318505,0.004977005,0.0040343073,0.0033162974,0.006646652,0.005283718,0.0042878394,0.0070732175,0.0056656804,0.004608746,0.0038093524,0.0077425796,0.006171776,0.0040829093,0.011988025,0.011678367,0.008753739,0.003507367,0.0070721186,0.00565957,0.0045825117,0.01038398,0.007874638,0.006175797,0.004955512,0.0040039313,0.01045918,0.008011276,0.006276385,0.00499391,0.00408643,0.00954489,0.0055213617,0.004382892,0.0035516897,0.010665976,0.007951135,0.006180435,0.004912097,0.003945672
0.007888797,0.0048014014,0.003908711,0.015188181,0.011023286,0.008262126,0.00642413,0.005011924,0.003975231,0.015133998,0.007628837,0.0058240476,0.004588248,0.0036991644,0.00849417,0.0064775655,0.0050649187,0.00884537,0.0069531635,0.005543359,0.0045168214,0.009480606,0.0074456558,0.004782819,0.016027618,0.015198347,0.01104947,0.0040674196,0.008461769,0.0067026196,0.0053618057,0.012348922,0.009340436,0.0072700647,0.005793953,0.0046667363,0.012090205,0.009310357,0.0072918306,0.005783217,0.0047218455,0.011283227,0.0066202483,0.0052573695,0.004234619,0.01176239,0.008963254,0.007012166,0.0056117475,0.004537289
0.007480143,0.005181036,0.004360817,0.014509809,0.011648502,0.009280596,0.007493761,0.0060372655,0.004894724,0.0131504275,0.008617753,0.0069533866,0.0056677447,0.0046535307,0.008551562,0.0070185103,0.00578826,0.008991698,0.0074712164,0.006151,0.0051123532,0.01138775,0.0091724545,0.0059712734,0.017045662,0.015298294,0.01250986,0.0051091504,0.009566628,0.007864833,0.0063975058,0.019426933,0.014176302,0.010554921,0.008072382,0.006265715,0.017313536,0.013202262,0.01014732,0.007857991,0.0061935126,0.021206552,0.00960047,0.007005634,0.005408491,0.023320097,0.016008466,0.011440761,0.008476643,0.0063674026
0.00538879,0.003702635,0.0031306262,0.009848671,0.0076505835,0.0060716546,0.0049364143,0.004015964,0.0033035928,0.009169067,0.0057403008,0.004649712,0.003833172,0.003199291,0.00584754,0.0047784364,0.0039630122,0.006165507,0.005079208,0.004198271,0.0035245952,0.007383252,0.0059084743,0.003945251,0.0106397495,0.009853269,0.007762723,0.003379002,0.0063185655,0.0051689884,0.0042422214,0.010156665,0.0076572727,0.005996766,0.0047855945,0.003856915,0.0095684705,0.0074513042,0.005912605,0.004749018,0.0038965833,0.008723515,0.0050134826,0.0039773122,0.0032388507,0.01037706,0.0077411574,0.0060058422,0.004765893,0.0038034366
0.006275715,0.003942235,0.0032219102,0.010040334,0.007874852,0.0062332633,0.005025653,0.0041131526,0.0033923858,0.010826639,0.0061564776,0.0048762844,0.003917723,0.003217578,0.0064253444,0.0051244143,0.0041340226,0.00599073,0.005004519,0.004197939,0.0035473364,0.006455319,0.005347629,0.0037223941,0.009747593,0.008295406,0.0067541515,0.003214761,0.0053816405,0.0045485077,0.0038636366,0.0068310876,0.0057094865,0.004807961,0.004080079,0.0034726588,0.0061541386,0.0052658995,0.0045133163,0.003853579,0.0033390275,0.005831293,0.0042259246,0.0036266656,0.0031105594,0.005590819,0.004802119,0.0041289157,0.0035715608,0.0030960923
0.024698526,0.011103224,0.008145002,0.07418395,0.043444846,0.02641608,0.01730417,0.011814537,0.00838456,0.09864292,0.024041964,0.014923643,0.010296586,0.0074979467,0.022855638,0.01593166,0.011467922,0.016403647,0.013261296,0.010510309,0.008363692,0.027683185,0.019875333,0.010642254,0.11255851,0.031389896,0.025036676,0.008008466,0.014281089,0.011765143,0.009492941,0.03760417,0.026706036,0.018879248,0.013701832,0.010147699,0.020191032,0.016821142,0.013672755,0.010817773,0.008648898,0.030513138,0.015806947,0.011664233,0.00876144,0.020753928,0.016907958,0.013397336,0.0106220385,0.008391661
0.025416562,0.011175959,0.00814419,0.08239542,0.046191204,0.027348839,0.01762117,0.011907238,0.0084047485,0.10317993,0.02403173,0.014820092,0.010241811,0.0074681686,0.022483474,0.015799988,0.011426568,0.015680136,0.012812044,0.010256691,0.008215084,0.02887878,0.02049289,0.010811621,0.11450948,0.02893064,0.023517396,0.00791024,0.013558119,0.011284084,0.009193517,0.037621908,0.026783414,0.018957835,0.013760544,0.010196674,0.01864373,0.015767984,0.012998164,0.010413726,0.008408017,0.029095072,0.015511529,0.0115452185,0.008718201,0.019099692,0.015826482,0.01273264,0.01022681,0.008152536
0.014877241,0.009807355,0.007904486,0.037691828,0.031180462,0.023644397,0.0177018,0.013136852,0.009847751,0.027654791,0.018856468,0.014542142,0.0112211155,0.008744085,0.01521697,0.012625807,0.010297459,0.01296347,0.011402402,0.009664907,0.008087051,0.031307407,0.023967732,0.013096455,0.04969635,0.021778554,0.020512328,0.008807137,0.013125538,0.011517789,0.00968469,0.0906839,0.054892782,0.032826915,0.0209462,0.014024331,0.023467971,0.020504663,0.01694717,0.013461731,0.010595868,0.12966952,0.023696389,0.014860214,0.009374405,0.0390191,0.031018022,0.022782195,0.016765237,0.012241643
0.020576285,0.011241312,0.008565902,0.071993396,0.046696324,0.029463632,0.019552805,0.013404403,0.009550746,0.053754885,0.024718745,0.016847353,0.01202833,0.008880709,0.019333337,0.014786777,0.011313168,0.014856837,0.012527915,0.010259448,0.0083534485,0.037060663,0.025536116,0.012615734,0.113664635,0.027544012,0.023985136,0.008605007,0.014004974,0.01187148,0.009744135,0.08396111,0.046964336,0.027952652,0.018076818,0.012318303,0.023061223,0.019457232,0.015778784,0.012395214,0.009762704,0.0743957,0.023078786,0.014963219,0.010326313,0.030177843,0.023854489,0.017991591,0.013657459,0.010313443
0.015255577,0.0099832155,0.008020746,0.041816127,0.03397816,0.025248509,0.018560566,0.013590233,0.010094085,0.028234879,0.019161737,0.014729827,0.011336987,0.008816335,0.014897859,0.012419433,0.010171733,0.012349112,0.0109469835,0.009349861,0.007876945,0.035039384,0.026091386,0.013651916,0.05322815,0.020385187,0.019326579,0.0086226575,0.012374458,0.010950335,0.009288833,0.11136757,0.061711837,0.03492882,0.021597011,0.014176141,0.021376126,0.018921738,0.015892688,0.012810008,0.010212797,0.1260354,0.02360509,0.015032343,0.0098027745,0.034295965,0.028043818,0.021193333,0.015945543,0.011846145
0.024126133,0.011095902,0.008131567,0.1030277,0.050318915,0.028015407,0.017525846,0.0116114495,0.008139579,0.08463066,0.024257299,0.015291091,0.010596255,0.0077422094,0.019722665,0.014459195,0.010770116,0.013819917,0.011540569,0.0094283065,0.0076832585,0.033906024,0.022679975,0.011182476,0.1034663,0.024523426,0.02061723,0.007593304,0.012193315,0.010320969,0.008535384,0.04740794,0.03100877,0.020735307,0.014500192,0.010499311,0.017094754,0.014630252,0.012201333,0.009889028,0.0080580665,0.032904144,0.016323214,0.011919235,0.008886303,0.018497104,0.015407784,0.01244117,0.010037094,0.008016421
0.025149258,0.0112340925,0.00817936,0.12129008,0.053861395,0.028613161,0.017595654,0.011534312,0.008037526,0.08658652,0.024587909,0.015450047,0.010690448,0.0078060855,0.019099792,0.014170132,0.010643641,0.012968258,0.010972836,0.009070204,0.007469186,0.035990935,0.023589073,0.011373562,0.09075672,0.022046762,0.018910045,0.0074231415,0.011342451,0.009723332,0.00813722,0.046299722,0.030695083,0.020692622,0.014519413,0.010552023,0.0153373955,0.013365876,0.011340118,0.009337044,0.0077181407,0.03002434,0.015743535,0.011677629,0.008791226,0.016439723,0.013993226,0.0115189925,0.009457007,0.007662326
0.0032656668,0.002433441,0.002122053,0.005542733,0.0045426507,0.0037897846,0.0032077332,0.0027095103,0.002318451,0.004784704,0.0034211555,0.00291273,0.0025099025,0.0021759598,0.0033159992,0.00287509,0.0024960502,0.003384584,0.002947221,0.0025696657,0.0022477452,0.004694953,0.0038806389,0.002738557,0.005623708,0.0047764378,0.004076004,0.0022337863,0.0034765678,0.0030176276,0.0026044557,0.0059092348,0.004678313,0.0038000473,0.0031296338,0.0026052338,0.0048303995,0.004073952,0.003450365,0.0029352803,0.0025170182,0.00511501,0.0033208632,0.0027657175,0.0023414965,0.0054250243,0.0044385185,0.003690356,0.0030993912,0.0025966212
0.020629132,0.0104985405,0.00788104,0.10387399,0.04874469,0.026929477,0.0169067,0.0112156905,0.007942952,0.056277804,0.021960592,0.014702072,0.010489861,0.0077714003,0.016422726,0.012628305,0.009764429,0.011960667,0.010196538,0.008497197,0.0070511764,0.038835883,0.024270605,0.011191808,0.10932287,0.020538745,0.017787896,0.0071824724,0.010901404,0.009367183,0.007853202,0.065494515,0.036476806,0.022393767,0.014896669,0.010430965,0.015899615,0.013698744,0.011503884,0.009402139,0.0077073653,0.04011597,0.01733703,0.012277465,0.008957989,0.01857263,0.015424185,0.012408187,0.009986531,0.007953933
0.015682865,0.009631996,0.0076298574,0.056918006,0.039093956,0.025957476,0.017870743,0.012608247,0.009210431,0.031179247,0.01855057,0.013793107,0.010446892,0.008051075,0.013791864,0.011321571,0.009204894,0.010962083,0.009637462,0.008223517,0.0069526145,0.040170167,0.026501292,0.012554011,0.06372814,0.018095119,0.016612016,0.007454511,0.010655222,0.009372493,0.007970217,0.11981199,0.052141275,0.027906686,0.017119413,0.011368326,0.01714904,0.015027675,0.012689423,0.010380211,0.008453988,0.081376925,0.021455463,0.013890065,0.009563324,0.02417012,0.01990493,0.015598175,0.0122208195,0.009448701
0.016579896,0.0105824685,0.008412305,0.05869692,0.04456275,0.03074757,0.021314465,0.014938061,0.010817053,0.030185075,0.020183772,0.015351842,0.011723356,0.009057123,0.014191078,0.011963993,0.009898097,0.010961427,0.00989454,0.0086106025,0.0073716864,0.050205227,0.033486933,0.015224732,0.06487522,0.01731582,0.016656807,0.008159216,0.010688645,0.009643074,0.00835379,0.22064248,0.08250893,0.03921073,0.022197776,0.013980522,0.01695498,0.015449421,0.013461961,0.011218477,0.009233168,0.1448782,0.029049436,0.017641535,0.011645457,0.024939382,0.021608327,0.01737935,0.013817443,0.010702368
0.0034408942,0.002693427,0.0023888873,0.0059570423,0.0051229717,0.004393124,0.0037920307,0.003267646,0.0028255074,0.004828114,0.0037602168,0.003285203,0.00288252,0.00253459,0.0035143166,0.0031344036,0.0027818035,0.0035782822,0.0032110848,0.0028506035,0.0025318111,0.0056344965,0.0047726054,0.0034542815,0.006022677,0.0049136933,0.0044224295,0.0026430017,0.0037827764,0.0033774849,0.002969791,0.007906869,0.006422026,0.005227886,0.0043061073,0.0035844543,0.0055036745,0.0047889748,0.0041400334,0.0035733443,0.0030877627,0.007927062,0.005037184,0.004108464,0.0034151473,0.006911196,0.0057944106,0.004848796,0.0040906253,0.0034255213
0.021910798,0.010833777,0.008062305,0.13718796,0.050759416,0.026216503,0.016158763,0.010590213,0.007605057,0.056341186,0.022238975,0.014899067,0.0106291305,0.007875682,0.015411803,0.012082964,0.009467553,0.010700012,0.009315232,0.007905313,0.006665385,0.044421446,0.026127115,0.0113346875,0.10972911,0.017283259,0.015382876,0.0068343063,0.009611133,0.008427479,0.0071968785,0.06366343,0.03641105,0.022587594,0.015058679,0.010616782,0.01319458,0.011690364,0.010104158,0.0084747365,0.0071102977,0.033510406,0.016369924,0.011939315,0.0088890605,0.015040128,0.01296539,0.010792897,0.008961241,0.0073215547
0.005200155,0.0033926321,0.0027978336,0.008734658,0.006532998,0.0049714553,0.0039983625,0.0032799027,0.0027474887,0.008522332,0.0050249244,0.0040108636,0.0033094033,0.002771086,0.0050446806,0.004164276,0.00346193,0.0046427813,0.00396279,0.0033952529,0.0029211992,0.006721743,0.0053115264,0.0034402073,0.008064615,0.006687996,0.005548726,0.0027877362,0.004368651,0.0037459985,0.0032182073,0.008118609,0.0063046254,0.005019532,0.0040869364,0.0033748162,0.0055532325,0.0047222227,0.00403544,0.003449466,0.0029792436,0.006693549,0.004408463,0.003665015,0.0030637847,0.005638582,0.004743674,0.0040210825,0.0034371105,0.0029313215
0.007586479,0.005105849,0.004232099,0.01929854,0.013854062,0.010256087,0.007854062,0.00609784,0.0048664305,0.012858241,0.008145725,0.006509964,0.0052843075,0.004351395,0.0069068344,0.005812151,0.00489411,0.006194691,0.005402413,0.004660583,0.0040135127,0.014830087,0.010664413,0.006108154,0.0183902,0.009537855,0.008296325,0.0041524014,0.0061557745,0.0053630276,0.00459768,0.021313792,0.013595426,0.009437387,0.0069089066,0.0052676713,0.009257093,0.007852025,0.006627859,0.0055376813,0.004660676,0.017278334,0.008436912,0.006430891,0.0050018765,0.011584023,0.009395267,0.0075714486,0.0061957096,0.0050212285
0.0075791497,0.0045876885,0.0036744454,0.013661013,0.01013848,0.0076868823,0.0059728976,0.004782151,0.0038862228,0.012494576,0.0070842104,0.0055528083,0.0044476916,0.003638908,0.006451931,0.0052739247,0.004341731,0.005296968,0.0046004215,0.0039668414,0.0034360478,0.008620564,0.006831518,0.0044729514,0.01190102,0.0072495393,0.0062090065,0.0032632088,0.0047337697,0.0041397307,0.003598822,0.008709506,0.0070948745,0.0058359816,0.004837049,0.0040420075,0.005476776,0.0048344485,0.0042678635,0.003715369,0.0032652784,0.0066537997,0.0047709337,0.0040717153,0.0034743918,0.005297557,0.004663559,0.0040811957,0.0035782754,0.0031246769
0.009043206,0.006181099,0.0051317164,0.027876016,0.019976236,0.014478222,0.010780193,0.008178178,0.0064022816,0.014250955,0.00971505,0.007853883,0.0064132013,0.0052739154,0.0072962465,0.0063219974,0.00544686,0.006017804,0.0054446296,0.0048309043,0.004268305,0.024715463,0.016452111,0.008434925,0.023038793,0.008788968,0.008126745,0.004592375,0.005888939,0.00532038,0.004701248,0.041714456,0.02375533,0.014872047,0.010134156,0.0074246144,0.008495877,0.007620906,0.0067251646,0.0058233496,0.005021743,0.026021233,0.012381578,0.009138207,0.006936605,0.0109870415,0.009520541,0.00803882,0.006798084,0.005642434
0.004009555,0.002769555,0.002332921,0.00636115,0.0049819793,0.003955985,0.0032064435,0.002736643,0.0023646967,0.005864244,0.0038654294,0.0031868585,0.0026919649,0.0022970107,0.0035855689,0.0030641968,0.002627537,0.003249645,0.0028537053,0.0025079097,0.00221625,0.0046998467,0.0038645922,0.0026526677,0.006180508,0.004424406,0.0038147303,0.002162544,0.003086438,0.0027159464,0.0023884585,0.0059226393,0.004728837,0.0038442886,0.0031897256,0.002695613,0.003830606,0.0033509752,0.002939515,0.002572702,0.0022733219,0.0048977556,0.003406121,0.0028983594,0.0024667527,0.003980011,0.003441551,0.0029906617,0.0026182174,0.0022781205
0.005689385,0.003980025,0.003358359,0.013024357,0.009667371,0.0074203624,0.0058341576,0.0046810764,0.0038462467,0.008646065,0.005826204,0.0047938684,0.0040028873,0.0033783996,0.0048476607,0.004183378,0.003612575,0.004256813,0.0037960606,0.003353386,0.002957273,0.01030846,0.007515249,0.004572409,0.011487038,0.0060737324,0.0054004225,0.003061503,0.0041677426,0.0037156336,0.0032653178,0.013102694,0.009273396,0.006784028,0.005188568,0.004169616,0.0057293926,0.0050293263,0.0044012507,0.0038104868,0.0033145605,0.010446554,0.006173077,0.0049571367,0.004010728,0.00676223,0.0057791937,0.0049061454,0.0041947705,0.0035658232
0.0052089076,0.0035724319,0.0029962654,0.010305723,0.0076117427,0.0058637033,0.0046251896,0.0037786926,0.0031660108,0.007923029,0.0051306677,0.004206033,0.0035066349,0.0029586446,0.00442772,0.003789177,0.0032572895,0.0038952972,0.0034420053,0.0030220314,0.0026625062,0.0068579074,0.0051467633,0.0034276037,0.009503378,0.005478419,0.004798802,0.002686609,0.003744025,0.0033060461,0.002897911,0.00926286,0.0069377804,0.00532481,0.0042492505,0.0035020148,0.004899856,0.004288746,0.0037455198,0.0032553328,0.0028485633,0.0075549525,0.004824789,0.0039805085,0.0033009502,0.005419209,0.004646441,0.003979588,0.0034411051,0.0029571485
0.006748588,0.0043696663,0.0035728512,0.013929717,0.0099863615,0.0073870816,0.0056387004,0.0045544435,0.0037600638,0.010192537,0.006308552,0.0050707734,0.0041587525,0.0034576773,0.0051957467,0.0044134054,0.0037624305,0.004231857,0.0037721319,0.0033318002,0.0029395106,0.009416335,0.0071204617,0.0043935548,0.011560103,0.0058168587,0.005143318,0.0029354256,0.0039090747,0.0034951586,0.0030888119,0.010615658,0.0081675025,0.006413966,0.0051371246,0.0042092963,0.004810466,0.00428868,0.0038257116,0.003367956,0.0029782606,0.0074786097,0.005099076,0.004271396,0.0035833467,0.0050709113,0.0044780043,0.0039256713,0.0034510754,0.0030116502
0.0057666525,0.003854821,0.0031954388,0.011095616,0.008282355,0.0063392227,0.004952242,0.0040600444,0.0033847399,0.008322328,0.0053739813,0.0043975236,0.003658074,0.0030785757,0.0044829613,0.0038462782,0.00331264,0.0036988503,0.0033162434,0.0029431903,0.0026133421,0.007891152,0.0061148303,0.003922989,0.009239484,0.004979418,0.004425111,0.0026057004,0.0034273795,0.0030780898,0.0027325882,0.008593727,0.0067937532,0.005449984,0.0044545387,0.0036995166,0.004151005,0.0037218698,0.003340632,0.002957433,0.0026328242,0.006210975,0.0043742904,0.0037192733,0.0031600816,0.004346894,0.0038642357,0.0034128323,0.0030213555,0.0026573827
0.0062018144,0.0041867527,0.0034852007,0.011847119,0.009076505,0.0070660203,0.00558024,0.0045542773,0.0037850088,0.0082975235,0.0056174896,0.004643941,0.0038839953,0.0032870409,0.0044322386,0.0038604673,0.0033596721,0.0035042642,0.0031886722,0.0028783283,0.0025932232,0.008841554,0.0068880925,0.0044381055,0.009267503,0.00456728,0.0041563315,0.0026044773,0.003212643,0.002924114,0.0026443694,0.008562284,0.0069662705,0.005714601,0.0047024605,0.0039354283,0.0037798823,0.0034618934,0.0031567013,0.002846292,0.0025752436,0.0059314226,0.004370365,0.003772964,0.0032540231,0.003955305,0.0035874671,0.0032307585,0.0029155044,0.0025976268
0.011295075,0.019108808,0.024320202,0.006815174,0.008774436,0.011470613,0.0153506715,0.020954838,0.027734559,0.007547314,0.013602433,0.01907092,0.027418338,0.03933231,0.012123655,0.016748784,0.023771241,0.009466436,0.012509244,0.016665515,0.022174887,0.008366527,0.010815755,0.018596008,0.0072260066,0.006736671,0.009373832,0.04281051,0.009180388,0.011998235,0.015726222,0.0076978263,0.010166941,0.01373509,0.019336956,0.027905507,0.007578629,0.009974984,0.013703617,0.019482268,0.028558508,0.009170781,0.019087212,0.030548725,0.052684776,0.008021274,0.010898037,0.015278333,0.022776516,0.036046408
0.011862392,0.021072397,0.027769277,0.006950291,0.009061606,0.012059586,0.016542941,0.023429142,0.032603785,0.0075970283,0.014013394,0.020123655,0.029982973,0.045309085,0.012083135,0.016747745,0.023941511,0.0091496315,0.011993156,0.015826609,0.020817118,0.008692446,0.0114152115,0.020717807,0.0071362695,0.0066841403,0.009175437,0.039049357,0.008788035,0.011331812,0.014609603,0.0077664014,0.010352623,0.014167885,0.020402849,0.030589545,0.007355012,0.009565616,0.012924477,0.017875288,0.025277076,0.009006298,0.018851968,0.030527007,0.054086946,0.0078608515,0.010515203,0.014429475,0.020809239,0.031147348
0.016283384,0.027448626,0.03291726,0.009042906,0.011896883,0.015795313,0.021266427,0.02832,0.03444111,0.010703399,0.021306118,0.0314698,0.046544205,0.06281997,0.019352734,0.028763719,0.043651897,0.014116799,0.019555261,0.027132176,0.036475483,0.010749057,0.013871484,0.022284487,0.010312265,0.009579119,0.014183004,0.0918948,0.0134285595,0.018229663,0.024530858,0.010225009,0.0136941075,0.018585965,0.025858557,0.035017762,0.010774273,0.014924435,0.021829374,0.033076994,0.051038813,0.013293897,0.029685825,0.047403183,0.073813096,0.011546744,0.016435005,0.024428967,0.038707577,0.06300831
0.018034827,0.033752613,0.042622905,0.009779224,0.013397653,0.01886049,0.027624667,0.04126296,0.05657834,0.010867808,0.02288591,0.035648856,0.057110883,0.08525659,0.01787054,0.025635261,0.03718286,0.012034838,0.015814872,0.020509953,0.025646951,0.012535973,0.017112339,0.03267348,0.010157784,0.009204864,0.012917863,0.05213127,0.011235572,0.014396194,0.0180102,0.011048641,0.015484441,0.022506747,0.03466324,0.054247268,0.009704981,0.012829314,0.017462913,0.023813806,0.031995833,0.01339137,0.03265182,0.05836236,0.1097519,0.010638288,0.0145012345,0.02013334,0.0288521,0.04040488
0.018695131,0.02923891,0.03240971,0.010678085,0.014177578,0.018913604,0.025295608,0.03249764,0.03670574,0.012825489,0.02604677,0.037867624,0.052399486,0.061665617,0.023229787,0.033956163,0.048542548,0.016429292,0.022510633,0.030107157,0.037620362,0.012679774,0.01637842,0.025281794,0.0125443125,0.011712927,0.01764039,0.09374114,0.015630355,0.021052428,0.027409019,0.012420807,0.016945684,0.023390876,0.032667506,0.04268956,0.013080004,0.018502347,0.027540267,0.04164989,0.06099456,0.017001156,0.04202449,0.069839366,0.10325409,0.014330413,0.021139234,0.03269153,0.053702027,0.085348666
0.021069054,0.036305685,0.041504208,0.011810706,0.016486116,0.023607105,0.034843817,0.050514184,0.062330123,0.013197342,0.028595835,0.044066083,0.06577811,0.081946515,0.02098929,0.029520407,0.040381085,0.013608079,0.01759912,0.022043068,0.026123617,0.0152854845,0.02117796,0.03929103,0.012620916,0.010883772,0.015408109,0.052411344,0.012678353,0.016032731,0.019464549,0.013738912,0.019932859,0.030131774,0.04813816,0.07455619,0.011408319,0.0151855815,0.020703133,0.027726565,0.035440706,0.017215135,0.048667077,0.09675468,0.1867829,0.012868721,0.017861119,0.025142007,0.0360358,0.0481427
0.021347877,0.037247468,0.042965665,0.010833596,0.014583687,0.01985822,0.02727045,0.036292702,0.04217354,0.013248982,0.029360104,0.046463076,0.07227575,0.09285213,0.025799641,0.04069356,0.06513695,0.017038848,0.023982372,0.033304717,0.04345261,0.012693568,0.016468981,0.02593244,0.012680919,0.011668437,0.017666288,0.1146039,0.01571103,0.021338575,0.028187199,0.011987536,0.016220925,0.022191262,0.030705174,0.04002602,0.012626967,0.017655578,0.02594013,0.038502954,0.055806845,0.015859947,0.035814427,0.055338737,0.07669749,0.0135249775,0.019245544,0.028278042,0.042901196,0.06207127
0.026783986,0.06356575,0.08454918,0.011726142,0.016773874,0.025062889,0.03944529,0.0638352,0.088199526,0.013076862,0.033381004,0.0632031,0.13590603,0.2555069,0.024220066,0.037521143,0.059130933,0.014069177,0.018665975,0.024190323,0.029790618,0.014898,0.020618651,0.03921639,0.0123904785,0.01084774,0.015315151,0.05751691,0.012502586,0.015868103,0.019454064,0.012610895,0.01766787,0.02549326,0.038045347,0.054917943,0.010559477,0.013791357,0.018406726,0.02404631,0.030358741,0.015170083,0.03364853,0.052141823,0.074072964,0.011275284,0.014891562,0.019701628,0.026059259,0.032506775
0.04765907,0.09386444,0.08487539,0.017433787,0.025911363,0.039571423,0.05994045,0.079587236,0.07501923,0.021760916,0.07592377,0.17805576,0.32970878,0.21521558,0.045326654,0.074829906,0.10796097,0.020705435,0.02737486,0.033669546,0.03685425,0.020138744,0.027109122,0.040310256,0.020878285,0.016500624,0.024485929,0.06491885,0.017439198,0.02173434,0.025261933,0.017605599,0.02470201,0.034432918,0.046063967,0.052999068,0.0148690455,0.019682445,0.026103225,0.032220874,0.036296107,0.0220666,0.04638704,0.06037235,0.062430512,0.015692681,0.020773817,0.02676721,0.03290822,0.035799712
0.04830581,0.09673728,0.08724867,0.017633429,0.026433673,0.0408763,0.063054115,0.08512816,0.07999056,0.021731019,0.076416,0.18180026,0.34297898,0.22127411,0.044052023,0.07141883,0.1012345,0.020150896,0.026422951,0.032274935,0.035225827,0.020623455,0.027993642,0.042280808,0.020858886,0.016261954,0.023932464,0.061273806,0.01699935,0.02105588,0.024351899,0.017861936,0.025227932,0.035484247,0.04795098,0.0554948,0.014617577,0.019238377,0.02532975,0.031067705,0.034865707,0.022223322,0.047154427,0.06173204,0.0639312,0.015488994,0.020419182,0.02617756,0.032051355,0.03479557
0.048900098,0.099503666,0.08952494,0.017828042,0.026939975,0.042211194,0.06638219,0.091258384,0.08545695,0.021701958,0.07677605,0.18469392,0.35365608,0.22614722,0.042795304,0.06817118,0.09503555,0.019614303,0.025516298,0.030964274,0.03370284,0.021110822,0.02891446,0.04439793,0.02082157,0.016022587,0.023387915,0.05792194,0.016573468,0.02040656,0.02348946,0.018116415,0.025755638,0.036564223,0.049927562,0.058139883,0.014368785,0.018803874,0.024583135,0.029968347,0.033511978,0.022368582,0.047880962,0.063038886,0.06538153,0.015284153,0.020064915,0.02559459,0.031210106,0.033813242
0.049427282,0.10212821,0.09167804,0.018016852,0.027444426,0.04358232,0.06994051,0.0980558,0.091484055,0.021675123,0.0770016,0.18664463,0.3611528,0.22965059,0.04155941,0.065083906,0.08932118,0.019094296,0.024652775,0.02972963,0.03227646,0.02160859,0.029872322,0.046676155,0.020732218,0.015774416,0.022852669,0.054833334,0.01615699,0.019782977,0.022671392,0.01836879,0.02628665,0.037672035,0.051996462,0.060942404,0.014122824,0.018378928,0.023862723,0.028917411,0.03222988,0.022501877,0.04856183,0.064282075,0.06676948,0.015078334,0.019711765,0.025019113,0.030385423,0.032853764
0.04830235,0.09690834,0.087579876,0.017187813,0.025343861,0.038296364,0.057165615,0.075059004,0.07114121,0.02168485,0.076525435,0.18452227,0.3562841,0.22774932,0.047243536,0.080547504,0.1204592,0.021268565,0.028400317,0.035257015,0.03879407,0.019532144,0.026035598,0.03813164,0.020878073,0.01668493,0.024904324,0.068409994,0.017795157,0.022305954,0.026065147,0.017120909,0.0237483,0.03263403,0.043020662,0.04915642,0.014949285,0.019839853,0.026410315,0.032717742,0.036983043,0.021411177,0.04364405,0.05596246,0.057883933,0.015618915,0.020643469,0.02657061,0.03262669,0.03551936
0.049029738,0.10026836,0.09034689,0.01739068,0.02586753,0.039575294,0.060094774,0.08015261,0.075761266,0.021636248,0.07715151,0.18961571,0.3759376,0.23622747,0.04593863,0.076794066,0.112503804,0.02069603,0.027398858,0.03376262,0.03703301,0.019999124,0.026876915,0.0399354,0.020880684,0.016448447,0.024348889,0.06449234,0.017345766,0.021604901,0.025115399,0.017371854,0.024256421,0.03362141,0.04471905,0.05137051,0.01470105,0.019399457,0.025637934,0.031557813,0.035535254,0.02157167,0.044380296,0.057223003,0.059273284,0.01542371,0.020304974,0.026009234,0.03181357,0.034565367
0.049698435,0.10355671,0.093042314,0.01758882,0.026382275,0.040874287,0.0632252,0.085776046,0.0808346,0.021573503,0.07764499,0.193802,0.39329788,0.24357967,0.04463979,0.07321986,0.105215624,0.020141982,0.026445273,0.032360237,0.035389192,0.020477008,0.027746059,0.04186848,0.02086693,0.016210807,0.023801398,0.060894564,0.016910605,0.020934394,0.024215708,0.017621534,0.02476783,0.034626946,0.04649493,0.053710494,0.014455232,0.018967953,0.02489138,0.030451063,0.03416327,0.02172153,0.045082137,0.058442425,0.060624134,0.015227002,0.019966057,0.025452452,0.031012429,0.033628643
0.035500318,0.04120829,0.035120677,0.019315671,0.026794966,0.035831723,0.044293217,0.046519045,0.039239805,0.02662401,0.06459053,0.08561924,0.08315156,0.05950377,0.05084328,0.0693855,0.07480918,0.02742466,0.035322063,0.04013889,0.038925014,0.021014128,0.026259523,0.031118954,0.026426068,0.022914533,0.036962662,0.06843793,0.024428805,0.030530924,0.03380465,0.022170266,0.030911552,0.040978756,0.04944284,0.04858918,0.022885716,0.0328202,0.046530288,0.05723878,0.05749767,0.03503981,0.08477058,0.0974818,0.076487616,0.026172912,0.03901394,0.05565852,0.07000701,0.066514045
0.035974596,0.041963883,0.035740398,0.018400846,0.025100151,0.032954738,0.04012251,0.042138312,0.03613671,0.02673928,0.06582218,0.08837534,0.08616613,0.061191905,0.058631454,0.08499275,0.09301612,0.030805694,0.04117334,0.04792127,0.04622223,0.019295001,0.023684608,0.027745193,0.025613947,0.024102233,0.040591642,0.08302409,0.027033089,0.03470486,0.03909535,0.02034046,0.02747375,0.035233602,0.041561533,0.041188676,0.023943845,0.035213254,0.051742814,0.06544607,0.06604655,0.031670697,0.06768007,0.076078005,0.06299335,0.026389215,0.039498683,0.0568654,0.071916,0.06860245
0.04294907,0.05290853,0.043775283,0.018310124,0.025146553,0.033419114,0.041174557,0.043811277,0.037702203,0.02825128,0.0811269,0.121937685,0.12053422,0.07790136,0.0749666,0.12757407,0.14943968,0.033271775,0.046332527,0.05590828,0.05439037,0.01854919,0.02266749,0.026735542,0.025605872,0.024386758,0.041670803,0.0949774,0.027661653,0.035984114,0.041167364,0.018672578,0.02464239,0.030996239,0.036203858,0.03635554,0.022702446,0.032795954,0.047324363,0.05934793,0.061115347,0.026947243,0.050538365,0.056288324,0.049582697,0.023491682,0.033359148,0.045260247,0.054977953,0.05380741
0.06570048,0.09837051,0.071751416,0.023065632,0.036178596,0.05803336,0.08738568,0.100410774,0.07501801,0.029775687,0.12828547,0.29474238,0.29814887,0.12931448,0.053561278,0.07795941,0.08881842,0.021916691,0.02733768,0.030944603,0.031018281,0.026266776,0.035532426,0.046767972,0.028295675,0.01927994,0.028168699,0.047908694,0.0181582,0.02159223,0.023521109,0.022812061,0.032836437,0.045822255,0.058146715,0.058962382,0.01653244,0.021326168,0.02690179,0.03076764,0.031707082,0.028421313,0.058203284,0.06780599,0.05965833,0.017776253,0.022976534,0.028232947,0.03224018,0.032121968
0.06656411,0.100638084,0.072969355,0.023381505,0.03711676,0.060622986,0.09340611,0.10834368,0.0794319,0.029745921,0.12868239,0.2971148,0.30079615,0.12993765,0.05152332,0.0737785,0.08361518,0.021247083,0.026330948,0.02968798,0.029778935,0.027035879,0.03697253,0.04923327,0.028213806,0.018893357,0.027346581,0.045720566,0.017649002,0.020882525,0.02268589,0.023202596,0.033686902,0.04754291,0.060869955,0.061734702,0.016192546,0.020758858,0.026024621,0.029639753,0.030528748,0.028622879,0.05911166,0.06910383,0.060706005,0.017484264,0.022492986,0.027513344,0.03133399,0.031227667
0.063801445,0.09377165,0.06937058,0.021594783,0.03249227,0.048956614,0.06840067,0.076645084,0.06088616,0.029774092,0.12725542,0.29215908,0.29736978,0.12922333,0.063842624,0.10157327,0.11986986,0.024890436,0.03203197,0.03700527,0.037025053,0.023242023,0.030212017,0.03823422,0.02816396,0.020764878,0.03148384,0.05803161,0.020298485,0.024663376,0.027217245,0.020884475,0.028947439,0.038551588,0.047205005,0.04793683,0.017716845,0.023357384,0.030198421,0.03512732,0.03634253,0.026675576,0.051361453,0.058721527,0.05254197,0.01855809,0.024291182,0.030246701,0.034806833,0.034698226
0.065100424,0.09691449,0.07108953,0.021955395,0.03339034,0.05108054,0.072669774,0.0819516,0.064237036,0.029743265,0.12953897,0.30517602,0.31105295,0.13178505,0.061399326,0.0956556,0.11201488,0.024107652,0.03077085,0.035365835,0.035419583,0.023910489,0.031356744,0.040049322,0.028313238,0.020370714,0.030578407,0.055195663,0.019705698,0.023805862,0.026183655,0.021269673,0.029711897,0.039941285,0.049259823,0.050039664,0.01736141,0.022747245,0.02919645,0.033797506,0.034942444,0.026933957,0.052382402,0.060108952,0.05368524,0.01827796,0.023817169,0.029523563,0.033884417,0.033788193
0.0663269,0.09998348,0.07274277,0.022313694,0.03430486,0.053318057,0.07733346,0.087824754,0.067848064,0.029708402,0.13140859,0.31642544,0.32295525,0.13393857,0.05903825,0.090155795,0.10480754,0.023352362,0.029579047,0.03383306,0.033914402,0.024601523,0.032562174,0.041994702,0.028344352,0.019979937,0.02969847,0.052545495,0.019136313,0.02299095,0.02520752,0.021656314,0.030489758,0.041386545,0.05142577,0.052256588,0.017011713,0.022154376,0.028235227,0.032533795,0.03361382,0.027176782,0.053362355,0.061453715,0.054792438,0.017996946,0.02334546,0.02880955,0.032978404,0.032893464
0.067469604,0.10294344,0.074314676,0.022668991,0.035214864,0.05567451,0.0823975,0.094346896,0.07174366,0.029672172,0.13282563,0.32536584,0.33250526,0.13563982,0.056760732,0.08504603,0.098191805,0.02262354,0.028450837,0.032397885,0.032501448,0.025315715,0.033832286,0.04408294,0.028344102,0.019593079,0.028843936,0.050067436,0.018590836,0.02221597,0.024284542,0.022043753,0.031281833,0.042888243,0.053708244,0.05459349,0.016667916,0.021572039,0.027313612,0.0313332,0.03235246,0.027402878,0.05429471,0.06274553,0.055855554,0.017715486,0.022876756,0.028106363,0.03209001,0.03201533
0.04903237,0.047059834,0.03580164,0.022641677,0.03096973,0.03961582,0.044874493,0.042653326,0.033459257,0.0379477,0.105054155,0.12416149,0.092601515,0.054912046,0.09359301,0.12567176,0.10708139,0.037969414,0.048483353,0.051177774,0.04412456,0.021691294,0.025663154,0.026631027,0.03444034,0.031909574,0.055468433,0.06352848,0.031150647,0.03786131,0.03914598,0.023056146,0.03004208,0.03615431,0.038957912,0.035425648,0.028034126,0.039894275,0.053922497,0.059244625,0.05257094,0.03519445,0.05983557,0.057764493,0.044599846,0.02956417,0.04146261,0.052716065,0.056630712,0.0482853
0.08279327,0.081761405,0.053396773,0.02812126,0.043294445,0.06396131,0.07994965,0.07414447,0.05107061,0.04294254,0.22064076,0.34684035,0.18625729,0.077333,0.07941358,0.10508272,0.09504856,0.027428992,0.033204988,0.03510439,0.032213252,0.028256962,0.03550512,0.03778707,0.03997371,0.025381928,0.038188577,0.044667635,0.022025257,0.025429796,0.026211701,0.026115153,0.035916075,0.045606606,0.050552618,0.04530837,0.02042294,0.02619106,0.03214971,0.034413785,0.03262515,0.033638,0.057890967,0.05749332,0.045409437,0.021601522,0.027475081,0.032329213,0.0343084,0.031396702
0.084812,0.08393734,0.054308385,0.028750427,0.0448829,0.06757906,0.08560649,0.07891941,0.053331945,0.042997956,0.22638856,0.36118755,0.1904534,0.077964246,0.07545511,0.09847419,0.08980744,0.026450805,0.031823434,0.033593133,0.030963985,0.029241135,0.037058257,0.03951391,0.04033367,0.024753843,0.03680078,0.042930305,0.021318544,0.024504868,0.025231257,0.02671258,0.037075095,0.047497716,0.052836046,0.04711866,0.019938689,0.02539786,0.030990873,0.03310328,0.031467326,0.034024343,0.059097543,0.058725264,0.046197355,0.021209065,0.026851455,0.031477984,0.033379186,0.030621944
0.08671301,0.08601195,0.055165026,0.029383644,0.046531968,0.07148661,0.09188134,0.08414823,0.055696692,0.043025933,0.23085754,0.37266278,0.19373424,0.078460775,0.07170471,0.0924,0.08490609,0.025521662,0.030525848,0.032176916,0.02978216,0.030268703,0.038707983,0.041358493,0.04064546,0.024139507,0.035475083,0.04127491,0.020643396,0.023628911,0.024304446,0.027316716,0.03826878,0.049482416,0.05524797,0.049010415,0.019466236,0.024634168,0.02988652,0.03185988,0.030363267,0.034386143,0.060249876,0.05990686,0.046949387,0.02081835,0.02623541,0.030643502,0.032468528,0.02985846
0.08848886,0.0879624,0.05596003,0.029996805,0.048237547,0.07571179,0.09886667,0.08988513,0.05814985,0.043027367,0.23387119,0.38060108,0.19599138,0.078819096,0.068176515,0.08681321,0.0803263,0.024638545,0.029302642,0.030848015,0.028662866,0.031341217,0.040458962,0.043331232,0.04077175,0.023539314,0.034208853,0.039697934,0.019998075,0.02279867,0.023427447,0.027926592,0.039496686,0.05156404,0.05779436,0.05098544,0.019005498,0.023898927,0.028831711,0.03067955,0.029306618,0.03472143,0.0613385,0.061028738,0.047660545,0.02042997,0.025627961,0.029825468,0.031577513,0.029107181
0.0873776,0.08680465,0.055572078,0.028061308,0.043262314,0.064133056,0.08043898,0.07480315,0.051499095,0.043045193,0.23840746,0.39777172,0.20152825,0.079594135,0.08165699,0.109428085,0.09884248,0.027442051,0.033275723,0.03524557,0.03238475,0.028005192,0.035147123,0.037500408,0.039884027,0.025256913,0.037897233,0.04453289,0.021891534,0.025272895,0.026075711,0.025610674,0.035011355,0.04425245,0.049017392,0.04417904,0.020114774,0.025708504,0.031481627,0.033693098,0.032043446,0.032500684,0.054895863,0.054724667,0.04378774,0.021097023,0.026674649,0.03126561,0.033155233,0.030473739
0.08966121,0.089252874,0.056560867,0.028687375,0.044848554,0.067771986,0.08616832,0.079665974,0.053799856,0.043032225,0.24514352,0.41676635,0.20642588,0.08025047,0.07750698,0.10227834,0.093185745,0.026462756,0.031888258,0.033722356,0.0311224,0.028971646,0.03666836,0.039199933,0.04024882,0.024634713,0.036530316,0.042806014,0.021193273,0.024359122,0.025105253,0.026185041,0.03611181,0.046030086,0.051160924,0.045898113,0.01964494,0.024944032,0.03036987,0.032436203,0.030926619,0.032862615,0.055979144,0.05583856,0.044519354,0.020722639,0.026086316,0.03046903,0.0322868,0.029743018
0.061583836,0.045124196,0.031587735,0.037562408,0.05690939,0.0751015,0.07665951,0.058616746,0.037923206,0.055369947,0.14497976,0.12428699,0.073663406,0.041489318,0.062297877,0.063683115,0.05125579,0.0269057,0.029619312,0.028545838,0.0246499,0.03696571,0.043982808,0.03710671,0.06047208,0.029985594,0.043220054,0.032401737,0.022836087,0.02463932,0.023635319,0.040243726,0.0570476,0.0683052,0.064579785,0.04776377,0.025153197,0.031294394,0.03580568,0.03479566,0.029932799,0.061274737,0.09935502,0.07529962,0.04707334,0.02964867,0.03749191,0.041443575,0.039724372,0.03233781
0.0637593,0.046354786,0.03223503,0.033801872,0.04882854,0.062055364,0.063481115,0.05093699,0.034688696,0.057106894,0.1601405,0.13653007,0.078047015,0.04276373,0.08134446,0.083541185,0.06317331,0.03194386,0.035750404,0.03417671,0.028731797,0.031258013,0.036257885,0.031705067,0.05645643,0.034193784,0.05233172,0.037014313,0.026393011,0.028827108,0.02750599,0.034037113,0.045433246,0.052538693,0.05069945,0.040016048,0.02777567,0.035464227,0.04139292,0.040070433,0.033823546,0.051682066,0.07737273,0.06227164,0.041899756,0.031185744,0.039943833,0.044543084,0.042519115,0.034250434
0.10380101,0.06686612,0.041039005,0.039739996,0.0640296,0.0915464,0.096277446,0.07112492,0.043375563,0.06593178,0.3479271,0.2688961,0.109384514,0.049771283,0.07876629,0.08260104,0.063798025,0.02692618,0.030000394,0.029265273,0.02545927,0.03679635,0.04419858,0.03818804,0.06258609,0.028733047,0.040786583,0.03217351,0.02160414,0.023366345,0.02265361,0.034692176,0.04720186,0.055846646,0.054383587,0.042844392,0.021837054,0.026567696,0.030177023,0.029732239,0.026469806,0.04320279,0.062411435,0.053459514,0.038417358,0.02361237,0.028546685,0.031081913,0.030446516,0.026188474
0.09935692,0.06482971,0.040339127,0.035252936,0.053040504,0.07081304,0.073948115,0.05846551,0.038450338,0.06582075,0.3439745,0.26882303,0.10967301,0.049813375,0.10394168,0.10995273,0.07847728,0.031600066,0.03576599,0.034642518,0.029399106,0.031103263,0.03632548,0.03233684,0.058060024,0.03244488,0.048450522,0.03639096,0.024716685,0.027020529,0.026081502,0.030359305,0.039538324,0.045511052,0.044764128,0.036782496,0.024020208,0.02984477,0.03440725,0.033817902,0.029649328,0.039233487,0.054689985,0.047718998,0.035393372,0.025053509,0.03062606,0.033564486,0.032743126,0.027904542
0.10259605,0.066320576,0.04089318,0.036320493,0.055569552,0.07540523,0.07893121,0.061493058,0.03971689,0.066201456,0.36188152,0.27985153,0.111259095,0.050054207,0.097547494,0.103061944,0.07504689,0.030341316,0.03420352,0.033208832,0.028377218,0.03232359,0.037988037,0.0336244,0.05929495,0.031433187,0.046282955,0.035291135,0.02384642,0.0259969,0.025131661,0.031203326,0.040992867,0.047453612,0.046604283,0.038000803,0.023358889,0.028845143,0.033116292,0.032584094,0.028711278,0.03981705,0.05585471,0.048633453,0.035906103,0.024537874,0.029879496,0.032678902,0.031930167,0.027311832
0.10572583,0.06774837,0.041405447,0.037415102,0.058253996,0.08044886,0.08442832,0.06472608,0.041022345,0.066453025,0.37751883,0.2893265,0.11256381,0.050253615,0.091651574,0.09671284,0.07175745,0.029149916,0.032741457,0.031861395,0.027402733,0.03361136,0.039763935,0.034983814,0.06047208,0.030456575,0.044244327,0.03421687,0.02302032,0.025029982,0.024231654,0.03206423,0.04250659,0.049499065,0.04853565,0.039258827,0.022717973,0.027887756,0.031889778,0.03140872,0.027808692,0.040370785,0.05697576,0.04951246,0.036395885,0.024026375,0.029142382,0.031809777,0.031129308,0.026723243
0.036333233,0.025288321,0.01922902,0.030826095,0.037615266,0.0395988,0.03602878,0.028846141,0.021226576,0.051016252,0.068575725,0.05363371,0.03683367,0.024619918,0.06401222,0.054783396,0.03965941,0.038224075,0.038438633,0.032745026,0.025331507,0.026552375,0.027726568,0.021779034,0.05647775,0.050646827,0.07799663,0.029806774,0.034701545,0.034951504,0.029980605,0.036859706,0.043844055,0.043824825,0.03775868,0.02861834,0.046940554,0.060181327,0.06336468,0.050857168,0.03608019,0.07941986,0.08059924,0.052693274,0.032749705,0.061431702,0.08134963,0.07907046,0.05919792,0.03847049
0.040037386,0.023723574,0.01740035,0.03732515,0.04271694,0.040908758,0.033981938,0.025686784,0.018429458,0.073895164,0.07433676,0.04972796,0.03170611,0.020744285,0.07195941,0.05235264,0.034685016,0.041051704,0.03753877,0.02971584,0.022140963,0.027845139,0.027215045,0.01936506,0.078971945,0.06708311,0.09325455,0.02365275,0.03583497,0.03312927,0.026708037,0.039803784,0.043052703,0.03900036,0.031472247,0.023372512,0.051905256,0.058782328,0.053935204,0.040053006,0.028119853,0.07679023,0.05667403,0.03737895,0.024397345,0.06287021,0.06950101,0.058169376,0.04173465,0.028003983
0.072393425,0.03288325,0.021787522,0.06166106,0.079931475,0.076051645,0.055690672,0.036497448,0.023369083,0.14433722,0.15996239,0.07814278,0.04066567,0.02375762,0.07400395,0.05468948,0.036293045,0.030490791,0.029095737,0.024572901,0.01945194,0.04117003,0.04004608,0.025371531,0.1626865,0.04452443,0.05620981,0.021425419,0.024903065,0.023816008,0.020506885,0.050431613,0.056747403,0.050876312,0.03911701,0.027601277,0.03062862,0.033409715,0.03247828,0.027261427,0.021537928,0.06751321,0.054152623,0.037271224,0.024806583,0.034275007,0.036719996,0.033697538,0.02793844,0.021388618
0.081836306,0.034796406,0.022587892,0.062490925,0.081953354,0.07847,0.057214525,0.037265833,0.023722896,0.16513635,0.19049104,0.084786795,0.04214868,0.024019556,0.08005166,0.058102414,0.037801247,0.030829102,0.029487668,0.02491296,0.01970538,0.04065273,0.039653067,0.025325378,0.16582318,0.04434572,0.05596814,0.02152135,0.02476125,0.023725292,0.020478943,0.047555715,0.053367622,0.04838153,0.037782464,0.027037028,0.029556634,0.032224,0.031467766,0.026602194,0.021185534,0.06027632,0.049963444,0.035460547,0.024111083,0.032166768,0.03437515,0.03178771,0.026676333,0.020688768
0.038758453,0.02062564,0.014992806,0.041017774,0.042668954,0.03712616,0.028991861,0.021389207,0.015377064,0.09736607,0.06546756,0.04039328,0.025439585,0.01687227,0.06977566,0.044952437,0.028545992,0.04225444,0.03513954,0.026249362,0.019068537,0.026701445,0.02451465,0.016451059,0.095933355,0.08782213,0.10196596,0.018879002,0.036198013,0.03082344,0.023614207,0.03895371,0.03813963,0.032156315,0.025142875,0.018714646,0.056420863,0.05578284,0.045580626,0.03227887,0.022559289,0.06607022,0.040414285,0.02737819,0.018669039,0.06255232,0.05903419,0.04481691,0.03150637,0.021600598
0.045821615,0.019849803,0.013867727,0.08038498,0.07207831,0.05034462,0.033026744,0.021728655,0.014671066,0.20485988,0.06648808,0.03565316,0.02145544,0.014021672,0.047985323,0.032067094,0.021508781,0.02686852,0.022703066,0.017908635,0.013863625,0.038362756,0.031235551,0.017318815,0.30161867,0.051764317,0.050643858,0.014001565,0.022729019,0.019579072,0.015779223,0.056682445,0.048484344,0.035738073,0.02533548,0.017812083,0.032887362,0.030444084,0.025660811,0.019873973,0.015241587,0.066364944,0.0338681,0.022811243,0.015710495,0.036632482,0.032749396,0.026136596,0.020067524,0.015006005
0.04828313,0.020294406,0.014069916,0.087296836,0.07785874,0.053237025,0.034237456,0.022221724,0.014858425,0.23237984,0.0692058,0.036300473,0.021584146,0.014055945,0.047764435,0.032031532,0.021526445,0.026089488,0.022188025,0.01761275,0.013709973,0.040017385,0.032339074,0.017662916,0.35846913,0.049120206,0.048225004,0.013884262,0.021946404,0.019018037,0.01542688,0.057734482,0.049349573,0.03626805,0.025620375,0.01796825,0.03110152,0.028954528,0.024646819,0.019284049,0.014920849,0.06423249,0.033464815,0.022688296,0.015691243,0.03439626,0.03099524,0.025043735,0.019451968,0.014682566
0.05170991,0.020848691,0.014319075,0.083409674,0.075320914,0.052325036,0.033981644,0.022196123,0.01489371,0.29037553,0.07359528,0.037245274,0.021735258,0.014045983,0.05214095,0.03391751,0.022304144,0.027370991,0.023135524,0.01822763,0.01408598,0.037883196,0.031012764,0.01733829,0.33236107,0.051755555,0.05068486,0.014094572,0.022623653,0.01954102,0.015790587,0.05181725,0.045139305,0.03407616,0.024619635,0.017537184,0.031209217,0.02910497,0.024806354,0.019408941,0.015021694,0.05680035,0.03161735,0.021930365,0.015393265,0.03329602,0.030130895,0.024521487,0.019158185,0.014546991
0.018876495,0.01069757,0.008266299,0.036300194,0.028691582,0.021315092,0.015817568,0.011750442,0.008799891,0.050532557,0.02390214,0.01649497,0.011839833,0.008769023,0.024708772,0.017483914,0.012667045,0.022596482,0.017379824,0.013141442,0.010048982,0.021488417,0.017183898,0.010402054,0.06445097,0.054820146,0.04085092,0.009582962,0.021933308,0.016988443,0.012853492,0.038105194,0.028455175,0.020522617,0.015025775,0.011097509,0.0445442,0.03239209,0.022903582,0.016137118,0.011783522,0.05358018,0.021223772,0.014370668,0.010214448,0.055503096,0.036552172,0.024003051,0.016483022,0.011670692
0.023330666,0.011969451,0.008986298,0.046293095,0.03501382,0.02481494,0.01769322,0.012763622,0.009343196,0.078625165,0.028695792,0.018515294,0.012714529,0.0091385925,0.029032024,0.01952508,0.013659429,0.023791749,0.018232642,0.013714521,0.010438159,0.023809766,0.018718228,0.011011363,0.09290285,0.057900757,0.042842474,0.009814495,0.021711111,0.016957082,0.012915932,0.038690325,0.029084105,0.021044467,0.015406729,0.011382063,0.038225997,0.029267903,0.021603754,0.015639246,0.011649338,0.046368416,0.02069122,0.014395326,0.010374449,0.041722424,0.030441275,0.021478757,0.015494243,0.01132763
0.015590595,0.009022606,0.0070724804,0.032084096,0.02422229,0.017747795,0.013221761,0.00990576,0.007525937,0.0393807,0.018730655,0.013270597,0.009767276,0.00739867,0.019248115,0.013962656,0.010362343,0.01838476,0.014178261,0.010853454,0.008431469,0.019058077,0.014938006,0.009009848,0.05008511,0.04187297,0.030402357,0.008000836,0.018079849,0.013993942,0.010692648,0.033331186,0.023905909,0.017114377,0.012590713,0.009389288,0.035388798,0.025313724,0.01809122,0.013040961,0.009729961,0.041208863,0.016788859,0.011663274,0.008454581,0.042851605,0.028010482,0.018815339,0.013284552,0.009622781
0.019555127,0.010175249,0.0077345823,0.040598597,0.029180374,0.02045004,0.014690739,0.010718761,0.007965098,0.06212332,0.022400172,0.014824068,0.010425124,0.007679037,0.02326388,0.015890872,0.011322731,0.020336688,0.015433551,0.011656356,0.008949033,0.020633101,0.015975801,0.009452201,0.0691609,0.047788277,0.033559356,0.00827742,0.018690653,0.014448939,0.01102983,0.03212595,0.0235978,0.017160038,0.012747908,0.00956962,0.031860158,0.023794238,0.017553195,0.012913247,0.00977735,0.034753546,0.01632355,0.011728421,0.008674653,0.03317242,0.023914222,0.017150633,0.012632803,0.009439
0.0128054395,0.0076335394,0.0060700355,0.025902696,0.019371612,0.014366562,0.010886086,0.008294612,0.0064147403,0.02997016,0.014823953,0.010801833,0.008142494,0.006305151,0.015513017,0.011459231,0.00866838,0.015603616,0.012002879,0.0092552155,0.0072534387,0.015898112,0.01246738,0.007664199,0.036406565,0.033789847,0.02401225,0.0068128305,0.015559687,0.011974802,0.009188451,0.02655429,0.019050367,0.013883991,0.0103959255,0.007905636,0.029548593,0.020782758,0.014904965,0.0108800875,0.008249719,0.030341858,0.013316577,0.009511493,0.007091629,0.034131784,0.02224419,0.015228786,0.010951614,0.008081732
