-0.009989-0.000018*delta[0]-0.000033*delta[1]-0.000006*delta[2],-0.009310-0.000033*delta[0]-0.000032*delta[1]-0.000002*delta[2],-0.017416-0.000043*delta[0]-0.000055*delta[1]+0.000014*delta[2],-0.015109-0.000043*delta[0]-0.000058*delta[1]-0.000009*delta[2],-0.012571-0.000040*delta[0]-0.000044*delta[1]-0.000003*delta[2],-0.010120-0.000013*delta[0]-0.000040*delta[1]+0.000011*delta[2],-0.042435-0.000117*delta[0]-0.000172*delta[1]-0.000001*delta[2],-0.030877-0.000067*delta[0]-0.000064*delta[1]-0.000018*delta[2],-0.021887-0.000032*delta[0]-0.000084*delta[1]-0.000005*delta[2],-0.093825-0.000148*delta[0]-0.000369*delta[1]-0.000118*delta[2],-0.042437-0.000093*delta[0]-0.000132*delta[1]-0.000052*delta[2],-0.007680-0.000012*delta[0]-0.000025*delta[1]+0.000007*delta[2],-0.014970-0.000046*delta[0]-0.000056*delta[1]+0.000002*delta[2],-0.182563-0.000353*delta[0]-0.000670*delta[1]-0.000017*delta[2],-0.018177-0.000033*delta[0]-0.000075*delta[1]-0.000006*delta[2],-0.096687-0.000140*delta[0]-0.000314*delta[1]-0.000105*delta[2],-0.009738-0.000025*delta[0]-0.000035*delta[1]-0.000014*delta[2],-0.009716-0.000022*delta[0]-0.000033*delta[1]-0.000006*delta[2],-0.009272-0.000029*delta[0]-0.000034*delta[1]+0.000006*delta[2],-0.008690-0.000026*delta[0]-0.000047*delta[1]+0.000002*delta[2],-0.007832-0.000024*delta[0]-0.000023*delta[1]+0.000005*delta[2],-0.162835-0.000422*delta[0]-0.000665*delta[1]+0.000055*delta[2],-0.088598-0.000269*delta[0]-0.000345*delta[1]-0.000072*delta[2],-0.046537-0.000081*delta[0]-0.000150*delta[1]+0.000020*delta[2],-0.014311-0.000037*delta[0]-0.000035*delta[1]-0.000001*delta[2],-0.012573-0.000028*delta[0]-0.000047*delta[1]+0.000002*delta[2],-0.010913-0.000021*delta[0]-0.000050*delta[1]-0.000006*delta[2],-0.047939-0.000042*delta[0]-0.000192*delta[1]+0.000046*delta[2],-0.037868-0.000079*delta[0]-0.000095*delta[1]-0.000019*delta[2],-0.027091-0.000052*delta[0]-0.000093*delta[1]-0.000000*delta[2]
-0.010016-0.000016*delta[0]-0.000042*delta[1]-0.000004*delta[2],-0.009372-0.000025*delta[0]-0.000040*delta[1]-0.000003*delta[2],-0.017592-0.000021*delta[0]-0.000076*delta[1]-0.000015*delta[2],-0.015234-0.000031*delta[0]-0.000060*delta[1]-0.000005*delta[2],-0.012601-0.000026*delta[0]-0.000049*delta[1]-0.000003*delta[2],-0.010205-0.000010*delta[0]-0.000045*delta[1]+0.000005*delta[2],-0.043478-0.000044*delta[0]-0.000239*delta[1]-0.000042*delta[2],-0.031778-0.000082*delta[0]-0.000126*delta[1]-0.000034*delta[2],-0.022261-0.000049*delta[0]-0.000083*delta[1]-0.000004*delta[2],-0.096247-0.000257*delta[0]-0.000239*delta[1]-0.000058*delta[2],-0.042820-0.000107*delta[0]-0.000149*delta[1]+0.000051*delta[2],-0.007697-0.000026*delta[0]-0.000028*delta[1]-0.000006*delta[2],-0.015030-0.000036*delta[0]-0.000061*delta[1]-0.000001*delta[2],-0.185518-0.000472*delta[0]-0.000708*delta[1]-0.000240*delta[2],-0.018289-0.000036*delta[0]-0.000086*delta[1]-0.000015*delta[2],-0.101368-0.000226*delta[0]-0.000511*delta[1]-0.000012*delta[2],-0.009746-0.000023*delta[0]-0.000041*delta[1]+0.000003*delta[2],-0.009670-0.000018*delta[0]-0.000038*delta[1]-0.000011*delta[2],-0.009257-0.000025*delta[0]-0.000047*delta[1]-0.000002*delta[2],-0.008617-0.000019*delta[0]-0.000026*delta[1]+0.000002*delta[2],-0.007774-0.000014*delta[0]-0.000023*delta[1]-0.000004*delta[2],-0.152467-0.000407*delta[0]-0.000775*delta[1]+0.000095*delta[2],-0.086082-0.000119*delta[0]-0.000485*delta[1]-0.000133*delta[2],-0.046227-0.000178*delta[0]-0.000196*delta[1]-0.000016*delta[2],-0.014166-0.000046*delta[0]-0.000053*delta[1]-0.000004*delta[2],-0.012510-0.000038*delta[0]-0.000038*delta[1]-0.000007*delta[2],-0.010935-0.000029*delta[0]-0.000048*delta[1]+0.000001*delta[2],-0.046262-0.000084*delta[0]-0.000186*delta[1]-0.000028*delta[2],-0.036885-0.000036*delta[0]-0.000097*delta[1]-0.000070*delta[2],-0.026621-0.000053*delta[0]-0.000106*delta[1]-0.000009*delta[2]
-0.009792-0.000030*delta[0]-0.000041*delta[1]+0.000005*delta[2],-0.009121-0.000025*delta[0]-0.000030*delta[1]+0.000002*delta[2],-0.015974-0.000042*delta[0]-0.000077*delta[1]+0.000008*delta[2],-0.013936-0.000038*delta[0]-0.000069*delta[1]+0.000003*delta[2],-0.011625-0.000016*delta[0]-0.000047*delta[1]+0.000003*delta[2],-0.009582-0.000026*delta[0]-0.000044*delta[1]-0.000011*delta[2],-0.033508-0.000087*delta[0]-0.000158*delta[1]+0.000002*delta[2],-0.025887-0.000078*delta[0]-0.000106*delta[1]-0.000039*delta[2],-0.019181-0.000062*delta[0]-0.000085*delta[1]-0.000013*delta[2],-0.068034-0.000171*delta[0]-0.000301*delta[1]-0.000045*delta[2],-0.037187-0.000124*delta[0]-0.000123*delta[1]-0.000049*delta[2],-0.007809-0.000024*delta[0]-0.000033*delta[1]-0.000001*delta[2],-0.014753-0.000041*delta[0]-0.000074*delta[1]+0.000010*delta[2],-0.140519-0.000172*delta[0]-0.000571*delta[1]+0.000027*delta[2],-0.017603-0.000064*delta[0]-0.000079*delta[1]-0.000008*delta[2],-0.105653-0.000311*delta[0]-0.000420*delta[1]+0.000083*delta[2],-0.010271-0.000027*delta[0]-0.000039*delta[1]+0.000006*delta[2],-0.010199-0.000036*delta[0]-0.000044*delta[1]+0.000001*delta[2],-0.009689-0.000019*delta[0]-0.000039*delta[1]-0.000007*delta[2],-0.009004-0.000017*delta[0]-0.000040*delta[1]-0.000005*delta[2],-0.008022-0.000028*delta[0]-0.000030*delta[1]+0.000002*delta[2],-0.304670-0.001145*delta[0]-0.001285*delta[1]-0.000009*delta[2],-0.108902-0.000343*delta[0]-0.000462*delta[1]-0.000193*delta[2],-0.048736-0.000173*delta[0]-0.000234*delta[1]-0.000047*delta[2],-0.015910-0.000038*delta[0]-0.000090*delta[1]-0.000001*delta[2],-0.013680-0.000049*delta[0]-0.000053*delta[1]-0.000006*delta[2],-0.011741-0.000032*delta[0]-0.000050*delta[1]-0.000008*delta[2],-0.070331-0.000211*delta[0]-0.000250*delta[1]-0.000019*delta[2],-0.049639-0.000106*delta[0]-0.000206*delta[1]-0.000032*delta[2],-0.031957-0.000077*delta[0]-0.000120*delta[1]-0.000010*delta[2]
-0.010468-0.000006*delta[0]-0.000041*delta[1]-0.000002*delta[2],-0.010067-0.000031*delta[0]-0.000046*delta[1]+0.000001*delta[2],-0.019149-0.000036*delta[0]-0.000066*delta[1]+0.000004*delta[2],-0.016982-0.000029*delta[0]-0.000084*delta[1]+0.000004*delta[2],-0.014412-0.000034*delta[0]-0.000058*delta[1]+0.000000*delta[2],-0.011760-0.000031*delta[0]-0.000047*delta[1]+0.000009*delta[2],-0.050518-0.000098*delta[0]-0.000172*delta[1]-0.000025*delta[2],-0.038878-0.000036*delta[0]-0.000141*delta[1]+0.000035*delta[2],-0.027669-0.000069*delta[0]-0.000078*delta[1]+0.000010*delta[2],-0.176052-0.000344*delta[0]-0.000720*delta[1]-0.000098*delta[2],-0.067034-0.000189*delta[0]-0.000219*delta[1]-0.000024*delta[2],-0.008013-0.000019*delta[0]-0.000038*delta[1]+0.000011*delta[2],-0.014932-0.000018*delta[0]-0.000055*delta[1]+0.000003*delta[2],-0.214451-0.000391*delta[0]-0.000763*delta[1]-0.000222*delta[2],-0.024208-0.000059*delta[0]-0.000107*delta[1]-0.000021*delta[2],-0.244511-0.000662*delta[0]-0.001168*delta[1]-0.000126*delta[2],-0.009856-0.000017*delta[0]-0.000034*delta[1]+0.000007*delta[2],-0.009985-0.000026*delta[0]-0.000037*delta[1]+0.000008*delta[2],-0.009805-0.000021*delta[0]-0.000034*delta[1]+0.000003*delta[2],-0.009265-0.000014*delta[0]-0.000032*delta[1]+0.000007*delta[2],-0.008509-0.000016*delta[0]-0.000040*delta[1]-0.000005*delta[2],-0.197686-0.000509*delta[0]-0.000838*delta[1]+0.000062*delta[2],-0.135006-0.000287*delta[0]-0.000533*delta[1]+0.000030*delta[2],-0.068989-0.000135*delta[0]-0.000277*delta[1]+0.000006*delta[2],-0.014553-0.000041*delta[0]-0.000068*delta[1]+0.000014*delta[2],-0.013707-0.000035*delta[0]-0.000053*delta[1]-0.000009*delta[2],-0.012206-0.000030*delta[0]-0.000037*delta[1]+0.000010*delta[2],-0.051951-0.000079*delta[0]-0.000232*delta[1]+0.000020*delta[2],-0.045418-0.000108*delta[0]-0.000152*delta[1]+0.000006*delta[2],-0.033566-0.000058*delta[0]-0.000134*delta[1]+0.000019*delta[2]
-0.010167-0.000012*delta[0]-0.000033*delta[1]-0.000006*delta[2],-0.010825-0.000030*delta[0]-0.000052*delta[1]-0.000013*delta[2],-0.018938-0.000016*delta[0]-0.000087*delta[1]-0.000006*delta[2],-0.020524-0.000003*delta[0]-0.000091*delta[1]+0.000015*delta[2],-0.020392-0.000041*delta[0]-0.000080*delta[1]-0.000021*delta[2],-0.018614-0.000028*delta[0]-0.000087*delta[1]+0.000015*delta[2],-0.043613-0.000080*delta[0]-0.000166*delta[1]+0.000032*delta[2],-0.054093-0.000088*delta[0]-0.000238*delta[1]+0.000002*delta[2],-0.055141-0.000171*delta[0]-0.000252*delta[1]-0.000013*delta[2],-0.218864-0.000339*delta[0]-0.000845*delta[1]-0.000211*delta[2],-0.483521-0.000938*delta[0]-0.002056*delta[1]-0.000222*delta[2],-0.007920-0.000008*delta[0]-0.000021*delta[1]-0.000006*delta[2],-0.011154-0.000032*delta[0]-0.000041*delta[1]+0.000004*delta[2],-0.051773-0.000124*delta[0]-0.000238*delta[1]-0.000020*delta[2],-0.103988-0.000139*delta[0]-0.000482*delta[1]-0.000059*delta[2],-0.208114-0.000250*delta[0]-0.000800*delta[1]-0.000162*delta[2],-0.008137-0.000006*delta[0]-0.000027*delta[1]-0.000002*delta[2],-0.009052-0.000010*delta[0]-0.000032*delta[1]-0.000007*delta[2],-0.009808-0.000016*delta[0]-0.000040*delta[1]-0.000005*delta[2],-0.010364-0.000025*delta[0]-0.000053*delta[1]-0.000002*delta[2],-0.010354-0.000019*delta[0]-0.000042*delta[1]-0.000004*delta[2],-0.055831-0.000077*delta[0]-0.000249*delta[1]+0.000062*delta[2],-0.107670-0.000255*delta[0]-0.000506*delta[1]-0.000014*delta[2],-0.178239-0.000445*delta[0]-0.000752*delta[1]-0.000117*delta[2],-0.011765-0.000021*delta[0]-0.000043*delta[1]-0.000002*delta[2],-0.014669-0.000041*delta[0]-0.000052*delta[1]-0.000005*delta[2],-0.014859-0.000015*delta[0]-0.000047*delta[1]+0.000004*delta[2],-0.032733-0.000011*delta[0]-0.000160*delta[1]-0.000013*delta[2],-0.043558-0.000098*delta[0]-0.000203*delta[1]-0.000021*delta[2],-0.049652-0.000095*delta[0]-0.000189*delta[1]-0.000043*delta[2]
-0.010098-0.000010*delta[0]-0.000040*delta[1]+0.000003*delta[2],-0.009332-0.000009*delta[0]-0.000042*delta[1]-0.000007*delta[2],-0.014536-0.000018*delta[0]-0.000038*delta[1]+0.000003*delta[2],-0.012725-0.000012*delta[0]-0.000051*delta[1]-0.000007*delta[2],-0.010786-0.000030*delta[0]-0.000032*delta[1]-0.000002*delta[2],-0.008954-0.000009*delta[0]-0.000028*delta[1]-0.000003*delta[2],-0.024015-0.000064*delta[0]-0.000110*delta[1]+0.000001*delta[2],-0.019748-0.000024*delta[0]-0.000078*delta[1]-0.000015*delta[2],-0.015568-0.000027*delta[0]-0.000070*delta[1]-0.000017*delta[2],-0.037406-0.000060*delta[0]-0.000143*delta[1]+0.000022*delta[2],-0.025847-0.000072*delta[0]-0.000093*delta[1]-0.000016*delta[2],-0.008484-0.000016*delta[0]-0.000032*delta[1]+0.000003*delta[2],-0.015342-0.000042*delta[0]-0.000039*delta[1]-0.000013*delta[2],-0.076237-0.000085*delta[0]-0.000405*delta[1]-0.000032*delta[2],-0.016039-0.000017*delta[0]-0.000068*delta[1]-0.000015*delta[2],-0.056356-0.000149*delta[0]-0.000196*delta[1]-0.000035*delta[2],-0.012221-0.000022*delta[0]-0.000061*delta[1]+0.000000*delta[2],-0.012026-0.000015*delta[0]-0.000053*delta[1]+0.000002*delta[2],-0.011251-0.000025*delta[0]-0.000048*delta[1]-0.000003*delta[2],-0.010219-0.000022*delta[0]-0.000049*delta[1]+0.000004*delta[2],-0.008882-0.000021*delta[0]-0.000046*delta[1]-0.000000*delta[2],-0.340338-0.000462*delta[0]-0.001305*delta[1]+0.000127*delta[2],-0.101414-0.000122*delta[0]-0.000404*delta[1]+0.000009*delta[2],-0.043404-0.000126*delta[0]-0.000144*delta[1]-0.000018*delta[2],-0.021365-0.000035*delta[0]-0.000088*delta[1]+0.000010*delta[2],-0.017006-0.000020*delta[0]-0.000065*delta[1]-0.000026*delta[2],-0.013868-0.000017*delta[0]-0.000062*delta[1]-0.000012*delta[2],-0.174218-0.000610*delta[0]-0.000547*delta[1]-0.000092*delta[2],-0.079234-0.000241*delta[0]-0.000335*delta[1]-0.000034*delta[2],-0.039484-0.000072*delta[0]-0.000179*delta[1]-0.000017*delta[2]
-0.011775-0.000013*delta[0]-0.000051*delta[1]-0.000003*delta[2],-0.012697-0.000027*delta[0]-0.000055*delta[1]+0.000003*delta[2],-0.024596-0.000053*delta[0]-0.000102*delta[1]+0.000009*delta[2],-0.027521-0.000015*delta[0]-0.000135*delta[1]+0.000012*delta[2],-0.027724-0.000073*delta[0]-0.000120*delta[1]-0.000000*delta[2],-0.024604-0.000015*delta[0]-0.000115*delta[1]-0.000018*delta[2],-0.065148-0.000071*delta[0]-0.000319*delta[1]-0.000056*delta[2],-0.097250-0.000261*delta[0]-0.000329*delta[1]-0.000093*delta[2],-0.102630-0.000163*delta[0]-0.000437*delta[1]+0.000020*delta[2],-0.197591-0.000327*delta[0]-0.001103*delta[1]+0.000077*delta[2],-17.491922-0.024060*delta[0]-0.074232*delta[1]-0.007944*delta[2],-0.008784-0.000004*delta[0]-0.000043*delta[1]+0.000002*delta[2],-0.012589-0.000027*delta[0]-0.000040*delta[1]+0.000003*delta[2],-0.052237-0.000153*delta[0]-0.000197*delta[1]-0.000008*delta[2],-0.140292-0.000158*delta[0]-0.000689*delta[1]-0.000033*delta[2],-0.163872-0.000277*delta[0]-0.000717*delta[1]-0.000106*delta[2],-0.008613-0.000009*delta[0]-0.000034*delta[1]-0.000006*delta[2],-0.009751-0.000020*delta[0]-0.000033*delta[1]+0.000005*delta[2],-0.010646-0.000025*delta[0]-0.000040*delta[1]+0.000003*delta[2],-0.011279-0.000018*delta[0]-0.000050*delta[1]+0.000000*delta[2],-0.011372-0.000015*delta[0]-0.000051*delta[1]-0.000006*delta[2],-0.043674-0.000045*delta[0]-0.000222*delta[1]+0.000014*delta[2],-0.072722-0.000184*delta[0]-0.000343*delta[1]-0.000034*delta[2],-0.103906-0.000214*delta[0]-0.000635*delta[1]+0.000016*delta[2],-0.011912-0.000018*delta[0]-0.000049*delta[1]+0.000015*delta[2],-0.015020-0.000020*delta[0]-0.000073*delta[1]-0.000005*delta[2],-0.015620-0.000025*delta[0]-0.000066*delta[1]+0.000000*delta[2],-0.026970-0.000047*delta[0]-0.000095*delta[1]-0.000002*delta[2],-0.034597-0.000103*delta[0]-0.000129*delta[1]+0.000006*delta[2],-0.038892-0.000059*delta[0]-0.000136*delta[1]-0.000007*delta[2]
-0.011972-0.000028*delta[0]-0.000051*delta[1]-0.000016*delta[2],-0.010968-0.000018*delta[0]-0.000037*delta[1]-0.000005*delta[2],-0.018636-0.000026*delta[0]-0.000071*delta[1]+0.000001*delta[2],-0.015773-0.000020*delta[0]-0.000065*delta[1]-0.000011*delta[2],-0.012925-0.000030*delta[0]-0.000041*delta[1]-0.000005*delta[2],-0.010412-0.000029*delta[0]-0.000037*delta[1]+0.000004*delta[2],-0.034037-0.000082*delta[0]-0.000152*delta[1]-0.000010*delta[2],-0.026112-0.000064*delta[0]-0.000090*delta[1]+0.000006*delta[2],-0.019386-0.000059*delta[0]-0.000072*delta[1]+0.000007*delta[2],-0.051696-0.000100*delta[0]-0.000195*delta[1]+0.000029*delta[2],-0.032205-0.000095*delta[0]-0.000121*delta[1]-0.000015*delta[2],-0.009688-0.000031*delta[0]-0.000041*delta[1]+0.000007*delta[2],-0.019110-0.000059*delta[0]-0.000073*delta[1]+0.000005*delta[2],-0.150955-0.000477*delta[0]-0.000524*delta[1]-0.000009*delta[2],-0.017621-0.000031*delta[0]-0.000072*delta[1]+0.000004*delta[2],-0.073848-0.000231*delta[0]-0.000298*delta[1]+0.000013*delta[2],-0.013794-0.000013*delta[0]-0.000055*delta[1]-0.000008*delta[2],-0.013592-0.000013*delta[0]-0.000052*delta[1]+0.000008*delta[2],-0.012681-0.000039*delta[0]-0.000054*delta[1]-0.000009*delta[2],-0.011365-0.000024*delta[0]-0.000037*delta[1]+0.000003*delta[2],-0.009872-0.000039*delta[0]-0.000043*delta[1]+0.000004*delta[2],-0.648907-0.001591*delta[0]-0.002454*delta[1]+0.000112*delta[2],-0.099640-0.000362*delta[0]-0.000418*delta[1]-0.000059*delta[2],-0.037701-0.000085*delta[0]-0.000129*delta[1]+0.000011*delta[2],-0.023996-0.000041*delta[0]-0.000090*delta[1]+0.000024*delta[2],-0.018856-0.000047*delta[0]-0.000068*delta[1]+0.000012*delta[2],-0.015243-0.000046*delta[0]-0.000059*delta[1]-0.000001*delta[2],-0.170805-0.000394*delta[0]-0.000594*delta[1]+0.000014*delta[2],-0.081776-0.000184*delta[0]-0.000292*delta[1]+0.000105*delta[2],-0.041387-0.000046*delta[0]-0.000159*delta[1]-0.000027*delta[2]
-0.012394-0.000011*delta[0]-0.000057*delta[1]-0.000002*delta[2],-0.011685-0.000020*delta[0]-0.000051*delta[1]+0.000008*delta[2],-0.020138-0.000072*delta[0]-0.000080*delta[1]-0.000012*delta[2],-0.017657-0.000002*delta[0]-0.000062*delta[1]-0.000020*delta[2],-0.014647-0.000024*delta[0]-0.000060*delta[1]+0.000006*delta[2],-0.011892-0.000015*delta[0]-0.000049*delta[1]+0.000012*delta[2],-0.038424-0.000086*delta[0]-0.000115*delta[1]+0.000015*delta[2],-0.031184-0.000062*delta[0]-0.000142*delta[1]+0.000017*delta[2],-0.023397-0.000046*delta[0]-0.000095*delta[1]+0.000016*delta[2],-0.068011-0.000166*delta[0]-0.000307*delta[1]+0.000056*delta[2],-0.042700-0.000033*delta[0]-0.000194*delta[1]+0.000017*delta[2],-0.009976-0.000031*delta[0]-0.000035*delta[1]+0.000008*delta[2],-0.018501-0.000061*delta[0]-0.000096*delta[1]+0.000011*delta[2],-0.171055-0.000424*delta[0]-0.000746*delta[1]+0.000071*delta[2],-0.023068-0.000051*delta[0]-0.000090*delta[1]+0.000016*delta[2],-0.110756-0.000175*delta[0]-0.000402*delta[1]-0.000041*delta[2],-0.013595-0.000030*delta[0]-0.000039*delta[1]+0.000009*delta[2],-0.013815-0.000022*delta[0]-0.000058*delta[1]+0.000007*delta[2],-0.013378-0.000046*delta[0]-0.000070*delta[1]-0.000000*delta[2],-0.012352-0.000031*delta[0]-0.000053*delta[1]+0.000006*delta[2],-0.010810-0.000013*delta[0]-0.000041*delta[1]+0.000010*delta[2],-19.268696-0.034084*delta[0]-0.073042*delta[1]+0.012224*delta[2],-0.245533-0.000628*delta[0]-0.000932*delta[1]-0.000332*delta[2],-0.061067-0.000177*delta[0]-0.000303*delta[1]+0.000008*delta[2],-0.023963-0.000060*delta[0]-0.000106*delta[1]+0.000031*delta[2],-0.020988-0.000022*delta[0]-0.000100*delta[1]+0.000007*delta[2],-0.017296-0.000028*delta[0]-0.000069*delta[1]+0.000019*delta[2],-0.226214-0.000440*delta[0]-0.000909*delta[1]+0.000233*delta[2],-0.127000-0.000237*delta[0]-0.000697*delta[1]-0.000032*delta[2],-0.060516-0.000136*delta[0]-0.000239*delta[1]-0.000015*delta[2]
-0.011882-0.000023*delta[0]-0.000041*delta[1]-0.000013*delta[2],-0.012723-0.000022*delta[0]-0.000048*delta[1]+0.000002*delta[2],-0.019995-0.000043*delta[0]-0.000090*delta[1]+0.000010*delta[2],-0.021485-0.000008*delta[0]-0.000105*delta[1]-0.000011*delta[2],-0.021158-0.000037*delta[0]-0.000092*delta[1]+0.000003*delta[2],-0.019057-0.000019*delta[0]-0.000070*delta[1]-0.000010*delta[2],-0.035473-0.000003*delta[0]-0.000148*delta[1]-0.000007*delta[2],-0.041937-0.000083*delta[0]-0.000144*delta[1]+0.000005*delta[2],-0.041936-0.000050*delta[0]-0.000195*delta[1]+0.000034*delta[2],-0.083863-0.000042*delta[0]-0.000319*delta[1]-0.000042*delta[2],-0.101532-0.000116*delta[0]-0.000412*delta[1]-0.000137*delta[2],-0.009738-0.000029*delta[0]-0.000037*delta[1]-0.000004*delta[2],-0.012964-0.000032*delta[0]-0.000053*delta[1]-0.000006*delta[2],-0.052455-0.000166*delta[0]-0.000169*delta[1]-0.000012*delta[2],-0.094365-0.000252*delta[0]-0.000351*delta[1]+0.000039*delta[2],-0.133297-0.000311*delta[0]-0.000500*delta[1]+0.000016*delta[2],-0.010497-0.000021*delta[0]-0.000048*delta[1]+0.000000*delta[2],-0.012031-0.000016*delta[0]-0.000039*delta[1]-0.000000*delta[2],-0.013217-0.000016*delta[0]-0.000049*delta[1]+0.000004*delta[2],-0.014029-0.000024*delta[0]-0.000059*delta[1]+0.000003*delta[2],-0.013921-0.000017*delta[0]-0.000054*delta[1]+0.000004*delta[2],-0.052900-0.000123*delta[0]-0.000227*delta[1]+0.000029*delta[2],-0.212845-0.000304*delta[0]-0.001042*delta[1]-0.000160*delta[2],-15.175813-0.034172*delta[0]-0.053245*delta[1]-0.012184*delta[2],-0.017256+0.000001*delta[0]-0.000069*delta[1]-0.000010*delta[2],-0.023401-0.000046*delta[0]-0.000118*delta[1]+0.000009*delta[2],-0.023633-0.000040*delta[0]-0.000093*delta[1]+0.000017*delta[2],-0.068069-0.000205*delta[0]-0.000192*delta[1]-0.000030*delta[2],-0.134155-0.000182*delta[0]-0.000528*delta[1]+0.000042*delta[2],-0.197928-0.000190*delta[0]-0.000787*delta[1]-0.000002*delta[2]
-0.011541-0.000031*delta[0]-0.000045*delta[1]+0.000007*delta[2],-0.012700-0.000027*delta[0]-0.000047*delta[1]+0.000009*delta[2],-0.019028-0.000048*delta[0]-0.000074*delta[1]+0.000010*delta[2],-0.021637-0.000043*delta[0]-0.000129*delta[1]-0.000006*delta[2],-0.022349-0.000039*delta[0]-0.000102*delta[1]+0.000016*delta[2],-0.021251-0.000077*delta[0]-0.000078*delta[1]-0.000000*delta[2],-0.031188-0.000075*delta[0]-0.000132*delta[1]-0.000005*delta[2],-0.039632-0.000041*delta[0]-0.000178*delta[1]-0.000024*delta[2],-0.044154-0.000091*delta[0]-0.000113*delta[1]-0.000003*delta[2],-0.065253-0.000076*delta[0]-0.000249*delta[1]+0.000053*delta[2],-0.094549-0.000171*delta[0]-0.000452*delta[1]+0.000085*delta[2],-0.009458-0.000016*delta[0]-0.000032*delta[1]+0.000001*delta[2],-0.011725-0.000016*delta[0]-0.000057*delta[1]+0.000010*delta[2],-0.036998-0.000095*delta[0]-0.000168*delta[1]+0.000006*delta[2],-0.142856-0.000302*delta[0]-0.000525*delta[1]+0.000016*delta[2],-0.086792-0.000201*delta[0]-0.000253*delta[1]+0.000156*delta[2],-0.009779-0.000014*delta[0]-0.000042*delta[1]-0.000001*delta[2],-0.011414-0.000034*delta[0]-0.000052*delta[1]-0.000001*delta[2],-0.012874-0.000024*delta[0]-0.000051*delta[1]-0.000003*delta[2],-0.014198-0.000024*delta[0]-0.000055*delta[1]+0.000005*delta[2],-0.014534-0.000018*delta[0]-0.000044*delta[1]-0.000005*delta[2],-0.029809-0.000058*delta[0]-0.000124*delta[1]+0.000021*delta[2],-0.075938-0.000066*delta[0]-0.000318*delta[1]-0.000057*delta[2],-0.446923-0.000885*delta[0]-0.001982*delta[1]+0.000155*delta[2],-0.015510-0.000025*delta[0]-0.000057*delta[1]+0.000013*delta[2],-0.022629-0.000041*delta[0]-0.000097*delta[1]-0.000026*delta[2],-0.024343-0.000041*delta[0]-0.000108*delta[1]-0.000008*delta[2],-0.046429-0.000113*delta[0]-0.000170*delta[1]+0.000036*delta[2],-0.089872-0.000169*delta[0]-0.000337*delta[1]-0.000072*delta[2],-0.169421-0.000488*delta[0]-0.000662*delta[1]-0.000117*delta[2]
-0.011533-0.000021*delta[0]-0.000045*delta[1]+0.000005*delta[2],-0.012744-0.000010*delta[0]-0.000065*delta[1]-0.000013*delta[2],-0.019328-0.000036*delta[0]-0.000085*delta[1]+0.000015*delta[2],-0.021960-0.000030*delta[0]-0.000077*delta[1]-0.000008*delta[2],-0.022785-0.000031*delta[0]-0.000097*delta[1]+0.000021*delta[2],-0.021556-0.000019*delta[0]-0.000101*delta[1]-0.000000*delta[2],-0.031982-0.000096*delta[0]-0.000124*delta[1]-0.000042*delta[2],-0.041288-0.000084*delta[0]-0.000170*delta[1]+0.000012*delta[2],-0.046268-0.000108*delta[0]-0.000139*delta[1]-0.000082*delta[2],-0.068058-0.000143*delta[0]-0.000259*delta[1]+0.000016*delta[2],-0.100770-0.000208*delta[0]-0.000379*delta[1]-0.000090*delta[2],-0.009460-0.000012*delta[0]-0.000032*delta[1]-0.000009*delta[2],-0.011790-0.000019*delta[0]-0.000052*delta[1]-0.000014*delta[2],-0.037121-0.000032*delta[0]-0.000162*delta[1]+0.000015*delta[2],-0.153576-0.000327*delta[0]-0.000653*delta[1]+0.000062*delta[2],-0.088740-0.000152*delta[0]-0.000438*delta[1]+0.000031*delta[2],-0.009744-0.000030*delta[0]-0.000040*delta[1]-0.000001*delta[2],-0.011371-0.000020*delta[0]-0.000042*delta[1]+0.000007*delta[2],-0.012888-0.000028*delta[0]-0.000055*delta[1]-0.000006*delta[2],-0.014123-0.000015*delta[0]-0.000059*delta[1]-0.000014*delta[2],-0.014534-0.000040*delta[0]-0.000069*delta[1]+0.000010*delta[2],-0.029923-0.000085*delta[0]-0.000138*delta[1]+0.000008*delta[2],-0.071946-0.000056*delta[0]-0.000327*delta[1]+0.000015*delta[2],-0.423962-0.000891*delta[0]-0.001345*delta[1]+0.000224*delta[2],-0.015381-0.000021*delta[0]-0.000074*delta[1]-0.000009*delta[2],-0.022516-0.000068*delta[0]-0.000099*delta[1]-0.000006*delta[2],-0.024174-0.000048*delta[0]-0.000092*delta[1]+0.000005*delta[2],-0.045242-0.000090*delta[0]-0.000147*delta[1]+0.000018*delta[2],-0.086395-0.000082*delta[0]-0.000406*delta[1]-0.000015*delta[2],-0.157045-0.000277*delta[0]-0.000656*delta[1]-0.000038*delta[2]
-0.014354-0.000022*delta[0]-0.000047*delta[1]-0.000004*delta[2],-0.013615-0.000026*delta[0]-0.000060*delta[1]-0.000005*delta[2],-0.034654-0.000077*delta[0]-0.000148*delta[1]+0.000019*delta[2],-0.029289-0.000083*delta[0]-0.000114*delta[1]+0.000009*delta[2],-0.022504-0.000062*delta[0]-0.000108*delta[1]-0.000000*delta[2],-0.016712-0.000033*delta[0]-0.000070*delta[1]-0.000002*delta[2],-0.199007-0.000436*delta[0]-0.000660*delta[1]+0.000084*delta[2],-0.098911-0.000274*delta[0]-0.000471*delta[1]+0.000067*delta[2],-0.048829-0.000130*delta[0]-0.000154*delta[1]+0.000019*delta[2],-0.204032-0.000459*delta[0]-0.000827*delta[1]+0.000053*delta[2],-0.083657-0.000198*delta[0]-0.000345*delta[1]-0.000038*delta[2],-0.009872-0.000027*delta[0]-0.000036*delta[1]-0.000007*delta[2],-0.020444-0.000062*delta[0]-0.000100*delta[1]+0.000007*delta[2],-0.165606-0.000512*delta[0]-0.000516*delta[1]-0.000058*delta[2],-0.026702-0.000033*delta[0]-0.000096*delta[1]+0.000017*delta[2],-0.087993-0.000134*delta[0]-0.000392*delta[1]+0.000009*delta[2],-0.010721-0.000016*delta[0]-0.000037*delta[1]-0.000003*delta[2],-0.011100-0.000034*delta[0]-0.000041*delta[1]+0.000015*delta[2],-0.010938-0.000023*delta[0]-0.000046*delta[1]+0.000005*delta[2],-0.010482-0.000017*delta[0]-0.000042*delta[1]+0.000002*delta[2],-0.009570-0.000009*delta[0]-0.000035*delta[1]-0.000002*delta[2],-0.049597-0.000078*delta[0]-0.000220*delta[1]+0.000023*delta[2],-0.047637-0.000145*delta[0]-0.000177*delta[1]+0.000027*delta[2],-0.037364-0.000049*delta[0]-0.000156*delta[1]+0.000025*delta[2],-0.013768-0.000027*delta[0]-0.000060*delta[1]+0.000012*delta[2],-0.013471-0.000024*delta[0]-0.000060*delta[1]+0.000001*delta[2],-0.012233-0.000027*delta[0]-0.000062*delta[1]+0.000002*delta[2],-0.026002-0.000098*delta[0]-0.000099*delta[1]-0.000001*delta[2],-0.024766-0.000043*delta[0]-0.000110*delta[1]+0.000013*delta[2],-0.021368-0.000052*delta[0]-0.000069*delta[1]+0.000007*delta[2]
-0.014034-0.000037*delta[0]-0.000075*delta[1]+0.000002*delta[2],-0.012230-0.000027*delta[0]-0.000052*delta[1]-0.000005*delta[2],-0.023166-0.000061*delta[0]-0.000119*delta[1]-0.000019*delta[2],-0.018013-0.000052*delta[0]-0.000101*delta[1]-0.000017*delta[2],-0.013818-0.000038*delta[0]-0.000070*delta[1]+0.000001*delta[2],-0.010561-0.000014*delta[0]-0.000048*delta[1]-0.000002*delta[2],-0.044882-0.000056*delta[0]-0.000200*delta[1]+0.000010*delta[2],-0.029529-0.000012*delta[0]-0.000121*delta[1]+0.000012*delta[2],-0.019886-0.000046*delta[0]-0.000078*delta[1]-0.000012*delta[2],-0.050225-0.000087*delta[0]-0.000193*delta[1]-0.000029*delta[2],-0.028943-0.000082*delta[0]-0.000095*delta[1]+0.000001*delta[2],-0.010699-0.000006*delta[0]-0.000049*delta[1]-0.000008*delta[2],-0.025523-0.000047*delta[0]-0.000105*delta[1]-0.000003*delta[2],-0.260717-0.000212*delta[0]-0.000740*delta[1]-0.000009*delta[2],-0.013666-0.000025*delta[0]-0.000046*delta[1]-0.000024*delta[2],-0.056205-0.000116*delta[0]-0.000245*delta[1]-0.000015*delta[2],-0.015639-0.000026*delta[0]-0.000066*delta[1]-0.000004*delta[2],-0.014853-0.000017*delta[0]-0.000069*delta[1]-0.000015*delta[2],-0.013410-0.000031*delta[0]-0.000048*delta[1]-0.000000*delta[2],-0.011663-0.000010*delta[0]-0.000045*delta[1]+0.000001*delta[2],-0.009810-0.000015*delta[0]-0.000034*delta[1]-0.000005*delta[2],-0.187559-0.000355*delta[0]-0.000849*delta[1]-0.000109*delta[2],-0.071321-0.000224*delta[0]-0.000346*delta[1]-0.000051*delta[2],-0.034498-0.000040*delta[0]-0.000172*delta[1]-0.000032*delta[2],-0.025122-0.000027*delta[0]-0.000081*delta[1]-0.000007*delta[2],-0.018088-0.000013*delta[0]-0.000089*delta[1]+0.000026*delta[2],-0.014316-0.000040*delta[0]-0.000080*delta[1]+0.000003*delta[2],-0.083087-0.000171*delta[0]-0.000359*delta[1]-0.000018*delta[2],-0.048054-0.000055*delta[0]-0.000204*delta[1]-0.000058*delta[2],-0.028911-0.000057*delta[0]-0.000125*delta[1]-0.000014*delta[2]
-0.016907-0.000031*delta[0]-0.000070*delta[1]-0.000016*delta[2],-0.015734-0.000052*delta[0]-0.000056*delta[1]-0.000002*delta[2],-0.036896-0.000040*delta[0]-0.000142*delta[1]+0.000002*delta[2],-0.030003-0.000050*delta[0]-0.000119*delta[1]+0.000034*delta[2],-0.022602-0.000022*delta[0]-0.000060*delta[1]+0.000001*delta[2],-0.016676-0.000015*delta[0]-0.000056*delta[1]-0.000002*delta[2],-0.135594-0.000284*delta[0]-0.000505*delta[1]-0.000094*delta[2],-0.077531-0.000116*delta[0]-0.000310*delta[1]+0.000026*delta[2],-0.042464-0.000044*delta[0]-0.000152*delta[1]+0.000069*delta[2],-0.180923-0.000294*delta[0]-0.000608*delta[1]+0.000127*delta[2],-0.073439-0.000120*delta[0]-0.000215*delta[1]-0.000014*delta[2],-0.011941-0.000005*delta[0]-0.000048*delta[1]+0.000004*delta[2],-0.026132-0.000044*delta[0]-0.000099*delta[1]+0.000019*delta[2],-13.720928-0.021930*delta[0]-0.073060*delta[1]+0.000983*delta[2],-0.021339-0.000029*delta[0]-0.000061*delta[1]-0.000001*delta[2],-0.137969-0.000246*delta[0]-0.000528*delta[1]+0.000044*delta[2],-0.014679-0.000015*delta[0]-0.000068*delta[1]+0.000012*delta[2],-0.015182-0.000027*delta[0]-0.000046*delta[1]+0.000005*delta[2],-0.014695-0.000007*delta[0]-0.000066*delta[1]-0.000008*delta[2],-0.013704-0.000027*delta[0]-0.000053*delta[1]+0.000004*delta[2],-0.012002-0.000022*delta[0]-0.000046*delta[1]-0.000004*delta[2],-0.164892-0.000092*delta[0]-0.000575*delta[1]+0.000000*delta[2],-0.129253-0.000237*delta[0]-0.000389*delta[1]-0.000017*delta[2],-0.069704-0.000171*delta[0]-0.000251*delta[1]+0.000032*delta[2],-0.022259-0.000050*delta[0]-0.000078*delta[1]-0.000014*delta[2],-0.020454-0.000042*delta[0]-0.000071*delta[1]+0.000017*delta[2],-0.017372-0.000007*delta[0]-0.000065*delta[1]+0.000005*delta[2],-0.063065-0.000134*delta[0]-0.000215*delta[1]+0.000017*delta[2],-0.053870-0.000089*delta[0]-0.000180*delta[1]+0.000047*delta[2],-0.039091-0.000097*delta[0]-0.000160*delta[1]+0.000002*delta[2]
-0.017520-0.000039*delta[0]-0.000075*delta[1]-0.000011*delta[2],-0.016153-0.000015*delta[0]-0.000037*delta[1]+0.000001*delta[2],-0.038573-0.000065*delta[0]-0.000148*delta[1]-0.000010*delta[2],-0.031038-0.000075*delta[0]-0.000105*delta[1]-0.000023*delta[2],-0.023275-0.000057*delta[0]-0.000094*delta[1]-0.000018*delta[2],-0.016950-0.000032*delta[0]-0.000050*delta[1]-0.000003*delta[2],-0.142072-0.000367*delta[0]-0.000591*delta[1]-0.000082*delta[2],-0.079620-0.000149*delta[0]-0.000347*delta[1]+0.000021*delta[2],-0.043318-0.000082*delta[0]-0.000130*delta[1]-0.000039*delta[2],-0.171401-0.000425*delta[0]-0.000777*delta[1]+0.000055*delta[2],-0.072243-0.000097*delta[0]-0.000303*delta[1]-0.000043*delta[2],-0.012304-0.000030*delta[0]-0.000044*delta[1]-0.000003*delta[2],-0.027389-0.000057*delta[0]-0.000113*delta[1]-0.000017*delta[2],-13.267846-0.011715*delta[0]-0.062788*delta[1]-0.002543*delta[2],-0.021539-0.000031*delta[0]-0.000069*delta[1]-0.000007*delta[2],-0.129454-0.000200*delta[0]-0.000677*delta[1]-0.000073*delta[2],-0.015184-0.000055*delta[0]-0.000065*delta[1]-0.000007*delta[2],-0.015618-0.000039*delta[0]-0.000051*delta[1]+0.000011*delta[2],-0.015186-0.000025*delta[0]-0.000039*delta[1]-0.000009*delta[2],-0.014072-0.000034*delta[0]-0.000057*delta[1]-0.000003*delta[2],-0.012319-0.000020*delta[0]-0.000046*delta[1]+0.000005*delta[2],-0.159679-0.000294*delta[0]-0.000546*delta[1]+0.000009*delta[2],-0.126567-0.000255*delta[0]-0.000569*delta[1]-0.000009*delta[2],-0.068960-0.000090*delta[0]-0.000269*delta[1]-0.000003*delta[2],-0.022886-0.000020*delta[0]-0.000094*delta[1]+0.000010*delta[2],-0.021021-0.000046*delta[0]-0.000078*delta[1]+0.000005*delta[2],-0.017832-0.000028*delta[0]-0.000062*delta[1]+0.000020*delta[2],-0.063570-0.000126*delta[0]-0.000208*delta[1]-0.000072*delta[2],-0.054741-0.000111*delta[0]-0.000253*delta[1]-0.000012*delta[2],-0.039455-0.000109*delta[0]-0.000131*delta[1]-0.000024*delta[2]
-0.013524-0.000017*delta[0]-0.000058*delta[1]-0.000005*delta[2],-0.015815-0.000018*delta[0]-0.000058*delta[1]+0.000009*delta[2],-0.025311-0.000066*delta[0]-0.000102*delta[1]+0.000007*delta[2],-0.033069-0.000025*delta[0]-0.000151*delta[1]+0.000006*delta[2],-0.039616-0.000009*delta[0]-0.000162*delta[1]+0.000002*delta[2],-0.040600-0.000079*delta[0]-0.000148*delta[1]+0.000037*delta[2],-0.039061-0.000063*delta[0]-0.000169*delta[1]+0.000022*delta[2],-0.068746-0.000171*delta[0]-0.000283*delta[1]+0.000064*delta[2],-0.116179-0.000310*delta[0]-0.000564*delta[1]+0.000004*delta[2],-0.059998-0.000131*delta[0]-0.000242*delta[1]+0.000029*delta[2],-0.134809-0.000202*delta[0]-0.000383*delta[1]-0.000050*delta[2],-0.010484-0.000020*delta[0]-0.000040*delta[1]-0.000005*delta[2],-0.011959-0.000017*delta[0]-0.000055*delta[1]+0.000008*delta[2],-0.018539-0.000048*delta[0]-0.000083*delta[1]-0.000001*delta[2],-14.454270-0.047064*delta[0]-0.058072*delta[1]-0.000782*delta[2],-0.052260-0.000103*delta[0]-0.000261*delta[1]-0.000004*delta[2],-0.009340-0.000022*delta[0]-0.000045*delta[1]-0.000004*delta[2],-0.011278-0.000030*delta[0]-0.000038*delta[1]-0.000002*delta[2],-0.013251-0.000022*delta[0]-0.000051*delta[1]-0.000004*delta[2],-0.015445-0.000047*delta[0]-0.000054*delta[1]+0.000004*delta[2],-0.016767-0.000023*delta[0]-0.000051*delta[1]+0.000007*delta[2],-0.027344-0.000071*delta[0]-0.000139*delta[1]-0.000017*delta[2],-0.048931-0.000069*delta[0]-0.000188*delta[1]+0.000022*delta[2],-0.097793-0.000240*delta[0]-0.000388*delta[1]+0.000010*delta[2],-0.013150-0.000032*delta[0]-0.000052*delta[1]+0.000001*delta[2],-0.020610-0.000044*delta[0]-0.000089*delta[1]+0.000024*delta[2],-0.024104-0.000042*delta[0]-0.000087*delta[1]+0.000004*delta[2],-0.024770-0.000090*delta[0]-0.000108*delta[1]+0.000013*delta[2],-0.037272-0.000099*delta[0]-0.000144*delta[1]+0.000013*delta[2],-0.055224-0.000110*delta[0]-0.000226*delta[1]-0.000066*delta[2]
-0.013215-0.000039*delta[0]-0.000067*delta[1]+0.000005*delta[2],-0.013092-0.000016*delta[0]-0.000066*delta[1]+0.000001*delta[2],-0.018186-0.000047*delta[0]-0.000081*delta[1]-0.000013*delta[2],-0.017385-0.000025*delta[0]-0.000078*delta[1]-0.000011*delta[2],-0.015696-0.000018*delta[0]-0.000080*delta[1]-0.000011*delta[2],-0.013350-0.000024*delta[0]-0.000053*delta[1]+0.000003*delta[2],-0.024753-0.000004*delta[0]-0.000090*delta[1]-0.000011*delta[2],-0.024238-0.000056*delta[0]-0.000126*delta[1]-0.000013*delta[2],-0.021379-0.000030*delta[0]-0.000077*delta[1]-0.000017*delta[2],-0.035031-0.000079*delta[0]-0.000147*delta[1]+0.000004*delta[2],-0.031167-0.000053*delta[0]-0.000114*delta[1]+0.000011*delta[2],-0.011562-0.000018*delta[0]-0.000051*delta[1]-0.000001*delta[2],-0.016489-0.000009*delta[0]-0.000074*delta[1]-0.000011*delta[2],-0.050030-0.000088*delta[0]-0.000190*delta[1]-0.000004*delta[2],-0.028834-0.000057*delta[0]-0.000127*delta[1]-0.000017*delta[2],-0.048766-0.000087*delta[0]-0.000194*delta[1]-0.000048*delta[2],-0.015477-0.000028*delta[0]-0.000072*delta[1]-0.000027*delta[2],-0.017048-0.000027*delta[0]-0.000059*delta[1]-0.000013*delta[2],-0.017535-0.000045*delta[0]-0.000064*delta[1]-0.000018*delta[2],-0.016944-0.000045*delta[0]-0.000071*delta[1]-0.000000*delta[2],-0.015218-0.000032*delta[0]-0.000067*delta[1]-0.000008*delta[2],-0.139875-0.000244*delta[0]-0.000575*delta[1]-0.000060*delta[2],-0.180690-0.000483*delta[0]-0.000609*delta[1]-0.000089*delta[2],-0.123749-0.000296*delta[0]-0.000547*delta[1]-0.000011*delta[2],-0.032690-0.000011*delta[0]-0.000135*delta[1]-0.000026*delta[2],-0.035848-0.000051*delta[0]-0.000116*delta[1]-0.000004*delta[2],-0.029839-0.000008*delta[0]-0.000145*delta[1]-0.000017*delta[2],-0.685078-0.001505*delta[0]-0.003142*delta[1]-0.000204*delta[2],-3.827166-0.008890*delta[0]-0.013829*delta[1]-0.000780*delta[2],-0.253063-0.000392*delta[0]-0.001099*delta[1]+0.000049*delta[2]
-0.013884-0.000025*delta[0]-0.000053*delta[1]+0.000009*delta[2],-0.013251-0.000034*delta[0]-0.000049*delta[1]-0.000016*delta[2],-0.019108-0.000045*delta[0]-0.000081*delta[1]+0.000001*delta[2],-0.017503-0.000039*delta[0]-0.000069*delta[1]+0.000004*delta[2],-0.015071-0.000032*delta[0]-0.000065*delta[1]+0.000008*delta[2],-0.012476-0.000023*delta[0]-0.000040*delta[1]+0.000001*delta[2],-0.026409-0.000051*delta[0]-0.000101*delta[1]-0.000002*delta[2],-0.024171-0.000087*delta[0]-0.000076*delta[1]+0.000008*delta[2],-0.020276-0.000038*delta[0]-0.000076*delta[1]+0.000005*delta[2],-0.034900-0.000040*delta[0]-0.000062*delta[1]+0.000036*delta[2],-0.028824-0.000070*delta[0]-0.000105*delta[1]+0.000014*delta[2],-0.011999-0.000018*delta[0]-0.000046*delta[1]-0.000001*delta[2],-0.018863-0.000045*delta[0]-0.000072*delta[1]+0.000021*delta[2],-0.060814-0.000147*delta[0]-0.000219*delta[1]-0.000005*delta[2],-0.024081-0.000070*delta[0]-0.000091*delta[1]+0.000019*delta[2],-0.047906-0.000122*delta[0]-0.000155*delta[1]+0.000023*delta[2],-0.017257-0.000040*delta[0]-0.000053*delta[1]+0.000002*delta[2],-0.018285-0.000037*delta[0]-0.000071*delta[1]+0.000023*delta[2],-0.017991-0.000056*delta[0]-0.000058*delta[1]+0.000009*delta[2],-0.016695-0.000031*delta[0]-0.000053*delta[1]+0.000014*delta[2],-0.014427-0.000041*delta[0]-0.000049*delta[1]+0.000008*delta[2],-0.190224-0.000377*delta[0]-0.000712*delta[1]-0.000045*delta[2],-0.165439-0.000271*delta[0]-0.000712*delta[1]-0.000026*delta[2],-0.088828-0.000231*delta[0]-0.000363*delta[1]+0.000109*delta[2],-0.037746-0.000128*delta[0]-0.000159*delta[1]+0.000041*delta[2],-0.034745-0.000053*delta[0]-0.000124*delta[1]+0.000021*delta[2],-0.027061-0.000040*delta[0]-0.000063*delta[1]+0.000006*delta[2],-14.222192-0.039210*delta[0]-0.062305*delta[1]+0.012305*delta[2],-0.614339-0.001180*delta[0]-0.001903*delta[1]+0.000557*delta[2],-0.097359-0.000394*delta[0]-0.000456*delta[1]-0.000011*delta[2]
-0.014118-0.000036*delta[0]-0.000047*delta[1]+0.000010*delta[2],-0.013561-0.000035*delta[0]-0.000049*delta[1]-0.000002*delta[2],-0.019624-0.000051*delta[0]-0.000064*delta[1]+0.000010*delta[2],-0.017890-0.000042*delta[0]-0.000059*delta[1]-0.000013*delta[2],-0.015480-0.000035*delta[0]-0.000040*delta[1]+0.000000*delta[2],-0.012709-0.000014*delta[0]-0.000053*delta[1]+0.000016*delta[2],-0.027401-0.000059*delta[0]-0.000075*delta[1]+0.000001*delta[2],-0.025057-0.000057*delta[0]-0.000067*delta[1]-0.000009*delta[2],-0.020892-0.000051*delta[0]-0.000071*delta[1]+0.000010*delta[2],-0.036453-0.000029*delta[0]-0.000120*delta[1]+0.000029*delta[2],-0.029748-0.000037*delta[0]-0.000106*delta[1]+0.000001*delta[2],-0.012135-0.000042*delta[0]-0.000043*delta[1]+0.000011*delta[2],-0.019281-0.000052*delta[0]-0.000077*delta[1]+0.000013*delta[2],-0.064484-0.000098*delta[0]-0.000272*delta[1]+0.000023*delta[2],-0.024685-0.000049*delta[0]-0.000081*delta[1]-0.000008*delta[2],-0.049896-0.000069*delta[0]-0.000213*delta[1]+0.000007*delta[2],-0.017346-0.000048*delta[0]-0.000054*delta[1]-0.000005*delta[2],-0.018516-0.000043*delta[0]-0.000045*delta[1]+0.000018*delta[2],-0.018101-0.000036*delta[0]-0.000083*delta[1]+0.000012*delta[2],-0.016883-0.000047*delta[0]-0.000069*delta[1]+0.000013*delta[2],-0.014546-0.000027*delta[0]-0.000046*delta[1]-0.000000*delta[2],-0.205174-0.000264*delta[0]-0.000622*delta[1]-0.000004*delta[2],-0.179066-0.000501*delta[0]-0.000431*delta[1]+0.000027*delta[2],-0.093244-0.000295*delta[0]-0.000316*delta[1]+0.000034*delta[2],-0.037814-0.000002*delta[0]-0.000153*delta[1]-0.000017*delta[2],-0.034909-0.000068*delta[0]-0.000126*delta[1]+0.000041*delta[2],-0.027323-0.000044*delta[0]-0.000108*delta[1]+0.000004*delta[2],-34.728876-0.046119*delta[0]-0.131945*delta[1]-0.030918*delta[2],-0.600430-0.001054*delta[0]-0.002626*delta[1]-0.000078*delta[2],-0.098797-0.000208*delta[0]-0.000374*delta[1]-0.000113*delta[2]
-0.014383-0.000020*delta[0]-0.000063*delta[1]+0.000004*delta[2],-0.013818-0.000019*delta[0]-0.000043*delta[1]-0.000011*delta[2],-0.020059-0.000055*delta[0]-0.000082*delta[1]-0.000000*delta[2],-0.018172-0.000023*delta[0]-0.000064*delta[1]-0.000009*delta[2],-0.015607-0.000032*delta[0]-0.000043*delta[1]-0.000014*delta[2],-0.012801-0.000007*delta[0]-0.000048*delta[1]+0.000006*delta[2],-0.027554-0.000020*delta[0]-0.000085*delta[1]-0.000016*delta[2],-0.025121-0.000025*delta[0]-0.000091*delta[1]-0.000007*delta[2],-0.020982-0.000030*delta[0]-0.000094*delta[1]+0.000011*delta[2],-0.035903-0.000062*delta[0]-0.000162*delta[1]+0.000002*delta[2],-0.029444-0.000015*delta[0]-0.000120*delta[1]+0.000012*delta[2],-0.012393-0.000025*delta[0]-0.000045*delta[1]+0.000007*delta[2],-0.019758-0.000037*delta[0]-0.000078*delta[1]+0.000003*delta[2],-0.063831-0.000191*delta[0]-0.000293*delta[1]-0.000050*delta[2],-0.024574-0.000065*delta[0]-0.000117*delta[1]-0.000009*delta[2],-0.048297-0.000101*delta[0]-0.000173*delta[1]-0.000061*delta[2],-0.017839-0.000031*delta[0]-0.000073*delta[1]-0.000006*delta[2],-0.018926-0.000029*delta[0]-0.000097*delta[1]-0.000009*delta[2],-0.018662-0.000032*delta[0]-0.000080*delta[1]-0.000004*delta[2],-0.017281-0.000028*delta[0]-0.000092*delta[1]-0.000010*delta[2],-0.014908-0.000024*delta[0]-0.000053*delta[1]-0.000002*delta[2],-0.191805-0.000309*delta[0]-0.000751*delta[1]+0.000075*delta[2],-0.169409-0.000306*delta[0]-0.000831*delta[1]-0.000217*delta[2],-0.090309-0.000066*delta[0]-0.000390*delta[1]-0.000111*delta[2],-0.039467-0.000065*delta[0]-0.000166*delta[1]-0.000035*delta[2],-0.036401-0.000028*delta[0]-0.000135*delta[1]-0.000024*delta[2],-0.028046+0.000013*delta[0]-0.000100*delta[1]-0.000026*delta[2],-30.566213-0.096534*delta[0]-0.110684*delta[1]-0.026593*delta[2],-0.629617-0.001401*delta[0]-0.002130*delta[1]-0.000315*delta[2],-0.098452-0.000164*delta[0]-0.000361*delta[1]-0.000036*delta[2]
-0.013623-0.000041*delta[0]-0.000062*delta[1]+0.000001*delta[2],-0.013024-0.000021*delta[0]-0.000056*delta[1]-0.000003*delta[2],-0.017494-0.000040*delta[0]-0.000078*delta[1]+0.000004*delta[2],-0.016106-0.000044*delta[0]-0.000059*delta[1]-0.000010*delta[2],-0.013903-0.000019*delta[0]-0.000057*delta[1]-0.000004*delta[2],-0.011682-0.000025*delta[0]-0.000044*delta[1]-0.000011*delta[2],-0.022205-0.000057*delta[0]-0.000092*delta[1]+0.000001*delta[2],-0.020521-0.000023*delta[0]-0.000086*delta[1]-0.000012*delta[2],-0.017595-0.000015*delta[0]-0.000072*delta[1]+0.000001*delta[2],-0.027469-0.000039*delta[0]-0.000108*delta[1]-0.000010*delta[2],-0.023414-0.000073*delta[0]-0.000113*delta[1]-0.000028*delta[2],-0.012203-0.000030*delta[0]-0.000044*delta[1]+0.000004*delta[2],-0.018339-0.000034*delta[0]-0.000091*delta[1]-0.000008*delta[2],-0.045266-0.000021*delta[0]-0.000156*delta[1]-0.000046*delta[2],-0.021152-0.000038*delta[0]-0.000087*delta[1]-0.000037*delta[2],-0.036179-0.000103*delta[0]-0.000140*delta[1]+0.000012*delta[2],-0.018094-0.000028*delta[0]-0.000089*delta[1]-0.000018*delta[2],-0.019228-0.000033*delta[0]-0.000067*delta[1]+0.000002*delta[2],-0.018773-0.000023*delta[0]-0.000084*delta[1]-0.000013*delta[2],-0.017296-0.000026*delta[0]-0.000093*delta[1]+0.000003*delta[2],-0.014779-0.000029*delta[0]-0.000058*delta[1]-0.000008*delta[2],-0.113177-0.000189*delta[0]-0.000452*delta[1]-0.000097*delta[2],-0.101888-0.000076*delta[0]-0.000406*delta[1]+0.000047*delta[2],-0.066336-0.000083*delta[0]-0.000302*delta[1]-0.000043*delta[2],-0.042077-0.000077*delta[0]-0.000138*delta[1]-0.000022*delta[2],-0.037569-0.000066*delta[0]-0.000196*delta[1]-0.000010*delta[2],-0.028592-0.000041*delta[0]-0.000094*delta[1]-0.000010*delta[2],-1.309376-0.002788*delta[0]-0.006427*delta[1]-0.000131*delta[2],-0.466909-0.000563*delta[0]-0.002316*delta[1]-0.000159*delta[2],-0.108484-0.000214*delta[0]-0.000376*delta[1]-0.000050*delta[2]
-0.020465-0.000040*delta[0]-0.000097*delta[1]+0.000000*delta[2],-0.022201-0.000045*delta[0]-0.000082*delta[1]-0.000009*delta[2],-0.063494-0.000078*delta[0]-0.000234*delta[1]-0.000021*delta[2],-0.073587-0.000210*delta[0]-0.000347*delta[1]-0.000047*delta[2],-0.063389-0.000148*delta[0]-0.000243*delta[1]+0.000021*delta[2],-0.044295-0.000097*delta[0]-0.000162*delta[1]+0.000011*delta[2],-0.270177-0.000497*delta[0]-0.000883*delta[1]-0.000079*delta[2],-2.040236-0.003584*delta[0]-0.007851*delta[1]-0.002210*delta[2],-0.570080-0.000243*delta[0]-0.002449*delta[1]-0.000445*delta[2],-0.137947-0.000262*delta[0]-0.000654*delta[1]-0.000110*delta[2],-0.173160-0.000436*delta[0]-0.000809*delta[1]+0.000046*delta[2],-0.013481-0.000023*delta[0]-0.000071*delta[1]+0.000006*delta[2],-0.021060-0.000063*delta[0]-0.000051*delta[1]+0.000009*delta[2],-0.066275-0.000073*delta[0]-0.000274*delta[1]-0.000013*delta[2],-0.085021-0.000187*delta[0]-0.000347*delta[1]-0.000050*delta[2],-0.063856-0.000197*delta[0]-0.000244*delta[1]-0.000038*delta[2],-0.012165-0.000037*delta[0]-0.000051*delta[1]-0.000000*delta[2],-0.013959-0.000016*delta[0]-0.000047*delta[1]-0.000019*delta[2],-0.015513-0.000035*delta[0]-0.000070*delta[1]-0.000012*delta[2],-0.016296-0.000030*delta[0]-0.000079*delta[1]+0.000011*delta[2],-0.015867-0.000023*delta[0]-0.000065*delta[1]-0.000021*delta[2],-0.035934-0.000111*delta[0]-0.000133*delta[1]-0.000005*delta[2],-0.048169-0.000110*delta[0]-0.000219*delta[1]+0.000001*delta[2],-0.053417-0.000137*delta[0]-0.000227*delta[1]-0.000083*delta[2],-0.015829-0.000049*delta[0]-0.000061*delta[1]+0.000004*delta[2],-0.020102-0.000044*delta[0]-0.000098*delta[1]-0.000011*delta[2],-0.020235-0.000064*delta[0]-0.000071*delta[1]+0.000018*delta[2],-0.025162-0.000059*delta[0]-0.000107*delta[1]+0.000005*delta[2],-0.029605-0.000053*delta[0]-0.000108*delta[1]-0.000026*delta[2],-0.030994-0.000099*delta[0]-0.000119*delta[1]-0.000022*delta[2]
-0.020440-0.000028*delta[0]-0.000083*delta[1]-0.000003*delta[2],-0.017147-0.000032*delta[0]-0.000097*delta[1]+0.000008*delta[2],-0.049018-0.000049*delta[0]-0.000200*delta[1]+0.000015*delta[2],-0.031271-0.000092*delta[0]-0.000106*delta[1]-0.000025*delta[2],-0.020600-0.000043*delta[0]-0.000101*delta[1]+0.000000*delta[2],-0.014100-0.000025*delta[0]-0.000050*delta[1]+0.000008*delta[2],-0.095087-0.000137*delta[0]-0.000435*delta[1]+0.000019*delta[2],-0.037266-0.000030*delta[0]-0.000122*delta[1]-0.000004*delta[2],-0.021589-0.000033*delta[0]-0.000111*delta[1]-0.000006*delta[2],-0.051501-0.000071*delta[0]-0.000219*delta[1]+0.000025*delta[2],-0.031746-0.000052*delta[0]-0.000134*delta[1]-0.000000*delta[2],-0.013187-0.000039*delta[0]-0.000057*delta[1]+0.000003*delta[2],-0.039944-0.000087*delta[0]-0.000169*delta[1]-0.000019*delta[2],-0.127292-0.000234*delta[0]-0.000556*delta[1]+0.000026*delta[2],-0.015978-0.000022*delta[0]-0.000062*delta[1]+0.000023*delta[2],-0.035980-0.000075*delta[0]-0.000154*delta[1]+0.000011*delta[2],-0.015810-0.000002*delta[0]-0.000054*delta[1]+0.000003*delta[2],-0.015329-0.000011*delta[0]-0.000071*delta[1]+0.000005*delta[2],-0.014010-0.000023*delta[0]-0.000064*delta[1]+0.000007*delta[2],-0.012298-0.000018*delta[0]-0.000055*delta[1]+0.000016*delta[2],-0.010412-0.000005*delta[0]-0.000048*delta[1]+0.000000*delta[2],-0.038606-0.000070*delta[0]-0.000150*delta[1]+0.000044*delta[2],-0.031535-0.000075*delta[0]-0.000137*delta[1]+0.000002*delta[2],-0.023478-0.000025*delta[0]-0.000103*delta[1]+0.000014*delta[2],-0.018909-0.000029*delta[0]-0.000080*delta[1]+0.000003*delta[2],-0.015343-0.000006*delta[0]-0.000075*delta[1]-0.000002*delta[2],-0.012925-0.000013*delta[0]-0.000057*delta[1]-0.000005*delta[2],-0.025296-0.000037*delta[0]-0.000110*delta[1]+0.000015*delta[2],-0.021538-0.000015*delta[0]-0.000103*delta[1]+0.000018*delta[2],-0.017241-0.000021*delta[0]-0.000065*delta[1]-0.000002*delta[2]
-0.019292-0.000032*delta[0]-0.000059*delta[1]+0.000003*delta[2],-0.021365-0.000034*delta[0]-0.000068*delta[1]-0.000014*delta[2],-0.032679-0.000049*delta[0]-0.000105*delta[1]-0.000041*delta[2],-0.037021-0.000104*delta[0]-0.000103*delta[1]-0.000029*delta[2],-0.036190-0.000062*delta[0]-0.000124*delta[1]+0.000007*delta[2],-0.030625-0.000078*delta[0]-0.000111*delta[1]-0.000013*delta[2],-0.044560-0.000102*delta[0]-0.000163*delta[1]+0.000005*delta[2],-0.055932-0.000171*delta[0]-0.000228*delta[1]-0.000014*delta[2],-0.057792-0.000192*delta[0]-0.000212*delta[1]+0.000011*delta[2],-0.054279-0.000102*delta[0]-0.000239*delta[1]+0.000017*delta[2],-0.063169-0.000117*delta[0]-0.000229*delta[1]-0.000026*delta[2],-0.015388-0.000039*delta[0]-0.000047*delta[1]+0.000007*delta[2],-0.018921-0.000039*delta[0]-0.000052*delta[1]-0.000005*delta[2],-0.049116-0.000105*delta[0]-0.000214*delta[1]-0.000038*delta[2],-0.099333-0.000171*delta[0]-0.000390*delta[1]-0.000101*delta[2],-0.056964-0.000070*delta[0]-0.000228*delta[1]-0.000037*delta[2],-0.015901-0.000044*delta[0]-0.000043*delta[1]-0.000001*delta[2],-0.019586-0.000046*delta[0]-0.000058*delta[1]-0.000009*delta[2],-0.022929-0.000027*delta[0]-0.000077*delta[1]-0.000001*delta[2],-0.025372-0.000044*delta[0]-0.000113*delta[1]-0.000014*delta[2],-0.024903-0.000046*delta[0]-0.000068*delta[1]+0.000010*delta[2],-0.060124-0.000191*delta[0]-0.000230*delta[1]+0.000048*delta[2],-0.124782-0.000217*delta[0]-0.000488*delta[1]-0.000033*delta[2],-0.219380-0.000424*delta[0]-0.000884*delta[1]+0.000115*delta[2],-0.027991-0.000059*delta[0]-0.000099*delta[1]-0.000003*delta[2],-0.048913-0.000165*delta[0]-0.000191*delta[1]-0.000017*delta[2],-0.051000-0.000137*delta[0]-0.000247*delta[1]-0.000026*delta[2],-0.070311-0.000157*delta[0]-0.000321*delta[1]-0.000025*delta[2],-0.152900-0.000072*delta[0]-0.000479*delta[1]-0.000106*delta[2],-0.275424-0.000686*delta[0]-0.001229*delta[1]-0.000399*delta[2]
-0.023329-0.000049*delta[0]-0.000086*delta[1]+0.000001*delta[2],-0.025480-0.000026*delta[0]-0.000090*delta[1]+0.000017*delta[2],-0.080399-0.000160*delta[0]-0.000276*delta[1]-0.000023*delta[2],-0.097509-0.000125*delta[0]-0.000382*delta[1]-0.000011*delta[2],-0.080569-0.000150*delta[0]-0.000317*delta[1]-0.000072*delta[2],-0.052033-0.000071*delta[0]-0.000226*delta[1]-0.000032*delta[2],-0.205509-0.000507*delta[0]-0.000808*delta[1]+0.000072*delta[2],-16.853536-0.027548*delta[0]-0.051190*delta[1]-0.007025*delta[2],-0.664216-0.002039*delta[0]-0.002960*delta[1]-0.000356*delta[2],-0.100276-0.000350*delta[0]-0.000501*delta[1]-0.000115*delta[2],-0.119474-0.000119*delta[0]-0.000456*delta[1]-0.000151*delta[2],-0.014846-0.000024*delta[0]-0.000070*delta[1]-0.000012*delta[2],-0.022945-0.000066*delta[0]-0.000056*delta[1]-0.000028*delta[2],-0.060041-0.000126*delta[0]-0.000270*delta[1]-0.000021*delta[2],-0.077117+0.000008*delta[0]-0.000340*delta[1]-0.000106*delta[2],-0.051571-0.000102*delta[0]-0.000234*delta[1]-0.000025*delta[2],-0.012986-0.000027*delta[0]-0.000053*delta[1]-0.000009*delta[2],-0.015098-0.000015*delta[0]-0.000055*delta[1]+0.000011*delta[2],-0.016841-0.000056*delta[0]-0.000082*delta[1]+0.000005*delta[2],-0.017770-0.000034*delta[0]-0.000068*delta[1]-0.000014*delta[2],-0.017325-0.000032*delta[0]-0.000061*delta[1]+0.000005*delta[2],-0.032407-0.000026*delta[0]-0.000110*delta[1]+0.000014*delta[2],-0.042188-0.000086*delta[0]-0.000165*delta[1]-0.000029*delta[2],-0.046838-0.000146*delta[0]-0.000200*delta[1]+0.000018*delta[2],-0.016496-0.000024*delta[0]-0.000064*delta[1]-0.000009*delta[2],-0.021333-0.000016*delta[0]-0.000075*delta[1]-0.000011*delta[2],-0.021494+0.000001*delta[0]-0.000087*delta[1]-0.000034*delta[2],-0.023961-0.000065*delta[0]-0.000087*delta[1]-0.000026*delta[2],-0.027909-0.000062*delta[0]-0.000108*delta[1]-0.000029*delta[2],-0.029430-0.000026*delta[0]-0.000088*delta[1]-0.000013*delta[2]
-0.023174-0.000043*delta[0]-0.000111*delta[1]+0.000014*delta[2],-0.025222-0.000030*delta[0]-0.000100*delta[1]-0.000016*delta[2],-0.080057-0.000219*delta[0]-0.000314*delta[1]-0.000023*delta[2],-0.097079-0.000114*delta[0]-0.000449*delta[1]+0.000068*delta[2],-0.080441-0.000128*delta[0]-0.000353*delta[1]+0.000080*delta[2],-0.052111-0.000070*delta[0]-0.000261*delta[1]+0.000069*delta[2],-0.200485-0.000614*delta[0]-0.000863*delta[1]-0.000012*delta[2],-19.221361-0.029447*delta[0]-0.080576*delta[1]+0.030524*delta[2],-0.666797-0.000749*delta[0]-0.002963*delta[1]+0.000186*delta[2],-0.096815-0.000136*delta[0]-0.000306*delta[1]+0.000027*delta[2],-0.116047-0.000303*delta[0]-0.000484*delta[1]-0.000018*delta[2],-0.014693-0.000023*delta[0]-0.000068*delta[1]+0.000014*delta[2],-0.022732-0.000031*delta[0]-0.000101*delta[1]-0.000012*delta[2],-0.058128-0.000188*delta[0]-0.000191*delta[1]-0.000011*delta[2],-0.074857-0.000145*delta[0]-0.000384*delta[1]-0.000113*delta[2],-0.049947-0.000109*delta[0]-0.000221*delta[1]+0.000017*delta[2],-0.012809-0.000023*delta[0]-0.000052*delta[1]+0.000009*delta[2],-0.014925-0.000041*delta[0]-0.000062*delta[1]+0.000002*delta[2],-0.016474-0.000036*delta[0]-0.000082*delta[1]-0.000006*delta[2],-0.017445-0.000027*delta[0]-0.000084*delta[1]+0.000008*delta[2],-0.016958-0.000022*delta[0]-0.000047*delta[1]+0.000006*delta[2],-0.031147-0.000034*delta[0]-0.000142*delta[1]+0.000031*delta[2],-0.040418-0.000089*delta[0]-0.000149*delta[1]+0.000013*delta[2],-0.044486-0.000105*delta[0]-0.000206*delta[1]+0.000009*delta[2],-0.016127-0.000042*delta[0]-0.000046*delta[1]-0.000004*delta[2],-0.020836-0.000061*delta[0]-0.000114*delta[1]-0.000011*delta[2],-0.020929-0.000032*delta[0]-0.000071*delta[1]+0.000002*delta[2],-0.023260-0.000036*delta[0]-0.000079*delta[1]+0.000009*delta[2],-0.026845-0.000053*delta[0]-0.000093*delta[1]-0.000016*delta[2],-0.028229-0.000048*delta[0]-0.000118*delta[1]-0.000008*delta[2]
-0.024144-0.000064*delta[0]-0.000101*delta[1]+0.000020*delta[2],-0.026409-0.000032*delta[0]-0.000104*delta[1]-0.000024*delta[2],-0.085647-0.000152*delta[0]-0.000332*delta[1]-0.000030*delta[2],-0.105359-0.000265*delta[0]-0.000415*delta[1]-0.000019*delta[2],-0.085318-0.000106*delta[0]-0.000386*delta[1]+0.000027*delta[2],-0.054402-0.000113*delta[0]-0.000215*delta[1]+0.000021*delta[2],-0.179004-0.000322*delta[0]-0.000814*delta[1]+0.000083*delta[2],-24.879009-0.049079*delta[0]-0.101963*delta[1]-0.012836*delta[2],-0.649633-0.000527*delta[0]-0.003243*delta[1]-0.000294*delta[2],-0.094207-0.000276*delta[0]-0.000366*delta[1]+0.000026*delta[2],-0.111353-0.000254*delta[0]-0.000452*delta[1]+0.000172*delta[2],-0.015245-0.000012*delta[0]-0.000060*delta[1]+0.000012*delta[2],-0.023642-0.000031*delta[0]-0.000112*delta[1]-0.000001*delta[2],-0.058442-0.000051*delta[0]-0.000212*delta[1]-0.000050*delta[2],-0.075685-0.000141*delta[0]-0.000258*delta[1]+0.000061*delta[2],-0.049270-0.000115*delta[0]-0.000234*delta[1]-0.000012*delta[2],-0.013208-0.000013*delta[0]-0.000044*delta[1]-0.000004*delta[2],-0.015544-0.000016*delta[0]-0.000053*delta[1]+0.000005*delta[2],-0.017229-0.000041*delta[0]-0.000054*delta[1]+0.000003*delta[2],-0.018250-0.000022*delta[0]-0.000082*delta[1]-0.000004*delta[2],-0.017837-0.000030*delta[0]-0.000070*delta[1]+0.000005*delta[2],-0.031880-0.000059*delta[0]-0.000120*delta[1]-0.000017*delta[2],-0.041420-0.000103*delta[0]-0.000167*delta[1]+0.000044*delta[2],-0.045636-0.000124*delta[0]-0.000187*delta[1]+0.000023*delta[2],-0.016784-0.000024*delta[0]-0.000064*delta[1]+0.000013*delta[2],-0.021808-0.000032*delta[0]-0.000113*delta[1]+0.000002*delta[2],-0.021963-0.000035*delta[0]-0.000073*delta[1]+0.000002*delta[2],-0.023944-0.000041*delta[0]-0.000103*delta[1]+0.000006*delta[2],-0.027769-0.000051*delta[0]-0.000108*delta[1]+0.000010*delta[2],-0.029248-0.000086*delta[0]-0.000115*delta[1]+0.000001*delta[2]
-0.022263+0.000000*delta[0]-0.000080*delta[1]-0.000006*delta[2],-0.026124-0.000048*delta[0]-0.000065*delta[1]+0.000002*delta[2],-0.069109-0.000206*delta[0]-0.000251*delta[1]-0.000043*delta[2],-0.103326-0.000109*delta[0]-0.000437*delta[1]+0.000053*delta[2],-0.109146-0.000322*delta[0]-0.000523*delta[1]-0.000035*delta[2],-0.076133-0.000151*delta[0]-0.000253*delta[1]-0.000032*delta[2],-0.083658-0.000234*delta[0]-0.000361*delta[1]+0.000011*delta[2],-0.533058-0.001069*delta[0]-0.002185*delta[1]+0.000076*delta[2],-14.200983-0.012056*delta[0]-0.048582*delta[1]-0.018441*delta[2],-0.068879-0.000082*delta[0]-0.000295*delta[1]+0.000019*delta[2],-0.098451-0.000123*delta[0]-0.000396*delta[1]-0.000034*delta[2],-0.014492-0.000019*delta[0]-0.000057*delta[1]+0.000003*delta[2],-0.019539-0.000034*delta[0]-0.000085*delta[1]-0.000003*delta[2],-0.039834-0.000083*delta[0]-0.000160*delta[1]-0.000025*delta[2],-0.100124-0.000184*delta[0]-0.000544*delta[1]-0.000006*delta[2],-0.040306-0.000094*delta[0]-0.000178*delta[1]-0.000009*delta[2],-0.011966-0.000023*delta[0]-0.000054*delta[1]+0.000003*delta[2],-0.014230-0.000023*delta[0]-0.000061*delta[1]+0.000001*delta[2],-0.016380-0.000020*delta[0]-0.000068*delta[1]-0.000005*delta[2],-0.018118-0.000027*delta[0]-0.000076*delta[1]-0.000004*delta[2],-0.018520-0.000020*delta[0]-0.000079*delta[1]-0.000006*delta[2],-0.025359-0.000029*delta[0]-0.000083*delta[1]-0.000022*delta[2],-0.034027-0.000050*delta[0]-0.000138*delta[1]-0.000014*delta[2],-0.040749-0.000075*delta[0]-0.000147*delta[1]-0.000054*delta[2],-0.014777-0.000032*delta[0]-0.000067*delta[1]-0.000004*delta[2],-0.020571-0.000045*delta[0]-0.000088*delta[1]-0.000003*delta[2],-0.021937-0.000020*delta[0]-0.000087*delta[1]-0.000001*delta[2],-0.020143-0.000042*delta[0]-0.000081*delta[1]-0.000031*delta[2],-0.024434-0.000033*delta[0]-0.000099*delta[1]-0.000017*delta[2],-0.027353-0.000084*delta[0]-0.000116*delta[1]+0.000016*delta[2]
-0.035848-0.000045*delta[0]-0.000149*delta[1]-0.000007*delta[2],-0.031409-0.000031*delta[0]-0.000161*delta[1]-0.000029*delta[2],-0.172695-0.000217*delta[0]-0.000879*delta[1]-0.000072*delta[2],-0.086352-0.000285*delta[0]-0.000383*delta[1]-0.000050*delta[2],-0.043865-0.000072*delta[0]-0.000193*delta[1]-0.000029*delta[2],-0.025181-0.000056*delta[0]-0.000118*delta[1]+0.000022*delta[2],-0.520407-0.000970*delta[0]-0.002261*delta[1]-0.000083*delta[2],-0.148676-0.000309*delta[0]-0.000572*delta[1]+0.000068*delta[2],-0.056731-0.000103*delta[0]-0.000251*delta[1]-0.000052*delta[2],-0.053292-0.000104*delta[0]-0.000217*delta[1]-0.000043*delta[2],-0.040683-0.000043*delta[0]-0.000166*delta[1]-0.000014*delta[2],-0.019852-0.000051*delta[0]-0.000098*delta[1]-0.000003*delta[2],-0.056121-0.000096*delta[0]-0.000202*delta[1]-0.000051*delta[2],-0.088222-0.000266*delta[0]-0.000426*delta[1]-0.000062*delta[2],-0.025330-0.000072*delta[0]-0.000137*delta[1]-0.000024*delta[2],-0.034043-0.000106*delta[0]-0.000142*delta[1]+0.000002*delta[2],-0.020182-0.000051*delta[0]-0.000083*delta[1]-0.000004*delta[2],-0.021445-0.000032*delta[0]-0.000098*delta[1]-0.000004*delta[2],-0.020853-0.000020*delta[0]-0.000107*delta[1]+0.000012*delta[2],-0.019092-0.000049*delta[0]-0.000095*delta[1]-0.000004*delta[2],-0.016258-0.000037*delta[0]-0.000054*delta[1]+0.000001*delta[2],-0.033339-0.000070*delta[0]-0.000148*delta[1]-0.000017*delta[2],-0.033230-0.000084*delta[0]-0.000123*delta[1]-0.000019*delta[2],-0.028109-0.000078*delta[0]-0.000120*delta[1]+0.000012*delta[2],-0.023581-0.000069*delta[0]-0.000108*delta[1]+0.000011*delta[2],-0.022629-0.000019*delta[0]-0.000122*delta[1]+0.000013*delta[2],-0.019524-0.000044*delta[0]-0.000084*delta[1]-0.000005*delta[2],-0.025793-0.000083*delta[0]-0.000130*delta[1]+0.000000*delta[2],-0.024586-0.000050*delta[0]-0.000121*delta[1]-0.000001*delta[2],-0.021472-0.000047*delta[0]-0.000091*delta[1]+0.000020*delta[2]
-0.018929-0.000012*delta[0]-0.000064*delta[1]-0.000010*delta[2],-0.017794-0.000029*delta[0]-0.000070*delta[1]-0.000003*delta[2],-0.021175-0.000047*delta[0]-0.000098*delta[1]+0.000010*delta[2],-0.019113-0.000025*delta[0]-0.000074*delta[1]+0.000004*delta[2],-0.016276-0.000035*delta[0]-0.000047*delta[1]+0.000003*delta[2],-0.013247-0.000011*delta[0]-0.000049*delta[1]-0.000005*delta[2],-0.021466-0.000052*delta[0]-0.000087*delta[1]+0.000000*delta[2],-0.020032-0.000030*delta[0]-0.000069*delta[1]-0.000002*delta[2],-0.017342-0.000028*delta[0]-0.000065*delta[1]-0.000007*delta[2],-0.021041-0.000062*delta[0]-0.000091*delta[1]+0.000008*delta[2],-0.018738-0.000022*delta[0]-0.000070*delta[1]+0.000003*delta[2],-0.017890-0.000050*delta[0]-0.000068*delta[1]-0.000007*delta[2],-0.024978-0.000045*delta[0]-0.000073*delta[1]-0.000011*delta[2],-0.035043-0.000057*delta[0]-0.000130*delta[1]-0.000017*delta[2],-0.019045-0.000040*delta[0]-0.000079*delta[1]-0.000018*delta[2],-0.024017-0.000040*delta[0]-0.000084*delta[1]+0.000010*delta[2],-0.029483-0.000051*delta[0]-0.000112*delta[1]-0.000009*delta[2],-0.032502-0.000029*delta[0]-0.000090*delta[1]+0.000015*delta[2],-0.031294-0.000032*delta[0]-0.000130*delta[1]+0.000025*delta[2],-0.027141-0.000043*delta[0]-0.000126*delta[1]+0.000008*delta[2],-0.021308-0.000017*delta[0]-0.000080*delta[1]+0.000001*delta[2],-0.054448-0.000133*delta[0]-0.000177*delta[1]+0.000016*delta[2],-0.052439-0.000023*delta[0]-0.000195*delta[1]-0.000043*delta[2],-0.041681-0.000090*delta[0]-0.000168*delta[1]+0.000044*delta[2],-0.097755-0.000231*delta[0]-0.000337*delta[1]+0.000061*delta[2],-0.076630-0.000082*delta[0]-0.000336*delta[1]-0.000009*delta[2],-0.046284-0.000048*delta[0]-0.000166*delta[1]+0.000011*delta[2],-0.191128-0.000210*delta[0]-0.000710*delta[1]+0.000007*delta[2],-0.152961-0.000464*delta[0]-0.000744*delta[1]-0.000130*delta[2],-0.082675-0.000172*delta[0]-0.000392*delta[1]+0.000029*delta[2]
-0.050471-0.000110*delta[0]-0.000173*delta[1]-0.000023*delta[2],-0.041799-0.000115*delta[0]-0.000162*delta[1]+0.000000*delta[2],-0.341757-0.000886*delta[0]-0.001221*delta[1]-0.000058*delta[2],-0.109215-0.000334*delta[0]-0.000428*delta[1]-0.000097*delta[2],-0.046415-0.000095*delta[0]-0.000163*delta[1]-0.000020*delta[2],-0.024855-0.000071*delta[0]-0.000104*delta[1]-0.000009*delta[2],-0.219632-0.000402*delta[0]-0.000721*delta[1]+0.000104*delta[2],-0.110631-0.000203*delta[0]-0.000320*delta[1]-0.000102*delta[2],-0.053649-0.000114*delta[0]-0.000162*delta[1]+0.000004*delta[2],-0.038842-0.000052*delta[0]-0.000195*delta[1]-0.000054*delta[2],-0.031850-0.000063*delta[0]-0.000107*delta[1]-0.000010*delta[2],-0.025219-0.000065*delta[0]-0.000108*delta[1]+0.000014*delta[2],-0.079870-0.000158*delta[0]-0.000398*delta[1]+0.000030*delta[2],-0.063219-0.000050*delta[0]-0.000276*delta[1]-0.000026*delta[2],-0.023193-0.000055*delta[0]-0.000078*delta[1]+0.000013*delta[2],-0.026801-0.000057*delta[0]-0.000115*delta[1]-0.000018*delta[2],-0.024679-0.000036*delta[0]-0.000096*delta[1]+0.000005*delta[2],-0.026622-0.000050*delta[0]-0.000094*delta[1]-0.000017*delta[2],-0.025900-0.000049*delta[0]-0.000098*delta[1]+0.000027*delta[2],-0.022935-0.000032*delta[0]-0.000091*delta[1]+0.000014*delta[2],-0.018914-0.000049*delta[0]-0.000066*delta[1]-0.000002*delta[2],-0.028335-0.000036*delta[0]-0.000096*delta[1]+0.000012*delta[2],-0.028127-0.000067*delta[0]-0.000134*delta[1]+0.000016*delta[2],-0.024468-0.000038*delta[0]-0.000127*delta[1]+0.000017*delta[2],-0.027252-0.000064*delta[0]-0.000080*delta[1]-0.000004*delta[2],-0.026069-0.000029*delta[0]-0.000114*delta[1]-0.000004*delta[2],-0.021958-0.000038*delta[0]-0.000096*delta[1]-0.000028*delta[2],-0.024083-0.000067*delta[0]-0.000099*delta[1]-0.000016*delta[2],-0.023030-0.000055*delta[0]-0.000094*delta[1]+0.000001*delta[2],-0.020447-0.000052*delta[0]-0.000072*delta[1]-0.000014*delta[2]
-0.033520-0.000071*delta[0]-0.000117*delta[1]+0.000009*delta[2],-0.030554-0.000035*delta[0]-0.000136*delta[1]+0.000009*delta[2],-0.037674-0.000070*delta[0]-0.000145*delta[1]+0.000001*delta[2],-0.032207-0.000066*delta[0]-0.000145*delta[1]-0.000022*delta[2],-0.025137-0.000051*delta[0]-0.000085*delta[1]+0.000004*delta[2],-0.018823-0.000046*delta[0]-0.000071*delta[1]+0.000007*delta[2],-0.031616-0.000034*delta[0]-0.000117*delta[1]+0.000001*delta[2],-0.028963-0.000086*delta[0]-0.000160*delta[1]-0.000001*delta[2],-0.024098-0.000032*delta[0]-0.000078*delta[1]-0.000008*delta[2],-0.024124-0.000076*delta[0]-0.000092*delta[1]+0.000008*delta[2],-0.021520-0.000030*delta[0]-0.000087*delta[1]+0.000018*delta[2],-0.028977-0.000091*delta[0]-0.000109*delta[1]+0.000030*delta[2],-0.044569-0.000122*delta[0]-0.000158*delta[1]-0.000029*delta[2],-0.042737-0.000102*delta[0]-0.000191*delta[1]+0.000030*delta[2],-0.022248-0.000054*delta[0]-0.000093*delta[1]+0.000027*delta[2],-0.024466-0.000045*delta[0]-0.000073*delta[1]-0.000005*delta[2],-0.047668-0.000136*delta[0]-0.000220*delta[1]+0.000051*delta[2],-0.057667-0.000030*delta[0]-0.000248*delta[1]-0.000019*delta[2],-0.055884-0.000085*delta[0]-0.000226*delta[1]+0.000032*delta[2],-0.044600-0.000008*delta[0]-0.000210*delta[1]+0.000025*delta[2],-0.031464-0.000079*delta[0]-0.000130*delta[1]-0.000009*delta[2],-0.046719-0.000162*delta[0]-0.000182*delta[1]-0.000045*delta[2],-0.046996-0.000092*delta[0]-0.000216*delta[1]-0.000033*delta[2],-0.039225-0.000104*delta[0]-0.000157*delta[1]-0.000021*delta[2],-0.187547-0.000478*delta[0]-0.000853*delta[1]+0.000101*delta[2],-0.152020-0.000398*delta[0]-0.000592*delta[1]-0.000018*delta[2],-0.069636-0.000077*delta[0]-0.000315*delta[1]+0.000036*delta[2],-0.095094-0.000159*delta[0]-0.000422*delta[1]-0.000015*delta[2],-0.088555-0.000136*delta[0]-0.000324*delta[1]-0.000026*delta[2],-0.062629-0.000066*delta[0]-0.000295*delta[1]+0.000038*delta[2]
-0.039652-0.000106*delta[0]-0.000124*delta[1]+0.000006*delta[2],-0.032424-0.000062*delta[0]-0.000094*delta[1]-0.000001*delta[2],-0.041911-0.000061*delta[0]-0.000134*delta[1]+0.000021*delta[2],-0.032360-0.000041*delta[0]-0.000115*delta[1]-0.000032*delta[2],-0.023666-0.000083*delta[0]-0.000084*delta[1]-0.000006*delta[2],-0.017017-0.000051*delta[0]-0.000057*delta[1]-0.000004*delta[2],-0.032651-0.000054*delta[0]-0.000137*delta[1]-0.000016*delta[2],-0.027907-0.000063*delta[0]-0.000089*delta[1]+0.000017*delta[2],-0.021883-0.000004*delta[0]-0.000097*delta[1]-0.000026*delta[2],-0.022258-0.000025*delta[0]-0.000077*delta[1]-0.000009*delta[2],-0.019088-0.000024*delta[0]-0.000068*delta[1]+0.000011*delta[2],-0.032691-0.000041*delta[0]-0.000107*delta[1]+0.000037*delta[2],-0.067340-0.000131*delta[0]-0.000248*delta[1]+0.000075*delta[2],-0.043452-0.000104*delta[0]-0.000181*delta[1]+0.000016*delta[2],-0.018284-0.000025*delta[0]-0.000076*delta[1]+0.000003*delta[2],-0.021806-0.000040*delta[0]-0.000086*delta[1]+0.000001*delta[2],-0.065845-0.000067*delta[0]-0.000257*delta[1]+0.000008*delta[2],-0.071933-0.000132*delta[0]-0.000195*delta[1]+0.000029*delta[2],-0.059169-0.000180*delta[0]-0.000233*delta[1]-0.000024*delta[2],-0.041710-0.000078*delta[0]-0.000150*delta[1]+0.000028*delta[2],-0.027748-0.000051*delta[0]-0.000130*delta[1]+0.000018*delta[2],-0.041474-0.000143*delta[0]-0.000191*delta[1]+0.000017*delta[2],-0.038105-0.000085*delta[0]-0.000139*delta[1]-0.000016*delta[2],-0.030299-0.000038*delta[0]-0.000130*delta[1]-0.000014*delta[2],-0.287603-0.000388*delta[0]-0.001073*delta[1]+0.000194*delta[2],-0.103379-0.000246*delta[0]-0.000382*delta[1]+0.000016*delta[2],-0.048491-0.000033*delta[0]-0.000153*delta[1]-0.000069*delta[2],-0.071990-0.000040*delta[0]-0.000268*delta[1]-0.000006*delta[2],-0.058359-0.000077*delta[0]-0.000226*delta[1]+0.000022*delta[2],-0.041312-0.000089*delta[0]-0.000127*delta[1]+0.000005*delta[2]
-0.064764-0.000098*delta[0]-0.000210*delta[1]+0.000061*delta[2],-0.070062-0.000202*delta[0]-0.000247*delta[1]-0.000039*delta[2],-1.523215-0.003516*delta[0]-0.004422*delta[1]+0.000672*delta[2],-1.053444-0.002629*delta[0]-0.003293*delta[1]+0.001091*delta[2],-0.147839-0.000432*delta[0]-0.000490*delta[1]-0.000065*delta[2],-0.050887-0.000136*delta[0]-0.000167*delta[1]+0.000005*delta[2],-0.124534-0.000210*delta[0]-0.000551*delta[1]+0.000077*delta[2],-0.141177-0.000259*delta[0]-0.000425*delta[1]+0.000035*delta[2],-0.097017-0.000249*delta[0]-0.000375*delta[1]-0.000043*delta[2],-0.032231-0.000031*delta[0]-0.000124*delta[1]-0.000000*delta[2],-0.032077-0.000101*delta[0]-0.000122*delta[1]-0.000003*delta[2],-0.030336-0.000077*delta[0]-0.000125*delta[1]-0.000011*delta[2],-0.048897-0.000155*delta[0]-0.000201*delta[1]+0.000001*delta[2],-0.036746-0.000067*delta[0]-0.000129*delta[1]-0.000006*delta[2],-0.031421-0.000108*delta[0]-0.000115*delta[1]-0.000015*delta[2],-0.022472-0.000059*delta[0]-0.000082*delta[1]-0.000003*delta[2],-0.022014-0.000072*delta[0]-0.000097*delta[1]-0.000004*delta[2],-0.026981-0.000045*delta[0]-0.000098*delta[1]-0.000004*delta[2],-0.030080-0.000043*delta[0]-0.000112*delta[1]-0.000024*delta[2],-0.030479-0.000053*delta[0]-0.000120*delta[1]+0.000038*delta[2],-0.027237-0.000084*delta[0]-0.000121*delta[1]+0.000021*delta[2],-0.021124-0.000062*delta[0]-0.000064*delta[1]-0.000007*delta[2],-0.023782-0.000029*delta[0]-0.000081*delta[1]-0.000002*delta[2],-0.023759-0.000067*delta[0]-0.000102*delta[1]-0.000004*delta[2],-0.023508-0.000075*delta[0]-0.000080*delta[1]+0.000021*delta[2],-0.029583-0.000030*delta[0]-0.000119*delta[1]+0.000008*delta[2],-0.028061-0.000048*delta[0]-0.000106*delta[1]+0.000007*delta[2],-0.019359-0.000031*delta[0]-0.000076*delta[1]-0.000012*delta[2],-0.020927-0.000044*delta[0]-0.000075*delta[1]+0.000018*delta[2],-0.020724-0.000057*delta[0]-0.000091*delta[1]+0.000010*delta[2]
-0.056379-0.000165*delta[0]-0.000234*delta[1]+0.000032*delta[2],-0.046315-0.000074*delta[0]-0.000172*delta[1]+0.000032*delta[2],-0.388555-0.000240*delta[0]-0.001332*delta[1]+0.000225*delta[2],-0.119562-0.000164*delta[0]-0.000365*delta[1]+0.000086*delta[2],-0.049055-0.000063*delta[0]-0.000158*delta[1]+0.000057*delta[2],-0.025778-0.000079*delta[0]-0.000111*delta[1]+0.000029*delta[2],-0.114683-0.000097*delta[0]-0.000462*delta[1]+0.000118*delta[2],-0.078586-0.000278*delta[0]-0.000260*delta[1]-0.000003*delta[2],-0.046672-0.000091*delta[0]-0.000153*delta[1]+0.000036*delta[2],-0.027681-0.000042*delta[0]-0.000105*delta[1]+0.000001*delta[2],-0.024248+0.000003*delta[0]-0.000084*delta[1]+0.000034*delta[2],-0.025981-0.000045*delta[0]-0.000066*delta[1]+0.000008*delta[2],-0.070945-0.000232*delta[0]-0.000264*delta[1]-0.000006*delta[2],-0.037360-0.000122*delta[0]-0.000148*delta[1]-0.000008*delta[2],-0.019328-0.000038*delta[0]-0.000075*delta[1]-0.000010*delta[2],-0.019325-0.000047*delta[0]-0.000109*delta[1]-0.000022*delta[2],-0.022078-0.000043*delta[0]-0.000057*delta[1]-0.000000*delta[2],-0.023873-0.000038*delta[0]-0.000079*delta[1]+0.000017*delta[2],-0.023435-0.000028*delta[0]-0.000055*delta[1]-0.000007*delta[2],-0.021157-0.000041*delta[0]-0.000063*delta[1]-0.000007*delta[2],-0.017861-0.000034*delta[0]-0.000062*delta[1]+0.000012*delta[2],-0.019260-0.000031*delta[0]-0.000082*delta[1]+0.000009*delta[2],-0.019404-0.000041*delta[0]-0.000092*delta[1]+0.000007*delta[2],-0.017732-0.000028*delta[0]-0.000082*delta[1]+0.000015*delta[2],-0.021123-0.000039*delta[0]-0.000067*delta[1]-0.000005*delta[2],-0.020795-0.000039*delta[0]-0.000078*delta[1]+0.000005*delta[2],-0.018327-0.000027*delta[0]-0.000075*delta[1]+0.000015*delta[2],-0.016824-0.000051*delta[0]-0.000053*delta[1]+0.000009*delta[2],-0.016357-0.000020*delta[0]-0.000056*delta[1]+0.000004*delta[2],-0.015130-0.000025*delta[0]-0.000036*delta[1]+0.000012*delta[2]
-0.040883-0.000095*delta[0]-0.000173*delta[1]+0.000006*delta[2],-0.065342-0.000144*delta[0]-0.000277*delta[1]-0.000031*delta[2],-0.051189-0.000129*delta[0]-0.000274*delta[1]+0.000006*delta[2],-0.192697-0.000340*delta[0]-0.001084*delta[1]-0.000077*delta[2],-24.157579-0.035508*delta[0]-0.102125*delta[1]+0.009016*delta[2],-0.641534-0.001346*delta[0]-0.002936*delta[1]-0.000334*delta[2],-0.043356-0.000093*delta[0]-0.000200*delta[1]+0.000043*delta[2],-0.071858-0.000183*delta[0]-0.000297*delta[1]-0.000005*delta[2],-0.106817-0.000238*delta[0]-0.000601*delta[1]-0.000075*delta[2],-0.022771-0.000054*delta[0]-0.000126*delta[1]-0.000014*delta[2],-0.027633-0.000046*delta[0]-0.000123*delta[1]+0.000005*delta[2],-0.025759-0.000056*delta[0]-0.000129*delta[1]+0.000001*delta[2],-0.020556-0.000043*delta[0]-0.000091*delta[1]-0.000003*delta[2],-0.020007-0.000035*delta[0]-0.000101*delta[1]+0.000002*delta[2],-0.043958-0.000108*delta[0]-0.000185*delta[1]+0.000007*delta[2],-0.017220-0.000036*delta[0]-0.000070*delta[1]+0.000004*delta[2],-0.015185-0.000034*delta[0]-0.000064*delta[1]-0.000003*delta[2],-0.020317-0.000025*delta[0]-0.000072*delta[1]-0.000004*delta[2],-0.026833-0.000042*delta[0]-0.000114*delta[1]-0.000007*delta[2],-0.034282-0.000062*delta[0]-0.000191*delta[1]-0.000003*delta[2],-0.038948-0.000046*delta[0]-0.000141*delta[1]-0.000010*delta[2],-0.014823-0.000022*delta[0]-0.000069*delta[1]-0.000009*delta[2],-0.018351-0.000017*delta[0]-0.000079*delta[1]-0.000014*delta[2],-0.021410-0.000041*delta[0]-0.000101*delta[1]+0.000001*delta[2],-0.016732-0.000045*delta[0]-0.000074*delta[1]+0.000009*delta[2],-0.028218-0.000053*delta[0]-0.000112*delta[1]-0.000007*delta[2],-0.034056-0.000071*delta[0]-0.000134*delta[1]+0.000001*delta[2],-0.014619-0.000030*delta[0]-0.000062*delta[1]-0.000006*delta[2],-0.017440-0.000048*delta[0]-0.000084*delta[1]-0.000010*delta[2],-0.020136-0.000032*delta[0]-0.000088*delta[1]-0.000023*delta[2]
-0.030945-0.000046*delta[0]-0.000115*delta[1]+0.000009*delta[2],-0.050164-0.000119*delta[0]-0.000212*delta[1]-0.000011*delta[2],-0.032088-0.000044*delta[0]-0.000121*delta[1]-0.000011*delta[2],-0.078645-0.000203*delta[0]-0.000326*delta[1]+0.000008*delta[2],-0.529667-0.001011*delta[0]-0.002018*delta[1]-0.000415*delta[2],-15.453965-0.031736*delta[0]-0.040352*delta[1]+0.011402*delta[2],-0.031576-0.000021*delta[0]-0.000130*delta[1]+0.000017*delta[2],-0.051411-0.000101*delta[0]-0.000230*delta[1]+0.000003*delta[2],-0.083895-0.000102*delta[0]-0.000256*delta[1]+0.000066*delta[2],-0.019352-0.000037*delta[0]-0.000072*delta[1]+0.000003*delta[2],-0.024221-0.000014*delta[0]-0.000081*delta[1]-0.000006*delta[2],-0.021828-0.000046*delta[0]-0.000073*delta[1]+0.000034*delta[2],-0.015960-0.000032*delta[0]-0.000057*delta[1]+0.000001*delta[2],-0.016133-0.000035*delta[0]-0.000068*delta[1]+0.000002*delta[2],-0.042193-0.000042*delta[0]-0.000124*delta[1]-0.000001*delta[2],-0.015006-0.000026*delta[0]-0.000062*delta[1]+0.000001*delta[2],-0.012709-0.000031*delta[0]-0.000054*delta[1]-0.000004*delta[2],-0.016855-0.000034*delta[0]-0.000043*delta[1]+0.000002*delta[2],-0.022600-0.000056*delta[0]-0.000074*delta[1]+0.000023*delta[2],-0.029769-0.000055*delta[0]-0.000126*delta[1]-0.000001*delta[2],-0.036687-0.000073*delta[0]-0.000152*delta[1]+0.000015*delta[2],-0.012568-0.000016*delta[0]-0.000046*delta[1]-0.000012*delta[2],-0.015706-0.000020*delta[0]-0.000054*delta[1]+0.000012*delta[2],-0.018840-0.000015*delta[0]-0.000053*delta[1]-0.000008*delta[2],-0.013779-0.000022*delta[0]-0.000050*delta[1]-0.000006*delta[2],-0.023820-0.000060*delta[0]-0.000087*delta[1]+0.000004*delta[2],-0.030049-0.000036*delta[0]-0.000145*delta[1]-0.000012*delta[2],-0.012488-0.000033*delta[0]-0.000041*delta[1]-0.000004*delta[2],-0.015040-0.000025*delta[0]-0.000056*delta[1]-0.000008*delta[2],-0.017892-0.000039*delta[0]-0.000083*delta[1]+0.000001*delta[2]
-0.075304-0.000184*delta[0]-0.000321*delta[1]+0.000003*delta[2],-0.134899-0.000308*delta[0]-0.000442*delta[1]-0.000106*delta[2],-0.123436-0.000170*delta[0]-0.000617*delta[1]+0.000105*delta[2],-0.273154-0.000458*delta[0]-0.001276*delta[1]-0.000163*delta[2],-0.275149-0.000462*delta[0]-0.001079*delta[1]+0.000067*delta[2],-0.126169-0.000305*delta[0]-0.000535*delta[1]-0.000023*delta[2],-0.042545-0.000099*delta[0]-0.000192*delta[1]-0.000010*delta[2],-0.056479-0.000079*delta[0]-0.000265*delta[1]+0.000052*delta[2],-0.062894-0.000126*delta[0]-0.000222*delta[1]-0.000034*delta[2],-0.022094-0.000049*delta[0]-0.000122*delta[1]+0.000011*delta[2],-0.024435-0.000082*delta[0]-0.000100*delta[1]-0.000001*delta[2],-0.045394-0.000045*delta[0]-0.000149*delta[1]+0.000030*delta[2],-0.026704-0.000036*delta[0]-0.000117*delta[1]-0.000024*delta[2],-0.023617-0.000035*delta[0]-0.000077*delta[1]-0.000015*delta[2],-0.036539-0.000027*delta[0]-0.000162*delta[1]+0.000024*delta[2],-0.017793-0.000035*delta[0]-0.000089*delta[1]-0.000002*delta[2],-0.025097-0.000031*delta[0]-0.000099*delta[1]+0.000029*delta[2],-0.038119-0.000072*delta[0]-0.000139*delta[1]+0.000023*delta[2],-0.057277-0.000116*delta[0]-0.000245*delta[1]-0.000037*delta[2],-0.076689-0.000214*delta[0]-0.000355*delta[1]+0.000010*delta[2],-0.077874-0.000108*delta[0]-0.000331*delta[1]-0.000086*delta[2],-0.018083-0.000014*delta[0]-0.000101*delta[1]+0.000000*delta[2],-0.022181-0.000031*delta[0]-0.000102*delta[1]+0.000011*delta[2],-0.024828-0.000058*delta[0]-0.000105*delta[1]-0.000022*delta[2],-0.029278-0.000070*delta[0]-0.000110*delta[1]+0.000009*delta[2],-0.062310-0.000193*delta[0]-0.000282*delta[1]-0.000007*delta[2],-0.074150-0.000220*delta[0]-0.000301*delta[1]-0.000069*delta[2],-0.020171-0.000037*delta[0]-0.000078*delta[1]-0.000017*delta[2],-0.024148-0.000080*delta[0]-0.000099*delta[1]-0.000013*delta[2],-0.027061-0.000041*delta[0]-0.000117*delta[1]-0.000008*delta[2]
-0.095229-0.000180*delta[0]-0.000414*delta[1]+0.000005*delta[2],-0.106647-0.000075*delta[0]-0.000281*delta[1]+0.000048*delta[2],-0.828055-0.002124*delta[0]-0.003558*delta[1]+0.000594*delta[2],-0.734196-0.001475*delta[0]-0.002924*delta[1]+0.000200*delta[2],-0.156248-0.000392*delta[0]-0.000724*delta[1]+0.000089*delta[2],-0.056207-0.000053*delta[0]-0.000262*delta[1]-0.000033*delta[2],-0.065096-0.000099*delta[0]-0.000208*delta[1]+0.000046*delta[2],-0.070574-0.000078*delta[0]-0.000302*delta[1]+0.000007*delta[2],-0.058792-0.000125*delta[0]-0.000270*delta[1]-0.000051*delta[2],-0.022090-0.000038*delta[0]-0.000091*delta[1]-0.000001*delta[2],-0.022168-0.000034*delta[0]-0.000066*delta[1]+0.000010*delta[2],-0.037985-0.000073*delta[0]-0.000117*delta[1]+0.000008*delta[2],-0.050244-0.000170*delta[0]-0.000172*delta[1]-0.000000*delta[2],-0.025217-0.000030*delta[0]-0.000102*delta[1]-0.000048*delta[2],-0.023212-0.000033*delta[0]-0.000088*delta[1]-0.000018*delta[2],-0.016253-0.000039*delta[0]-0.000069*delta[1]-0.000001*delta[2],-0.023094-0.000054*delta[0]-0.000109*delta[1]-0.000009*delta[2],-0.028669-0.000069*delta[0]-0.000123*delta[1]-0.000015*delta[2],-0.032662-0.000086*delta[0]-0.000144*delta[1]-0.000023*delta[2],-0.032861-0.000086*delta[0]-0.000129*delta[1]-0.000019*delta[2],-0.029249-0.000059*delta[0]-0.000117*delta[1]-0.000001*delta[2],-0.015702-0.000047*delta[0]-0.000041*delta[1]+0.000003*delta[2],-0.017201-0.000040*delta[0]-0.000091*delta[1]-0.000002*delta[2],-0.017336-0.000024*delta[0]-0.000067*delta[1]-0.000002*delta[2],-0.021552-0.000021*delta[0]-0.000088*delta[1]+0.000020*delta[2],-0.026959-0.000031*delta[0]-0.000105*delta[1]-0.000018*delta[2],-0.025981-0.000027*delta[0]-0.000080*delta[1]-0.000003*delta[2],-0.015107-0.000019*delta[0]-0.000054*delta[1]+0.000005*delta[2],-0.016021-0.000037*delta[0]-0.000074*delta[1]+0.000002*delta[2],-0.015981-0.000000*delta[0]-0.000067*delta[1]+0.000002*delta[2]
-0.040039-0.000060*delta[0]-0.000134*delta[1]-0.000017*delta[2],-0.032584-0.000059*delta[0]-0.000145*delta[1]-0.000004*delta[2],-0.029285-0.000094*delta[0]-0.000104*delta[1]-0.000020*delta[2],-0.024110-0.000062*delta[0]-0.000098*delta[1]-0.000015*delta[2],-0.018746-0.000032*delta[0]-0.000067*delta[1]-0.000012*delta[2],-0.014358-0.000020*delta[0]-0.000054*delta[1]-0.000017*delta[2],-0.019893-0.000057*delta[0]-0.000074*delta[1]-0.000003*delta[2],-0.017930-0.000040*delta[0]-0.000080*delta[1]-0.000000*delta[2],-0.015316-0.000032*delta[0]-0.000064*delta[1]-0.000019*delta[2],-0.014282-0.000050*delta[0]-0.000051*delta[1]-0.000010*delta[2],-0.012910-0.000021*delta[0]-0.000037*delta[1]-0.000013*delta[2],-0.042791-0.000099*delta[0]-0.000168*delta[1]-0.000026*delta[2],-0.054915-0.000132*delta[0]-0.000224*delta[1]-0.000045*delta[2],-0.023568-0.000033*delta[0]-0.000108*delta[1]+0.000003*delta[2],-0.013560-0.000037*delta[0]-0.000055*delta[1]-0.000007*delta[2],-0.014078-0.000031*delta[0]-0.000067*delta[1]-0.000006*delta[2],-0.127908-0.000249*delta[0]-0.000488*delta[1]-0.000005*delta[2],-0.145474-0.000489*delta[0]-0.000514*delta[1]-0.000080*delta[2],-0.096363-0.000144*delta[0]-0.000390*delta[1]+0.000042*delta[2],-0.054845-0.000091*delta[0]-0.000189*delta[1]+0.000015*delta[2],-0.031607-0.000119*delta[0]-0.000139*delta[1]+0.000002*delta[2],-0.023910-0.000078*delta[0]-0.000091*delta[1]-0.000003*delta[2],-0.022654-0.000040*delta[0]-0.000084*delta[1]-0.000018*delta[2],-0.019666-0.000074*delta[0]-0.000084*delta[1]-0.000009*delta[2],-37.576530-0.119659*delta[0]-0.143498*delta[1]-0.020248*delta[2],-0.095248-0.000215*delta[0]-0.000328*delta[1]-0.000052*delta[2],-0.042031-0.000111*delta[0]-0.000137*delta[1]-0.000011*delta[2],-0.040770-0.000088*delta[0]-0.000180*delta[1]+0.000019*delta[2],-0.035700-0.000074*delta[0]-0.000144*delta[1]-0.000016*delta[2],-0.028443-0.000070*delta[0]-0.000092*delta[1]-0.000010*delta[2]
-0.113710-0.000158*delta[0]-0.000315*delta[1]-0.000008*delta[2],-0.078405-0.000131*delta[0]-0.000236*delta[1]+0.000034*delta[2],-0.314225-0.000453*delta[0]-0.001524*delta[1]+0.000027*delta[2],-0.112513-0.000270*delta[0]-0.000349*delta[1]+0.000129*delta[2],-0.049423-0.000114*delta[0]-0.000183*delta[1]+0.000035*delta[2],-0.026463-0.000056*delta[0]-0.000099*delta[1]+0.000021*delta[2],-0.051651-0.000114*delta[0]-0.000205*delta[1]-0.000018*delta[2],-0.043419-0.000136*delta[0]-0.000141*delta[1]+0.000001*delta[2],-0.032221-0.000111*delta[0]-0.000107*delta[1]-0.000009*delta[2],-0.018098-0.000034*delta[0]-0.000070*delta[1]+0.000009*delta[2],-0.016703-0.000047*delta[0]-0.000050*delta[1]-0.000015*delta[2],-0.040516-0.000062*delta[0]-0.000148*delta[1]+0.000072*delta[2],-0.097262-0.000295*delta[0]-0.000370*delta[1]+0.000054*delta[2],-0.024207-0.000049*delta[0]-0.000085*delta[1]-0.000009*delta[2],-0.015414-0.000041*delta[0]-0.000064*delta[1]+0.000006*delta[2],-0.013792-0.000018*delta[0]-0.000046*delta[1]+0.000014*delta[2],-0.028733-0.000067*delta[0]-0.000078*delta[1]+0.000012*delta[2],-0.031411-0.000029*delta[0]-0.000116*delta[1]-0.000006*delta[2],-0.030897-0.000093*delta[0]-0.000100*delta[1]+0.000013*delta[2],-0.026676-0.000080*delta[0]-0.000114*delta[1]+0.000011*delta[2],-0.021612-0.000069*delta[0]-0.000089*delta[1]+0.000013*delta[2],-0.014567-0.000044*delta[0]-0.000034*delta[1]+0.000009*delta[2],-0.014677-0.000020*delta[0]-0.000056*delta[1]+0.000005*delta[2],-0.013785-0.000036*delta[0]-0.000043*delta[1]+0.000008*delta[2],-0.022996-0.000050*delta[0]-0.000082*delta[1]+0.000000*delta[2],-0.022640-0.000038*delta[0]-0.000110*delta[1]+0.000023*delta[2],-0.019709-0.000047*delta[0]-0.000080*delta[1]+0.000003*delta[2],-0.014007-0.000024*delta[0]-0.000048*delta[1]+0.000017*delta[2],-0.013752-0.000041*delta[0]-0.000054*delta[1]+0.000007*delta[2],-0.012878-0.000022*delta[0]-0.000045*delta[1]+0.000001*delta[2]
-0.080405-0.000166*delta[0]-0.000393*delta[1]+0.000021*delta[2],-0.048613-0.000086*delta[0]-0.000181*delta[1]-0.000019*delta[2],-0.050379-0.000088*delta[0]-0.000185*delta[1]+0.000017*delta[2],-0.033962-0.000080*delta[0]-0.000159*delta[1]-0.000015*delta[2],-0.022878-0.000048*delta[0]-0.000090*delta[1]-0.000009*delta[2],-0.015756-0.000023*delta[0]-0.000073*delta[1]+0.000008*delta[2],-0.026685-0.000045*delta[0]-0.000082*delta[1]+0.000022*delta[2],-0.022289-0.000014*delta[0]-0.000067*delta[1]-0.000015*delta[2],-0.017638-0.000025*delta[0]-0.000076*delta[1]-0.000021*delta[2],-0.015327-0.000032*delta[0]-0.000054*delta[1]-0.000000*delta[2],-0.013397-0.000019*delta[0]-0.000053*delta[1]-0.000003*delta[2],-0.064389-0.000111*delta[0]-0.000285*delta[1]+0.000011*delta[2],-0.218938-0.000197*delta[0]-0.000895*delta[1]+0.000074*delta[2],-0.026771-0.000010*delta[0]-0.000096*delta[1]-0.000021*delta[2],-0.013021-0.000019*delta[0]-0.000057*delta[1]+0.000004*delta[2],-0.014040-0.000051*delta[0]-0.000062*delta[1]-0.000015*delta[2],-0.230322-0.000066*delta[0]-0.000893*delta[1]-0.000169*delta[2],-0.189880-0.000045*delta[0]-0.000812*delta[1]-0.000008*delta[2],-0.093402-0.000123*delta[0]-0.000369*delta[1]-0.000024*delta[2],-0.047586-0.000030*delta[0]-0.000215*delta[1]+0.000031*delta[2],-0.026895-0.000033*delta[0]-0.000112*delta[1]+0.000001*delta[2],-0.021454-0.000026*delta[0]-0.000075*delta[1]-0.000009*delta[2],-0.019951-0.000030*delta[0]-0.000080*delta[1]-0.000026*delta[2],-0.016961-0.000040*delta[0]-0.000058*delta[1]-0.000004*delta[2],-0.222624-0.000664*delta[0]-0.000960*delta[1]+0.000079*delta[2],-0.066407-0.000122*delta[0]-0.000263*delta[1]+0.000032*delta[2],-0.035741-0.000073*delta[0]-0.000142*delta[1]-0.000038*delta[2],-0.028976-0.000071*delta[0]-0.000108*delta[1]-0.000040*delta[2],-0.024923-0.000053*delta[0]-0.000123*delta[1]-0.000001*delta[2],-0.020426-0.000036*delta[0]-0.000099*delta[1]+0.000007*delta[2]
-0.035119-0.000015*delta[0]-0.000092*delta[1]+0.000031*delta[2],-0.026922-0.000056*delta[0]-0.000081*delta[1]-0.000028*delta[2],-0.023385-0.000042*delta[0]-0.000099*delta[1]-0.000004*delta[2],-0.018808-0.000017*delta[0]-0.000093*delta[1]-0.000018*delta[2],-0.014812-0.000007*delta[0]-0.000064*delta[1]-0.000003*delta[2],-0.011570-0.000021*delta[0]-0.000035*delta[1]+0.000007*delta[2],-0.016101-0.000041*delta[0]-0.000063*delta[1]-0.000017*delta[2],-0.014296-0.000031*delta[0]-0.000050*delta[1]-0.000020*delta[2],-0.012149-0.000032*delta[0]-0.000051*delta[1]-0.000016*delta[2],-0.011657-0.000023*delta[0]-0.000046*delta[1]-0.000011*delta[2],-0.010414-0.000027*delta[0]-0.000042*delta[1]-0.000001*delta[2],-0.040284-0.000071*delta[0]-0.000141*delta[1]-0.000006*delta[2],-0.053349-0.000155*delta[0]-0.000188*delta[1]+0.000008*delta[2],-0.019041-0.000022*delta[0]-0.000093*delta[1]-0.000014*delta[2],-0.010673-0.000029*delta[0]-0.000048*delta[1]-0.000011*delta[2],-0.011579-0.000030*delta[0]-0.000044*delta[1]-0.000005*delta[2],-0.194302-0.000175*delta[0]-0.000660*delta[1]+0.000032*delta[2],-0.145412-0.000191*delta[0]-0.000650*delta[1]+0.000084*delta[2],-0.075359-0.000176*delta[0]-0.000279*delta[1]-0.000004*delta[2],-0.040375-0.000076*delta[0]-0.000125*delta[1]-0.000036*delta[2],-0.023604-0.000034*delta[0]-0.000096*delta[1]+0.000016*delta[2],-0.019303-0.000055*delta[0]-0.000076*delta[1]+0.000007*delta[2],-0.017586-0.000045*delta[0]-0.000052*delta[1]-0.000007*delta[2],-0.015068-0.000028*delta[0]-0.000061*delta[1]+0.000004*delta[2],-1.448465-0.001515*delta[0]-0.005918*delta[1]-0.000515*delta[2],-0.060120-0.000094*delta[0]-0.000192*delta[1]-0.000032*delta[2],-0.029371-0.000038*delta[0]-0.000111*delta[1]-0.000010*delta[2],-0.030762-0.000064*delta[0]-0.000111*delta[1]-0.000018*delta[2],-0.026012-0.000028*delta[0]-0.000103*delta[1]+0.000019*delta[2],-0.020735-0.000028*delta[0]-0.000097*delta[1]-0.000021*delta[2]
-0.102217-0.000136*delta[0]-0.000381*delta[1]-0.000092*delta[2],-0.046190-0.000148*delta[0]-0.000234*delta[1]-0.000036*delta[2],-0.059626-0.000144*delta[0]-0.000228*delta[1]+0.000012*delta[2],-0.034085-0.000049*delta[0]-0.000087*delta[1]-0.000009*delta[2],-0.021246-0.000064*delta[0]-0.000079*delta[1]-0.000008*delta[2],-0.014223-0.000024*delta[0]-0.000048*delta[1]+0.000010*delta[2],-0.027515-0.000072*delta[0]-0.000102*delta[1]+0.000011*delta[2],-0.021732-0.000028*delta[0]-0.000072*delta[1]+0.000009*delta[2],-0.016573-0.000031*delta[0]-0.000079*delta[1]+0.000027*delta[2],-0.013925-0.000032*delta[0]-0.000053*delta[1]-0.000006*delta[2],-0.012057-0.000016*delta[0]-0.000057*delta[1]+0.000001*delta[2],-0.062289-0.000125*delta[0]-0.000271*delta[1]+0.000067*delta[2],-2.266264-0.006435*delta[0]-0.008036*delta[1]+0.000918*delta[2],-0.023494-0.000063*delta[0]-0.000107*delta[1]+0.000014*delta[2],-0.010952-0.000013*delta[0]-0.000049*delta[1]-0.000009*delta[2],-0.012075-0.000044*delta[0]-0.000047*delta[1]+0.000004*delta[2],-0.125980-0.000307*delta[0]-0.000523*delta[1]+0.000038*delta[2],-0.091460-0.000096*delta[0]-0.000340*delta[1]-0.000037*delta[2],-0.054654-0.000134*delta[0]-0.000319*delta[1]-0.000044*delta[2],-0.032753-0.000070*delta[0]-0.000154*delta[1]-0.000012*delta[2],-0.020841-0.000068*delta[0]-0.000102*delta[1]+0.000013*delta[2],-0.016612-0.000030*delta[0]-0.000082*delta[1]+0.000003*delta[2],-0.015239-0.000038*delta[0]-0.000060*delta[1]-0.000019*delta[2],-0.013079-0.000033*delta[0]-0.000056*delta[1]-0.000008*delta[2],-0.064399-0.000078*delta[0]-0.000249*delta[1]-0.000003*delta[2],-0.033902-0.000068*delta[0]-0.000134*delta[1]+0.000016*delta[2],-0.023092-0.000062*delta[0]-0.000090*delta[1]+0.000015*delta[2],-0.019058-0.000009*delta[0]-0.000090*delta[1]+0.000010*delta[2],-0.016638-0.000013*delta[0]-0.000074*delta[1]+0.000015*delta[2],-0.014111-0.000016*delta[0]-0.000070*delta[1]+0.000006*delta[2]
-0.083602-0.000242*delta[0]-0.000276*delta[1]+0.000002*delta[2],-0.189693-0.000242*delta[0]-0.000785*delta[1]+0.000120*delta[2],-0.088087-0.000184*delta[0]-0.000229*delta[1]-0.000060*delta[2],-0.159953-0.000337*delta[0]-0.000546*delta[1]+0.000045*delta[2],-0.178009-0.000256*delta[0]-0.000710*delta[1]+0.000006*delta[2],-0.109944-0.000244*delta[0]-0.000382*delta[1]+0.000098*delta[2],-0.026877-0.000035*delta[0]-0.000098*delta[1]-0.000014*delta[2],-0.032808-0.000104*delta[0]-0.000113*delta[1]-0.000008*delta[2],-0.035702-0.000069*delta[0]-0.000125*delta[1]-0.000000*delta[2],-0.013646-0.000026*delta[0]-0.000040*delta[1]-0.000009*delta[2],-0.014851-0.000037*delta[0]-0.000042*delta[1]+0.000002*delta[2],-0.046591-0.000126*delta[0]-0.000178*delta[1]+0.000034*delta[2],-0.026613-0.000057*delta[0]-0.000097*delta[1]+0.000008*delta[2],-0.014191-0.000041*delta[0]-0.000042*delta[1]+0.000002*delta[2],-0.019233-0.000041*delta[0]-0.000062*delta[1]+0.000004*delta[2],-0.010868-0.000018*delta[0]-0.000040*delta[1]-0.000012*delta[2],-0.019306-0.000025*delta[0]-0.000079*delta[1]-0.000001*delta[2],-0.026509-0.000024*delta[0]-0.000090*delta[1]+0.000011*delta[2],-0.035375-0.000063*delta[0]-0.000100*delta[1]+0.000019*delta[2],-0.043452-0.000092*delta[0]-0.000166*delta[1]-0.000016*delta[2],-0.045814-0.000184*delta[0]-0.000126*delta[1]-0.000011*delta[2],-0.010516-0.000025*delta[0]-0.000030*delta[1]+0.000001*delta[2],-0.011885-0.000020*delta[0]-0.000048*delta[1]-0.000009*delta[2],-0.012769-0.000027*delta[0]-0.000051*delta[1]-0.000001*delta[2],-0.017027-0.000028*delta[0]-0.000065*delta[1]+0.000014*delta[2],-0.025750-0.000032*delta[0]-0.000074*delta[1]-0.000015*delta[2],-0.028597-0.000086*delta[0]-0.000094*delta[1]-0.000016*delta[2],-0.010908-0.000035*delta[0]-0.000036*delta[1]+0.000002*delta[2],-0.012081-0.000026*delta[0]-0.000049*delta[1]-0.000004*delta[2],-0.012958-0.000039*delta[0]-0.000049*delta[1]-0.000003*delta[2]
-0.079322-0.000066*delta[0]-0.000296*delta[1]-0.000118*delta[2],-0.041122-0.000085*delta[0]-0.000189*delta[1]-0.000035*delta[2],-0.035203-0.000050*delta[0]-0.000128*delta[1]-0.000020*delta[2],-0.024556-0.000039*delta[0]-0.000115*delta[1]-0.000005*delta[2],-0.017365-0.000037*delta[0]-0.000070*delta[1]-0.000023*delta[2],-0.012564-0.000032*delta[0]-0.000059*delta[1]-0.000004*delta[2],-0.018466-0.000054*delta[0]-0.000083*delta[1]-0.000021*delta[2],-0.015651-0.000011*delta[0]-0.000066*delta[1]+0.000003*delta[2],-0.012819-0.000038*delta[0]-0.000060*delta[1]-0.000007*delta[2],-0.010871-0.000013*delta[0]-0.000050*delta[1]+0.000000*delta[2],-0.009711-0.000017*delta[0]-0.000040*delta[1]-0.000005*delta[2],-0.077922-0.000100*delta[0]-0.000326*delta[1]-0.000015*delta[2],-0.198332-0.000441*delta[0]-0.000714*delta[1]+0.000087*delta[2],-0.017445-0.000038*delta[0]-0.000050*delta[1]-0.000008*delta[2],-0.009517-0.000029*delta[0]-0.000040*delta[1]-0.000006*delta[2],-0.009920-0.000028*delta[0]-0.000049*delta[1]-0.000004*delta[2],-0.614999-0.002061*delta[0]-0.002011*delta[1]-0.000647*delta[2],-0.194459-0.000437*delta[0]-0.000545*delta[1]+0.000111*delta[2],-0.070428-0.000200*delta[0]-0.000308*delta[1]-0.000072*delta[2],-0.034364-0.000094*delta[0]-0.000138*delta[1]-0.000023*delta[2],-0.019905-0.000058*delta[0]-0.000092*delta[1]+0.000011*delta[2],-0.014147-0.000014*delta[0]-0.000068*delta[1]-0.000004*delta[2],-0.013029-0.000030*delta[0]-0.000056*delta[1]-0.000003*delta[2],-0.011388-0.000021*delta[0]-0.000051*delta[1]-0.000010*delta[2],-0.097558-0.000143*delta[0]-0.000390*delta[1]+0.000081*delta[2],-0.038744-0.000057*delta[0]-0.000177*delta[1]-0.000034*delta[2],-0.024620-0.000058*delta[0]-0.000110*delta[1]-0.000009*delta[2],-0.017794-0.000052*delta[0]-0.000079*delta[1]-0.000011*delta[2],-0.015696-0.000034*delta[0]-0.000082*delta[1]+0.000010*delta[2],-0.013362-0.000022*delta[0]-0.000052*delta[1]+0.000004*delta[2]
-0.067182-0.000103*delta[0]-0.000227*delta[1]-0.000015*delta[2],-0.099558-0.000348*delta[0]-0.000407*delta[1]-0.000075*delta[2],-0.033091-0.000054*delta[0]-0.000160*delta[1]+0.000006*delta[2],-0.037543-0.000071*delta[0]-0.000177*delta[1]-0.000006*delta[2],-0.036821-0.000107*delta[0]-0.000189*delta[1]-0.000012*delta[2],-0.031246-0.000082*delta[0]-0.000115*delta[1]-0.000021*delta[2],-0.016313-0.000020*delta[0]-0.000054*delta[1]-0.000009*delta[2],-0.018014-0.000011*delta[0]-0.000064*delta[1]+0.000015*delta[2],-0.018493-0.000052*delta[0]-0.000077*delta[1]-0.000031*delta[2],-0.011077-0.000016*delta[0]-0.000036*delta[1]-0.000011*delta[2],-0.011542-0.000027*delta[0]-0.000050*delta[1]+0.000002*delta[2],-0.101861-0.000222*delta[0]-0.000374*delta[1]-0.000055*delta[2],-0.026376-0.000041*delta[0]-0.000121*delta[1]-0.000011*delta[2],-0.013256-0.000011*delta[0]-0.000063*delta[1]-0.000008*delta[2],-0.016240-0.000033*delta[0]-0.000074*delta[1]-0.000008*delta[2],-0.010185-0.000026*delta[0]-0.000037*delta[1]+0.000006*delta[2],-0.025230-0.000068*delta[0]-0.000105*delta[1]-0.000005*delta[2],-0.056843-0.000089*delta[0]-0.000203*delta[1]-0.000004*delta[2],-0.209817-0.000327*delta[0]-0.000777*delta[1]-0.000001*delta[2],-15.979867-0.033186*delta[0]-0.053771*delta[1]-0.001336*delta[2],-0.694089-0.001102*delta[0]-0.002117*delta[1]-0.000693*delta[2],-0.012325-0.000022*delta[0]-0.000041*delta[1]-0.000010*delta[2],-0.013925-0.000047*delta[0]-0.000041*delta[1]+0.000007*delta[2],-0.014758-0.000032*delta[0]-0.000060*delta[1]-0.000004*delta[2],-0.043452-0.000078*delta[0]-0.000175*delta[1]+0.000001*delta[2],-0.151681-0.000380*delta[0]-0.000597*delta[1]-0.000110*delta[2],-0.192038-0.000210*delta[0]-0.000782*delta[1]+0.000071*delta[2],-0.016382-0.000031*delta[0]-0.000053*delta[1]-0.000011*delta[2],-0.018684-0.000031*delta[0]-0.000071*delta[1]-0.000028*delta[2],-0.020315-0.000039*delta[0]-0.000076*delta[1]-0.000007*delta[2]
-0.093937-0.000243*delta[0]-0.000340*delta[1]+0.000003*delta[2],-0.061556-0.000166*delta[0]-0.000294*delta[1]-0.000081*delta[2],-0.033696-0.000062*delta[0]-0.000140*delta[1]+0.000028*delta[2],-0.027353-0.000055*delta[0]-0.000137*delta[1]+0.000006*delta[2],-0.020928-0.000045*delta[0]-0.000092*delta[1]+0.000001*delta[2],-0.015733-0.000026*delta[0]-0.000061*delta[1]-0.000005*delta[2],-0.016883-0.000057*delta[0]-0.000060*delta[1]-0.000003*delta[2],-0.015549-0.000036*delta[0]-0.000057*delta[1]+0.000006*delta[2],-0.013810-0.000031*delta[0]-0.000051*delta[1]-0.000000*delta[2],-0.010639-0.000022*delta[0]-0.000051*delta[1]+0.000003*delta[2],-0.009914-0.000012*delta[0]-0.000050*delta[1]-0.000006*delta[2],-0.157470-0.000431*delta[0]-0.000583*delta[1]+0.000188*delta[2],-0.077533-0.000231*delta[0]-0.000306*delta[1]-0.000088*delta[2],-0.015764-0.000040*delta[0]-0.000065*delta[1]-0.000007*delta[2],-0.010974-0.000043*delta[0]-0.000054*delta[1]-0.000003*delta[2],-0.009810-0.000017*delta[0]-0.000050*delta[1]-0.000003*delta[2],-0.501357-0.001260*delta[0]-0.002192*delta[1]-0.000244*delta[2],-19.721645-0.041566*delta[0]-0.071926*delta[1]+0.013457*delta[2],-0.246806-0.000122*delta[0]-0.000868*delta[1]+0.000173*delta[2],-0.064959-0.000117*delta[0]-0.000363*delta[1]-0.000030*delta[2],-0.031372-0.000098*delta[0]-0.000141*delta[1]+0.000044*delta[2],-0.013910-0.000027*delta[0]-0.000063*delta[1]+0.000014*delta[2],-0.013656-0.000037*delta[0]-0.000058*delta[1]-0.000003*delta[2],-0.012596-0.000020*delta[0]-0.000054*delta[1]+0.000003*delta[2],-0.150865-0.000376*delta[0]-0.000575*delta[1]+0.000030*delta[2],-0.082614-0.000285*delta[0]-0.000371*delta[1]+0.000028*delta[2],-0.045978-0.000076*delta[0]-0.000204*delta[1]+0.000009*delta[2],-0.018890-0.000033*delta[0]-0.000081*delta[1]+0.000009*delta[2],-0.017992-0.000026*delta[0]-0.000070*delta[1]+0.000014*delta[2],-0.016221-0.000040*delta[0]-0.000056*delta[1]-0.000002*delta[2]
-0.050163-0.000054*delta[0]-0.000183*delta[1]+0.000048*delta[2],-0.082110-0.000208*delta[0]-0.000343*delta[1]-0.000038*delta[2],-0.028678-0.000059*delta[0]-0.000102*delta[1]+0.000009*delta[2],-0.034984-0.000093*delta[0]-0.000126*delta[1]-0.000024*delta[2],-0.037498-0.000086*delta[0]-0.000128*delta[1]+0.000018*delta[2],-0.034879-0.000062*delta[0]-0.000138*delta[1]-0.000031*delta[2],-0.014860-0.000024*delta[0]-0.000059*delta[1]-0.000008*delta[2],-0.016984-0.000039*delta[0]-0.000085*delta[1]+0.000004*delta[2],-0.018302-0.000041*delta[0]-0.000074*delta[1]-0.000008*delta[2],-0.010451-0.000015*delta[0]-0.000044*delta[1]+0.000005*delta[2],-0.011215-0.000008*delta[0]-0.000053*delta[1]+0.000003*delta[2],-0.069454-0.000267*delta[0]-0.000297*delta[1]+0.000007*delta[2],-0.020250-0.000064*delta[0]-0.000072*delta[1]-0.000003*delta[2],-0.011857-0.000027*delta[0]-0.000034*delta[1]-0.000004*delta[2],-0.016677-0.000025*delta[0]-0.000054*delta[1]+0.000013*delta[2],-0.009599-0.000011*delta[0]-0.000034*delta[1]+0.000001*delta[2],-0.017586-0.000022*delta[0]-0.000063*delta[1]-0.000006*delta[2],-0.033190-0.000070*delta[0]-0.000130*delta[1]+0.000006*delta[2],-0.068443-0.000140*delta[0]-0.000281*delta[1]-0.000039*delta[2],-0.479907-0.000894*delta[0]-0.001854*delta[1]-0.000366*delta[2],-15.000865-0.018367*delta[0]-0.045104*delta[1]+0.003589*delta[2],-0.011123-0.000030*delta[0]-0.000046*delta[1]+0.000005*delta[2],-0.012797-0.000030*delta[0]-0.000064*delta[1]+0.000000*delta[2],-0.014072-0.000031*delta[0]-0.000055*delta[1]-0.000011*delta[2],-0.030801-0.000094*delta[0]-0.000137*delta[1]+0.000009*delta[2],-0.101543-0.000263*delta[0]-0.000438*delta[1]+0.000007*delta[2],-0.172257-0.000240*delta[0]-0.000569*delta[1]-0.000167*delta[2],-0.014517-0.000047*delta[0]-0.000045*delta[1]+0.000010*delta[2],-0.016981-0.000043*delta[0]-0.000063*delta[1]-0.000001*delta[2],-0.019221-0.000020*delta[0]-0.000064*delta[1]+0.000004*delta[2]
-0.457410-0.001103*delta[0]-0.001806*delta[1]-0.000304*delta[2],-0.218207-0.000593*delta[0]-0.000658*delta[1]-0.000132*delta[2],-0.059783-0.000134*delta[0]-0.000217*delta[1]-0.000025*delta[2],-0.048967-0.000078*delta[0]-0.000208*delta[1]+0.000005*delta[2],-0.035053-0.000108*delta[0]-0.000132*delta[1]-0.000038*delta[2],-0.024160-0.000037*delta[0]-0.000070*delta[1]+0.000036*delta[2],-0.021420-0.000042*delta[0]-0.000089*delta[1]-0.000001*delta[2],-0.020579-0.000018*delta[0]-0.000095*delta[1]+0.000008*delta[2],-0.018482-0.000045*delta[0]-0.000062*delta[1]-0.000006*delta[2],-0.011921-0.000018*delta[0]-0.000045*delta[1]+0.000006*delta[2],-0.011488-0.000016*delta[0]-0.000052*delta[1]-0.000003*delta[2],-0.509627-0.001197*delta[0]-0.002482*delta[1]+0.000046*delta[2],-0.088468-0.000135*delta[0]-0.000279*delta[1]-0.000039*delta[2],-0.016361-0.000026*delta[0]-0.000074*delta[1]+0.000014*delta[2],-0.013087-0.000017*delta[0]-0.000061*delta[1]+0.000016*delta[2],-0.010445-0.000013*delta[0]-0.000022*delta[1]-0.000001*delta[2],-0.124198-0.000271*delta[0]-0.000447*delta[1]-0.000031*delta[2],-0.299263-0.000438*delta[0]-0.001494*delta[1]-0.000126*delta[2],-0.327441-0.000513*delta[0]-0.001270*delta[1]+0.000038*delta[2],-0.140773-0.000303*delta[0]-0.000689*delta[1]+0.000104*delta[2],-0.061145-0.000205*delta[0]-0.000185*delta[1]-0.000002*delta[2],-0.013272-0.000043*delta[0]-0.000037*delta[1]-0.000013*delta[2],-0.013649-0.000044*delta[0]-0.000037*delta[1]+0.000004*delta[2],-0.013142-0.000024*delta[0]-0.000042*delta[1]+0.000008*delta[2],-0.064123-0.000096*delta[0]-0.000246*delta[1]-0.000042*delta[2],-0.069680-0.000067*delta[0]-0.000333*delta[1]+0.000027*delta[2],-0.050221-0.000062*delta[0]-0.000178*delta[1]+0.000040*delta[2],-0.016414-0.000040*delta[0]-0.000055*delta[1]+0.000003*delta[2],-0.016514-0.000029*delta[0]-0.000058*delta[1]+0.000003*delta[2],-0.015782-0.000039*delta[0]-0.000053*delta[1]+0.000008*delta[2]
-0.096757-0.000161*delta[0]-0.000433*delta[1]+0.000063*delta[2],-0.040011-0.000092*delta[0]-0.000144*delta[1]-0.000021*delta[2],-0.048040-0.000110*delta[0]-0.000258*delta[1]-0.000031*delta[2],-0.030752-0.000085*delta[0]-0.000143*delta[1]+0.000013*delta[2],-0.020141-0.000051*delta[0]-0.000077*delta[1]+0.000013*delta[2],-0.013991-0.000035*delta[0]-0.000049*delta[1]-0.000011*delta[2],-0.020513-0.000045*delta[0]-0.000080*delta[1]-0.000005*delta[2],-0.017214-0.000028*delta[0]-0.000072*delta[1]+0.000011*delta[2],-0.013944-0.000025*delta[0]-0.000041*delta[1]-0.000014*delta[2],-0.010826-0.000029*delta[0]-0.000049*delta[1]-0.000000*delta[2],-0.009722-0.000020*delta[0]-0.000038*delta[1]-0.000010*delta[2],-0.085551-0.000176*delta[0]-0.000276*delta[1]+0.000041*delta[2],-0.292466-0.000514*delta[0]-0.001484*delta[1]-0.000176*delta[2],-0.016248-0.000036*delta[0]-0.000059*delta[1]-0.000003*delta[2],-0.009338-0.000027*delta[0]-0.000029*delta[1]-0.000009*delta[2],-0.009313-0.000021*delta[0]-0.000039*delta[1]-0.000001*delta[2],-0.108802-0.000360*delta[0]-0.000397*delta[1]-0.000066*delta[2],-0.083980-0.000211*delta[0]-0.000264*delta[1]+0.000014*delta[2],-0.052278-0.000064*delta[0]-0.000251*delta[1]-0.000046*delta[2],-0.032199-0.000047*delta[0]-0.000135*delta[1]-0.000007*delta[2],-0.020806-0.000035*delta[0]-0.000073*delta[1]+0.000004*delta[2],-0.011890-0.000019*delta[0]-0.000058*delta[1]+0.000013*delta[2],-0.011265-0.000027*delta[0]-0.000059*delta[1]-0.000003*delta[2],-0.010146-0.000034*delta[0]-0.000043*delta[1]-0.000008*delta[2],-0.041770-0.000080*delta[0]-0.000137*delta[1]+0.000009*delta[2],-0.026805-0.000070*delta[0]-0.000094*delta[1]-0.000015*delta[2],-0.019956-0.000037*delta[0]-0.000092*delta[1]-0.000001*delta[2],-0.013506-0.000011*delta[0]-0.000040*delta[1]-0.000001*delta[2],-0.012274-0.000017*delta[0]-0.000053*delta[1]+0.000009*delta[2],-0.010926-0.000036*delta[0]-0.000035*delta[1]+0.000003*delta[2]
-0.057460-0.000158*delta[0]-0.000309*delta[1]-0.000006*delta[2],-0.174182-0.000433*delta[0]-0.000740*delta[1]+0.000082*delta[2],-0.043735-0.000090*delta[0]-0.000181*delta[1]+0.000040*delta[2],-0.064635-0.000172*delta[0]-0.000283*delta[1]+0.000037*delta[2],-0.080266-0.000192*delta[0]-0.000379*delta[1]+0.000004*delta[2],-0.073654-0.000143*delta[0]-0.000349*delta[1]+0.000009*delta[2],-0.017499-0.000031*delta[0]-0.000050*delta[1]+0.000008*delta[2],-0.020901-0.000053*delta[0]-0.000075*delta[1]+0.000003*delta[2],-0.023462-0.000046*delta[0]-0.000099*delta[1]-0.000004*delta[2],-0.010420-0.000023*delta[0]-0.000052*delta[1]-0.000001*delta[2],-0.011433-0.000027*delta[0]-0.000044*delta[1]-0.000002*delta[2],-0.058075-0.000134*delta[0]-0.000233*delta[1]+0.000014*delta[2],-0.020414-0.000067*delta[0]-0.000095*delta[1]+0.000002*delta[2],-0.010976-0.000021*delta[0]-0.000038*delta[1]+0.000002*delta[2],-0.015947-0.000012*delta[0]-0.000054*delta[1]+0.000007*delta[2],-0.008775-0.000016*delta[0]-0.000037*delta[1]+0.000006*delta[2],-0.019431-0.000025*delta[0]-0.000097*delta[1]+0.000004*delta[2],-0.029147-0.000032*delta[0]-0.000130*delta[1]+0.000019*delta[2],-0.045143-0.000091*delta[0]-0.000181*delta[1]+0.000020*delta[2],-0.067349-0.000100*delta[0]-0.000198*delta[1]+0.000067*delta[2],-0.084828-0.000255*delta[0]-0.000341*delta[1]-0.000030*delta[2],-0.008930-0.000020*delta[0]-0.000039*delta[1]-0.000000*delta[2],-0.010164-0.000036*delta[0]-0.000025*delta[1]+0.000007*delta[2],-0.011023-0.000023*delta[0]-0.000043*delta[1]-0.000016*delta[2],-0.017163-0.000030*delta[0]-0.000061*delta[1]-0.000012*delta[2],-0.029530-0.000114*delta[0]-0.000133*delta[1]-0.000002*delta[2],-0.035654-0.000063*delta[0]-0.000141*delta[1]-0.000015*delta[2],-0.009893-0.000032*delta[0]-0.000040*delta[1]-0.000003*delta[2],-0.011080-0.000021*delta[0]-0.000038*delta[1]+0.000013*delta[2],-0.012243-0.000026*delta[0]-0.000040*delta[1]-0.000005*delta[2]
-0.101795-0.000225*delta[0]-0.000363*delta[1]+0.000011*delta[2],-0.227827-0.000420*delta[0]-0.000704*delta[1]+0.000024*delta[2],-0.039440-0.000119*delta[0]-0.000151*delta[1]+0.000009*delta[2],-0.046661-0.000046*delta[0]-0.000178*delta[1]-0.000051*delta[2],-0.046279-0.000077*delta[0]-0.000164*delta[1]-0.000028*delta[2],-0.038394-0.000060*delta[0]-0.000177*delta[1]-0.000019*delta[2],-0.016667-0.000032*delta[0]-0.000069*delta[1]-0.000004*delta[2],-0.018491-0.000062*delta[0]-0.000054*delta[1]+0.000013*delta[2],-0.019242-0.000039*delta[0]-0.000062*delta[1]-0.000020*delta[2],-0.010465-0.000014*delta[0]-0.000040*delta[1]+0.000001*delta[2],-0.011048-0.000030*delta[0]-0.000035*delta[1]+0.000001*delta[2],-0.143383-0.000235*delta[0]-0.000463*delta[1]-0.000019*delta[2],-0.027237-0.000000*delta[0]-0.000119*delta[1]-0.000022*delta[2],-0.012196-0.000023*delta[0]-0.000038*delta[1]-0.000004*delta[2],-0.015060-0.000011*delta[0]-0.000053*delta[1]-0.000016*delta[2],-0.009266-0.000001*delta[0]-0.000042*delta[1]-0.000003*delta[2],-0.032870-0.000102*delta[0]-0.000098*delta[1]-0.000014*delta[2],-0.065812-0.000113*delta[0]-0.000251*delta[1]-0.000041*delta[2],-0.171613-0.000332*delta[0]-0.000646*delta[1]+0.000001*delta[2],-0.463631-0.000750*delta[0]-0.001416*delta[1]-0.000009*delta[2],-0.373191-0.000468*delta[0]-0.001254*delta[1]+0.000022*delta[2],-0.010579-0.000022*delta[0]-0.000037*delta[1]-0.000013*delta[2],-0.011796-0.000010*delta[0]-0.000043*delta[1]-0.000004*delta[2],-0.012549-0.000029*delta[0]-0.000056*delta[1]-0.000017*delta[2],-0.031400-0.000063*delta[0]-0.000106*delta[1]-0.000021*delta[2],-0.068339-0.000093*delta[0]-0.000241*delta[1]-0.000046*delta[2],-0.080315-0.000124*delta[0]-0.000289*delta[1]-0.000074*delta[2],-0.013074-0.000022*delta[0]-0.000038*delta[1]-0.000010*delta[2],-0.014542-0.000023*delta[0]-0.000046*delta[1]-0.000013*delta[2],-0.015708-0.000019*delta[0]-0.000063*delta[1]-0.000002*delta[2]
-0.855670+0.000075*delta[0]-0.003195*delta[1]-0.000377*delta[2],-0.155540-0.000485*delta[0]-0.000652*delta[1]+0.000048*delta[2],-0.067282-0.000245*delta[0]-0.000229*delta[1]+0.000000*delta[2],-0.048268-0.000086*delta[0]-0.000211*delta[1]-0.000002*delta[2],-0.032036-0.000064*delta[0]-0.000105*delta[1]+0.000008*delta[2],-0.021484-0.000023*delta[0]-0.000058*delta[1]+0.000011*delta[2],-0.021191-0.000059*delta[0]-0.000085*delta[1]+0.000026*delta[2],-0.019710-0.000024*delta[0]-0.000072*delta[1]+0.000005*delta[2],-0.017035-0.000063*delta[0]-0.000075*delta[1]-0.000008*delta[2],-0.010781-0.000019*delta[0]-0.000041*delta[1]+0.000016*delta[2],-0.010271-0.000014*delta[0]-0.000037*delta[1]-0.000003*delta[2],-0.195534-0.000514*delta[0]-0.000660*delta[1]+0.000144*delta[2],-0.106689-0.000226*delta[0]-0.000374*delta[1]-0.000029*delta[2],-0.014628-0.000042*delta[0]-0.000051*delta[1]+0.000005*delta[2],-0.010841-0.000017*delta[0]-0.000039*delta[1]+0.000009*delta[2],-0.009147-0.000026*delta[0]-0.000033*delta[1]+0.000006*delta[2],-0.065172-0.000100*delta[0]-0.000238*delta[1]+0.000032*delta[2],-0.078823-0.000090*delta[0]-0.000278*delta[1]+0.000051*delta[2],-0.070658-0.000158*delta[0]-0.000266*delta[1]-0.000045*delta[2],-0.049596-0.000103*delta[0]-0.000190*delta[1]+0.000018*delta[2],-0.032773-0.000054*delta[0]-0.000155*delta[1]+0.000005*delta[2],-0.010763-0.000023*delta[0]-0.000035*delta[1]+0.000008*delta[2],-0.010831-0.000029*delta[0]-0.000041*delta[1]+0.000009*delta[2],-0.010265-0.000022*delta[0]-0.000036*delta[1]+0.000000*delta[2],-0.032488-0.000096*delta[0]-0.000130*delta[1]-0.000005*delta[2],-0.030256-0.000074*delta[0]-0.000125*delta[1]-0.000026*delta[2],-0.024932-0.000055*delta[0]-0.000060*delta[1]+0.000022*delta[2],-0.012111-0.000042*delta[0]-0.000048*delta[1]+0.000011*delta[2],-0.011766-0.000017*delta[0]-0.000047*delta[1]-0.000007*delta[2],-0.011197-0.000036*delta[0]-0.000044*delta[1]+0.000008*delta[2]
-0.175200-0.000126*delta[0]-0.000747*delta[1]+0.000112*delta[2],-0.069309-0.000149*delta[0]-0.000184*delta[1]+0.000039*delta[2],-0.037872-0.000123*delta[0]-0.000122*delta[1]-0.000000*delta[2],-0.028123-0.000025*delta[0]-0.000098*delta[1]-0.000003*delta[2],-0.020387-0.000034*delta[0]-0.000087*delta[1]+0.000033*delta[2],-0.014850-0.000027*delta[0]-0.000061*delta[1]+0.000017*delta[2],-0.016337-0.000040*delta[0]-0.000056*delta[1]+0.000005*delta[2],-0.014719-0.000019*delta[0]-0.000063*delta[1]+0.000013*delta[2],-0.012675-0.000036*delta[0]-0.000054*delta[1]-0.000002*delta[2],-0.009309-0.000012*delta[0]-0.000033*delta[1]+0.000003*delta[2],-0.008679-0.000013*delta[0]-0.000032*delta[1]+0.000005*delta[2],-0.204950-0.000422*delta[0]-0.001034*delta[1]+0.000244*delta[2],-0.111563-0.000083*delta[0]-0.000470*delta[1]-0.000010*delta[2],-0.013320-0.000014*delta[0]-0.000043*delta[1]+0.000001*delta[2],-0.009026-0.000023*delta[0]-0.000025*delta[1]-0.000006*delta[2],-0.008258-0.000016*delta[0]-0.000039*delta[1]-0.000001*delta[2],-0.181774-0.000208*delta[0]-0.000692*delta[1]+0.000041*delta[2],-0.167800-0.000521*delta[0]-0.000550*delta[1]+0.000012*delta[2],-0.092569-0.000165*delta[0]-0.000458*delta[1]+0.000111*delta[2],-0.048279-0.000055*delta[0]-0.000173*delta[1]+0.000014*delta[2],-0.027882-0.000018*delta[0]-0.000108*delta[1]+0.000034*delta[2],-0.010574-0.000024*delta[0]-0.000045*delta[1]-0.000003*delta[2],-0.010331-0.000032*delta[0]-0.000044*delta[1]-0.000002*delta[2],-0.009523-0.000021*delta[0]-0.000036*delta[1]+0.000014*delta[2],-0.047613-0.000120*delta[0]-0.000210*delta[1]+0.000074*delta[2],-0.033593-0.000056*delta[0]-0.000152*delta[1]+0.000013*delta[2],-0.024831-0.000039*delta[0]-0.000093*delta[1]-0.000006*delta[2],-0.012675-0.000022*delta[0]-0.000060*delta[1]+0.000010*delta[2],-0.011969-0.000017*delta[0]-0.000045*delta[1]-0.000003*delta[2],-0.010982-0.000038*delta[0]-0.000050*delta[1]+0.000006*delta[2]
-0.202706-0.000578*delta[0]-0.000792*delta[1]+0.000118*delta[2],-0.479880-0.000742*delta[0]-0.001749*delta[1]-0.000045*delta[2],-0.044219-0.000087*delta[0]-0.000164*delta[1]+0.000006*delta[2],-0.047881-0.000113*delta[0]-0.000211*delta[1]-0.000034*delta[2],-0.042891-0.000053*delta[0]-0.000213*delta[1]+0.000008*delta[2],-0.033349-0.000107*delta[0]-0.000123*delta[1]-0.000013*delta[2],-0.016489-0.000037*delta[0]-0.000071*delta[1]-0.000001*delta[2],-0.017711-0.000048*delta[0]-0.000055*delta[1]-0.000003*delta[2],-0.017645-0.000030*delta[0]-0.000074*delta[1]+0.000014*delta[2],-0.009745-0.000023*delta[0]-0.000044*delta[1]+0.000003*delta[2],-0.009920-0.000018*delta[0]-0.000043*delta[1]+0.000002*delta[2],-0.321106-0.000527*delta[0]-0.001446*delta[1]+0.000129*delta[2],-0.034593-0.000080*delta[0]-0.000145*delta[1]+0.000014*delta[2],-0.011562-0.000026*delta[0]-0.000052*delta[1]-0.000002*delta[2],-0.012613-0.000029*delta[0]-0.000051*delta[1]+0.000004*delta[2],-0.008442-0.000015*delta[0]-0.000037*delta[1]+0.000007*delta[2],-0.040060-0.000088*delta[0]-0.000235*delta[1]-0.000020*delta[2],-0.070936-0.000098*delta[0]-0.000284*delta[1]+0.000001*delta[2],-0.122429-0.000207*delta[0]-0.000526*delta[1]-0.000007*delta[2],-0.147402-0.000193*delta[0]-0.000549*delta[1]+0.000042*delta[2],-0.105793-0.000191*delta[0]-0.000430*delta[1]+0.000063*delta[2],-0.009523-0.000016*delta[0]-0.000042*delta[1]-0.000008*delta[2],-0.010324-0.000026*delta[0]-0.000036*delta[1]-0.000003*delta[2],-0.010616-0.000013*delta[0]-0.000051*delta[1]+0.000010*delta[2],-0.027965-0.000024*delta[0]-0.000100*delta[1]+0.000001*delta[2],-0.042979-0.000065*delta[0]-0.000191*delta[1]+0.000017*delta[2],-0.043507-0.000107*delta[0]-0.000215*delta[1]-0.000020*delta[2],-0.011235-0.000017*delta[0]-0.000041*delta[1]+0.000008*delta[2],-0.012045-0.000021*delta[0]-0.000046*delta[1]+0.000008*delta[2],-0.012395-0.000018*delta[0]-0.000043*delta[1]+0.000007*delta[2]
-0.062251-0.000198*delta[0]-0.000308*delta[1]-0.000055*delta[2],-0.134168-0.000409*delta[0]-0.000584*delta[1]+0.000024*delta[2],-0.029605-0.000052*delta[0]-0.000164*delta[1]-0.000011*delta[2],-0.036927-0.000020*delta[0]-0.000161*delta[1]+0.000021*delta[2],-0.040843-0.000069*delta[0]-0.000181*delta[1]+0.000022*delta[2],-0.038374-0.000091*delta[0]-0.000158*delta[1]-0.000041*delta[2],-0.013582-0.000042*delta[0]-0.000063*delta[1]-0.000006*delta[2],-0.015517-0.000054*delta[0]-0.000061*delta[1]+0.000016*delta[2],-0.016672-0.000032*delta[0]-0.000072*delta[1]+0.000010*delta[2],-0.008859-0.000012*delta[0]-0.000040*delta[1]-0.000001*delta[2],-0.009522-0.000021*delta[0]-0.000040*delta[1]-0.000006*delta[2],-0.044777-0.000102*delta[0]-0.000178*delta[1]+0.000008*delta[2],-0.019769-0.000067*delta[0]-0.000107*delta[1]+0.000008*delta[2],-0.009794-0.000020*delta[0]-0.000045*delta[1]+0.000008*delta[2],-0.013428-0.000031*delta[0]-0.000052*delta[1]-0.000018*delta[2],-0.007872-0.000011*delta[0]-0.000036*delta[1]+0.000006*delta[2],-0.023334-0.000036*delta[0]-0.000095*delta[1]+0.000001*delta[2],-0.039851-0.000080*delta[0]-0.000197*delta[1]+0.000012*delta[2],-0.077207-0.000062*delta[0]-0.000348*delta[1]+0.000035*delta[2],-0.159903-0.000309*delta[0]-0.000583*delta[1]+0.000140*delta[2],-0.240829-0.000382*delta[0]-0.001055*delta[1]+0.000007*delta[2],-0.008596-0.000013*delta[0]-0.000038*delta[1]+0.000005*delta[2],-0.009653-0.000007*delta[0]-0.000056*delta[1]+0.000005*delta[2],-0.010427-0.000027*delta[0]-0.000050*delta[1]+0.000002*delta[2],-0.021183-0.000036*delta[0]-0.000099*delta[1]-0.000011*delta[2],-0.041473-0.000130*delta[0]-0.000138*delta[1]-0.000003*delta[2],-0.052312-0.000103*delta[0]-0.000257*delta[1]-0.000019*delta[2],-0.010317-0.000027*delta[0]-0.000045*delta[1]-0.000003*delta[2],-0.011518-0.000031*delta[0]-0.000053*delta[1]+0.000011*delta[2],-0.012708-0.000018*delta[0]-0.000071*delta[1]-0.000015*delta[2]
-0.061022-0.000186*delta[0]-0.000262*delta[1]-0.000026*delta[2],-0.127419-0.000178*delta[0]-0.000459*delta[1]-0.000110*delta[2],-0.028820-0.000072*delta[0]-0.000150*delta[1]-0.000018*delta[2],-0.035577-0.000066*delta[0]-0.000125*delta[1]+0.000033*delta[2],-0.039201-0.000043*delta[0]-0.000169*delta[1]-0.000003*delta[2],-0.036793-0.000044*delta[0]-0.000137*delta[1]-0.000036*delta[2],-0.013256-0.000036*delta[0]-0.000058*delta[1]+0.000009*delta[2],-0.015077-0.000051*delta[0]-0.000057*delta[1]-0.000000*delta[2],-0.016280-0.000053*delta[0]-0.000052*delta[1]-0.000014*delta[2],-0.008679-0.000012*delta[0]-0.000025*delta[1]+0.000001*delta[2],-0.009307-0.000010*delta[0]-0.000038*delta[1]+0.000002*delta[2],-0.052497-0.000105*delta[0]-0.000179*delta[1]+0.000027*delta[2],-0.019515-0.000032*delta[0]-0.000053*delta[1]-0.000017*delta[2],-0.009633-0.000018*delta[0]-0.000030*delta[1]+0.000001*delta[2],-0.013029-0.000024*delta[0]-0.000041*delta[1]-0.000002*delta[2],-0.007725-0.000018*delta[0]-0.000034*delta[1]+0.000003*delta[2],-0.023232-0.000048*delta[0]-0.000116*delta[1]+0.000007*delta[2],-0.039504-0.000079*delta[0]-0.000135*delta[1]+0.000022*delta[2],-0.076193-0.000205*delta[0]-0.000294*delta[1]-0.000003*delta[2],-0.152108-0.000099*delta[0]-0.000499*delta[1]+0.000153*delta[2],-0.223971-0.000691*delta[0]-0.000805*delta[1]+0.000020*delta[2],-0.008460-0.000022*delta[0]-0.000041*delta[1]-0.000005*delta[2],-0.009468-0.000023*delta[0]-0.000037*delta[1]-0.000001*delta[2],-0.010192-0.000022*delta[0]-0.000053*delta[1]+0.000002*delta[2],-0.020865-0.000028*delta[0]-0.000085*delta[1]+0.000004*delta[2],-0.040113-0.000117*delta[0]-0.000156*delta[1]+0.000013*delta[2],-0.050264-0.000118*delta[0]-0.000165*delta[1]-0.000038*delta[2],-0.010071-0.000029*delta[0]-0.000030*delta[1]+0.000000*delta[2],-0.011248-0.000012*delta[0]-0.000048*delta[1]+0.000007*delta[2],-0.012296-0.000031*delta[0]-0.000055*delta[1]+0.000006*delta[2]
-0.170970-0.000198*delta[0]-0.000771*delta[1]-0.000029*delta[2],-0.172425-0.000175*delta[0]-0.000695*delta[1]-0.000161*delta[2],-0.034404-0.000051*delta[0]-0.000111*delta[1]+0.000002*delta[2],-0.033082-0.000062*delta[0]-0.000145*delta[1]+0.000003*delta[2],-0.028149-0.000069*delta[0]-0.000102*delta[1]-0.000015*delta[2],-0.022127-0.000039*delta[0]-0.000091*delta[1]+0.000008*delta[2],-0.014423-0.000051*delta[0]-0.000060*delta[1]+0.000010*delta[2],-0.014569-0.000021*delta[0]-0.000049*delta[1]+0.000002*delta[2],-0.014026-0.000026*delta[0]-0.000055*delta[1]+0.000007*delta[2],-0.008776-0.000016*delta[0]-0.000032*delta[1]+0.000000*delta[2],-0.008742-0.000007*delta[0]-0.000030*delta[1]+0.000006*delta[2],-3.349192-0.005499*delta[0]-0.012417*delta[1]+0.002606*delta[2],-0.040485-0.000200*delta[0]-0.000159*delta[1]+0.000010*delta[2],-0.011088-0.000013*delta[0]-0.000049*delta[1]-0.000005*delta[2],-0.010588-0.000012*delta[0]-0.000037*delta[1]+0.000002*delta[2],-0.007825-0.000011*delta[0]-0.000032*delta[1]-0.000005*delta[2],-0.066474-0.000081*delta[0]-0.000211*delta[1]-0.000007*delta[2],-0.133490-0.000357*delta[0]-0.000377*delta[1]-0.000073*delta[2],-0.213757-0.000234*delta[0]-0.000969*delta[1]+0.000132*delta[2],-0.159375-0.000234*delta[0]-0.000582*delta[1]-0.000030*delta[2],-0.081792-0.000114*delta[0]-0.000342*delta[1]+0.000006*delta[2],-0.009383-0.000015*delta[0]-0.000036*delta[1]-0.000007*delta[2],-0.009894-0.000020*delta[0]-0.000048*delta[1]+0.000007*delta[2],-0.009807-0.000028*delta[0]-0.000030*delta[1]-0.000005*delta[2],-0.036209-0.000097*delta[0]-0.000143*delta[1]+0.000018*delta[2],-0.047164-0.000137*delta[0]-0.000193*delta[1]+0.000013*delta[2],-0.041807-0.000089*delta[0]-0.000206*delta[1]-0.000012*delta[2],-0.011561-0.000013*delta[0]-0.000037*delta[1]-0.000002*delta[2],-0.011936-0.000023*delta[0]-0.000039*delta[1]+0.000004*delta[2],-0.011933-0.000027*delta[0]-0.000052*delta[1]+0.000017*delta[2]
0.006200+0.000019*delta[0]+0.000025*delta[1]-0.000004*delta[2],0.006113+0.000017*delta[0]+0.000025*delta[1]-0.000004*delta[2],0.010848+0.000033*delta[0]+0.000047*delta[1]-0.000010*delta[2],0.010421+0.000017*delta[0]+0.000045*delta[1]-0.000004*delta[2],0.009554+0.000026*delta[0]+0.000035*delta[1]-0.000004*delta[2],0.008490+0.000025*delta[0]+0.000034*delta[1]-0.000011*delta[2],0.019288+0.000032*delta[0]+0.000081*delta[1]-0.000008*delta[2],0.017917+0.000040*delta[0]+0.000061*delta[1]+0.000005*delta[2],0.015480+0.000026*delta[0]+0.000075*delta[1]+0.000009*delta[2],0.019800+0.000057*delta[0]+0.000049*delta[1]+0.000014*delta[2],0.017984+0.000018*delta[0]+0.000074*delta[1]-0.000004*delta[2],0.004602+0.000015*delta[0]+0.000021*delta[1]-0.000004*delta[2],0.007208+0.000018*delta[0]+0.000023*delta[1]-0.000008*delta[2],0.014247+0.000031*delta[0]+0.000042*delta[1]-0.000003*delta[2],0.010545+0.000027*delta[0]+0.000038*delta[1]-0.000012*delta[2],0.014887+0.000022*delta[0]+0.000046*delta[1]+0.000002*delta[2],0.004448+0.000003*delta[0]+0.000017*delta[1]-0.000002*delta[2],0.004582+0.000011*delta[0]+0.000018*delta[1]-0.000000*delta[2],0.004593+0.000012*delta[0]+0.000017*delta[1]-0.000000*delta[2],0.004554+0.000008*delta[0]+0.000017*delta[1]-0.000002*delta[2],0.004446+0.000008*delta[0]+0.000017*delta[1]-0.000004*delta[2],0.009716+0.000031*delta[0]+0.000030*delta[1]+0.000002*delta[2],0.009782+0.000024*delta[0]+0.000045*delta[1]-0.000002*delta[2],0.009439+0.000038*delta[0]+0.000043*delta[1]-0.000005*delta[2],0.004905+0.000011*delta[0]+0.000021*delta[1]-0.000001*delta[2],0.004974+0.000012*delta[0]+0.000014*delta[1]+0.000002*delta[2],0.004850+0.000011*delta[0]+0.000023*delta[1]-0.000002*delta[2],0.006842+0.000017*delta[0]+0.000025*delta[1]-0.000003*delta[2],0.006854+0.000018*delta[0]+0.000025*delta[1]-0.000003*delta[2],0.006597+0.000010*delta[0]+0.000025*delta[1]+0.000003*delta[2]
0.004596+0.000003*delta[0]+0.000022*delta[1]+0.000002*delta[2],0.004536+0.000009*delta[0]+0.000020*delta[1]-0.000001*delta[2],0.006966+0.000017*delta[0]+0.000026*delta[1]+0.000007*delta[2],0.006744+0.000011*delta[0]+0.000025*delta[1]+0.000003*delta[2],0.006334+0.000017*delta[0]+0.000020*delta[1]+0.000005*delta[2],0.005775+0.000011*delta[0]+0.000022*delta[1]+0.000000*delta[2],0.009406+0.000021*delta[0]+0.000047*delta[1]-0.000000*delta[2],0.008908+0.000011*delta[0]+0.000041*delta[1]+0.000003*delta[2],0.008172+0.000013*delta[0]+0.000030*delta[1]-0.000003*delta[2],0.008288+0.000008*delta[0]+0.000045*delta[1]+0.000001*delta[2],0.007932+0.000018*delta[0]+0.000037*delta[1]+0.000002*delta[2],0.003544+0.000004*delta[0]+0.000015*delta[1]-0.000001*delta[2],0.005067+0.000010*delta[0]+0.000018*delta[1]-0.000000*delta[2],0.006953+0.000009*delta[0]+0.000036*delta[1]+0.000007*delta[2],0.005742+0.000011*delta[0]+0.000023*delta[1]+0.000007*delta[2],0.006720+0.000015*delta[0]+0.000033*delta[1]-0.000002*delta[2],0.003294+0.000004*delta[0]+0.000014*delta[1]-0.000001*delta[2],0.003340+0.000005*delta[0]+0.000012*delta[1]-0.000001*delta[2],0.003347+0.000004*delta[0]+0.000015*delta[1]-0.000001*delta[2],0.003314+0.000007*delta[0]+0.000014*delta[1]+0.000003*delta[2],0.003242+0.000004*delta[0]+0.000012*delta[1]+0.000000*delta[2],0.005092+0.000003*delta[0]+0.000021*delta[1]-0.000000*delta[2],0.005089+0.000009*delta[0]+0.000022*delta[1]+0.000002*delta[2],0.004952+0.000010*delta[0]+0.000022*delta[1]-0.000001*delta[2],0.003346+0.000005*delta[0]+0.000016*delta[1]+0.000002*delta[2],0.003368+0.000003*delta[0]+0.000012*delta[1]+0.000001*delta[2],0.003312+0.000004*delta[0]+0.000015*delta[1]+0.000000*delta[2],0.003974+0.000009*delta[0]+0.000019*delta[1]+0.000001*delta[2],0.003970+0.000007*delta[0]+0.000014*delta[1]+0.000002*delta[2],0.003848+0.000008*delta[0]+0.000015*delta[1]+0.000002*delta[2]
0.005472+0.000016*delta[0]+0.000023*delta[1]-0.000007*delta[2],0.005076+0.000014*delta[0]+0.000025*delta[1]+0.000001*delta[2],0.008239+0.000015*delta[0]+0.000026*delta[1]+0.000004*delta[2],0.007249+0.000009*delta[0]+0.000034*delta[1]-0.000004*delta[2],0.006271+0.000014*delta[0]+0.000019*delta[1]+0.000001*delta[2],0.005349+0.000007*delta[0]+0.000021*delta[1]-0.000000*delta[2],0.011607+0.000024*delta[0]+0.000054*delta[1]-0.000000*delta[2],0.009742+0.000017*delta[0]+0.000046*delta[1]-0.000003*delta[2],0.008014+0.000024*delta[0]+0.000039*delta[1]+0.000005*delta[2],0.009711+0.000025*delta[0]+0.000039*delta[1]+0.000004*delta[2],0.008359+0.000017*delta[0]+0.000028*delta[1]+0.000001*delta[2],0.004121+0.000006*delta[0]+0.000016*delta[1]-0.000004*delta[2],0.006939+0.000015*delta[0]+0.000026*delta[1]-0.000002*delta[2],0.009591+0.000014*delta[0]+0.000033*delta[1]-0.000004*delta[2],0.005566+0.000017*delta[0]+0.000023*delta[1]-0.000001*delta[2],0.008042+0.000036*delta[0]+0.000031*delta[1]-0.000005*delta[2],0.004229+0.000008*delta[0]+0.000017*delta[1]+0.000002*delta[2],0.004114+0.000007*delta[0]+0.000015*delta[1]-0.000000*delta[2],0.003928+0.000005*delta[0]+0.000014*delta[1]+0.000001*delta[2],0.003711+0.000010*delta[0]+0.000015*delta[1]+0.000006*delta[2],0.003458+0.000007*delta[0]+0.000011*delta[1]-0.000001*delta[2],0.006670+0.000028*delta[0]+0.000026*delta[1]+0.000002*delta[2],0.006186+0.000013*delta[0]+0.000023*delta[1]+0.000002*delta[2],0.005596+0.000016*delta[0]+0.000018*delta[1]-0.000000*delta[2],0.004272+0.000007*delta[0]+0.000020*delta[1]+0.000002*delta[2],0.003911+0.000015*delta[0]+0.000015*delta[1]+0.000003*delta[2],0.003657+0.000013*delta[0]+0.000016*delta[1]+0.000001*delta[2],0.005065+0.000011*delta[0]+0.000020*delta[1]-0.000001*delta[2],0.004761+0.000012*delta[0]+0.000021*delta[1]+0.000003*delta[2],0.004395+0.000010*delta[0]+0.000014*delta[1]+0.000003*delta[2]
0.001764+0.000002*delta[0]+0.000006*delta[1]+0.000000*delta[2],0.001701+0.000003*delta[0]+0.000006*delta[1]-0.000001*delta[2],0.002108+0.000005*delta[0]+0.000008*delta[1]+0.000001*delta[2],0.002033+0.000005*delta[0]+0.000008*delta[1]+0.000002*delta[2],0.001934+0.000004*delta[0]+0.000006*delta[1]-0.000000*delta[2],0.001825+0.000004*delta[0]+0.000008*delta[1]+0.000001*delta[2],0.002291+0.000006*delta[0]+0.000010*delta[1]-0.000002*delta[2],0.002172+0.000001*delta[0]+0.000008*delta[1]+0.000001*delta[2],0.002067+0.000004*delta[0]+0.000006*delta[1]+0.000000*delta[2],0.002044+0.000005*delta[0]+0.000007*delta[1]+0.000000*delta[2],0.001958+0.000001*delta[0]+0.000008*delta[1]-0.000001*delta[2],0.001492+0.000004*delta[0]+0.000005*delta[1]+0.000001*delta[2],0.001868+0.000003*delta[0]+0.000007*delta[1]+0.000001*delta[2],0.001950+0.000002*delta[0]+0.000008*delta[1]-0.000001*delta[2],0.001668+0.000004*delta[0]+0.000007*delta[1]-0.000000*delta[2],0.001817+0.000004*delta[0]+0.000008*delta[1]+0.000001*delta[2],0.001409+0.000004*delta[0]+0.000005*delta[1]+0.000000*delta[2],0.001386+0.000002*delta[0]+0.000004*delta[1]-0.000000*delta[2],0.001370+0.000002*delta[0]+0.000005*delta[1]+0.000002*delta[2],0.001337+0.000001*delta[0]+0.000005*delta[1]-0.000000*delta[2],0.001302+0.000002*delta[0]+0.000005*delta[1]-0.000001*delta[2],0.001593+0.000002*delta[0]+0.000006*delta[1]-0.000000*delta[2],0.001570+0.000004*delta[0]+0.000008*delta[1]+0.000000*delta[2],0.001525+0.000005*delta[0]+0.000006*delta[1]-0.000000*delta[2],0.001343+0.000003*delta[0]+0.000006*delta[1]+0.000000*delta[2],0.001293+0.000002*delta[0]+0.000005*delta[1]+0.000001*delta[2],0.001265+0.000001*delta[0]+0.000004*delta[1]-0.000001*delta[2],0.001387+0.000004*delta[0]+0.000004*delta[1]-0.000001*delta[2],0.001361+0.000003*delta[0]+0.000005*delta[1]+0.000001*delta[2],0.001322+0.000004*delta[0]+0.000003*delta[1]+0.000001*delta[2]
0.005682+0.000013*delta[0]+0.000021*delta[1]+0.000002*delta[2],0.006086-0.000000*delta[0]+0.000031*delta[1]-0.000004*delta[2],0.009037+0.000027*delta[0]+0.000040*delta[1]+0.000007*delta[2],0.009927+0.000019*delta[0]+0.000049*delta[1]+0.000003*delta[2],0.010507+0.000021*delta[0]+0.000041*delta[1]+0.000001*delta[2],0.010495+0.000020*delta[0]+0.000041*delta[1]-0.000007*delta[2],0.011387+0.000023*delta[0]+0.000048*delta[1]-0.000002*delta[2],0.012854+0.000014*delta[0]+0.000049*delta[1]-0.000011*delta[2],0.013801+0.000058*delta[0]+0.000055*delta[1]+0.000012*delta[2],0.010125+0.000017*delta[0]+0.000057*delta[1]+0.000001*delta[2],0.011184+0.000010*delta[0]+0.000043*delta[1]-0.000003*delta[2],0.004368+0.000013*delta[0]+0.000022*delta[1]-0.000002*delta[2],0.005341+0.000014*delta[0]+0.000022*delta[1]+0.000001*delta[2],0.007349+0.000018*delta[0]+0.000033*delta[1]+0.000003*delta[2],0.009526+0.000013*delta[0]+0.000038*delta[1]-0.000003*delta[2],0.007862+0.000010*delta[0]+0.000028*delta[1]+0.000002*delta[2],0.003636+0.000010*delta[0]+0.000016*delta[1]-0.000001*delta[2],0.003915+0.000007*delta[0]+0.000013*delta[1]+0.000001*delta[2],0.004190+0.000014*delta[0]+0.000022*delta[1]+0.000003*delta[2],0.004388+0.000011*delta[0]+0.000017*delta[1]-0.000003*delta[2],0.004554+0.000016*delta[0]+0.000022*delta[1]-0.000002*delta[2],0.005520+0.000010*delta[0]+0.000022*delta[1]-0.000000*delta[2],0.006043+0.000021*delta[0]+0.000028*delta[1]-0.000000*delta[2],0.006431+0.000008*delta[0]+0.000028*delta[1]-0.000006*delta[2],0.003759+0.000010*delta[0]+0.000017*delta[1]+0.000000*delta[2],0.004292+0.000011*delta[0]+0.000024*delta[1]-0.000003*delta[2],0.004481+0.000009*delta[0]+0.000022*delta[1]-0.000002*delta[2],0.004444+0.000011*delta[0]+0.000019*delta[1]-0.000001*delta[2],0.004757+0.000011*delta[0]+0.000018*delta[1]-0.000005*delta[2],0.004980+0.000015*delta[0]+0.000019*delta[1]-0.000004*delta[2]
0.001553+0.000003*delta[0]+0.000008*delta[1]-0.000000*delta[2],0.001475+0.000003*delta[0]+0.000007*delta[1]+0.000000*delta[2],0.001803+0.000005*delta[0]+0.000009*delta[1]+0.000001*delta[2],0.001690+0.000003*delta[0]+0.000007*delta[1]-0.000001*delta[2],0.001587+0.000003*delta[0]+0.000006*delta[1]+0.000000*delta[2],0.001475+0.000002*delta[0]+0.000006*delta[1]+0.000001*delta[2],0.001930+0.000005*delta[0]+0.000008*delta[1]+0.000002*delta[2],0.001803+0.000004*delta[0]+0.000008*delta[1]+0.000000*delta[2],0.001678+0.000003*delta[0]+0.000008*delta[1]+0.000001*delta[2],0.001701+0.000004*delta[0]+0.000007*delta[1]-0.000000*delta[2],0.001611+0.000003*delta[0]+0.000006*delta[1]-0.000000*delta[2],0.001338+0.000002*delta[0]+0.000006*delta[1]-0.000000*delta[2],0.001691+0.000004*delta[0]+0.000004*delta[1]-0.000000*delta[2],0.001703+0.000007*delta[0]+0.000006*delta[1]-0.000002*delta[2],0.001352+0.000003*delta[0]+0.000007*delta[1]-0.000001*delta[2],0.001540+0.000004*delta[0]+0.000006*delta[1]-0.000001*delta[2],0.001307+0.000003*delta[0]+0.000006*delta[1]+0.000001*delta[2],0.001267+0.000003*delta[0]+0.000006*delta[1]+0.000000*delta[2],0.001229+0.000004*delta[0]+0.000005*delta[1]-0.000000*delta[2],0.001174+0.000002*delta[0]+0.000005*delta[1]+0.000000*delta[2],0.001129+0.000003*delta[0]+0.000004*delta[1]-0.000000*delta[2],0.001411+0.000003*delta[0]+0.000006*delta[1]+0.000000*delta[2],0.001359+0.000003*delta[0]+0.000008*delta[1]-0.000001*delta[2],0.001297+0.000003*delta[0]+0.000005*delta[1]-0.000001*delta[2],0.001225+0.000003*delta[0]+0.000004*delta[1]+0.000001*delta[2],0.001143+0.000002*delta[0]+0.000005*delta[1]+0.000001*delta[2],0.000000,0.001239+0.000003*delta[0]+0.000005*delta[1]-0.000000*delta[2],0.001194+0.000003*delta[0]+0.000005*delta[1]+0.000000*delta[2],0.001148+0.000003*delta[0]+0.000005*delta[1]+0.000001*delta[2]
0.008581+0.000018*delta[0]+0.000043*delta[1]+0.000006*delta[2],0.007558+0.000018*delta[0]+0.000034*delta[1]+0.000010*delta[2],0.014025+0.000019*delta[0]+0.000068*delta[1]-0.000011*delta[2],0.011265+0.000026*delta[0]+0.000051*delta[1]+0.000004*delta[2],0.008886+0.000018*delta[0]+0.000045*delta[1]+0.000001*delta[2],0.007075+0.000006*delta[0]+0.000032*delta[1]+0.000004*delta[2],0.021932+0.000055*delta[0]+0.000085*delta[1]-0.000002*delta[2],0.015608+0.000040*delta[0]+0.000076*delta[1]+0.000025*delta[2],0.011433+0.000018*delta[0]+0.000042*delta[1]-0.000000*delta[2],0.016167+0.000037*delta[0]+0.000066*delta[1]+0.000028*delta[2],0.012429+0.000042*delta[0]+0.000052*delta[1]+0.000004*delta[2],0.006206+0.000010*delta[0]+0.000026*delta[1]-0.000001*delta[2],0.012766+0.000032*delta[0]+0.000046*delta[1]+0.000008*delta[2],0.019139+0.000025*delta[0]+0.000081*delta[1]-0.000011*delta[2],0.007555+0.000017*delta[0]+0.000034*delta[1]+0.000000*delta[2],0.012922+0.000027*delta[0]+0.000052*delta[1]-0.000004*delta[2],0.006785+0.000012*delta[0]+0.000031*delta[1]+0.000009*delta[2],0.006432+0.000017*delta[0]+0.000031*delta[1]-0.000004*delta[2],0.005959+0.000012*delta[0]+0.000024*delta[1]+0.000006*delta[2],0.005455+0.000010*delta[0]+0.000026*delta[1]-0.000001*delta[2],0.004892+0.000007*delta[0]+0.000020*delta[1]-0.000000*delta[2],0.011553+0.000026*delta[0]+0.000046*delta[1]-0.000008*delta[2],0.010117+0.000015*delta[0]+0.000038*delta[1]+0.000005*delta[2],0.008597+0.000025*delta[0]+0.000032*delta[1]-0.000002*delta[2],0.007008+0.000014*delta[0]+0.000029*delta[1]+0.000006*delta[2],0.005989+0.000010*delta[0]+0.000023*delta[1]+0.000006*delta[2],0.005396+0.000013*delta[0]+0.000019*delta[1]-0.000002*delta[2],0.008425+0.000027*delta[0]+0.000034*delta[1]+0.000009*delta[2],0.007552+0.000027*delta[0]+0.000031*delta[1]+0.000003*delta[2],0.006634+0.000012*delta[0]+0.000031*delta[1]+0.000004*delta[2]
0.004296+0.000010*delta[0]+0.000021*delta[1]+0.000003*delta[2],0.004629+0.000008*delta[0]+0.000016*delta[1]+0.000003*delta[2],0.006134+0.000011*delta[0]+0.000023*delta[1]+0.000008*delta[2],0.006772+0.000021*delta[0]+0.000025*delta[1]+0.000001*delta[2],0.007338+0.000018*delta[0]+0.000038*delta[1]-0.000004*delta[2],0.007696+0.000015*delta[0]+0.000026*delta[1]+0.000007*delta[2],0.006980+0.000014*delta[0]+0.000033*delta[1]+0.000006*delta[2],0.007835+0.000024*delta[0]+0.000031*delta[1]+0.000002*delta[2],0.008579+0.000019*delta[0]+0.000034*delta[1]+0.000002*delta[2],0.006280+0.000019*delta[0]+0.000025*delta[1]+0.000000*delta[2],0.007004+0.000018*delta[0]+0.000029*delta[1]-0.000011*delta[2],0.003433+0.000007*delta[0]+0.000014*delta[1]+0.000003*delta[2],0.003877+0.000006*delta[0]+0.000015*delta[1]+0.000003*delta[2],0.004811+0.000012*delta[0]+0.000020*delta[1]-0.000000*delta[2],0.006588+0.000015*delta[0]+0.000024*delta[1]+0.000009*delta[2],0.005193+0.000010*delta[0]+0.000018*delta[1]+0.000001*delta[2],0.002788+0.000007*delta[0]+0.000013*delta[1]+0.000002*delta[2],0.003014+0.000004*delta[0]+0.000011*delta[1]+0.000001*delta[2],0.003230+0.000007*delta[0]+0.000012*delta[1]-0.000000*delta[2],0.003454+0.000008*delta[0]+0.000013*delta[1]+0.000000*delta[2],0.003626+0.000008*delta[0]+0.000013*delta[1]+0.000005*delta[2],0.003823+0.000006*delta[0]+0.000017*delta[1]+0.000002*delta[2],0.004180+0.000009*delta[0]+0.000016*delta[1]-0.000001*delta[2],0.004461+0.000003*delta[0]+0.000019*delta[1]-0.000000*delta[2],0.002844+0.000008*delta[0]+0.000012*delta[1]+0.000003*delta[2],0.003267+0.000011*delta[0]+0.000013*delta[1]-0.000001*delta[2],0.003456+0.000007*delta[0]+0.000016*delta[1]-0.000000*delta[2],0.003220+0.000006*delta[0]+0.000009*delta[1]+0.000002*delta[2],0.003449+0.000009*delta[0]+0.000013*delta[1]+0.000004*delta[2],0.003625+0.000003*delta[0]+0.000018*delta[1]+0.000001*delta[2]
0.003721+0.000008*delta[0]+0.000009*delta[1]+0.000003*delta[2],0.003360+0.000006*delta[0]+0.000012*delta[1]-0.000001*delta[2],0.004662+0.000008*delta[0]+0.000010*delta[1]-0.000002*delta[2],0.004096+0.000007*delta[0]+0.000019*delta[1]-0.000001*delta[2],0.003567+0.000008*delta[0]+0.000014*delta[1]+0.000005*delta[2],0.003097+0.000002*delta[0]+0.000010*delta[1]-0.000001*delta[2],0.005329+0.000010*delta[0]+0.000023*delta[1]+0.000002*delta[2],0.004571+0.000009*delta[0]+0.000020*delta[1]-0.000002*delta[2],0.003927+0.000004*delta[0]+0.000013*delta[1]+0.000000*delta[2],0.004365+0.000014*delta[0]+0.000013*delta[1]-0.000001*delta[2],0.003860+0.000006*delta[0]+0.000010*delta[1]-0.000003*delta[2],0.003010+0.000006*delta[0]+0.000010*delta[1]-0.000001*delta[2],0.004640+0.000014*delta[0]+0.000015*delta[1]-0.000003*delta[2],0.004703+0.000007*delta[0]+0.000013*delta[1]-0.000000*delta[2],0.002932+0.000010*delta[0]+0.000009*delta[1]-0.000001*delta[2],0.003817+0.000011*delta[0]+0.000013*delta[1]-0.000002*delta[2],0.003116+0.000016*delta[0]+0.000009*delta[1]+0.000003*delta[2],0.002932+0.000002*delta[0]+0.000011*delta[1]-0.000000*delta[2],0.002736+0.000006*delta[0]+0.000007*delta[1]+0.000000*delta[2],0.002543+0.000001*delta[0]+0.000007*delta[1]-0.000000*delta[2],0.002350+0.000005*delta[0]+0.000010*delta[1]-0.000002*delta[2],0.003571+0.000009*delta[0]+0.000012*delta[1]+0.000002*delta[2],0.003313+0.000011*delta[0]+0.000013*delta[1]+0.000000*delta[2],0.003002+0.000009*delta[0]+0.000008*delta[1]+0.000001*delta[2],0.002916+0.000003*delta[0]+0.000010*delta[1]+0.000002*delta[2],0.002571+0.000004*delta[0]+0.000009*delta[1]-0.000001*delta[2],0.002384+0.000005*delta[0]+0.000008*delta[1]+0.000000*delta[2],0.002997+0.000009*delta[0]+0.000011*delta[1]-0.000000*delta[2],0.002776+0.000006*delta[0]+0.000009*delta[1]+0.000001*delta[2],0.002553+0.000003*delta[0]+0.000007*delta[1]+0.000000*delta[2]
0.021314+0.000059*delta[0]+0.000088*delta[1]-0.000011*delta[2],0.023493+0.000038*delta[0]+0.000086*delta[1]-0.000010*delta[2],0.072383+0.000204*delta[0]+0.000319*delta[1]-0.000038*delta[2],0.089004+0.000170*delta[0]+0.000257*delta[1]-0.000120*delta[2],0.076742+0.000160*delta[0]+0.000312*delta[1]-0.000072*delta[2],0.051682+0.000036*delta[0]+0.000149*delta[1]-0.000010*delta[2],0.191227+0.000575*delta[0]+0.000644*delta[1]-0.000014*delta[2],0.550738+0.001037*delta[0]+0.001854*delta[1]-0.000567*delta[2],0.378038+0.000795*delta[0]+0.001670*delta[1]-0.000217*delta[2],0.063482+0.000098*delta[0]+0.000227*delta[1]-0.000023*delta[2],0.074114+0.000096*delta[0]+0.000276*delta[1]-0.000021*delta[2],0.013422+0.000014*delta[0]+0.000046*delta[1]+0.000007*delta[2],0.020356+0.000041*delta[0]+0.000085*delta[1]-0.000009*delta[2],0.040166+0.000083*delta[0]+0.000197*delta[1]-0.000019*delta[2],0.050953+0.000101*delta[0]+0.000212*delta[1]-0.000005*delta[2],0.034945+0.000050*delta[0]+0.000150*delta[1]-0.000046*delta[2],0.011167+0.000017*delta[0]+0.000046*delta[1]+0.000004*delta[2],0.012775+0.000004*delta[0]+0.000038*delta[1]+0.000006*delta[2],0.014054+0.000026*delta[0]+0.000035*delta[1]-0.000021*delta[2],0.014861+0.000019*delta[0]+0.000052*delta[1]+0.000005*delta[2],0.014647+0.000031*delta[0]+0.000054*delta[1]+0.000002*delta[2],0.022204+0.000052*delta[0]+0.000071*delta[1]-0.000019*delta[2],0.026894+0.000073*delta[0]+0.000086*delta[1]+0.000040*delta[2],0.029026+0.000061*delta[0]+0.000113*delta[1]-0.000010*delta[2],0.013045+0.000038*delta[0]+0.000050*delta[1]-0.000006*delta[2],0.016141+0.000026*delta[0]+0.000058*delta[1]-0.000009*delta[2],0.016439+0.000001*delta[0]+0.000062*delta[1]+0.000020*delta[2],0.016790+0.000042*delta[0]+0.000052*delta[1]+0.000004*delta[2],0.018746+0.000007*delta[0]+0.000062*delta[1]+0.000000*delta[2],0.019574+0.000042*delta[0]+0.000059*delta[1]-0.000006*delta[2]
0.013503+0.000022*delta[0]+0.000048*delta[1]+0.000016*delta[2],0.017028+0.000031*delta[0]+0.000078*delta[1]+0.000002*delta[2],0.025227+0.000067*delta[0]+0.000093*delta[1]+0.000000*delta[2],0.039167+0.000081*delta[0]+0.000151*delta[1]+0.000018*delta[2],0.061288+0.000141*delta[0]+0.000178*delta[1]+0.000012*delta[2],0.083657+0.000203*delta[0]+0.000226*delta[1]-0.000019*delta[2],0.025914+0.000062*delta[0]+0.000083*delta[1]-0.000006*delta[2],0.045229+0.000059*delta[0]+0.000183*delta[1]-0.000020*delta[2],0.089089+0.000153*delta[0]+0.000357*delta[1]+0.000007*delta[2],0.022015+0.000039*delta[0]+0.000091*delta[1]-0.000018*delta[2],0.031477+0.000036*delta[0]+0.000123*delta[1]+0.000011*delta[2],0.009952+0.000009*delta[0]+0.000035*delta[1]+0.000000*delta[2],0.010099+0.000013*delta[0]+0.000041*delta[1]+0.000007*delta[2],0.014035+0.000023*delta[0]+0.000054*delta[1]+0.000010*delta[2],0.047430+0.000089*delta[0]+0.000232*delta[1]+0.000035*delta[2],0.016332+0.000033*delta[0]+0.000066*delta[1]+0.000004*delta[2],0.007221+0.000012*delta[0]+0.000028*delta[1]+0.000004*delta[2],0.008621+0.000015*delta[0]+0.000031*delta[1]+0.000004*delta[2],0.010232+0.000009*delta[0]+0.000038*delta[1]+0.000013*delta[2],0.011983+0.000039*delta[0]+0.000049*delta[1]+0.000004*delta[2],0.013615+0.000031*delta[0]+0.000058*delta[1]+0.000007*delta[2],0.010885+0.000020*delta[0]+0.000037*delta[1]+0.000003*delta[2],0.013817+0.000032*delta[0]+0.000047*delta[1]+0.000001*delta[2],0.017012+0.000020*delta[0]+0.000065*delta[1]+0.000010*delta[2],0.008066+0.000025*delta[0]+0.000032*delta[1]-0.000001*delta[2],0.011429+0.000009*delta[0]+0.000042*delta[1]-0.000000*delta[2],0.013230+0.000010*delta[0]+0.000057*delta[1]-0.000007*delta[2],0.009500+0.000021*delta[0]+0.000035*delta[1]+0.000003*delta[2],0.011341+0.000024*delta[0]+0.000044*delta[1]+0.000006*delta[2],0.013231+0.000014*delta[0]+0.000040*delta[1]+0.000006*delta[2]
0.007279+0.000006*delta[0]+0.000034*delta[1]+0.000000*delta[2],0.006331+0.000006*delta[0]+0.000034*delta[1]-0.000001*delta[2],0.009833+0.000017*delta[0]+0.000041*delta[1]-0.000003*delta[2],0.008027+0.000005*delta[0]+0.000031*delta[1]+0.000010*delta[2],0.006586+0.000013*delta[0]+0.000028*delta[1]+0.000001*delta[2],0.005391+0.000008*delta[0]+0.000025*delta[1]-0.000002*delta[2],0.011071+0.000011*delta[0]+0.000048*delta[1]-0.000004*delta[2],0.008866+0.000023*delta[0]+0.000031*delta[1]+0.000006*delta[2],0.007162+0.000016*delta[0]+0.000034*delta[1]-0.000004*delta[2],0.007739+0.000001*delta[0]+0.000033*delta[1]+0.000001*delta[2],0.006620+0.000004*delta[0]+0.000031*delta[1]-0.000005*delta[2],0.005487+0.000014*delta[0]+0.000027*delta[1]+0.000000*delta[2],0.009860+0.000020*delta[0]+0.000046*delta[1]+0.000005*delta[2],0.008961+0.000026*delta[0]+0.000037*delta[1]-0.000006*delta[2],0.004786+0.000005*delta[0]+0.000018*delta[1]+0.000001*delta[2],0.006444+0.000008*delta[0]+0.000030*delta[1]-0.000003*delta[2],0.005666+0.000013*delta[0]+0.000025*delta[1]-0.000001*delta[2],0.005270+0.000003*delta[0]+0.000023*delta[1]+0.000004*delta[2],0.004850+0.000005*delta[0]+0.000020*delta[1]-0.000005*delta[2],0.004398+0.000002*delta[0]+0.000018*delta[1]+0.000002*delta[2],0.003970+0.000005*delta[0]+0.000019*delta[1]-0.000001*delta[2],0.006088+0.000002*delta[0]+0.000023*delta[1]-0.000000*delta[2],0.005564+0.000009*delta[0]+0.000019*delta[1]-0.000000*delta[2],0.004988+0.000012*delta[0]+0.000022*delta[1]-0.000003*delta[2],0.005161+0.000005*delta[0]+0.000023*delta[1]-0.000001*delta[2],0.004435+0.000004*delta[0]+0.000015*delta[1]-0.000002*delta[2],0.004026+0.000003*delta[0]+0.000016*delta[1]-0.000002*delta[2],0.005044+0.000008*delta[0]+0.000021*delta[1]+0.000001*delta[2],0.004587+0.000008*delta[0]+0.000016*delta[1]-0.000001*delta[2],0.004169+0.000006*delta[0]+0.000019*delta[1]-0.000001*delta[2]
0.003173+0.000003*delta[0]+0.000014*delta[1]+0.000002*delta[2],0.003070+0.000007*delta[0]+0.000012*delta[1]-0.000001*delta[2],0.003897+0.000010*delta[0]+0.000017*delta[1]-0.000002*delta[2],0.003728+0.000003*delta[0]+0.000011*delta[1]-0.000001*delta[2],0.003512+0.000007*delta[0]+0.000014*delta[1]-0.000003*delta[2],0.003299+0.000012*delta[0]+0.000016*delta[1]-0.000000*delta[2],0.004061+0.000005*delta[0]+0.000020*delta[1]+0.000001*delta[2],0.003876+0.000009*delta[0]+0.000015*delta[1]-0.000000*delta[2],0.003654+0.000007*delta[0]+0.000016*delta[1]+0.000000*delta[2],0.003267+0.000006*delta[0]+0.000011*delta[1]+0.000001*delta[2],0.003176+0.000005*delta[0]+0.000015*delta[1]+0.000002*delta[2],0.002597+0.000007*delta[0]+0.000009*delta[1]-0.000001*delta[2],0.003276+0.000004*delta[0]+0.000012*delta[1]+0.000004*delta[2],0.003146+0.000007*delta[0]+0.000013*delta[1]-0.000001*delta[2],0.002680+0.000001*delta[0]+0.000009*delta[1]-0.000001*delta[2],0.002808+0.000007*delta[0]+0.000010*delta[1]+0.000001*delta[2],0.002331+0.000006*delta[0]+0.000008*delta[1]+0.000002*delta[2],0.002311+0.000005*delta[0]+0.000008*delta[1]-0.000001*delta[2],0.002293+0.000007*delta[0]+0.000008*delta[1]+0.000001*delta[2],0.002234+0.000002*delta[0]+0.000010*delta[1]-0.000000*delta[2],0.002177+0.000004*delta[0]+0.000008*delta[1]-0.000001*delta[2],0.002447+0.000007*delta[0]+0.000010*delta[1]+0.000000*delta[2],0.002412+0.000004*delta[0]+0.000009*delta[1]+0.000001*delta[2],0.002361+0.000002*delta[0]+0.000009*delta[1]+0.000002*delta[2],0.002132+0.000001*delta[0]+0.000009*delta[1]-0.000001*delta[2],0.002100+0.000005*delta[0]+0.000007*delta[1]+0.000001*delta[2],0.002071+0.000007*delta[0]+0.000009*delta[1]+0.000001*delta[2],0.002110+0.000003*delta[0]+0.000008*delta[1]-0.000001*delta[2],0.002084+0.000006*delta[0]+0.000010*delta[1]-0.000001*delta[2],0.002033+0.000004*delta[0]+0.000007*delta[1]-0.000001*delta[2]
0.023474+0.000039*delta[0]+0.000118*delta[1]+0.000022*delta[2],0.033090+0.000043*delta[0]+0.000166*delta[1]+0.000013*delta[2],0.042339+0.000099*delta[0]+0.000193*delta[1]+0.000005*delta[2],0.087510+0.000154*delta[0]+0.000387*delta[1]+0.000014*delta[2],0.205952+0.000448*delta[0]+0.000806*delta[1]-0.000052*delta[2],0.323153+0.000723*delta[0]+0.001258*delta[1]+0.000100*delta[2],0.030554+0.000075*delta[0]+0.000153*delta[1]+0.000007*delta[2],0.049978+0.000128*delta[0]+0.000200*delta[1]+0.000024*delta[2],0.081247+0.000207*delta[0]+0.000271*delta[1]-0.000008*delta[2],0.018656+0.000048*delta[0]+0.000059*delta[1]+0.000005*delta[2],0.023430+0.000040*delta[0]+0.000101*delta[1]+0.000008*delta[2],0.016058+0.000029*delta[0]+0.000063*delta[1]+0.000002*delta[2],0.014160+0.000026*delta[0]+0.000070*delta[1]+0.000007*delta[2],0.014611+0.000037*delta[0]+0.000058*delta[1]-0.000010*delta[2],0.034491+0.000072*delta[0]+0.000128*delta[1]+0.000017*delta[2],0.013917+0.000025*delta[0]+0.000063*delta[1]+0.000007*delta[2],0.010057+0.000013*delta[0]+0.000037*delta[1]+0.000002*delta[2],0.012553+0.000045*delta[0]+0.000057*delta[1]-0.000004*delta[2],0.015605+0.000048*delta[0]+0.000062*delta[1]+0.000006*delta[2],0.018729+0.000036*delta[0]+0.000099*delta[1]+0.000004*delta[2],0.021724+0.000047*delta[0]+0.000092*delta[1]-0.000000*delta[2],0.010874+0.000015*delta[0]+0.000050*delta[1]+0.000013*delta[2],0.013200+0.000020*delta[0]+0.000055*delta[1]+0.000013*delta[2],0.015549+0.000023*delta[0]+0.000071*delta[1]+0.000001*delta[2],0.010484+0.000017*delta[0]+0.000043*delta[1]-0.000014*delta[2],0.015759+0.000032*delta[0]+0.000085*delta[1]+0.000014*delta[2],0.018475+0.000027*delta[0]+0.000077*delta[1]+0.000008*delta[2],0.010117+0.000027*delta[0]+0.000043*delta[1]+0.000005*delta[2],0.011806+0.000006*delta[0]+0.000047*delta[1]-0.000007*delta[2],0.013521+0.000046*delta[0]+0.000070*delta[1]+0.000013*delta[2]
0.056423+0.000124*delta[0]+0.000211*delta[1]-0.000058*delta[2],0.046765+0.000051*delta[0]+0.000204*delta[1]-0.000017*delta[2],0.283446+0.000556*delta[0]+0.001319*delta[1]-0.000070*delta[2],0.111661+0.000131*delta[0]+0.000416*delta[1]-0.000048*delta[2],0.050019+0.000125*delta[0]+0.000158*delta[1]-0.000036*delta[2],0.026860+0.000072*delta[0]+0.000096*delta[1]+0.000006*delta[2],0.084364+0.000159*delta[0]+0.000269*delta[1]+0.000012*delta[2],0.063746+0.000169*delta[0]+0.000268*delta[1]-0.000032*delta[2],0.041548+0.000141*delta[0]+0.000168*delta[1]-0.000030*delta[2],0.023521+0.000044*delta[0]+0.000101*delta[1]-0.000006*delta[2],0.021215+0.000041*delta[0]+0.000082*delta[1]-0.000016*delta[2],0.025925+0.000069*delta[0]+0.000086*delta[1]-0.000005*delta[2],0.062711+0.000190*delta[0]+0.000225*delta[1]+0.000004*delta[2],0.030051+0.000040*delta[0]+0.000108*delta[1]-0.000015*delta[2],0.017439+0.000029*delta[0]+0.000061*delta[1]+0.000014*delta[2],0.016730+0.000050*delta[0]+0.000054*delta[1]+0.000000*delta[2],0.020747+0.000032*delta[0]+0.000079*delta[1]-0.000012*delta[2],0.022190+0.000012*delta[0]+0.000087*delta[1]-0.000018*delta[2],0.021949+0.000029*delta[0]+0.000088*delta[1]+0.000009*delta[2],0.020107+0.000075*delta[0]+0.000081*delta[1]-0.000004*delta[2],0.017118+0.000025*delta[0]+0.000051*delta[1]-0.000016*delta[2],0.016387+0.000023*delta[0]+0.000067*delta[1]+0.000004*delta[2],0.016588+0.000059*delta[0]+0.000069*delta[1]-0.000008*delta[2],0.015436+0.000015*delta[0]+0.000067*delta[1]+0.000002*delta[2],0.018802+0.000010*delta[0]+0.000079*delta[1]-0.000006*delta[2],0.018755+0.000033*delta[0]+0.000086*delta[1]-0.000000*delta[2],0.016829+0.000034*delta[0]+0.000070*delta[1]+0.000008*delta[2],0.014523+0.000042*delta[0]+0.000050*delta[1]-0.000008*delta[2],0.014219+0.000029*delta[0]+0.000062*delta[1]+0.000003*delta[2],0.013327+0.000025*delta[0]+0.000049*delta[1]-0.000001*delta[2]
0.043288+0.000082*delta[0]+0.000167*delta[1]+0.000009*delta[2],0.052575-0.000024*delta[0]+0.000208*delta[1]-0.000070*delta[2],0.163916+0.000070*delta[0]+0.000527*delta[1]+0.000066*delta[2],0.297550+0.000562*delta[0]+0.001290*delta[1]-0.000135*delta[2],0.203468+0.000166*delta[0]+0.000877*delta[1]-0.000145*delta[2],0.089104+0.000082*delta[0]+0.000385*delta[1]+0.000117*delta[2],0.062632+0.000125*delta[0]+0.000272*delta[1]-0.000010*delta[2],0.083212+0.000039*delta[0]+0.000376*delta[1]-0.000037*delta[2],0.082282+0.000120*delta[0]+0.000266*delta[1]+0.000015*delta[2],0.023106+0.000046*delta[0]+0.000100*delta[1]-0.000008*delta[2],0.024986+0.000060*delta[0]+0.000120*delta[1]-0.000022*delta[2],0.022899+0.000037*delta[0]+0.000114*delta[1]+0.000024*delta[2],0.027767+0.000049*delta[0]+0.000137*delta[1]-0.000037*delta[2],0.021749+0.000041*delta[0]+0.000058*delta[1]-0.000009*delta[2],0.026285+0.000008*delta[0]+0.000097*delta[1]-0.000034*delta[2],0.016222+0.000039*delta[0]+0.000076*delta[1]+0.000003*delta[2],0.014823+0.000029*delta[0]+0.000063*delta[1]-0.000002*delta[2],0.017662+0.000016*delta[0]+0.000072*delta[1]-0.000001*delta[2],0.020309+0.000007*delta[0]+0.000090*delta[1]-0.000018*delta[2],0.021871+0.000011*delta[0]+0.000094*delta[1]+0.000000*delta[2],0.021517+0.000057*delta[0]+0.000076*delta[1]+0.000003*delta[2],0.013806+0.000031*delta[0]+0.000061*delta[1]+0.000001*delta[2],0.015607+0.000021*delta[0]+0.000065*delta[1]+0.000001*delta[2],0.016427+0.000024*delta[0]+0.000068*delta[1]+0.000018*delta[2],0.014440+0.000032*delta[0]+0.000053*delta[1]+0.000001*delta[2],0.018692+0.000055*delta[0]+0.000073*delta[1]-0.000007*delta[2],0.019146+0.000014*delta[0]+0.000087*delta[1]+0.000012*delta[2],0.012365+0.000018*delta[0]+0.000048*delta[1]-0.000002*delta[2],0.013510+0.000016*delta[0]+0.000057*delta[1]-0.000002*delta[2],0.014056+0.000014*delta[0]+0.000068*delta[1]+0.000001*delta[2]
0.023439+0.000056*delta[0]+0.000073*delta[1]-0.000018*delta[2],0.033054+0.000067*delta[0]+0.000133*delta[1]-0.000019*delta[2],0.041168+0.000081*delta[0]+0.000155*delta[1]+0.000037*delta[2],0.081573+0.000256*delta[0]+0.000330*delta[1]-0.000032*delta[2],0.177986+0.000558*delta[0]+0.000697*delta[1]-0.000017*delta[2],0.262678+0.000449*delta[0]+0.000629*delta[1]-0.000017*delta[2],0.028649+0.000047*delta[0]+0.000128*delta[1]-0.000006*delta[2],0.044697+0.000127*delta[0]+0.000147*delta[1]+0.000033*delta[2],0.068800+0.000113*delta[0]+0.000235*delta[1]-0.000035*delta[2],0.017313+0.000047*delta[0]+0.000073*delta[1]-0.000009*delta[2],0.021326+0.000027*delta[0]+0.000069*delta[1]-0.000008*delta[2],0.016002+0.000045*delta[0]+0.000059*delta[1]-0.000008*delta[2],0.014022+0.000033*delta[0]+0.000057*delta[1]+0.000004*delta[2],0.013713+0.000018*delta[0]+0.000044*delta[1]-0.000003*delta[2],0.030502+0.000054*delta[0]+0.000095*delta[1]-0.000009*delta[2],0.012991+0.000043*delta[0]+0.000058*delta[1]-0.000011*delta[2],0.009891+0.000029*delta[0]+0.000037*delta[1]-0.000007*delta[2],0.012352+0.000026*delta[0]+0.000044*delta[1]-0.000013*delta[2],0.015144+0.000014*delta[0]+0.000057*delta[1]-0.000006*delta[2],0.018412+0.000032*delta[0]+0.000074*delta[1]-0.000025*delta[2],0.021222+0.000035*delta[0]+0.000091*delta[1]-0.000006*delta[2],0.010211+0.000027*delta[0]+0.000027*delta[1]-0.000003*delta[2],0.012335+0.000029*delta[0]+0.000041*delta[1]-0.000001*delta[2],0.014303+0.000023*delta[0]+0.000056*delta[1]-0.000008*delta[2],0.010172+0.000017*delta[0]+0.000035*delta[1]-0.000006*delta[2],0.015030+0.000030*delta[0]+0.000054*delta[1]-0.000004*delta[2],0.017598+0.000043*delta[0]+0.000047*delta[1]-0.000011*delta[2],0.009515+0.000018*delta[0]+0.000033*delta[1]-0.000005*delta[2],0.011117+0.000013*delta[0]+0.000040*delta[1]-0.000002*delta[2],0.012606+0.000017*delta[0]+0.000052*delta[1]+0.000005*delta[2]
0.004615+0.000010*delta[0]+0.000022*delta[1]+0.000001*delta[2],0.004516+0.000010*delta[0]+0.000020*delta[1]+0.000003*delta[2],0.005701+0.000010*delta[0]+0.000021*delta[1]-0.000002*delta[2],0.005468+0.000001*delta[0]+0.000020*delta[1]+0.000002*delta[2],0.005167+0.000011*delta[0]+0.000028*delta[1]-0.000001*delta[2],0.004769+0.000010*delta[0]+0.000021*delta[1]-0.000005*delta[2],0.005490+0.000014*delta[0]+0.000025*delta[1]+0.000005*delta[2],0.005318+0.000006*delta[0]+0.000021*delta[1]+0.000003*delta[2],0.005027+0.000011*delta[0]+0.000019*delta[1]-0.000001*delta[2],0.004080+0.000001*delta[0]+0.000021*delta[1]-0.000001*delta[2],0.004016+0.000008*delta[0]+0.000016*delta[1]+0.000000*delta[2],0.003705+0.000007*delta[0]+0.000016*delta[1]+0.000001*delta[2],0.004558+0.000008*delta[0]+0.000021*delta[1]+0.000000*delta[2],0.003946+0.000009*delta[0]+0.000016*delta[1]+0.000001*delta[2],0.003503+0.000009*delta[0]+0.000016*delta[1]+0.000002*delta[2],0.003423+0.000009*delta[0]+0.000015*delta[1]-0.000002*delta[2],0.003147+0.000005*delta[0]+0.000015*delta[1]-0.000002*delta[2],0.003162+0.000009*delta[0]+0.000014*delta[1]+0.000000*delta[2],0.003158+0.000010*delta[0]+0.000013*delta[1]+0.000000*delta[2],0.003124+0.000007*delta[0]+0.000017*delta[1]-0.000000*delta[2],0.003031+0.000003*delta[0]+0.000011*delta[1]+0.000000*delta[2],0.002992+0.000010*delta[0]+0.000011*delta[1]+0.000000*delta[2],0.002989+0.000005*delta[0]+0.000015*delta[1]-0.000002*delta[2],0.002943+0.000006*delta[0]+0.000016*delta[1]-0.000001*delta[2],0.002808+0.000005*delta[0]+0.000011*delta[1]-0.000004*delta[2],0.002815+0.000008*delta[0]+0.000013*delta[1]-0.000002*delta[2],0.002779+0.000007*delta[0]+0.000011*delta[1]+0.000000*delta[2],0.002615+0.000008*delta[0]+0.000009*delta[1]+0.000001*delta[2],0.002597+0.000006*delta[0]+0.000011*delta[1]-0.000002*delta[2],0.002548+0.000004*delta[0]+0.000012*delta[1]+0.000003*delta[2]
0.047796+0.000050*delta[0]+0.000224*delta[1]+0.000005*delta[2],0.059454+0.000061*delta[0]+0.000252*delta[1]+0.000031*delta[2],0.179764+0.000406*delta[0]+0.000811*delta[1]+0.000124*delta[2],0.343288+0.000852*delta[0]+0.001249*delta[1]+0.000154*delta[2],0.223822+0.000648*delta[0]+0.000765*delta[1]+0.000015*delta[2],0.092002+0.000122*delta[0]+0.000391*delta[1]+0.000050*delta[2],0.058798+0.000099*delta[0]+0.000301*delta[1]+0.000014*delta[2],0.076819+0.000178*delta[0]+0.000202*delta[1]-0.000015*delta[2],0.075697+0.000177*delta[0]+0.000303*delta[1]-0.000036*delta[2],0.021967+0.000025*delta[0]+0.000084*delta[1]+0.000025*delta[2],0.023598+0.000025*delta[0]+0.000078*delta[1]-0.000003*delta[2],0.024783+0.000074*delta[0]+0.000118*delta[1]+0.000015*delta[2],0.028948+0.000103*delta[0]+0.000112*delta[1]-0.000002*delta[2],0.021250+0.000050*delta[0]+0.000085*delta[1]-0.000002*delta[2],0.025506+0.000050*delta[0]+0.000108*delta[1]+0.000008*delta[2],0.015750+0.000031*delta[0]+0.000073*delta[1]-0.000015*delta[2],0.015472+0.000036*delta[0]+0.000060*delta[1]-0.000007*delta[2],0.018797+0.000013*delta[0]+0.000060*delta[1]-0.000007*delta[2],0.021642+0.000028*delta[0]+0.000094*delta[1]-0.000012*delta[2],0.023460+0.000047*delta[0]+0.000098*delta[1]+0.000012*delta[2],0.022926+0.000038*delta[0]+0.000073*delta[1]-0.000001*delta[2],0.013533+0.000037*delta[0]+0.000061*delta[1]-0.000007*delta[2],0.015381+0.000042*delta[0]+0.000060*delta[1]+0.000013*delta[2],0.016173+0.000036*delta[0]+0.000068*delta[1]-0.000003*delta[2],0.014955+0.000025*delta[0]+0.000051*delta[1]+0.000003*delta[2],0.019495+0.000049*delta[0]+0.000092*delta[1]-0.000007*delta[2],0.020146+0.000041*delta[0]+0.000078*delta[1]+0.000003*delta[2],0.012411+0.000030*delta[0]+0.000057*delta[1]+0.000001*delta[2],0.013533+0.000021*delta[0]+0.000053*delta[1]-0.000008*delta[2],0.014081+0.000005*delta[0]+0.000051*delta[1]-0.000006*delta[2]
0.027239+0.000083*delta[0]+0.000107*delta[1]-0.000028*delta[2],0.037115+0.000058*delta[0]+0.000159*delta[1]+0.000042*delta[2],0.052829+0.000105*delta[0]+0.000141*delta[1]-0.000010*delta[2],0.096839+0.000199*delta[0]+0.000462*delta[1]+0.000033*delta[2],0.152494+0.000498*delta[0]+0.000555*delta[1]-0.000048*delta[2],0.141767+0.000274*delta[0]+0.000572*delta[1]-0.000064*delta[2],0.031346+0.000073*delta[0]+0.000085*delta[1]+0.000025*delta[2],0.045191+0.000141*delta[0]+0.000142*delta[1]-0.000031*delta[2],0.058636+0.000080*delta[0]+0.000232*delta[1]-0.000023*delta[2],0.016577+0.000030*delta[0]+0.000070*delta[1]-0.000000*delta[2],0.019485+0.000041*delta[0]+0.000065*delta[1]+0.000004*delta[2],0.017472+0.000029*delta[0]+0.000069*delta[1]+0.000033*delta[2],0.016211+0.000051*delta[0]+0.000056*delta[1]-0.000004*delta[2],0.014107+0.000035*delta[0]+0.000058*delta[1]+0.000010*delta[2],0.024398+0.000040*delta[0]+0.000084*delta[1]+0.000030*delta[2],0.012335+0.000040*delta[0]+0.000040*delta[1]+0.000006*delta[2],0.010628+0.000033*delta[0]+0.000034*delta[1]-0.000016*delta[2],0.012924+0.000013*delta[0]+0.000033*delta[1]-0.000003*delta[2],0.015515+0.000026*delta[0]+0.000064*delta[1]+0.000008*delta[2],0.018011+0.000054*delta[0]+0.000066*delta[1]+0.000003*delta[2],0.019737+0.000082*delta[0]+0.000064*delta[1]+0.000005*delta[2],0.010001+0.000013*delta[0]+0.000029*delta[1]+0.000008*delta[2],0.011681+0.000024*delta[0]+0.000042*delta[1]-0.000005*delta[2],0.013038+0.000028*delta[0]+0.000055*delta[1]-0.000009*delta[2],0.010432+0.000019*delta[0]+0.000036*delta[1]-0.000007*delta[2],0.014457+0.000041*delta[0]+0.000048*delta[1]+0.000004*delta[2],0.016122+0.000026*delta[0]+0.000066*delta[1]+0.000004*delta[2],0.009251+0.000018*delta[0]+0.000034*delta[1]-0.000000*delta[2],0.010433+0.000023*delta[0]+0.000044*delta[1]-0.000008*delta[2],0.011415+0.000013*delta[0]+0.000039*delta[1]-0.000004*delta[2]
0.034924+0.000024*delta[0]+0.000145*delta[1]+0.000019*delta[2],0.046364+0.000103*delta[0]+0.000213*delta[1]+0.000065*delta[2],0.080727+0.000203*delta[0]+0.000316*delta[1]+0.000044*delta[2],0.148446+0.000159*delta[0]+0.000577*delta[1]+0.000080*delta[2],0.177573+0.000315*delta[0]+0.000560*delta[1]-0.000081*delta[2],0.114116+0.000206*delta[0]+0.000417*delta[1]-0.000026*delta[2],0.038905+0.000079*delta[0]+0.000113*delta[1]-0.000025*delta[2],0.052936+0.000054*delta[0]+0.000223*delta[1]-0.000013*delta[2],0.061159+0.000042*delta[0]+0.000318*delta[1]+0.000081*delta[2],0.018009+0.000047*delta[0]+0.000072*delta[1]+0.000005*delta[2],0.020209+0.000042*delta[0]+0.000063*delta[1]+0.000009*delta[2],0.020485+0.000043*delta[0]+0.000098*delta[1]-0.000001*delta[2],0.020475+0.000017*delta[0]+0.000089*delta[1]+0.000009*delta[2],0.016206+0.000035*delta[0]+0.000062*delta[1]+0.000007*delta[2],0.023436+0.000004*delta[0]+0.000081*delta[1]+0.000008*delta[2],0.013097+0.000031*delta[0]+0.000036*delta[1]+0.000002*delta[2],0.012442+0.000034*delta[0]+0.000031*delta[1]+0.000013*delta[2],0.015083+0.000031*delta[0]+0.000064*delta[1]-0.000002*delta[2],0.017790+0.000043*delta[0]+0.000087*delta[1]+0.000001*delta[2],0.019889+0.000028*delta[0]+0.000085*delta[1]-0.000013*delta[2],0.020727+0.000042*delta[0]+0.000075*delta[1]+0.000012*delta[2],0.011012+0.000024*delta[0]+0.000031*delta[1]+0.000008*delta[2],0.012603+0.000019*delta[0]+0.000057*delta[1]+0.000002*delta[2],0.013615+0.000021*delta[0]+0.000060*delta[1]-0.000003*delta[2],0.011938+0.000015*delta[0]+0.000049*delta[1]-0.000017*delta[2],0.015981+0.000033*delta[0]+0.000067*delta[1]+0.000014*delta[2],0.017257+0.000016*delta[0]+0.000086*delta[1]+0.000012*delta[2],0.010114+0.000019*delta[0]+0.000046*delta[1]-0.000006*delta[2],0.011199+0.000007*delta[0]+0.000057*delta[1]+0.000005*delta[2],0.011962+0.000015*delta[0]+0.000046*delta[1]+0.000014*delta[2]
0.025127+0.000055*delta[0]+0.000097*delta[1]-0.000013*delta[2],0.036989+0.000138*delta[0]+0.000169*delta[1]-0.000012*delta[2],0.040180+0.000122*delta[0]+0.000154*delta[1]-0.000067*delta[2],0.077025+0.000269*delta[0]+0.000329*delta[1]-0.000027*delta[2],0.155451+0.000489*delta[0]+0.000494*delta[1]+0.000081*delta[2],0.221408+0.000286*delta[0]+0.000936*delta[1]-0.000244*delta[2],0.024924+0.000051*delta[0]+0.000113*delta[1]+0.000010*delta[2],0.036298+0.000083*delta[0]+0.000163*delta[1]-0.000015*delta[2],0.050628+0.000100*delta[0]+0.000187*delta[1]-0.000086*delta[2],0.014813+0.000024*delta[0]+0.000048*delta[1]-0.000002*delta[2],0.017743+0.000032*delta[0]+0.000073*delta[1]-0.000020*delta[2],0.017443+0.000039*delta[0]+0.000066*delta[1]-0.000002*delta[2],0.014073+0.000034*delta[0]+0.000049*delta[1]-0.000003*delta[2],0.012450+0.000027*delta[0]+0.000042*delta[1]-0.000009*delta[2],0.024925+0.000024*delta[0]+0.000103*delta[1]+0.000004*delta[2],0.011314+0.000017*delta[0]+0.000045*delta[1]-0.000000*delta[2],0.010111+0.000023*delta[0]+0.000034*delta[1]-0.000005*delta[2],0.012737+0.000021*delta[0]+0.000034*delta[1]-0.000000*delta[2],0.015822+0.000027*delta[0]+0.000062*delta[1]+0.000003*delta[2],0.019311+0.000021*delta[0]+0.000104*delta[1]-0.000020*delta[2],0.022441+0.000061*delta[0]+0.000082*delta[1]-0.000006*delta[2],0.009346+0.000027*delta[0]+0.000048*delta[1]-0.000005*delta[2],0.011113+0.000030*delta[0]+0.000053*delta[1]-0.000003*delta[2],0.012601+0.000032*delta[0]+0.000049*delta[1]+0.000002*delta[2],0.010122+0.000031*delta[0]+0.000036*delta[1]-0.000003*delta[2],0.014856+0.000009*delta[0]+0.000055*delta[1]+0.000006*delta[2],0.017319+0.000051*delta[0]+0.000049*delta[1]-0.000006*delta[2],0.008883+0.000017*delta[0]+0.000037*delta[1]-0.000004*delta[2],0.010172+0.000019*delta[0]+0.000041*delta[1]+0.000001*delta[2],0.011454+0.000029*delta[0]+0.000053*delta[1]+0.000001*delta[2]
0.010509+0.000012*delta[0]+0.000039*delta[1]-0.000004*delta[2],0.009538+0.000029*delta[0]+0.000039*delta[1]+0.000003*delta[2],0.013828+0.000043*delta[0]+0.000068*delta[1]+0.000003*delta[2],0.011975+0.000004*delta[0]+0.000049*delta[1]-0.000001*delta[2],0.010024+0.000006*delta[0]+0.000046*delta[1]-0.000001*delta[2],0.008363+0.000021*delta[0]+0.000028*delta[1]+0.000011*delta[2],0.012044+0.000015*delta[0]+0.000039*delta[1]+0.000007*delta[2],0.010786+0.000022*delta[0]+0.000046*delta[1]-0.000009*delta[2],0.009296+0.000008*delta[0]+0.000043*delta[1]+0.000005*delta[2],0.007327+0.000013*delta[0]+0.000023*delta[1]-0.000001*delta[2],0.006837+0.000005*delta[0]+0.000026*delta[1]+0.000001*delta[2],0.007566+0.000017*delta[0]+0.000029*delta[1]-0.000008*delta[2],0.011136+0.000019*delta[0]+0.000048*delta[1]+0.000007*delta[2],0.007789+0.000008*delta[0]+0.000027*delta[1]-0.000006*delta[2],0.005693+0.000010*delta[0]+0.000024*delta[1]+0.000004*delta[2],0.005862+0.000007*delta[0]+0.000018*delta[1]+0.000001*delta[2],0.006384+0.000007*delta[0]+0.000029*delta[1]+0.000004*delta[2],0.006311+0.000012*delta[0]+0.000028*delta[1]+0.000004*delta[2],0.006108+0.000010*delta[0]+0.000024*delta[1]-0.000003*delta[2],0.005769+0.000011*delta[0]+0.000021*delta[1]-0.000002*delta[2],0.005352+0.000011*delta[0]+0.000018*delta[1]+0.000001*delta[2],0.005345+0.000013*delta[0]+0.000022*delta[1]-0.000002*delta[2],0.005256+0.000014*delta[0]+0.000020*delta[1]+0.000001*delta[2],0.004978+0.000009*delta[0]+0.000020*delta[1]+0.000005*delta[2],0.005440+0.000013*delta[0]+0.000024*delta[1]-0.000003*delta[2],0.005162+0.000012*delta[0]+0.000020*delta[1]+0.000005*delta[2],0.004899+0.000012*delta[0]+0.000016*delta[1]-0.000002*delta[2],0.004661+0.000009*delta[0]+0.000021*delta[1]+0.000002*delta[2],0.004537+0.000012*delta[0]+0.000022*delta[1]+0.000002*delta[2],0.004302+0.000003*delta[0]+0.000017*delta[1]+0.000001*delta[2]
0.059330+0.000170*delta[0]+0.000169*delta[1]-0.000025*delta[2],0.056084+0.000072*delta[0]+0.000133*delta[1]+0.000021*delta[2],0.184549+0.000356*delta[0]+0.000760*delta[1]-0.000055*delta[2],0.130021+0.000243*delta[0]+0.000600*delta[1]-0.000026*delta[2],0.067835+0.000100*delta[0]+0.000252*delta[1]+0.000039*delta[2],0.037078+0.000108*delta[0]+0.000130*delta[1]+0.000009*delta[2],0.050966+0.000120*delta[0]+0.000197*delta[1]-0.000013*delta[2],0.048676+0.000096*delta[0]+0.000155*delta[1]-0.000030*delta[2],0.038869+0.000069*delta[0]+0.000141*delta[1]-0.000038*delta[2],0.018229+0.000032*delta[0]+0.000054*delta[1]-0.000011*delta[2],0.017708+0.000043*delta[0]+0.000062*delta[1]-0.000016*delta[2],0.027309+0.000072*delta[0]+0.000131*delta[1]-0.000003*delta[2],0.042823+0.000092*delta[0]+0.000183*delta[1]+0.000035*delta[2],0.020626+0.000044*delta[0]+0.000059*delta[1]+0.000009*delta[2],0.016509+0.000023*delta[0]+0.000058*delta[1]-0.000022*delta[2],0.013345+0.000033*delta[0]+0.000052*delta[1]+0.000004*delta[2],0.017985+0.000033*delta[0]+0.000064*delta[1]-0.000021*delta[2],0.020349+0.000068*delta[0]+0.000087*delta[1]+0.000007*delta[2],0.021292+0.000051*delta[0]+0.000072*delta[1]+0.000010*delta[2],0.020624+0.000056*delta[0]+0.000086*delta[1]-0.000008*delta[2],0.018406+0.000041*delta[0]+0.000053*delta[1]-0.000014*delta[2],0.012496+0.000019*delta[0]+0.000048*delta[1]+0.000000*delta[2],0.013104+0.000030*delta[0]+0.000044*delta[1]+0.000001*delta[2],0.012835+0.000041*delta[0]+0.000059*delta[1]-0.000005*delta[2],0.015577+0.000023*delta[0]+0.000057*delta[1]-0.000007*delta[2],0.017038+0.000025*delta[0]+0.000057*delta[1]-0.000016*delta[2],0.016217+0.000046*delta[0]+0.000066*delta[1]-0.000013*delta[2],0.011506+0.000020*delta[0]+0.000049*delta[1]+0.000003*delta[2],0.011651+0.000024*delta[0]+0.000027*delta[1]+0.000005*delta[2],0.011349+0.000021*delta[0]+0.000044*delta[1]+0.000003*delta[2]
0.072137+0.000207*delta[0]+0.000305*delta[1]+0.000076*delta[2],0.056704+0.000143*delta[0]+0.000247*delta[1]+0.000000*delta[2],0.202879+0.000244*delta[0]+0.000767*delta[1]-0.000095*delta[2],0.098878+0.000211*delta[0]+0.000397*delta[1]-0.000056*delta[2],0.048474+0.000047*delta[0]+0.000197*delta[1]+0.000022*delta[2],0.027323+0.000062*delta[0]+0.000090*delta[1]+0.000008*delta[2],0.051611+0.000106*delta[0]+0.000194*delta[1]+0.000001*delta[2],0.043687+0.000092*delta[0]+0.000157*delta[1]+0.000013*delta[2],0.032287+0.000075*delta[0]+0.000101*delta[1]+0.000030*delta[2],0.017972+0.000029*delta[0]+0.000062*delta[1]-0.000018*delta[2],0.016663+0.000024*delta[0]+0.000059*delta[1]+0.000004*delta[2],0.030466+0.000029*delta[0]+0.000094*delta[1]+0.000030*delta[2],0.063845+0.000089*delta[0]+0.000266*delta[1]-0.000004*delta[2],0.022496+0.000081*delta[0]+0.000090*delta[1]+0.000007*delta[2],0.014932+0.000048*delta[0]+0.000053*delta[1]-0.000001*delta[2],0.013349+0.000032*delta[0]+0.000050*delta[1]+0.000002*delta[2],0.021888+0.000034*delta[0]+0.000090*delta[1]-0.000005*delta[2],0.023569+0.000025*delta[0]+0.000084*delta[1]-0.000009*delta[2],0.023431+0.000009*delta[0]+0.000097*delta[1]+0.000005*delta[2],0.021221+0.000032*delta[0]+0.000087*delta[1]+0.000002*delta[2],0.017937+0.000031*delta[0]+0.000056*delta[1]-0.000001*delta[2],0.013377+0.000023*delta[0]+0.000051*delta[1]-0.000016*delta[2],0.013427+0.000018*delta[0]+0.000047*delta[1]-0.000002*delta[2],0.012747+0.000018*delta[0]+0.000042*delta[1]-0.000014*delta[2],0.018034+0.000011*delta[0]+0.000059*delta[1]-0.000001*delta[2],0.018109+0.000022*delta[0]+0.000065*delta[1]-0.000009*delta[2],0.016390+0.000051*delta[0]+0.000062*delta[1]+0.000006*delta[2],0.012354+0.000028*delta[0]+0.000056*delta[1]+0.000006*delta[2],0.012157+0.000040*delta[0]+0.000055*delta[1]-0.000004*delta[2],0.011550+0.000026*delta[0]+0.000041*delta[1]+0.000006*delta[2]
0.045500+0.000026*delta[0]+0.000148*delta[1]-0.000027*delta[2],0.066343+0.000071*delta[0]+0.000259*delta[1]-0.000037*delta[2],0.089267+0.000078*delta[0]+0.000370*delta[1]+0.000023*delta[2],0.177684+0.000333*delta[0]+0.000535*delta[1]-0.000039*delta[2],0.215642+0.000189*delta[0]+0.000625*delta[1]-0.000016*delta[2],0.127322+0.000206*delta[0]+0.000445*delta[1]-0.000142*delta[2],0.034335+0.000040*delta[0]+0.000145*delta[1]-0.000007*delta[2],0.044666+0.000073*delta[0]+0.000203*delta[1]-0.000013*delta[2],0.050902+0.000077*delta[0]+0.000199*delta[1]-0.000045*delta[2],0.016161+0.000034*delta[0]+0.000063*delta[1]-0.000030*delta[2],0.017966+0.000021*delta[0]+0.000082*delta[1]+0.000008*delta[2],0.025975+0.000069*delta[0]+0.000095*delta[1]-0.000007*delta[2],0.022565+0.000021*delta[0]+0.000102*delta[1]-0.000006*delta[2],0.015309+0.000004*delta[0]+0.000048*delta[1]-0.000016*delta[2],0.021784+0.000044*delta[0]+0.000090*delta[1]+0.000003*delta[2],0.012170-0.000000*delta[0]+0.000040*delta[1]+0.000008*delta[2],0.014146+0.000022*delta[0]+0.000066*delta[1]-0.000000*delta[2],0.017652+0.000010*delta[0]+0.000069*delta[1]+0.000004*delta[2],0.021475+0.000045*delta[0]+0.000069*delta[1]+0.000009*delta[2],0.024641+0.000045*delta[0]+0.000098*delta[1]+0.000004*delta[2],0.025769+0.000026*delta[0]+0.000069*delta[1]-0.000003*delta[2],0.010693+0.000010*delta[0]+0.000045*delta[1]-0.000002*delta[2],0.012190+0.000009*delta[0]+0.000045*delta[1]-0.000010*delta[2],0.013194+0.000015*delta[0]+0.000046*delta[1]-0.000004*delta[2],0.013177+0.000021*delta[0]+0.000051*delta[1]-0.000015*delta[2],0.018228+0.000029*delta[0]+0.000072*delta[1]-0.000013*delta[2],0.019739+0.000021*delta[0]+0.000069*delta[1]-0.000021*delta[2],0.010243+0.000010*delta[0]+0.000048*delta[1]-0.000011*delta[2],0.011286+0.000002*delta[0]+0.000045*delta[1]-0.000008*delta[2],0.012138+0.000003*delta[0]+0.000039*delta[1]-0.000007*delta[2]
0.065687+0.000058*delta[0]+0.000298*delta[1]-0.000001*delta[2],0.053415+0.000087*delta[0]+0.000238*delta[1]-0.000018*delta[2],0.147936+0.000222*delta[0]+0.000674*delta[1]-0.000014*delta[2],0.084853+0.000154*delta[0]+0.000344*delta[1]+0.000064*delta[2],0.045707+0.000060*delta[0]+0.000161*delta[1]+0.000026*delta[2],0.026764+0.000054*delta[0]+0.000121*delta[1]+0.000015*delta[2],0.044144+0.000074*delta[0]+0.000165*delta[1]+0.000031*delta[2],0.038341+0.000074*delta[0]+0.000187*delta[1]+0.000019*delta[2],0.029482+0.000032*delta[0]+0.000111*delta[1]+0.000011*delta[2],0.016367+0.000053*delta[0]+0.000060*delta[1]+0.000007*delta[2],0.015268+0.000019*delta[0]+0.000056*delta[1]+0.000012*delta[2],0.029364+0.000108*delta[0]+0.000134*delta[1]+0.000029*delta[2],0.054933+0.000012*delta[0]+0.000269*delta[1]-0.000040*delta[2],0.019981+0.000068*delta[0]+0.000065*delta[1]-0.000004*delta[2],0.013729+0.000005*delta[0]+0.000050*delta[1]+0.000003*delta[2],0.012198+0.000015*delta[0]+0.000072*delta[1]-0.000003*delta[2],0.020233+0.000039*delta[0]+0.000093*delta[1]-0.000007*delta[2],0.021962+0.000060*delta[0]+0.000075*delta[1]+0.000007*delta[2],0.021664+0.000050*delta[0]+0.000091*delta[1]+0.000009*delta[2],0.019861+0.000030*delta[0]+0.000085*delta[1]+0.000004*delta[2],0.017055+0.000034*delta[0]+0.000090*delta[1]-0.000017*delta[2],0.012148+0.000017*delta[0]+0.000059*delta[1]-0.000002*delta[2],0.012321+0.000034*delta[0]+0.000062*delta[1]+0.000002*delta[2],0.011696+0.000022*delta[0]+0.000048*delta[1]+0.000005*delta[2],0.016463+0.000021*delta[0]+0.000076*delta[1]-0.000015*delta[2],0.016573+0.000043*delta[0]+0.000061*delta[1]-0.000003*delta[2],0.015165+0.000040*delta[0]+0.000058*delta[1]-0.000003*delta[2],0.011233+0.000016*delta[0]+0.000051*delta[1]-0.000004*delta[2],0.011135+0.000033*delta[0]+0.000055*delta[1]+0.000016*delta[2],0.010551+0.000029*delta[0]+0.000038*delta[1]-0.000007*delta[2]
0.065235+0.000098*delta[0]+0.000233*delta[1]-0.000047*delta[2],0.061861+0.000083*delta[0]+0.000271*delta[1]+0.000022*delta[2],0.140085+0.000293*delta[0]+0.000418*delta[1]-0.000031*delta[2],0.106955+0.000325*delta[0]+0.000362*delta[1]+0.000067*delta[2],0.061755+0.000107*delta[0]+0.000262*delta[1]+0.000035*delta[2],0.035389+0.000007*delta[0]+0.000144*delta[1]+0.000026*delta[2],0.039768+0.000050*delta[0]+0.000164*delta[1]+0.000009*delta[2],0.038707+0.000067*delta[0]+0.000114*delta[1]+0.000018*delta[2],0.032360+0.000023*delta[0]+0.000114*delta[1]-0.000005*delta[2],0.015659+0.000049*delta[0]+0.000064*delta[1]-0.000008*delta[2],0.015227+0.000005*delta[0]+0.000066*delta[1]-0.000002*delta[2],0.029652+0.000039*delta[0]+0.000088*delta[1]-0.000049*delta[2],0.041730+0.000050*delta[0]+0.000172*delta[1]-0.000009*delta[2],0.017771+0.000039*delta[0]+0.000071*delta[1]+0.000003*delta[2],0.014791+0.000038*delta[0]+0.000050*delta[1]-0.000005*delta[2],0.011680+0.000024*delta[0]+0.000045*delta[1]-0.000000*delta[2],0.018374+0.000015*delta[0]+0.000064*delta[1]-0.000021*delta[2],0.020750+0.000033*delta[0]+0.000069*delta[1]-0.000010*delta[2],0.021783+0.000021*delta[0]+0.000086*delta[1]+0.000010*delta[2],0.021028+0.000028*delta[0]+0.000074*delta[1]-0.000017*delta[2],0.018781+0.000031*delta[0]+0.000063*delta[1]+0.000013*delta[2],0.011186+0.000009*delta[0]+0.000049*delta[1]+0.000010*delta[2],0.011705+0.000018*delta[0]+0.000057*delta[1]-0.000014*delta[2],0.011462+0.000019*delta[0]+0.000046*delta[1]-0.000006*delta[2],0.015116+0.000014*delta[0]+0.000064*delta[1]+0.000005*delta[2],0.016532+0.000016*delta[0]+0.000062*delta[1]+0.000003*delta[2],0.015771+0.000013*delta[0]+0.000073*delta[1]+0.000004*delta[2],0.010549+0.000010*delta[0]+0.000042*delta[1]+0.000002*delta[2],0.010704+0.000018*delta[0]+0.000046*delta[1]+0.000001*delta[2],0.010494+0.000031*delta[0]+0.000058*delta[1]+0.000016*delta[2]
0.063722+0.000079*delta[0]+0.000249*delta[1]-0.000028*delta[2],0.085608+0.000188*delta[0]+0.000391*delta[1]+0.000018*delta[2],0.124207+0.000270*delta[0]+0.000452*delta[1]-0.000191*delta[2],0.188299+0.000063*delta[0]+0.000948*delta[1]-0.000058*delta[2],0.146246+0.000277*delta[0]+0.000589*delta[1]+0.000034*delta[2],0.077597+0.000046*delta[0]+0.000338*delta[1]-0.000074*delta[2],0.035851+0.000057*delta[0]+0.000117*delta[1]-0.000002*delta[2],0.042066+0.000074*delta[0]+0.000186*delta[1]-0.000004*delta[2],0.042331+0.000065*delta[0]+0.000180*delta[1]+0.000000*delta[2],0.015674+0.000046*delta[0]+0.000079*delta[1]-0.000010*delta[2],0.016506+0.000021*delta[0]+0.000075*delta[1]+0.000012*delta[2],0.031474+0.000074*delta[0]+0.000124*delta[1]-0.000014*delta[2],0.029165+0.000070*delta[0]+0.000135*delta[1]-0.000033*delta[2],0.016052+0.000029*delta[0]+0.000071*delta[1]+0.000014*delta[2],0.018649+0.000013*delta[0]+0.000089*delta[1]-0.000002*delta[2],0.011844+0.000018*delta[0]+0.000052*delta[1]+0.000007*delta[2],0.016607+0.000022*delta[0]+0.000051*delta[1]-0.000006*delta[2],0.020553+0.000019*delta[0]+0.000084*delta[1]+0.000021*delta[2],0.024299+0.000043*delta[0]+0.000096*delta[1]-0.000022*delta[2],0.026372+0.000068*delta[0]+0.000111*delta[1]-0.000011*delta[2],0.025835+0.000023*delta[0]+0.000119*delta[1]-0.000024*delta[2],0.010836+0.000007*delta[0]+0.000050*delta[1]+0.000008*delta[2],0.012070+0.000028*delta[0]+0.000041*delta[1]+0.000003*delta[2],0.012589+0.000033*delta[0]+0.000048*delta[1]+0.000006*delta[2],0.014679+0.000011*delta[0]+0.000054*delta[1]-0.000002*delta[2],0.019065+0.000034*delta[0]+0.000086*delta[1]+0.000018*delta[2],0.019762+0.000045*delta[0]+0.000098*delta[1]-0.000019*delta[2],0.010534+0.000020*delta[0]+0.000046*delta[1]-0.000009*delta[2],0.011311+0.000024*delta[0]+0.000040*delta[1]+0.000001*delta[2],0.011754+0.000026*delta[0]+0.000055*delta[1]+0.000006*delta[2]
0.016484+0.000028*delta[0]+0.000045*delta[1]-0.000001*delta[2],0.015844+0.000032*delta[0]+0.000063*delta[1]+0.000005*delta[2],0.017894+0.000049*delta[0]+0.000071*delta[1]-0.000010*delta[2],0.016802+0.000023*delta[0]+0.000048*delta[1]-0.000000*delta[2],0.014887+0.000033*delta[0]+0.000054*delta[1]+0.000008*delta[2],0.012598+0.000027*delta[0]+0.000048*delta[1]-0.000005*delta[2],0.011543+0.000017*delta[0]+0.000046*delta[1]-0.000001*delta[2],0.011321+0.000035*delta[0]+0.000035*delta[1]+0.000009*delta[2],0.010564+0.000020*delta[0]+0.000032*delta[1]+0.000003*delta[2],0.006727+0.000020*delta[0]+0.000025*delta[1]-0.000001*delta[2],0.006627+0.000011*delta[0]+0.000026*delta[1]-0.000005*delta[2],0.011793+0.000029*delta[0]+0.000042*delta[1]-0.000003*delta[2],0.013069+0.000049*delta[0]+0.000041*delta[1]-0.000014*delta[2],0.007099+0.000015*delta[0]+0.000015*delta[1]+0.000005*delta[2],0.006397+0.000012*delta[0]+0.000027*delta[1]+0.000001*delta[2],0.005421+0.000014*delta[0]+0.000019*delta[1]+0.000001*delta[2],0.008138+0.000022*delta[0]+0.000030*delta[1]-0.000002*delta[2],0.008482+0.000015*delta[0]+0.000043*delta[1]+0.000004*delta[2],0.008572+0.000008*delta[0]+0.000023*delta[1]-0.000006*delta[2],0.008356+0.000013*delta[0]+0.000026*delta[1]-0.000000*delta[2],0.007919+0.000014*delta[0]+0.000030*delta[1]-0.000003*delta[2],0.005088+0.000008*delta[0]+0.000022*delta[1]-0.000002*delta[2],0.005161+0.000008*delta[0]+0.000020*delta[1]+0.000002*delta[2],0.005091+0.000010*delta[0]+0.000021*delta[1]+0.000000*delta[2],0.006385+0.000001*delta[0]+0.000025*delta[1]-0.000002*delta[2],0.006542+0.000017*delta[0]+0.000020*delta[1]+0.000002*delta[2],0.006449+0.000009*delta[0]+0.000021*delta[1]+0.000001*delta[2],0.004742+0.000008*delta[0]+0.000017*delta[1]-0.000000*delta[2],0.004746+0.000008*delta[0]+0.000018*delta[1]+0.000001*delta[2],0.004672+0.000008*delta[0]+0.000016*delta[1]-0.000000*delta[2]
0.004120+0.000008*delta[0]+0.000016*delta[1]+0.000003*delta[2],0.003667+0.000006*delta[0]+0.000016*delta[1]+0.000003*delta[2],0.005444+0.000007*delta[0]+0.000019*delta[1]+0.000006*delta[2],0.004621+0.000006*delta[0]+0.000016*delta[1]-0.000002*delta[2],0.003911+0.000009*delta[0]+0.000013*delta[1]+0.000003*delta[2],0.003323+0.000008*delta[0]+0.000008*delta[1]+0.000002*delta[2],0.007427+0.000010*delta[0]+0.000028*delta[1]-0.000001*delta[2],0.005931+0.000010*delta[0]+0.000021*delta[1]+0.000001*delta[2],0.004797+0.000005*delta[0]+0.000019*delta[1]-0.000002*delta[2],0.007339+0.000013*delta[0]+0.000032*delta[1]+0.000004*delta[2],0.005773+0.000008*delta[0]+0.000020*delta[1]+0.000002*delta[2],0.003388+0.000006*delta[0]+0.000015*delta[1]+0.000002*delta[2],0.006068+0.000007*delta[0]+0.000017*delta[1]+0.000002*delta[2],0.009238+0.000011*delta[0]+0.000026*delta[1]+0.000006*delta[2],0.003898+0.000005*delta[0]+0.000018*delta[1]+0.000001*delta[2],0.007240+0.000017*delta[0]+0.000032*delta[1]-0.000002*delta[2],0.004167+0.000008*delta[0]+0.000017*delta[1]+0.000004*delta[2],0.003800+0.000000*delta[0]+0.000012*delta[1]-0.000000*delta[2],0.003444+0.000007*delta[0]+0.000014*delta[1]+0.000000*delta[2],0.003135+0.000010*delta[0]+0.000011*delta[1]-0.000002*delta[2],0.002811+0.000005*delta[0]+0.000009*delta[1]-0.000001*delta[2],0.007667+0.000012*delta[0]+0.000030*delta[1]+0.000004*delta[2],0.006276+0.000004*delta[0]+0.000021*delta[1]-0.000002*delta[2],0.005211+0.000013*delta[0]+0.000019*delta[1]+0.000003*delta[2],0.004499+0.000007*delta[0]+0.000016*delta[1]+0.000004*delta[2],0.003617+0.000003*delta[0]+0.000013*delta[1]+0.000001*delta[2],0.003200+0.000007*delta[0]+0.000016*delta[1]+0.000001*delta[2],0.005914+0.000016*delta[0]+0.000021*delta[1]-0.000003*delta[2],0.005033+0.000009*delta[0]+0.000020*delta[1]+0.000000*delta[2],0.004287+0.000005*delta[0]+0.000013*delta[1]-0.000003*delta[2]
0.003937+0.000003*delta[0]+0.000017*delta[1]+0.000001*delta[2],0.003451+0.000005*delta[0]+0.000016*delta[1]-0.000001*delta[2],0.004478+0.000007*delta[0]+0.000021*delta[1]-0.000002*delta[2],0.003832+0.000010*delta[0]+0.000015*delta[1]+0.000001*delta[2],0.003268+0.000006*delta[0]+0.000012*delta[1]+0.000001*delta[2],0.002787+0.000004*delta[0]+0.000012*delta[1]-0.000001*delta[2],0.005516+0.000011*delta[0]+0.000019*delta[1]+0.000006*delta[2],0.004508+0.000006*delta[0]+0.000017*delta[1]+0.000007*delta[2],0.003769+0.000012*delta[0]+0.000017*delta[1]-0.000001*delta[2],0.005476+0.000003*delta[0]+0.000018*delta[1]-0.000003*delta[2],0.004387+0.000004*delta[0]+0.000021*delta[1]-0.000002*delta[2],0.003582+0.000010*delta[0]+0.000014*delta[1]-0.000002*delta[2],0.006109+0.000013*delta[0]+0.000028*delta[1]-0.000003*delta[2],0.007980+0.000011*delta[0]+0.000030*delta[1]-0.000004*delta[2],0.003292+0.000008*delta[0]+0.000016*delta[1]-0.000005*delta[2],0.005807+0.000011*delta[0]+0.000021*delta[1]+0.000001*delta[2],0.005224+0.000013*delta[0]+0.000020*delta[1]+0.000006*delta[2],0.004526+0.000010*delta[0]+0.000017*delta[1]-0.000000*delta[2],0.003935+0.000008*delta[0]+0.000016*delta[1]-0.000002*delta[2],0.003422+0.000007*delta[0]+0.000012*delta[1]+0.000002*delta[2],0.002975+0.000006*delta[0]+0.000008*delta[1]-0.000001*delta[2],0.007451+0.000023*delta[0]+0.000033*delta[1]+0.000004*delta[2],0.005705+0.000006*delta[0]+0.000026*delta[1]-0.000002*delta[2],0.004498+0.000007*delta[0]+0.000019*delta[1]-0.000003*delta[2],0.006107+0.000012*delta[0]+0.000024*delta[1]+0.000001*delta[2],0.004288+0.000008*delta[0]+0.000018*delta[1]+0.000003*delta[2],0.003591+0.000006*delta[0]+0.000016*delta[1]-0.000002*delta[2],0.007434+0.000019*delta[0]+0.000026*delta[1]-0.000005*delta[2],0.005733+0.000015*delta[0]+0.000024*delta[1]-0.000004*delta[2],0.004560+0.000008*delta[0]+0.000019*delta[1]-0.000001*delta[2]
0.004343+0.000006*delta[0]+0.000017*delta[1]+0.000001*delta[2],0.003746+0.000009*delta[0]+0.000012*delta[1]-0.000001*delta[2],0.005230+0.000012*delta[0]+0.000022*delta[1]-0.000002*delta[2],0.004316+0.000008*delta[0]+0.000020*delta[1]-0.000000*delta[2],0.003595+0.000007*delta[0]+0.000014*delta[1]+0.000000*delta[2],0.003010+0.000004*delta[0]+0.000014*delta[1]+0.000001*delta[2],0.006083+0.000007*delta[0]+0.000022*delta[1]+0.000001*delta[2],0.004800+0.000012*delta[0]+0.000019*delta[1]+0.000003*delta[2],0.003902+0.000008*delta[0]+0.000013*delta[1]-0.000002*delta[2],0.005647+0.000008*delta[0]+0.000024*delta[1]-0.000002*delta[2],0.004506+0.000005*delta[0]+0.000013*delta[1]+0.000002*delta[2],0.003666+0.000002*delta[0]+0.000011*delta[1]+0.000002*delta[2],0.006745+0.000010*delta[0]+0.000024*delta[1]+0.000000*delta[2],0.007777+0.000006*delta[0]+0.000034*delta[1]-0.000005*delta[2],0.003200+0.000002*delta[0]+0.000015*delta[1]+0.000001*delta[2],0.005721+0.000012*delta[0]+0.000025*delta[1]+0.000005*delta[2],0.004757+0.000009*delta[0]+0.000019*delta[1]-0.000000*delta[2],0.004189+0.000008*delta[0]+0.000014*delta[1]-0.000000*delta[2],0.003677+0.000003*delta[0]+0.000013*delta[1]+0.000003*delta[2],0.003217-0.000002*delta[0]+0.000015*delta[1]+0.000000*delta[2],0.002830+0.000006*delta[0]+0.000012*delta[1]-0.000002*delta[2],0.006787+0.000007*delta[0]+0.000029*delta[1]+0.000002*delta[2],0.005471+0.000006*delta[0]+0.000023*delta[1]+0.000006*delta[2],0.004494+0.000006*delta[0]+0.000020*delta[1]+0.000001*delta[2],0.004926+0.000011*delta[0]+0.000014*delta[1]+0.000000*delta[2],0.003680+0.000002*delta[0]+0.000018*delta[1]+0.000002*delta[2],0.003202+0.000007*delta[0]+0.000013*delta[1]+0.000000*delta[2],0.005674+0.000019*delta[0]+0.000016*delta[1]+0.000002*delta[2],0.004711+0.000014*delta[0]+0.000014*delta[1]+0.000001*delta[2],0.003948+0.000007*delta[0]+0.000018*delta[1]+0.000002*delta[2]
0.003302+0.000009*delta[0]+0.000009*delta[1]+0.000001*delta[2],0.002838+0.000006*delta[0]+0.000008*delta[1]+0.000002*delta[2],0.003448+0.000004*delta[0]+0.000009*delta[1]-0.000003*delta[2],0.002924+0.000004*delta[0]+0.000011*delta[1]-0.000002*delta[2],0.002487+0.000004*delta[0]+0.000007*delta[1]-0.000000*delta[2],0.002141+0.000004*delta[0]+0.000008*delta[1]-0.000001*delta[2],0.003811+0.000008*delta[0]+0.000012*delta[1]+0.000002*delta[2],0.003141+0.000009*delta[0]+0.000012*delta[1]+0.000002*delta[2],0.002674+0.000009*delta[0]+0.000010*delta[1]+0.000001*delta[2],0.003452+0.000007*delta[0]+0.000012*delta[1]-0.000002*delta[2],0.002853+0.000005*delta[0]+0.000010*delta[1]-0.000002*delta[2],0.003075+0.000006*delta[0]+0.000008*delta[1]-0.000000*delta[2],0.005056+0.000015*delta[0]+0.000015*delta[1]-0.000000*delta[2],0.004625+0.000008*delta[0]+0.000013*delta[1]+0.000005*delta[2],0.002175+0.000004*delta[0]+0.000005*delta[1]-0.000001*delta[2],0.003475+0.000008*delta[0]+0.000013*delta[1]+0.000001*delta[2],0.004402+0.000010*delta[0]+0.000015*delta[1]+0.000006*delta[2],0.003731+0.000009*delta[0]+0.000012*delta[1]+0.000002*delta[2],0.003175+0.000007*delta[0]+0.000014*delta[1]-0.000002*delta[2],0.002745+0.000008*delta[0]+0.000010*delta[1]+0.000001*delta[2],0.002365+0.000003*delta[0]+0.000005*delta[1]+0.000000*delta[2],0.004061+0.000012*delta[0]+0.000017*delta[1]+0.000000*delta[2],0.003323+0.000005*delta[0]+0.000007*delta[1]-0.000002*delta[2],0.002747+0.000007*delta[0]+0.000010*delta[1]+0.000003*delta[2],0.004523+0.000013*delta[0]+0.000012*delta[1]+0.000002*delta[2],0.003163+0.000009*delta[0]+0.000009*delta[1]+0.000000*delta[2],0.002664+0.000005*delta[0]+0.000008*delta[1]+0.000001*delta[2],0.004128+0.000017*delta[0]+0.000016*delta[1]+0.000001*delta[2],0.003390+0.000008*delta[0]+0.000014*delta[1]-0.000002*delta[2],0.002852+0.000005*delta[0]+0.000010*delta[1]+0.000003*delta[2]
0.009695+0.000028*delta[0]+0.000040*delta[1]+0.000008*delta[2],0.008372+0.000006*delta[0]+0.000031*delta[1]+0.000001*delta[2],0.012631+0.000017*delta[0]+0.000052*delta[1]-0.000012*delta[2],0.010267+0.000014*delta[0]+0.000046*delta[1]-0.000005*delta[2],0.008307+0.000017*delta[0]+0.000030*delta[1]-0.000000*delta[2],0.006768+0.000019*delta[0]+0.000024*delta[1]-0.000004*delta[2],0.018161+0.000037*delta[0]+0.000063*delta[1]+0.000012*delta[2],0.013821+0.000027*delta[0]+0.000047*delta[1]+0.000010*delta[2],0.010574+0.000021*delta[0]+0.000045*delta[1]+0.000001*delta[2],0.020195+0.000035*delta[0]+0.000100*delta[1]-0.000004*delta[2],0.014138+0.000037*delta[0]+0.000043*delta[1]+0.000016*delta[2],0.008222+0.000013*delta[0]+0.000026*delta[1]-0.000001*delta[2],0.017331+0.000016*delta[0]+0.000057*delta[1]+0.000014*delta[2],0.044757+0.000069*delta[0]+0.000210*delta[1]+0.000032*delta[2],0.009067+0.000006*delta[0]+0.000035*delta[1]+0.000003*delta[2],0.023764+0.000046*delta[0]+0.000074*delta[1]-0.000011*delta[2],0.013452+0.000042*delta[0]+0.000036*delta[1]+0.000001*delta[2],0.011893+0.000029*delta[0]+0.000050*delta[1]+0.000007*delta[2],0.010273+0.000007*delta[0]+0.000043*delta[1]+0.000002*delta[2],0.008704+0.000020*delta[0]+0.000026*delta[1]-0.000002*delta[2],0.007290+0.000017*delta[0]+0.000027*delta[1]+0.000005*delta[2],0.051199+0.000064*delta[0]+0.000182*delta[1]+0.000052*delta[2],0.026282+0.000033*delta[0]+0.000087*delta[1]+0.000018*delta[2],0.015711+0.000040*delta[0]+0.000059*delta[1]+0.000002*delta[2],0.021108+0.000027*delta[0]+0.000082*delta[1]-0.000006*delta[2],0.013185+0.000030*delta[0]+0.000052*delta[1]+0.000002*delta[2],0.010209+0.000023*delta[0]+0.000035*delta[1]-0.000001*delta[2],0.047077+0.000087*delta[0]+0.000159*delta[1]+0.000039*delta[2],0.025192+0.000042*delta[0]+0.000084*delta[1]+0.000000*delta[2],0.015747+0.000013*delta[0]+0.000063*delta[1]+0.000005*delta[2]
0.005619+0.000014*delta[0]+0.000021*delta[1]+0.000004*delta[2],0.004704+0.000008*delta[0]+0.000025*delta[1]-0.000003*delta[2],0.006503+0.000015*delta[0]+0.000019*delta[1]-0.000003*delta[2],0.005188+0.000010*delta[0]+0.000022*delta[1]-0.000003*delta[2],0.004188+0.000006*delta[0]+0.000014*delta[1]-0.000002*delta[2],0.003449+0.000008*delta[0]+0.000015*delta[1]-0.000002*delta[2],0.006684+0.000013*delta[0]+0.000022*delta[1]+0.000004*delta[2],0.005124+0.000008*delta[0]+0.000019*delta[1]-0.000004*delta[2],0.004133+0.000013*delta[0]+0.000015*delta[1]-0.000001*delta[2],0.006527+0.000019*delta[0]+0.000033*delta[1]-0.000004*delta[2],0.005079+0.000013*delta[0]+0.000021*delta[1]+0.000004*delta[2],0.004718+0.000009*delta[0]+0.000018*delta[1]+0.000000*delta[2],0.009464+0.000013*delta[0]+0.000038*delta[1]-0.000005*delta[2],0.009341+0.000014*delta[0]+0.000030*delta[1]-0.000011*delta[2],0.003501+0.000008*delta[0]+0.000015*delta[1]-0.000001*delta[2],0.006572+0.000013*delta[0]+0.000024*delta[1]+0.000002*delta[2],0.006492+0.000008*delta[0]+0.000022*delta[1]-0.000007*delta[2],0.005540+0.000015*delta[0]+0.000020*delta[1]+0.000001*delta[2],0.004731+0.000008*delta[0]+0.000026*delta[1]-0.000003*delta[2],0.004056+0.000008*delta[0]+0.000011*delta[1]+0.000001*delta[2],0.003477+0.000003*delta[0]+0.000013*delta[1]-0.000003*delta[2],0.008479+0.000028*delta[0]+0.000032*delta[1]-0.000006*delta[2],0.006622+0.000015*delta[0]+0.000025*delta[1]+0.000002*delta[2],0.005267+0.000008*delta[0]+0.000025*delta[1]-0.000002*delta[2],0.006713+0.000014*delta[0]+0.000028*delta[1]-0.000003*delta[2],0.004698+0.000009*delta[0]+0.000021*delta[1]-0.000000*delta[2],0.003984+0.000004*delta[0]+0.000013*delta[1]-0.000003*delta[2],0.007248+0.000022*delta[0]+0.000029*delta[1]-0.000003*delta[2],0.005821+0.000006*delta[0]+0.000025*delta[1]-0.000006*delta[2],0.004768+0.000012*delta[0]+0.000014*delta[1]-0.000003*delta[2]
0.002371+0.000002*delta[0]+0.000009*delta[1]-0.000001*delta[2],0.002073+0.000004*delta[0]+0.000008*delta[1]+0.000000*delta[2],0.002361+0.000007*delta[0]+0.000011*delta[1]-0.000000*delta[2],0.002029+0.000003*delta[0]+0.000008*delta[1]-0.000000*delta[2],0.001773+0.000003*delta[0]+0.000008*delta[1]+0.000000*delta[2],0.001546+0.000004*delta[0]+0.000007*delta[1]-0.000000*delta[2],0.002492+0.000004*delta[0]+0.000009*delta[1]-0.000002*delta[2],0.002131+0.000006*delta[0]+0.000007*delta[1]+0.000001*delta[2],0.001848+0.000002*delta[0]+0.000008*delta[1]+0.000001*delta[2],0.002313+0.000005*delta[0]+0.000010*delta[1]+0.000000*delta[2],0.001971+0.000005*delta[0]+0.000009*delta[1]-0.000001*delta[2],0.002288+0.000004*delta[0]+0.000007*delta[1]-0.000001*delta[2],0.003398+0.000006*delta[0]+0.000014*delta[1]-0.000001*delta[2],0.002926+0.000006*delta[0]+0.000012*delta[1]-0.000001*delta[2],0.001561+0.000005*delta[0]+0.000006*delta[1]+0.000000*delta[2],0.002314+0.000004*delta[0]+0.000009*delta[1]-0.000000*delta[2],0.003112+0.000002*delta[0]+0.000012*delta[1]-0.000001*delta[2],0.002650+0.000007*delta[0]+0.000008*delta[1]-0.000003*delta[2],0.002291+0.000002*delta[0]+0.000007*delta[1]-0.000002*delta[2],0.001998+0.000004*delta[0]+0.000009*delta[1]+0.000002*delta[2],0.001738+0.000002*delta[0]+0.000007*delta[1]+0.000000*delta[2],0.002714+0.000008*delta[0]+0.000012*delta[1]-0.000004*delta[2],0.002286+0.000007*delta[0]+0.000011*delta[1]-0.000002*delta[2],0.001954+0.000003*delta[0]+0.000008*delta[1]+0.000000*delta[2],0.003019+0.000006*delta[0]+0.000014*delta[1]+0.000001*delta[2],0.002168+0.000003*delta[0]+0.000007*delta[1]-0.000001*delta[2],0.001865+0.000004*delta[0]+0.000008*delta[1]-0.000000*delta[2],0.002562+0.000006*delta[0]+0.000012*delta[1]-0.000001*delta[2],0.002192+0.000007*delta[0]+0.000007*delta[1]+0.000001*delta[2],0.001920+0.000002*delta[0]+0.000007*delta[1]+0.000002*delta[2]
0.012416+0.000037*delta[0]+0.000059*delta[1]+0.000002*delta[2],0.010125+0.000019*delta[0]+0.000048*delta[1]-0.000007*delta[2],0.018242+0.000012*delta[0]+0.000074*delta[1]+0.000003*delta[2],0.013249+0.000028*delta[0]+0.000055*delta[1]-0.000011*delta[2],0.009847+0.000013*delta[0]+0.000045*delta[1]-0.000008*delta[2],0.007486+0.000010*delta[0]+0.000027*delta[1]-0.000002*delta[2],0.026550+0.000026*delta[0]+0.000101*delta[1]-0.000022*delta[2],0.016592+0.000044*delta[0]+0.000077*delta[1]-0.000010*delta[2],0.011337+0.000028*delta[0]+0.000053*delta[1]+0.000001*delta[2],0.021779+0.000033*delta[0]+0.000082*delta[1]+0.000019*delta[2],0.014166+0.000023*delta[0]+0.000057*delta[1]+0.000004*delta[2],0.009419+0.000020*delta[0]+0.000031*delta[1]-0.000009*delta[2],0.026310+0.000042*delta[0]+0.000103*delta[1]-0.000019*delta[2],0.046800+0.000004*delta[0]+0.000180*delta[1]-0.000029*delta[2],0.007458+0.000015*delta[0]+0.000032*delta[1]-0.000003*delta[2],0.021492+0.000037*delta[0]+0.000079*delta[1]-0.000016*delta[2],0.014066+0.000050*delta[0]+0.000059*delta[1]+0.000014*delta[2],0.012212+0.000011*delta[0]+0.000050*delta[1]-0.000005*delta[2],0.010312+0.000020*delta[0]+0.000044*delta[1]-0.000005*delta[2],0.008654+0.000013*delta[0]+0.000030*delta[1]-0.000007*delta[2],0.007143-0.000001*delta[0]+0.000026*delta[1]-0.000002*delta[2],0.034471+0.000085*delta[0]+0.000158*delta[1]-0.000007*delta[2],0.022198+0.000051*delta[0]+0.000111*delta[1]+0.000011*delta[2],0.015071+0.000032*delta[0]+0.000057*delta[1]-0.000008*delta[2],0.017434+0.000026*delta[0]+0.000082*delta[1]-0.000010*delta[2],0.011391+0.000021*delta[0]+0.000051*delta[1]+0.000007*delta[2],0.009090+0.000021*delta[0]+0.000040*delta[1]+0.000009*delta[2],0.024744+0.000064*delta[0]+0.000107*delta[1]-0.000002*delta[2],0.017499+0.000020*delta[0]+0.000064*delta[1]-0.000016*delta[2],0.012789+0.000032*delta[0]+0.000041*delta[1]+0.000009*delta[2]
0.001802+0.000004*delta[0]+0.000007*delta[1]-0.000000*delta[2],0.001600+0.000006*delta[0]+0.000005*delta[1]+0.000002*delta[2],0.001781+0.000004*delta[0]+0.000008*delta[1]-0.000000*delta[2],0.001566+0.000004*delta[0]+0.000008*delta[1]+0.000000*delta[2],0.001382+0.000001*delta[0]+0.000007*delta[1]+0.000000*delta[2],0.001234+0.000002*delta[0]+0.000005*delta[1]+0.000001*delta[2],0.001871+0.000005*delta[0]+0.000007*delta[1]+0.000000*delta[2],0.001648+0.000004*delta[0]+0.000007*delta[1]+0.000000*delta[2],0.001456+0.000004*delta[0]+0.000006*delta[1]+0.000000*delta[2],0.001786+0.000002*delta[0]+0.000008*delta[1]-0.000000*delta[2],0.001554+0.000002*delta[0]+0.000008*delta[1]-0.000000*delta[2],0.001778+0.000003*delta[0]+0.000008*delta[1]+0.000001*delta[2],0.002456+0.000006*delta[0]+0.000011*delta[1]+0.000002*delta[2],0.002250+0.000003*delta[0]+0.000009*delta[1]-0.000001*delta[2],0.001320+0.000004*delta[0]+0.000006*delta[1]-0.000001*delta[2],0.001834+0.000002*delta[0]+0.000007*delta[1]+0.000001*delta[2],0.002375+0.000004*delta[0]+0.000011*delta[1]+0.000000*delta[2],0.002053+0.000001*delta[0]+0.000009*delta[1]+0.000001*delta[2],0.001806+0.000004*delta[0]+0.000008*delta[1]+0.000002*delta[2],0.001583+0.000004*delta[0]+0.000008*delta[1]+0.000001*delta[2],0.001394+0.000001*delta[0]+0.000006*delta[1]+0.000001*delta[2],0.002181+0.000006*delta[0]+0.000012*delta[1]+0.000004*delta[2],0.001868+0.000002*delta[0]+0.000008*delta[1]+0.000000*delta[2],0.001623+0.000002*delta[0]+0.000008*delta[1]+0.000001*delta[2],0.002305+0.000002*delta[0]+0.000009*delta[1]+0.000001*delta[2],0.001712+0.000002*delta[0]+0.000008*delta[1]-0.000001*delta[2],0.001487+0.000003*delta[0]+0.000007*delta[1]+0.000000*delta[2],0.002134+0.000005*delta[0]+0.000010*delta[1]-0.000003*delta[2],0.001808+0.000003*delta[0]+0.000008*delta[1]-0.000001*delta[2],0.001566+0.000003*delta[0]+0.000008*delta[1]+0.000000*delta[2]
0.010611+0.000015*delta[0]+0.000041*delta[1]+0.000002*delta[2],0.009262+0.000016*delta[0]+0.000035*delta[1]-0.000001*delta[2],0.012576+0.000021*delta[0]+0.000053*delta[1]+0.000004*delta[2],0.010475+0.000014*delta[0]+0.000051*delta[1]-0.000002*delta[2],0.008663+0.000024*delta[0]+0.000031*delta[1]+0.000005*delta[2],0.007067+0.000016*delta[0]+0.000030*delta[1]+0.000003*delta[2],0.015870+0.000022*delta[0]+0.000067*delta[1]-0.000019*delta[2],0.012958+0.000025*delta[0]+0.000056*delta[1]-0.000001*delta[2],0.010336+0.000017*delta[0]+0.000032*delta[1]-0.000002*delta[2],0.017268+0.000011*delta[0]+0.000084*delta[1]+0.000002*delta[2],0.013305+0.000015*delta[0]+0.000049*delta[1]-0.000002*delta[2],0.009509+0.000009*delta[0]+0.000045*delta[1]-0.000009*delta[2],0.017960+0.000015*delta[0]+0.000086*delta[1]-0.000005*delta[2],0.034542+0.000022*delta[0]+0.000117*delta[1]+0.000014*delta[2],0.009932+0.000022*delta[0]+0.000041*delta[1]-0.000000*delta[2],0.020921+0.000011*delta[0]+0.000087*delta[1]+0.000015*delta[2],0.016719+0.000027*delta[0]+0.000087*delta[1]+0.000010*delta[2],0.014981+0.000018*delta[0]+0.000053*delta[1]+0.000011*delta[2],0.012713+0.000012*delta[0]+0.000044*delta[1]-0.000009*delta[2],0.010652+0.000013*delta[0]+0.000041*delta[1]-0.000002*delta[2],0.008701+0.000011*delta[0]+0.000037*delta[1]-0.000004*delta[2],0.056163+0.000173*delta[0]+0.000206*delta[1]-0.000017*delta[2],0.032954+0.000095*delta[0]+0.000143*delta[1]-0.000031*delta[2],0.020627+0.000030*delta[0]+0.000084*delta[1]-0.000034*delta[2],0.031056+0.000028*delta[0]+0.000153*delta[1]-0.000010*delta[2],0.017709+0.000043*delta[0]+0.000062*delta[1]+0.000012*delta[2],0.013010+0.000020*delta[0]+0.000043*delta[1]+0.000003*delta[2],0.071512+0.000108*delta[0]+0.000292*delta[1]-0.000011*delta[2],0.032584+0.000092*delta[0]+0.000115*delta[1]-0.000005*delta[2],0.018379+0.000042*delta[0]+0.000095*delta[1]-0.000013*delta[2]
0.012558+0.000015*delta[0]+0.000048*delta[1]+0.000008*delta[2],0.010466+0.000011*delta[0]+0.000036*delta[1]-0.000001*delta[2],0.016753+0.000034*delta[0]+0.000063*delta[1]+0.000008*delta[2],0.012897+0.000040*delta[0]+0.000062*delta[1]-0.000005*delta[2],0.009938+0.000023*delta[0]+0.000040*delta[1]-0.000009*delta[2],0.007728+0.000012*delta[0]+0.000038*delta[1]-0.000001*delta[2],0.023580+0.000035*delta[0]+0.000094*delta[1]-0.000015*delta[2],0.016789+0.000054*delta[0]+0.000041*delta[1]+0.000013*delta[2],0.012189+0.000019*delta[0]+0.000053*delta[1]+0.000000*delta[2],0.022299+0.000015*delta[0]+0.000101*delta[1]-0.000019*delta[2],0.015270+0.000032*delta[0]+0.000067*delta[1]+0.000003*delta[2],0.010246+0.000018*delta[0]+0.000029*delta[1]-0.000005*delta[2],0.025651+0.000071*delta[0]+0.000067*delta[1]-0.000017*delta[2],0.058793+0.000072*delta[0]+0.000221*delta[1]-0.000003*delta[2],0.009325+0.000012*delta[0]+0.000036*delta[1]+0.000001*delta[2],0.024330+0.000077*delta[0]+0.000112*delta[1]+0.000017*delta[2],0.017523+0.000025*delta[0]+0.000068*delta[1]-0.000013*delta[2],0.015176+0.000019*delta[0]+0.000061*delta[1]+0.000009*delta[2],0.012647+0.000022*delta[0]+0.000050*delta[1]-0.000007*delta[2],0.010397+0.000011*delta[0]+0.000033*delta[1]-0.000007*delta[2],0.008415+0.000020*delta[0]+0.000032*delta[1]-0.000003*delta[2],0.056289+0.000098*delta[0]+0.000218*delta[1]+0.000002*delta[2],0.029617+0.000038*delta[0]+0.000118*delta[1]-0.000032*delta[2],0.017794+0.000027*delta[0]+0.000085*delta[1]-0.000017*delta[2],0.027363+0.000052*delta[0]+0.000138*delta[1]+0.000012*delta[2],0.015544+0.000033*delta[0]+0.000059*delta[1]-0.000008*delta[2],0.011661+0.000005*delta[0]+0.000060*delta[1]+0.000002*delta[2],0.049299+0.000117*delta[0]+0.000204*delta[1]+0.000023*delta[2],0.027092+0.000042*delta[0]+0.000107*delta[1]-0.000016*delta[2],0.017049+0.000031*delta[0]+0.000080*delta[1]-0.000009*delta[2]
0.013045+0.000050*delta[0]+0.000050*delta[1]+0.000005*delta[2],0.010845+0.000016*delta[0]+0.000045*delta[1]+0.000004*delta[2],0.017931-0.000004*delta[0]+0.000069*delta[1]+0.000008*delta[2],0.013539+0.000025*delta[0]+0.000067*delta[1]+0.000001*delta[2],0.010307+0.000016*delta[0]+0.000037*delta[1]+0.000003*delta[2],0.007977+0.000012*delta[0]+0.000028*delta[1]-0.000001*delta[2],0.026103-0.000001*delta[0]+0.000099*delta[1]+0.000011*delta[2],0.017871+0.000019*delta[0]+0.000081*delta[1]+0.000013*delta[2],0.012733+0.000006*delta[0]+0.000056*delta[1]+0.000010*delta[2],0.023866+0.000042*delta[0]+0.000119*delta[1]-0.000001*delta[2],0.016037+0.000040*delta[0]+0.000063*delta[1]-0.000001*delta[2],0.010437+0.000006*delta[0]+0.000044*delta[1]+0.000012*delta[2],0.027255+0.000055*delta[0]+0.000106*delta[1]+0.000003*delta[2],0.066002+0.000148*delta[0]+0.000229*delta[1]+0.000011*delta[2],0.009239+0.000015*delta[0]+0.000035*delta[1]+0.000005*delta[2],0.025455+0.000062*delta[0]+0.000114*delta[1]-0.000004*delta[2],0.017416+0.000021*delta[0]+0.000082*delta[1]+0.000001*delta[2],0.015121+0.000045*delta[0]+0.000052*delta[1]-0.000002*delta[2],0.012633+0.000005*delta[0]+0.000047*delta[1]+0.000009*delta[2],0.010425+0.000013*delta[0]+0.000041*delta[1]+0.000002*delta[2],0.008443+0.000019*delta[0]+0.000032*delta[1]-0.000010*delta[2],0.056923+0.000038*delta[0]+0.000202*delta[1]-0.000013*delta[2],0.030449+0.000063*delta[0]+0.000122*delta[1]-0.000022*delta[2],0.018304+0.000008*delta[0]+0.000060*delta[1]+0.000007*delta[2],0.026333+0.000063*delta[0]+0.000123*delta[1]+0.000004*delta[2],0.015370+0.000044*delta[0]+0.000053*delta[1]+0.000019*delta[2],0.011607+0.000004*delta[0]+0.000057*delta[1]-0.000009*delta[2],0.046945+0.000098*delta[0]+0.000214*delta[1]-0.000008*delta[2],0.027042+0.000028*delta[0]+0.000097*delta[1]-0.000002*delta[2],0.017338+0.000027*delta[0]+0.000072*delta[1]+0.000007*delta[2]
0.008485+0.000007*delta[0]+0.000039*delta[1]-0.000006*delta[2],0.006996+0.000011*delta[0]+0.000022*delta[1]+0.000001*delta[2],0.011187+0.000029*delta[0]+0.000041*delta[1]-0.000001*delta[2],0.008465+0.000020*delta[0]+0.000026*delta[1]-0.000006*delta[2],0.006527+0.000014*delta[0]+0.000028*delta[1]+0.000009*delta[2],0.005111+0.000008*delta[0]+0.000016*delta[1]+0.000005*delta[2],0.012880+0.000036*delta[0]+0.000052*delta[1]-0.000000*delta[2],0.009116+0.000014*delta[0]+0.000037*delta[1]+0.000001*delta[2],0.006781+0.000014*delta[0]+0.000032*delta[1]-0.000006*delta[2],0.011071+0.000019*delta[0]+0.000040*delta[1]+0.000001*delta[2],0.008353+0.000019*delta[0]+0.000033*delta[1]+0.000001*delta[2],0.006518+0.000011*delta[0]+0.000028*delta[1]+0.000007*delta[2],0.015245+0.000031*delta[0]+0.000061*delta[1]+0.000015*delta[2],0.016776+0.000005*delta[0]+0.000084*delta[1]+0.000001*delta[2],0.005429+0.000010*delta[0]+0.000018*delta[1]-0.000004*delta[2],0.010038+0.000016*delta[0]+0.000038*delta[1]+0.000007*delta[2],0.008467+0.000012*delta[0]+0.000033*delta[1]+0.000004*delta[2],0.007365+0.000019*delta[0]+0.000038*delta[1]-0.000005*delta[2],0.006358+0.000014*delta[0]+0.000024*delta[1]-0.000001*delta[2],0.005476+0.000011*delta[0]+0.000022*delta[1]+0.000002*delta[2],0.004694+0.000014*delta[0]+0.000019*delta[1]+0.000002*delta[2],0.011547+0.000013*delta[0]+0.000052*delta[1]+0.000000*delta[2],0.009232+0.000028*delta[0]+0.000037*delta[1]+0.000006*delta[2],0.007384+0.000013*delta[0]+0.000033*delta[1]-0.000006*delta[2],0.008464+0.000015*delta[0]+0.000028*delta[1]+0.000000*delta[2],0.006221+0.000018*delta[0]+0.000024*delta[1]-0.000004*delta[2],0.005264+0.000005*delta[0]+0.000025*delta[1]+0.000001*delta[2],0.009172+0.000022*delta[0]+0.000044*delta[1]-0.000002*delta[2],0.007522+0.000005*delta[0]+0.000025*delta[1]-0.000003*delta[2],0.006236+0.000009*delta[0]+0.000025*delta[1]-0.000002*delta[2]
0.013259+0.000020*delta[0]+0.000046*delta[1]+0.000021*delta[2],0.010724+0.000019*delta[0]+0.000026*delta[1]+0.000014*delta[2],0.019700+0.000023*delta[0]+0.000066*delta[1]-0.000018*delta[2],0.014014+0.000045*delta[0]+0.000049*delta[1]-0.000001*delta[2],0.010227+0.000019*delta[0]+0.000045*delta[1]+0.000007*delta[2],0.007671+0.000014*delta[0]+0.000024*delta[1]-0.000006*delta[2],0.026972+0.000064*delta[0]+0.000098*delta[1]-0.000002*delta[2],0.016404+0.000012*delta[0]+0.000073*delta[1]-0.000001*delta[2],0.011153+0.000020*delta[0]+0.000038*delta[1]-0.000005*delta[2],0.021989+0.000043*delta[0]+0.000090*delta[1]-0.000014*delta[2],0.014416+0.000024*delta[0]+0.000058*delta[1]+0.000001*delta[2],0.009936+0.000035*delta[0]+0.000036*delta[1]+0.000002*delta[2],0.029390+0.000085*delta[0]+0.000121*delta[1]+0.000043*delta[2],0.050029+0.000113*delta[0]+0.000201*delta[1]+0.000008*delta[2],0.007877+0.000025*delta[0]+0.000033*delta[1]+0.000007*delta[2],0.020820+0.000033*delta[0]+0.000079*delta[1]-0.000009*delta[2],0.014660+0.000020*delta[0]+0.000052*delta[1]-0.000006*delta[2],0.012725+0.000011*delta[0]+0.000048*delta[1]+0.000000*delta[2],0.010711+0.000024*delta[0]+0.000042*delta[1]+0.000005*delta[2],0.008958+0.000016*delta[0]+0.000042*delta[1]+0.000001*delta[2],0.007408+0.000017*delta[0]+0.000028*delta[1]+0.000000*delta[2],0.031679+0.000094*delta[0]+0.000113*delta[1]-0.000034*delta[2],0.021273+0.000007*delta[0]+0.000060*delta[1]-0.000002*delta[2],0.014769+0.000032*delta[0]+0.000058*delta[1]+0.000013*delta[2],0.017688+0.000058*delta[0]+0.000070*delta[1]-0.000004*delta[2],0.011604+0.000031*delta[0]+0.000039*delta[1]+0.000004*delta[2],0.009191+0.000016*delta[0]+0.000039*delta[1]+0.000000*delta[2],0.023272+0.000066*delta[0]+0.000106*delta[1]-0.000005*delta[2],0.016923+0.000029*delta[0]+0.000066*delta[1]+0.000011*delta[2],0.012477+0.000026*delta[0]+0.000034*delta[1]-0.000003*delta[2]
0.012849+0.000031*delta[0]+0.000056*delta[1]-0.000005*delta[2],0.010665+0.000026*delta[0]+0.000030*delta[1]+0.000002*delta[2],0.016695+0.000056*delta[0]+0.000064*delta[1]-0.000007*delta[2],0.012746+0.000008*delta[0]+0.000058*delta[1]+0.000004*delta[2],0.009867+0.000019*delta[0]+0.000041*delta[1]-0.000002*delta[2],0.007697+0.000019*delta[0]+0.000024*delta[1]+0.000001*delta[2],0.022661+0.000049*delta[0]+0.000089*delta[1]-0.000004*delta[2],0.016195+0.000032*delta[0]+0.000060*delta[1]+0.000016*delta[2],0.011928+0.000018*delta[0]+0.000044*delta[1]+0.000004*delta[2],0.021154+0.000029*delta[0]+0.000098*delta[1]-0.000014*delta[2],0.014751+0.000034*delta[0]+0.000049*delta[1]-0.000003*delta[2],0.010615+0.000023*delta[0]+0.000041*delta[1]+0.000009*delta[2],0.026325+0.000066*delta[0]+0.000090*delta[1]+0.000000*delta[2],0.054486+0.000152*delta[0]+0.000170*delta[1]+0.000013*delta[2],0.009410+0.000029*delta[0]+0.000029*delta[1]+0.000004*delta[2],0.023202+0.000045*delta[0]+0.000105*delta[1]-0.000003*delta[2],0.018649+0.000032*delta[0]+0.000071*delta[1]+0.000007*delta[2],0.016016+0.000044*delta[0]+0.000070*delta[1]-0.000007*delta[2],0.013157+0.000019*delta[0]+0.000059*delta[1]+0.000001*delta[2],0.010737+0.000027*delta[0]+0.000039*delta[1]-0.000002*delta[2],0.008587+0.000026*delta[0]+0.000033*delta[1]-0.000000*delta[2],0.054215+0.000116*delta[0]+0.000180*delta[1]-0.000010*delta[2],0.029416+0.000081*delta[0]+0.000092*delta[1]+0.000008*delta[2],0.017852+0.000046*delta[0]+0.000059*delta[1]+0.000019*delta[2],0.029608+0.000056*delta[0]+0.000086*delta[1]-0.000004*delta[2],0.016156+0.000043*delta[0]+0.000059*delta[1]+0.000005*delta[2],0.011999+0.000034*delta[0]+0.000046*delta[1]-0.000006*delta[2],0.049746+0.000062*delta[0]+0.000178*delta[1]+0.000029*delta[2],0.027052+0.000075*delta[0]+0.000124*delta[1]-0.000007*delta[2],0.016721+0.000026*delta[0]+0.000060*delta[1]-0.000000*delta[2]
0.010613+0.000015*delta[0]+0.000029*delta[1]+0.000000*delta[2],0.009266+0.000020*delta[0]+0.000030*delta[1]+0.000002*delta[2],0.012021+0.000014*delta[0]+0.000030*delta[1]-0.000003*delta[2],0.010103+0.000016*delta[0]+0.000029*delta[1]+0.000004*delta[2],0.008347+0.000015*delta[0]+0.000027*delta[1]+0.000002*delta[2],0.006891+0.000016*delta[0]+0.000017*delta[1]+0.000000*delta[2],0.014355+0.000024*delta[0]+0.000047*delta[1]+0.000007*delta[2],0.011917+0.000021*delta[0]+0.000040*delta[1]-0.000009*delta[2],0.009703+0.000014*delta[0]+0.000030*delta[1]+0.000002*delta[2],0.015279+0.000036*delta[0]+0.000050*delta[1]-0.000002*delta[2],0.012021+0.000006*delta[0]+0.000039*delta[1]-0.000002*delta[2],0.009788+0.000035*delta[0]+0.000031*delta[1]+0.000004*delta[2],0.017805+0.000039*delta[0]+0.000063*delta[1]+0.000010*delta[2],0.029040+0.000075*delta[0]+0.000118*delta[1]-0.000016*delta[2],0.009426+0.000013*delta[0]+0.000038*delta[1]-0.000006*delta[2],0.018126+0.000046*delta[0]+0.000066*delta[1]+0.000000*delta[2],0.017882+0.000029*delta[0]+0.000051*delta[1]+0.000008*delta[2],0.015838+0.000013*delta[0]+0.000036*delta[1]+0.000011*delta[2],0.013343+0.000016*delta[0]+0.000041*delta[1]+0.000006*delta[2],0.011030+0.000018*delta[0]+0.000038*delta[1]-0.000003*delta[2],0.008913+0.000020*delta[0]+0.000030*delta[1]-0.000008*delta[2],0.045251+0.000017*delta[0]+0.000146*delta[1]-0.000046*delta[2],0.028981+0.000060*delta[0]+0.000069*delta[1]-0.000005*delta[2],0.019173+0.000034*delta[0]+0.000070*delta[1]+0.000006*delta[2],0.034505+0.000056*delta[0]+0.000102*delta[1]-0.000009*delta[2],0.018460+0.000042*delta[0]+0.000071*delta[1]+0.000008*delta[2],0.013341+0.000020*delta[0]+0.000061*delta[1]+0.000007*delta[2],0.069709+0.000216*delta[0]+0.000281*delta[1]-0.000007*delta[2],0.034056+0.000073*delta[0]+0.000099*delta[1]-0.000035*delta[2],0.019472+0.000043*delta[0]+0.000079*delta[1]-0.000006*delta[2]
0.012577+0.000026*delta[0]+0.000061*delta[1]+0.000003*delta[2],0.010422+0.000014*delta[0]+0.000049*delta[1]+0.000000*delta[2],0.015497+0.000030*delta[0]+0.000054*delta[1]+0.000002*delta[2],0.012087+0.000021*delta[0]+0.000064*delta[1]-0.000002*delta[2],0.009443+0.000012*delta[0]+0.000032*delta[1]-0.000007*delta[2],0.007422+0.000014*delta[0]+0.000031*delta[1]-0.000004*delta[2],0.019976+0.000053*delta[0]+0.000085*delta[1]-0.000002*delta[2],0.014823+0.000034*delta[0]+0.000058*delta[1]+0.000001*delta[2],0.011183+0.000040*delta[0]+0.000051*delta[1]+0.000007*delta[2],0.018836+0.000009*delta[0]+0.000070*delta[1]-0.000016*delta[2],0.013700+0.000037*delta[0]+0.000045*delta[1]-0.000015*delta[2],0.010707+0.000029*delta[0]+0.000058*delta[1]+0.000002*delta[2],0.025330+0.000051*delta[0]+0.000130*delta[1]-0.000028*delta[2],0.044799+0.000118*delta[0]+0.000096*delta[1]-0.000041*delta[2],0.009284+0.000013*delta[0]+0.000032*delta[1]+0.000006*delta[2],0.020952+0.000078*delta[0]+0.000095*delta[1]+0.000007*delta[2],0.019621+0.000068*delta[0]+0.000073*delta[1]-0.000013*delta[2],0.016526+0.000042*delta[0]+0.000066*delta[1]+0.000004*delta[2],0.013488+0.000016*delta[0]+0.000052*delta[1]-0.000005*delta[2],0.010858+0.000035*delta[0]+0.000040*delta[1]+0.000006*delta[2],0.008699+0.000012*delta[0]+0.000026*delta[1]+0.000004*delta[2],0.049863+0.000100*delta[0]+0.000184*delta[1]-0.000006*delta[2],0.028258+0.000036*delta[0]+0.000096*delta[1]+0.000014*delta[2],0.017601+0.000064*delta[0]+0.000064*delta[1]+0.000005*delta[2],0.032328+0.000054*delta[0]+0.000114*delta[1]+0.000021*delta[2],0.016671+0.000040*delta[0]+0.000070*delta[1]+0.000018*delta[2],0.012083+0.000005*delta[0]+0.000049*delta[1]-0.000002*delta[2],0.048548+0.000077*delta[0]+0.000216*delta[1]-0.000006*delta[2],0.025795+0.000048*delta[0]+0.000094*delta[1]-0.000024*delta[2],0.016040+0.000033*delta[0]+0.000057*delta[1]+0.000001*delta[2]
0.013794+0.000019*delta[0]+0.000055*delta[1]-0.000001*delta[2],0.011293+0.000013*delta[0]+0.000046*delta[1]+0.000012*delta[2],0.017652+0.000013*delta[0]+0.000096*delta[1]-0.000010*delta[2],0.013408+0.000012*delta[0]+0.000052*delta[1]+0.000007*delta[2],0.010152+0.000010*delta[0]+0.000051*delta[1]-0.000010*delta[2],0.007891+0.000018*delta[0]+0.000035*delta[1]-0.000005*delta[2],0.023296+0.000017*delta[0]+0.000110*delta[1]+0.000005*delta[2],0.016694+0.000044*delta[0]+0.000078*delta[1]-0.000004*delta[2],0.012143+0.000017*delta[0]+0.000041*delta[1]-0.000000*delta[2],0.020859+0.000047*delta[0]+0.000097*delta[1]-0.000015*delta[2],0.014729+0.000013*delta[0]+0.000087*delta[1]-0.000007*delta[2],0.011330+0.000012*delta[0]+0.000050*delta[1]+0.000002*delta[2],0.029676+0.000038*delta[0]+0.000147*delta[1]-0.000034*delta[2],0.054420+0.000138*delta[0]+0.000285*delta[1]-0.000015*delta[2],0.009443+0.000018*delta[0]+0.000043*delta[1]+0.000002*delta[2],0.022287+0.000017*delta[0]+0.000094*delta[1]+0.000001*delta[2],0.020537+0.000053*delta[0]+0.000082*delta[1]-0.000015*delta[2],0.017296+0.000020*delta[0]+0.000078*delta[1]+0.000004*delta[2],0.014005+0.000030*delta[0]+0.000058*delta[1]-0.000001*delta[2],0.011297+0.000028*delta[0]+0.000057*delta[1]-0.000010*delta[2],0.008974+0.000026*delta[0]+0.000042*delta[1]+0.000005*delta[2],0.051665+0.000119*delta[0]+0.000236*delta[1]-0.000039*delta[2],0.029136-0.000003*delta[0]+0.000103*delta[1]-0.000000*delta[2],0.018098+0.000042*delta[0]+0.000085*delta[1]+0.000012*delta[2],0.032486+0.000042*delta[0]+0.000151*delta[1]+0.000021*delta[2],0.016961+0.000026*delta[0]+0.000074*delta[1]+0.000004*delta[2],0.012378+0.000020*delta[0]+0.000060*delta[1]-0.000012*delta[2],0.049421+0.000059*delta[0]+0.000168*delta[1]-0.000009*delta[2],0.027367+0.000064*delta[0]+0.000134*delta[1]-0.000024*delta[2],0.017097+0.000033*delta[0]+0.000078*delta[1]+0.000012*delta[2]
0.015797+0.000022*delta[0]+0.000063*delta[1]-0.000010*delta[2],0.012713+0.000030*delta[0]+0.000055*delta[1]+0.000006*delta[2],0.021681+0.000046*delta[0]+0.000094*delta[1]-0.000004*delta[2],0.015503+0.000019*delta[0]+0.000056*delta[1]-0.000005*delta[2],0.011427+0.000037*delta[0]+0.000036*delta[1]+0.000020*delta[2],0.008527+0.000008*delta[0]+0.000032*delta[1]+0.000002*delta[2],0.029466+0.000008*delta[0]+0.000081*delta[1]+0.000011*delta[2],0.019422+0.000009*delta[0]+0.000072*delta[1]-0.000005*delta[2],0.013421+0.000029*delta[0]+0.000060*delta[1]-0.000003*delta[2],0.023486+0.000033*delta[0]+0.000087*delta[1]+0.000028*delta[2],0.016066+0.000062*delta[0]+0.000070*delta[1]-0.000000*delta[2],0.012360+0.000020*delta[0]+0.000034*delta[1]+0.000005*delta[2],0.037871+0.000062*delta[0]+0.000165*delta[1]+0.000002*delta[2],0.066724+0.000153*delta[0]+0.000215*delta[1]-0.000042*delta[2],0.009546+0.000010*delta[0]+0.000027*delta[1]-0.000002*delta[2],0.023508+0.000064*delta[0]+0.000091*delta[1]+0.000001*delta[2],0.021493+0.000053*delta[0]+0.000078*delta[1]-0.000024*delta[2],0.018132+0.000019*delta[0]+0.000078*delta[1]+0.000008*delta[2],0.014690+0.000046*delta[0]+0.000055*delta[1]+0.000005*delta[2],0.011783+0.000033*delta[0]+0.000027*delta[1]-0.000009*delta[2],0.009305+0.000016*delta[0]+0.000020*delta[1]-0.000000*delta[2],0.049038+0.000122*delta[0]+0.000175*delta[1]-0.000022*delta[2],0.029299+0.000071*delta[0]+0.000106*delta[1]-0.000015*delta[2],0.018518+0.000009*delta[0]+0.000057*delta[1]+0.000005*delta[2],0.031167+0.000069*delta[0]+0.000107*delta[1]+0.000002*delta[2],0.016973+0.000040*delta[0]+0.000062*delta[1]+0.000001*delta[2],0.012566+0.000016*delta[0]+0.000045*delta[1]+0.000003*delta[2],0.042803+0.000129*delta[0]+0.000152*delta[1]+0.000008*delta[2],0.026193+0.000041*delta[0]+0.000065*delta[1]-0.000017*delta[2],0.017290+0.000034*delta[0]+0.000074*delta[1]-0.000002*delta[2]
0.002411+0.000003*delta[0]+0.000009*delta[1]-0.000001*delta[2],0.002105+0.000007*delta[0]+0.000009*delta[1]+0.000000*delta[2],0.002346+0.000002*delta[0]+0.000007*delta[1]-0.000000*delta[2],0.002013+0.000003*delta[0]+0.000007*delta[1]-0.000002*delta[2],0.001757+0.000005*delta[0]+0.000007*delta[1]+0.000001*delta[2],0.001535+0.000003*delta[0]+0.000006*delta[1]+0.000000*delta[2],0.002470+0.000006*delta[0]+0.000009*delta[1]+0.000001*delta[2],0.002118+0.000008*delta[0]+0.000007*delta[1]-0.000001*delta[2],0.001841+0.000005*delta[0]+0.000007*delta[1]+0.000001*delta[2],0.002286+0.000004*delta[0]+0.000009*delta[1]-0.000002*delta[2],0.001966+0.000005*delta[0]+0.000007*delta[1]-0.000001*delta[2],0.002387+0.000006*delta[0]+0.000009*delta[1]-0.000001*delta[2],0.003492+0.000012*delta[0]+0.000012*delta[1]+0.000000*delta[2],0.002954+0.000005*delta[0]+0.000012*delta[1]+0.000003*delta[2],0.001604+0.000005*delta[0]+0.000006*delta[1]+0.000001*delta[2],0.002305+0.000004*delta[0]+0.000009*delta[1]-0.000001*delta[2],0.003253+0.000011*delta[0]+0.000012*delta[1]+0.000001*delta[2],0.002726+0.000004*delta[0]+0.000012*delta[1]-0.000001*delta[2],0.002343+0.000005*delta[0]+0.000009*delta[1]+0.000000*delta[2],0.002023+0.000005*delta[0]+0.000007*delta[1]-0.000002*delta[2],0.001747+0.000005*delta[0]+0.000008*delta[1]-0.000003*delta[2],0.002810+0.000008*delta[0]+0.000010*delta[1]-0.000002*delta[2],0.002376+0.000005*delta[0]+0.000008*delta[1]-0.000000*delta[2],0.002018+0.000004*delta[0]+0.000007*delta[1]-0.000001*delta[2],0.002969+0.000008*delta[0]+0.000012*delta[1]-0.000000*delta[2],0.002106+0.000003*delta[0]+0.000009*delta[1]-0.000001*delta[2],0.001803+0.000004*delta[0]+0.000006*delta[1]-0.000001*delta[2],0.002660+0.000007*delta[0]+0.000009*delta[1]+0.000002*delta[2],0.002277+0.000003*delta[0]+0.000009*delta[1]-0.000001*delta[2],0.001957+0.000004*delta[0]+0.000006*delta[1]-0.000001*delta[2]
0.001292+0.000002*delta[0]+0.000006*delta[1]-0.000001*delta[2],0.001156+0.000002*delta[0]+0.000005*delta[1]+0.000000*delta[2],0.001235+0.000003*delta[0]+0.000005*delta[1]+0.000000*delta[2],0.001094+0.000001*delta[0]+0.000004*delta[1]-0.000001*delta[2],0.000980+0.000001*delta[0]+0.000003*delta[1]-0.000000*delta[2],0.000000,0.001295+0.000002*delta[0]+0.000003*delta[1]-0.000001*delta[2],0.001158+0.000004*delta[0]+0.000004*delta[1]-0.000000*delta[2],0.001026+0.000002*delta[0]+0.000004*delta[1]-0.000000*delta[2],0.001241+0.000002*delta[0]+0.000004*delta[1]-0.000000*delta[2],0.001101+0.000001*delta[0]+0.000004*delta[1]-0.000001*delta[2],0.001295+0.000003*delta[0]+0.000004*delta[1]-0.000000*delta[2],0.001671+0.000006*delta[0]+0.000005*delta[1]+0.000000*delta[2],0.001475+0.000004*delta[0]+0.000005*delta[1]-0.000001*delta[2],0.000000,0.001233+0.000003*delta[0]+0.000004*delta[1]-0.000001*delta[2],0.001592+0.000003*delta[0]+0.000006*delta[1]-0.000000*delta[2],0.001393+0.000002*delta[0]+0.000006*delta[1]-0.000000*delta[2],0.001252+0.000003*delta[0]+0.000004*delta[1]-0.000001*delta[2],0.001119+0.000003*delta[0]+0.000005*delta[1]-0.000000*delta[2],0.000997+0.000002*delta[0]+0.000004*delta[1]+0.000001*delta[2],0.001432+0.000005*delta[0]+0.000005*delta[1]+0.000001*delta[2],0.001260+0.000001*delta[0]+0.000003*delta[1]-0.000000*delta[2],0.001120+0.000005*delta[0]+0.000004*delta[1]+0.000001*delta[2],0.001501+0.000003*delta[0]+0.000006*delta[1]+0.000000*delta[2],0.001164+0.000002*delta[0]+0.000005*delta[1]-0.000000*delta[2],0.001041+0.000002*delta[0]+0.000003*delta[1]+0.000000*delta[2],0.001378+0.000004*delta[0]+0.000005*delta[1]-0.000000*delta[2],0.001228+0.000002*delta[0]+0.000004*delta[1]+0.000000*delta[2],0.001099+0.000002*delta[0]+0.000004*delta[1]-0.000000*delta[2]
0.002536+0.000005*delta[0]+0.000009*delta[1]+0.000000*delta[2],0.002225+0.000008*delta[0]+0.000009*delta[1]+0.000001*delta[2],0.002405+0.000002*delta[0]+0.000010*delta[1]+0.000001*delta[2],0.002105+0.000008*delta[0]+0.000009*delta[1]-0.000000*delta[2],0.001846+0.000005*delta[0]+0.000007*delta[1]+0.000000*delta[2],0.001634+0.000004*delta[0]+0.000006*delta[1]+0.000001*delta[2],0.002463+0.000004*delta[0]+0.000011*delta[1]+0.000001*delta[2],0.002157+0.000005*delta[0]+0.000010*delta[1]+0.000001*delta[2],0.001900+0.000002*delta[0]+0.000005*delta[1]-0.000000*delta[2],0.002304+0.000005*delta[0]+0.000008*delta[1]+0.000001*delta[2],0.002014+0.000005*delta[0]+0.000008*delta[1]-0.000000*delta[2],0.002564+0.000007*delta[0]+0.000012*delta[1]+0.000001*delta[2],0.003582+0.000010*delta[0]+0.000014*delta[1]+0.000002*delta[2],0.003061+0.000009*delta[0]+0.000012*delta[1]+0.000003*delta[2],0.001732+0.000002*delta[0]+0.000009*delta[1]-0.000000*delta[2],0.002385+0.000006*delta[0]+0.000010*delta[1]-0.000000*delta[2],0.003664+0.000002*delta[0]+0.000013*delta[1]+0.000005*delta[2],0.003078+0.000005*delta[0]+0.000010*delta[1]+0.000000*delta[2],0.002623+0.000010*delta[0]+0.000012*delta[1]+0.000002*delta[2],0.002230+0.000004*delta[0]+0.000009*delta[1]-0.000001*delta[2],0.001930+0.000004*delta[0]+0.000007*delta[1]-0.000000*delta[2],0.003078+0.000005*delta[0]+0.000010*delta[1]-0.000000*delta[2],0.002633+0.000005*delta[0]+0.000010*delta[1]+0.000001*delta[2],0.002247+0.000006*delta[0]+0.000010*delta[1]-0.000001*delta[2],0.003441+0.000004*delta[0]+0.000014*delta[1]-0.000005*delta[2],0.002400+0.000005*delta[0]+0.000008*delta[1]+0.000001*delta[2],0.002029+0.000003*delta[0]+0.000006*delta[1]-0.000000*delta[2],0.003201+0.000008*delta[0]+0.000013*delta[1]+0.000003*delta[2],0.002703+0.000010*delta[0]+0.000012*delta[1]-0.000001*delta[2],0.002289+0.000007*delta[0]+0.000008*delta[1]+0.000001*delta[2]
0.005458+0.000015*delta[0]+0.000019*delta[1]+0.000004*delta[2],0.004686+0.000006*delta[0]+0.000020*delta[1]-0.000003*delta[2],0.004868+0.000012*delta[0]+0.000020*delta[1]+0.000001*delta[2],0.004216+0.000011*delta[0]+0.000016*delta[1]+0.000002*delta[2],0.003632+0.000007*delta[0]+0.000017*delta[1]-0.000002*delta[2],0.003169+0.000001*delta[0]+0.000014*delta[1]-0.000001*delta[2],0.004678+0.000011*delta[0]+0.000019*delta[1]+0.000001*delta[2],0.004130+0.000002*delta[0]+0.000020*delta[1]-0.000004*delta[2],0.003625+0.000006*delta[0]+0.000018*delta[1]+0.000004*delta[2],0.004389+0.000003*delta[0]+0.000021*delta[1]+0.000000*delta[2],0.003838+0.000005*delta[0]+0.000015*delta[1]+0.000003*delta[2],0.005787+0.000007*delta[0]+0.000026*delta[1]-0.000002*delta[2],0.007873+0.000010*delta[0]+0.000035*delta[1]+0.000007*delta[2],0.006339+0.000010*delta[0]+0.000020*delta[1]+0.000002*delta[2],0.003480+0.000007*delta[0]+0.000015*delta[1]+0.000003*delta[2],0.004748+0.000014*delta[0]+0.000018*delta[1]+0.000003*delta[2],0.010332+0.000015*delta[0]+0.000040*delta[1]-0.000004*delta[2],0.008314+0.000017*delta[0]+0.000041*delta[1]+0.000012*delta[2],0.006749+0.000006*delta[0]+0.000025*delta[1]+0.000002*delta[2],0.005510+0.000007*delta[0]+0.000024*delta[1]+0.000003*delta[2],0.004519+0.000006*delta[0]+0.000019*delta[1]+0.000003*delta[2],0.007202+0.000019*delta[0]+0.000030*delta[1]+0.000006*delta[2],0.006009+0.000018*delta[0]+0.000024*delta[1]+0.000004*delta[2],0.005025+0.000011*delta[0]+0.000023*delta[1]+0.000004*delta[2],0.011704+0.000031*delta[0]+0.000046*delta[1]+0.000009*delta[2],0.006867+0.000019*delta[0]+0.000032*delta[1]+0.000009*delta[2],0.005431+0.000003*delta[0]+0.000024*delta[1]+0.000003*delta[2],0.009072+0.000020*delta[0]+0.000037*delta[1]+0.000007*delta[2],0.007217+0.000009*delta[0]+0.000025*delta[1]+0.000006*delta[2],0.005836+0.000009*delta[0]+0.000021*delta[1]+0.000002*delta[2]
0.010647+0.000025*delta[0]+0.000042*delta[1]-0.000000*delta[2],0.008029+0.000033*delta[0]+0.000033*delta[1]+0.000004*delta[2],0.009573+0.000015*delta[0]+0.000054*delta[1]+0.000001*delta[2],0.007069+0.000015*delta[0]+0.000033*delta[1]+0.000004*delta[2],0.005429+0.000015*delta[0]+0.000025*delta[1]+0.000005*delta[2],0.004295+0.000013*delta[0]+0.000023*delta[1]+0.000003*delta[2],0.010497+0.000011*delta[0]+0.000044*delta[1]+0.000004*delta[2],0.007978+0.000017*delta[0]+0.000036*delta[1]-0.000000*delta[2],0.006143+0.000021*delta[0]+0.000025*delta[1]+0.000002*delta[2],0.007416+0.000014*delta[0]+0.000029*delta[1]+0.000000*delta[2],0.006056+0.000011*delta[0]+0.000023*delta[1]-0.000000*delta[2],0.008855+0.000014*delta[0]+0.000032*delta[1]+0.000000*delta[2],0.020411+0.000029*delta[0]+0.000086*delta[1]+0.000017*delta[2],0.011166+0.000022*delta[0]+0.000048*delta[1]+0.000003*delta[2],0.004586+0.000018*delta[0]+0.000021*delta[1]-0.000000*delta[2],0.006636+0.000013*delta[0]+0.000035*delta[1]-0.000001*delta[2],0.012354+0.000015*delta[0]+0.000047*delta[1]+0.000009*delta[2],0.009819+0.000013*delta[0]+0.000035*delta[1]-0.000002*delta[2],0.007874+0.000015*delta[0]+0.000035*delta[1]+0.000008*delta[2],0.006393+0.000017*delta[0]+0.000035*delta[1]-0.000005*delta[2],0.005198+0.000012*delta[0]+0.000023*delta[1]+0.000002*delta[2],0.008157+0.000022*delta[0]+0.000029*delta[1]+0.000003*delta[2],0.006826+0.000010*delta[0]+0.000025*delta[1]-0.000005*delta[2],0.005679+0.000018*delta[0]+0.000028*delta[1]+0.000007*delta[2],0.010145+0.000030*delta[0]+0.000039*delta[1]+0.000002*delta[2],0.006743+0.000014*delta[0]+0.000027*delta[1]+0.000004*delta[2],0.005553+0.000009*delta[0]+0.000026*delta[1]+0.000007*delta[2],0.007542+0.000022*delta[0]+0.000027*delta[1]+0.000002*delta[2],0.006328+0.000014*delta[0]+0.000029*delta[1]+0.000006*delta[2],0.005317+0.000016*delta[0]+0.000024*delta[1]-0.000001*delta[2]
0.002940+0.000005*delta[0]+0.000011*delta[1]-0.000001*delta[2],0.002495+0.000005*delta[0]+0.000009*delta[1]-0.000001*delta[2],0.002584+0.000002*delta[0]+0.000010*delta[1]-0.000001*delta[2],0.002202+0.000004*delta[0]+0.000009*delta[1]-0.000000*delta[2],0.001910+0.000004*delta[0]+0.000007*delta[1]+0.000000*delta[2],0.001658+0.000002*delta[0]+0.000007*delta[1]+0.000000*delta[2],0.002992+0.000006*delta[0]+0.000014*delta[1]-0.000001*delta[2],0.002521+0.000005*delta[0]+0.000010*delta[1]+0.000002*delta[2],0.002137+0.000002*delta[0]+0.000011*delta[1]+0.000001*delta[2],0.002661+0.000002*delta[0]+0.000012*delta[1]-0.000001*delta[2],0.002307+0.000006*delta[0]+0.000012*delta[1]-0.000001*delta[2],0.002934+0.000004*delta[0]+0.000012*delta[1]-0.000000*delta[2],0.003636+0.000007*delta[0]+0.000017*delta[1]-0.000001*delta[2],0.003461+0.000008*delta[0]+0.000014*delta[1]-0.000001*delta[2],0.001851+0.000002*delta[0]+0.000006*delta[1]+0.000000*delta[2],0.002580+0.000005*delta[0]+0.000010*delta[1]+0.000001*delta[2],0.003955+0.000006*delta[0]+0.000012*delta[1]+0.000002*delta[2],0.003304+0.000008*delta[0]+0.000014*delta[1]-0.000002*delta[2],0.002789+0.000004*delta[0]+0.000011*delta[1]+0.000001*delta[2],0.002396+0.000005*delta[0]+0.000011*delta[1]+0.000000*delta[2],0.002066+0.000004*delta[0]+0.000007*delta[1]-0.000000*delta[2],0.003111+0.000007*delta[0]+0.000012*delta[1]-0.000002*delta[2],0.002670+0.000006*delta[0]+0.000014*delta[1]+0.000000*delta[2],0.002301+0.000004*delta[0]+0.000009*delta[1]+0.000001*delta[2],0.003570+0.000010*delta[0]+0.000012*delta[1]-0.000000*delta[2],0.002565+0.000006*delta[0]+0.000011*delta[1]+0.000001*delta[2],0.002218+0.000004*delta[0]+0.000009*delta[1]-0.000001*delta[2],0.003007+0.000007*delta[0]+0.000010*delta[1]-0.000003*delta[2],0.002584+0.000005*delta[0]+0.000012*delta[1]+0.000001*delta[2],0.002243+0.000003*delta[0]+0.000007*delta[1]-0.000001*delta[2]
0.025300+0.000059*delta[0]+0.000104*delta[1]-0.000018*delta[2],0.018527+0.000016*delta[0]+0.000061*delta[1]+0.000005*delta[2],0.019210+0.000017*delta[0]+0.000077*delta[1]-0.000007*delta[2],0.014767+0.000025*delta[0]+0.000068*delta[1]+0.000006*delta[2],0.011370+0.000030*delta[0]+0.000041*delta[1]+0.000002*delta[2],0.008851+0.000022*delta[0]+0.000043*delta[1]-0.000007*delta[2],0.014887+0.000016*delta[0]+0.000074*delta[1]+0.000013*delta[2],0.012420+0.000012*delta[0]+0.000046*delta[1]-0.000002*delta[2],0.010185+0.000020*delta[0]+0.000051*delta[1]+0.000001*delta[2],0.010953+0.000005*delta[0]+0.000052*delta[1]+0.000002*delta[2],0.009353+0.000017*delta[0]+0.000035*delta[1]+0.000010*delta[2],0.026118+0.000048*delta[0]+0.000131*delta[1]-0.000012*delta[2],0.053432+0.000173*delta[0]+0.000201*delta[1]-0.000045*delta[2],0.019221+0.000018*delta[0]+0.000068*delta[1]-0.000004*delta[2],0.008609+0.000011*delta[0]+0.000038*delta[1]+0.000010*delta[2],0.010916+0.000011*delta[0]+0.000048*delta[1]+0.000000*delta[2],0.111906+0.000286*delta[0]+0.000504*delta[1]-0.000007*delta[2],0.061678+0.000088*delta[0]+0.000274*delta[1]-0.000044*delta[2],0.034958+0.000056*delta[0]+0.000142*delta[1]-0.000010*delta[2],0.021590+0.000041*delta[0]+0.000085*delta[1]-0.000004*delta[2],0.014146+0.000014*delta[0]+0.000057*delta[1]+0.000005*delta[2],0.018945+0.000041*delta[0]+0.000069*delta[1]-0.000026*delta[2],0.015875+0.000010*delta[0]+0.000065*delta[1]-0.000014*delta[2],0.012849+0.000039*delta[0]+0.000046*delta[1]-0.000012*delta[2],0.126630+0.000216*delta[0]+0.000491*delta[1]-0.000018*delta[2],0.023621+0.000039*delta[0]+0.000102*delta[1]-0.000002*delta[2],0.015074+0.000034*delta[0]+0.000057*delta[1]-0.000007*delta[2],0.028097+0.000110*delta[0]+0.000124*delta[1]-0.000017*delta[2],0.021213+0.000043*delta[0]+0.000088*delta[1]-0.000010*delta[2],0.015915+0.000039*delta[0]+0.000066*delta[1]+0.000009*delta[2]
0.002940+0.000008*delta[0]+0.000010*delta[1]+0.000000*delta[2],0.002534+0.000004*delta[0]+0.000009*delta[1]-0.000001*delta[2],0.002699-0.000000*delta[0]+0.000011*delta[1]-0.000001*delta[2],0.002330+0.000000*delta[0]+0.000011*delta[1]+0.000002*delta[2],0.002041+0.000005*delta[0]+0.000007*delta[1]+0.000001*delta[2],0.001789+0.000003*delta[0]+0.000006*delta[1]+0.000002*delta[2],0.002670+0.000008*delta[0]+0.000009*delta[1]-0.000001*delta[2],0.002339+0.000006*delta[0]+0.000011*delta[1]+0.000000*delta[2],0.002059+0.000004*delta[0]+0.000008*delta[1]+0.000002*delta[2],0.002431+0.000005*delta[0]+0.000010*delta[1]-0.000001*delta[2],0.002138+0.000006*delta[0]+0.000007*delta[1]+0.000000*delta[2],0.002998+0.000004*delta[0]+0.000016*delta[1]+0.000000*delta[2],0.004187+0.000011*delta[0]+0.000014*delta[1]-0.000002*delta[2],0.003258+0.000005*delta[0]+0.000013*delta[1]-0.000000*delta[2],0.001873+0.000004*delta[0]+0.000008*delta[1]+0.000001*delta[2],0.002490+0.000006*delta[0]+0.000008*delta[1]-0.000001*delta[2],0.004348+0.000007*delta[0]+0.000015*delta[1]+0.000001*delta[2],0.003576+0.000010*delta[0]+0.000013*delta[1]-0.000001*delta[2],0.002982+0.000005*delta[0]+0.000011*delta[1]-0.000000*delta[2],0.002508+0.000006*delta[0]+0.000008*delta[1]+0.000000*delta[2],0.002129+0.000005*delta[0]+0.000009*delta[1]-0.000001*delta[2],0.003266+0.000006*delta[0]+0.000011*delta[1]-0.000000*delta[2],0.002792+0.000002*delta[0]+0.000013*delta[1]+0.000002*delta[2],0.002405+0.000001*delta[0]+0.000011*delta[1]-0.000001*delta[2],0.003900+0.000005*delta[0]+0.000015*delta[1]-0.000001*delta[2],0.002665+0.000005*delta[0]+0.000009*delta[1]+0.000001*delta[2],0.002244+0.000002*delta[0]+0.000006*delta[1]-0.000000*delta[2],0.003513+0.000004*delta[0]+0.000011*delta[1]+0.000001*delta[2],0.002963+0.000004*delta[0]+0.000011*delta[1]-0.000002*delta[2],0.002517+0.000006*delta[0]+0.000008*delta[1]+0.000001*delta[2]
0.028656+0.000058*delta[0]+0.000156*delta[1]+0.000035*delta[2],0.017606+0.000025*delta[0]+0.000082*delta[1]+0.000008*delta[2],0.024593+0.000037*delta[0]+0.000128*delta[1]-0.000025*delta[2],0.015466+0.000026*delta[0]+0.000077*delta[1]-0.000018*delta[2],0.010656+0.000007*delta[0]+0.000043*delta[1]+0.000001*delta[2],0.007813+0.000021*delta[0]+0.000038*delta[1]-0.000001*delta[2],0.019125+0.000029*delta[0]+0.000088*delta[1]-0.000008*delta[2],0.014164+0.000014*delta[0]+0.000073*delta[1]+0.000004*delta[2],0.010612+0.000014*delta[0]+0.000050*delta[1]+0.000005*delta[2],0.010995+0.000032*delta[0]+0.000054*delta[1]-0.000001*delta[2],0.009078+0.000009*delta[0]+0.000036*delta[1]+0.000006*delta[2],0.023591+0.000048*delta[0]+0.000101*delta[1]+0.000008*delta[2],0.090651+0.000140*delta[0]+0.000446*delta[1]+0.000002*delta[2],0.018935+0.000040*delta[0]+0.000100*delta[1]-0.000008*delta[2],0.007386+0.000002*delta[0]+0.000035*delta[1]+0.000004*delta[2],0.009709+0.000023*delta[0]+0.000054*delta[1]+0.000004*delta[2],0.046213+0.000003*delta[0]+0.000175*delta[1]-0.000035*delta[2],0.030576+0.000040*delta[0]+0.000142*delta[1]-0.000021*delta[2],0.020669+0.000038*delta[0]+0.000079*delta[1]+0.000009*delta[2],0.014520+0.000029*delta[0]+0.000063*delta[1]+0.000006*delta[2],0.010541+0.000019*delta[0]+0.000037*delta[1]+0.000003*delta[2],0.013381+0.000036*delta[0]+0.000067*delta[1]+0.000012*delta[2],0.011212-0.000012*delta[0]+0.000056*delta[1]+0.000003*delta[2],0.009346+0.000025*delta[0]+0.000048*delta[1]+0.000005*delta[2],0.029934+0.000025*delta[0]+0.000135*delta[1]+0.000005*delta[2],0.015735+0.000041*delta[0]+0.000063*delta[1]+0.000009*delta[2],0.011693+0.000022*delta[0]+0.000054*delta[1]+0.000000*delta[2],0.013949+0.000010*delta[0]+0.000049*delta[1]-0.000000*delta[2],0.011498+0.000019*delta[0]+0.000045*delta[1]-0.000002*delta[2],0.009435+0.000008*delta[0]+0.000048*delta[1]-0.000001*delta[2]
0.030758+0.000057*delta[0]+0.000111*delta[1]+0.000019*delta[2],0.021309+0.000020*delta[0]+0.000095*delta[1]+0.000014*delta[2],0.020195+0.000050*delta[0]+0.000070*delta[1]-0.000013*delta[2],0.015356+0.000010*delta[0]+0.000068*delta[1]+0.000004*delta[2],0.011736+0.000010*delta[0]+0.000049*delta[1]+0.000004*delta[2],0.009076+0.000032*delta[0]+0.000042*delta[1]-0.000007*delta[2],0.014221+0.000016*delta[0]+0.000055*delta[1]-0.000007*delta[2],0.012009+0.000018*delta[0]+0.000050*delta[1]-0.000003*delta[2],0.009911+0.000026*delta[0]+0.000045*delta[1]-0.000007*delta[2],0.009883+0.000019*delta[0]+0.000039*delta[1]+0.000002*delta[2],0.008572+0.000010*delta[0]+0.000040*delta[1]+0.000005*delta[2],0.033505+0.000055*delta[0]+0.000140*delta[1]+0.000024*delta[2],0.064901+0.000156*delta[0]+0.000287*delta[1]+0.000005*delta[2],0.016674+0.000045*delta[0]+0.000065*delta[1]-0.000004*delta[2],0.008164+0.000019*delta[0]+0.000033*delta[1]+0.000002*delta[2],0.009644+0.000015*delta[0]+0.000030*delta[1]+0.000008*delta[2],0.220457+0.000172*delta[0]+0.000924*delta[1]+0.000120*delta[2],0.082515+0.000138*delta[0]+0.000395*delta[1]-0.000015*delta[2],0.039291+0.000130*delta[0]+0.000158*delta[1]-0.000002*delta[2],0.022209+0.000046*delta[0]+0.000098*delta[1]-0.000010*delta[2],0.014023+0.000034*delta[0]+0.000067*delta[1]+0.000005*delta[2],0.015427+0.000018*delta[0]+0.000066*delta[1]-0.000010*delta[2],0.013452+0.000029*delta[0]+0.000054*delta[1]-0.000003*delta[2],0.011214+0.000021*delta[0]+0.000055*delta[1]+0.000004*delta[2],0.144663+0.000177*delta[0]+0.000712*delta[1]-0.000153*delta[2],0.029136+0.000055*delta[0]+0.000135*delta[1]-0.000001*delta[2],0.017569+0.000035*delta[0]+0.000073*delta[1]+0.000020*delta[2],0.021640+0.000051*delta[0]+0.000096*delta[1]+0.000009*delta[2],0.017337+0.000018*delta[0]+0.000093*delta[1]-0.000001*delta[2],0.013838+0.000046*delta[0]+0.000079*delta[1]+0.000014*delta[2]
0.026185+0.000060*delta[0]+0.000138*delta[1]+0.000007*delta[2],0.016125+0.000030*delta[0]+0.000055*delta[1]+0.000000*delta[2],0.022271+0.000040*delta[0]+0.000097*delta[1]-0.000002*delta[2],0.014905+0.000036*delta[0]+0.000067*delta[1]+0.000008*delta[2],0.010615+0.000025*delta[0]+0.000038*delta[1]-0.000005*delta[2],0.007857+0.000013*delta[0]+0.000035*delta[1]+0.000001*delta[2],0.015365+0.000017*delta[0]+0.000080*delta[1]+0.000010*delta[2],0.012043+0.000021*delta[0]+0.000044*delta[1]+0.000004*delta[2],0.009461+0.000021*delta[0]+0.000049*delta[1]-0.000004*delta[2],0.009304+0.000025*delta[0]+0.000036*delta[1]-0.000002*delta[2],0.007906+0.000018*delta[0]+0.000028*delta[1]-0.000000*delta[2],0.026127+0.000063*delta[0]+0.000123*delta[1]-0.000004*delta[2],0.109372+0.000268*delta[0]+0.000538*delta[1]+0.000064*delta[2],0.015368+0.000036*delta[0]+0.000058*delta[1]+0.000022*delta[2],0.006824+0.000003*delta[0]+0.000033*delta[1]+0.000004*delta[2],0.008433+0.000014*delta[0]+0.000040*delta[1]+0.000006*delta[2],0.063845+0.000189*delta[0]+0.000264*delta[1]+0.000091*delta[2],0.036359+0.000065*delta[0]+0.000143*delta[1]-0.000019*delta[2],0.022538+0.000055*delta[0]+0.000136*delta[1]+0.000003*delta[2],0.014951+0.000021*delta[0]+0.000057*delta[1]-0.000005*delta[2],0.010599+0.000028*delta[0]+0.000040*delta[1]+0.000003*delta[2],0.011645+0.000013*delta[0]+0.000055*delta[1]+0.000017*delta[2],0.010100+0.000016*delta[0]+0.000056*delta[1]+0.000001*delta[2],0.008448+0.000013*delta[0]+0.000042*delta[1]+0.000011*delta[2],0.033500+0.000099*delta[0]+0.000142*delta[1]-0.000001*delta[2],0.016338+0.000019*delta[0]+0.000079*delta[1]-0.000005*delta[2],0.011950+0.000033*delta[0]+0.000052*delta[1]+0.000005*delta[2],0.012954+0.000036*delta[0]+0.000064*delta[1]+0.000004*delta[2],0.010753+0.000029*delta[0]+0.000048*delta[1]-0.000002*delta[2],0.008952+0.000011*delta[0]+0.000051*delta[1]+0.000010*delta[2]
0.009114+0.000018*delta[0]+0.000033*delta[1]+0.000007*delta[2],0.011692+0.000016*delta[0]+0.000051*delta[1]+0.000002*delta[2],0.010391+0.000028*delta[0]+0.000039*delta[1]-0.000000*delta[2],0.013711+0.000039*delta[0]+0.000061*delta[1]+0.000012*delta[2],0.018168+0.000014*delta[0]+0.000065*delta[1]+0.000021*delta[2],0.024070+0.000048*delta[0]+0.000107*delta[1]-0.000005*delta[2],0.009577+0.000029*delta[0]+0.000036*delta[1]-0.000004*delta[2],0.012601+0.000027*delta[0]+0.000046*delta[1]+0.000003*delta[2],0.016727+0.000052*delta[0]+0.000072*delta[1]-0.000013*delta[2],0.010329+0.000027*delta[0]+0.000038*delta[1]-0.000003*delta[2],0.013399+0.000030*delta[0]+0.000061*delta[1]+0.000000*delta[2],0.008925+0.000026*delta[0]+0.000030*delta[1]-0.000002*delta[2],0.006142+0.000006*delta[0]+0.000027*delta[1]+0.000002*delta[2],0.007950+0.000011*delta[0]+0.000035*delta[1]+0.000003*delta[2],0.030267+0.000077*delta[0]+0.000176*delta[1]+0.000023*delta[2],0.010254+0.000028*delta[0]+0.000038*delta[1]-0.000000*delta[2],0.006691+0.000014*delta[0]+0.000030*delta[1]-0.000001*delta[2],0.008634+0.000016*delta[0]+0.000035*delta[1]-0.000003*delta[2],0.011355+0.000026*delta[0]+0.000037*delta[1]+0.000003*delta[2],0.015527+0.000039*delta[0]+0.000054*delta[1]+0.000002*delta[2],0.021533+0.000019*delta[0]+0.000106*delta[1]+0.000007*delta[2],0.008676+0.000017*delta[0]+0.000045*delta[1]+0.000016*delta[2],0.011779+0.000020*delta[0]+0.000050*delta[1]+0.000015*delta[2],0.016531+0.000054*delta[0]+0.000071*delta[1]+0.000006*delta[2],0.007947+0.000030*delta[0]+0.000033*delta[1]-0.000005*delta[2],0.015711+0.000014*delta[0]+0.000078*delta[1]+0.000015*delta[2],0.024295+0.000044*delta[0]+0.000085*delta[1]-0.000001*delta[2],0.009277+0.000030*delta[0]+0.000046*delta[1]-0.000001*delta[2],0.012882+0.000013*delta[0]+0.000046*delta[1]-0.000015*delta[2],0.019232+0.000044*delta[0]+0.000081*delta[1]+0.000009*delta[2]
0.011555+0.000013*delta[0]+0.000056*delta[1]+0.000007*delta[2],0.015508+0.000028*delta[0]+0.000072*delta[1]+0.000021*delta[2],0.013219+0.000029*delta[0]+0.000068*delta[1]+0.000004*delta[2],0.018232+0.000034*delta[0]+0.000076*delta[1]+0.000018*delta[2],0.025430+0.000046*delta[0]+0.000120*delta[1]-0.000017*delta[2],0.035177+0.000020*delta[0]+0.000176*delta[1]+0.000023*delta[2],0.011475+0.000014*delta[0]+0.000047*delta[1]+0.000002*delta[2],0.015521+0.000026*delta[0]+0.000062*delta[1]+0.000013*delta[2],0.021364+0.000037*delta[0]+0.000089*delta[1]+0.000026*delta[2],0.011711+0.000019*delta[0]+0.000045*delta[1]+0.000011*delta[2],0.015200+0.000008*delta[0]+0.000077*delta[1]+0.000013*delta[2],0.011194+0.000015*delta[0]+0.000054*delta[1]-0.000007*delta[2],0.007233+0.000013*delta[0]+0.000033*delta[1]+0.000002*delta[2],0.009233+0.000019*delta[0]+0.000045*delta[1]-0.000001*delta[2],0.036433+0.000064*delta[0]+0.000160*delta[1]+0.000014*delta[2],0.011392+0.000024*delta[0]+0.000054*delta[1]-0.000006*delta[2],0.007868+0.000015*delta[0]+0.000039*delta[1]-0.000004*delta[2],0.010528+0.000022*delta[0]+0.000042*delta[1]-0.000004*delta[2],0.014366+0.000014*delta[0]+0.000061*delta[1]+0.000007*delta[2],0.020606+0.000022*delta[0]+0.000073*delta[1]+0.000009*delta[2],0.030495+0.000050*delta[0]+0.000137*delta[1]+0.000021*delta[2],0.009859+0.000021*delta[0]+0.000048*delta[1]+0.000002*delta[2],0.013351+0.000019*delta[0]+0.000069*delta[1]+0.000003*delta[2],0.018739+0.000045*delta[0]+0.000097*delta[1]+0.000000*delta[2],0.009192+0.000011*delta[0]+0.000050*delta[1]+0.000010*delta[2],0.019625+0.000027*delta[0]+0.000092*delta[1]+0.000007*delta[2],0.032878+0.000050*delta[0]+0.000127*delta[1]-0.000003*delta[2],0.010972+0.000014*delta[0]+0.000046*delta[1]-0.000005*delta[2],0.015335+0.000034*delta[0]+0.000081*delta[1]+0.000002*delta[2],0.022842+0.000047*delta[0]+0.000113*delta[1]-0.000010*delta[2]
0.013134+0.000029*delta[0]+0.000067*delta[1]-0.000007*delta[2],0.017486+0.000053*delta[0]+0.000056*delta[1]+0.000000*delta[2],0.016065+0.000033*delta[0]+0.000059*delta[1]+0.000001*delta[2],0.022414+0.000045*delta[0]+0.000104*delta[1]+0.000010*delta[2],0.031569+0.000085*delta[0]+0.000110*delta[1]+0.000005*delta[2],0.041975+0.000071*delta[0]+0.000166*delta[1]-0.000054*delta[2],0.014432+0.000003*delta[0]+0.000069*delta[1]-0.000000*delta[2],0.020049+0.000010*delta[0]+0.000080*delta[1]+0.000002*delta[2],0.028333+0.000064*delta[0]+0.000136*delta[1]-0.000009*delta[2],0.014984+0.000020*delta[0]+0.000053*delta[1]+0.000010*delta[2],0.019989+0.000039*delta[0]+0.000085*delta[1]-0.000002*delta[2],0.012203+0.000028*delta[0]+0.000059*delta[1]-0.000000*delta[2],0.008542+0.000006*delta[0]+0.000033*delta[1]-0.000000*delta[2],0.011359+0.000018*delta[0]+0.000058*delta[1]+0.000008*delta[2],0.055385+0.000059*delta[0]+0.000270*delta[1]+0.000017*delta[2],0.014522+0.000045*delta[0]+0.000056*delta[1]+0.000004*delta[2],0.009004+0.000025*delta[0]+0.000041*delta[1]-0.000009*delta[2],0.011994+0.000032*delta[0]+0.000051*delta[1]+0.000007*delta[2],0.016375+0.000043*delta[0]+0.000074*delta[1]-0.000006*delta[2],0.022982+0.000046*delta[0]+0.000072*delta[1]-0.000013*delta[2],0.032538+0.000079*delta[0]+0.000141*delta[1]+0.000006*delta[2],0.012274+0.000020*delta[0]+0.000055*delta[1]+0.000001*delta[2],0.017426+0.000038*delta[0]+0.000073*delta[1]+0.000005*delta[2],0.025528+0.000008*delta[0]+0.000128*delta[1]-0.000012*delta[2],0.011343+0.000028*delta[0]+0.000036*delta[1]-0.000011*delta[2],0.025250+0.000033*delta[0]+0.000122*delta[1]-0.000007*delta[2],0.041813+0.000079*delta[0]+0.000158*delta[1]-0.000003*delta[2],0.013674+0.000027*delta[0]+0.000042*delta[1]-0.000002*delta[2],0.020002+0.000021*delta[0]+0.000076*delta[1]+0.000015*delta[2],0.031738+0.000044*delta[0]+0.000126*delta[1]-0.000017*delta[2]
0.016740+0.000040*delta[0]+0.000065*delta[1]+0.000000*delta[2],0.023121+0.000057*delta[0]+0.000083*delta[1]-0.000018*delta[2],0.022045+0.000057*delta[0]+0.000074*delta[1]-0.000009*delta[2],0.033221+0.000033*delta[0]+0.000118*delta[1]-0.000008*delta[2],0.050751+0.000103*delta[0]+0.000204*delta[1]+0.000025*delta[2],0.071300+0.000086*delta[0]+0.000267*delta[1]+0.000024*delta[2],0.019129+0.000044*delta[0]+0.000080*delta[1]-0.000004*delta[2],0.028443+0.000066*delta[0]+0.000069*delta[1]-0.000010*delta[2],0.043109+0.000117*delta[0]+0.000134*delta[1]+0.000022*delta[2],0.018569+0.000038*delta[0]+0.000074*delta[1]-0.000009*delta[2],0.025230+0.000043*delta[0]+0.000100*delta[1]-0.000021*delta[2],0.014697+0.000041*delta[0]+0.000057*delta[1]-0.000001*delta[2],0.010342+0.000025*delta[0]+0.000047*delta[1]+0.000006*delta[2],0.013895+0.000026*delta[0]+0.000044*delta[1]-0.000003*delta[2],0.078862+0.000099*delta[0]+0.000296*delta[1]+0.000046*delta[2],0.017118+0.000035*delta[0]+0.000063*delta[1]-0.000000*delta[2],0.010476+0.000018*delta[0]+0.000041*delta[1]-0.000002*delta[2],0.014224+0.000043*delta[0]+0.000078*delta[1]+0.000005*delta[2],0.019647+0.000037*delta[0]+0.000081*delta[1]+0.000005*delta[2],0.027952+0.000042*delta[0]+0.000110*delta[1]-0.000020*delta[2],0.039079+0.000085*delta[0]+0.000144*delta[1]+0.000005*delta[2],0.014359+0.000041*delta[0]+0.000055*delta[1]+0.000006*delta[2],0.020544+0.000029*delta[0]+0.000063*delta[1]+0.000001*delta[2],0.030099+0.000079*delta[0]+0.000099*delta[1]+0.000032*delta[2],0.013281+0.000006*delta[0]+0.000061*delta[1]-0.000006*delta[2],0.030684+0.000087*delta[0]+0.000111*delta[1]+0.000019*delta[2],0.050177+0.000034*delta[0]+0.000183*delta[1]-0.000021*delta[2],0.015952+0.000049*delta[0]+0.000060*delta[1]-0.000011*delta[2],0.023135+0.000033*delta[0]+0.000085*delta[1]-0.000022*delta[2],0.035537+0.000059*delta[0]+0.000090*delta[1]-0.000036*delta[2]
0.029221+0.000054*delta[0]+0.000088*delta[1]+0.000020*delta[2],0.042298+0.000105*delta[0]+0.000195*delta[1]+0.000019*delta[2],0.036777+0.000069*delta[0]+0.000144*delta[1]-0.000010*delta[2],0.055977+0.000076*delta[0]+0.000237*delta[1]+0.000038*delta[2],0.075782+0.000145*delta[0]+0.000283*delta[1]+0.000038*delta[2],0.078414+0.000205*delta[0]+0.000329*delta[1]-0.000103*delta[2],0.025887+0.000029*delta[0]+0.000090*delta[1]-0.000022*delta[2],0.035990+0.000118*delta[0]+0.000176*delta[1]+0.000012*delta[2],0.046646+0.000102*delta[0]+0.000177*delta[1]+0.000003*delta[2],0.020645+0.000054*delta[0]+0.000082*delta[1]-0.000009*delta[2],0.025030+0.000046*delta[0]+0.000105*delta[1]-0.000008*delta[2],0.025028+0.000043*delta[0]+0.000110*delta[1]+0.000010*delta[2],0.016038+0.000020*delta[0]+0.000076*delta[1]+0.000007*delta[2],0.019085+0.000016*delta[0]+0.000072*delta[1]+0.000009*delta[2],0.055447+0.000141*delta[0]+0.000193*delta[1]+0.000089*delta[2],0.018568+0.000038*delta[0]+0.000072*delta[1]+0.000001*delta[2],0.016940+0.000042*delta[0]+0.000066*delta[1]-0.000007*delta[2],0.025152+0.000031*delta[0]+0.000088*delta[1]-0.000001*delta[2],0.038316+0.000045*delta[0]+0.000156*delta[1]+0.000028*delta[2],0.060314+0.000103*delta[0]+0.000275*delta[1]-0.000038*delta[2],0.082521+0.000201*delta[0]+0.000391*delta[1]+0.000062*delta[2],0.018590+0.000056*delta[0]+0.000087*delta[1]+0.000012*delta[2],0.025398+0.000060*delta[0]+0.000113*delta[1]+0.000025*delta[2],0.033254+0.000062*delta[0]+0.000140*delta[1]+0.000002*delta[2],0.022628+0.000034*delta[0]+0.000096*delta[1]+0.000015*delta[2],0.071373+0.000125*delta[0]+0.000338*delta[1]-0.000023*delta[2],0.141673+0.000111*delta[0]+0.000734*delta[1]+0.000136*delta[2],0.022434+0.000056*delta[0]+0.000097*delta[1]+0.000008*delta[2],0.031979+0.000092*delta[0]+0.000144*delta[1]+0.000004*delta[2],0.044969+0.000047*delta[0]+0.000192*delta[1]-0.000017*delta[2]
0.042245+0.000084*delta[0]+0.000152*delta[1]+0.000034*delta[2],0.066523+0.000102*delta[0]+0.000219*delta[1]-0.000022*delta[2],0.076512+0.000215*delta[0]+0.000305*delta[1]+0.000123*delta[2],0.184236+0.000260*delta[0]+0.000711*delta[1]+0.000041*delta[2],0.354244+0.001013*delta[0]+0.001496*delta[1]+0.000124*delta[2],0.225927+0.000408*delta[0]+0.000964*delta[1]+0.000085*delta[2],0.042827+0.000091*delta[0]+0.000173*delta[1]+0.000044*delta[2],0.068025+0.000154*delta[0]+0.000240*delta[1]+0.000013*delta[2],0.094867+0.000143*delta[0]+0.000322*delta[1]-0.000005*delta[2],0.025464+0.000044*delta[0]+0.000087*delta[1]+0.000007*delta[2],0.030873+0.000043*delta[0]+0.000150*delta[1]+0.000003*delta[2],0.028835+0.000062*delta[0]+0.000119*delta[1]+0.000011*delta[2],0.020844+0.000036*delta[0]+0.000060*delta[1]+0.000002*delta[2],0.023335+0.000057*delta[0]+0.000090*delta[1]-0.000003*delta[2],0.057901+0.000123*delta[0]+0.000209*delta[1]+0.000045*delta[2],0.020366+0.000025*delta[0]+0.000064*delta[1]-0.000011*delta[2],0.018136+0.000045*delta[0]+0.000097*delta[1]+0.000003*delta[2],0.025768+0.000034*delta[0]+0.000093*delta[1]-0.000001*delta[2],0.036405+0.000071*delta[0]+0.000136*delta[1]-0.000012*delta[2],0.049900+0.000147*delta[0]+0.000212*delta[1]+0.000012*delta[2],0.058188+0.000157*delta[0]+0.000230*delta[1]-0.000028*delta[2],0.018736+0.000021*delta[0]+0.000076*delta[1]+0.000013*delta[2],0.024649+0.000058*delta[0]+0.000088*delta[1]-0.000009*delta[2],0.030041+0.000079*delta[0]+0.000109*delta[1]-0.000016*delta[2],0.022386+0.000056*delta[0]+0.000074*delta[1]+0.000014*delta[2],0.047742+0.000052*delta[0]+0.000202*delta[1]+0.000019*delta[2],0.063251+0.000116*delta[0]+0.000250*delta[1]+0.000032*delta[2],0.019985+0.000021*delta[0]+0.000087*delta[1]+0.000010*delta[2],0.025564+0.000048*delta[0]+0.000087*delta[1]-0.000010*delta[2],0.031176+0.000060*delta[0]+0.000122*delta[1]+0.000032*delta[2]
0.043373+0.000012*delta[0]+0.000169*delta[1]+0.000004*delta[2],0.070143+0.000160*delta[0]+0.000294*delta[1]-0.000023*delta[2],0.076915+0.000088*delta[0]+0.000222*delta[1]+0.000092*delta[2],0.185897+0.000173*delta[0]+0.000830*delta[1]+0.000083*delta[2],0.359288+0.000542*delta[0]+0.000853*delta[1]-0.000173*delta[2],0.229364+0.000443*delta[0]+0.000799*delta[1]+0.000035*delta[2],0.041658+0.000100*delta[0]+0.000198*delta[1]-0.000022*delta[2],0.064825+0.000159*delta[0]+0.000228*delta[1]+0.000113*delta[2],0.089455+0.000259*delta[0]+0.000398*delta[1]+0.000073*delta[2],0.024630+0.000042*delta[0]+0.000100*delta[1]-0.000000*delta[2],0.029731+0.000065*delta[0]+0.000090*delta[1]+0.000024*delta[2],0.029861+0.000077*delta[0]+0.000094*delta[1]+0.000011*delta[2],0.020734+0.000074*delta[0]+0.000061*delta[1]+0.000001*delta[2],0.022817+0.000060*delta[0]+0.000085*delta[1]-0.000004*delta[2],0.054887+0.000073*delta[0]+0.000254*delta[1]+0.000017*delta[2],0.019767+0.000058*delta[0]+0.000076*delta[1]+0.000009*delta[2],0.018469+0.000067*delta[0]+0.000080*delta[1]-0.000025*delta[2],0.026278+0.000048*delta[0]+0.000105*delta[1]-0.000015*delta[2],0.037631+0.000097*delta[0]+0.000149*delta[1]+0.000031*delta[2],0.052000+0.000178*delta[0]+0.000182*delta[1]+0.000005*delta[2],0.060983+0.000088*delta[0]+0.000190*delta[1]+0.000022*delta[2],0.018440+0.000033*delta[0]+0.000071*delta[1]+0.000001*delta[2],0.023806+0.000017*delta[0]+0.000076*delta[1]-0.000006*delta[2],0.028924+0.000064*delta[0]+0.000109*delta[1]+0.000008*delta[2],0.022482+0.000025*delta[0]+0.000115*delta[1]+0.000002*delta[2],0.048393+0.000079*delta[0]+0.000185*delta[1]+0.000029*delta[2],0.064090+0.000059*delta[0]+0.000245*delta[1]+0.000008*delta[2],0.019668+0.000056*delta[0]+0.000076*delta[1]-0.000007*delta[2],0.024850+0.000000*delta[0]+0.000104*delta[1]-0.000001*delta[2],0.030411+0.000077*delta[0]+0.000152*delta[1]-0.000023*delta[2]
0.038332+0.000076*delta[0]+0.000194*delta[1]+0.000012*delta[2],0.057017+0.000171*delta[0]+0.000184*delta[1]-0.000015*delta[2],0.076487+0.000007*delta[0]+0.000375*delta[1]+0.000014*delta[2],0.185067+0.000543*delta[0]+0.000710*delta[1]-0.000108*delta[2],0.355456+0.000520*delta[0]+0.001567*delta[1]+0.000245*delta[2],0.228527+0.000577*delta[0]+0.000751*delta[1]+0.000070*delta[2],0.047349+0.000165*delta[0]+0.000166*delta[1]-0.000011*delta[2],0.080305+0.000129*delta[0]+0.000376*delta[1]-0.000021*delta[2],0.120147+0.000216*delta[0]+0.000371*delta[1]-0.000125*delta[2],0.028432+0.000085*delta[0]+0.000114*delta[1]-0.000004*delta[2],0.035317+0.000083*delta[0]+0.000135*delta[1]+0.000015*delta[2],0.026032+0.000061*delta[0]+0.000109*delta[1]-0.000013*delta[2],0.020900+0.000048*delta[0]+0.000095*delta[1]-0.000010*delta[2],0.024881+0.000065*delta[0]+0.000096*delta[1]+0.000003*delta[2],0.068468+0.000210*delta[0]+0.000274*delta[1]+0.000037*delta[2],0.022329+0.000054*delta[0]+0.000098*delta[1]-0.000011*delta[2],0.017098+0.000048*delta[0]+0.000061*delta[1]+0.000005*delta[2],0.023713+0.000039*delta[0]+0.000117*delta[1]-0.000006*delta[2],0.032609+0.000050*delta[0]+0.000127*delta[1]+0.000015*delta[2],0.042986+0.000089*delta[0]+0.000199*delta[1]-0.000060*delta[2],0.049287+0.000148*delta[0]+0.000205*delta[1]+0.000032*delta[2],0.019786+0.000040*delta[0]+0.000084*delta[1]+0.000005*delta[2],0.026398+0.000044*delta[0]+0.000088*delta[1]-0.000009*delta[2],0.032757+0.000066*delta[0]+0.000113*delta[1]+0.000001*delta[2],0.021458+0.000036*delta[0]+0.000104*delta[1]-0.000003*delta[2],0.043576+0.000079*delta[0]+0.000187*delta[1]+0.000011*delta[2],0.055801+0.000047*delta[0]+0.000191*delta[1]-0.000029*delta[2],0.020582+0.000017*delta[0]+0.000097*delta[1]+0.000008*delta[2],0.026529+0.000022*delta[0]+0.000069*delta[1]+0.000000*delta[2],0.032659+0.000056*delta[0]+0.000147*delta[1]+0.000028*delta[2]
0.039534+0.000034*delta[0]+0.000099*delta[1]+0.000014*delta[2],0.060244+0.000144*delta[0]+0.000237*delta[1]+0.000084*delta[2],0.077207+0.000063*delta[0]+0.000259*delta[1]+0.000043*delta[2],0.189437+0.000251*delta[0]+0.000744*delta[1]+0.000061*delta[2],0.376072+0.000491*delta[0]+0.001437*delta[1]+0.000094*delta[2],0.235204+0.000102*delta[0]+0.000813*delta[1]-0.000055*delta[2],0.045902+0.000048*delta[0]+0.000128*delta[1]+0.000044*delta[2],0.076742+0.000146*delta[0]+0.000324*delta[1]+0.000023*delta[2],0.112601+0.000131*delta[0]+0.000390*delta[1]+0.000103*delta[2],0.027304+0.000020*delta[0]+0.000121*delta[1]+0.000007*delta[2],0.033718+0.000027*delta[0]+0.000133*delta[1]-0.000007*delta[2],0.026740-0.000005*delta[0]+0.000106*delta[1]+0.000023*delta[2],0.020839+0.000034*delta[0]+0.000082*delta[1]+0.000028*delta[2],0.024288+0.000047*delta[0]+0.000092*delta[1]+0.000007*delta[2],0.064714+0.000120*delta[0]+0.000282*delta[1]-0.000023*delta[2],0.021607+0.000054*delta[0]+0.000085*delta[1]-0.000006*delta[2],0.017343+0.000036*delta[0]+0.000064*delta[1]-0.000009*delta[2],0.024215+0.000020*delta[0]+0.000116*delta[1]-0.000002*delta[2],0.033683+0.000072*delta[0]+0.000115*delta[1]+0.000000*delta[2],0.044820+0.000074*delta[0]+0.000208*delta[1]+0.000013*delta[2],0.051384+0.000101*delta[0]+0.000199*delta[1]+0.000022*delta[2],0.019430+0.000035*delta[0]+0.000072*delta[1]+0.000016*delta[2],0.025670+0.000044*delta[0]+0.000092*delta[1]+0.000000*delta[2],0.031574+0.000065*delta[0]+0.000103*delta[1]+0.000033*delta[2],0.021529+0.000006*delta[0]+0.000095*delta[1]+0.000018*delta[2],0.044286+0.000067*delta[0]+0.000178*delta[1]-0.000016*delta[2],0.057248+0.000064*delta[0]+0.000173*delta[1]-0.000008*delta[2],0.020252+0.000038*delta[0]+0.000060*delta[1]-0.000016*delta[2],0.025921+0.000042*delta[0]+0.000066*delta[1]+0.000010*delta[2],0.031857+0.000033*delta[0]+0.000138*delta[1]+0.000008*delta[2]
0.040850+0.000113*delta[0]+0.000150*delta[1]-0.000007*delta[2],0.063395+0.000173*delta[0]+0.000244*delta[1]-0.000049*delta[2],0.077308+0.000050*delta[0]+0.000257*delta[1]+0.000001*delta[2],0.193523+0.000348*delta[0]+0.000872*delta[1]-0.000077*delta[2],0.391863+0.000916*delta[0]+0.001503*delta[1]-0.000107*delta[2],0.243485+0.000507*delta[0]+0.000969*delta[1]+0.000074*delta[2],0.044590+0.000096*delta[0]+0.000145*delta[1]-0.000020*delta[2],0.073166+0.000216*delta[0]+0.000290*delta[1]-0.000015*delta[2],0.104843+0.000071*delta[0]+0.000368*delta[1]-0.000119*delta[2],0.026543+0.000064*delta[0]+0.000082*delta[1]+0.000014*delta[2],0.032263+0.000052*delta[0]+0.000125*delta[1]-0.000005*delta[2],0.027678+0.000063*delta[0]+0.000121*delta[1]-0.000031*delta[2],0.020869+0.000037*delta[0]+0.000076*delta[1]+0.000009*delta[2],0.023684+0.000048*delta[0]+0.000114*delta[1]-0.000012*delta[2],0.060731+0.000024*delta[0]+0.000154*delta[1]+0.000034*delta[2],0.020912+0.000059*delta[0]+0.000092*delta[1]-0.000005*delta[2],0.017626+0.000059*delta[0]+0.000070*delta[1]-0.000007*delta[2],0.024760+0.000052*delta[0]+0.000090*delta[1]-0.000030*delta[2],0.034755+0.000114*delta[0]+0.000150*delta[1]+0.000014*delta[2],0.046412+0.000088*delta[0]+0.000189*delta[1]-0.000001*delta[2],0.053712+0.000108*delta[0]+0.000200*delta[1]+0.000004*delta[2],0.018938+0.000021*delta[0]+0.000063*delta[1]-0.000004*delta[2],0.024901+0.000041*delta[0]+0.000097*delta[1]+0.000016*delta[2],0.030294+0.000036*delta[0]+0.000107*delta[1]-0.000002*delta[2],0.021668+0.000042*delta[0]+0.000074*delta[1]-0.000010*delta[2],0.045137+0.000098*delta[0]+0.000176*delta[1]+0.000003*delta[2],0.058368+0.000087*delta[0]+0.000275*delta[1]-0.000013*delta[2],0.019920+0.000055*delta[0]+0.000060*delta[1]-0.000021*delta[2],0.025481+0.000084*delta[0]+0.000075*delta[1]+0.000016*delta[2],0.030939+0.000071*delta[0]+0.000144*delta[1]-0.000018*delta[2]
0.042353+0.000044*delta[0]+0.000146*delta[1]-0.000004*delta[2],0.055168+0.000132*delta[0]+0.000183*delta[1]+0.000007*delta[2],0.082061+0.000150*delta[0]+0.000327*delta[1]-0.000033*delta[2],0.122209+0.000357*delta[0]+0.000445*delta[1]-0.000056*delta[2],0.118802+0.000121*delta[0]+0.000359*delta[1]-0.000013*delta[2],0.076538+0.000093*delta[0]+0.000265*delta[1]+0.000008*delta[2],0.054033+0.000216*delta[0]+0.000197*delta[1]-0.000072*delta[2],0.076184+0.000225*delta[0]+0.000305*delta[1]+0.000013*delta[2],0.083743+0.000138*delta[0]+0.000279*delta[1]+0.000005*delta[2],0.033119+0.000099*delta[0]+0.000120*delta[1]-0.000019*delta[2],0.037671+0.000103*delta[0]+0.000126*delta[1]+0.000033*delta[2],0.029431+0.000051*delta[0]+0.000118*delta[1]+0.000007*delta[2],0.027644+0.000040*delta[0]+0.000102*delta[1]+0.000010*delta[2],0.034268+0.000049*delta[0]+0.000123*delta[1]-0.000001*delta[2],0.062534+0.000080*delta[0]+0.000164*delta[1]+0.000016*delta[2],0.027388+0.000082*delta[0]+0.000092*delta[1]+0.000040*delta[2],0.022773+0.000048*delta[0]+0.000081*delta[1]-0.000002*delta[2],0.032267+0.000092*delta[0]+0.000125*delta[1]-0.000007*delta[2],0.044008+0.000099*delta[0]+0.000159*delta[1]+0.000032*delta[2],0.054286+0.000129*delta[0]+0.000163*delta[1]+0.000021*delta[2],0.053767+0.000141*delta[0]+0.000227*delta[1]+0.000022*delta[2],0.028359+0.000031*delta[0]+0.000096*delta[1]+0.000000*delta[2],0.038572+0.000049*delta[0]+0.000137*delta[1]+0.000018*delta[2],0.045875+0.000069*delta[0]+0.000186*delta[1]+0.000020*delta[2],0.033343+0.000122*delta[0]+0.000132*delta[1]-0.000023*delta[2],0.077424+0.000077*delta[0]+0.000248*delta[1]-0.000086*delta[2],0.090699+0.000077*delta[0]+0.000361*delta[1]+0.000079*delta[2],0.032543+0.000096*delta[0]+0.000086*delta[1]-0.000001*delta[2],0.043314+0.000069*delta[0]+0.000134*delta[1]-0.000029*delta[2],0.052281+0.000124*delta[0]+0.000240*delta[1]-0.000016*delta[2]
0.051189+0.000163*delta[0]+0.000223*delta[1]-0.000019*delta[2],0.072714+0.000165*delta[0]+0.000301*delta[1]-0.000079*delta[2],0.128848+0.000188*delta[0]+0.000577*delta[1]-0.000081*delta[2],0.305414+0.000876*delta[0]+0.001160*delta[1]-0.000384*delta[2],0.311397+0.001247*delta[0]+0.001195*delta[1]-0.000196*delta[2],0.131317+0.000243*delta[0]+0.000568*delta[1]-0.000094*delta[2],0.061288+0.000163*delta[0]+0.000272*delta[1]-0.000051*delta[2],0.095506+0.000169*delta[0]+0.000307*delta[1]-0.000046*delta[2],0.111978+0.000284*delta[0]+0.000398*delta[1]+0.000007*delta[2],0.030817+0.000057*delta[0]+0.000150*delta[1]-0.000005*delta[2],0.035374+0.000117*delta[0]+0.000140*delta[1]-0.000023*delta[2],0.031339+0.000074*delta[0]+0.000135*delta[1]-0.000024*delta[2],0.028378+0.000064*delta[0]+0.000146*delta[1]-0.000007*delta[2],0.030704+0.000055*delta[0]+0.000093*delta[1]+0.000001*delta[2],0.055290+0.000118*delta[0]+0.000230*delta[1]-0.000027*delta[2],0.023833+0.000045*delta[0]+0.000121*delta[1]-0.000038*delta[2],0.021301+0.000021*delta[0]+0.000086*delta[1]+0.000001*delta[2],0.029702+0.000065*delta[0]+0.000093*delta[1]-0.000008*delta[2],0.039971+0.000130*delta[0]+0.000113*delta[1]+0.000014*delta[2],0.049185+0.000118*delta[0]+0.000171*delta[1]-0.000022*delta[2],0.050040+0.000084*delta[0]+0.000192*delta[1]-0.000098*delta[2],0.022725+0.000025*delta[0]+0.000106*delta[1]-0.000011*delta[2],0.029154+0.000060*delta[0]+0.000134*delta[1]-0.000016*delta[2],0.033742+0.000051*delta[0]+0.000132*delta[1]+0.000010*delta[2],0.026959+0.000048*delta[0]+0.000092*delta[1]-0.000013*delta[2],0.052172+0.000101*delta[0]+0.000241*delta[1]-0.000065*delta[2],0.059822+0.000123*delta[0]+0.000228*delta[1]-0.000034*delta[2],0.023740+0.000041*delta[0]+0.000109*delta[1]+0.000008*delta[2],0.029538+0.000029*delta[0]+0.000120*delta[1]-0.000036*delta[2],0.033838+0.000073*delta[0]+0.000152*delta[1]-0.000023*delta[2]
0.053369+0.000074*delta[0]+0.000206*delta[1]-0.000008*delta[2],0.077086+0.000079*delta[0]+0.000298*delta[1]+0.000042*delta[2],0.131814+0.000341*delta[0]+0.000471*delta[1]-0.000064*delta[2],0.317954+0.001100*delta[0]+0.001123*delta[1]+0.000008*delta[2],0.323493+0.000469*delta[0]+0.001273*delta[1]+0.000170*delta[2],0.133865+0.000289*delta[0]+0.000621*delta[1]+0.000119*delta[2],0.059004+0.000096*delta[0]+0.000243*delta[1]-0.000010*delta[2],0.090364+0.000150*delta[0]+0.000367*delta[1]+0.000034*delta[2],0.104700+0.000147*delta[0]+0.000436*delta[1]+0.000116*delta[2],0.029597+0.000068*delta[0]+0.000074*delta[1]-0.000010*delta[2],0.033749+0.000056*delta[0]+0.000104*delta[1]-0.000016*delta[2],0.032548+0.000065*delta[0]+0.000116*delta[1]-0.000002*delta[2],0.028390+0.000030*delta[0]+0.000137*delta[1]-0.000008*delta[2],0.029677+0.000049*delta[0]+0.000110*delta[1]+0.000025*delta[2],0.052793+0.000130*delta[0]+0.000197*delta[1]+0.000041*delta[2],0.023061+0.000072*delta[0]+0.000094*delta[1]+0.000008*delta[2],0.021657+0.000032*delta[0]+0.000098*delta[1]+0.000009*delta[2],0.030595+0.000060*delta[0]+0.000128*delta[1]-0.000018*delta[2],0.041564+0.000076*delta[0]+0.000120*delta[1]+0.000013*delta[2],0.051349+0.000040*delta[0]+0.000234*delta[1]-0.000057*delta[2],0.052285+0.000086*delta[0]+0.000228*delta[1]+0.000002*delta[2],0.022173+0.000011*delta[0]+0.000064*delta[1]-0.000011*delta[2],0.028318+0.000065*delta[0]+0.000105*delta[1]+0.000007*delta[2],0.032505+0.000032*delta[0]+0.000128*delta[1]+0.000017*delta[2],0.027166+0.000051*delta[0]+0.000109*delta[1]-0.000003*delta[2],0.053372+0.000111*delta[0]+0.000203*delta[1]-0.000033*delta[2],0.061535+0.000039*delta[0]+0.000244*delta[1]+0.000039*delta[2],0.023330+0.000037*delta[0]+0.000086*delta[1]+0.000000*delta[2],0.028813+0.000049*delta[0]+0.000126*delta[1]+0.000002*delta[2],0.033069+0.000086*delta[0]+0.000099*delta[1]+0.000021*delta[2]
0.055700+0.000178*delta[0]+0.000233*delta[1]-0.000022*delta[2],0.082478+0.000114*delta[0]+0.000300*delta[1]-0.000019*delta[2],0.132484+0.000324*delta[0]+0.000501*delta[1]-0.000106*delta[2],0.325306+0.000572*delta[0]+0.001503*delta[1]-0.000000*delta[2],0.332305+0.000830*delta[0]+0.001368*delta[1]-0.000224*delta[2],0.135717+0.000269*delta[0]+0.000582*delta[1]-0.000149*delta[2],0.056489+0.000071*delta[0]+0.000296*delta[1]-0.000002*delta[2],0.085117+0.000185*delta[0]+0.000369*delta[1]-0.000067*delta[2],0.098403+0.000181*delta[0]+0.000385*delta[1]-0.000028*delta[2],0.028443+0.000062*delta[0]+0.000137*delta[1]+0.000017*delta[2],0.032333+0.000066*delta[0]+0.000125*delta[1]-0.000007*delta[2],0.033754+0.000092*delta[0]+0.000119*delta[1]-0.000015*delta[2],0.028303+0.000066*delta[0]+0.000102*delta[1]-0.000014*delta[2],0.028904+0.000076*delta[0]+0.000154*delta[1]-0.000031*delta[2],0.050104+0.000112*delta[0]+0.000231*delta[1]+0.000016*delta[2],0.022255+0.000060*delta[0]+0.000079*delta[1]+0.000030*delta[2],0.022073+0.000050*delta[0]+0.000067*delta[1]-0.000021*delta[2],0.031269+0.000056*delta[0]+0.000164*delta[1]-0.000024*delta[2],0.042800+0.000075*delta[0]+0.000152*delta[1]+0.000007*delta[2],0.053516+0.000096*delta[0]+0.000222*delta[1]+0.000029*delta[2],0.054660+0.000120*delta[0]+0.000172*delta[1]-0.000006*delta[2],0.021490+0.000025*delta[0]+0.000086*delta[1]-0.000006*delta[2],0.027459+0.000117*delta[0]+0.000099*delta[1]-0.000009*delta[2],0.031379+0.000095*delta[0]+0.000137*delta[1]+0.000008*delta[2],0.027459+0.000062*delta[0]+0.000116*delta[1]+0.000003*delta[2],0.054377+0.000115*delta[0]+0.000197*delta[1]+0.000018*delta[2],0.062541+0.000084*delta[0]+0.000210*delta[1]-0.000023*delta[2],0.022905+0.000058*delta[0]+0.000100*delta[1]+0.000015*delta[2],0.028205+0.000079*delta[0]+0.000108*delta[1]+0.000022*delta[2],0.031950+0.000028*delta[0]+0.000128*delta[1]-0.000014*delta[2]
0.067184+0.000156*delta[0]+0.000156*delta[1]+0.000016*delta[2],0.085714+0.000283*delta[0]+0.000416*delta[1]+0.000070*delta[2],0.226547+0.000670*delta[0]+0.000967*delta[1]+0.000137*delta[2],0.361968+0.001086*delta[0]+0.001342*delta[1]-0.000330*delta[2],0.189684+0.000180*delta[0]+0.000636*delta[1]-0.000043*delta[2],0.077978+0.000111*delta[0]+0.000274*delta[1]+0.000022*delta[2],0.075306+0.000233*delta[0]+0.000259*delta[1]+0.000023*delta[2],0.098833+0.000297*delta[0]+0.000378*delta[1]-0.000043*delta[2],0.089602+0.000263*delta[0]+0.000395*delta[1]+0.000018*delta[2],0.031773+0.000052*delta[0]+0.000136*delta[1]-0.000008*delta[2],0.033552+0.000051*delta[0]+0.000102*delta[1]-0.000032*delta[2],0.036964+0.000034*delta[0]+0.000162*delta[1]-0.000013*delta[2],0.040281+0.000119*delta[0]+0.000165*delta[1]+0.000019*delta[2],0.036702+0.000101*delta[0]+0.000149*delta[1]+0.000000*delta[2],0.042860+0.000139*delta[0]+0.000194*delta[1]-0.000017*delta[2],0.024672+0.000072*delta[0]+0.000074*delta[1]+0.000013*delta[2],0.026651+0.000047*delta[0]+0.000095*delta[1]+0.000001*delta[2],0.037116+0.000058*delta[0]+0.000153*delta[1]+0.000015*delta[2],0.047438+0.000079*delta[0]+0.000159*delta[1]-0.000002*delta[2],0.052841+0.000160*delta[0]+0.000178*delta[1]-0.000025*delta[2],0.047074+0.000145*delta[0]+0.000194*delta[1]+0.000014*delta[2],0.025318+0.000026*delta[0]+0.000097*delta[1]-0.000023*delta[2],0.030992+0.000099*delta[0]+0.000110*delta[1]-0.000008*delta[2],0.033141+0.000051*delta[0]+0.000110*delta[1]-0.000027*delta[2],0.034037+0.000050*delta[0]+0.000153*delta[1]-0.000009*delta[2],0.059360+0.000200*delta[0]+0.000232*delta[1]-0.000019*delta[2],0.058566+0.000126*delta[0]+0.000311*delta[1]+0.000018*delta[2],0.026889+0.000068*delta[0]+0.000088*delta[1]+0.000003*delta[2],0.031650+0.000119*delta[0]+0.000116*delta[1]-0.000005*delta[2],0.033374+0.000037*delta[0]+0.000100*delta[1]-0.000008*delta[2]
0.071613+0.000101*delta[0]+0.000350*delta[1]+0.000035*delta[2],0.092115+0.000103*delta[0]+0.000360*delta[1]-0.000011*delta[2],0.231281+0.000454*delta[0]+0.001131*delta[1]-0.000185*delta[2],0.372243+0.000478*delta[0]+0.001315*delta[1]+0.000396*delta[2],0.193720+0.000368*delta[0]+0.000838*delta[1]+0.000132*delta[2],0.078291+0.000139*delta[0]+0.000299*delta[1]+0.000050*delta[2],0.071674+0.000130*delta[0]+0.000244*delta[1]-0.000004*delta[2],0.092437+0.000178*delta[0]+0.000365*delta[1]+0.000019*delta[2],0.085298+0.000282*delta[0]+0.000323*delta[1]+0.000084*delta[2],0.030588+0.000063*delta[0]+0.000103*delta[1]+0.000024*delta[2],0.032184+0.000046*delta[0]+0.000115*delta[1]-0.000002*delta[2],0.038604+0.000013*delta[0]+0.000160*delta[1]-0.000018*delta[2],0.040630+0.000095*delta[0]+0.000130*delta[1]+0.000016*delta[2],0.035541+0.000051*delta[0]+0.000131*delta[1]+0.000006*delta[2],0.041338+0.000114*delta[0]+0.000161*delta[1]+0.000004*delta[2],0.023654+0.000043*delta[0]+0.000079*delta[1]+0.000013*delta[2],0.027448+0.000109*delta[0]+0.000083*delta[1]-0.000001*delta[2],0.038448+0.000094*delta[0]+0.000152*delta[1]+0.000037*delta[2],0.049572+0.000099*delta[0]+0.000161*delta[1]-0.000011*delta[2],0.055208+0.000137*delta[0]+0.000173*delta[1]+0.000037*delta[2],0.049184+0.000120*delta[0]+0.000197*delta[1]-0.000059*delta[2],0.024708+0.000076*delta[0]+0.000092*delta[1]+0.000016*delta[2],0.029829+0.000032*delta[0]+0.000114*delta[1]-0.000002*delta[2],0.031959+0.000076*delta[0]+0.000093*delta[1]-0.000012*delta[2],0.034447+0.000074*delta[0]+0.000111*delta[1]-0.000013*delta[2],0.060371+0.000128*delta[0]+0.000212*delta[1]+0.000006*delta[2],0.060233+0.000222*delta[0]+0.000190*delta[1]+0.000066*delta[2],0.026367+0.000088*delta[0]+0.000064*delta[1]+0.000016*delta[2],0.030614+0.000052*delta[0]+0.000114*delta[1]-0.000024*delta[2],0.032499+0.000075*delta[0]+0.000119*delta[1]+0.000011*delta[2]
0.075542+0.000042*delta[0]+0.000244*delta[1]+0.000029*delta[2],0.099042+0.000181*delta[0]+0.000393*delta[1]+0.000088*delta[2],0.234646+0.000832*delta[0]+0.001013*delta[1]+0.000001*delta[2],0.381098+0.000901*delta[0]+0.001633*delta[1]+0.000158*delta[2],0.195443+0.000466*delta[0]+0.000795*delta[1]+0.000069*delta[2],0.078811+0.000189*delta[0]+0.000394*delta[1]+0.000094*delta[2],0.068129+0.000198*delta[0]+0.000286*delta[1]+0.000038*delta[2],0.086809+0.000183*delta[0]+0.000386*delta[1]+0.000090*delta[2],0.080635+0.000273*delta[0]+0.000367*delta[1]+0.000084*delta[2],0.029363+0.000092*delta[0]+0.000087*delta[1]+0.000001*delta[2],0.030899+0.000081*delta[0]+0.000112*delta[1]+0.000025*delta[2],0.040428+0.000121*delta[0]+0.000143*delta[1]-0.000064*delta[2],0.040773+0.000094*delta[0]+0.000176*delta[1]+0.000026*delta[2],0.034182+0.000096*delta[0]+0.000121*delta[1]+0.000037*delta[2],0.039641+0.000101*delta[0]+0.000196*delta[1]+0.000063*delta[2],0.022908+0.000060*delta[0]+0.000094*delta[1]+0.000027*delta[2],0.027907+0.000060*delta[0]+0.000072*delta[1]+0.000015*delta[2],0.039549+0.000103*delta[0]+0.000133*delta[1]-0.000007*delta[2],0.051584+0.000055*delta[0]+0.000173*delta[1]-0.000019*delta[2],0.057614+0.000155*delta[0]+0.000202*delta[1]+0.000004*delta[2],0.050975+0.000084*delta[0]+0.000189*delta[1]-0.000045*delta[2],0.023860+0.000038*delta[0]+0.000108*delta[1]-0.000030*delta[2],0.028790+0.000056*delta[0]+0.000117*delta[1]+0.000023*delta[2],0.030668+0.000092*delta[0]+0.000123*delta[1]+0.000034*delta[2],0.034872+0.000073*delta[0]+0.000141*delta[1]+0.000018*delta[2],0.061304+0.000197*delta[0]+0.000213*delta[1]+0.000028*delta[2],0.060892+0.000153*delta[0]+0.000320*delta[1]-0.000016*delta[2],0.025630+0.000053*delta[0]+0.000104*delta[1]+0.000001*delta[2],0.029751+0.000062*delta[0]+0.000121*delta[1]+0.000005*delta[2],0.031616+0.000087*delta[0]+0.000112*delta[1]-0.000013*delta[2]
0.064285+0.000121*delta[0]+0.000223*delta[1]-0.000026*delta[2],0.080569+0.000094*delta[0]+0.000218*delta[1]-0.000055*delta[2],0.238996+0.000568*delta[0]+0.000916*delta[1]-0.000091*delta[2],0.397808+0.000711*delta[0]+0.001611*delta[1]-0.000161*delta[2],0.201608+0.000411*delta[0]+0.000654*delta[1]+0.000026*delta[2],0.079597+0.000241*delta[0]+0.000243*delta[1]+0.000031*delta[2],0.081836+0.000195*delta[0]+0.000281*delta[1]+0.000003*delta[2],0.109717+0.000175*delta[0]+0.000332*delta[1]+0.000170*delta[2],0.099114+0.000222*delta[0]+0.000319*delta[1]-0.000063*delta[2],0.033258+0.000038*delta[0]+0.000167*delta[1]-0.000024*delta[2],0.035271+0.000058*delta[0]+0.000142*delta[1]+0.000036*delta[2],0.035178+0.000119*delta[0]+0.000161*delta[1]+0.000017*delta[2],0.039998+0.000122*delta[0]+0.000132*delta[1]+0.000003*delta[2],0.037956+0.000095*delta[0]+0.000120*delta[1]+0.000001*delta[2],0.044574+0.000101*delta[0]+0.000174*delta[1]-0.000050*delta[2],0.025239+0.000059*delta[0]+0.000097*delta[1]+0.000001*delta[2],0.025493+0.000063*delta[0]+0.000108*delta[1]-0.000008*delta[2],0.035053+0.000056*delta[0]+0.000134*delta[1]+0.000001*delta[2],0.044216+0.000054*delta[0]+0.000180*delta[1]-0.000003*delta[2],0.048959+0.000080*delta[0]+0.000263*delta[1]-0.000010*delta[2],0.044243+0.000079*delta[0]+0.000157*delta[1]-0.000020*delta[2],0.025842+0.000069*delta[0]+0.000102*delta[1]-0.000014*delta[2],0.031528+0.000020*delta[0]+0.000147*delta[1]+0.000008*delta[2],0.033587+0.000061*delta[0]+0.000130*delta[1]+0.000013*delta[2],0.032553+0.000075*delta[0]+0.000134*delta[1]+0.000012*delta[2],0.055031+0.000100*delta[0]+0.000215*delta[1]-0.000013*delta[2],0.054922+0.000025*delta[0]+0.000244*delta[1]+0.000030*delta[2],0.026589+0.000022*delta[0]+0.000108*delta[1]-0.000007*delta[2],0.031290+0.000035*delta[0]+0.000150*delta[1]-0.000002*delta[2],0.033211+0.000058*delta[0]+0.000122*delta[1]-0.000005*delta[2]
0.067844+0.000037*delta[0]+0.000255*delta[1]+0.000012*delta[2],0.085792+0.000066*delta[0]+0.000288*delta[1]-0.000057*delta[2],0.243220+0.000037*delta[0]+0.000992*delta[1]-0.000111*delta[2],0.415753+0.000818*delta[0]+0.002199*delta[1]+0.000534*delta[2],0.206405+0.000393*delta[0]+0.000791*delta[1]+0.000037*delta[2],0.080272+0.000149*delta[0]+0.000274*delta[1]+0.000061*delta[2],0.077295+0.000018*delta[0]+0.000291*delta[1]+0.000017*delta[2],0.102479+0.000221*delta[0]+0.000334*delta[1]+0.000036*delta[2],0.093219+0.000153*delta[0]+0.000352*delta[1]+0.000023*delta[2],0.032014+0.000034*delta[0]+0.000149*delta[1]-0.000022*delta[2],0.033617+0.000010*delta[0]+0.000096*delta[1]+0.000022*delta[2],0.036535+0.000094*delta[0]+0.000157*delta[1]-0.000022*delta[2],0.040152+0.000043*delta[0]+0.000152*delta[1]-0.000000*delta[2],0.036505+0.000057*delta[0]+0.000157*delta[1]-0.000003*delta[2],0.042781+0.000033*delta[0]+0.000195*delta[1]-0.000002*delta[2],0.024414+0.000050*delta[0]+0.000098*delta[1]+0.000014*delta[2],0.026195+0.000088*delta[0]+0.000132*delta[1]-0.000008*delta[2],0.036133+0.000101*delta[0]+0.000133*delta[1]-0.000011*delta[2],0.046018+0.000146*delta[0]+0.000241*delta[1]-0.000039*delta[2],0.051076+0.000054*delta[0]+0.000153*delta[1]-0.000005*delta[2],0.046052+0.000110*delta[0]+0.000178*delta[1]+0.000017*delta[2],0.024932+0.000041*delta[0]+0.000089*delta[1]+0.000008*delta[2],0.030369+0.000032*delta[0]+0.000111*delta[1]+0.000006*delta[2],0.032445+0.000058*delta[0]+0.000151*delta[1]-0.000005*delta[2],0.032857+0.000063*delta[0]+0.000112*delta[1]+0.000054*delta[2],0.055919+0.000089*delta[0]+0.000240*delta[1]-0.000043*delta[2],0.055730+0.000084*delta[0]+0.000251*delta[1]+0.000051*delta[2],0.026144+0.000042*delta[0]+0.000112*delta[1]+0.000012*delta[2],0.030386+0.000036*delta[0]+0.000157*delta[1]+0.000000*delta[2],0.032247+0.000078*delta[0]+0.000140*delta[1]+0.000023*delta[2]
0.079576+0.000077*delta[0]+0.000316*delta[1]+0.000017*delta[2],0.081608+0.000251*delta[0]+0.000397*delta[1]-0.000050*delta[2],0.146028+0.000388*delta[0]+0.000533*delta[1]-0.000169*delta[2],0.125234+0.000266*delta[0]+0.000406*delta[1]+0.000104*delta[2],0.074067+0.000204*delta[0]+0.000370*delta[1]+0.000053*delta[2],0.041612+0.000106*delta[0]+0.000167*delta[1]+0.000024*delta[2],0.059591+0.000166*delta[0]+0.000250*delta[1]-0.000071*delta[2],0.060875+0.000088*delta[0]+0.000255*delta[1]+0.000007*delta[2],0.049458+0.000175*delta[0]+0.000238*delta[1]-0.000028*delta[2],0.028479+0.000066*delta[0]+0.000101*delta[1]-0.000015*delta[2],0.027343+0.000040*delta[0]+0.000114*delta[1]+0.000009*delta[2],0.046220+0.000095*delta[0]+0.000210*delta[1]-0.000041*delta[2],0.061344+0.000116*delta[0]+0.000155*delta[1]-0.000032*delta[2],0.041272+0.000088*delta[0]+0.000173*delta[1]-0.000006*delta[2],0.031284+0.000043*delta[0]+0.000126*delta[1]+0.000006*delta[2],0.023776+0.000060*delta[0]+0.000075*delta[1]-0.000002*delta[2],0.041785+0.000095*delta[0]+0.000179*delta[1]+0.000036*delta[2],0.059677+0.000092*delta[0]+0.000220*delta[1]-0.000010*delta[2],0.072535+0.000149*delta[0]+0.000325*delta[1]-0.000009*delta[2],0.068178+0.000076*delta[0]+0.000319*delta[1]+0.000007*delta[2],0.049599+0.000081*delta[0]+0.000220*delta[1]+0.000016*delta[2],0.030090+0.000050*delta[0]+0.000138*delta[1]+0.000019*delta[2],0.034390+0.000082*delta[0]+0.000120*delta[1]-0.000002*delta[2],0.033372+0.000084*delta[0]+0.000160*delta[1]+0.000008*delta[2],0.062371+0.000149*delta[0]+0.000225*delta[1]+0.000006*delta[2],0.102647+0.000226*delta[0]+0.000392*delta[1]-0.000002*delta[2],0.076864+0.000216*delta[0]+0.000276*delta[1]-0.000046*delta[2],0.036258+0.000075*delta[0]+0.000121*delta[1]-0.000008*delta[2],0.039861+0.000080*delta[0]+0.000166*delta[1]+0.000033*delta[2],0.038444+0.000099*delta[0]+0.000173*delta[1]-0.000007*delta[2]
0.075322+0.000208*delta[0]+0.000249*delta[1]+0.000025*delta[2],0.078935+0.000088*delta[0]+0.000450*delta[1]-0.000047*delta[2],0.362084+0.000430*delta[0]+0.001495*delta[1]+0.000196*delta[2],0.279659+0.000301*delta[0]+0.000940*delta[1]-0.000016*delta[2],0.111080+0.000267*delta[0]+0.000569*delta[1]+0.000035*delta[2],0.050118+0.000113*delta[0]+0.000201*delta[1]+0.000003*delta[2],0.097676+0.000186*delta[0]+0.000447*delta[1]+0.000107*delta[2],0.102604+0.000123*delta[0]+0.000522*delta[1]+0.000010*delta[2],0.075017+0.000006*delta[0]+0.000332*delta[1]+0.000019*delta[2],0.034171+0.000032*delta[0]+0.000106*delta[1]+0.000023*delta[2],0.033028-0.000004*delta[0]+0.000108*delta[1]-0.000002*delta[2],0.037882+0.000027*delta[0]+0.000177*delta[1]+0.000032*delta[2],0.059370+0.000096*delta[0]+0.000243*delta[1]-0.000009*delta[2],0.046101+0.000054*delta[0]+0.000163*delta[1]-0.000012*delta[2],0.035319+0.000031*delta[0]+0.000135*delta[1]-0.000004*delta[2],0.025979+0.000038*delta[0]+0.000092*delta[1]-0.000008*delta[2],0.031018+0.000032*delta[0]+0.000123*delta[1]+0.000017*delta[2],0.040944+0.000102*delta[0]+0.000240*delta[1]+0.000001*delta[2],0.047321+0.000075*delta[0]+0.000216*delta[1]-0.000017*delta[2],0.046609+0.000053*delta[0]+0.000225*delta[1]+0.000022*delta[2],0.038005+0.000019*delta[0]+0.000162*delta[1]+0.000002*delta[2],0.028851+0.000076*delta[0]+0.000108*delta[1]-0.000024*delta[2],0.033012+0.000049*delta[0]+0.000149*delta[1]+0.000014*delta[2],0.032597+0.000074*delta[0]+0.000164*delta[1]+0.000017*delta[2],0.039790+0.000028*delta[0]+0.000191*delta[1]-0.000004*delta[2],0.055857+0.000178*delta[0]+0.000226*delta[1]-0.000044*delta[2],0.048568+0.000031*delta[0]+0.000197*delta[1]+0.000022*delta[2],0.029845+0.000070*delta[0]+0.000117*delta[1]-0.000004*delta[2],0.032640+0.000048*delta[0]+0.000126*delta[1]+0.000007*delta[2],0.032010+0.000071*delta[0]+0.000121*delta[1]-0.000001*delta[2]
0.080497+0.000158*delta[0]+0.000305*delta[1]+0.000129*delta[2],0.084359+0.000271*delta[0]+0.000375*delta[1]+0.000020*delta[2],0.378430+0.001467*delta[0]+0.001596*delta[1]+0.000123*delta[2],0.289093+0.000646*delta[0]+0.001053*delta[1]+0.000148*delta[2],0.112017+0.000110*delta[0]+0.000454*delta[1]-0.000039*delta[2],0.050290+0.000074*delta[0]+0.000251*delta[1]-0.000021*delta[2],0.091828+0.000273*delta[0]+0.000441*delta[1]+0.000058*delta[2],0.096945+0.000244*delta[0]+0.000452*delta[1]+0.000025*delta[2],0.072056+0.000139*delta[0]+0.000375*delta[1]-0.000029*delta[2],0.032889+0.000121*delta[0]+0.000159*delta[1]-0.000009*delta[2],0.031967+0.000035*delta[0]+0.000129*delta[1]-0.000025*delta[2],0.039759+0.000071*delta[0]+0.000199*delta[1]+0.000050*delta[2],0.060376+0.000149*delta[0]+0.000259*delta[1]+0.000045*delta[2],0.044313+0.000089*delta[0]+0.000202*delta[1]-0.000019*delta[2],0.034140+0.000038*delta[0]+0.000191*delta[1]+0.000017*delta[2],0.024968+0.000064*delta[0]+0.000110*delta[1]+0.000020*delta[2],0.032067+0.000084*delta[0]+0.000141*delta[1]+0.000017*delta[2],0.042543+0.000072*delta[0]+0.000213*delta[1]-0.000001*delta[2],0.049571+0.000106*delta[0]+0.000187*delta[1]+0.000020*delta[2],0.048536+0.000076*delta[0]+0.000247*delta[1]+0.000002*delta[2],0.039370+0.000151*delta[0]+0.000173*delta[1]-0.000015*delta[2],0.028015+0.000087*delta[0]+0.000118*delta[1]-0.000022*delta[2],0.031901+0.000064*delta[0]+0.000129*delta[1]+0.000006*delta[2],0.031516+0.000064*delta[0]+0.000126*delta[1]+0.000028*delta[2],0.040392+0.000069*delta[0]+0.000194*delta[1]-0.000001*delta[2],0.056977+0.000134*delta[0]+0.000228*delta[1]-0.000022*delta[2],0.049713+0.000142*delta[0]+0.000234*delta[1]+0.000006*delta[2],0.029038+0.000064*delta[0]+0.000130*delta[1]+0.000034*delta[2],0.032011+0.000114*delta[0]+0.000144*delta[1]-0.000004*delta[2],0.031226+0.000066*delta[0]+0.000147*delta[1]-0.000010*delta[2]
0.044471+0.000056*delta[0]+0.000125*delta[1]+0.000011*delta[2],0.040413+0.000080*delta[0]+0.000147*delta[1]+0.000018*delta[2],0.099703+0.000090*delta[0]+0.000342*delta[1]+0.000007*delta[2],0.071956+0.000146*delta[0]+0.000270*delta[1]-0.000026*delta[2],0.044824+0.000075*delta[0]+0.000149*delta[1]+0.000003*delta[2],0.027966+0.000061*delta[0]+0.000097*delta[1]-0.000003*delta[2],0.090989+0.000168*delta[0]+0.000314*delta[1]+0.000042*delta[2],0.074244+0.000135*delta[0]+0.000272*delta[1]-0.000019*delta[2],0.049122+0.000072*delta[0]+0.000168*delta[1]-0.000015*delta[2],0.043140+0.000020*delta[0]+0.000140*delta[1]-0.000022*delta[2],0.036598+0.000053*delta[0]+0.000151*delta[1]-0.000063*delta[2],0.028355+0.000049*delta[0]+0.000087*delta[1]-0.000001*delta[2],0.063480+0.000195*delta[0]+0.000195*delta[1]-0.000001*delta[2],0.087065+0.000194*delta[0]+0.000307*delta[1]-0.000003*delta[2],0.031784+0.000032*delta[0]+0.000129*delta[1]-0.000010*delta[2],0.036413+0.000110*delta[0]+0.000117*delta[1]+0.000020*delta[2],0.034277+0.000071*delta[0]+0.000151*delta[1]-0.000028*delta[2],0.040709+0.000079*delta[0]+0.000154*delta[1]-0.000033*delta[2],0.041298+0.000066*delta[0]+0.000164*delta[1]+0.000015*delta[2],0.036082+0.000031*delta[0]+0.000122*delta[1]-0.000039*delta[2],0.027992+0.000044*delta[0]+0.000107*delta[1]+0.000013*delta[2],0.054466+0.000204*delta[0]+0.000179*delta[1]+0.000029*delta[2],0.057993+0.000124*delta[0]+0.000244*delta[1]-0.000045*delta[2],0.047992+0.000063*delta[0]+0.000165*delta[1]-0.000019*delta[2],0.060927+0.000096*delta[0]+0.000219*delta[1]-0.000010*delta[2],0.064206+0.000126*delta[0]+0.000276*delta[1]+0.000014*delta[2],0.046250+0.000042*delta[0]+0.000152*delta[1]+0.000049*delta[2],0.061525+0.000199*delta[0]+0.000191*delta[1]+0.000027*delta[2],0.060672+0.000155*delta[0]+0.000167*delta[1]-0.000018*delta[2],0.048773+0.000062*delta[0]+0.000204*delta[1]+0.000004*delta[2]
0.091886+0.000105*delta[0]+0.000445*delta[1]+0.000123*delta[2],0.076279+0.000027*delta[0]+0.000278*delta[1]+0.000084*delta[2],0.205710+0.000308*delta[0]+0.000786*delta[1]+0.000060*delta[2],0.117818+0.000162*delta[0]+0.000494*delta[1]+0.000050*delta[2],0.058536+0.000082*delta[0]+0.000238*delta[1]+0.000014*delta[2],0.032150+0.000017*delta[0]+0.000120*delta[1]-0.000041*delta[2],0.070228+0.000034*delta[0]+0.000221*delta[1]-0.000016*delta[2],0.061404+0.000064*delta[0]+0.000304*delta[1]-0.000016*delta[2],0.044000+0.000048*delta[0]+0.000143*delta[1]+0.000003*delta[2],0.028717+0.000089*delta[0]+0.000118*delta[1]-0.000009*delta[2],0.025849+0.000043*delta[0]+0.000106*delta[1]-0.000012*delta[2],0.046702+0.000061*delta[0]+0.000218*delta[1]+0.000015*delta[2],0.103119+0.000174*delta[0]+0.000523*delta[1]+0.000048*delta[2],0.047035+0.000127*delta[0]+0.000181*delta[1]+0.000017*delta[2],0.025640+0.000043*delta[0]+0.000103*delta[1]+0.000000*delta[2],0.023210+0.000018*delta[0]+0.000123*delta[1]+0.000015*delta[2],0.047420+0.000071*delta[0]+0.000159*delta[1]+0.000004*delta[2],0.061281+0.000117*delta[0]+0.000193*delta[1]+0.000076*delta[2],0.063105+0.000070*delta[0]+0.000234*delta[1]-0.000035*delta[2],0.052150+0.000040*delta[0]+0.000237*delta[1]-0.000015*delta[2],0.036898+0.000055*delta[0]+0.000139*delta[1]+0.000003*delta[2],0.030577+0.000105*delta[0]+0.000092*delta[1]+0.000029*delta[2],0.032142+0.000055*delta[0]+0.000104*delta[1]-0.000021*delta[2],0.029255+0.000097*delta[0]+0.000138*delta[1]-0.000005*delta[2],0.063996+0.000048*delta[0]+0.000249*delta[1]-0.000037*delta[2],0.071028+0.000163*delta[0]+0.000249*delta[1]-0.000069*delta[2],0.050535+0.000074*delta[0]+0.000214*delta[1]+0.000002*delta[2],0.034747+0.000077*delta[0]+0.000141*delta[1]+0.000013*delta[2],0.034747+0.000063*delta[0]+0.000115*delta[1]-0.000006*delta[2],0.031042+0.000075*delta[0]+0.000146*delta[1]+0.000012*delta[2]
0.055201+0.000132*delta[0]+0.000221*delta[1]+0.000046*delta[2],0.043235+0.000161*delta[0]+0.000150*delta[1]-0.000030*delta[2],0.080505+0.000226*delta[0]+0.000422*delta[1]-0.000062*delta[2],0.052269+0.000114*delta[0]+0.000237*delta[1]-0.000037*delta[2],0.032754+0.000082*delta[0]+0.000136*delta[1]-0.000002*delta[2],0.021117+0.000042*delta[0]+0.000073*delta[1]-0.000007*delta[2],0.054770+0.000213*delta[0]+0.000269*delta[1]+0.000006*delta[2],0.043005+0.000072*delta[0]+0.000144*delta[1]-0.000017*delta[2],0.030530+0.000084*delta[0]+0.000118*delta[1]-0.000003*delta[2],0.028292+0.000060*delta[0]+0.000133*delta[1]-0.000007*delta[2],0.023746+0.000037*delta[0]+0.000109*delta[1]+0.000016*delta[2],0.035999+0.000068*delta[0]+0.000190*delta[1]-0.000015*delta[2],0.111080+0.000332*delta[0]+0.000526*delta[1]+0.000004*delta[2],0.059268+0.000158*delta[0]+0.000258*delta[1]-0.000021*delta[2],0.021116+0.000039*delta[0]+0.000086*delta[1]+0.000010*delta[2],0.025138+0.000087*delta[0]+0.000105*delta[1]+0.000001*delta[2],0.056781+0.000189*delta[0]+0.000246*delta[1]-0.000035*delta[2],0.063130+0.000158*delta[0]+0.000176*delta[1]+0.000029*delta[2],0.054680+0.000115*delta[0]+0.000243*delta[1]+0.000032*delta[2],0.040510+0.000096*delta[0]+0.000178*delta[1]-0.000004*delta[2],0.027784+0.000085*delta[0]+0.000130*delta[1]-0.000045*delta[2],0.041654+0.000096*delta[0]+0.000153*delta[1]-0.000026*delta[2],0.039145+0.000056*delta[0]+0.000238*delta[1]-0.000028*delta[2],0.031504+0.000084*delta[0]+0.000119*delta[1]+0.000001*delta[2],0.111932+0.000278*delta[0]+0.000381*delta[1]+0.000068*delta[2],0.073109+0.000224*delta[0]+0.000253*delta[1]-0.000027*delta[2],0.043497+0.000086*delta[0]+0.000219*delta[1]-0.000012*delta[2],0.053723+0.000176*delta[0]+0.000220*delta[1]-0.000026*delta[2],0.046807+0.000194*delta[0]+0.000183*delta[1]+0.000018*delta[2],0.035711+0.000108*delta[0]+0.000168*delta[1]+0.000001*delta[2]
0.051389+0.000066*delta[0]+0.000200*delta[1]-0.000034*delta[2],0.036836+0.000045*delta[0]+0.000116*delta[1]-0.000024*delta[2],0.072586+0.000081*delta[0]+0.000245*delta[1]-0.000027*delta[2],0.042730+0.000085*delta[0]+0.000178*delta[1]-0.000021*delta[2],0.026281+0.000062*delta[0]+0.000117*delta[1]+0.000001*delta[2],0.017172+0.000014*delta[0]+0.000065*delta[1]-0.000003*delta[2],0.052660+0.000093*delta[0]+0.000204*delta[1]+0.000012*delta[2],0.037333+0.000084*delta[0]+0.000173*delta[1]-0.000039*delta[2],0.025547+0.000050*delta[0]+0.000079*delta[1]+0.000010*delta[2],0.026196+0.000004*delta[0]+0.000110*delta[1]-0.000004*delta[2],0.021046+0.000047*delta[0]+0.000070*delta[1]+0.000012*delta[2],0.033043+0.000063*delta[0]+0.000145*delta[1]-0.000001*delta[2],0.165686+0.000330*delta[0]+0.000779*delta[1]-0.000105*delta[2],0.059912+0.000069*delta[0]+0.000248*delta[1]+0.000056*delta[2],0.017236+0.000032*delta[0]+0.000064*delta[1]-0.000011*delta[2],0.023177+0.000047*delta[0]+0.000087*delta[1]-0.000007*delta[2],0.058645+0.000077*delta[0]+0.000280*delta[1]+0.000015*delta[2],0.056660+0.000094*delta[0]+0.000216*delta[1]+0.000027*delta[2],0.044168+0.000125*delta[0]+0.000225*delta[1]-0.000038*delta[2],0.031752+0.000070*delta[0]+0.000130*delta[1]-0.000011*delta[2],0.021958+0.000038*delta[0]+0.000099*delta[1]-0.000019*delta[2],0.038736+0.000106*delta[0]+0.000127*delta[1]+0.000052*delta[2],0.033636+0.000067*delta[0]+0.000135*delta[1]-0.000049*delta[2],0.025931+0.000056*delta[0]+0.000115*delta[1]+0.000012*delta[2],0.095548+0.000063*delta[0]+0.000511*delta[1]-0.000035*delta[2],0.049534+0.000130*delta[0]+0.000212*delta[1]-0.000000*delta[2],0.031148+0.000083*delta[0]+0.000153*delta[1]-0.000020*delta[2],0.046138+0.000119*delta[0]+0.000179*delta[1]-0.000037*delta[2],0.036912+0.000036*delta[0]+0.000166*delta[1]+0.000013*delta[2],0.027659+0.000047*delta[0]+0.000134*delta[1]+0.000004*delta[2]
0.043547+0.000080*delta[0]+0.000174*delta[1]-0.000029*delta[2],0.032956+0.000117*delta[0]+0.000138*delta[1]+0.000003*delta[2],0.077796+0.000216*delta[0]+0.000328*delta[1]+0.000004*delta[2],0.044623+0.000082*delta[0]+0.000200*delta[1]-0.000025*delta[2],0.026870+0.000028*delta[0]+0.000106*delta[1]-0.000001*delta[2],0.017402+0.000042*delta[0]+0.000086*delta[1]+0.000002*delta[2],0.070237+0.000226*delta[0]+0.000318*delta[1]-0.000042*delta[2],0.045232+0.000038*delta[0]+0.000184*delta[1]-0.000030*delta[2],0.028900+0.000041*delta[0]+0.000136*delta[1]-0.000006*delta[2],0.032270+0.000053*delta[0]+0.000130*delta[1]+0.000008*delta[2],0.024783+0.000053*delta[0]+0.000091*delta[1]+0.000001*delta[2],0.027360+0.000044*delta[0]+0.000107*delta[1]-0.000025*delta[2],0.124809+0.000269*delta[0]+0.000594*delta[1]-0.000001*delta[2],0.084338+0.000164*delta[0]+0.000433*delta[1]-0.000058*delta[2],0.018559+0.000051*delta[0]+0.000073*delta[1]-0.000014*delta[2],0.027740+0.000066*delta[0]+0.000125*delta[1]-0.000025*delta[2],0.043071+0.000127*delta[0]+0.000177*delta[1]+0.000021*delta[2],0.042187+0.000054*delta[0]+0.000172*delta[1]-0.000001*delta[2],0.035116+0.000034*delta[0]+0.000147*delta[1]-0.000005*delta[2],0.026991+0.000054*delta[0]+0.000108*delta[1]-0.000032*delta[2],0.019759+0.000054*delta[0]+0.000069*delta[1]-0.000001*delta[2],0.046258+0.000109*delta[0]+0.000252*delta[1]+0.000027*delta[2],0.039290+0.000057*delta[0]+0.000204*delta[1]-0.000005*delta[2],0.029221+0.000087*delta[0]+0.000128*delta[1]-0.000016*delta[2],0.067460+0.000176*delta[0]+0.000289*delta[1]+0.000039*delta[2],0.041353+0.000041*delta[0]+0.000172*delta[1]-0.000043*delta[2],0.027928+0.000035*delta[0]+0.000105*delta[1]-0.000014*delta[2],0.049291+0.000056*delta[0]+0.000184*delta[1]-0.000020*delta[2],0.039004+0.000013*delta[0]+0.000186*delta[1]+0.000009*delta[2],0.028724+0.000077*delta[0]+0.000134*delta[1]-0.000023*delta[2]
0.044218+0.000050*delta[0]+0.000213*delta[1]+0.000030*delta[2],0.033107+0.000023*delta[0]+0.000127*delta[1]+0.000040*delta[2],0.081879+0.000179*delta[0]+0.000367*delta[1]-0.000050*delta[2],0.045846+0.000055*delta[0]+0.000198*delta[1]-0.000038*delta[2],0.027305+0.000050*delta[0]+0.000115*delta[1]+0.000004*delta[2],0.017537+0.000033*delta[0]+0.000080*delta[1]-0.000011*delta[2],0.073522+0.000181*delta[0]+0.000203*delta[1]-0.000013*delta[2],0.046654+0.000035*delta[0]+0.000195*delta[1]+0.000012*delta[2],0.029447+0.000062*delta[0]+0.000126*delta[1]+0.000023*delta[2],0.032713+0.000068*delta[0]+0.000107*delta[1]+0.000005*delta[2],0.025171+0.000038*delta[0]+0.000100*delta[1]-0.000016*delta[2],0.027470+0.000039*delta[0]+0.000116*delta[1]+0.000003*delta[2],0.127960+0.000099*delta[0]+0.000478*delta[1]+0.000156*delta[2],0.084980+0.000125*delta[0]+0.000336*delta[1]-0.000005*delta[2],0.018670+0.000068*delta[0]+0.000064*delta[1]+0.000016*delta[2],0.027756+0.000054*delta[0]+0.000108*delta[1]-0.000000*delta[2],0.042302+0.000138*delta[0]+0.000122*delta[1]+0.000020*delta[2],0.041549+0.000102*delta[0]+0.000160*delta[1]+0.000055*delta[2],0.034762+0.000040*delta[0]+0.000126*delta[1]+0.000036*delta[2],0.026803+0.000044*delta[0]+0.000113*delta[1]+0.000005*delta[2],0.019632+0.000053*delta[0]+0.000064*delta[1]+0.000036*delta[2],0.045393+0.000083*delta[0]+0.000168*delta[1]+0.000037*delta[2],0.038872+0.000070*delta[0]+0.000132*delta[1]+0.000022*delta[2],0.028812+0.000067*delta[0]+0.000097*delta[1]+0.000013*delta[2],0.064306+0.000161*delta[0]+0.000246*delta[1]-0.000035*delta[2],0.040237+0.000068*delta[0]+0.000166*delta[1]+0.000004*delta[2],0.027542+0.000048*delta[0]+0.000120*delta[1]+0.000009*delta[2],0.047358+0.000061*delta[0]+0.000186*delta[1]+0.000038*delta[2],0.038121+0.000035*delta[0]+0.000166*delta[1]-0.000019*delta[2],0.028167+0.000070*delta[0]+0.000099*delta[1]+0.000032*delta[2]
0.031042+0.000054*delta[0]+0.000138*delta[1]+0.000021*delta[2],0.021916+0.000051*delta[0]+0.000095*delta[1]-0.000000*delta[2],0.036385+0.000074*delta[0]+0.000167*delta[1]-0.000016*delta[2],0.023100+0.000046*delta[0]+0.000100*delta[1]-0.000005*delta[2],0.015569+0.000017*delta[0]+0.000068*delta[1]-0.000013*delta[2],0.010978+0.000013*delta[0]+0.000050*delta[1]+0.000002*delta[2],0.033735+0.000095*delta[0]+0.000150*delta[1]-0.000010*delta[2],0.023198+0.000059*delta[0]+0.000090*delta[1]-0.000004*delta[2],0.016188+0.000050*delta[0]+0.000060*delta[1]-0.000006*delta[2],0.020186+0.000045*delta[0]+0.000082*delta[1]+0.000018*delta[2],0.015462+0.000017*delta[0]+0.000068*delta[1]+0.000002*delta[2],0.022975+0.000039*delta[0]+0.000100*delta[1]-0.000016*delta[2],0.124100+0.000201*delta[0]+0.000524*delta[1]+0.000094*delta[2],0.048580+0.000047*delta[0]+0.000227*delta[1]-0.000003*delta[2],0.011643+0.000033*delta[0]+0.000050*delta[1]+0.000011*delta[2],0.018709+0.000039*delta[0]+0.000058*delta[1]+0.000031*delta[2],0.050136+0.000082*delta[0]+0.000180*delta[1]-0.000014*delta[2],0.038601+0.000086*delta[0]+0.000160*delta[1]+0.000010*delta[2],0.027488+0.000051*delta[0]+0.000112*delta[1]+0.000024*delta[2],0.019613+0.000033*delta[0]+0.000083*delta[1]-0.000005*delta[2],0.014006+0.000028*delta[0]+0.000063*delta[1]-0.000006*delta[2],0.033597+0.000095*delta[0]+0.000137*delta[1]-0.000001*delta[2],0.025417+0.000033*delta[0]+0.000112*delta[1]-0.000005*delta[2],0.018512+0.000053*delta[0]+0.000091*delta[1]-0.000027*delta[2],0.068992+0.000069*delta[0]+0.000224*delta[1]+0.000043*delta[2],0.027850+0.000074*delta[0]+0.000091*delta[1]+0.000006*delta[2],0.018415+0.000046*delta[0]+0.000066*delta[1]+0.000021*delta[2],0.037766+0.000128*delta[0]+0.000141*delta[1]+0.000018*delta[2],0.026848+0.000071*delta[0]+0.000134*delta[1]-0.000012*delta[2],0.019099+0.000048*delta[0]+0.000076*delta[1]+0.000008*delta[2]
0.031402+0.000045*delta[0]+0.000156*delta[1]+0.000018*delta[2],0.022381+0.000070*delta[0]+0.000096*delta[1]-0.000010*delta[2],0.043253+0.000086*delta[0]+0.000153*delta[1]-0.000064*delta[2],0.025516+0.000051*delta[0]+0.000099*delta[1]+0.000002*delta[2],0.016460+0.000060*delta[0]+0.000054*delta[1]-0.000008*delta[2],0.011288+0.000026*delta[0]+0.000046*delta[1]+0.000012*delta[2],0.044184+0.000069*delta[0]+0.000169*delta[1]+0.000004*delta[2],0.027562+0.000052*delta[0]+0.000115*delta[1]+0.000028*delta[2],0.018006+0.000054*delta[0]+0.000048*delta[1]-0.000003*delta[2],0.023509+0.000072*delta[0]+0.000079*delta[1]+0.000002*delta[2],0.017310+0.000016*delta[0]+0.000073*delta[1]-0.000001*delta[2],0.021350+0.000035*delta[0]+0.000084*delta[1]-0.000005*delta[2],0.130548+0.000224*delta[0]+0.000443*delta[1]-0.000008*delta[2],0.059568+0.000047*delta[0]+0.000274*delta[1]-0.000030*delta[2],0.012166+0.000032*delta[0]+0.000048*delta[1]-0.000002*delta[2],0.020678+0.000054*delta[0]+0.000090*delta[1]-0.000008*delta[2],0.038117+0.000041*delta[0]+0.000164*delta[1]-0.000001*delta[2],0.031495+0.000075*delta[0]+0.000101*delta[1]-0.000065*delta[2],0.023969+0.000077*delta[0]+0.000092*delta[1]-0.000007*delta[2],0.017942+0.000030*delta[0]+0.000071*delta[1]-0.000004*delta[2],0.013301+0.000016*delta[0]+0.000051*delta[1]+0.000004*delta[2],0.033877+0.000047*delta[0]+0.000146*delta[1]-0.000010*delta[2],0.025975+0.000030*delta[0]+0.000111*delta[1]+0.000022*delta[2],0.018943+0.000035*delta[0]+0.000095*delta[1]-0.000004*delta[2],0.046683+0.000061*delta[0]+0.000191*delta[1]+0.000032*delta[2],0.024103+0.000015*delta[0]+0.000084*delta[1]-0.000006*delta[2],0.017049+0.000049*delta[0]+0.000059*delta[1]+0.000000*delta[2],0.033078+0.000072*delta[0]+0.000125*delta[1]+0.000006*delta[2],0.024604+0.000019*delta[0]+0.000099*delta[1]+0.000002*delta[2],0.018035+0.000045*delta[0]+0.000070*delta[1]-0.000004*delta[2]
