0.010957 + -0.000024*delta[0] + 0.000391*delta[1], 0.009620 + -0.000021*delta[0] + 0.000343*delta[1], 0.008596 + -0.000019*delta[0] + 0.000307*delta[1], 0.005845 + -0.000013*delta[0] + 0.000208*delta[1], 0.006098 + -0.000014*delta[0] + 0.000217*delta[1], 0.006176 + -0.000014*delta[0] + 0.000220*delta[1], 0.006101 + -0.000014*delta[0] + 0.000218*delta[1], 0.005897 + -0.000013*delta[0] + 0.000210*delta[1], 0.005506 + -0.000012*delta[0] + 0.000196*delta[1], 0.010427 + -0.000023*delta[0] + 0.000372*delta[1], 0.010814 + -0.000024*delta[0] + 0.000386*delta[1], 0.010392 + -0.000023*delta[0] + 0.000371*delta[1], 0.009553 + -0.000021*delta[0] + 0.000341*delta[1], 0.008479 + -0.000019*delta[0] + 0.000302*delta[1], 0.019272 + -0.000043*delta[0] + 0.000687*delta[1], 0.017890 + -0.000040*delta[0] + 0.000638*delta[1], 0.015509 + -0.000034*delta[0] + 0.000553*delta[1], 0.020067 + -0.000045*delta[0] + 0.000716*delta[1], 0.019752 + -0.000044*delta[0] + 0.000704*delta[1], 0.018050 + -0.000040*delta[0] + 0.000644*delta[1], 0.015513 + -0.000035*delta[0] + 0.000553*delta[1], 0.004581 + -0.000010*delta[0] + 0.000163*delta[1], 0.004608 + -0.000010*delta[0] + 0.000164*delta[1], 0.004458 + -0.000010*delta[0] + 0.000159*delta[1], 0.007200 + -0.000016*delta[0] + 0.000257*delta[1], 0.013820 + -0.000031*delta[0] + 0.000493*delta[1], 0.014248 + -0.000032*delta[0] + 0.000508*delta[1], 0.010543 + -0.000023*delta[0] + 0.000376*delta[1], 0.015095 + -0.000034*delta[0] + 0.000538*delta[1], 0.014885 + -0.000033*delta[0] + 0.000531*delta[1], 0.014016 + -0.000031*delta[0] + 0.000500*delta[1], 0.004482 + -0.000010*delta[0] + 0.000160*delta[1], 0.004586 + -0.000010*delta[0] + 0.000164*delta[1], 0.004598 + -0.000010*delta[0] + 0.000164*delta[1], 0.004569 + -0.000010*delta[0] + 0.000163*delta[1], 0.004443 + -0.000010*delta[0] + 0.000158*delta[1], 0.009298 + -0.000021*delta[0] + 0.000332*delta[1], 0.009695 + -0.000022*delta[0] + 0.000346*delta[1], 0.009767 + -0.000022*delta[0] + 0.000348*delta[1], 0.009399 + -0.000021*delta[0] + 0.000335*delta[1], 0.008840 + -0.000020*delta[0] + 0.000315*delta[1], 0.004904 + -0.000011*delta[0] + 0.000175*delta[1], 0.004966 + -0.000011*delta[0] + 0.000177*delta[1], 0.004853 + -0.000011*delta[0] + 0.000173*delta[1], 0.004632 + -0.000010*delta[0] + 0.000165*delta[1], 0.006748 + -0.000015*delta[0] + 0.000241*delta[1], 0.006841 + -0.000015*delta[0] + 0.000244*delta[1], 0.006822 + -0.000015*delta[0] + 0.000243*delta[1], 0.006592 + -0.000015*delta[0] + 0.000235*delta[1], 0.006268 + -0.000014*delta[0] + 0.000224*delta[1]
0.007702 + 0.000013*delta[0] + 0.000365*delta[1], 0.006891 + 0.000011*delta[0] + 0.000326*delta[1], 0.006289 + 0.000010*delta[0] + 0.000298*delta[1], 0.004457 + 0.000007*delta[0] + 0.000211*delta[1], 0.004581 + 0.000008*delta[0] + 0.000217*delta[1], 0.004606 + 0.000008*delta[0] + 0.000218*delta[1], 0.004534 + 0.000008*delta[0] + 0.000215*delta[1], 0.004396 + 0.000007*delta[0] + 0.000208*delta[1], 0.004152 + 0.000007*delta[0] + 0.000197*delta[1], 0.006985 + 0.000012*delta[0] + 0.000331*delta[1], 0.006998 + 0.000012*delta[0] + 0.000331*delta[1], 0.006753 + 0.000011*delta[0] + 0.000320*delta[1], 0.006327 + 0.000010*delta[0] + 0.000300*delta[1], 0.005785 + 0.000010*delta[0] + 0.000274*delta[1], 0.009393 + 0.000016*delta[0] + 0.000445*delta[1], 0.008932 + 0.000015*delta[0] + 0.000423*delta[1], 0.008195 + 0.000014*delta[0] + 0.000388*delta[1], 0.008398 + 0.000014*delta[0] + 0.000398*delta[1], 0.008295 + 0.000014*delta[0] + 0.000393*delta[1], 0.007933 + 0.000013*delta[0] + 0.000376*delta[1], 0.007371 + 0.000012*delta[0] + 0.000349*delta[1], 0.003545 + 0.000006*delta[0] + 0.000168*delta[1], 0.003544 + 0.000006*delta[0] + 0.000168*delta[1], 0.003427 + 0.000006*delta[0] + 0.000162*delta[1], 0.005072 + 0.000008*delta[0] + 0.000240*delta[1], 0.006967 + 0.000012*delta[0] + 0.000330*delta[1], 0.006966 + 0.000012*delta[0] + 0.000330*delta[1], 0.005767 + 0.000010*delta[0] + 0.000273*delta[1], 0.006817 + 0.000011*delta[0] + 0.000323*delta[1], 0.006723 + 0.000011*delta[0] + 0.000318*delta[1], 0.006492 + 0.000011*delta[0] + 0.000307*delta[1], 0.003305 + 0.000005*delta[0] + 0.000157*delta[1], 0.003347 + 0.000006*delta[0] + 0.000158*delta[1], 0.003346 + 0.000006*delta[0] + 0.000158*delta[1], 0.003320 + 0.000006*delta[0] + 0.000157*delta[1], 0.003245 + 0.000005*delta[0] + 0.000154*delta[1], 0.005014 + 0.000008*delta[0] + 0.000237*delta[1], 0.005092 + 0.000008*delta[0] + 0.000241*delta[1], 0.005099 + 0.000008*delta[0] + 0.000241*delta[1], 0.004969 + 0.000008*delta[0] + 0.000235*delta[1], 0.004797 + 0.000008*delta[0] + 0.000227*delta[1], 0.003352 + 0.000006*delta[0] + 0.000159*delta[1], 0.003366 + 0.000006*delta[0] + 0.000159*delta[1], 0.003310 + 0.000005*delta[0] + 0.000157*delta[1], 0.003197 + 0.000005*delta[0] + 0.000151*delta[1], 0.003970 + 0.000007*delta[0] + 0.000188*delta[1], 0.003978 + 0.000007*delta[0] + 0.000188*delta[1], 0.003956 + 0.000007*delta[0] + 0.000187*delta[1], 0.003862 + 0.000006*delta[0] + 0.000183*delta[1], 0.003733 + 0.000006*delta[0] + 0.000177*delta[1]
0.008952 + -0.000009*delta[0] + 0.000392*delta[1], 0.006665 + -0.000007*delta[0] + 0.000292*delta[1], 0.005688 + -0.000006*delta[0] + 0.000249*delta[1], 0.005945 + -0.000006*delta[0] + 0.000260*delta[1], 0.005764 + -0.000006*delta[0] + 0.000252*delta[1], 0.005461 + -0.000006*delta[0] + 0.000239*delta[1], 0.005053 + -0.000005*delta[0] + 0.000221*delta[1], 0.004619 + -0.000005*delta[0] + 0.000202*delta[1], 0.004127 + -0.000004*delta[0] + 0.000181*delta[1], 0.010007 + -0.000010*delta[0] + 0.000438*delta[1], 0.008259 + -0.000009*delta[0] + 0.000361*delta[1], 0.007269 + -0.000008*delta[0] + 0.000318*delta[1], 0.006274 + -0.000007*delta[0] + 0.000275*delta[1], 0.005371 + -0.000006*delta[0] + 0.000235*delta[1], 0.011595 + -0.000012*delta[0] + 0.000507*delta[1], 0.009700 + -0.000010*delta[0] + 0.000425*delta[1], 0.008018 + -0.000008*delta[0] + 0.000351*delta[1], 0.011104 + -0.000012*delta[0] + 0.000486*delta[1], 0.009731 + -0.000010*delta[0] + 0.000426*delta[1], 0.008344 + -0.000009*delta[0] + 0.000365*delta[1], 0.007076 + -0.000007*delta[0] + 0.000310*delta[1], 0.004342 + -0.000005*delta[0] + 0.000190*delta[1], 0.004145 + -0.000004*delta[0] + 0.000181*delta[1], 0.003643 + -0.000004*delta[0] + 0.000159*delta[1], 0.006961 + -0.000007*delta[0] + 0.000305*delta[1], 0.010555 + -0.000011*delta[0] + 0.000462*delta[1], 0.009577 + -0.000010*delta[0] + 0.000419*delta[1], 0.005558 + -0.000006*delta[0] + 0.000243*delta[1], 0.008939 + -0.000009*delta[0] + 0.000391*delta[1], 0.007999 + -0.000008*delta[0] + 0.000350*delta[1], 0.007056 + -0.000007*delta[0] + 0.000309*delta[1], 0.004234 + -0.000004*delta[0] + 0.000185*delta[1], 0.004108 + -0.000004*delta[0] + 0.000180*delta[1], 0.003924 + -0.000004*delta[0] + 0.000172*delta[1], 0.003717 + -0.000004*delta[0] + 0.000163*delta[1], 0.003472 + -0.000004*delta[0] + 0.000152*delta[1], 0.006989 + -0.000007*delta[0] + 0.000306*delta[1], 0.006634 + -0.000007*delta[0] + 0.000290*delta[1], 0.006189 + -0.000006*delta[0] + 0.000271*delta[1], 0.005615 + -0.000006*delta[0] + 0.000246*delta[1], 0.005082 + -0.000005*delta[0] + 0.000222*delta[1], 0.004270 + -0.000004*delta[0] + 0.000187*delta[1], 0.003910 + -0.000004*delta[0] + 0.000171*delta[1], 0.003665 + -0.000004*delta[0] + 0.000160*delta[1], 0.003387 + -0.000004*delta[0] + 0.000148*delta[1], 0.005326 + -0.000006*delta[0] + 0.000233*delta[1], 0.005061 + -0.000005*delta[0] + 0.000221*delta[1], 0.004755 + -0.000005*delta[0] + 0.000208*delta[1], 0.004388 + -0.000005*delta[0] + 0.000192*delta[1], 0.004026 + -0.000004*delta[0] + 0.000176*delta[1]
0.002333 + 0.000004*delta[0] + 0.000098*delta[1], 0.002121 + 0.000004*delta[0] + 0.000090*delta[1], 0.002002 + 0.000004*delta[0] + 0.000085*delta[1], 0.001811 + 0.000003*delta[0] + 0.000076*delta[1], 0.001793 + 0.000003*delta[0] + 0.000076*delta[1], 0.001761 + 0.000003*delta[0] + 0.000074*delta[1], 0.001706 + 0.000003*delta[0] + 0.000072*delta[1], 0.001646 + 0.000003*delta[0] + 0.000069*delta[1], 0.001573 + 0.000003*delta[0] + 0.000066*delta[1], 0.002238 + 0.000004*delta[0] + 0.000094*delta[1], 0.002111 + 0.000004*delta[0] + 0.000089*delta[1], 0.002029 + 0.000004*delta[0] + 0.000086*delta[1], 0.001932 + 0.000003*delta[0] + 0.000082*delta[1], 0.001829 + 0.000003*delta[0] + 0.000077*delta[1], 0.002290 + 0.000004*delta[0] + 0.000097*delta[1], 0.002189 + 0.000004*delta[0] + 0.000092*delta[1], 0.002077 + 0.000004*delta[0] + 0.000088*delta[1], 0.002098 + 0.000004*delta[0] + 0.000089*delta[1], 0.002038 + 0.000004*delta[0] + 0.000086*delta[1], 0.001965 + 0.000003*delta[0] + 0.000083*delta[1], 0.001881 + 0.000003*delta[0] + 0.000079*delta[1], 0.001527 + 0.000003*delta[0] + 0.000064*delta[1], 0.001496 + 0.000003*delta[0] + 0.000063*delta[1], 0.001412 + 0.000002*delta[0] + 0.000060*delta[1], 0.001869 + 0.000003*delta[0] + 0.000079*delta[1], 0.002007 + 0.000004*delta[0] + 0.000085*delta[1], 0.001949 + 0.000003*delta[0] + 0.000082*delta[1], 0.001662 + 0.000003*delta[0] + 0.000070*delta[1], 0.001874 + 0.000003*delta[0] + 0.000079*delta[1], 0.001818 + 0.000003*delta[0] + 0.000077*delta[1], 0.001758 + 0.000003*delta[0] + 0.000074*delta[1], 0.001407 + 0.000002*delta[0] + 0.000059*delta[1], 0.001390 + 0.000002*delta[0] + 0.000059*delta[1], 0.001367 + 0.000002*delta[0] + 0.000058*delta[1], 0.001337 + 0.000002*delta[0] + 0.000056*delta[1], 0.001302 + 0.000002*delta[0] + 0.000055*delta[1], 0.001623 + 0.000003*delta[0] + 0.000069*delta[1], 0.001600 + 0.000003*delta[0] + 0.000068*delta[1], 0.001572 + 0.000003*delta[0] + 0.000066*delta[1], 0.001525 + 0.000003*delta[0] + 0.000064*delta[1], 0.001481 + 0.000003*delta[0] + 0.000063*delta[1], 0.001337 + 0.000002*delta[0] + 0.000056*delta[1], 0.001299 + 0.000002*delta[0] + 0.000055*delta[1], 0.001270 + 0.000002*delta[0] + 0.000054*delta[1], 0.001232 + 0.000002*delta[0] + 0.000052*delta[1], 0.001413 + 0.000002*delta[0] + 0.000060*delta[1], 0.001388 + 0.000002*delta[0] + 0.000059*delta[1], 0.001357 + 0.000002*delta[0] + 0.000057*delta[1], 0.001320 + 0.000002*delta[0] + 0.000056*delta[1], 0.001282 + 0.000002*delta[0] + 0.000054*delta[1]
0.009860 + 0.000002*delta[0] + 0.000490*delta[1], 0.011614 + 0.000002*delta[0] + 0.000577*delta[1], 0.011782 + 0.000002*delta[0] + 0.000585*delta[1], 0.004670 + 0.000232*delta[1], 0.005194 + 0.000001*delta[0] + 0.000258*delta[1], 0.005684 + 0.000001*delta[0] + 0.000282*delta[1], 0.006097 + 0.000001*delta[0] + 0.000303*delta[1], 0.006420 + 0.000001*delta[0] + 0.000319*delta[1], 0.006484 + 0.000001*delta[0] + 0.000322*delta[1], 0.007030 + 0.000001*delta[0] + 0.000349*delta[1], 0.009020 + 0.000002*delta[0] + 0.000448*delta[1], 0.009918 + 0.000002*delta[0] + 0.000493*delta[1], 0.010470 + 0.000002*delta[0] + 0.000520*delta[1], 0.010519 + 0.000002*delta[0] + 0.000522*delta[1], 0.011411 + 0.000002*delta[0] + 0.000567*delta[1], 0.012850 + 0.000003*delta[0] + 0.000638*delta[1], 0.013819 + 0.000003*delta[0] + 0.000686*delta[1], 0.008845 + 0.000002*delta[0] + 0.000439*delta[1], 0.010090 + 0.000002*delta[0] + 0.000501*delta[1], 0.011182 + 0.000002*delta[0] + 0.000555*delta[1], 0.011933 + 0.000002*delta[0] + 0.000593*delta[1], 0.004088 + 0.000203*delta[1], 0.004365 + 0.000217*delta[1], 0.004795 + 0.000238*delta[1], 0.005338 + 0.000001*delta[0] + 0.000265*delta[1], 0.006556 + 0.000001*delta[0] + 0.000326*delta[1], 0.007331 + 0.000001*delta[0] + 0.000364*delta[1], 0.009529 + 0.000002*delta[0] + 0.000473*delta[1], 0.007164 + 0.000001*delta[0] + 0.000356*delta[1], 0.007887 + 0.000002*delta[0] + 0.000392*delta[1], 0.008570 + 0.000002*delta[0] + 0.000426*delta[1], 0.003637 + 0.000181*delta[1], 0.003909 + 0.000194*delta[1], 0.004164 + 0.000207*delta[1], 0.004390 + 0.000218*delta[1], 0.004546 + 0.000226*delta[1], 0.004991 + 0.000248*delta[1], 0.005515 + 0.000001*delta[0] + 0.000274*delta[1], 0.006021 + 0.000001*delta[0] + 0.000299*delta[1], 0.006424 + 0.000001*delta[0] + 0.000319*delta[1], 0.006769 + 0.000001*delta[0] + 0.000336*delta[1], 0.003760 + 0.000187*delta[1], 0.004283 + 0.000213*delta[1], 0.004469 + 0.000222*delta[1], 0.004564 + 0.000227*delta[1], 0.004152 + 0.000206*delta[1], 0.004458 + 0.000221*delta[1], 0.004758 + 0.000236*delta[1], 0.004974 + 0.000247*delta[1], 0.005133 + 0.000001*delta[0] + 0.000255*delta[1]
0.001980 + -0.000003*delta[0] + 0.000074*delta[1], 0.001732 + -0.000003*delta[0] + 0.000065*delta[1], 0.001609 + -0.000003*delta[0] + 0.000060*delta[1], 0.001673 + -0.000003*delta[0] + 0.000063*delta[1], 0.001616 + -0.000003*delta[0] + 0.000060*delta[1], 0.001552 + -0.000003*delta[0] + 0.000058*delta[1], 0.001477 + -0.000002*delta[0] + 0.000055*delta[1], 0.001403 + -0.000002*delta[0] + 0.000052*delta[1], 0.001322 + -0.000002*delta[0] + 0.000049*delta[1], 0.001998 + -0.000003*delta[0] + 0.000075*delta[1], 0.001802 + -0.000003*delta[0] + 0.000067*delta[1], 0.001698 + -0.000003*delta[0] + 0.000064*delta[1], 0.001589 + -0.000003*delta[0] + 0.000059*delta[1], 0.001481 + -0.000002*delta[0] + 0.000055*delta[1], 0.001925 + -0.000003*delta[0] + 0.000072*delta[1], 0.001806 + -0.000003*delta[0] + 0.000068*delta[1], 0.001682 + -0.000003*delta[0] + 0.000063*delta[1], 0.001788 + -0.000003*delta[0] + 0.000067*delta[1], 0.001703 + -0.000003*delta[0] + 0.000064*delta[1], 0.001614 + -0.000003*delta[0] + 0.000060*delta[1], 0.001522 + -0.000003*delta[0] + 0.000057*delta[1], 0.001392 + -0.000002*delta[0] + 0.000052*delta[1], 0.001339 + -0.000002*delta[0] + 0.000050*delta[1], 0.001226 + -0.000002*delta[0] + 0.000046*delta[1], 0.001699 + -0.000003*delta[0] + 0.000064*delta[1], 0.001783 + -0.000003*delta[0] + 0.000067*delta[1], 0.001696 + -0.000003*delta[0] + 0.000063*delta[1], 0.001356 + -0.000002*delta[0] + 0.000051*delta[1], 0.001614 + -0.000003*delta[0] + 0.000060*delta[1], 0.001538 + -0.000003*delta[0] + 0.000058*delta[1], 0.001463 + -0.000002*delta[0] + 0.000055*delta[1], 0.001305 + -0.000002*delta[0] + 0.000049*delta[1], 0.001265 + -0.000002*delta[0] + 0.000047*delta[1], 0.001222 + -0.000002*delta[0] + 0.000046*delta[1], 0.001178 + -0.000002*delta[0] + 0.000044*delta[1], 0.001131 + -0.000002*delta[0] + 0.000042*delta[1], 0.001459 + -0.000002*delta[0] + 0.000055*delta[1], 0.001410 + -0.000002*delta[0] + 0.000053*delta[1], 0.001360 + -0.000002*delta[0] + 0.000051*delta[1], 0.001299 + -0.000002*delta[0] + 0.000049*delta[1], 0.001245 + -0.000002*delta[0] + 0.000047*delta[1], 0.001225 + -0.000002*delta[0] + 0.000046*delta[1], 0.001150 + -0.000002*delta[0] + 0.000043*delta[1], 0.000000, 0.000000, 0.001283 + -0.000002*delta[0] + 0.000048*delta[1], 0.001238 + -0.000002*delta[0] + 0.000046*delta[1], 0.001193 + -0.000002*delta[0] + 0.000045*delta[1], 0.001144 + -0.000002*delta[0] + 0.000043*delta[1], 0.000000
0.014644 + -0.000006*delta[0] + 0.000526*delta[1], 0.009141 + -0.000004*delta[0] + 0.000328*delta[1], 0.007326 + -0.000003*delta[0] + 0.000263*delta[1], 0.010070 + -0.000004*delta[0] + 0.000362*delta[1], 0.009445 + -0.000004*delta[0] + 0.000339*delta[1], 0.008559 + -0.000003*delta[0] + 0.000307*delta[1], 0.007539 + -0.000003*delta[0] + 0.000271*delta[1], 0.006542 + -0.000003*delta[0] + 0.000235*delta[1], 0.005570 + -0.000002*delta[0] + 0.000200*delta[1], 0.020669 + -0.000008*delta[0] + 0.000742*delta[1], 0.014005 + -0.000005*delta[0] + 0.000503*delta[1], 0.011204 + -0.000004*delta[0] + 0.000402*delta[1], 0.008879 + -0.000003*delta[0] + 0.000319*delta[1], 0.007096 + -0.000003*delta[0] + 0.000255*delta[1], 0.021847 + -0.000008*delta[0] + 0.000785*delta[1], 0.015618 + -0.000006*delta[0] + 0.000561*delta[1], 0.011414 + -0.000004*delta[0] + 0.000410*delta[1], 0.020873 + -0.000008*delta[0] + 0.000750*delta[1], 0.016185 + -0.000006*delta[0] + 0.000581*delta[1], 0.012439 + -0.000005*delta[0] + 0.000447*delta[1], 0.009634 + -0.000004*delta[0] + 0.000346*delta[1], 0.006684 + -0.000003*delta[0] + 0.000240*delta[1], 0.006203 + -0.000002*delta[0] + 0.000223*delta[1], 0.005075 + -0.000002*delta[0] + 0.000182*delta[1], 0.012732 + -0.000005*delta[0] + 0.000457*delta[1], 0.023373 + -0.000009*delta[0] + 0.000840*delta[1], 0.019109 + -0.000007*delta[0] + 0.000686*delta[1], 0.007549 + -0.000003*delta[0] + 0.000271*delta[1], 0.015785 + -0.000006*delta[0] + 0.000567*delta[1], 0.012910 + -0.000005*delta[0] + 0.000464*delta[1], 0.010455 + -0.000004*delta[0] + 0.000376*delta[1], 0.006816 + -0.000003*delta[0] + 0.000245*delta[1], 0.006445 + -0.000002*delta[0] + 0.000232*delta[1], 0.005967 + -0.000002*delta[0] + 0.000214*delta[1], 0.005456 + -0.000002*delta[0] + 0.000196*delta[1], 0.004905 + -0.000002*delta[0] + 0.000176*delta[1], 0.012819 + -0.000005*delta[0] + 0.000460*delta[1], 0.011555 + -0.000004*delta[0] + 0.000415*delta[1], 0.010135 + -0.000004*delta[0] + 0.000364*delta[1], 0.008599 + -0.000003*delta[0] + 0.000309*delta[1], 0.007318 + -0.000003*delta[0] + 0.000263*delta[1], 0.007002 + -0.000003*delta[0] + 0.000252*delta[1], 0.005986 + -0.000002*delta[0] + 0.000215*delta[1], 0.005386 + -0.000002*delta[0] + 0.000193*delta[1], 0.004769 + -0.000002*delta[0] + 0.000171*delta[1], 0.009215 + -0.000004*delta[0] + 0.000331*delta[1], 0.008419 + -0.000003*delta[0] + 0.000302*delta[1], 0.007545 + -0.000003*delta[0] + 0.000271*delta[1], 0.006629 + -0.000003*delta[0] + 0.000238*delta[1], 0.005790 + -0.000002*delta[0] + 0.000208*delta[1]
0.006707 + -0.000009*delta[0] + 0.000203*delta[1], 0.008198 + -0.000011*delta[0] + 0.000249*delta[1], 0.008739 + -0.000011*delta[0] + 0.000265*delta[1], 0.003504 + -0.000005*delta[0] + 0.000106*delta[1], 0.003887 + -0.000005*delta[0] + 0.000118*delta[1], 0.004287 + -0.000006*delta[0] + 0.000130*delta[1], 0.004631 + -0.000006*delta[0] + 0.000140*delta[1], 0.004968 + -0.000007*delta[0] + 0.000151*delta[1], 0.005178 + -0.000007*delta[0] + 0.000157*delta[1], 0.004822 + -0.000006*delta[0] + 0.000146*delta[1], 0.006124 + -0.000008*delta[0] + 0.000186*delta[1], 0.006769 + -0.000009*delta[0] + 0.000205*delta[1], 0.007335 + -0.000010*delta[0] + 0.000222*delta[1], 0.007710 + -0.000010*delta[0] + 0.000234*delta[1], 0.006981 + -0.000009*delta[0] + 0.000212*delta[1], 0.007846 + -0.000010*delta[0] + 0.000238*delta[1], 0.008590 + -0.000011*delta[0] + 0.000260*delta[1], 0.005575 + -0.000007*delta[0] + 0.000169*delta[1], 0.006292 + -0.000008*delta[0] + 0.000191*delta[1], 0.006988 + -0.000009*delta[0] + 0.000212*delta[1], 0.007612 + -0.000010*delta[0] + 0.000231*delta[1], 0.003196 + -0.000004*delta[0] + 0.000097*delta[1], 0.003432 + -0.000004*delta[0] + 0.000104*delta[1], 0.003869 + -0.000005*delta[0] + 0.000117*delta[1], 0.003872 + -0.000005*delta[0] + 0.000117*delta[1], 0.004356 + -0.000006*delta[0] + 0.000132*delta[1], 0.004811 + -0.000006*delta[0] + 0.000146*delta[1], 0.006581 + -0.000009*delta[0] + 0.000200*delta[1], 0.004715 + -0.000006*delta[0] + 0.000143*delta[1], 0.005194 + -0.000007*delta[0] + 0.000157*delta[1], 0.005643 + -0.000007*delta[0] + 0.000171*delta[1], 0.002798 + -0.000004*delta[0] + 0.000085*delta[1], 0.003023 + -0.000004*delta[0] + 0.000092*delta[1], 0.003236 + -0.000004*delta[0] + 0.000098*delta[1], 0.003444 + -0.000005*delta[0] + 0.000104*delta[1], 0.003627 + -0.000005*delta[0] + 0.000110*delta[1], 0.003479 + -0.000005*delta[0] + 0.000105*delta[1], 0.003818 + -0.000005*delta[0] + 0.000116*delta[1], 0.004177 + -0.000005*delta[0] + 0.000127*delta[1], 0.004475 + -0.000006*delta[0] + 0.000136*delta[1], 0.004787 + -0.000006*delta[0] + 0.000145*delta[1], 0.002841 + -0.000004*delta[0] + 0.000086*delta[1], 0.003266 + -0.000004*delta[0] + 0.000099*delta[1], 0.003461 + -0.000005*delta[0] + 0.000105*delta[1], 0.003598 + -0.000005*delta[0] + 0.000109*delta[1], 0.003002 + -0.000004*delta[0] + 0.000091*delta[1], 0.003227 + -0.000004*delta[0] + 0.000098*delta[1], 0.003446 + -0.000005*delta[0] + 0.000104*delta[1], 0.003646 + -0.000005*delta[0] + 0.000111*delta[1], 0.003820 + -0.000005*delta[0] + 0.000116*delta[1]
0.005205 + 0.000003*delta[0] + 0.000238*delta[1], 0.003884 + 0.000002*delta[0] + 0.000177*delta[1], 0.003364 + 0.000002*delta[0] + 0.000154*delta[1], 0.004383 + 0.000003*delta[0] + 0.000200*delta[1], 0.004068 + 0.000002*delta[0] + 0.000186*delta[1], 0.003730 + 0.000002*delta[0] + 0.000170*delta[1], 0.003372 + 0.000002*delta[0] + 0.000154*delta[1], 0.003044 + 0.000002*delta[0] + 0.000139*delta[1], 0.002716 + 0.000002*delta[0] + 0.000124*delta[1], 0.005983 + 0.000004*delta[0] + 0.000273*delta[1], 0.004674 + 0.000003*delta[0] + 0.000213*delta[1], 0.004105 + 0.000002*delta[0] + 0.000187*delta[1], 0.003575 + 0.000002*delta[0] + 0.000163*delta[1], 0.003117 + 0.000002*delta[0] + 0.000142*delta[1], 0.005320 + 0.000003*delta[0] + 0.000243*delta[1], 0.004588 + 0.000003*delta[0] + 0.000209*delta[1], 0.003943 + 0.000002*delta[0] + 0.000180*delta[1], 0.004905 + 0.000003*delta[0] + 0.000224*delta[1], 0.004369 + 0.000003*delta[0] + 0.000199*delta[1], 0.003878 + 0.000002*delta[0] + 0.000177*delta[1], 0.003424 + 0.000002*delta[0] + 0.000156*delta[1], 0.003252 + 0.000002*delta[0] + 0.000148*delta[1], 0.003016 + 0.000002*delta[0] + 0.000138*delta[1], 0.002546 + 0.000002*delta[0] + 0.000116*delta[1], 0.004647 + 0.000003*delta[0] + 0.000212*delta[1], 0.005233 + 0.000003*delta[0] + 0.000239*delta[1], 0.004697 + 0.000003*delta[0] + 0.000214*delta[1], 0.002926 + 0.000002*delta[0] + 0.000134*delta[1], 0.004245 + 0.000003*delta[0] + 0.000194*delta[1], 0.003819 + 0.000002*delta[0] + 0.000174*delta[1], 0.003433 + 0.000002*delta[0] + 0.000157*delta[1], 0.003119 + 0.000002*delta[0] + 0.000142*delta[1], 0.002936 + 0.000002*delta[0] + 0.000134*delta[1], 0.002743 + 0.000002*delta[0] + 0.000125*delta[1], 0.002550 + 0.000002*delta[0] + 0.000116*delta[1], 0.002355 + 0.000001*delta[0] + 0.000107*delta[1], 0.003849 + 0.000002*delta[0] + 0.000176*delta[1], 0.003576 + 0.000002*delta[0] + 0.000163*delta[1], 0.003305 + 0.000002*delta[0] + 0.000151*delta[1], 0.003008 + 0.000002*delta[0] + 0.000137*delta[1], 0.002749 + 0.000002*delta[0] + 0.000125*delta[1], 0.002922 + 0.000002*delta[0] + 0.000133*delta[1], 0.002572 + 0.000002*delta[0] + 0.000117*delta[1], 0.002389 + 0.000001*delta[0] + 0.000109*delta[1], 0.002199 + 0.000001*delta[0] + 0.000100*delta[1], 0.003211 + 0.000002*delta[0] + 0.000147*delta[1], 0.002994 + 0.000002*delta[0] + 0.000137*delta[1], 0.002777 + 0.000002*delta[0] + 0.000127*delta[1], 0.002559 + 0.000002*delta[0] + 0.000117*delta[1], 0.002354 + 0.000001*delta[0] + 0.000107*delta[1]
0.056563 + -0.000082*delta[0] + 0.001977*delta[1], 0.060203 + -0.000087*delta[0] + 0.002104*delta[1], 0.044843 + -0.000065*delta[0] + 0.001567*delta[1], 0.014601 + -0.000021*delta[0] + 0.000510*delta[1], 0.018047 + -0.000026*delta[0] + 0.000631*delta[1], 0.021378 + -0.000031*delta[0] + 0.000747*delta[1], 0.023441 + -0.000034*delta[0] + 0.000819*delta[1], 0.023558 + -0.000034*delta[0] + 0.000823*delta[1], 0.020978 + -0.000030*delta[0] + 0.000733*delta[1], 0.031037 + -0.000045*delta[0] + 0.001085*delta[1], 0.072322 + -0.000104*delta[0] + 0.002527*delta[1], 0.088913 + -0.000128*delta[0] + 0.003107*delta[1], 0.076820 + -0.000111*delta[0] + 0.002684*delta[1], 0.051645 + -0.000075*delta[0] + 0.001805*delta[1], 0.190623 + -0.000275*delta[0] + 0.006661*delta[1], 0.554153 + -0.000800*delta[0] + 0.019364*delta[1], 0.378974 + -0.000547*delta[0] + 0.013243*delta[1], 0.044455 + -0.000064*delta[0] + 0.001553*delta[1], 0.063584 + -0.000092*delta[0] + 0.002222*delta[1], 0.074060 + -0.000107*delta[0] + 0.002588*delta[1], 0.064679 + -0.000093*delta[0] + 0.002260*delta[1], 0.012104 + -0.000017*delta[0] + 0.000423*delta[1], 0.013435 + -0.000019*delta[0] + 0.000469*delta[1], 0.014215 + -0.000021*delta[0] + 0.000497*delta[1], 0.020338 + -0.000029*delta[0] + 0.000711*delta[1], 0.027133 + -0.000039*delta[0] + 0.000948*delta[1], 0.040255 + -0.000058*delta[0] + 0.001407*delta[1], 0.050932 + -0.000074*delta[0] + 0.001780*delta[1], 0.028453 + -0.000041*delta[0] + 0.000994*delta[1], 0.034880 + -0.000050*delta[0] + 0.001219*delta[1], 0.037704 + -0.000054*delta[0] + 0.001318*delta[1], 0.011190 + -0.000016*delta[0] + 0.000391*delta[1], 0.012809 + -0.000018*delta[0] + 0.000448*delta[1], 0.014106 + -0.000020*delta[0] + 0.000493*delta[1], 0.014867 + -0.000021*delta[0] + 0.000520*delta[1], 0.014683 + -0.000021*delta[0] + 0.000513*delta[1], 0.017706 + -0.000026*delta[0] + 0.000619*delta[1], 0.022195 + -0.000032*delta[0] + 0.000776*delta[1], 0.026878 + -0.000039*delta[0] + 0.000939*delta[1], 0.028991 + -0.000042*delta[0] + 0.001013*delta[1], 0.028576 + -0.000041*delta[0] + 0.000999*delta[1], 0.013032 + -0.000019*delta[0] + 0.000455*delta[1], 0.016170 + -0.000023*delta[0] + 0.000565*delta[1], 0.016442 + -0.000024*delta[0] + 0.000575*delta[1], 0.015577 + -0.000022*delta[0] + 0.000544*delta[1], 0.014354 + -0.000021*delta[0] + 0.000502*delta[1], 0.016792 + -0.000024*delta[0] + 0.000587*delta[1], 0.018762 + -0.000027*delta[0] + 0.000656*delta[1], 0.019547 + -0.000028*delta[0] + 0.000683*delta[1], 0.018961 + -0.000027*delta[0] + 0.000663*delta[1]
0.023695 + 0.000012*delta[0] + 0.000978*delta[1], 0.054002 + 0.000027*delta[0] + 0.002229*delta[1], 0.073849 + 0.000037*delta[0] + 0.003048*delta[1], 0.008380 + 0.000004*delta[0] + 0.000346*delta[1], 0.010623 + 0.000005*delta[0] + 0.000438*delta[1], 0.013539 + 0.000007*delta[0] + 0.000559*delta[1], 0.017010 + 0.000008*delta[0] + 0.000702*delta[1], 0.020884 + 0.000010*delta[0] + 0.000862*delta[1], 0.023621 + 0.000012*delta[0] + 0.000975*delta[1], 0.011963 + 0.000006*delta[0] + 0.000494*delta[1], 0.025163 + 0.000012*delta[0] + 0.001039*delta[1], 0.039145 + 0.000019*delta[0] + 0.001616*delta[1], 0.061182 + 0.000030*delta[0] + 0.002526*delta[1], 0.083517 + 0.000041*delta[0] + 0.003447*delta[1], 0.025927 + 0.000013*delta[0] + 0.001070*delta[1], 0.045235 + 0.000022*delta[0] + 0.001867*delta[1], 0.088848 + 0.000044*delta[0] + 0.003668*delta[1], 0.015508 + 0.000008*delta[0] + 0.000640*delta[1], 0.021962 + 0.000011*delta[0] + 0.000907*delta[1], 0.031401 + 0.000016*delta[0] + 0.001296*delta[1], 0.043728 + 0.000022*delta[0] + 0.001805*delta[1], 0.008349 + 0.000004*delta[0] + 0.000345*delta[1], 0.009932 + 0.000005*delta[0] + 0.000410*delta[1], 0.013314 + 0.000007*delta[0] + 0.000550*delta[1], 0.010076 + 0.000005*delta[0] + 0.000416*delta[1], 0.010548 + 0.000005*delta[0] + 0.000435*delta[1], 0.014024 + 0.000007*delta[0] + 0.000579*delta[1], 0.047139 + 0.000023*delta[0] + 0.001946*delta[1], 0.012629 + 0.000006*delta[0] + 0.000521*delta[1], 0.016311 + 0.000008*delta[0] + 0.000673*delta[1], 0.020733 + 0.000010*delta[0] + 0.000856*delta[1], 0.007211 + 0.000004*delta[0] + 0.000298*delta[1], 0.008622 + 0.000004*delta[0] + 0.000356*delta[1], 0.010208 + 0.000005*delta[0] + 0.000421*delta[1], 0.011967 + 0.000006*delta[0] + 0.000494*delta[1], 0.013581 + 0.000007*delta[0] + 0.000561*delta[1], 0.008707 + 0.000004*delta[0] + 0.000359*delta[1], 0.010893 + 0.000005*delta[0] + 0.000450*delta[1], 0.013791 + 0.000007*delta[0] + 0.000569*delta[1], 0.016975 + 0.000008*delta[0] + 0.000701*delta[1], 0.020565 + 0.000010*delta[0] + 0.000849*delta[1], 0.008035 + 0.000004*delta[0] + 0.000332*delta[1], 0.011453 + 0.000006*delta[0] + 0.000473*delta[1], 0.013291 + 0.000007*delta[0] + 0.000549*delta[1], 0.014742 + 0.000007*delta[0] + 0.000609*delta[1], 0.007890 + 0.000004*delta[0] + 0.000326*delta[1], 0.009485 + 0.000005*delta[0] + 0.000392*delta[1], 0.011318 + 0.000006*delta[0] + 0.000467*delta[1], 0.013274 + 0.000007*delta[0] + 0.000548*delta[1], 0.015080 + 0.000007*delta[0] + 0.000622*delta[1]
0.011449 + -0.000006*delta[0] + 0.000575*delta[1], 0.007276 + -0.000004*delta[0] + 0.000365*delta[1], 0.005865 + -0.000003*delta[0] + 0.000294*delta[1], 0.008999 + -0.000005*delta[0] + 0.000452*delta[1], 0.008203 + -0.000004*delta[0] + 0.000412*delta[1], 0.007296 + -0.000004*delta[0] + 0.000366*delta[1], 0.006329 + -0.000003*delta[0] + 0.000318*delta[1], 0.005475 + -0.000003*delta[0] + 0.000275*delta[1], 0.004673 + -0.000003*delta[0] + 0.000235*delta[1], 0.014357 + -0.000008*delta[0] + 0.000721*delta[1], 0.009824 + -0.000005*delta[0] + 0.000493*delta[1], 0.008045 + -0.000004*delta[0] + 0.000404*delta[1], 0.006558 + -0.000004*delta[0] + 0.000329*delta[1], 0.005384 + -0.000003*delta[0] + 0.000270*delta[1], 0.011079 + -0.000006*delta[0] + 0.000556*delta[1], 0.008894 + -0.000005*delta[0] + 0.000446*delta[1], 0.007162 + -0.000004*delta[0] + 0.000359*delta[1], 0.008956 + -0.000005*delta[0] + 0.000450*delta[1], 0.007761 + -0.000004*delta[0] + 0.000390*delta[1], 0.006635 + -0.000004*delta[0] + 0.000333*delta[1], 0.005645 + -0.000003*delta[0] + 0.000283*delta[1], 0.006021 + -0.000003*delta[0] + 0.000302*delta[1], 0.005477 + -0.000003*delta[0] + 0.000275*delta[1], 0.004384 + -0.000002*delta[0] + 0.000220*delta[1], 0.009864 + -0.000005*delta[0] + 0.000495*delta[1], 0.010176 + -0.000005*delta[0] + 0.000511*delta[1], 0.008946 + -0.000005*delta[0] + 0.000449*delta[1], 0.004807 + -0.000003*delta[0] + 0.000241*delta[1], 0.007286 + -0.000004*delta[0] + 0.000366*delta[1], 0.006430 + -0.000003*delta[0] + 0.000323*delta[1], 0.005621 + -0.000003*delta[0] + 0.000282*delta[1], 0.005664 + -0.000003*delta[0] + 0.000284*delta[1], 0.005286 + -0.000003*delta[0] + 0.000265*delta[1], 0.004857 + -0.000003*delta[0] + 0.000244*delta[1], 0.004419 + -0.000002*delta[0] + 0.000222*delta[1], 0.003975 + -0.000002*delta[0] + 0.000200*delta[1], 0.006614 + -0.000004*delta[0] + 0.000332*delta[1], 0.006109 + -0.000003*delta[0] + 0.000307*delta[1], 0.005576 + -0.000003*delta[0] + 0.000280*delta[1], 0.004973 + -0.000003*delta[0] + 0.000250*delta[1], 0.004441 + -0.000002*delta[0] + 0.000223*delta[1], 0.005172 + -0.000003*delta[0] + 0.000260*delta[1], 0.004432 + -0.000002*delta[0] + 0.000222*delta[1], 0.004031 + -0.000002*delta[0] + 0.000202*delta[1], 0.003620 + -0.000002*delta[0] + 0.000182*delta[1], 0.005431 + -0.000003*delta[0] + 0.000273*delta[1], 0.005034 + -0.000003*delta[0] + 0.000253*delta[1], 0.004611 + -0.000002*delta[0] + 0.000231*delta[1], 0.004182 + -0.000002*delta[0] + 0.000210*delta[1], 0.003765 + -0.000002*delta[0] + 0.000189*delta[1]
0.004541 + 0.000178*delta[1], 0.004051 + 0.000158*delta[1], 0.003742 + 0.000146*delta[1], 0.003202 + 0.000125*delta[1], 0.003202 + 0.000125*delta[1], 0.003168 + 0.000124*delta[1], 0.003068 + 0.000120*delta[1], 0.002945 + 0.000115*delta[1], 0.002786 + 0.000109*delta[1], 0.004082 + 0.000160*delta[1], 0.003902 + 0.000153*delta[1], 0.003735 + 0.000146*delta[1], 0.003518 + 0.000138*delta[1], 0.003274 + 0.000128*delta[1], 0.004058 + 0.000159*delta[1], 0.003877 + 0.000152*delta[1], 0.003650 + 0.000143*delta[1], 0.003346 + 0.000131*delta[1], 0.003285 + 0.000128*delta[1], 0.003176 + 0.000124*delta[1], 0.003036 + 0.000119*delta[1], 0.002636 + 0.000103*delta[1], 0.002592 + 0.000101*delta[1], 0.002443 + 0.000096*delta[1], 0.003284 + 0.000128*delta[1], 0.003200 + 0.000125*delta[1], 0.003146 + 0.000123*delta[1], 0.002690 + 0.000105*delta[1], 0.002871 + 0.000112*delta[1], 0.002809 + 0.000110*delta[1], 0.002722 + 0.000106*delta[1], 0.002323 + 0.000091*delta[1], 0.002314 + 0.000090*delta[1], 0.002287 + 0.000089*delta[1], 0.002242 + 0.000088*delta[1], 0.002177 + 0.000085*delta[1], 0.002452 + 0.000096*delta[1], 0.002442 + 0.000096*delta[1], 0.002421 + 0.000095*delta[1], 0.002360 + 0.000092*delta[1], 0.002296 + 0.000090*delta[1], 0.002142 + 0.000084*delta[1], 0.002106 + 0.000082*delta[1], 0.002064 + 0.000081*delta[1], 0.001997 + 0.000078*delta[1], 0.002136 + 0.000084*delta[1], 0.002115 + 0.000083*delta[1], 0.002083 + 0.000081*delta[1], 0.002034 + 0.000080*delta[1], 0.001973 + 0.000077*delta[1]
0.502961 + -0.000344*delta[0] + 0.017715*delta[1], 0.090584 + -0.000062*delta[0] + 0.003191*delta[1], 0.042056 + -0.000029*delta[0] + 0.001481*delta[1], 0.030341 + -0.000021*delta[0] + 0.001069*delta[1], 0.039924 + -0.000027*delta[0] + 0.001406*delta[1], 0.046483 + -0.000032*delta[0] + 0.001637*delta[1], 0.044455 + -0.000030*delta[0] + 0.001566*delta[1], 0.036351 + -0.000025*delta[0] + 0.001280*delta[1], 0.026472 + -0.000018*delta[0] + 0.000932*delta[1], 0.084319 + -0.000058*delta[0] + 0.002970*delta[1], 0.264365 + -0.000181*delta[0] + 0.009311*delta[1], 0.162784 + -0.000111*delta[0] + 0.005734*delta[1], 0.074151 + -0.000051*delta[0] + 0.002612*delta[1], 0.037899 + -0.000026*delta[0] + 0.001335*delta[1], 0.097420 + -0.000067*delta[0] + 0.003431*delta[1], 0.087340 + -0.000060*delta[0] + 0.003076*delta[1], 0.058829 + -0.000040*delta[0] + 0.002072*delta[1], 0.024569 + -0.000017*delta[0] + 0.000865*delta[1], 0.026144 + -0.000018*delta[0] + 0.000921*delta[1], 0.024763 + -0.000017*delta[0] + 0.000872*delta[1], 0.021434 + -0.000015*delta[0] + 0.000755*delta[1], 0.021398 + -0.000015*delta[0] + 0.000754*delta[1], 0.022787 + -0.000016*delta[0] + 0.000803*delta[1], 0.019951 + -0.000014*delta[0] + 0.000703*delta[1], 0.042545 + -0.000029*delta[0] + 0.001499*delta[1], 0.023962 + -0.000016*delta[0] + 0.000844*delta[1], 0.029181 + -0.000020*delta[0] + 0.001028*delta[1], 0.020958 + -0.000014*delta[0] + 0.000738*delta[1], 0.017368 + -0.000012*delta[0] + 0.000612*delta[1], 0.017899 + -0.000012*delta[0] + 0.000630*delta[1], 0.017084 + -0.000012*delta[0] + 0.000602*delta[1], 0.017174 + -0.000012*delta[0] + 0.000605*delta[1], 0.019237 + -0.000013*delta[0] + 0.000678*delta[1], 0.020033 + -0.000014*delta[0] + 0.000706*delta[1], 0.019426 + -0.000013*delta[0] + 0.000684*delta[1], 0.017442 + -0.000012*delta[0] + 0.000614*delta[1], 0.014535 + -0.000010*delta[0] + 0.000512*delta[1], 0.016100 + -0.000011*delta[0] + 0.000567*delta[1], 0.017014 + -0.000012*delta[0] + 0.000599*delta[1], 0.016466 + -0.000011*delta[0] + 0.000580*delta[1], 0.015222 + -0.000010*delta[0] + 0.000536*delta[1], 0.016488 + -0.000011*delta[0] + 0.000581*delta[1], 0.017977 + -0.000012*delta[0] + 0.000633*delta[1], 0.016939 + -0.000012*delta[0] + 0.000597*delta[1], 0.014896 + -0.000010*delta[0] + 0.000525*delta[1], 0.012968 + -0.000009*delta[0] + 0.000457*delta[1], 0.013962 + -0.000010*delta[0] + 0.000492*delta[1], 0.014200 + -0.000010*delta[0] + 0.000500*delta[1], 0.013781 + -0.000009*delta[0] + 0.000485*delta[1], 0.012659 + -0.000009*delta[0] + 0.000446*delta[1]
0.040109 + 0.000016*delta[0] + 0.001667*delta[1], 0.242688 + 0.000097*delta[0] + 0.010089*delta[1], 0.544998 + 0.000219*delta[0] + 0.022657*delta[1], 0.012012 + 0.000005*delta[0] + 0.000499*delta[1], 0.016564 + 0.000007*delta[0] + 0.000689*delta[1], 0.023446 + 0.000009*delta[0] + 0.000975*delta[1], 0.033074 + 0.000013*delta[0] + 0.001375*delta[1], 0.044985 + 0.000018*delta[0] + 0.001870*delta[1], 0.051908 + 0.000021*delta[0] + 0.002158*delta[1], 0.015274 + 0.000006*delta[0] + 0.000635*delta[1], 0.042326 + 0.000017*delta[0] + 0.001760*delta[1], 0.087263 + 0.000035*delta[0] + 0.003628*delta[1], 0.206023 + 0.000083*delta[0] + 0.008565*delta[1], 0.322012 + 0.000129*delta[0] + 0.013387*delta[1], 0.030588 + 0.000012*delta[0] + 0.001272*delta[1], 0.049838 + 0.000020*delta[0] + 0.002072*delta[1], 0.081263 + 0.000033*delta[0] + 0.003378*delta[1], 0.014387 + 0.000006*delta[0] + 0.000598*delta[1], 0.018656 + 0.000007*delta[0] + 0.000776*delta[1], 0.023398 + 0.000009*delta[0] + 0.000973*delta[1], 0.027684 + 0.000011*delta[0] + 0.001151*delta[1], 0.012756 + 0.000005*delta[0] + 0.000530*delta[1], 0.016066 + 0.000006*delta[0] + 0.000668*delta[1], 0.023513 + 0.000009*delta[0] + 0.000978*delta[1], 0.014181 + 0.000006*delta[0] + 0.000590*delta[1], 0.011105 + 0.000004*delta[0] + 0.000462*delta[1], 0.014603 + 0.000006*delta[0] + 0.000607*delta[1], 0.034515 + 0.000014*delta[0] + 0.001435*delta[1], 0.011530 + 0.000005*delta[0] + 0.000479*delta[1], 0.013925 + 0.000006*delta[0] + 0.000579*delta[1], 0.016258 + 0.000007*delta[0] + 0.000676*delta[1], 0.010042 + 0.000004*delta[0] + 0.000417*delta[1], 0.012549 + 0.000005*delta[0] + 0.000522*delta[1], 0.015524 + 0.000006*delta[0] + 0.000645*delta[1], 0.018821 + 0.000008*delta[0] + 0.000782*delta[1], 0.021685 + 0.000009*delta[0] + 0.000902*delta[1], 0.008916 + 0.000004*delta[0] + 0.000371*delta[1], 0.010860 + 0.000004*delta[0] + 0.000451*delta[1], 0.013241 + 0.000005*delta[0] + 0.000550*delta[1], 0.015506 + 0.000006*delta[0] + 0.000645*delta[1], 0.017639 + 0.000007*delta[0] + 0.000733*delta[1], 0.010517 + 0.000004*delta[0] + 0.000437*delta[1], 0.015732 + 0.000006*delta[0] + 0.000654*delta[1], 0.018469 + 0.000007*delta[0] + 0.000768*delta[1], 0.020255 + 0.000008*delta[0] + 0.000842*delta[1], 0.008495 + 0.000003*delta[0] + 0.000353*delta[1], 0.010109 + 0.000004*delta[0] + 0.000420*delta[1], 0.011821 + 0.000005*delta[0] + 0.000491*delta[1], 0.013519 + 0.000005*delta[0] + 0.000562*delta[1], 0.014831 + 0.000006*delta[0] + 0.000617*delta[1]
0.649375 + -0.000376*delta[0] + 0.035409*delta[1], 0.054484 + -0.000032*delta[0] + 0.002971*delta[1], 0.027837 + -0.000016*delta[0] + 0.001518*delta[1], 0.042200 + -0.000024*delta[0] + 0.002301*delta[1], 0.053828 + -0.000031*delta[0] + 0.002935*delta[1], 0.056398 + -0.000033*delta[0] + 0.003075*delta[1], 0.046697 + -0.000027*delta[0] + 0.002546*delta[1], 0.034139 + -0.000020*delta[0] + 0.001862*delta[1], 0.023411 + -0.000014*delta[0] + 0.001277*delta[1], 0.163446 + -0.000095*delta[0] + 0.008912*delta[1], 0.282858 + -0.000164*delta[0] + 0.015424*delta[1], 0.111910 + -0.000065*delta[0] + 0.006102*delta[1], 0.049965 + -0.000029*delta[0] + 0.002724*delta[1], 0.026834 + -0.000016*delta[0] + 0.001463*delta[1], 0.084197 + -0.000049*delta[0] + 0.004591*delta[1], 0.063693 + -0.000037*delta[0] + 0.003473*delta[1], 0.041561 + -0.000024*delta[0] + 0.002266*delta[1], 0.023630 + -0.000014*delta[0] + 0.001288*delta[1], 0.023554 + -0.000014*delta[0] + 0.001284*delta[1], 0.021186 + -0.000012*delta[0] + 0.001155*delta[1], 0.017806 + -0.000010*delta[0] + 0.000971*delta[1], 0.025773 + -0.000015*delta[0] + 0.001405*delta[1], 0.025873 + -0.000015*delta[0] + 0.001411*delta[1], 0.019843 + -0.000011*delta[0] + 0.001082*delta[1], 0.062879 + -0.000036*delta[0] + 0.003429*delta[1], 0.026193 + -0.000015*delta[0] + 0.001428*delta[1], 0.030128 + -0.000017*delta[0] + 0.001643*delta[1], 0.017462 + -0.000010*delta[0] + 0.000952*delta[1], 0.016995 + -0.000010*delta[0] + 0.000927*delta[1], 0.016755 + -0.000010*delta[0] + 0.000914*delta[1], 0.015378 + -0.000009*delta[0] + 0.000839*delta[1], 0.020704 + -0.000012*delta[0] + 0.001129*delta[1], 0.022318 + -0.000013*delta[0] + 0.001217*delta[1], 0.022026 + -0.000013*delta[0] + 0.001201*delta[1], 0.020105 + -0.000012*delta[0] + 0.001096*delta[1], 0.017129 + -0.000010*delta[0] + 0.000934*delta[1], 0.015372 + -0.000009*delta[0] + 0.000838*delta[1], 0.016380 + -0.000009*delta[0] + 0.000893*delta[1], 0.016556 + -0.000010*delta[0] + 0.000903*delta[1], 0.015401 + -0.000009*delta[0] + 0.000840*delta[1], 0.013792 + -0.000008*delta[0] + 0.000752*delta[1], 0.018887 + -0.000011*delta[0] + 0.001030*delta[1], 0.018768 + -0.000011*delta[0] + 0.001023*delta[1], 0.016825 + -0.000010*delta[0] + 0.000917*delta[1], 0.014200 + -0.000008*delta[0] + 0.000774*delta[1], 0.013929 + -0.000008*delta[0] + 0.000760*delta[1], 0.014480 + -0.000008*delta[0] + 0.000790*delta[1], 0.014204 + -0.000008*delta[0] + 0.000775*delta[1], 0.013307 + -0.000008*delta[0] + 0.000726*delta[1], 0.011864 + -0.000007*delta[0] + 0.000647*delta[1]
0.039368 + 0.000013*delta[0] + 0.001876*delta[1], 0.257582 + 0.000084*delta[0] + 0.012276*delta[1], 0.659738 + 0.000214*delta[0] + 0.031442*delta[1], 0.011961 + 0.000004*delta[0] + 0.000570*delta[1], 0.016498 + 0.000005*delta[0] + 0.000786*delta[1], 0.023394 + 0.000008*delta[0] + 0.001115*delta[1], 0.033057 + 0.000011*delta[0] + 0.001575*delta[1], 0.045094 + 0.000015*delta[0] + 0.002149*delta[1], 0.052352 + 0.000017*delta[0] + 0.002495*delta[1], 0.015240 + 0.000005*delta[0] + 0.000726*delta[1], 0.041184 + 0.000013*delta[0] + 0.001963*delta[1], 0.081758 + 0.000027*delta[0] + 0.003896*delta[1], 0.177287 + 0.000057*delta[0] + 0.008449*delta[1], 0.262759 + 0.000085*delta[0] + 0.012523*delta[1], 0.028626 + 0.000009*delta[0] + 0.001364*delta[1], 0.044732 + 0.000015*delta[0] + 0.002132*delta[1], 0.068677 + 0.000022*delta[0] + 0.003273*delta[1], 0.013531 + 0.000004*delta[0] + 0.000645*delta[1], 0.017283 + 0.000006*delta[0] + 0.000824*delta[1], 0.021329 + 0.000007*delta[0] + 0.001016*delta[1], 0.024930 + 0.000008*delta[0] + 0.001188*delta[1], 0.012745 + 0.000004*delta[0] + 0.000607*delta[1], 0.016058 + 0.000005*delta[0] + 0.000765*delta[1], 0.023571 + 0.000008*delta[0] + 0.001123*delta[1], 0.013982 + 0.000005*delta[0] + 0.000666*delta[1], 0.010620 + 0.000003*delta[0] + 0.000506*delta[1], 0.013787 + 0.000004*delta[0] + 0.000657*delta[1], 0.030553 + 0.000010*delta[0] + 0.001456*delta[1], 0.010863 + 0.000004*delta[0] + 0.000518*delta[1], 0.012977 + 0.000004*delta[0] + 0.000618*delta[1], 0.014999 + 0.000005*delta[0] + 0.000715*delta[1], 0.009887 + 0.000003*delta[0] + 0.000471*delta[1], 0.012317 + 0.000004*delta[0] + 0.000587*delta[1], 0.015192 + 0.000005*delta[0] + 0.000724*delta[1], 0.018359 + 0.000006*delta[0] + 0.000875*delta[1], 0.021117 + 0.000007*delta[0] + 0.001006*delta[1], 0.008487 + 0.000003*delta[0] + 0.000404*delta[1], 0.010240 + 0.000003*delta[0] + 0.000488*delta[1], 0.012343 + 0.000004*delta[0] + 0.000588*delta[1], 0.014318 + 0.000005*delta[0] + 0.000682*delta[1], 0.016162 + 0.000005*delta[0] + 0.000770*delta[1], 0.010175 + 0.000003*delta[0] + 0.000485*delta[1], 0.015027 + 0.000005*delta[0] + 0.000716*delta[1], 0.017549 + 0.000006*delta[0] + 0.000836*delta[1], 0.019209 + 0.000006*delta[0] + 0.000915*delta[1], 0.008101 + 0.000003*delta[0] + 0.000386*delta[1], 0.009558 + 0.000003*delta[0] + 0.000456*delta[1], 0.011092 + 0.000004*delta[0] + 0.000529*delta[1], 0.012587 + 0.000004*delta[0] + 0.000600*delta[1], 0.013745 + 0.000004*delta[0] + 0.000655*delta[1]
0.006989 + -0.000010*delta[0] + 0.000389*delta[1], 0.006258 + -0.000009*delta[0] + 0.000348*delta[1], 0.005710 + -0.000008*delta[0] + 0.000318*delta[1], 0.004536 + -0.000006*delta[0] + 0.000252*delta[1], 0.004625 + -0.000007*delta[0] + 0.000257*delta[1], 0.004633 + -0.000007*delta[0] + 0.000258*delta[1], 0.004520 + -0.000006*delta[0] + 0.000251*delta[1], 0.004344 + -0.000006*delta[0] + 0.000242*delta[1], 0.004098 + -0.000006*delta[0] + 0.000228*delta[1], 0.005775 + -0.000008*delta[0] + 0.000321*delta[1], 0.005701 + -0.000008*delta[0] + 0.000317*delta[1], 0.005492 + -0.000008*delta[0] + 0.000305*delta[1], 0.005168 + -0.000007*delta[0] + 0.000287*delta[1], 0.004771 + -0.000007*delta[0] + 0.000265*delta[1], 0.005500 + -0.000008*delta[0] + 0.000306*delta[1], 0.005318 + -0.000008*delta[0] + 0.000296*delta[1], 0.005034 + -0.000007*delta[0] + 0.000280*delta[1], 0.004109 + -0.000006*delta[0] + 0.000229*delta[1], 0.004096 + -0.000006*delta[0] + 0.000228*delta[1], 0.004013 + -0.000006*delta[0] + 0.000223*delta[1], 0.003868 + -0.000005*delta[0] + 0.000215*delta[1], 0.003727 + -0.000005*delta[0] + 0.000207*delta[1], 0.003702 + -0.000005*delta[0] + 0.000206*delta[1], 0.003519 + -0.000005*delta[0] + 0.000196*delta[1], 0.004556 + -0.000006*delta[0] + 0.000253*delta[1], 0.003946 + -0.000006*delta[0] + 0.000219*delta[1], 0.003948 + -0.000006*delta[0] + 0.000220*delta[1], 0.003506 + -0.000005*delta[0] + 0.000195*delta[1], 0.003450 + -0.000005*delta[0] + 0.000192*delta[1], 0.003421 + -0.000005*delta[0] + 0.000190*delta[1], 0.003350 + -0.000005*delta[0] + 0.000186*delta[1], 0.003140 + -0.000004*delta[0] + 0.000175*delta[1], 0.003160 + -0.000004*delta[0] + 0.000176*delta[1], 0.003151 + -0.000004*delta[0] + 0.000175*delta[1], 0.003106 + -0.000004*delta[0] + 0.000173*delta[1], 0.003026 + -0.000004*delta[0] + 0.000168*delta[1], 0.002960 + -0.000004*delta[0] + 0.000165*delta[1], 0.002983 + -0.000004*delta[0] + 0.000166*delta[1], 0.002990 + -0.000004*delta[0] + 0.000166*delta[1], 0.002939 + -0.000004*delta[0] + 0.000163*delta[1], 0.002881 + -0.000004*delta[0] + 0.000160*delta[1], 0.002806 + -0.000004*delta[0] + 0.000156*delta[1], 0.002805 + -0.000004*delta[0] + 0.000156*delta[1], 0.002766 + -0.000004*delta[0] + 0.000154*delta[1], 0.002685 + -0.000004*delta[0] + 0.000149*delta[1], 0.002610 + -0.000004*delta[0] + 0.000145*delta[1], 0.002612 + -0.000004*delta[0] + 0.000145*delta[1], 0.002594 + -0.000004*delta[0] + 0.000144*delta[1], 0.002554 + -0.000004*delta[0] + 0.000142*delta[1], 0.002491 + -0.000004*delta[0] + 0.000139*delta[1]
0.243180 + 0.000054*delta[0] + 0.012768*delta[1], 0.532640 + 0.000119*delta[0] + 0.027965*delta[1], 0.120881 + 0.000027*delta[0] + 0.006347*delta[1], 0.022978 + 0.000005*delta[0] + 0.001206*delta[1], 0.033539 + 0.000007*delta[0] + 0.001761*delta[1], 0.047808 + 0.000011*delta[0] + 0.002510*delta[1], 0.059370 + 0.000013*delta[0] + 0.003117*delta[1], 0.059739 + 0.000013*delta[0] + 0.003136*delta[1], 0.046466 + 0.000010*delta[0] + 0.002440*delta[1], 0.037777 + 0.000008*delta[0] + 0.001983*delta[1], 0.178927 + 0.000040*delta[0] + 0.009394*delta[1], 0.343641 + 0.000077*delta[0] + 0.018042*delta[1], 0.223591 + 0.000050*delta[0] + 0.011739*delta[1], 0.091982 + 0.000020*delta[0] + 0.004829*delta[1], 0.058746 + 0.000013*delta[0] + 0.003084*delta[1], 0.076613 + 0.000017*delta[0] + 0.004022*delta[1], 0.075629 + 0.000017*delta[0] + 0.003971*delta[1], 0.018796 + 0.000004*delta[0] + 0.000987*delta[1], 0.022022 + 0.000005*delta[0] + 0.001156*delta[1], 0.023628 + 0.000005*delta[0] + 0.001241*delta[1], 0.023084 + 0.000005*delta[0] + 0.001212*delta[1], 0.020613 + 0.000005*delta[0] + 0.001082*delta[1], 0.024686 + 0.000005*delta[0] + 0.001296*delta[1], 0.027317 + 0.000006*delta[0] + 0.001434*delta[1], 0.028856 + 0.000006*delta[0] + 0.001515*delta[1], 0.016653 + 0.000004*delta[0] + 0.000874*delta[1], 0.021269 + 0.000005*delta[0] + 0.001117*delta[1], 0.025500 + 0.000006*delta[0] + 0.001339*delta[1], 0.014109 + 0.000003*delta[0] + 0.000741*delta[1], 0.015685 + 0.000003*delta[0] + 0.000823*delta[1], 0.016288 + 0.000004*delta[0] + 0.000855*delta[1], 0.015447 + 0.000003*delta[0] + 0.000811*delta[1], 0.018739 + 0.000004*delta[0] + 0.000984*delta[1], 0.021676 + 0.000005*delta[0] + 0.001138*delta[1], 0.023395 + 0.000005*delta[0] + 0.001228*delta[1], 0.022979 + 0.000005*delta[0] + 0.001206*delta[1], 0.011654 + 0.000003*delta[0] + 0.000612*delta[1], 0.013540 + 0.000003*delta[0] + 0.000711*delta[1], 0.015334 + 0.000003*delta[0] + 0.000805*delta[1], 0.016128 + 0.000004*delta[0] + 0.000847*delta[1], 0.016141 + 0.000004*delta[0] + 0.000847*delta[1], 0.014970 + 0.000003*delta[0] + 0.000786*delta[1], 0.019479 + 0.000004*delta[0] + 0.001023*delta[1], 0.020103 + 0.000004*delta[0] + 0.001055*delta[1], 0.018981 + 0.000004*delta[0] + 0.000997*delta[1], 0.010963 + 0.000002*delta[0] + 0.000576*delta[1], 0.012409 + 0.000003*delta[0] + 0.000652*delta[1], 0.013523 + 0.000003*delta[0] + 0.000710*delta[1], 0.014072 + 0.000003*delta[0] + 0.000739*delta[1], 0.013811 + 0.000003*delta[0] + 0.000725*delta[1]
0.058681 + 0.000017*delta[0] + 0.002081*delta[1], 0.422563 + 0.000126*delta[0] + 0.014982*delta[1], 0.425872 + 0.000127*delta[0] + 0.015100*delta[1], 0.013942 + 0.000004*delta[0] + 0.000494*delta[1], 0.019310 + 0.000006*delta[0] + 0.000685*delta[1], 0.027206 + 0.000008*delta[0] + 0.000965*delta[1], 0.037013 + 0.000011*delta[0] + 0.001312*delta[1], 0.046588 + 0.000014*delta[0] + 0.001652*delta[1], 0.048241 + 0.000014*delta[0] + 0.001710*delta[1], 0.019145 + 0.000006*delta[0] + 0.000679*delta[1], 0.052685 + 0.000016*delta[0] + 0.001868*delta[1], 0.096815 + 0.000029*delta[0] + 0.003433*delta[1], 0.152793 + 0.000045*delta[0] + 0.005417*delta[1], 0.141963 + 0.000042*delta[0] + 0.005033*delta[1], 0.031333 + 0.000009*delta[0] + 0.001111*delta[1], 0.044977 + 0.000013*delta[0] + 0.001595*delta[1], 0.058649 + 0.000017*delta[0] + 0.002079*delta[1], 0.013618 + 0.000004*delta[0] + 0.000483*delta[1], 0.016651 + 0.000005*delta[0] + 0.000590*delta[1], 0.019469 + 0.000006*delta[0] + 0.000690*delta[1], 0.021343 + 0.000006*delta[0] + 0.000757*delta[1], 0.014118 + 0.000004*delta[0] + 0.000501*delta[1], 0.017425 + 0.000005*delta[0] + 0.000618*delta[1], 0.023545 + 0.000007*delta[0] + 0.000835*delta[1], 0.016180 + 0.000005*delta[0] + 0.000574*delta[1], 0.011187 + 0.000003*delta[0] + 0.000397*delta[1], 0.014138 + 0.000004*delta[0] + 0.000501*delta[1], 0.024376 + 0.000007*delta[0] + 0.000864*delta[1], 0.010684 + 0.000003*delta[0] + 0.000379*delta[1], 0.012349 + 0.000004*delta[0] + 0.000438*delta[1], 0.013709 + 0.000004*delta[0] + 0.000486*delta[1], 0.010590 + 0.000003*delta[0] + 0.000375*delta[1], 0.012966 + 0.000004*delta[0] + 0.000460*delta[1], 0.015527 + 0.000005*delta[0] + 0.000551*delta[1], 0.018023 + 0.000005*delta[0] + 0.000639*delta[1], 0.019719 + 0.000006*delta[0] + 0.000699*delta[1], 0.008524 + 0.000003*delta[0] + 0.000302*delta[1], 0.010015 + 0.000003*delta[0] + 0.000355*delta[1], 0.011697 + 0.000003*delta[0] + 0.000415*delta[1], 0.013019 + 0.000004*delta[0] + 0.000462*delta[1], 0.014076 + 0.000004*delta[0] + 0.000499*delta[1], 0.010422 + 0.000003*delta[0] + 0.000370*delta[1], 0.014436 + 0.000004*delta[0] + 0.000512*delta[1], 0.016143 + 0.000005*delta[0] + 0.000572*delta[1], 0.016833 + 0.000005*delta[0] + 0.000597*delta[1], 0.008056 + 0.000002*delta[0] + 0.000286*delta[1], 0.009269 + 0.000003*delta[0] + 0.000329*delta[1], 0.010405 + 0.000003*delta[0] + 0.000369*delta[1], 0.011433 + 0.000003*delta[0] + 0.000405*delta[1], 0.012007 + 0.000004*delta[0] + 0.000426*delta[1]
0.102063 + 0.000054*delta[0] + 0.003406*delta[1], 0.716075 + 0.000378*delta[0] + 0.023900*delta[1], 0.252510 + 0.000133*delta[0] + 0.008428*delta[1], 0.017413 + 0.000009*delta[0] + 0.000581*delta[1], 0.024656 + 0.000013*delta[0] + 0.000823*delta[1], 0.035080 + 0.000019*delta[0] + 0.001171*delta[1], 0.046317 + 0.000024*delta[0] + 0.001546*delta[1], 0.053428 + 0.000028*delta[0] + 0.001783*delta[1], 0.048550 + 0.000026*delta[0] + 0.001620*delta[1], 0.025513 + 0.000013*delta[0] + 0.000852*delta[1], 0.080412 + 0.000042*delta[0] + 0.002684*delta[1], 0.147906 + 0.000078*delta[0] + 0.004936*delta[1], 0.177255 + 0.000094*delta[0] + 0.005916*delta[1], 0.113853 + 0.000060*delta[0] + 0.003800*delta[1], 0.038830 + 0.000020*delta[0] + 0.001296*delta[1], 0.052904 + 0.000028*delta[0] + 0.001766*delta[1], 0.061272 + 0.000032*delta[0] + 0.002045*delta[1], 0.015070 + 0.000008*delta[0] + 0.000503*delta[1], 0.017980 + 0.000009*delta[0] + 0.000600*delta[1], 0.020173 + 0.000011*delta[0] + 0.000673*delta[1], 0.020946 + 0.000011*delta[0] + 0.000699*delta[1], 0.016805 + 0.000009*delta[0] + 0.000561*delta[1], 0.020492 + 0.000011*delta[0] + 0.000684*delta[1], 0.025452 + 0.000013*delta[0] + 0.000849*delta[1], 0.020518 + 0.000011*delta[0] + 0.000685*delta[1], 0.012885 + 0.000007*delta[0] + 0.000430*delta[1], 0.016208 + 0.000009*delta[0] + 0.000541*delta[1], 0.023447 + 0.000012*delta[0] + 0.000783*delta[1], 0.011628 + 0.000006*delta[0] + 0.000388*delta[1], 0.013132 + 0.000007*delta[0] + 0.000438*delta[1], 0.014127 + 0.000007*delta[0] + 0.000471*delta[1], 0.012382 + 0.000007*delta[0] + 0.000413*delta[1], 0.015033 + 0.000008*delta[0] + 0.000502*delta[1], 0.017741 + 0.000009*delta[0] + 0.000592*delta[1], 0.019958 + 0.000011*delta[0] + 0.000666*delta[1], 0.020804 + 0.000011*delta[0] + 0.000694*delta[1], 0.009449 + 0.000005*delta[0] + 0.000315*delta[1], 0.010976 + 0.000006*delta[0] + 0.000366*delta[1], 0.012568 + 0.000007*delta[0] + 0.000419*delta[1], 0.013633 + 0.000007*delta[0] + 0.000455*delta[1], 0.014209 + 0.000007*delta[0] + 0.000474*delta[1], 0.011913 + 0.000006*delta[0] + 0.000398*delta[1], 0.015946 + 0.000008*delta[0] + 0.000532*delta[1], 0.017215 + 0.000009*delta[0] + 0.000575*delta[1], 0.017172 + 0.000009*delta[0] + 0.000573*delta[1], 0.008903 + 0.000005*delta[0] + 0.000297*delta[1], 0.010124 + 0.000005*delta[0] + 0.000338*delta[1], 0.011181 + 0.000006*delta[0] + 0.000373*delta[1], 0.011976 + 0.000006*delta[0] + 0.000400*delta[1], 0.012172 + 0.000006*delta[0] + 0.000406*delta[1]
0.036841 + -0.000034*delta[0] + 0.002264*delta[1], 0.313135 + -0.000285*delta[0] + 0.019243*delta[1], 1.416079 + -0.001289*delta[0] + 0.087022*delta[1], 0.012310 + -0.000011*delta[0] + 0.000756*delta[1], 0.017262 + -0.000016*delta[0] + 0.001061*delta[1], 0.025159 + -0.000023*delta[0] + 0.001546*delta[1], 0.036851 + -0.000034*delta[0] + 0.002265*delta[1], 0.052525 + -0.000048*delta[0] + 0.003228*delta[1], 0.063100 + -0.000057*delta[0] + 0.003878*delta[1], 0.015147 + -0.000014*delta[0] + 0.000931*delta[1], 0.040034 + -0.000036*delta[0] + 0.002460*delta[1], 0.076888 + -0.000070*delta[0] + 0.004725*delta[1], 0.155839 + -0.000142*delta[0] + 0.009577*delta[1], 0.222292 + -0.000202*delta[0] + 0.013660*delta[1], 0.024926 + -0.000023*delta[0] + 0.001532*delta[1], 0.036225 + -0.000033*delta[0] + 0.002226*delta[1], 0.050690 + -0.000046*delta[0] + 0.003115*delta[1], 0.011941 + -0.000011*delta[0] + 0.000734*delta[1], 0.014810 + -0.000013*delta[0] + 0.000910*delta[1], 0.017751 + -0.000016*delta[0] + 0.001091*delta[1], 0.020270 + -0.000018*delta[0] + 0.001246*delta[1], 0.013588 + -0.000012*delta[0] + 0.000835*delta[1], 0.017416 + -0.000016*delta[0] + 0.001070*delta[1], 0.026635 + -0.000024*delta[0] + 0.001637*delta[1], 0.014079 + -0.000013*delta[0] + 0.000865*delta[1], 0.009782 + -0.000009*delta[0] + 0.000601*delta[1], 0.012445 + -0.000011*delta[0] + 0.000765*delta[1], 0.024922 + -0.000023*delta[0] + 0.001532*delta[1], 0.009694 + -0.000009*delta[0] + 0.000596*delta[1], 0.011362 + -0.000010*delta[0] + 0.000698*delta[1], 0.012886 + -0.000012*delta[0] + 0.000792*delta[1], 0.010138 + -0.000009*delta[0] + 0.000623*delta[1], 0.012724 + -0.000012*delta[0] + 0.000782*delta[1], 0.015843 + -0.000014*delta[0] + 0.000974*delta[1], 0.019295 + -0.000018*delta[0] + 0.001186*delta[1], 0.022372 + -0.000020*delta[0] + 0.001375*delta[1], 0.007840 + -0.000007*delta[0] + 0.000482*delta[1], 0.009320 + -0.000008*delta[0] + 0.000573*delta[1], 0.011046 + -0.000010*delta[0] + 0.000679*delta[1], 0.012617 + -0.000011*delta[0] + 0.000775*delta[1], 0.014072 + -0.000013*delta[0] + 0.000865*delta[1], 0.010087 + -0.000009*delta[0] + 0.000620*delta[1], 0.014870 + -0.000014*delta[0] + 0.000914*delta[1], 0.017378 + -0.000016*delta[0] + 0.001068*delta[1], 0.019051 + -0.000017*delta[0] + 0.001171*delta[1], 0.007600 + -0.000007*delta[0] + 0.000467*delta[1], 0.008876 + -0.000008*delta[0] + 0.000545*delta[1], 0.010199 + -0.000009*delta[0] + 0.000627*delta[1], 0.011465 + -0.000010*delta[0] + 0.000705*delta[1], 0.012439 + -0.000011*delta[0] + 0.000764*delta[1]
0.019081 + 0.000028*delta[0] + 0.000996*delta[1], 0.012823 + 0.000019*delta[0] + 0.000669*delta[1], 0.010189 + 0.000015*delta[0] + 0.000532*delta[1], 0.011034 + 0.000016*delta[0] + 0.000576*delta[1], 0.010991 + 0.000016*delta[0] + 0.000573*delta[1], 0.010512 + 0.000015*delta[0] + 0.000548*delta[1], 0.009547 + 0.000014*delta[0] + 0.000498*delta[1], 0.008469 + 0.000012*delta[0] + 0.000442*delta[1], 0.007318 + 0.000011*delta[0] + 0.000382*delta[1], 0.015928 + 0.000023*delta[0] + 0.000831*delta[1], 0.013826 + 0.000020*delta[0] + 0.000721*delta[1], 0.012003 + 0.000018*delta[0] + 0.000626*delta[1], 0.010078 + 0.000015*delta[0] + 0.000526*delta[1], 0.008354 + 0.000012*delta[0] + 0.000436*delta[1], 0.012095 + 0.000018*delta[0] + 0.000631*delta[1], 0.010797 + 0.000016*delta[0] + 0.000563*delta[1], 0.009331 + 0.000014*delta[0] + 0.000487*delta[1], 0.007648 + 0.000011*delta[0] + 0.000399*delta[1], 0.007354 + 0.000011*delta[0] + 0.000384*delta[1], 0.006862 + 0.000010*delta[0] + 0.000358*delta[1], 0.006265 + 0.000009*delta[0] + 0.000327*delta[1], 0.007914 + 0.000012*delta[0] + 0.000413*delta[1], 0.007557 + 0.000011*delta[0] + 0.000394*delta[1], 0.006435 + 0.000009*delta[0] + 0.000336*delta[1], 0.011168 + 0.000016*delta[0] + 0.000583*delta[1], 0.007940 + 0.000012*delta[0] + 0.000414*delta[1], 0.007823 + 0.000011*delta[0] + 0.000408*delta[1], 0.005693 + 0.000008*delta[0] + 0.000297*delta[1], 0.006105 + 0.000009*delta[0] + 0.000319*delta[1], 0.005863 + 0.000009*delta[0] + 0.000306*delta[1], 0.005515 + 0.000008*delta[0] + 0.000288*delta[1], 0.006407 + 0.000009*delta[0] + 0.000334*delta[1], 0.006334 + 0.000009*delta[0] + 0.000330*delta[1], 0.006110 + 0.000009*delta[0] + 0.000319*delta[1], 0.005772 + 0.000008*delta[0] + 0.000301*delta[1], 0.005355 + 0.000008*delta[0] + 0.000279*delta[1], 0.005394 + 0.000008*delta[0] + 0.000281*delta[1], 0.005355 + 0.000008*delta[0] + 0.000279*delta[1], 0.005246 + 0.000008*delta[0] + 0.000274*delta[1], 0.004977 + 0.000007*delta[0] + 0.000260*delta[1], 0.004698 + 0.000007*delta[0] + 0.000245*delta[1], 0.005447 + 0.000008*delta[0] + 0.000284*delta[1], 0.005171 + 0.000008*delta[0] + 0.000270*delta[1], 0.004905 + 0.000007*delta[0] + 0.000256*delta[1], 0.004553 + 0.000007*delta[0] + 0.000238*delta[1], 0.004739 + 0.000007*delta[0] + 0.000247*delta[1], 0.004670 + 0.000007*delta[0] + 0.000244*delta[1], 0.004520 + 0.000007*delta[0] + 0.000236*delta[1], 0.004315 + 0.000006*delta[0] + 0.000225*delta[1], 0.004062 + 0.000006*delta[0] + 0.000212*delta[1]
1.056406 + -0.002462*delta[0] + 0.047827*delta[1], 0.100692 + -0.000235*delta[0] + 0.004559*delta[1], 0.042066 + -0.000098*delta[0] + 0.001904*delta[1], 0.034950 + -0.000081*delta[0] + 0.001582*delta[1], 0.048684 + -0.000113*delta[0] + 0.002204*delta[1], 0.059335 + -0.000138*delta[0] + 0.002686*delta[1], 0.056249 + -0.000131*delta[0] + 0.002547*delta[1], 0.043908 + -0.000102*delta[0] + 0.001988*delta[1], 0.030468 + -0.000071*delta[0] + 0.001379*delta[1], 0.072545 + -0.000169*delta[0] + 0.003284*delta[1], 0.184492 + -0.000430*delta[0] + 0.008353*delta[1], 0.130189 + -0.000303*delta[0] + 0.005894*delta[1], 0.068082 + -0.000159*delta[0] + 0.003082*delta[1], 0.037096 + -0.000086*delta[0] + 0.001679*delta[1], 0.051211 + -0.000119*delta[0] + 0.002319*delta[1], 0.048939 + -0.000114*delta[0] + 0.002216*delta[1], 0.039045 + -0.000091*delta[0] + 0.001768*delta[1], 0.017302 + -0.000040*delta[0] + 0.000783*delta[1], 0.018221 + -0.000042*delta[0] + 0.000825*delta[1], 0.017679 + -0.000041*delta[0] + 0.000800*delta[1], 0.016036 + -0.000037*delta[0] + 0.000726*delta[1], 0.025283 + -0.000059*delta[0] + 0.001145*delta[1], 0.027238 + -0.000063*delta[0] + 0.001233*delta[1], 0.023299 + -0.000054*delta[0] + 0.001055*delta[1], 0.042835 + -0.000100*delta[0] + 0.001939*delta[1], 0.017702 + -0.000041*delta[0] + 0.000801*delta[1], 0.020599 + -0.000048*delta[0] + 0.000933*delta[1], 0.016499 + -0.000038*delta[0] + 0.000747*delta[1], 0.012969 + -0.000030*delta[0] + 0.000587*delta[1], 0.013299 + -0.000031*delta[0] + 0.000602*delta[1], 0.012882 + -0.000030*delta[0] + 0.000583*delta[1], 0.018010 + -0.000042*delta[0] + 0.000815*delta[1], 0.020331 + -0.000047*delta[0] + 0.000920*delta[1], 0.021294 + -0.000050*delta[0] + 0.000964*delta[1], 0.020601 + -0.000048*delta[0] + 0.000933*delta[1], 0.018414 + -0.000043*delta[0] + 0.000834*delta[1], 0.011511 + -0.000027*delta[0] + 0.000521*delta[1], 0.012529 + -0.000029*delta[0] + 0.000567*delta[1], 0.013141 + -0.000031*delta[0] + 0.000595*delta[1], 0.012842 + -0.000030*delta[0] + 0.000581*delta[1], 0.012133 + -0.000028*delta[0] + 0.000549*delta[1], 0.015604 + -0.000036*delta[0] + 0.000706*delta[1], 0.017046 + -0.000040*delta[0] + 0.000772*delta[1], 0.016196 + -0.000038*delta[0] + 0.000733*delta[1], 0.014379 + -0.000034*delta[0] + 0.000651*delta[1], 0.010768 + -0.000025*delta[0] + 0.000488*delta[1], 0.011488 + -0.000027*delta[0] + 0.000520*delta[1], 0.011663 + -0.000027*delta[0] + 0.000528*delta[1], 0.011425 + -0.000027*delta[0] + 0.000517*delta[1], 0.010668 + -0.000025*delta[0] + 0.000483*delta[1]
1.185982 + -0.000947*delta[0] + 0.055291*delta[1], 0.052539 + -0.000042*delta[0] + 0.002449*delta[1], 0.026092 + -0.000021*delta[0] + 0.001216*delta[1], 0.049803 + -0.000040*delta[0] + 0.002322*delta[1], 0.067175 + -0.000054*delta[0] + 0.003132*delta[1], 0.071675 + -0.000057*delta[0] + 0.003342*delta[1], 0.056761 + -0.000045*delta[0] + 0.002646*delta[1], 0.039167 + -0.000031*delta[0] + 0.001826*delta[1], 0.025731 + -0.000021*delta[0] + 0.001200*delta[1], 0.129296 + -0.000103*delta[0] + 0.006028*delta[1], 0.202606 + -0.000162*delta[0] + 0.009446*delta[1], 0.098810 + -0.000079*delta[0] + 0.004607*delta[1], 0.048447 + -0.000039*delta[0] + 0.002259*delta[1], 0.027193 + -0.000022*delta[0] + 0.001268*delta[1], 0.051680 + -0.000041*delta[0] + 0.002409*delta[1], 0.043596 + -0.000035*delta[0] + 0.002032*delta[1], 0.032369 + -0.000026*delta[0] + 0.001509*delta[1], 0.017883 + -0.000014*delta[0] + 0.000834*delta[1], 0.017936 + -0.000014*delta[0] + 0.000836*delta[1], 0.016630 + -0.000013*delta[0] + 0.000775*delta[1], 0.014569 + -0.000012*delta[0] + 0.000679*delta[1], 0.030428 + -0.000024*delta[0] + 0.001419*delta[1], 0.030562 + -0.000024*delta[0] + 0.001425*delta[1], 0.022463 + -0.000018*delta[0] + 0.001047*delta[1], 0.063810 + -0.000051*delta[0] + 0.002975*delta[1], 0.020063 + -0.000016*delta[0] + 0.000935*delta[1], 0.022498 + -0.000018*delta[0] + 0.001049*delta[1], 0.014827 + -0.000012*delta[0] + 0.000691*delta[1], 0.013459 + -0.000011*delta[0] + 0.000627*delta[1], 0.013332 + -0.000011*delta[0] + 0.000622*delta[1], 0.012471 + -0.000010*delta[0] + 0.000581*delta[1], 0.021847 + -0.000017*delta[0] + 0.001019*delta[1], 0.023692 + -0.000019*delta[0] + 0.001105*delta[1], 0.023418 + -0.000019*delta[0] + 0.001092*delta[1], 0.021241 + -0.000017*delta[0] + 0.000990*delta[1], 0.017961 + -0.000014*delta[0] + 0.000837*delta[1], 0.012647 + -0.000010*delta[0] + 0.000590*delta[1], 0.013361 + -0.000011*delta[0] + 0.000623*delta[1], 0.013522 + -0.000011*delta[0] + 0.000630*delta[1], 0.012776 + -0.000010*delta[0] + 0.000596*delta[1], 0.011686 + -0.000009*delta[0] + 0.000545*delta[1], 0.018114 + -0.000014*delta[0] + 0.000844*delta[1], 0.018095 + -0.000014*delta[0] + 0.000844*delta[1], 0.016346 + -0.000013*delta[0] + 0.000762*delta[1], 0.013903 + -0.000011*delta[0] + 0.000648*delta[1], 0.011930 + -0.000010*delta[0] + 0.000556*delta[1], 0.012357 + -0.000010*delta[0] + 0.000576*delta[1], 0.012170 + -0.000010*delta[0] + 0.000567*delta[1], 0.011545 + -0.000009*delta[0] + 0.000538*delta[1], 0.010461 + -0.000008*delta[0] + 0.000488*delta[1]
0.102775 + -0.000008*delta[0] + 0.004091*delta[1], 2.413523 + -0.000184*delta[0] + 0.096079*delta[1], 0.303757 + -0.000023*delta[0] + 0.012092*delta[1], 0.019627 + -0.000001*delta[0] + 0.000781*delta[1], 0.029505 + -0.000002*delta[0] + 0.001175*delta[1], 0.045733 + -0.000003*delta[0] + 0.001821*delta[1], 0.066409 + -0.000005*delta[0] + 0.002644*delta[1], 0.080641 + -0.000006*delta[0] + 0.003210*delta[1], 0.069555 + -0.000005*delta[0] + 0.002769*delta[1], 0.026127 + -0.000002*delta[0] + 0.001040*delta[1], 0.089270 + -0.000007*delta[0] + 0.003554*delta[1], 0.177480 + -0.000014*delta[0] + 0.007065*delta[1], 0.215503 + -0.000016*delta[0] + 0.008579*delta[1], 0.127216 + -0.000010*delta[0] + 0.005064*delta[1], 0.034298 + -0.000003*delta[0] + 0.001365*delta[1], 0.044789 + -0.000003*delta[0] + 0.001783*delta[1], 0.050731 + -0.000004*delta[0] + 0.002020*delta[1], 0.013765 + -0.000001*delta[0] + 0.000548*delta[1], 0.016168 + -0.000001*delta[0] + 0.000644*delta[1], 0.017918 + -0.000001*delta[0] + 0.000713*delta[1], 0.018506 + -0.000001*delta[0] + 0.000737*delta[1], 0.020283 + -0.000002*delta[0] + 0.000807*delta[1], 0.025841 + -0.000002*delta[0] + 0.001029*delta[1], 0.033734 + -0.000003*delta[0] + 0.001343*delta[1], 0.022614 + -0.000002*delta[0] + 0.000900*delta[1], 0.012318 + 0.000490*delta[1], 0.015387 + -0.000001*delta[0] + 0.000613*delta[1], 0.021767 + -0.000002*delta[0] + 0.000867*delta[1], 0.010870 + 0.000433*delta[1], 0.012165 + 0.000484*delta[1], 0.012993 + 0.000517*delta[1], 0.014139 + -0.000001*delta[0] + 0.000563*delta[1], 0.017697 + -0.000001*delta[0] + 0.000705*delta[1], 0.021473 + -0.000002*delta[0] + 0.000855*delta[1], 0.024616 + -0.000002*delta[0] + 0.000980*delta[1], 0.025748 + -0.000002*delta[0] + 0.001025*delta[1], 0.009245 + 0.000368*delta[1], 0.010698 + 0.000426*delta[1], 0.012191 + 0.000485*delta[1], 0.013180 + -0.000001*delta[0] + 0.000525*delta[1], 0.013691 + -0.000001*delta[0] + 0.000545*delta[1], 0.013205 + -0.000001*delta[0] + 0.000526*delta[1], 0.018191 + -0.000001*delta[0] + 0.000724*delta[1], 0.019789 + -0.000002*delta[0] + 0.000788*delta[1], 0.019686 + -0.000002*delta[0] + 0.000784*delta[1], 0.008996 + 0.000358*delta[1], 0.010247 + 0.000408*delta[1], 0.011318 + 0.000451*delta[1], 0.012132 + 0.000483*delta[1], 0.012309 + 0.000490*delta[1]
0.683334 + -0.001159*delta[0] + 0.035185*delta[1], 0.057603 + -0.000098*delta[0] + 0.002966*delta[1], 0.028307 + -0.000048*delta[0] + 0.001458*delta[1], 0.046298 + -0.000079*delta[0] + 0.002384*delta[1], 0.061439 + -0.000104*delta[0] + 0.003163*delta[1], 0.065833 + -0.000112*delta[0] + 0.003390*delta[1], 0.053322 + -0.000090*delta[0] + 0.002746*delta[1], 0.037717 + -0.000064*delta[0] + 0.001942*delta[1], 0.025256 + -0.000043*delta[0] + 0.001300*delta[1], 0.102437 + -0.000174*delta[0] + 0.005274*delta[1], 0.147951 + -0.000251*delta[0] + 0.007618*delta[1], 0.085112 + -0.000144*delta[0] + 0.004382*delta[1], 0.045777 + -0.000078*delta[0] + 0.002357*delta[1], 0.026850 + -0.000046*delta[0] + 0.001382*delta[1], 0.044186 + -0.000075*delta[0] + 0.002275*delta[1], 0.038325 + -0.000065*delta[0] + 0.001973*delta[1], 0.029511 + -0.000050*delta[0] + 0.001520*delta[1], 0.016251 + -0.000028*delta[0] + 0.000837*delta[1], 0.016342 + -0.000028*delta[0] + 0.000841*delta[1], 0.015301 + -0.000026*delta[0] + 0.000788*delta[1], 0.013585 + -0.000023*delta[0] + 0.000700*delta[1], 0.029030 + -0.000049*delta[0] + 0.001495*delta[1], 0.029207 + -0.000050*delta[0] + 0.001504*delta[1], 0.021833 + -0.000037*delta[0] + 0.001124*delta[1], 0.055078 + -0.000093*delta[0] + 0.002836*delta[1], 0.018001 + -0.000031*delta[0] + 0.000927*delta[1], 0.019987 + -0.000034*delta[0] + 0.001029*delta[1], 0.013811 + -0.000023*delta[0] + 0.000711*delta[1], 0.012323 + -0.000021*delta[0] + 0.000635*delta[1], 0.012234 + -0.000021*delta[0] + 0.000630*delta[1], 0.011525 + -0.000020*delta[0] + 0.000593*delta[1], 0.020278 + -0.000034*delta[0] + 0.001044*delta[1], 0.021919 + -0.000037*delta[0] + 0.001129*delta[1], 0.021743 + -0.000037*delta[0] + 0.001120*delta[1], 0.019906 + -0.000034*delta[0] + 0.001025*delta[1], 0.017051 + -0.000029*delta[0] + 0.000878*delta[1], 0.011529 + -0.000020*delta[0] + 0.000594*delta[1], 0.012141 + -0.000021*delta[0] + 0.000625*delta[1], 0.012303 + -0.000021*delta[0] + 0.000633*delta[1], 0.011703 + -0.000020*delta[0] + 0.000603*delta[1], 0.010805 + -0.000018*delta[0] + 0.000556*delta[1], 0.016488 + -0.000028*delta[0] + 0.000849*delta[1], 0.016563 + -0.000028*delta[0] + 0.000853*delta[1], 0.015137 + -0.000026*delta[0] + 0.000779*delta[1], 0.013058 + -0.000022*delta[0] + 0.000672*delta[1], 0.010883 + -0.000018*delta[0] + 0.000560*delta[1], 0.011246 + -0.000019*delta[0] + 0.000579*delta[1], 0.011106 + -0.000019*delta[0] + 0.000572*delta[1], 0.010604 + -0.000018*delta[0] + 0.000546*delta[1], 0.009698 + -0.000016*delta[0] + 0.000499*delta[1]
0.668676 + 0.000411*delta[0] + 0.034693*delta[1], 0.100937 + 0.000062*delta[0] + 0.005237*delta[1], 0.043209 + 0.000027*delta[0] + 0.002242*delta[1], 0.036840 + 0.000023*delta[0] + 0.001911*delta[1], 0.052606 + 0.000032*delta[0] + 0.002729*delta[1], 0.065435 + 0.000040*delta[0] + 0.003395*delta[1], 0.061751 + 0.000038*delta[0] + 0.003204*delta[1], 0.047161 + 0.000029*delta[0] + 0.002447*delta[1], 0.032093 + 0.000020*delta[0] + 0.001665*delta[1], 0.064106 + 0.000039*delta[0] + 0.003326*delta[1], 0.139936 + 0.000086*delta[0] + 0.007260*delta[1], 0.106723 + 0.000066*delta[0] + 0.005537*delta[1], 0.061573 + 0.000038*delta[0] + 0.003195*delta[1], 0.035512 + 0.000022*delta[0] + 0.001842*delta[1], 0.039914 + 0.000025*delta[0] + 0.002071*delta[1], 0.038708 + 0.000024*delta[0] + 0.002008*delta[1], 0.032424 + 0.000020*delta[0] + 0.001682*delta[1], 0.014909 + 0.000009*delta[0] + 0.000774*delta[1], 0.015636 + 0.000010*delta[0] + 0.000811*delta[1], 0.015270 + 0.000009*delta[0] + 0.000792*delta[1], 0.014075 + 0.000009*delta[0] + 0.000730*delta[1], 0.027367 + 0.000017*delta[0] + 0.001420*delta[1], 0.029654 + 0.000018*delta[0] + 0.001539*delta[1], 0.025029 + 0.000015*delta[0] + 0.001299*delta[1], 0.041750 + 0.000026*delta[0] + 0.002166*delta[1], 0.015510 + 0.000010*delta[0] + 0.000805*delta[1], 0.017760 + 0.000011*delta[0] + 0.000921*delta[1], 0.014757 + 0.000009*delta[0] + 0.000766*delta[1], 0.011431 + 0.000007*delta[0] + 0.000593*delta[1], 0.011694 + 0.000007*delta[0] + 0.000607*delta[1], 0.011380 + 0.000007*delta[0] + 0.000590*delta[1], 0.018337 + 0.000011*delta[0] + 0.000951*delta[1], 0.020762 + 0.000013*delta[0] + 0.001077*delta[1], 0.021791 + 0.000013*delta[0] + 0.001131*delta[1], 0.021051 + 0.000013*delta[0] + 0.001092*delta[1], 0.018780 + 0.000012*delta[0] + 0.000974*delta[1], 0.010387 + 0.000006*delta[0] + 0.000539*delta[1], 0.011230 + 0.000007*delta[0] + 0.000583*delta[1], 0.011736 + 0.000007*delta[0] + 0.000609*delta[1], 0.011510 + 0.000007*delta[0] + 0.000597*delta[1], 0.010958 + 0.000007*delta[0] + 0.000569*delta[1], 0.015148 + 0.000009*delta[0] + 0.000786*delta[1], 0.016541 + 0.000010*delta[0] + 0.000858*delta[1], 0.015773 + 0.000010*delta[0] + 0.000818*delta[1], 0.014068 + 0.000009*delta[0] + 0.000730*delta[1], 0.009909 + 0.000006*delta[0] + 0.000514*delta[1], 0.010531 + 0.000006*delta[0] + 0.000546*delta[1], 0.010681 + 0.000007*delta[0] + 0.000554*delta[1], 0.010500 + 0.000006*delta[0] + 0.000545*delta[1], 0.009865 + 0.000006*delta[0] + 0.000512*delta[1]
0.228192 + -0.000200*delta[0] + 0.009835*delta[1], 0.597416 + -0.000523*delta[0] + 0.025748*delta[1], 0.123584 + -0.000108*delta[0] + 0.005326*delta[1], 0.025761 + -0.000023*delta[0] + 0.001110*delta[1], 0.040292 + -0.000035*delta[0] + 0.001737*delta[1], 0.063584 + -0.000056*delta[0] + 0.002740*delta[1], 0.085624 + -0.000075*delta[0] + 0.003690*delta[1], 0.085997 + -0.000075*delta[0] + 0.003706*delta[1], 0.061561 + -0.000054*delta[0] + 0.002653*delta[1], 0.035389 + -0.000031*delta[0] + 0.001525*delta[1], 0.124467 + -0.000109*delta[0] + 0.005364*delta[1], 0.188820 + -0.000165*delta[0] + 0.008138*delta[1], 0.146690 + -0.000128*delta[0] + 0.006322*delta[1], 0.077712 + -0.000068*delta[0] + 0.003349*delta[1], 0.035842 + -0.000031*delta[0] + 0.001545*delta[1], 0.042268 + -0.000037*delta[0] + 0.001822*delta[1], 0.042478 + -0.000037*delta[0] + 0.001831*delta[1], 0.013908 + -0.000012*delta[0] + 0.000599*delta[1], 0.015700 + -0.000014*delta[0] + 0.000677*delta[1], 0.016593 + -0.000015*delta[0] + 0.000715*delta[1], 0.016403 + -0.000014*delta[0] + 0.000707*delta[1], 0.025180 + -0.000022*delta[0] + 0.001085*delta[1], 0.031442 + -0.000028*delta[0] + 0.001355*delta[1], 0.035632 + -0.000031*delta[0] + 0.001536*delta[1], 0.029303 + -0.000026*delta[0] + 0.001263*delta[1], 0.013240 + -0.000012*delta[0] + 0.000571*delta[1], 0.016097 + -0.000014*delta[0] + 0.000694*delta[1], 0.018778 + -0.000016*delta[0] + 0.000809*delta[1], 0.010898 + -0.000010*delta[0] + 0.000470*delta[1], 0.011873 + -0.000010*delta[0] + 0.000512*delta[1], 0.012215 + -0.000011*delta[0] + 0.000526*delta[1], 0.016690 + -0.000015*delta[0] + 0.000719*delta[1], 0.020614 + -0.000018*delta[0] + 0.000888*delta[1], 0.024267 + -0.000021*delta[0] + 0.001046*delta[1], 0.026353 + -0.000023*delta[0] + 0.001136*delta[1], 0.025821 + -0.000023*delta[0] + 0.001113*delta[1], 0.009644 + -0.000008*delta[0] + 0.000416*delta[1], 0.010904 + -0.000010*delta[0] + 0.000470*delta[1], 0.012104 + -0.000011*delta[0] + 0.000522*delta[1], 0.012624 + -0.000011*delta[0] + 0.000544*delta[1], 0.012667 + -0.000011*delta[0] + 0.000546*delta[1], 0.014697 + -0.000013*delta[0] + 0.000633*delta[1], 0.019089 + -0.000017*delta[0] + 0.000823*delta[1], 0.019768 + -0.000017*delta[0] + 0.000852*delta[1], 0.018747 + -0.000016*delta[0] + 0.000808*delta[1], 0.009459 + -0.000008*delta[0] + 0.000408*delta[1], 0.010530 + -0.000009*delta[0] + 0.000454*delta[1], 0.011346 + -0.000010*delta[0] + 0.000489*delta[1], 0.011765 + -0.000010*delta[0] + 0.000507*delta[1], 0.011594 + -0.000010*delta[0] + 0.000500*delta[1]
0.027815 + -0.000002*delta[0] + 0.000892*delta[1], 0.021937 + -0.000001*delta[0] + 0.000703*delta[1], 0.017384 + -0.000001*delta[0] + 0.000557*delta[1], 0.014188 + 0.000455*delta[1], 0.015761 + 0.000505*delta[1], 0.016515 + 0.000529*delta[1], 0.015907 + 0.000510*delta[1], 0.014499 + 0.000465*delta[1], 0.012587 + 0.000404*delta[1], 0.016299 + 0.000523*delta[1], 0.017904 + -0.000001*delta[0] + 0.000574*delta[1], 0.016877 + 0.000541*delta[1], 0.014889 + 0.000477*delta[1], 0.012570 + 0.000403*delta[1], 0.011586 + 0.000371*delta[1], 0.011327 + 0.000363*delta[1], 0.010592 + 0.000340*delta[1], 0.006617 + 0.000212*delta[1], 0.006721 + 0.000215*delta[1], 0.006644 + 0.000213*delta[1], 0.006395 + 0.000205*delta[1], 0.011673 + 0.000374*delta[1], 0.011804 + 0.000378*delta[1], 0.010710 + 0.000343*delta[1], 0.013004 + 0.000417*delta[1], 0.006784 + 0.000217*delta[1], 0.007114 + 0.000228*delta[1], 0.006389 + 0.000205*delta[1], 0.005392 + 0.000173*delta[1], 0.005410 + 0.000173*delta[1], 0.005320 + 0.000171*delta[1], 0.008117 + 0.000260*delta[1], 0.008475 + 0.000272*delta[1], 0.008553 + 0.000274*delta[1], 0.008365 + 0.000268*delta[1], 0.007942 + 0.000255*delta[1], 0.004929 + 0.000158*delta[1], 0.005083 + 0.000163*delta[1], 0.005168 + 0.000166*delta[1], 0.005107 + 0.000164*delta[1], 0.004993 + 0.000160*delta[1], 0.006415 + 0.000206*delta[1], 0.006579 + 0.000211*delta[1], 0.006452 + 0.000207*delta[1], 0.006132 + 0.000197*delta[1], 0.004647 + 0.000149*delta[1], 0.004745 + 0.000152*delta[1], 0.004747 + 0.000152*delta[1], 0.004699 + 0.000151*delta[1], 0.004551 + 0.000146*delta[1]
0.005309 + -0.000089*delta[1] + -0.000014*delta[2], 0.003839 + -0.000064*delta[1] + -0.000010*delta[2], 0.003304 + -0.000055*delta[1] + -0.000009*delta[2], 0.005110 + -0.000086*delta[1] + -0.000013*delta[2], 0.004620 + -0.000078*delta[1] + -0.000012*delta[2], 0.004124 + -0.000069*delta[1] + -0.000011*delta[2], 0.003669 + -0.000062*delta[1] + -0.000010*delta[2], 0.003242 + -0.000054*delta[1] + -0.000008*delta[2], 0.002834 + -0.000048*delta[1] + -0.000007*delta[2], 0.007648 + -0.000128*delta[1] + -0.000020*delta[2], 0.005458 + -0.000092*delta[1] + -0.000014*delta[2], 0.004627 + -0.000078*delta[1] + -0.000012*delta[2], 0.003925 + -0.000066*delta[1] + -0.000010*delta[2], 0.003335 + -0.000056*delta[1] + -0.000009*delta[2], 0.007455 + -0.000125*delta[1] + -0.000019*delta[2], 0.005916 + -0.000099*delta[1] + -0.000015*delta[2], 0.004798 + -0.000081*delta[1] + -0.000012*delta[2], 0.009578 + -0.000161*delta[1] + -0.000025*delta[2], 0.007353 + -0.000123*delta[1] + -0.000019*delta[2], 0.005791 + -0.000097*delta[1] + -0.000015*delta[2], 0.004652 + -0.000078*delta[1] + -0.000012*delta[2], 0.003711 + -0.000062*delta[1] + -0.000010*delta[2], 0.003388 + -0.000057*delta[1] + -0.000009*delta[2], 0.002770 + -0.000047*delta[1] + -0.000007*delta[2], 0.006092 + -0.000102*delta[1] + -0.000016*delta[2], 0.011956 + -0.000201*delta[1] + -0.000031*delta[2], 0.009262 + -0.000156*delta[1] + -0.000024*delta[2], 0.003898 + -0.000065*delta[1] + -0.000010*delta[2], 0.009290 + -0.000156*delta[1] + -0.000024*delta[2], 0.007231 + -0.000121*delta[1] + -0.000019*delta[2], 0.005785 + -0.000097*delta[1] + -0.000015*delta[2], 0.004166 + -0.000070*delta[1] + -0.000011*delta[2], 0.003805 + -0.000064*delta[1] + -0.000010*delta[2], 0.003447 + -0.000058*delta[1] + -0.000009*delta[2], 0.003121 + -0.000052*delta[1] + -0.000008*delta[2], 0.002807 + -0.000047*delta[1] + -0.000007*delta[2], 0.009367 + -0.000157*delta[1] + -0.000024*delta[2], 0.007667 + -0.000129*delta[1] + -0.000020*delta[2], 0.006296 + -0.000106*delta[1] + -0.000016*delta[2], 0.005207 + -0.000087*delta[1] + -0.000014*delta[2], 0.004363 + -0.000073*delta[1] + -0.000011*delta[2], 0.004505 + -0.000076*delta[1] + -0.000012*delta[2], 0.003618 + -0.000061*delta[1] + -0.000009*delta[2], 0.003213 + -0.000054*delta[1] + -0.000008*delta[2], 0.002837 + -0.000048*delta[1] + -0.000007*delta[2], 0.006946 + -0.000117*delta[1] + -0.000018*delta[2], 0.005916 + -0.000099*delta[1] + -0.000015*delta[2], 0.005049 + -0.000085*delta[1] + -0.000013*delta[2], 0.004302 + -0.000072*delta[1] + -0.000011*delta[2], 0.003707 + -0.000062*delta[1] + -0.000010*delta[2]
0.004067 + -0.000166*delta[1] + 0.000006*delta[2], 0.003037 + -0.000124*delta[1] + 0.000004*delta[2], 0.002649 + -0.000108*delta[1] + 0.000004*delta[2], 0.005148 + -0.000210*delta[1] + 0.000007*delta[2], 0.004526 + -0.000185*delta[1] + 0.000006*delta[2], 0.003942 + -0.000161*delta[1] + 0.000005*delta[2], 0.003448 + -0.000141*delta[1] + 0.000005*delta[2], 0.003003 + -0.000123*delta[1] + 0.000004*delta[2], 0.002607 + -0.000106*delta[1] + 0.000004*delta[2], 0.006265 + -0.000256*delta[1] + 0.000009*delta[2], 0.004488 + -0.000183*delta[1] + 0.000006*delta[2], 0.003822 + -0.000156*delta[1] + 0.000005*delta[2], 0.003264 + -0.000133*delta[1] + 0.000004*delta[2], 0.002797 + -0.000114*delta[1] + 0.000004*delta[2], 0.005513 + -0.000225*delta[1] + 0.000007*delta[2], 0.004524 + -0.000185*delta[1] + 0.000006*delta[2], 0.003776 + -0.000154*delta[1] + 0.000005*delta[2], 0.007049 + -0.000288*delta[1] + 0.000010*delta[2], 0.005502 + -0.000225*delta[1] + 0.000007*delta[2], 0.004389 + -0.000179*delta[1] + 0.000006*delta[2], 0.003575 + -0.000146*delta[1] + 0.000005*delta[2], 0.004016 + -0.000164*delta[1] + 0.000005*delta[2], 0.003576 + -0.000146*delta[1] + 0.000005*delta[2], 0.002780 + -0.000113*delta[1] + 0.000004*delta[2], 0.006122 + -0.000250*delta[1] + 0.000008*delta[2], 0.010656 + -0.000435*delta[1] + 0.000014*delta[2], 0.008008 + -0.000327*delta[1] + 0.000011*delta[2], 0.003282 + -0.000134*delta[1] + 0.000004*delta[2], 0.007536 + -0.000308*delta[1] + 0.000010*delta[2], 0.005789 + -0.000236*delta[1] + 0.000008*delta[2], 0.004542 + -0.000185*delta[1] + 0.000006*delta[2], 0.005218 + -0.000213*delta[1] + 0.000007*delta[2], 0.004535 + -0.000185*delta[1] + 0.000006*delta[2], 0.003931 + -0.000160*delta[1] + 0.000005*delta[2], 0.003425 + -0.000140*delta[1] + 0.000005*delta[2], 0.002974 + -0.000121*delta[1] + 0.000004*delta[2], 0.010378 + -0.000424*delta[1] + 0.000014*delta[2], 0.007460 + -0.000305*delta[1] + 0.000010*delta[2], 0.005714 + -0.000233*delta[1] + 0.000008*delta[2], 0.004498 + -0.000184*delta[1] + 0.000006*delta[2], 0.003592 + -0.000147*delta[1] + 0.000005*delta[2], 0.006112 + -0.000249*delta[1] + 0.000008*delta[2], 0.004285 + -0.000175*delta[1] + 0.000006*delta[2], 0.003593 + -0.000147*delta[1] + 0.000005*delta[2], 0.003056 + -0.000125*delta[1] + 0.000004*delta[2], 0.009893 + -0.000404*delta[1] + 0.000013*delta[2], 0.007446 + -0.000304*delta[1] + 0.000010*delta[2], 0.005724 + -0.000234*delta[1] + 0.000008*delta[2], 0.004551 + -0.000186*delta[1] + 0.000006*delta[2], 0.003763 + -0.000154*delta[1] + 0.000005*delta[2]
0.005131 + -0.000242*delta[1] + -0.000003*delta[2], 0.003553 + -0.000168*delta[1] + -0.000002*delta[2], 0.003021 + -0.000142*delta[1] + -0.000002*delta[2], 0.005855 + -0.000276*delta[1] + -0.000003*delta[2], 0.005058 + -0.000239*delta[1] + -0.000003*delta[2], 0.004343 + -0.000205*delta[1] + -0.000002*delta[2], 0.003739 + -0.000176*delta[1] + -0.000002*delta[2], 0.003226 + -0.000152*delta[1] + -0.000002*delta[2], 0.002761 + -0.000130*delta[1] + -0.000001*delta[2], 0.007991 + -0.000377*delta[1] + -0.000004*delta[2], 0.005217 + -0.000246*delta[1] + -0.000003*delta[2], 0.004313 + -0.000203*delta[1] + -0.000002*delta[2], 0.003590 + -0.000169*delta[1] + -0.000002*delta[2], 0.003014 + -0.000142*delta[1] + -0.000002*delta[2], 0.006079 + -0.000287*delta[1] + -0.000003*delta[2], 0.004779 + -0.000225*delta[1] + -0.000003*delta[2], 0.003888 + -0.000183*delta[1] + -0.000002*delta[2], 0.007289 + -0.000344*delta[1] + -0.000004*delta[2], 0.005649 + -0.000266*delta[1] + -0.000003*delta[2], 0.004502 + -0.000212*delta[1] + -0.000002*delta[2], 0.003664 + -0.000173*delta[1] + -0.000002*delta[2], 0.004138 + -0.000195*delta[1] + -0.000002*delta[2], 0.003659 + -0.000173*delta[1] + -0.000002*delta[2], 0.002828 + -0.000133*delta[1] + -0.000002*delta[2], 0.006752 + -0.000318*delta[1] + -0.000004*delta[2], 0.010046 + -0.000474*delta[1] + -0.000005*delta[2], 0.007771 + -0.000367*delta[1] + -0.000004*delta[2], 0.003207 + -0.000151*delta[1] + -0.000002*delta[2], 0.007273 + -0.000343*delta[1] + -0.000004*delta[2], 0.005694 + -0.000269*delta[1] + -0.000003*delta[2], 0.004583 + -0.000216*delta[1] + -0.000002*delta[2], 0.004745 + -0.000224*delta[1] + -0.000003*delta[2], 0.004178 + -0.000197*delta[1] + -0.000002*delta[2], 0.003665 + -0.000173*delta[1] + -0.000002*delta[2], 0.003226 + -0.000152*delta[1] + -0.000002*delta[2], 0.002829 + -0.000133*delta[1] + -0.000002*delta[2], 0.008528 + -0.000402*delta[1] + -0.000005*delta[2], 0.006782 + -0.000320*delta[1] + -0.000004*delta[2], 0.005465 + -0.000258*delta[1] + -0.000003*delta[2], 0.004480 + -0.000211*delta[1] + -0.000002*delta[2], 0.003752 + -0.000177*delta[1] + -0.000002*delta[2], 0.004925 + -0.000232*delta[1] + -0.000003*delta[2], 0.003691 + -0.000174*delta[1] + -0.000002*delta[2], 0.003202 + -0.000151*delta[1] + -0.000002*delta[2], 0.002782 + -0.000131*delta[1] + -0.000001*delta[2], 0.006853 + -0.000323*delta[1] + -0.000004*delta[2], 0.005650 + -0.000266*delta[1] + -0.000003*delta[2], 0.004707 + -0.000222*delta[1] + -0.000003*delta[2], 0.003948 + -0.000186*delta[1] + -0.000002*delta[2], 0.003360 + -0.000158*delta[1] + -0.000002*delta[2]
0.003300 + -0.000113*delta[1] + 0.000003*delta[2], 0.002419 + -0.000083*delta[1] + 0.000002*delta[2], 0.002104 + -0.000072*delta[1] + 0.000002*delta[2], 0.004577 + -0.000156*delta[1] + 0.000005*delta[2], 0.003882 + -0.000132*delta[1] + 0.000004*delta[2], 0.003303 + -0.000113*delta[1] + 0.000003*delta[2], 0.002844 + -0.000097*delta[1] + 0.000003*delta[2], 0.002441 + -0.000083*delta[1] + 0.000002*delta[2], 0.002098 + -0.000072*delta[1] + 0.000002*delta[2], 0.005002 + -0.000171*delta[1] + 0.000005*delta[2], 0.003462 + -0.000118*delta[1] + 0.000003*delta[2], 0.002925 + -0.000100*delta[1] + 0.000003*delta[2], 0.002491 + -0.000085*delta[1] + 0.000003*delta[2], 0.002140 + -0.000073*delta[1] + 0.000002*delta[2], 0.003811 + -0.000130*delta[1] + 0.000004*delta[2], 0.003153 + -0.000108*delta[1] + 0.000003*delta[2], 0.002664 + -0.000091*delta[1] + 0.000003*delta[2], 0.004255 + -0.000145*delta[1] + 0.000004*delta[2], 0.003452 + -0.000118*delta[1] + 0.000003*delta[2], 0.002852 + -0.000097*delta[1] + 0.000003*delta[2], 0.002403 + -0.000082*delta[1] + 0.000002*delta[2], 0.003543 + -0.000121*delta[1] + 0.000004*delta[2], 0.003073 + -0.000105*delta[1] + 0.000003*delta[2], 0.002319 + -0.000079*delta[1] + 0.000002*delta[2], 0.005052 + -0.000172*delta[1] + 0.000005*delta[2], 0.006120 + -0.000209*delta[1] + 0.000006*delta[2], 0.004623 + -0.000158*delta[1] + 0.000005*delta[2], 0.002169 + -0.000074*delta[1] + 0.000002*delta[2], 0.004302 + -0.000147*delta[1] + 0.000004*delta[2], 0.003470 + -0.000118*delta[1] + 0.000003*delta[2], 0.002825 + -0.000096*delta[1] + 0.000003*delta[2], 0.004401 + -0.000150*delta[1] + 0.000004*delta[2], 0.003720 + -0.000127*delta[1] + 0.000004*delta[2], 0.003181 + -0.000109*delta[1] + 0.000003*delta[2], 0.002741 + -0.000094*delta[1] + 0.000003*delta[2], 0.002361 + -0.000081*delta[1] + 0.000002*delta[2], 0.005056 + -0.000172*delta[1] + 0.000005*delta[2], 0.004061 + -0.000139*delta[1] + 0.000004*delta[2], 0.003327 + -0.000114*delta[1] + 0.000003*delta[2], 0.002748 + -0.000094*delta[1] + 0.000003*delta[2], 0.002384 + -0.000081*delta[1] + 0.000002*delta[2], 0.004537 + -0.000155*delta[1] + 0.000005*delta[2], 0.003157 + -0.000108*delta[1] + 0.000003*delta[2], 0.002665 + -0.000091*delta[1] + 0.000003*delta[2], 0.002276 + -0.000078*delta[1] + 0.000002*delta[2], 0.005075 + -0.000173*delta[1] + 0.000005*delta[2], 0.004121 + -0.000141*delta[1] + 0.000004*delta[2], 0.003386 + -0.000116*delta[1] + 0.000003*delta[2], 0.002853 + -0.000097*delta[1] + 0.000003*delta[2], 0.002447 + -0.000083*delta[1] + 0.000002*delta[2]
0.010023 + -0.000260*delta[1] + -0.000008*delta[2], 0.007103 + -0.000185*delta[1] + -0.000006*delta[2], 0.005958 + -0.000155*delta[1] + -0.000005*delta[2], 0.012011 + -0.000312*delta[1] + -0.000010*delta[2], 0.011008 + -0.000286*delta[1] + -0.000009*delta[2], 0.009688 + -0.000252*delta[1] + -0.000008*delta[2], 0.008384 + -0.000218*delta[1] + -0.000007*delta[2], 0.007127 + -0.000185*delta[1] + -0.000006*delta[2], 0.005943 + -0.000154*delta[1] + -0.000005*delta[2], 0.017644 + -0.000459*delta[1] + -0.000014*delta[2], 0.012632 + -0.000328*delta[1] + -0.000010*delta[2], 0.010272 + -0.000267*delta[1] + -0.000008*delta[2], 0.008307 + -0.000216*delta[1] + -0.000007*delta[2], 0.006734 + -0.000175*delta[1] + -0.000005*delta[2], 0.018184 + -0.000473*delta[1] + -0.000015*delta[2], 0.013805 + -0.000359*delta[1] + -0.000011*delta[2], 0.010564 + -0.000275*delta[1] + -0.000009*delta[2], 0.029388 + -0.000764*delta[1] + -0.000024*delta[2], 0.020147 + -0.000524*delta[1] + -0.000016*delta[2], 0.014128 + -0.000367*delta[1] + -0.000011*delta[2], 0.010285 + -0.000267*delta[1] + -0.000008*delta[2], 0.009084 + -0.000236*delta[1] + -0.000007*delta[2], 0.008227 + -0.000214*delta[1] + -0.000007*delta[2], 0.006292 + -0.000164*delta[1] + -0.000005*delta[2], 0.017270 + -0.000449*delta[1] + -0.000014*delta[2], 0.069900 + -0.001817*delta[1] + -0.000057*delta[2], 0.044880 + -0.001166*delta[1] + -0.000036*delta[2], 0.009084 + -0.000236*delta[1] + -0.000007*delta[2], 0.037228 + -0.000968*delta[1] + -0.000030*delta[2], 0.023718 + -0.000616*delta[1] + -0.000019*delta[2], 0.015685 + -0.000408*delta[1] + -0.000013*delta[2], 0.013379 + -0.000348*delta[1] + -0.000011*delta[2], 0.011921 + -0.000310*delta[1] + -0.000010*delta[2], 0.010239 + -0.000266*delta[1] + -0.000008*delta[2], 0.008701 + -0.000226*delta[1] + -0.000007*delta[2], 0.007263 + -0.000189*delta[1] + -0.000006*delta[2], 0.136689 + -0.003552*delta[1] + -0.000111*delta[2], 0.051266 + -0.001332*delta[1] + -0.000042*delta[2], 0.026270 + -0.000683*delta[1] + -0.000021*delta[2], 0.015651 + -0.000407*delta[1] + -0.000013*delta[2], 0.010403 + -0.000270*delta[1] + -0.000008*delta[2], 0.021115 + -0.000549*delta[1] + -0.000017*delta[2], 0.013212 + -0.000343*delta[1] + -0.000011*delta[2], 0.010221 + -0.000266*delta[1] + -0.000008*delta[2], 0.008017 + -0.000208*delta[1] + -0.000007*delta[2], 0.110784 + -0.002879*delta[1] + -0.000090*delta[2], 0.047175 + -0.001226*delta[1] + -0.000038*delta[2], 0.025221 + -0.000655*delta[1] + -0.000020*delta[2], 0.015776 + -0.000410*delta[1] + -0.000013*delta[2], 0.010967 + -0.000285*delta[1] + -0.000009*delta[2]
0.006351 + -0.000181*delta[1] + -0.000002*delta[2], 0.004169 + -0.000119*delta[1] + -0.000001*delta[2], 0.003476 + -0.000099*delta[1] + -0.000001*delta[2], 0.008111 + -0.000231*delta[1] + -0.000002*delta[2], 0.006744 + -0.000192*delta[1] + -0.000002*delta[2], 0.005597 + -0.000160*delta[1] + -0.000002*delta[2], 0.004691 + -0.000134*delta[1] + -0.000001*delta[2], 0.003923 + -0.000112*delta[1] + -0.000001*delta[2], 0.003286 + -0.000094*delta[1], 0.010937 + -0.000312*delta[1] + -0.000003*delta[2], 0.006494 + -0.000185*delta[1] + -0.000002*delta[2], 0.005188 + -0.000148*delta[1] + -0.000002*delta[2], 0.004199 + -0.000120*delta[1] + -0.000001*delta[2], 0.003438 + -0.000098*delta[1] + -0.000001*delta[2], 0.006654 + -0.000190*delta[1] + -0.000002*delta[2], 0.005122 + -0.000146*delta[1] + -0.000002*delta[2], 0.004148 + -0.000118*delta[1] + -0.000001*delta[2], 0.008652 + -0.000247*delta[1] + -0.000003*delta[2], 0.006505 + -0.000186*delta[1] + -0.000002*delta[2], 0.005069 + -0.000145*delta[1] + -0.000002*delta[2], 0.004080 + -0.000116*delta[1] + -0.000001*delta[2], 0.005476 + -0.000156*delta[1] + -0.000002*delta[2], 0.004714 + -0.000135*delta[1] + -0.000001*delta[2], 0.003480 + -0.000099*delta[1] + -0.000001*delta[2], 0.009481 + -0.000271*delta[1] + -0.000003*delta[2], 0.012823 + -0.000366*delta[1] + -0.000004*delta[2], 0.009351 + -0.000267*delta[1] + -0.000003*delta[2], 0.003502 + -0.000100*delta[1] + -0.000001*delta[2], 0.008635 + -0.000246*delta[1] + -0.000003*delta[2], 0.006564 + -0.000187*delta[1] + -0.000002*delta[2], 0.005157 + -0.000147*delta[1] + -0.000002*delta[2], 0.006509 + -0.000186*delta[1] + -0.000002*delta[2], 0.005547 + -0.000158*delta[1] + -0.000002*delta[2], 0.004731 + -0.000135*delta[1] + -0.000001*delta[2], 0.004057 + -0.000116*delta[1] + -0.000001*delta[2], 0.003481 + -0.000099*delta[1] + -0.000001*delta[2], 0.011085 + -0.000316*delta[1] + -0.000003*delta[2], 0.008466 + -0.000242*delta[1] + -0.000003*delta[2], 0.006617 + -0.000189*delta[1] + -0.000002*delta[2], 0.005271 + -0.000150*delta[1] + -0.000002*delta[2], 0.004332 + -0.000124*delta[1] + -0.000001*delta[2], 0.006689 + -0.000191*delta[1] + -0.000002*delta[2], 0.004704 + -0.000134*delta[1] + -0.000001*delta[2], 0.003969 + -0.000113*delta[1] + -0.000001*delta[2], 0.003359 + -0.000096*delta[1] + -0.000001*delta[2], 0.009142 + -0.000261*delta[1] + -0.000003*delta[2], 0.007235 + -0.000206*delta[1] + -0.000002*delta[2], 0.005821 + -0.000166*delta[1] + -0.000002*delta[2], 0.004763 + -0.000136*delta[1] + -0.000001*delta[2], 0.003962 + -0.000113*delta[1] + -0.000001*delta[2]
0.002317 + -0.000109*delta[1], 0.001751 + -0.000083*delta[1], 0.001545 + -0.000073*delta[1], 0.003244 + -0.000153*delta[1], 0.002763 + -0.000130*delta[1], 0.002376 + -0.000112*delta[1], 0.002069 + -0.000098*delta[1], 0.001793 + -0.000085*delta[1], 0.001553 + -0.000073*delta[1], 0.003291 + -0.000155*delta[1], 0.002364 + -0.000112*delta[1], 0.002034 + -0.000096*delta[1], 0.001766 + -0.000083*delta[1], 0.001544 + -0.000073*delta[1], 0.002495 + -0.000118*delta[1], 0.002130 + -0.000101*delta[1], 0.001846 + -0.000087*delta[1], 0.002742 + -0.000129*delta[1], 0.002309 + -0.000109*delta[1], 0.001971 + -0.000093*delta[1], 0.001712 + -0.000081*delta[1], 0.002629 + -0.000124*delta[1], 0.002284 + -0.000108*delta[1], 0.001743 + -0.000082*delta[1], 0.003404 + -0.000161*delta[1], 0.003690 + -0.000174*delta[1], 0.002926 + -0.000138*delta[1], 0.001562 + -0.000074*delta[1], 0.002759 + -0.000130*delta[1], 0.002320 + -0.000109*delta[1], 0.001961 + -0.000093*delta[1], 0.003115 + -0.000147*delta[1], 0.002653 + -0.000125*delta[1], 0.002292 + -0.000108*delta[1], 0.001997 + -0.000094*delta[1], 0.001740 + -0.000082*delta[1], 0.003222 + -0.000152*delta[1], 0.002717 + -0.000128*delta[1], 0.002295 + -0.000108*delta[1], 0.001955 + -0.000092*delta[1], 0.001717 + -0.000081*delta[1], 0.003021 + -0.000143*delta[1], 0.002173 + -0.000103*delta[1], 0.001867 + -0.000088*delta[1], 0.001625 + -0.000077*delta[1], 0.003061 + -0.000144*delta[1], 0.002554 + -0.000121*delta[1], 0.002202 + -0.000104*delta[1], 0.001922 + -0.000091*delta[1], 0.001679 + -0.000079*delta[1]
0.003954 + -0.000221*delta[1], 0.003055 + -0.000170*delta[1], 0.002695 + -0.000150*delta[1], 0.005797 + -0.000323*delta[1] + 0.000001*delta[2], 0.005101 + -0.000285*delta[1] + 0.000001*delta[2], 0.004459 + -0.000249*delta[1] + 0.000001*delta[2], 0.003899 + -0.000218*delta[1], 0.003386 + -0.000189*delta[1], 0.002937 + -0.000164*delta[1], 0.005894 + -0.000329*delta[1] + 0.000001*delta[2], 0.004496 + -0.000251*delta[1] + 0.000001*delta[2], 0.003887 + -0.000217*delta[1], 0.003374 + -0.000188*delta[1], 0.002934 + -0.000164*delta[1], 0.004942 + -0.000276*delta[1] + 0.000001*delta[2], 0.004251 + -0.000237*delta[1] + 0.000001*delta[2], 0.003666 + -0.000204*delta[1], 0.005965 + -0.000333*delta[1] + 0.000001*delta[2], 0.005025 + -0.000280*delta[1] + 0.000001*delta[2], 0.004244 + -0.000237*delta[1] + 0.000001*delta[2], 0.003600 + -0.000201*delta[1], 0.004992 + -0.000278*delta[1] + 0.000001*delta[2], 0.004402 + -0.000246*delta[1] + 0.000001*delta[2], 0.003347 + -0.000187*delta[1], 0.006653 + -0.000371*delta[1] + 0.000002*delta[2], 0.008683 + -0.000484*delta[1] + 0.000002*delta[2], 0.007302 + -0.000407*delta[1] + 0.000002*delta[2], 0.003539 + -0.000197*delta[1], 0.006735 + -0.000376*delta[1] + 0.000002*delta[2], 0.005594 + -0.000312*delta[1] + 0.000001*delta[2], 0.004636 + -0.000259*delta[1] + 0.000001*delta[2], 0.007159 + -0.000399*delta[1] + 0.000002*delta[2], 0.006066 + -0.000338*delta[1] + 0.000001*delta[2], 0.005122 + -0.000286*delta[1] + 0.000001*delta[2], 0.004352 + -0.000243*delta[1] + 0.000001*delta[2], 0.003692 + -0.000206*delta[1], 0.010910 + -0.000609*delta[1] + 0.000003*delta[2], 0.008506 + -0.000474*delta[1] + 0.000002*delta[2], 0.006711 + -0.000374*delta[1] + 0.000002*delta[2], 0.005372 + -0.000300*delta[1] + 0.000001*delta[2], 0.004335 + -0.000242*delta[1] + 0.000001*delta[2], 0.008783 + -0.000490*delta[1] + 0.000002*delta[2], 0.005614 + -0.000313*delta[1] + 0.000001*delta[2], 0.004559 + -0.000254*delta[1] + 0.000001*delta[2], 0.003773 + -0.000210*delta[1], 0.012870 + -0.000718*delta[1] + 0.000003*delta[2], 0.009530 + -0.000532*delta[1] + 0.000002*delta[2], 0.007228 + -0.000403*delta[1] + 0.000002*delta[2], 0.005609 + -0.000313*delta[1] + 0.000001*delta[2], 0.004442 + -0.000248*delta[1] + 0.000001*delta[2]
0.009722 + -0.000327*delta[1] + 0.000025*delta[2], 0.007195 + -0.000242*delta[1] + 0.000019*delta[2], 0.006122 + -0.000206*delta[1] + 0.000016*delta[2], 0.012718 + -0.000428*delta[1] + 0.000033*delta[2], 0.011871 + -0.000400*delta[1] + 0.000031*delta[2], 0.010576 + -0.000356*delta[1] + 0.000028*delta[2], 0.009226 + -0.000311*delta[1] + 0.000024*delta[2], 0.007857 + -0.000265*delta[1] + 0.000020*delta[2], 0.006562 + -0.000221*delta[1] + 0.000017*delta[2], 0.016153 + -0.000544*delta[1] + 0.000042*delta[2], 0.012563 + -0.000423*delta[1] + 0.000033*delta[2], 0.010472 + -0.000353*delta[1] + 0.000027*delta[2], 0.008638 + -0.000291*delta[1] + 0.000023*delta[2], 0.007078 + -0.000238*delta[1] + 0.000018*delta[2], 0.015890 + -0.000535*delta[1] + 0.000041*delta[2], 0.012909 + -0.000435*delta[1] + 0.000034*delta[2], 0.010358 + -0.000349*delta[1] + 0.000027*delta[2], 0.022079 + -0.000743*delta[1] + 0.000058*delta[2], 0.017305 + -0.000583*delta[1] + 0.000045*delta[2], 0.013260 + -0.000446*delta[1] + 0.000035*delta[2], 0.010204 + -0.000344*delta[1] + 0.000027*delta[2], 0.010416 + -0.000351*delta[1] + 0.000027*delta[2], 0.009495 + -0.000320*delta[1] + 0.000025*delta[2], 0.007224 + -0.000243*delta[1] + 0.000019*delta[2], 0.017926 + -0.000604*delta[1] + 0.000047*delta[2], 0.041512 + -0.001398*delta[1] + 0.000108*delta[2], 0.034661 + -0.001167*delta[1] + 0.000090*delta[2], 0.009947 + -0.000335*delta[1] + 0.000026*delta[2], 0.027825 + -0.000937*delta[1] + 0.000073*delta[2], 0.020921 + -0.000704*delta[1] + 0.000055*delta[2], 0.015288 + -0.000515*delta[1] + 0.000040*delta[2], 0.016727 + -0.000563*delta[1] + 0.000044*delta[2], 0.014953 + -0.000503*delta[1] + 0.000039*delta[2], 0.012720 + -0.000428*delta[1] + 0.000033*delta[2], 0.010633 + -0.000358*delta[1] + 0.000028*delta[2], 0.008701 + -0.000293*delta[1] + 0.000023*delta[2], 0.095074 + -0.003201*delta[1] + 0.000248*delta[2], 0.055979 + -0.001885*delta[1] + 0.000146*delta[2], 0.032910 + -0.001108*delta[1] + 0.000086*delta[2], 0.020624 + -0.000694*delta[1] + 0.000054*delta[2], 0.013657 + -0.000460*delta[1] + 0.000036*delta[2], 0.031152 + -0.001049*delta[1] + 0.000081*delta[2], 0.017659 + -0.000595*delta[1] + 0.000046*delta[2], 0.013020 + -0.000438*delta[1] + 0.000034*delta[2], 0.009802 + -0.000330*delta[1] + 0.000026*delta[2], 0.237035 + -0.007980*delta[1] + 0.000618*delta[2], 0.071465 + -0.002406*delta[1] + 0.000186*delta[2], 0.032499 + -0.001094*delta[1] + 0.000085*delta[2], 0.018360 + -0.000618*delta[1] + 0.000048*delta[2], 0.011846 + -0.000399*delta[1] + 0.000031*delta[2]
0.013114 + -0.000398*delta[1] + 0.000014*delta[2], 0.008557 + -0.000260*delta[1] + 0.000009*delta[2], 0.006960 + -0.000211*delta[1] + 0.000007*delta[2], 0.016600 + -0.000504*delta[1] + 0.000018*delta[2], 0.014814 + -0.000450*delta[1] + 0.000016*delta[2], 0.012571 + -0.000382*delta[1] + 0.000013*delta[2], 0.010474 + -0.000318*delta[1] + 0.000011*delta[2], 0.008594 + -0.000261*delta[1] + 0.000009*delta[2], 0.006942 + -0.000211*delta[1] + 0.000007*delta[2], 0.026540 + -0.000806*delta[1] + 0.000028*delta[2], 0.016742 + -0.000508*delta[1] + 0.000018*delta[2], 0.012843 + -0.000390*delta[1] + 0.000014*delta[2], 0.009908 + -0.000301*delta[1] + 0.000011*delta[2], 0.007723 + -0.000235*delta[1] + 0.000008*delta[2], 0.023622 + -0.000717*delta[1] + 0.000025*delta[2], 0.016749 + -0.000509*delta[1] + 0.000018*delta[2], 0.012187 + -0.000370*delta[1] + 0.000013*delta[2], 0.033479 + -0.001017*delta[1] + 0.000036*delta[2], 0.022308 + -0.000677*delta[1] + 0.000024*delta[2], 0.015285 + -0.000464*delta[1] + 0.000016*delta[2], 0.010952 + -0.000333*delta[1] + 0.000012*delta[2], 0.011644 + -0.000354*delta[1] + 0.000012*delta[2], 0.010281 + -0.000312*delta[1] + 0.000011*delta[2], 0.007453 + -0.000226*delta[1] + 0.000008*delta[2], 0.025625 + -0.000778*delta[1] + 0.000027*delta[2], 0.107878 + -0.003276*delta[1] + 0.000115*delta[2], 0.059076 + -0.001794*delta[1] + 0.000063*delta[2], 0.009335 + -0.000284*delta[1] + 0.000010*delta[2], 0.037792 + -0.001148*delta[1] + 0.000040*delta[2], 0.024296 + -0.000738*delta[1] + 0.000026*delta[2], 0.016141 + -0.000490*delta[1] + 0.000017*delta[2], 0.017539 + -0.000533*delta[1] + 0.000019*delta[2], 0.015181 + -0.000461*delta[1] + 0.000016*delta[2], 0.012610 + -0.000383*delta[1] + 0.000013*delta[2], 0.010379 + -0.000315*delta[1] + 0.000011*delta[2], 0.008403 + -0.000255*delta[1] + 0.000009*delta[2], 0.129362 + -0.003929*delta[1] + 0.000138*delta[2], 0.056265 + -0.001709*delta[1] + 0.000060*delta[2], 0.029621 + -0.000900*delta[1] + 0.000032*delta[2], 0.017816 + -0.000541*delta[1] + 0.000019*delta[2], 0.012002 + -0.000364*delta[1] + 0.000013*delta[2], 0.027285 + -0.000829*delta[1] + 0.000029*delta[2], 0.015556 + -0.000472*delta[1] + 0.000017*delta[2], 0.011647 + -0.000354*delta[1] + 0.000012*delta[2], 0.008870 + -0.000269*delta[1] + 0.000009*delta[2], 0.106639 + -0.003239*delta[1] + 0.000113*delta[2], 0.049238 + -0.001495*delta[1] + 0.000052*delta[2], 0.027176 + -0.000825*delta[1] + 0.000029*delta[2], 0.017028 + -0.000517*delta[1] + 0.000018*delta[2], 0.011614 + -0.000353*delta[1] + 0.000012*delta[2]
0.014103 + -0.000646*delta[1] + -0.000021*delta[2], 0.008983 + -0.000411*delta[1] + -0.000014*delta[2], 0.007248 + -0.000332*delta[1] + -0.000011*delta[2], 0.017362 + -0.000795*delta[1] + -0.000026*delta[2], 0.015460 + -0.000708*delta[1] + -0.000024*delta[2], 0.013069 + -0.000598*delta[1] + -0.000020*delta[2], 0.010834 + -0.000496*delta[1] + -0.000017*delta[2], 0.008845 + -0.000405*delta[1] + -0.000013*delta[2], 0.007116 + -0.000326*delta[1] + -0.000011*delta[2], 0.029634 + -0.001357*delta[1] + -0.000045*delta[2], 0.017981 + -0.000823*delta[1] + -0.000027*delta[2], 0.013576 + -0.000622*delta[1] + -0.000021*delta[2], 0.010339 + -0.000473*delta[1] + -0.000016*delta[2], 0.007977 + -0.000365*delta[1] + -0.000012*delta[2], 0.026168 + -0.001198*delta[1] + -0.000040*delta[2], 0.017934 + -0.000821*delta[1] + -0.000027*delta[2], 0.012771 + -0.000585*delta[1] + -0.000019*delta[2], 0.037069 + -0.001697*delta[1] + -0.000056*delta[2], 0.023849 + -0.001092*delta[1] + -0.000036*delta[2], 0.015995 + -0.000732*delta[1] + -0.000024*delta[2], 0.011287 + -0.000517*delta[1] + -0.000017*delta[2], 0.011864 + -0.000543*delta[1] + -0.000018*delta[2], 0.010467 + -0.000479*delta[1] + -0.000016*delta[2], 0.007570 + -0.000347*delta[1] + -0.000012*delta[2], 0.027331 + -0.001251*delta[1] + -0.000042*delta[2], 0.138752 + -0.006352*delta[1] + -0.000211*delta[2], 0.066281 + -0.003034*delta[1] + -0.000101*delta[2], 0.009282 + -0.000425*delta[1] + -0.000014*delta[2], 0.040445 + -0.001852*delta[1] + -0.000062*delta[2], 0.025388 + -0.001162*delta[1] + -0.000039*delta[2], 0.016596 + -0.000760*delta[1] + -0.000025*delta[2], 0.017487 + -0.000801*delta[1] + -0.000027*delta[2], 0.015185 + -0.000695*delta[1] + -0.000023*delta[2], 0.012646 + -0.000579*delta[1] + -0.000019*delta[2], 0.010428 + -0.000477*delta[1] + -0.000016*delta[2], 0.008456 + -0.000387*delta[1] + -0.000013*delta[2], 0.127494 + -0.005837*delta[1] + -0.000194*delta[2], 0.057057 + -0.002612*delta[1] + -0.000087*delta[2], 0.030373 + -0.001391*delta[1] + -0.000046*delta[2], 0.018323 + -0.000839*delta[1] + -0.000028*delta[2], 0.012362 + -0.000566*delta[1] + -0.000019*delta[2], 0.026350 + -0.001206*delta[1] + -0.000040*delta[2], 0.015380 + -0.000704*delta[1] + -0.000023*delta[2], 0.011598 + -0.000531*delta[1] + -0.000018*delta[2], 0.008872 + -0.000406*delta[1] + -0.000014*delta[2], 0.091760 + -0.004201*delta[1] + -0.000140*delta[2], 0.047006 + -0.002152*delta[1] + -0.000072*delta[2], 0.027158 + -0.001243*delta[1] + -0.000041*delta[2], 0.017335 + -0.000794*delta[1] + -0.000026*delta[2], 0.011895 + -0.000545*delta[1] + -0.000018*delta[2]
0.006863 + -0.000201*delta[1] + 0.000010*delta[2], 0.004371 + -0.000128*delta[1] + 0.000006*delta[2], 0.003607 + -0.000106*delta[1] + 0.000005*delta[2], 0.008820 + -0.000258*delta[1] + 0.000013*delta[2], 0.007255 + -0.000212*delta[1] + 0.000011*delta[2], 0.005966 + -0.000175*delta[1] + 0.000009*delta[2], 0.004952 + -0.000145*delta[1] + 0.000007*delta[2], 0.004110 + -0.000120*delta[1] + 0.000006*delta[2], 0.003427 + -0.000100*delta[1] + 0.000005*delta[2], 0.011877 + -0.000348*delta[1] + 0.000018*delta[2], 0.006815 + -0.000199*delta[1] + 0.000010*delta[2], 0.005402 + -0.000158*delta[1] + 0.000008*delta[2], 0.004315 + -0.000126*delta[1] + 0.000006*delta[2], 0.003519 + -0.000103*delta[1] + 0.000005*delta[2], 0.006981 + -0.000204*delta[1] + 0.000010*delta[2], 0.005374 + -0.000157*delta[1] + 0.000008*delta[2], 0.004262 + -0.000125*delta[1] + 0.000006*delta[2], 0.008751 + -0.000256*delta[1] + 0.000013*delta[2], 0.006735 + -0.000197*delta[1] + 0.000010*delta[2], 0.005319 + -0.000156*delta[1] + 0.000008*delta[2], 0.004290 + -0.000126*delta[1] + 0.000006*delta[2], 0.005779 + -0.000169*delta[1] + 0.000009*delta[2], 0.004946 + -0.000145*delta[1] + 0.000007*delta[2], 0.003618 + -0.000106*delta[1] + 0.000005*delta[2], 0.010010 + -0.000293*delta[1] + 0.000015*delta[2], 0.012928 + -0.000378*delta[1] + 0.000019*delta[2], 0.009540 + -0.000279*delta[1] + 0.000014*delta[2], 0.003683 + -0.000108*delta[1] + 0.000005*delta[2], 0.008175 + -0.000239*delta[1] + 0.000012*delta[2], 0.006411 + -0.000188*delta[1] + 0.000009*delta[2], 0.005137 + -0.000150*delta[1] + 0.000008*delta[2], 0.006590 + -0.000193*delta[1] + 0.000010*delta[2], 0.005625 + -0.000165*delta[1] + 0.000008*delta[2], 0.004803 + -0.000141*delta[1] + 0.000007*delta[2], 0.004120 + -0.000121*delta[1] + 0.000006*delta[2], 0.003536 + -0.000103*delta[1] + 0.000005*delta[2], 0.009691 + -0.000284*delta[1] + 0.000014*delta[2], 0.007728 + -0.000226*delta[1] + 0.000011*delta[2], 0.006225 + -0.000182*delta[1] + 0.000009*delta[2], 0.005057 + -0.000148*delta[1] + 0.000007*delta[2], 0.004213 + -0.000123*delta[1] + 0.000006*delta[2], 0.006451 + -0.000189*delta[1] + 0.000010*delta[2], 0.004623 + -0.000135*delta[1] + 0.000007*delta[2], 0.003934 + -0.000115*delta[1] + 0.000006*delta[2], 0.003351 + -0.000098*delta[1] + 0.000005*delta[2], 0.008021 + -0.000235*delta[1] + 0.000012*delta[2], 0.006555 + -0.000192*delta[1] + 0.000010*delta[2], 0.005423 + -0.000159*delta[1] + 0.000008*delta[2], 0.004519 + -0.000132*delta[1] + 0.000007*delta[2], 0.003801 + -0.000111*delta[1] + 0.000006*delta[2]
0.013005 + -0.000590*delta[1] + 0.000027*delta[2], 0.008504 + -0.000386*delta[1] + 0.000017*delta[2], 0.006921 + -0.000314*delta[1] + 0.000014*delta[2], 0.017115 + -0.000777*delta[1] + 0.000035*delta[2], 0.015198 + -0.000690*delta[1] + 0.000031*delta[2], 0.012828 + -0.000582*delta[1] + 0.000026*delta[2], 0.010642 + -0.000483*delta[1] + 0.000022*delta[2], 0.008693 + -0.000395*delta[1] + 0.000018*delta[2], 0.007005 + -0.000318*delta[1] + 0.000014*delta[2], 0.026335 + -0.001195*delta[1] + 0.000054*delta[2], 0.016634 + -0.000755*delta[1] + 0.000034*delta[2], 0.012765 + -0.000579*delta[1] + 0.000026*delta[2], 0.009857 + -0.000447*delta[1] + 0.000020*delta[2], 0.007689 + -0.000349*delta[1] + 0.000016*delta[2], 0.022620 + -0.001027*delta[1] + 0.000046*delta[2], 0.016252 + -0.000738*delta[1] + 0.000033*delta[2], 0.011936 + -0.000542*delta[1] + 0.000024*delta[2], 0.030802 + -0.001398*delta[1] + 0.000063*delta[2], 0.021138 + -0.000960*delta[1] + 0.000043*delta[2], 0.014780 + -0.000671*delta[1] + 0.000030*delta[2], 0.010728 + -0.000487*delta[1] + 0.000022*delta[2], 0.012075 + -0.000548*delta[1] + 0.000025*delta[2], 0.010603 + -0.000481*delta[1] + 0.000022*delta[2], 0.007605 + -0.000345*delta[1] + 0.000016*delta[2], 0.026369 + -0.001197*delta[1] + 0.000054*delta[2], 0.091916 + -0.004172*delta[1] + 0.000187*delta[2], 0.054429 + -0.002471*delta[1] + 0.000111*delta[2], 0.009372 + -0.000425*delta[1] + 0.000019*delta[2], 0.034732 + -0.001577*delta[1] + 0.000071*delta[2], 0.023081 + -0.001048*delta[1] + 0.000047*delta[2], 0.015631 + -0.000710*delta[1] + 0.000032*delta[2], 0.018618 + -0.000845*delta[1] + 0.000038*delta[2], 0.015952 + -0.000724*delta[1] + 0.000033*delta[2], 0.013119 + -0.000596*delta[1] + 0.000027*delta[2], 0.010700 + -0.000486*delta[1] + 0.000022*delta[2], 0.008594 + -0.000390*delta[1] + 0.000018*delta[2], 0.116687 + -0.005297*delta[1] + 0.000238*delta[2], 0.054129 + -0.002457*delta[1] + 0.000110*delta[2], 0.029397 + -0.001334*delta[1] + 0.000060*delta[2], 0.017831 + -0.000809*delta[1] + 0.000036*delta[2], 0.012008 + -0.000545*delta[1] + 0.000024*delta[2], 0.029548 + -0.001341*delta[1] + 0.000060*delta[2], 0.016171 + -0.000734*delta[1] + 0.000033*delta[2], 0.011940 + -0.000542*delta[1] + 0.000024*delta[2], 0.009014 + -0.000409*delta[1] + 0.000018*delta[2], 0.112440 + -0.005104*delta[1] + 0.000229*delta[2], 0.049785 + -0.002260*delta[1] + 0.000102*delta[2], 0.027002 + -0.001226*delta[1] + 0.000055*delta[2], 0.016837 + -0.000764*delta[1] + 0.000034*delta[2], 0.011431 + -0.000519*delta[1] + 0.000023*delta[2]
0.009373 + -0.000208*delta[1] + -0.000006*delta[2], 0.006992 + -0.000156*delta[1] + -0.000005*delta[2], 0.005971 + -0.000133*delta[1] + -0.000004*delta[2], 0.012899 + -0.000287*delta[1] + -0.000008*delta[2], 0.011998 + -0.000267*delta[1] + -0.000008*delta[2], 0.010652 + -0.000237*delta[1] + -0.000007*delta[2], 0.009268 + -0.000206*delta[1] + -0.000006*delta[2], 0.007874 + -0.000175*delta[1] + -0.000005*delta[2], 0.006567 + -0.000146*delta[1] + -0.000004*delta[2], 0.015376 + -0.000342*delta[1] + -0.000010*delta[2], 0.012061 + -0.000268*delta[1] + -0.000008*delta[2], 0.010106 + -0.000225*delta[1] + -0.000007*delta[2], 0.008380 + -0.000186*delta[1] + -0.000005*delta[2], 0.006902 + -0.000154*delta[1] + -0.000004*delta[2], 0.014426 + -0.000321*delta[1] + -0.000009*delta[2], 0.011920 + -0.000265*delta[1] + -0.000008*delta[2], 0.009716 + -0.000216*delta[1] + -0.000006*delta[2], 0.018816 + -0.000419*delta[1] + -0.000012*delta[2], 0.015230 + -0.000339*delta[1] + -0.000010*delta[2], 0.012024 + -0.000267*delta[1] + -0.000008*delta[2], 0.009456 + -0.000210*delta[1] + -0.000006*delta[2], 0.010818 + -0.000241*delta[1] + -0.000007*delta[2], 0.009810 + -0.000218*delta[1] + -0.000006*delta[2], 0.007380 + -0.000164*delta[1] + -0.000005*delta[2], 0.017815 + -0.000396*delta[1] + -0.000012*delta[2], 0.033505 + -0.000745*delta[1] + -0.000022*delta[2], 0.029039 + -0.000646*delta[1] + -0.000019*delta[2], 0.009480 + -0.000211*delta[1] + -0.000006*delta[2], 0.023111 + -0.000514*delta[1] + -0.000015*delta[2], 0.018152 + -0.000404*delta[1] + -0.000012*delta[2], 0.013763 + -0.000306*delta[1] + -0.000009*delta[2], 0.017942 + -0.000399*delta[1] + -0.000012*delta[2], 0.015869 + -0.000353*delta[1] + -0.000010*delta[2], 0.013334 + -0.000297*delta[1] + -0.000009*delta[2], 0.011024 + -0.000245*delta[1] + -0.000007*delta[2], 0.008929 + -0.000199*delta[1] + -0.000006*delta[2], 0.067618 + -0.001504*delta[1] + -0.000044*delta[2], 0.045182 + -0.001005*delta[1] + -0.000029*delta[2], 0.029032 + -0.000646*delta[1] + -0.000019*delta[2], 0.019196 + -0.000427*delta[1] + -0.000012*delta[2], 0.013175 + -0.000293*delta[1] + -0.000009*delta[2], 0.034456 + -0.000766*delta[1] + -0.000022*delta[2], 0.018474 + -0.000411*delta[1] + -0.000012*delta[2], 0.013366 + -0.000297*delta[1] + -0.000009*delta[2], 0.009956 + -0.000221*delta[1] + -0.000006*delta[2], 0.179964 + -0.004003*delta[1] + -0.000117*delta[2], 0.069971 + -0.001556*delta[1] + -0.000045*delta[2], 0.034013 + -0.000757*delta[1] + -0.000022*delta[2], 0.019493 + -0.000434*delta[1] + -0.000013*delta[2], 0.012395 + -0.000276*delta[1] + -0.000008*delta[2]
0.012130 + -0.000612*delta[1] + -0.000014*delta[2], 0.008109 + -0.000409*delta[1] + -0.000009*delta[2], 0.006646 + -0.000335*delta[1] + -0.000008*delta[2], 0.016811 + -0.000848*delta[1] + -0.000019*delta[2], 0.014906 + -0.000752*delta[1] + -0.000017*delta[2], 0.012576 + -0.000635*delta[1] + -0.000014*delta[2], 0.010448 + -0.000527*delta[1] + -0.000012*delta[2], 0.008544 + -0.000431*delta[1] + -0.000010*delta[2], 0.006898 + -0.000348*delta[1] + -0.000008*delta[2], 0.023755 + -0.001199*delta[1] + -0.000027*delta[2], 0.015513 + -0.000783*delta[1] + -0.000018*delta[2], 0.012072 + -0.000609*delta[1] + -0.000014*delta[2], 0.009430 + -0.000476*delta[1] + -0.000011*delta[2], 0.007434 + -0.000375*delta[1] + -0.000008*delta[2], 0.019965 + -0.001007*delta[1] + -0.000023*delta[2], 0.014859 + -0.000750*delta[1] + -0.000017*delta[2], 0.011194 + -0.000565*delta[1] + -0.000013*delta[2], 0.026222 + -0.001323*delta[1] + -0.000030*delta[2], 0.018884 + -0.000953*delta[1] + -0.000021*delta[2], 0.013670 + -0.000690*delta[1] + -0.000016*delta[2], 0.010146 + -0.000512*delta[1] + -0.000012*delta[2], 0.012218 + -0.000617*delta[1] + -0.000014*delta[2], 0.010691 + -0.000539*delta[1] + -0.000012*delta[2], 0.007620 + -0.000385*delta[1] + -0.000009*delta[2], 0.025296 + -0.001276*delta[1] + -0.000029*delta[2], 0.067109 + -0.003386*delta[1] + -0.000076*delta[2], 0.045031 + -0.002272*delta[1] + -0.000051*delta[2], 0.009274 + -0.000468*delta[1] + -0.000011*delta[2], 0.030018 + -0.001515*delta[1] + -0.000034*delta[2], 0.020925 + -0.001056*delta[1] + -0.000024*delta[2], 0.014654 + -0.000739*delta[1] + -0.000017*delta[2], 0.019544 + -0.000986*delta[1] + -0.000022*delta[2], 0.016558 + -0.000836*delta[1] + -0.000019*delta[2], 0.013476 + -0.000680*delta[1] + -0.000015*delta[2], 0.010897 + -0.000550*delta[1] + -0.000012*delta[2], 0.008687 + -0.000438*delta[1] + -0.000010*delta[2], 0.098171 + -0.004954*delta[1] + -0.000112*delta[2], 0.049784 + -0.002512*delta[1] + -0.000057*delta[2], 0.028226 + -0.001424*delta[1] + -0.000032*delta[2], 0.017483 + -0.000882*delta[1] + -0.000020*delta[2], 0.011832 + -0.000597*delta[1] + -0.000013*delta[2], 0.032312 + -0.001631*delta[1] + -0.000037*delta[2], 0.016729 + -0.000844*delta[1] + -0.000019*delta[2], 0.012155 + -0.000613*delta[1] + -0.000014*delta[2], 0.009087 + -0.000459*delta[1] + -0.000010*delta[2], 0.120897 + -0.006101*delta[1] + -0.000138*delta[2], 0.048566 + -0.002451*delta[1] + -0.000055*delta[2], 0.025919 + -0.001308*delta[1] + -0.000029*delta[2], 0.016044 + -0.000810*delta[1] + -0.000018*delta[2], 0.010822 + -0.000546*delta[1] + -0.000012*delta[2]
0.013820 + -0.000491*delta[1], 0.008848 + -0.000314*delta[1], 0.007151 + -0.000254*delta[1], 0.018895 + -0.000671*delta[1], 0.016592 + -0.000589*delta[1], 0.013810 + -0.000490*delta[1], 0.011313 + -0.000402*delta[1], 0.009122 + -0.000324*delta[1], 0.007289 + -0.000259*delta[1], 0.029127 + -0.001034*delta[1] + -0.000002*delta[2], 0.017716 + -0.000629*delta[1], 0.013387 + -0.000475*delta[1], 0.010214 + -0.000363*delta[1], 0.007896 + -0.000280*delta[1], 0.023386 + -0.000830*delta[1] + -0.000001*delta[2], 0.016661 + -0.000592*delta[1], 0.012158 + -0.000432*delta[1], 0.030005 + -0.001066*delta[1] + -0.000002*delta[2], 0.020859 + -0.000741*delta[1] + -0.000001*delta[2], 0.014700 + -0.000522*delta[1], 0.010719 + -0.000381*delta[1], 0.013073 + -0.000464*delta[1], 0.011362 + -0.000403*delta[1], 0.007984 + -0.000284*delta[1], 0.029686 + -0.001054*delta[1] + -0.000002*delta[2], 0.089974 + -0.003195*delta[1] + -0.000005*delta[2], 0.054271 + -0.001927*delta[1] + -0.000003*delta[2], 0.009441 + -0.000335*delta[1], 0.032867 + -0.001167*delta[1] + -0.000002*delta[2], 0.022351 + -0.000794*delta[1] + -0.000001*delta[2], 0.015365 + -0.000546*delta[1], 0.020498 + -0.000728*delta[1] + -0.000001*delta[2], 0.017316 + -0.000615*delta[1], 0.014032 + -0.000498*delta[1], 0.011297 + -0.000401*delta[1], 0.008968 + -0.000318*delta[1], 0.101942 + -0.003620*delta[1] + -0.000005*delta[2], 0.051682 + -0.001835*delta[1] + -0.000003*delta[2], 0.029230 + -0.001038*delta[1] + -0.000002*delta[2], 0.018060 + -0.000641*delta[1], 0.012250 + -0.000435*delta[1], 0.032478 + -0.001153*delta[1] + -0.000002*delta[2], 0.017006 + -0.000604*delta[1], 0.012385 + -0.000440*delta[1], 0.009255 + -0.000329*delta[1], 0.106298 + -0.003775*delta[1] + -0.000006*delta[2], 0.049381 + -0.001754*delta[1] + -0.000003*delta[2], 0.027324 + -0.000970*delta[1] + -0.000001*delta[2], 0.017096 + -0.000607*delta[1], 0.011578 + -0.000411*delta[1]
0.017011 + -0.000594*delta[1] + 0.000034*delta[2], 0.010093 + -0.000352*delta[1] + 0.000020*delta[2], 0.007936 + -0.000277*delta[1] + 0.000016*delta[2], 0.022551 + -0.000787*delta[1] + 0.000045*delta[2], 0.019491 + -0.000680*delta[1] + 0.000039*delta[2], 0.015869 + -0.000554*delta[1] + 0.000032*delta[2], 0.012702 + -0.000443*delta[1] + 0.000025*delta[2], 0.010030 + -0.000350*delta[1] + 0.000020*delta[2], 0.007868 + -0.000275*delta[1] + 0.000016*delta[2], 0.041141 + -0.001436*delta[1] + 0.000082*delta[2], 0.021697 + -0.000757*delta[1] + 0.000043*delta[2], 0.015552 + -0.000543*delta[1] + 0.000031*delta[2], 0.011396 + -0.000398*delta[1] + 0.000023*delta[2], 0.008565 + -0.000299*delta[1] + 0.000017*delta[2], 0.029514 + -0.001030*delta[1] + 0.000059*delta[2], 0.019443 + -0.000679*delta[1] + 0.000039*delta[2], 0.013490 + -0.000471*delta[1] + 0.000027*delta[2], 0.035188 + -0.001228*delta[1] + 0.000070*delta[2], 0.023461 + -0.000819*delta[1] + 0.000047*delta[2], 0.016011 + -0.000559*delta[1] + 0.000032*delta[2], 0.011440 + -0.000399*delta[1] + 0.000023*delta[2], 0.014371 + -0.000502*delta[1] + 0.000029*delta[2], 0.012373 + -0.000432*delta[1] + 0.000025*delta[2], 0.008521 + -0.000297*delta[1] + 0.000017*delta[2], 0.037896 + -0.001323*delta[1] + 0.000076*delta[2], 0.131154 + -0.004578*delta[1] + 0.000262*delta[2], 0.066893 + -0.002335*delta[1] + 0.000134*delta[2], 0.009551 + -0.000333*delta[1] + 0.000019*delta[2], 0.035128 + -0.001226*delta[1] + 0.000070*delta[2], 0.023571 + -0.000823*delta[1] + 0.000047*delta[2], 0.016049 + -0.000560*delta[1] + 0.000032*delta[2], 0.021526 + -0.000751*delta[1] + 0.000043*delta[2], 0.018174 + -0.000634*delta[1] + 0.000036*delta[2], 0.014687 + -0.000513*delta[1] + 0.000029*delta[2], 0.011780 + -0.000411*delta[1] + 0.000024*delta[2], 0.009320 + -0.000325*delta[1] + 0.000019*delta[2], 0.086652 + -0.003024*delta[1] + 0.000173*delta[2], 0.049152 + -0.001716*delta[1] + 0.000098*delta[2], 0.029342 + -0.001024*delta[1] + 0.000059*delta[2], 0.018633 + -0.000650*delta[1] + 0.000037*delta[2], 0.012847 + -0.000448*delta[1] + 0.000026*delta[2], 0.031199 + -0.001089*delta[1] + 0.000062*delta[2], 0.017014 + -0.000594*delta[1] + 0.000034*delta[2], 0.012532 + -0.000437*delta[1] + 0.000025*delta[2], 0.009410 + -0.000328*delta[1] + 0.000019*delta[2], 0.073182 + -0.002554*delta[1] + 0.000146*delta[2], 0.042699 + -0.001490*delta[1] + 0.000085*delta[2], 0.026232 + -0.000916*delta[1] + 0.000052*delta[2], 0.017310 + -0.000604*delta[1] + 0.000035*delta[2], 0.012043 + -0.000420*delta[1] + 0.000024*delta[2]
0.001417 + -0.000059*delta[1], 0.001120 + -0.000047*delta[1], 0.001007 + -0.000042*delta[1], 0.001912 + -0.000080*delta[1] + 0.000001*delta[2], 0.001663 + -0.000069*delta[1] + 0.000001*delta[2], 0.001464 + -0.000061*delta[1], 0.001303 + -0.000054*delta[1], 0.001145 + -0.000048*delta[1], 0.001013 + -0.000042*delta[1], 0.001859 + -0.000077*delta[1] + 0.000001*delta[2], 0.001422 + -0.000059*delta[1], 0.001254 + -0.000052*delta[1], 0.001118 + -0.000047*delta[1], 0.001000 + -0.000042*delta[1], 0.001482 + -0.000062*delta[1], 0.001308 + -0.000054*delta[1], 0.001162 + -0.000048*delta[1], 0.001593 + -0.000066*delta[1] + 0.000001*delta[2], 0.001395 + -0.000058*delta[1], 0.001230 + -0.000051*delta[1], 0.001097 + -0.000046*delta[1], 0.001657 + -0.000069*delta[1] + 0.000001*delta[2], 0.001457 + -0.000061*delta[1], 0.001141 + -0.000047*delta[1], 0.001956 + -0.000081*delta[1] + 0.000001*delta[2], 0.002020 + -0.000084*delta[1] + 0.000001*delta[2], 0.001701 + -0.000071*delta[1] + 0.000001*delta[2], 0.001031 + -0.000043*delta[1], 0.001599 + -0.000067*delta[1] + 0.000001*delta[2], 0.001398 + -0.000058*delta[1], 0.001225 + -0.000051*delta[1], 0.001834 + -0.000076*delta[1] + 0.000001*delta[2], 0.001598 + -0.000067*delta[1] + 0.000001*delta[2], 0.001415 + -0.000059*delta[1], 0.001256 + -0.000052*delta[1], 0.001112 + -0.000046*delta[1], 0.001857 + -0.000077*delta[1] + 0.000001*delta[2], 0.001626 + -0.000068*delta[1] + 0.000001*delta[2], 0.001426 + -0.000059*delta[1], 0.001252 + -0.000052*delta[1], 0.001117 + -0.000046*delta[1], 0.001685 + -0.000070*delta[1] + 0.000001*delta[2], 0.001290 + -0.000054*delta[1], 0.001141 + -0.000047*delta[1], 0.001014 + -0.000042*delta[1], 0.001808 + -0.000075*delta[1] + 0.000001*delta[2], 0.001552 + -0.000065*delta[1], 0.001373 + -0.000057*delta[1], 0.001217 + -0.000051*delta[1], 0.001070 + -0.000045*delta[1]
0.002001 + -0.000078*delta[1] + -0.000003*delta[2], 0.001526 + -0.000060*delta[1] + -0.000002*delta[2], 0.001350 + -0.000053*delta[1] + -0.000002*delta[2], 0.002853 + -0.000112*delta[1] + -0.000004*delta[2], 0.002410 + -0.000094*delta[1] + -0.000003*delta[2], 0.002074 + -0.000081*delta[1] + -0.000003*delta[2], 0.001811 + -0.000071*delta[1] + -0.000002*delta[2], 0.001563 + -0.000061*delta[1] + -0.000002*delta[2], 0.001357 + -0.000053*delta[1] + -0.000002*delta[2], 0.002749 + -0.000108*delta[1] + -0.000004*delta[2], 0.001996 + -0.000078*delta[1] + -0.000003*delta[2], 0.001728 + -0.000068*delta[1] + -0.000002*delta[2], 0.001515 + -0.000059*delta[1] + -0.000002*delta[2], 0.001332 + -0.000052*delta[1] + -0.000002*delta[2], 0.002098 + -0.000082*delta[1] + -0.000003*delta[2], 0.001818 + -0.000071*delta[1] + -0.000002*delta[2], 0.001586 + -0.000062*delta[1] + -0.000002*delta[2], 0.002279 + -0.000089*delta[1] + -0.000003*delta[2], 0.001958 + -0.000077*delta[1] + -0.000003*delta[2], 0.001698 + -0.000067*delta[1] + -0.000002*delta[2], 0.001491 + -0.000058*delta[1] + -0.000002*delta[2], 0.002383 + -0.000093*delta[1] + -0.000003*delta[2], 0.002059 + -0.000081*delta[1] + -0.000003*delta[2], 0.001556 + -0.000061*delta[1] + -0.000002*delta[2], 0.002899 + -0.000114*delta[1] + -0.000004*delta[2], 0.003001 + -0.000118*delta[1] + -0.000004*delta[2], 0.002462 + -0.000096*delta[1] + -0.000003*delta[2], 0.001383 + -0.000054*delta[1] + -0.000002*delta[2], 0.002280 + -0.000089*delta[1] + -0.000003*delta[2], 0.001956 + -0.000077*delta[1] + -0.000003*delta[2], 0.001686 + -0.000066*delta[1] + -0.000002*delta[2], 0.002699 + -0.000106*delta[1] + -0.000004*delta[2], 0.002292 + -0.000090*delta[1] + -0.000003*delta[2], 0.001990 + -0.000078*delta[1] + -0.000003*delta[2], 0.001737 + -0.000068*delta[1] + -0.000002*delta[2], 0.001513 + -0.000059*delta[1] + -0.000002*delta[2], 0.002752 + -0.000108*delta[1] + -0.000004*delta[2], 0.002351 + -0.000092*delta[1] + -0.000003*delta[2], 0.002016 + -0.000079*delta[1] + -0.000003*delta[2], 0.001741 + -0.000068*delta[1] + -0.000002*delta[2], 0.001533 + -0.000060*delta[1] + -0.000002*delta[2], 0.002471 + -0.000097*delta[1] + -0.000003*delta[2], 0.001815 + -0.000071*delta[1] + -0.000002*delta[2], 0.001578 + -0.000062*delta[1] + -0.000002*delta[2], 0.001376 + -0.000054*delta[1] + -0.000002*delta[2], 0.002680 + -0.000105*delta[1] + -0.000004*delta[2], 0.002254 + -0.000088*delta[1] + -0.000003*delta[2], 0.001954 + -0.000077*delta[1] + -0.000003*delta[2], 0.001705 + -0.000067*delta[1] + -0.000002*delta[2], 0.001476 + -0.000058*delta[1] + -0.000002*delta[2]
0.001937 + -0.000052*delta[1] + -0.000003*delta[2], 0.001519 + -0.000041*delta[1] + -0.000002*delta[2], 0.001356 + -0.000036*delta[1] + -0.000002*delta[2], 0.002816 + -0.000076*delta[1] + -0.000004*delta[2], 0.002429 + -0.000065*delta[1] + -0.000003*delta[2], 0.002118 + -0.000057*delta[1] + -0.000003*delta[2], 0.001865 + -0.000050*delta[1] + -0.000003*delta[2], 0.001633 + -0.000044*delta[1] + -0.000002*delta[2], 0.001438 + -0.000039*delta[1] + -0.000002*delta[2], 0.002650 + -0.000071*delta[1] + -0.000004*delta[2], 0.002019 + -0.000054*delta[1] + -0.000003*delta[2], 0.001772 + -0.000048*delta[1] + -0.000002*delta[2], 0.001568 + -0.000042*delta[1] + -0.000002*delta[2], 0.001391 + -0.000037*delta[1] + -0.000002*delta[2], 0.002062 + -0.000055*delta[1] + -0.000003*delta[2], 0.001818 + -0.000049*delta[1] + -0.000002*delta[2], 0.001610 + -0.000043*delta[1] + -0.000002*delta[2], 0.002210 + -0.000059*delta[1] + -0.000003*delta[2], 0.001940 + -0.000052*delta[1] + -0.000003*delta[2], 0.001705 + -0.000046*delta[1] + -0.000002*delta[2], 0.001509 + -0.000040*delta[1] + -0.000002*delta[2], 0.002461 + -0.000066*delta[1] + -0.000003*delta[2], 0.002136 + -0.000057*delta[1] + -0.000003*delta[2], 0.001641 + -0.000044*delta[1] + -0.000002*delta[2], 0.002915 + -0.000078*delta[1] + -0.000004*delta[2], 0.002918 + -0.000078*delta[1] + -0.000004*delta[2], 0.002507 + -0.000067*delta[1] + -0.000003*delta[2], 0.001474 + -0.000040*delta[1] + -0.000002*delta[2], 0.002293 + -0.000061*delta[1] + -0.000003*delta[2], 0.002002 + -0.000054*delta[1] + -0.000003*delta[2], 0.001747 + -0.000047*delta[1] + -0.000002*delta[2], 0.002951 + -0.000079*delta[1] + -0.000004*delta[2], 0.002507 + -0.000067*delta[1] + -0.000003*delta[2], 0.002159 + -0.000058*delta[1] + -0.000003*delta[2], 0.001869 + -0.000050*delta[1] + -0.000003*delta[2], 0.001623 + -0.000044*delta[1] + -0.000002*delta[2], 0.002943 + -0.000079*delta[1] + -0.000004*delta[2], 0.002514 + -0.000067*delta[1] + -0.000003*delta[2], 0.002168 + -0.000058*delta[1] + -0.000003*delta[2], 0.001878 + -0.000050*delta[1] + -0.000003*delta[2], 0.001631 + -0.000044*delta[1] + -0.000002*delta[2], 0.002754 + -0.000074*delta[1] + -0.000004*delta[2], 0.001986 + -0.000053*delta[1] + -0.000003*delta[2], 0.001709 + -0.000046*delta[1] + -0.000002*delta[2], 0.001499 + -0.000040*delta[1] + -0.000002*delta[2], 0.003095 + -0.000083*delta[1] + -0.000004*delta[2], 0.002593 + -0.000070*delta[1] + -0.000004*delta[2], 0.002208 + -0.000059*delta[1] + -0.000003*delta[2], 0.001896 + -0.000051*delta[1] + -0.000003*delta[2], 0.001626 + -0.000044*delta[1] + -0.000002*delta[2]
0.003120 + -0.000168*delta[1] + 0.000004*delta[2], 0.002422 + -0.000130*delta[1] + 0.000003*delta[2], 0.002146 + -0.000115*delta[1] + 0.000003*delta[2], 0.005094 + -0.000274*delta[1] + 0.000006*delta[2], 0.004351 + -0.000234*delta[1] + 0.000005*delta[2], 0.003732 + -0.000201*delta[1] + 0.000004*delta[2], 0.003234 + -0.000174*delta[1] + 0.000004*delta[2], 0.002786 + -0.000150*delta[1] + 0.000003*delta[2], 0.002412 + -0.000130*delta[1] + 0.000003*delta[2], 0.004491 + -0.000242*delta[1] + 0.000005*delta[2], 0.003395 + -0.000183*delta[1] + 0.000004*delta[2], 0.002952 + -0.000159*delta[1] + 0.000004*delta[2], 0.002583 + -0.000139*delta[1] + 0.000003*delta[2], 0.002263 + -0.000122*delta[1] + 0.000003*delta[2], 0.003357 + -0.000181*delta[1] + 0.000004*delta[2], 0.002945 + -0.000158*delta[1] + 0.000004*delta[2], 0.002592 + -0.000139*delta[1] + 0.000003*delta[2], 0.003584 + -0.000193*delta[1] + 0.000004*delta[2], 0.003139 + -0.000169*delta[1] + 0.000004*delta[2], 0.002746 + -0.000148*delta[1] + 0.000003*delta[2], 0.002414 + -0.000130*delta[1] + 0.000003*delta[2], 0.004553 + -0.000245*delta[1] + 0.000005*delta[2], 0.003886 + -0.000209*delta[1] + 0.000005*delta[2], 0.002858 + -0.000154*delta[1] + 0.000003*delta[2], 0.005317 + -0.000286*delta[1] + 0.000006*delta[2], 0.004978 + -0.000268*delta[1] + 0.000006*delta[2], 0.004343 + -0.000234*delta[1] + 0.000005*delta[2], 0.002441 + -0.000131*delta[1] + 0.000003*delta[2], 0.003813 + -0.000205*delta[1] + 0.000005*delta[2], 0.003320 + -0.000179*delta[1] + 0.000004*delta[2], 0.002878 + -0.000155*delta[1] + 0.000003*delta[2], 0.006194 + -0.000333*delta[1] + 0.000007*delta[2], 0.005065 + -0.000272*delta[1] + 0.000006*delta[2], 0.004189 + -0.000225*delta[1] + 0.000005*delta[2], 0.003508 + -0.000189*delta[1] + 0.000004*delta[2], 0.002951 + -0.000159*delta[1] + 0.000004*delta[2], 0.005514 + -0.000297*delta[1] + 0.000007*delta[2], 0.004647 + -0.000250*delta[1] + 0.000006*delta[2], 0.003937 + -0.000212*delta[1] + 0.000005*delta[2], 0.003334 + -0.000179*delta[1] + 0.000004*delta[2], 0.002838 + -0.000153*delta[1] + 0.000003*delta[2], 0.006259 + -0.000337*delta[1] + 0.000007*delta[2], 0.004051 + -0.000218*delta[1] + 0.000005*delta[2], 0.003322 + -0.000179*delta[1] + 0.000004*delta[2], 0.002792 + -0.000150*delta[1] + 0.000003*delta[2], 0.006530 + -0.000351*delta[1] + 0.000008*delta[2], 0.005305 + -0.000285*delta[1] + 0.000006*delta[2], 0.004356 + -0.000234*delta[1] + 0.000005*delta[2], 0.003628 + -0.000195*delta[1] + 0.000004*delta[2], 0.003017 + -0.000162*delta[1] + 0.000004*delta[2]
0.007413 + -0.000211*delta[1] + -0.000019*delta[2], 0.004570 + -0.000130*delta[1] + -0.000012*delta[2], 0.003674 + -0.000105*delta[1] + -0.000010*delta[2], 0.017169 + -0.000488*delta[1] + -0.000045*delta[2], 0.012191 + -0.000347*delta[1] + -0.000032*delta[2], 0.008932 + -0.000254*delta[1] + -0.000023*delta[2], 0.006809 + -0.000194*delta[1] + -0.000018*delta[2], 0.005284 + -0.000150*delta[1] + -0.000014*delta[2], 0.004173 + -0.000119*delta[1] + -0.000011*delta[2], 0.014988 + -0.000426*delta[1] + -0.000039*delta[2], 0.007441 + -0.000212*delta[1] + -0.000019*delta[2], 0.005698 + -0.000162*delta[1] + -0.000015*delta[2], 0.004501 + -0.000128*delta[1] + -0.000012*delta[2], 0.003644 + -0.000104*delta[1] + -0.000010*delta[2], 0.008797 + -0.000250*delta[1] + -0.000023*delta[2], 0.006759 + -0.000192*delta[1] + -0.000018*delta[2], 0.005264 + -0.000150*delta[1] + -0.000014*delta[2], 0.008068 + -0.000230*delta[1] + -0.000021*delta[2], 0.006574 + -0.000187*delta[1] + -0.000017*delta[2], 0.005380 + -0.000153*delta[1] + -0.000014*delta[2], 0.004447 + -0.000127*delta[1] + -0.000012*delta[2], 0.009990 + -0.000284*delta[1] + -0.000026*delta[2], 0.007808 + -0.000222*delta[1] + -0.000020*delta[2], 0.004982 + -0.000142*delta[1] + -0.000013*delta[2], 0.016067 + -0.000457*delta[1] + -0.000042*delta[2], 0.012607 + -0.000359*delta[1] + -0.000033*delta[2], 0.009837 + -0.000280*delta[1] + -0.000026*delta[2], 0.004086 + -0.000116*delta[1] + -0.000011*delta[2], 0.007290 + -0.000207*delta[1] + -0.000019*delta[2], 0.006012 + -0.000171*delta[1] + -0.000016*delta[2], 0.004986 + -0.000142*delta[1] + -0.000013*delta[2], 0.011435 + -0.000325*delta[1] + -0.000030*delta[2], 0.008955 + -0.000255*delta[1] + -0.000023*delta[2], 0.007125 + -0.000203*delta[1] + -0.000019*delta[2], 0.005745 + -0.000163*delta[1] + -0.000015*delta[2], 0.004693 + -0.000133*delta[1] + -0.000012*delta[2], 0.009134 + -0.000260*delta[1] + -0.000024*delta[2], 0.007566 + -0.000215*delta[1] + -0.000020*delta[2], 0.006274 + -0.000178*delta[1] + -0.000016*delta[2], 0.005199 + -0.000148*delta[1] + -0.000014*delta[2], 0.004382 + -0.000125*delta[1] + -0.000011*delta[2], 0.009499 + -0.000270*delta[1] + -0.000025*delta[2], 0.006179 + -0.000176*delta[1] + -0.000016*delta[2], 0.005056 + -0.000144*delta[1] + -0.000013*delta[2], 0.004170 + -0.000119*delta[1] + -0.000011*delta[2], 0.008605 + -0.000245*delta[1] + -0.000022*delta[2], 0.007113 + -0.000202*delta[1] + -0.000019*delta[2], 0.005893 + -0.000168*delta[1] + -0.000015*delta[2], 0.004938 + -0.000140*delta[1] + -0.000013*delta[2], 0.004139 + -0.000118*delta[1] + -0.000011*delta[2]
0.025417 + -0.001019*delta[1] + -0.000014*delta[2], 0.011176 + -0.000448*delta[1] + -0.000006*delta[2], 0.008144 + -0.000326*delta[1] + -0.000005*delta[2], 0.082395 + -0.003302*delta[1] + -0.000046*delta[2], 0.046191 + -0.001851*delta[1] + -0.000026*delta[2], 0.027349 + -0.001096*delta[1] + -0.000015*delta[2], 0.017621 + -0.000706*delta[1] + -0.000010*delta[2], 0.011907 + -0.000477*delta[1] + -0.000007*delta[2], 0.008405 + -0.000337*delta[1] + -0.000005*delta[2], 0.103180 + -0.004135*delta[1] + -0.000057*delta[2], 0.024032 + -0.000963*delta[1] + -0.000013*delta[2], 0.014820 + -0.000594*delta[1] + -0.000008*delta[2], 0.010242 + -0.000410*delta[1] + -0.000006*delta[2], 0.007468 + -0.000299*delta[1] + -0.000004*delta[2], 0.022483 + -0.000901*delta[1] + -0.000013*delta[2], 0.015800 + -0.000633*delta[1] + -0.000009*delta[2], 0.011427 + -0.000458*delta[1] + -0.000006*delta[2], 0.015680 + -0.000628*delta[1] + -0.000009*delta[2], 0.012812 + -0.000513*delta[1] + -0.000007*delta[2], 0.010257 + -0.000411*delta[1] + -0.000006*delta[2], 0.008215 + -0.000329*delta[1] + -0.000005*delta[2], 0.028879 + -0.001157*delta[1] + -0.000016*delta[2], 0.020493 + -0.000821*delta[1] + -0.000011*delta[2], 0.010812 + -0.000433*delta[1] + -0.000006*delta[2], 0.114509 + -0.004589*delta[1] + -0.000064*delta[2], 0.028931 + -0.001159*delta[1] + -0.000016*delta[2], 0.023517 + -0.000942*delta[1] + -0.000013*delta[2], 0.007910 + -0.000317*delta[1] + -0.000004*delta[2], 0.013558 + -0.000543*delta[1] + -0.000008*delta[2], 0.011284 + -0.000452*delta[1] + -0.000006*delta[2], 0.009194 + -0.000368*delta[1] + -0.000005*delta[2], 0.037622 + -0.001508*delta[1] + -0.000021*delta[2], 0.026783 + -0.001073*delta[1] + -0.000015*delta[2], 0.018958 + -0.000760*delta[1] + -0.000011*delta[2], 0.013761 + -0.000551*delta[1] + -0.000008*delta[2], 0.010197 + -0.000409*delta[1] + -0.000006*delta[2], 0.018644 + -0.000747*delta[1] + -0.000010*delta[2], 0.015768 + -0.000632*delta[1] + -0.000009*delta[2], 0.012998 + -0.000521*delta[1] + -0.000007*delta[2], 0.010414 + -0.000417*delta[1] + -0.000006*delta[2], 0.008408 + -0.000337*delta[1] + -0.000005*delta[2], 0.029095 + -0.001166*delta[1] + -0.000016*delta[2], 0.015512 + -0.000622*delta[1] + -0.000009*delta[2], 0.011545 + -0.000463*delta[1] + -0.000006*delta[2], 0.008718 + -0.000349*delta[1] + -0.000005*delta[2], 0.019100 + -0.000765*delta[1] + -0.000011*delta[2], 0.015826 + -0.000634*delta[1] + -0.000009*delta[2], 0.012733 + -0.000510*delta[1] + -0.000007*delta[2], 0.010227 + -0.000410*delta[1] + -0.000006*delta[2], 0.008153 + -0.000327*delta[1] + -0.000005*delta[2]
0.011922 + -0.000357*delta[1] + 0.000005*delta[2], 0.006412 + -0.000192*delta[1] + 0.000003*delta[2], 0.005002 + -0.000150*delta[1] + 0.000002*delta[2], 0.030593 + -0.000917*delta[1] + 0.000012*delta[2], 0.019317 + -0.000579*delta[1] + 0.000008*delta[2], 0.013018 + -0.000390*delta[1] + 0.000005*delta[2], 0.009346 + -0.000280*delta[1] + 0.000004*delta[2], 0.006885 + -0.000206*delta[1] + 0.000003*delta[2], 0.005232 + -0.000157*delta[1] + 0.000002*delta[2], 0.026675 + -0.000799*delta[1] + 0.000011*delta[2], 0.010750 + -0.000322*delta[1] + 0.000004*delta[2], 0.007680 + -0.000230*delta[1] + 0.000003*delta[2], 0.005899 + -0.000177*delta[1] + 0.000002*delta[2], 0.004648 + -0.000139*delta[1] + 0.000002*delta[2], 0.012120 + -0.000363*delta[1] + 0.000005*delta[2], 0.009046 + -0.000271*delta[1] + 0.000004*delta[2], 0.006913 + -0.000207*delta[1] + 0.000003*delta[2], 0.010264 + -0.000308*delta[1] + 0.000004*delta[2], 0.008327 + -0.000250*delta[1] + 0.000003*delta[2], 0.006749 + -0.000202*delta[1] + 0.000003*delta[2], 0.005524 + -0.000166*delta[1] + 0.000002*delta[2], 0.015478 + -0.000464*delta[1] + 0.000006*delta[2], 0.011428 + -0.000342*delta[1] + 0.000005*delta[2], 0.006662 + -0.000200*delta[1] + 0.000003*delta[2], 0.026838 + -0.000804*delta[1] + 0.000011*delta[2], 0.017487 + -0.000524*delta[1] + 0.000007*delta[2], 0.013606 + -0.000408*delta[1] + 0.000006*delta[2], 0.005175 + -0.000155*delta[1] + 0.000002*delta[2], 0.009237 + -0.000277*delta[1] + 0.000004*delta[2], 0.007605 + -0.000228*delta[1] + 0.000003*delta[2], 0.006226 + -0.000187*delta[1] + 0.000003*delta[2], 0.019172 + -0.000574*delta[1] + 0.000008*delta[2], 0.013995 + -0.000419*delta[1] + 0.000006*delta[2], 0.010469 + -0.000314*delta[1] + 0.000004*delta[2], 0.008046 + -0.000241*delta[1] + 0.000003*delta[2], 0.006309 + -0.000189*delta[1] + 0.000003*delta[2], 0.012410 + -0.000372*delta[1] + 0.000005*delta[2], 0.010173 + -0.000305*delta[1] + 0.000004*delta[2], 0.008332 + -0.000250*delta[1] + 0.000003*delta[2], 0.006766 + -0.000203*delta[1] + 0.000003*delta[2], 0.005593 + -0.000168*delta[1] + 0.000002*delta[2], 0.015227 + -0.000456*delta[1] + 0.000006*delta[2], 0.008864 + -0.000266*delta[1] + 0.000004*delta[2], 0.006962 + -0.000209*delta[1] + 0.000003*delta[2], 0.005536 + -0.000166*delta[1] + 0.000002*delta[2], 0.012277 + -0.000368*delta[1] + 0.000005*delta[2], 0.009956 + -0.000298*delta[1] + 0.000004*delta[2], 0.008052 + -0.000241*delta[1] + 0.000003*delta[2], 0.006584 + -0.000197*delta[1] + 0.000003*delta[2], 0.005388 + -0.000161*delta[1] + 0.000002*delta[2]
0.015256 + -0.000758*delta[1] + 0.000020*delta[2], 0.009983 + -0.000496*delta[1] + 0.000013*delta[2], 0.008021 + -0.000399*delta[1] + 0.000010*delta[2], 0.041816 + -0.002078*delta[1] + 0.000054*delta[2], 0.033978 + -0.001688*delta[1] + 0.000044*delta[2], 0.025249 + -0.001255*delta[1] + 0.000033*delta[2], 0.018561 + -0.000922*delta[1] + 0.000024*delta[2], 0.013590 + -0.000675*delta[1] + 0.000018*delta[2], 0.010094 + -0.000502*delta[1] + 0.000013*delta[2], 0.028235 + -0.001403*delta[1] + 0.000037*delta[2], 0.019162 + -0.000952*delta[1] + 0.000025*delta[2], 0.014730 + -0.000732*delta[1] + 0.000019*delta[2], 0.011337 + -0.000563*delta[1] + 0.000015*delta[2], 0.008816 + -0.000438*delta[1] + 0.000011*delta[2], 0.014898 + -0.000740*delta[1] + 0.000019*delta[2], 0.012419 + -0.000617*delta[1] + 0.000016*delta[2], 0.010172 + -0.000505*delta[1] + 0.000013*delta[2], 0.012349 + -0.000614*delta[1] + 0.000016*delta[2], 0.010947 + -0.000544*delta[1] + 0.000014*delta[2], 0.009350 + -0.000465*delta[1] + 0.000012*delta[2], 0.007877 + -0.000391*delta[1] + 0.000010*delta[2], 0.035039 + -0.001741*delta[1] + 0.000046*delta[2], 0.026091 + -0.001296*delta[1] + 0.000034*delta[2], 0.013652 + -0.000678*delta[1] + 0.000018*delta[2], 0.053228 + -0.002645*delta[1] + 0.000069*delta[2], 0.020385 + -0.001013*delta[1] + 0.000027*delta[2], 0.019327 + -0.000960*delta[1] + 0.000025*delta[2], 0.008623 + -0.000428*delta[1] + 0.000011*delta[2], 0.012374 + -0.000615*delta[1] + 0.000016*delta[2], 0.010950 + -0.000544*delta[1] + 0.000014*delta[2], 0.009289 + -0.000462*delta[1] + 0.000012*delta[2], 0.111368 + -0.005534*delta[1] + 0.000145*delta[2], 0.061712 + -0.003066*delta[1] + 0.000080*delta[2], 0.034929 + -0.001736*delta[1] + 0.000045*delta[2], 0.021597 + -0.001073*delta[1] + 0.000028*delta[2], 0.014176 + -0.000704*delta[1] + 0.000018*delta[2], 0.021376 + -0.001062*delta[1] + 0.000028*delta[2], 0.018922 + -0.000940*delta[1] + 0.000025*delta[2], 0.015893 + -0.000790*delta[1] + 0.000021*delta[2], 0.012810 + -0.000637*delta[1] + 0.000017*delta[2], 0.010213 + -0.000507*delta[1] + 0.000013*delta[2], 0.126035 + -0.006262*delta[1] + 0.000164*delta[2], 0.023605 + -0.001173*delta[1] + 0.000031*delta[2], 0.015032 + -0.000747*delta[1] + 0.000020*delta[2], 0.009803 + -0.000487*delta[1] + 0.000013*delta[2], 0.034296 + -0.001704*delta[1] + 0.000045*delta[2], 0.028044 + -0.001393*delta[1] + 0.000037*delta[2], 0.021193 + -0.001053*delta[1] + 0.000028*delta[2], 0.015946 + -0.000792*delta[1] + 0.000021*delta[2], 0.011846 + -0.000589*delta[1] + 0.000015*delta[2]
0.003578 + -0.000189*delta[1], 0.002741 + -0.000144*delta[1], 0.002411 + -0.000127*delta[1], 0.006201 + -0.000327*delta[1], 0.005221 + -0.000275*delta[1], 0.004418 + -0.000233*delta[1], 0.003778 + -0.000199*delta[1], 0.003217 + -0.000170*delta[1], 0.002757 + -0.000145*delta[1], 0.005215 + -0.000275*delta[1], 0.003894 + -0.000205*delta[1], 0.003360 + -0.000177*delta[1], 0.002919 + -0.000154*delta[1], 0.002540 + -0.000134*delta[1], 0.003739 + -0.000197*delta[1], 0.003274 + -0.000173*delta[1], 0.002871 + -0.000151*delta[1], 0.003879 + -0.000204*delta[1], 0.003405 + -0.000179*delta[1], 0.002980 + -0.000157*delta[1], 0.002617 + -0.000138*delta[1], 0.005559 + -0.000293*delta[1], 0.004665 + -0.000246*delta[1], 0.003323 + -0.000175*delta[1], 0.006376 + -0.000336*delta[1], 0.005457 + -0.000288*delta[1], 0.004790 + -0.000252*delta[1], 0.002680 + -0.000141*delta[1], 0.004089 + -0.000215*delta[1], 0.003570 + -0.000188*delta[1], 0.003098 + -0.000163*delta[1], 0.007758 + -0.000409*delta[1], 0.006179 + -0.000326*delta[1], 0.004999 + -0.000263*delta[1], 0.004106 + -0.000216*delta[1], 0.003396 + -0.000179*delta[1], 0.006002 + -0.000316*delta[1], 0.005075 + -0.000267*delta[1], 0.004304 + -0.000227*delta[1], 0.003658 + -0.000193*delta[1], 0.003110 + -0.000164*delta[1], 0.007598 + -0.000400*delta[1], 0.004705 + -0.000248*delta[1], 0.003812 + -0.000201*delta[1], 0.003163 + -0.000167*delta[1], 0.007297 + -0.000385*delta[1], 0.005955 + -0.000314*delta[1], 0.004868 + -0.000257*delta[1], 0.004037 + -0.000213*delta[1], 0.003351 + -0.000177*delta[1]
0.025149 + -0.001128*delta[1] + 0.000069*delta[2], 0.011234 + -0.000504*delta[1] + 0.000031*delta[2], 0.008179 + -0.000367*delta[1] + 0.000022*delta[2], 0.121290 + -0.005442*delta[1] + 0.000333*delta[2], 0.053861 + -0.002417*delta[1] + 0.000148*delta[2], 0.028613 + -0.001284*delta[1] + 0.000079*delta[2], 0.017596 + -0.000789*delta[1] + 0.000048*delta[2], 0.011534 + -0.000518*delta[1] + 0.000032*delta[2], 0.008038 + -0.000361*delta[1] + 0.000022*delta[2], 0.086587 + -0.003885*delta[1] + 0.000238*delta[2], 0.024588 + -0.001103*delta[1] + 0.000068*delta[2], 0.015450 + -0.000693*delta[1] + 0.000042*delta[2], 0.010690 + -0.000480*delta[1] + 0.000029*delta[2], 0.007806 + -0.000350*delta[1] + 0.000021*delta[2], 0.019100 + -0.000857*delta[1] + 0.000052*delta[2], 0.014170 + -0.000636*delta[1] + 0.000039*delta[2], 0.010644 + -0.000478*delta[1] + 0.000029*delta[2], 0.012968 + -0.000582*delta[1] + 0.000036*delta[2], 0.010973 + -0.000492*delta[1] + 0.000030*delta[2], 0.009070 + -0.000407*delta[1] + 0.000025*delta[2], 0.007469 + -0.000335*delta[1] + 0.000021*delta[2], 0.035991 + -0.001615*delta[1] + 0.000099*delta[2], 0.023589 + -0.001058*delta[1] + 0.000065*delta[2], 0.011374 + -0.000510*delta[1] + 0.000031*delta[2], 0.090757 + -0.004072*delta[1] + 0.000249*delta[2], 0.022047 + -0.000989*delta[1] + 0.000061*delta[2], 0.018910 + -0.000848*delta[1] + 0.000052*delta[2], 0.007423 + -0.000333*delta[1] + 0.000020*delta[2], 0.011342 + -0.000509*delta[1] + 0.000031*delta[2], 0.009723 + -0.000436*delta[1] + 0.000027*delta[2], 0.008137 + -0.000365*delta[1] + 0.000022*delta[2], 0.046300 + -0.002077*delta[1] + 0.000127*delta[2], 0.030695 + -0.001377*delta[1] + 0.000084*delta[2], 0.020693 + -0.000928*delta[1] + 0.000057*delta[2], 0.014519 + -0.000651*delta[1] + 0.000040*delta[2], 0.010552 + -0.000473*delta[1] + 0.000029*delta[2], 0.015337 + -0.000688*delta[1] + 0.000042*delta[2], 0.013366 + -0.000600*delta[1] + 0.000037*delta[2], 0.011340 + -0.000509*delta[1] + 0.000031*delta[2], 0.009337 + -0.000419*delta[1] + 0.000026*delta[2], 0.007718 + -0.000346*delta[1] + 0.000021*delta[2], 0.030024 + -0.001347*delta[1] + 0.000082*delta[2], 0.015744 + -0.000706*delta[1] + 0.000043*delta[2], 0.011678 + -0.000524*delta[1] + 0.000032*delta[2], 0.008791 + -0.000394*delta[1] + 0.000024*delta[2], 0.016440 + -0.000738*delta[1] + 0.000045*delta[2], 0.013993 + -0.000628*delta[1] + 0.000038*delta[2], 0.011519 + -0.000517*delta[1] + 0.000032*delta[2], 0.009457 + -0.000424*delta[1] + 0.000026*delta[2], 0.007662 + -0.000344*delta[1] + 0.000021*delta[2]
0.020629 + -0.000570*delta[1] + -0.000052*delta[2], 0.010499 + -0.000290*delta[1] + -0.000026*delta[2], 0.007881 + -0.000218*delta[1] + -0.000020*delta[2], 0.103874 + -0.002872*delta[1] + -0.000259*delta[2], 0.048745 + -0.001348*delta[1] + -0.000122*delta[2], 0.026929 + -0.000745*delta[1] + -0.000067*delta[2], 0.016907 + -0.000467*delta[1] + -0.000042*delta[2], 0.011216 + -0.000310*delta[1] + -0.000028*delta[2], 0.007943 + -0.000220*delta[1] + -0.000020*delta[2], 0.056278 + -0.001556*delta[1] + -0.000141*delta[2], 0.021961 + -0.000607*delta[1] + -0.000055*delta[2], 0.014702 + -0.000406*delta[1] + -0.000037*delta[2], 0.010490 + -0.000290*delta[1] + -0.000026*delta[2], 0.007771 + -0.000215*delta[1] + -0.000019*delta[2], 0.016423 + -0.000454*delta[1] + -0.000041*delta[2], 0.012628 + -0.000349*delta[1] + -0.000032*delta[2], 0.009764 + -0.000270*delta[1] + -0.000024*delta[2], 0.011961 + -0.000331*delta[1] + -0.000030*delta[2], 0.010197 + -0.000282*delta[1] + -0.000025*delta[2], 0.008497 + -0.000235*delta[1] + -0.000021*delta[2], 0.007051 + -0.000195*delta[1] + -0.000018*delta[2], 0.038836 + -0.001074*delta[1] + -0.000097*delta[2], 0.024271 + -0.000671*delta[1] + -0.000061*delta[2], 0.011192 + -0.000309*delta[1] + -0.000028*delta[2], 0.109323 + -0.003022*delta[1] + -0.000273*delta[2], 0.020539 + -0.000568*delta[1] + -0.000051*delta[2], 0.017788 + -0.000492*delta[1] + -0.000044*delta[2], 0.007182 + -0.000199*delta[1] + -0.000018*delta[2], 0.010901 + -0.000301*delta[1] + -0.000027*delta[2], 0.009367 + -0.000259*delta[1] + -0.000023*delta[2], 0.007853 + -0.000217*delta[1] + -0.000020*delta[2], 0.065495 + -0.001811*delta[1] + -0.000164*delta[2], 0.036477 + -0.001008*delta[1] + -0.000091*delta[2], 0.022394 + -0.000619*delta[1] + -0.000056*delta[2], 0.014897 + -0.000412*delta[1] + -0.000037*delta[2], 0.010431 + -0.000288*delta[1] + -0.000026*delta[2], 0.015900 + -0.000440*delta[1] + -0.000040*delta[2], 0.013699 + -0.000379*delta[1] + -0.000034*delta[2], 0.011504 + -0.000318*delta[1] + -0.000029*delta[2], 0.009402 + -0.000260*delta[1] + -0.000023*delta[2], 0.007707 + -0.000213*delta[1] + -0.000019*delta[2], 0.040116 + -0.001109*delta[1] + -0.000100*delta[2], 0.017337 + -0.000479*delta[1] + -0.000043*delta[2], 0.012277 + -0.000339*delta[1] + -0.000031*delta[2], 0.008958 + -0.000248*delta[1] + -0.000022*delta[2], 0.018573 + -0.000513*delta[1] + -0.000046*delta[2], 0.015424 + -0.000426*delta[1] + -0.000039*delta[2], 0.012408 + -0.000343*delta[1] + -0.000031*delta[2], 0.009987 + -0.000276*delta[1] + -0.000025*delta[2], 0.007954 + -0.000220*delta[1] + -0.000020*delta[2]
0.016580 + -0.000593*delta[1] + -0.000058*delta[2], 0.010582 + -0.000378*delta[1] + -0.000037*delta[2], 0.008412 + -0.000301*delta[1] + -0.000029*delta[2], 0.058697 + -0.002098*delta[1] + -0.000205*delta[2], 0.044563 + -0.001593*delta[1] + -0.000156*delta[2], 0.030748 + -0.001099*delta[1] + -0.000108*delta[2], 0.021314 + -0.000762*delta[1] + -0.000075*delta[2], 0.014938 + -0.000534*delta[1] + -0.000052*delta[2], 0.010817 + -0.000387*delta[1] + -0.000038*delta[2], 0.030185 + -0.001079*delta[1] + -0.000106*delta[2], 0.020184 + -0.000722*delta[1] + -0.000071*delta[2], 0.015352 + -0.000549*delta[1] + -0.000054*delta[2], 0.011723 + -0.000419*delta[1] + -0.000041*delta[2], 0.009057 + -0.000324*delta[1] + -0.000032*delta[2], 0.014191 + -0.000507*delta[1] + -0.000050*delta[2], 0.011964 + -0.000428*delta[1] + -0.000042*delta[2], 0.009898 + -0.000354*delta[1] + -0.000035*delta[2], 0.010961 + -0.000392*delta[1] + -0.000038*delta[2], 0.009895 + -0.000354*delta[1] + -0.000035*delta[2], 0.008611 + -0.000308*delta[1] + -0.000030*delta[2], 0.007372 + -0.000264*delta[1] + -0.000026*delta[2], 0.050205 + -0.001795*delta[1] + -0.000176*delta[2], 0.033487 + -0.001197*delta[1] + -0.000117*delta[2], 0.015225 + -0.000544*delta[1] + -0.000053*delta[2], 0.064875 + -0.002319*delta[1] + -0.000227*delta[2], 0.017316 + -0.000619*delta[1] + -0.000061*delta[2], 0.016657 + -0.000595*delta[1] + -0.000058*delta[2], 0.008159 + -0.000292*delta[1] + -0.000029*delta[2], 0.010689 + -0.000382*delta[1] + -0.000037*delta[2], 0.009643 + -0.000345*delta[1] + -0.000034*delta[2], 0.008354 + -0.000299*delta[1] + -0.000029*delta[2], 0.220642 + -0.007888*delta[1] + -0.000772*delta[2], 0.082509 + -0.002950*delta[1] + -0.000289*delta[2], 0.039211 + -0.001402*delta[1] + -0.000137*delta[2], 0.022198 + -0.000794*delta[1] + -0.000078*delta[2], 0.013981 + -0.000500*delta[1] + -0.000049*delta[2], 0.016955 + -0.000606*delta[1] + -0.000059*delta[2], 0.015449 + -0.000552*delta[1] + -0.000054*delta[2], 0.013462 + -0.000481*delta[1] + -0.000047*delta[2], 0.011218 + -0.000401*delta[1] + -0.000039*delta[2], 0.009233 + -0.000330*delta[1] + -0.000032*delta[2], 0.144878 + -0.005179*delta[1] + -0.000507*delta[2], 0.029049 + -0.001039*delta[1] + -0.000102*delta[2], 0.017642 + -0.000631*delta[1] + -0.000062*delta[2], 0.011645 + -0.000416*delta[1] + -0.000041*delta[2], 0.024939 + -0.000892*delta[1] + -0.000087*delta[2], 0.021608 + -0.000772*delta[1] + -0.000076*delta[2], 0.017379 + -0.000621*delta[1] + -0.000061*delta[2], 0.013817 + -0.000494*delta[1] + -0.000048*delta[2], 0.010702 + -0.000383*delta[1] + -0.000037*delta[2]
0.021911 + -0.000904*delta[1] + -0.000005*delta[2], 0.010834 + -0.000447*delta[1] + -0.000003*delta[2], 0.008062 + -0.000333*delta[1] + -0.000002*delta[2], 0.137188 + -0.005658*delta[1] + -0.000032*delta[2], 0.050759 + -0.002094*delta[1] + -0.000012*delta[2], 0.026217 + -0.001081*delta[1] + -0.000006*delta[2], 0.016159 + -0.000666*delta[1] + -0.000004*delta[2], 0.010590 + -0.000437*delta[1] + -0.000002*delta[2], 0.007605 + -0.000314*delta[1] + -0.000002*delta[2], 0.056341 + -0.002324*delta[1] + -0.000013*delta[2], 0.022239 + -0.000917*delta[1] + -0.000005*delta[2], 0.014899 + -0.000615*delta[1] + -0.000003*delta[2], 0.010629 + -0.000438*delta[1] + -0.000002*delta[2], 0.007876 + -0.000325*delta[1] + -0.000002*delta[2], 0.015412 + -0.000636*delta[1] + -0.000004*delta[2], 0.012083 + -0.000498*delta[1] + -0.000003*delta[2], 0.009468 + -0.000390*delta[1] + -0.000002*delta[2], 0.010700 + -0.000441*delta[1] + -0.000002*delta[2], 0.009315 + -0.000384*delta[1] + -0.000002*delta[2], 0.007905 + -0.000326*delta[1] + -0.000002*delta[2], 0.006665 + -0.000275*delta[1] + -0.000002*delta[2], 0.044421 + -0.001832*delta[1] + -0.000010*delta[2], 0.026127 + -0.001078*delta[1] + -0.000006*delta[2], 0.011335 + -0.000468*delta[1] + -0.000003*delta[2], 0.109729 + -0.004526*delta[1] + -0.000026*delta[2], 0.017283 + -0.000713*delta[1] + -0.000004*delta[2], 0.015383 + -0.000634*delta[1] + -0.000004*delta[2], 0.006834 + -0.000282*delta[1] + -0.000002*delta[2], 0.009611 + -0.000396*delta[1] + -0.000002*delta[2], 0.008427 + -0.000348*delta[1] + -0.000002*delta[2], 0.007197 + -0.000297*delta[1] + -0.000002*delta[2], 0.063663 + -0.002626*delta[1] + -0.000015*delta[2], 0.036411 + -0.001502*delta[1] + -0.000008*delta[2], 0.022588 + -0.000932*delta[1] + -0.000005*delta[2], 0.015059 + -0.000621*delta[1] + -0.000004*delta[2], 0.010617 + -0.000438*delta[1] + -0.000002*delta[2], 0.013195 + -0.000544*delta[1] + -0.000003*delta[2], 0.011690 + -0.000482*delta[1] + -0.000003*delta[2], 0.010104 + -0.000417*delta[1] + -0.000002*delta[2], 0.008475 + -0.000350*delta[1] + -0.000002*delta[2], 0.007110 + -0.000293*delta[1] + -0.000002*delta[2], 0.033510 + -0.001382*delta[1] + -0.000008*delta[2], 0.016370 + -0.000675*delta[1] + -0.000004*delta[2], 0.011939 + -0.000492*delta[1] + -0.000003*delta[2], 0.008889 + -0.000367*delta[1] + -0.000002*delta[2], 0.015040 + -0.000620*delta[1] + -0.000004*delta[2], 0.012965 + -0.000535*delta[1] + -0.000003*delta[2], 0.010793 + -0.000445*delta[1] + -0.000003*delta[2], 0.008961 + -0.000370*delta[1] + -0.000002*delta[2], 0.007322 + -0.000302*delta[1] + -0.000002*delta[2]
-0.011301 + -0.000155*delta[0] + -0.000062*delta[1] + 0.000214*delta[2], -0.008462 + -0.000116*delta[0] + -0.000046*delta[1] + 0.000160*delta[2], -0.007194 + -0.000099*delta[0] + -0.000039*delta[1] + 0.000136*delta[2], -0.010885 + -0.000150*delta[0] + -0.000060*delta[1] + 0.000206*delta[2], -0.010646 + -0.000146*delta[0] + -0.000058*delta[1] + 0.000201*delta[2], -0.009931 + -0.000136*delta[0] + -0.000054*delta[1] + 0.000188*delta[2], -0.009007 + -0.000124*delta[0] + -0.000049*delta[1] + 0.000170*delta[2], -0.007940 + -0.000109*delta[0] + -0.000044*delta[1] + 0.000150*delta[2], -0.006780 + -0.000093*delta[0] + -0.000037*delta[1] + 0.000128*delta[2], -0.017850 + -0.000245*delta[0] + -0.000098*delta[1] + 0.000338*delta[2], -0.014824 + -0.000204*delta[0] + -0.000081*delta[1] + 0.000281*delta[2], -0.012522 + -0.000172*delta[0] + -0.000069*delta[1] + 0.000237*delta[2], -0.010332 + -0.000142*delta[0] + -0.000057*delta[1] + 0.000196*delta[2], -0.008422 + -0.000116*delta[0] + -0.000046*delta[1] + 0.000159*delta[2], -0.026219 + -0.000360*delta[0] + -0.000144*delta[1] + 0.000496*delta[2], -0.020067 + -0.000276*delta[0] + -0.000110*delta[1] + 0.000380*delta[2], -0.015091 + -0.000207*delta[0] + -0.000083*delta[1] + 0.000286*delta[2], -0.062625 + -0.000860*delta[0] + -0.000343*delta[1] + 0.001185*delta[2], -0.038700 + -0.000532*delta[0] + -0.000212*delta[1] + 0.000732*delta[2], -0.024377 + -0.000335*delta[0] + -0.000134*delta[1] + 0.000461*delta[2], -0.016220 + -0.000223*delta[0] + -0.000089*delta[1] + 0.000307*delta[2], -0.008531 + -0.000117*delta[0] + -0.000047*delta[1] + 0.000161*delta[2], -0.008119 + -0.000112*delta[0] + -0.000044*delta[1] + 0.000154*delta[2], -0.006728 + -0.000092*delta[0] + -0.000037*delta[1] + 0.000127*delta[2], -0.016007 + -0.000220*delta[0] + -0.000088*delta[1] + 0.000303*delta[2], -0.126776 + -0.001741*delta[0] + -0.000695*delta[1] + 0.002399*delta[2], -0.093778 + -0.001288*delta[0] + -0.000514*delta[1] + 0.001775*delta[2], -0.013668 + -0.000188*delta[0] + -0.000075*delta[1] + 0.000259*delta[2], -0.105828 + -0.001454*delta[0] + -0.000580*delta[1] + 0.002003*delta[2], -0.052837 + -0.000726*delta[0] + -0.000289*delta[1] + 0.001000*delta[2], -0.028991 + -0.000398*delta[0] + -0.000159*delta[1] + 0.000549*delta[2], -0.011684 + -0.000161*delta[0] + -0.000064*delta[1] + 0.000221*delta[2], -0.011212 + -0.000154*delta[0] + -0.000061*delta[1] + 0.000212*delta[2], -0.010281 + -0.000141*delta[0] + -0.000056*delta[1] + 0.000195*delta[2], -0.009213 + -0.000127*delta[0] + -0.000050*delta[1] + 0.000174*delta[2], -0.007988 + -0.000110*delta[0] + -0.000044*delta[1] + 0.000151*delta[2], -1.451904 + -0.019944*delta[0] + -0.007955*delta[1] + 0.027476*delta[2], -0.186196 + -0.002558*delta[0] + -0.001020*delta[1] + 0.003524*delta[2], -0.059194 + -0.000813*delta[0] + -0.000324*delta[1] + 0.001120*delta[2], -0.028707 + -0.000394*delta[0] + -0.000157*delta[1] + 0.000543*delta[2], -0.016885 + -0.000232*delta[0] + -0.000093*delta[1] + 0.000320*delta[2], -0.018977 + -0.000261*delta[0] + -0.000104*delta[1] + 0.000359*delta[2], -0.014424 + -0.000198*delta[0] + -0.000079*delta[1] + 0.000273*delta[2], -0.011766 + -0.000162*delta[0] + -0.000064*delta[1] + 0.000223*delta[2], -0.009498 + -0.000130*delta[0] + -0.000052*delta[1] + 0.000180*delta[2], -0.149773 + -0.002057*delta[0] + -0.000821*delta[1] + 0.002834*delta[2], -0.087038 + -0.001196*delta[0] + -0.000477*delta[1] + 0.001647*delta[2], -0.047772 + -0.000656*delta[0] + -0.000262*delta[1] + 0.000904*delta[2], -0.027904 + -0.000383*delta[0] + -0.000153*delta[1] + 0.000528*delta[2], -0.018051 + -0.000248*delta[0] + -0.000099*delta[1] + 0.000342*delta[2]
-0.011418 + -0.000012*delta[0] + -0.000103*delta[1] + -0.000090*delta[2], -0.010918 + -0.000011*delta[0] + -0.000098*delta[1] + -0.000086*delta[2], -0.010075 + -0.000010*delta[0] + -0.000091*delta[1] + -0.000079*delta[2], -0.009262 + -0.000009*delta[0] + -0.000084*delta[1] + -0.000073*delta[2], -0.010238 + -0.000010*delta[0] + -0.000092*delta[1] + -0.000080*delta[2], -0.010871 + -0.000011*delta[0] + -0.000098*delta[1] + -0.000085*delta[2], -0.011098 + -0.000011*delta[0] + -0.000100*delta[1] + -0.000087*delta[2], -0.010852 + -0.000011*delta[0] + -0.000098*delta[1] + -0.000085*delta[2], -0.009985 + -0.000010*delta[0] + -0.000090*delta[1] + -0.000078*delta[2], -0.013080 + -0.000013*delta[0] + -0.000118*delta[1] + -0.000103*delta[2], -0.015963 + -0.000016*delta[0] + -0.000144*delta[1] + -0.000125*delta[2], -0.016028 + -0.000016*delta[0] + -0.000145*delta[1] + -0.000126*delta[2], -0.015129 + -0.000015*delta[0] + -0.000136*delta[1] + -0.000119*delta[2], -0.013456 + -0.000014*delta[0] + -0.000121*delta[1] + -0.000106*delta[2], -0.024596 + -0.000025*delta[0] + -0.000222*delta[1] + -0.000193*delta[2], -0.025430 + -0.000026*delta[0] + -0.000229*delta[1] + -0.000200*delta[2], -0.023673 + -0.000024*delta[0] + -0.000214*delta[1] + -0.000186*delta[2], -0.039557 + -0.000040*delta[0] + -0.000357*delta[1] + -0.000310*delta[2], -0.045360 + -0.000046*delta[0] + -0.000409*delta[1] + -0.000356*delta[2], -0.043123 + -0.000044*delta[0] + -0.000389*delta[1] + -0.000338*delta[2], -0.034742 + -0.000035*delta[0] + -0.000313*delta[1] + -0.000273*delta[2], -0.008786 + -0.000009*delta[0] + -0.000079*delta[1] + -0.000069*delta[2], -0.009342 + -0.000009*delta[0] + -0.000084*delta[1] + -0.000073*delta[2], -0.009285 + -0.000009*delta[0] + -0.000084*delta[1] + -0.000073*delta[2], -0.012784 + -0.000013*delta[0] + -0.000115*delta[1] + -0.000100*delta[2], -0.031186 + -0.000032*delta[0] + -0.000281*delta[1] + -0.000245*delta[2], -0.046926 + -0.000048*delta[0] + -0.000423*delta[1] + -0.000368*delta[2], -0.038899 + -0.000040*delta[0] + -0.000351*delta[1] + -0.000305*delta[2], -0.057238 + -0.000058*delta[0] + -0.000516*delta[1] + -0.000449*delta[2], -0.074824 + -0.000076*delta[0] + -0.000675*delta[1] + -0.000587*delta[2], -0.071712 + -0.000073*delta[0] + -0.000647*delta[1] + -0.000563*delta[2], -0.011324 + -0.000012*delta[0] + -0.000102*delta[1] + -0.000089*delta[2], -0.012586 + -0.000013*delta[0] + -0.000114*delta[1] + -0.000099*delta[2], -0.013298 + -0.000014*delta[0] + -0.000120*delta[1] + -0.000104*delta[2], -0.013455 + -0.000014*delta[0] + -0.000121*delta[1] + -0.000106*delta[2], -0.012787 + -0.000013*delta[0] + -0.000115*delta[1] + -0.000100*delta[2], -0.057265 + -0.000058*delta[0] + -0.000517*delta[1] + -0.000449*delta[2], -0.132582 + -0.000135*delta[0] + -0.001196*delta[1] + -0.001040*delta[2], -0.304070 + -0.000309*delta[0] + -0.002743*delta[1] + -0.002386*delta[2], -0.308583 + -0.000314*delta[0] + -0.002784*delta[1] + -0.002421*delta[2], -0.125609 + -0.000128*delta[0] + -0.001133*delta[1] + -0.000986*delta[2], -0.020548 + -0.000021*delta[0] + -0.000185*delta[1] + -0.000161*delta[2], -0.024714 + -0.000025*delta[0] + -0.000223*delta[1] + -0.000194*delta[2], -0.023074 + -0.000023*delta[0] + -0.000208*delta[1] + -0.000181*delta[2], -0.019827 + -0.000020*delta[0] + -0.000179*delta[1] + -0.000156*delta[2], -0.064686 + -0.000066*delta[0] + -0.000584*delta[1] + -0.000508*delta[2], -0.158419 + -0.000161*delta[0] + -0.001429*delta[1] + -0.001243*delta[2], -0.418551 + -0.000425*delta[0] + -0.003776*delta[1] + -0.003284*delta[2], -0.330403 + -0.000336*delta[0] + -0.002981*delta[1] + -0.002592*delta[2], -0.125039 + -0.000127*delta[0] + -0.001128*delta[1] + -0.000981*delta[2]
-0.014245 + -0.000111*delta[0] + -0.000044*delta[1] + 0.000259*delta[2], -0.011258 + -0.000088*delta[0] + -0.000035*delta[1] + 0.000204*delta[2], -0.009595 + -0.000075*delta[0] + -0.000030*delta[1] + 0.000174*delta[2], -0.012229 + -0.000095*delta[0] + -0.000038*delta[1] + 0.000222*delta[2], -0.012681 + -0.000099*delta[0] + -0.000040*delta[1] + 0.000230*delta[2], -0.012426 + -0.000097*delta[0] + -0.000039*delta[1] + 0.000226*delta[2], -0.011681 + -0.000091*delta[0] + -0.000036*delta[1] + 0.000212*delta[2], -0.010520 + -0.000082*delta[0] + -0.000033*delta[1] + 0.000191*delta[2], -0.009024 + -0.000070*delta[0] + -0.000028*delta[1] + 0.000164*delta[2], -0.020514 + -0.000160*delta[0] + -0.000064*delta[1] + 0.000372*delta[2], -0.020072 + -0.000157*delta[0] + -0.000063*delta[1] + 0.000364*delta[2], -0.017619 + -0.000137*delta[0] + -0.000055*delta[1] + 0.000320*delta[2], -0.014672 + -0.000114*delta[0] + -0.000046*delta[1] + 0.000266*delta[2], -0.011858 + -0.000092*delta[0] + -0.000037*delta[1] + 0.000215*delta[2], -0.038460 + -0.000300*delta[0] + -0.000120*delta[1] + 0.000698*delta[2], -0.031143 + -0.000243*delta[0] + -0.000097*delta[1] + 0.000565*delta[2], -0.023412 + -0.000183*delta[0] + -0.000073*delta[1] + 0.000425*delta[2], -0.093160 + -0.000726*delta[0] + -0.000291*delta[1] + 0.001691*delta[2], -0.068152 + -0.000531*delta[0] + -0.000213*delta[1] + 0.001237*delta[2], -0.042732 + -0.000333*delta[0] + -0.000133*delta[1] + 0.000776*delta[2], -0.026849 + -0.000209*delta[0] + -0.000084*delta[1] + 0.000487*delta[2], -0.010046 + -0.000078*delta[0] + -0.000031*delta[1] + 0.000182*delta[2], -0.009952 + -0.000078*delta[0] + -0.000031*delta[1] + 0.000181*delta[2], -0.008672 + -0.000068*delta[0] + -0.000027*delta[1] + 0.000157*delta[2], -0.018481 + -0.000144*delta[0] + -0.000058*delta[1] + 0.000336*delta[2], -0.118497 + -0.000924*delta[0] + -0.000370*delta[1] + 0.002151*delta[2], -0.170853 + -0.001332*delta[0] + -0.000533*delta[1] + 0.003102*delta[2], -0.023041 + -0.000180*delta[0] + -0.000072*delta[1] + 0.000418*delta[2], -0.171906 + -0.001340*delta[0] + -0.000537*delta[1] + 0.003121*delta[2], -0.110530 + -0.000862*delta[0] + -0.000345*delta[1] + 0.002007*delta[2], -0.057119 + -0.000445*delta[0] + -0.000178*delta[1] + 0.001037*delta[2], -0.013575 + -0.000106*delta[0] + -0.000042*delta[1] + 0.000246*delta[2], -0.013825 + -0.000108*delta[0] + -0.000043*delta[1] + 0.000251*delta[2], -0.013304 + -0.000104*delta[0] + -0.000042*delta[1] + 0.000242*delta[2], -0.012309 + -0.000096*delta[0] + -0.000038*delta[1] + 0.000223*delta[2], -0.010819 + -0.000084*delta[0] + -0.000034*delta[1] + 0.000196*delta[2], -0.556274 + -0.004338*delta[0] + -0.001736*delta[1] + 0.010100*delta[2], -19.225660 + -0.149912*delta[0] + -0.060001*delta[1] + 0.349059*delta[2], -0.245587 + -0.001915*delta[0] + -0.000766*delta[1] + 0.004459*delta[2], -0.060843 + -0.000474*delta[0] + -0.000190*delta[1] + 0.001105*delta[2], -0.028396 + -0.000221*delta[0] + -0.000089*delta[1] + 0.000516*delta[2], -0.023998 + -0.000187*delta[0] + -0.000075*delta[1] + 0.000436*delta[2], -0.020975 + -0.000164*delta[0] + -0.000065*delta[1] + 0.000381*delta[2], -0.017324 + -0.000135*delta[0] + -0.000054*delta[1] + 0.000315*delta[2], -0.013837 + -0.000108*delta[0] + -0.000043*delta[1] + 0.000251*delta[2], -0.201127 + -0.001568*delta[0] + -0.000628*delta[1] + 0.003652*delta[2], -0.225807 + -0.001761*delta[0] + -0.000705*delta[1] + 0.004100*delta[2], -0.126546 + -0.000987*delta[0] + -0.000395*delta[1] + 0.002298*delta[2], -0.060544 + -0.000472*delta[0] + -0.000189*delta[1] + 0.001099*delta[2], -0.033387 + -0.000260*delta[0] + -0.000104*delta[1] + 0.000606*delta[2]
-0.021576 + -0.000255*delta[0] + -0.000346*delta[1] + -0.000260*delta[2], -0.026757 + -0.000316*delta[0] + -0.000429*delta[1] + -0.000323*delta[2], -0.025758 + -0.000304*delta[0] + -0.000413*delta[1] + -0.000311*delta[2], -0.010698 + -0.000126*delta[0] + -0.000171*delta[1] + -0.000129*delta[2], -0.013136 + -0.000155*delta[0] + -0.000211*delta[1] + -0.000158*delta[2], -0.015669 + -0.000185*delta[0] + -0.000251*delta[1] + -0.000189*delta[2], -0.018011 + -0.000213*delta[0] + -0.000289*delta[1] + -0.000217*delta[2], -0.019501 + -0.000230*delta[0] + -0.000313*delta[1] + -0.000235*delta[2], -0.018990 + -0.000224*delta[0] + -0.000304*delta[1] + -0.000229*delta[2], -0.017041 + -0.000201*delta[0] + -0.000273*delta[1] + -0.000205*delta[2], -0.031805 + -0.000375*delta[0] + -0.000510*delta[1] + -0.000383*delta[2], -0.040421 + -0.000477*delta[0] + -0.000648*delta[1] + -0.000487*delta[2], -0.044763 + -0.000528*delta[0] + -0.000717*delta[1] + -0.000540*delta[2], -0.040998 + -0.000484*delta[0] + -0.000657*delta[1] + -0.000494*delta[2], -0.055897 + -0.000660*delta[0] + -0.000896*delta[1] + -0.000674*delta[2], -0.100970 + -0.001191*delta[0] + -0.001618*delta[1] + -0.001217*delta[2], -0.149757 + -0.001767*delta[0] + -0.002400*delta[1] + -0.001805*delta[2], -0.043596 + -0.000514*delta[0] + -0.000699*delta[1] + -0.000526*delta[2], -0.088131 + -0.001040*delta[0] + -0.001413*delta[1] + -0.001062*delta[2], -0.186600 + -0.002202*delta[0] + -0.002991*delta[1] + -0.002250*delta[2], -0.250132 + -0.002952*delta[0] + -0.004009*delta[1] + -0.003016*delta[2], -0.010291 + -0.000121*delta[0] + -0.000165*delta[1] + -0.000124*delta[2], -0.011832 + -0.000140*delta[0] + -0.000190*delta[1] + -0.000143*delta[2], -0.013860 + -0.000164*delta[0] + -0.000222*delta[1] + -0.000167*delta[2], -0.014562 + -0.000172*delta[0] + -0.000233*delta[1] + -0.000176*delta[2], -0.015917 + -0.000188*delta[0] + -0.000255*delta[1] + -0.000192*delta[2], -0.024648 + -0.000291*delta[0] + -0.000395*delta[1] + -0.000297*delta[2], -0.724167 + -0.008545*delta[0] + -0.011606*delta[1] + -0.008730*delta[2], -0.039134 + -0.000462*delta[0] + -0.000627*delta[1] + -0.000472*delta[2], -0.071427 + -0.000843*delta[0] + -0.001145*delta[1] + -0.000861*delta[2], -0.127703 + -0.001507*delta[0] + -0.002047*delta[1] + -0.001540*delta[2], -0.010889 + -0.000128*delta[0] + -0.000175*delta[1] + -0.000131*delta[2], -0.013075 + -0.000154*delta[0] + -0.000210*delta[1] + -0.000158*delta[2], -0.015257 + -0.000180*delta[0] + -0.000245*delta[1] + -0.000184*delta[2], -0.017249 + -0.000204*delta[0] + -0.000276*delta[1] + -0.000208*delta[2], -0.018117 + -0.000214*delta[0] + -0.000290*delta[1] + -0.000218*delta[2], -0.022592 + -0.000267*delta[0] + -0.000362*delta[1] + -0.000272*delta[2], -0.037599 + -0.000444*delta[0] + -0.000603*delta[1] + -0.000453*delta[2], -0.071563 + -0.000844*delta[0] + -0.001147*delta[1] + -0.000863*delta[2], -0.142378 + -0.001680*delta[0] + -0.002282*delta[1] + -0.001716*delta[2], -0.225309 + -0.002659*delta[0] + -0.003611*delta[1] + -0.002716*delta[2], -0.015776 + -0.000186*delta[0] + -0.000253*delta[1] + -0.000190*delta[2], -0.024301 + -0.000287*delta[0] + -0.000389*delta[1] + -0.000293*delta[2], -0.027144 + -0.000320*delta[0] + -0.000435*delta[1] + -0.000327*delta[2], -0.027082 + -0.000320*delta[0] + -0.000434*delta[1] + -0.000327*delta[2], -0.021490 + -0.000254*delta[0] + -0.000344*delta[1] + -0.000259*delta[2], -0.031947 + -0.000377*delta[0] + -0.000512*delta[1] + -0.000385*delta[2], -0.048447 + -0.000572*delta[0] + -0.000776*delta[1] + -0.000584*delta[2], -0.068342 + -0.000806*delta[0] + -0.001095*delta[1] + -0.000824*delta[2], -0.079140 + -0.000934*delta[0] + -0.001268*delta[1] + -0.000954*delta[2]
-0.013561 + -0.000186*delta[0] + -0.000208*delta[1] + -0.000085*delta[2], -0.011410 + -0.000156*delta[0] + -0.000175*delta[1] + -0.000071*delta[2], -0.009934 + -0.000136*delta[0] + -0.000152*delta[1] + -0.000062*delta[2], -0.013115 + -0.000180*delta[0] + -0.000201*delta[1] + -0.000082*delta[2], -0.014048 + -0.000192*delta[0] + -0.000215*delta[1] + -0.000088*delta[2], -0.014084 + -0.000193*delta[0] + -0.000216*delta[1] + -0.000088*delta[2], -0.013515 + -0.000185*delta[0] + -0.000207*delta[1] + -0.000084*delta[2], -0.012276 + -0.000168*delta[0] + -0.000188*delta[1] + -0.000077*delta[2], -0.010542 + -0.000144*delta[0] + -0.000161*delta[1] + -0.000066*delta[2], -0.018323 + -0.000251*delta[0] + -0.000280*delta[1] + -0.000115*delta[2], -0.019578 + -0.000268*delta[0] + -0.000300*delta[1] + -0.000122*delta[2], -0.017902 + -0.000245*delta[0] + -0.000274*delta[1] + -0.000112*delta[2], -0.015414 + -0.000211*delta[0] + -0.000236*delta[1] + -0.000096*delta[2], -0.012720 + -0.000174*delta[0] + -0.000195*delta[1] + -0.000079*delta[2], -0.027463 + -0.000376*delta[0] + -0.000420*delta[1] + -0.000172*delta[2], -0.024996 + -0.000342*delta[0] + -0.000383*delta[1] + -0.000156*delta[2], -0.020867 + -0.000286*delta[0] + -0.000319*delta[1] + -0.000130*delta[2], -0.038636 + -0.000529*delta[0] + -0.000591*delta[1] + -0.000241*delta[2], -0.036501 + -0.000500*delta[0] + -0.000559*delta[1] + -0.000228*delta[2], -0.029830 + -0.000409*delta[0] + -0.000457*delta[1] + -0.000186*delta[2], -0.022623 + -0.000310*delta[0] + -0.000346*delta[1] + -0.000141*delta[2], -0.011953 + -0.000164*delta[0] + -0.000183*delta[1] + -0.000075*delta[2], -0.012099 + -0.000166*delta[0] + -0.000185*delta[1] + -0.000076*delta[2], -0.010689 + -0.000146*delta[0] + -0.000164*delta[1] + -0.000067*delta[2], -0.019260 + -0.000264*delta[0] + -0.000295*delta[1] + -0.000120*delta[2], -0.047175 + -0.000646*delta[0] + -0.000722*delta[1] + -0.000295*delta[2], -0.064333 + -0.000881*delta[0] + -0.000985*delta[1] + -0.000402*delta[2], -0.024567 + -0.000337*delta[0] + -0.000376*delta[1] + -0.000154*delta[2], -0.051925 + -0.000711*delta[0] + -0.000795*delta[1] + -0.000325*delta[2], -0.049816 + -0.000683*delta[0] + -0.000762*delta[1] + -0.000311*delta[2], -0.038585 + -0.000529*delta[0] + -0.000590*delta[1] + -0.000241*delta[2], -0.017315 + -0.000237*delta[0] + -0.000265*delta[1] + -0.000108*delta[2], -0.018433 + -0.000253*delta[0] + -0.000282*delta[1] + -0.000115*delta[2], -0.018098 + -0.000248*delta[0] + -0.000277*delta[1] + -0.000113*delta[2], -0.016796 + -0.000230*delta[0] + -0.000257*delta[1] + -0.000105*delta[2], -0.014523 + -0.000199*delta[0] + -0.000222*delta[1] + -0.000091*delta[2], -0.118561 + -0.001624*delta[0] + -0.001814*delta[1] + -0.000741*delta[2], -0.205840 + -0.002820*delta[0] + -0.003150*delta[1] + -0.001286*delta[2], -0.178775 + -0.002449*delta[0] + -0.002736*delta[1] + -0.001117*delta[2], -0.092790 + -0.001271*delta[0] + -0.001420*delta[1] + -0.000580*delta[2], -0.046534 + -0.000638*delta[0] + -0.000712*delta[1] + -0.000291*delta[2], -0.037795 + -0.000518*delta[0] + -0.000578*delta[1] + -0.000236*delta[2], -0.034949 + -0.000479*delta[0] + -0.000535*delta[1] + -0.000218*delta[2], -0.027245 + -0.000373*delta[0] + -0.000417*delta[1] + -0.000170*delta[2], -0.020271 + -0.000278*delta[0] + -0.000310*delta[1] + -0.000127*delta[2], -0.184365 + -0.002526*delta[0] + -0.002821*delta[1] + -0.001152*delta[2], -34.620129 + -0.474343*delta[0] + -0.529810*delta[1] + -0.216361*delta[2], -0.601551 + -0.008242*delta[0] + -0.009206*delta[1] + -0.003759*delta[2], -0.098260 + -0.001346*delta[0] + -0.001504*delta[1] + -0.000614*delta[2], -0.039105 + -0.000536*delta[0] + -0.000598*delta[1] + -0.000244*delta[2]
-0.013772 + -0.000123*delta[0] + -0.000042*delta[1] + -0.000035*delta[2], -0.011563 + -0.000103*delta[0] + -0.000035*delta[1] + -0.000029*delta[2], -0.010049 + -0.000090*delta[0] + -0.000030*delta[1] + -0.000025*delta[2], -0.013409 + -0.000120*delta[0] + -0.000041*delta[1] + -0.000034*delta[2], -0.014384 + -0.000128*delta[0] + -0.000044*delta[1] + -0.000036*delta[2], -0.014423 + -0.000129*delta[0] + -0.000044*delta[1] + -0.000036*delta[2], -0.013825 + -0.000123*delta[0] + -0.000042*delta[1] + -0.000035*delta[2], -0.012530 + -0.000112*delta[0] + -0.000038*delta[1] + -0.000031*delta[2], -0.010729 + -0.000096*delta[0] + -0.000033*delta[1] + -0.000027*delta[2], -0.018642 + -0.000166*delta[0] + -0.000056*delta[1] + -0.000047*delta[2], -0.019951 + -0.000178*delta[0] + -0.000060*delta[1] + -0.000050*delta[2], -0.018212 + -0.000162*delta[0] + -0.000055*delta[1] + -0.000046*delta[2], -0.015643 + -0.000140*delta[0] + -0.000047*delta[1] + -0.000039*delta[2], -0.012877 + -0.000115*delta[0] + -0.000039*delta[1] + -0.000032*delta[2], -0.027606 + -0.000246*delta[0] + -0.000084*delta[1] + -0.000069*delta[2], -0.025127 + -0.000224*delta[0] + -0.000076*delta[1] + -0.000063*delta[2], -0.020968 + -0.000187*delta[0] + -0.000064*delta[1] + -0.000053*delta[2], -0.037900 + -0.000338*delta[0] + -0.000115*delta[1] + -0.000095*delta[2], -0.035889 + -0.000320*delta[0] + -0.000109*delta[1] + -0.000090*delta[2], -0.029446 + -0.000263*delta[0] + -0.000089*delta[1] + -0.000074*delta[2], -0.022418 + -0.000200*delta[0] + -0.000068*delta[1] + -0.000056*delta[2], -0.012249 + -0.000109*delta[0] + -0.000037*delta[1] + -0.000031*delta[2], -0.012403 + -0.000111*delta[0] + -0.000038*delta[1] + -0.000031*delta[2], -0.010922 + -0.000097*delta[0] + -0.000033*delta[1] + -0.000027*delta[2], -0.019737 + -0.000176*delta[0] + -0.000060*delta[1] + -0.000049*delta[2], -0.046731 + -0.000417*delta[0] + -0.000142*delta[1] + -0.000117*delta[2], -0.063707 + -0.000568*delta[0] + -0.000193*delta[1] + -0.000160*delta[2], -0.024535 + -0.000219*delta[0] + -0.000074*delta[1] + -0.000062*delta[2], -0.050194 + -0.000448*delta[0] + -0.000152*delta[1] + -0.000126*delta[2], -0.048258 + -0.000430*delta[0] + -0.000146*delta[1] + -0.000121*delta[2], -0.037661 + -0.000336*delta[0] + -0.000114*delta[1] + -0.000094*delta[2], -0.017842 + -0.000159*delta[0] + -0.000054*delta[1] + -0.000045*delta[2], -0.019032 + -0.000170*delta[0] + -0.000058*delta[1] + -0.000048*delta[2], -0.018677 + -0.000167*delta[0] + -0.000057*delta[1] + -0.000047*delta[2], -0.017287 + -0.000154*delta[0] + -0.000052*delta[1] + -0.000043*delta[2], -0.014885 + -0.000133*delta[0] + -0.000045*delta[1] + -0.000037*delta[2], -0.113634 + -0.001013*delta[0] + -0.000344*delta[1] + -0.000285*delta[2], -0.191926 + -0.001712*delta[0] + -0.000582*delta[1] + -0.000481*delta[2], -0.168867 + -0.001506*delta[0] + -0.000512*delta[1] + -0.000423*delta[2], -0.090283 + -0.000805*delta[0] + -0.000274*delta[1] + -0.000226*delta[2], -0.046086 + -0.000411*delta[0] + -0.000140*delta[1] + -0.000116*delta[2], -0.039565 + -0.000353*delta[0] + -0.000120*delta[1] + -0.000099*delta[2], -0.036468 + -0.000325*delta[0] + -0.000111*delta[1] + -0.000091*delta[2], -0.028168 + -0.000251*delta[0] + -0.000085*delta[1] + -0.000071*delta[2], -0.020772 + -0.000185*delta[0] + -0.000063*delta[1] + -0.000052*delta[2], -0.181594 + -0.001620*delta[0] + -0.000550*delta[1] + -0.000455*delta[2], -30.479937 + -0.271841*delta[0] + -0.092366*delta[1] + -0.076404*delta[2], -0.628001 + -0.005601*delta[0] + -0.001903*delta[1] + -0.001574*delta[2], -0.098668 + -0.000880*delta[0] + -0.000299*delta[1] + -0.000247*delta[2], -0.037488 + -0.000334*delta[0] + -0.000114*delta[1] + -0.000094*delta[2]
-0.053003 + -0.000153*delta[0] + -0.000425*delta[1] + -0.000048*delta[2], -0.053632 + -0.000155*delta[0] + -0.000430*delta[1] + -0.000049*delta[2], -0.040460 + -0.000117*delta[0] + -0.000324*delta[1] + -0.000037*delta[2], -0.016094 + -0.000047*delta[0] + -0.000129*delta[1] + -0.000015*delta[2], -0.020190 + -0.000058*delta[0] + -0.000162*delta[1] + -0.000018*delta[2], -0.024116 + -0.000070*delta[0] + -0.000193*delta[1] + -0.000022*delta[2], -0.026490 + -0.000077*delta[0] + -0.000212*delta[1] + -0.000024*delta[2], -0.026335 + -0.000076*delta[0] + -0.000211*delta[1] + -0.000024*delta[2], -0.022879 + -0.000066*delta[0] + -0.000183*delta[1] + -0.000021*delta[2], -0.033945 + -0.000098*delta[0] + -0.000272*delta[1] + -0.000031*delta[2], -0.085580 + -0.000247*delta[0] + -0.000686*delta[1] + -0.000077*delta[2], -0.105230 + -0.000304*delta[0] + -0.000843*delta[1] + -0.000095*delta[2], -0.085800 + -0.000248*delta[0] + -0.000687*delta[1] + -0.000078*delta[2], -0.054244 + -0.000157*delta[0] + -0.000435*delta[1] + -0.000049*delta[2], -0.179399 + -0.000519*delta[0] + -0.001437*delta[1] + -0.000162*delta[2], -25.023422 + -0.072340*delta[0] + -0.200448*delta[1] + -0.022647*delta[2], -0.652790 + -0.001887*delta[0] + -0.005229*delta[1] + -0.000591*delta[2], -0.058992 + -0.000171*delta[0] + -0.000473*delta[1] + -0.000053*delta[2], -0.093752 + -0.000271*delta[0] + -0.000751*delta[1] + -0.000085*delta[2], -0.111222 + -0.000322*delta[0] + -0.000891*delta[1] + -0.000101*delta[2], -0.086882 + -0.000251*delta[0] + -0.000696*delta[1] + -0.000079*delta[2], -0.013630 + -0.000039*delta[0] + -0.000109*delta[1] + -0.000012*delta[2], -0.015254 + -0.000044*delta[0] + -0.000122*delta[1] + -0.000014*delta[2], -0.016038 + -0.000046*delta[0] + -0.000128*delta[1] + -0.000015*delta[2], -0.023574 + -0.000068*delta[0] + -0.000189*delta[1] + -0.000021*delta[2], -0.033787 + -0.000098*delta[0] + -0.000271*delta[1] + -0.000031*delta[2], -0.058711 + -0.000170*delta[0] + -0.000470*delta[1] + -0.000053*delta[2], -0.075875 + -0.000219*delta[0] + -0.000608*delta[1] + -0.000069*delta[2], -0.037968 + -0.000110*delta[0] + -0.000304*delta[1] + -0.000034*delta[2], -0.049414 + -0.000143*delta[0] + -0.000396*delta[1] + -0.000045*delta[2], -0.053788 + -0.000155*delta[0] + -0.000431*delta[1] + -0.000049*delta[2], -0.013279 + -0.000038*delta[0] + -0.000106*delta[1] + -0.000012*delta[2], -0.015525 + -0.000045*delta[0] + -0.000124*delta[1] + -0.000014*delta[2], -0.017293 + -0.000050*delta[0] + -0.000139*delta[1] + -0.000016*delta[2], -0.018268 + -0.000053*delta[0] + -0.000146*delta[1] + -0.000017*delta[2], -0.017822 + -0.000052*delta[0] + -0.000143*delta[1] + -0.000016*delta[2], -0.023482 + -0.000068*delta[0] + -0.000188*delta[1] + -0.000021*delta[2], -0.031827 + -0.000092*delta[0] + -0.000255*delta[1] + -0.000029*delta[2], -0.041357 + -0.000120*delta[0] + -0.000331*delta[1] + -0.000037*delta[2], -0.045607 + -0.000132*delta[0] + -0.000365*delta[1] + -0.000041*delta[2], -0.043260 + -0.000125*delta[0] + -0.000347*delta[1] + -0.000039*delta[2], -0.016804 + -0.000049*delta[0] + -0.000135*delta[1] + -0.000015*delta[2], -0.021830 + -0.000063*delta[0] + -0.000175*delta[1] + -0.000020*delta[2], -0.022014 + -0.000064*delta[0] + -0.000176*delta[1] + -0.000020*delta[2], -0.020212 + -0.000058*delta[0] + -0.000162*delta[1] + -0.000018*delta[2], -0.019390 + -0.000056*delta[0] + -0.000155*delta[1] + -0.000018*delta[2], -0.023925 + -0.000069*delta[0] + -0.000192*delta[1] + -0.000022*delta[2], -0.027789 + -0.000080*delta[0] + -0.000223*delta[1] + -0.000025*delta[2], -0.029206 + -0.000084*delta[0] + -0.000234*delta[1] + -0.000026*delta[2], -0.027458 + -0.000079*delta[0] + -0.000220*delta[1] + -0.000025*delta[2]
-0.029856 + 0.000068*delta[0] + 0.000067*delta[1] + 0.000266*delta[2], -0.028287 + 0.000065*delta[0] + 0.000063*delta[1] + 0.000252*delta[2], -0.023543 + 0.000054*delta[0] + 0.000053*delta[1] + 0.000210*delta[2], -0.022683 + 0.000052*delta[0] + 0.000051*delta[1] + 0.000202*delta[2], -0.030258 + 0.000069*delta[0] + 0.000068*delta[1] + 0.000270*delta[2], -0.037313 + 0.000085*delta[0] + 0.000083*delta[1] + 0.000333*delta[2], -0.041059 + 0.000094*delta[0] + 0.000092*delta[1] + 0.000366*delta[2], -0.038111 + 0.000087*delta[0] + 0.000085*delta[1] + 0.000340*delta[2], -0.030069 + 0.000069*delta[0] + 0.000067*delta[1] + 0.000268*delta[2], -0.029013 + 0.000066*delta[0] + 0.000065*delta[1] + 0.000259*delta[2], -0.052555 + 0.000120*delta[0] + 0.000117*delta[1] + 0.000468*delta[2], -0.055257 + 0.000126*delta[0] + 0.000123*delta[1] + 0.000493*delta[2], -0.046920 + 0.000107*delta[0] + 0.000105*delta[1] + 0.000418*delta[2], -0.034460 + 0.000079*delta[0] + 0.000077*delta[1] + 0.000307*delta[2], -0.041159 + 0.000094*delta[0] + 0.000092*delta[1] + 0.000367*delta[2], -0.045771 + 0.000104*delta[0] + 0.000102*delta[1] + 0.000408*delta[2], -0.042485 + 0.000097*delta[0] + 0.000095*delta[1] + 0.000379*delta[2], -0.026026 + 0.000059*delta[0] + 0.000058*delta[1] + 0.000232*delta[2], -0.030120 + 0.000069*delta[0] + 0.000067*delta[1] + 0.000268*delta[2], -0.030555 + 0.000070*delta[0] + 0.000068*delta[1] + 0.000272*delta[2], -0.027419 + 0.000063*delta[0] + 0.000061*delta[1] + 0.000244*delta[2], -0.024707 + 0.000056*delta[0] + 0.000055*delta[1] + 0.000220*delta[2], -0.029548 + 0.000067*delta[0] + 0.000066*delta[1] + 0.000263*delta[2], -0.029561 + 0.000067*delta[0] + 0.000066*delta[1] + 0.000264*delta[2], -0.032947 + 0.000075*delta[0] + 0.000074*delta[1] + 0.000294*delta[2], -0.026424 + 0.000060*delta[0] + 0.000059*delta[1] + 0.000236*delta[2], -0.040111 + 0.000092*delta[0] + 0.000090*delta[1] + 0.000358*delta[2], -0.041137 + 0.000094*delta[0] + 0.000092*delta[1] + 0.000367*delta[2], -0.024666 + 0.000056*delta[0] + 0.000055*delta[1] + 0.000220*delta[2], -0.028370 + 0.000065*delta[0] + 0.000063*delta[1] + 0.000253*delta[2], -0.028555 + 0.000065*delta[0] + 0.000064*delta[1] + 0.000255*delta[2], -0.030536 + 0.000070*delta[0] + 0.000068*delta[1] + 0.000272*delta[2], -0.043080 + 0.000098*delta[0] + 0.000096*delta[1] + 0.000384*delta[2], -0.054541 + 0.000125*delta[0] + 0.000122*delta[1] + 0.000486*delta[2], -0.058205 + 0.000133*delta[0] + 0.000130*delta[1] + 0.000519*delta[2], -0.048513 + 0.000111*delta[0] + 0.000108*delta[1] + 0.000432*delta[2], -0.028285 + 0.000065*delta[0] + 0.000063*delta[1] + 0.000252*delta[2], -0.039429 + 0.000090*delta[0] + 0.000088*delta[1] + 0.000351*delta[2], -0.051152 + 0.000117*delta[0] + 0.000114*delta[1] + 0.000456*delta[2], -0.054288 + 0.000124*delta[0] + 0.000121*delta[1] + 0.000484*delta[2], -0.046772 + 0.000107*delta[0] + 0.000105*delta[1] + 0.000417*delta[2], -0.061884 + 0.000141*delta[0] + 0.000138*delta[1] + 0.000552*delta[2], -0.170372 + 0.000389*delta[0] + 0.000381*delta[1] + 0.001519*delta[2], -0.135848 + 0.000310*delta[0] + 0.000304*delta[1] + 0.001211*delta[2], -0.074294 + 0.000170*delta[0] + 0.000166*delta[1] + 0.000662*delta[2], -0.037648 + 0.000086*delta[0] + 0.000084*delta[1] + 0.000336*delta[2], -0.058755 + 0.000134*delta[0] + 0.000131*delta[1] + 0.000524*delta[2], -0.080728 + 0.000184*delta[0] + 0.000180*delta[1] + 0.000720*delta[2], -0.086593 + 0.000198*delta[0] + 0.000193*delta[1] + 0.000772*delta[2], -0.065170 + 0.000149*delta[0] + 0.000146*delta[1] + 0.000581*delta[2]
-0.065880 + 0.000268*delta[0] + 0.000089*delta[1] + -0.000455*delta[2], -0.338079 + 0.001373*delta[0] + 0.000456*delta[1] + -0.002337*delta[2], -0.275411 + 0.001118*delta[0] + 0.000371*delta[1] + -0.001904*delta[2], -0.017077 + 0.000069*delta[0] + 0.000023*delta[1] + -0.000118*delta[2], -0.025795 + 0.000105*delta[0] + 0.000035*delta[1] + -0.000178*delta[2], -0.040914 + 0.000166*delta[0] + 0.000055*delta[1] + -0.000283*delta[2], -0.065479 + 0.000266*delta[0] + 0.000088*delta[1] + -0.000453*delta[2], -0.094294 + 0.000383*delta[0] + 0.000127*delta[1] + -0.000652*delta[2], -0.092815 + 0.000377*delta[0] + 0.000125*delta[1] + -0.000642*delta[2], -0.014770 + 0.000060*delta[0] + 0.000020*delta[1] + -0.000102*delta[2], -0.051052 + 0.000207*delta[0] + 0.000069*delta[1] + -0.000353*delta[2], -0.193305 + 0.000785*delta[0] + 0.000261*delta[1] + -0.001336*delta[2], -24.168255 + 0.098139*delta[0] + 0.032583*delta[1] + -0.167088*delta[2], -0.640814 + 0.002602*delta[0] + 0.000864*delta[1] + -0.004430*delta[2], -0.043286 + 0.000176*delta[0] + 0.000058*delta[1] + -0.000299*delta[2], -0.071978 + 0.000292*delta[0] + 0.000097*delta[1] + -0.000498*delta[2], -0.107344 + 0.000436*delta[0] + 0.000145*delta[1] + -0.000742*delta[2], -0.017765 + 0.000072*delta[0] + 0.000024*delta[1] + -0.000123*delta[2], -0.022820 + 0.000093*delta[0] + 0.000031*delta[1] + -0.000158*delta[2], -0.027612 + 0.000112*delta[0] + 0.000037*delta[1] + -0.000191*delta[2], -0.030423 + 0.000124*delta[0] + 0.000041*delta[1] + -0.000210*delta[2], -0.019274 + 0.000078*delta[0] + 0.000026*delta[1] + -0.000133*delta[2], -0.025789 + 0.000105*delta[0] + 0.000035*delta[1] + -0.000178*delta[2], -0.038995 + 0.000158*delta[0] + 0.000053*delta[1] + -0.000270*delta[2], -0.020615 + 0.000084*delta[0] + 0.000028*delta[1] + -0.000143*delta[2], -0.014460 + 0.000059*delta[0] + 0.000019*delta[1] + -0.000100*delta[2], -0.020006 + 0.000081*delta[0] + 0.000027*delta[1] + -0.000138*delta[2], -0.043839 + 0.000178*delta[0] + 0.000059*delta[1] + -0.000303*delta[2], -0.014334 + 0.000058*delta[0] + 0.000019*delta[1] + -0.000099*delta[2], -0.017255 + 0.000070*delta[0] + 0.000023*delta[1] + -0.000119*delta[2], -0.019634 + 0.000080*delta[0] + 0.000026*delta[1] + -0.000136*delta[2], -0.015200 + 0.000062*delta[0] + 0.000020*delta[1] + -0.000105*delta[2], -0.020355 + 0.000083*delta[0] + 0.000027*delta[1] + -0.000141*delta[2], -0.026930 + 0.000109*delta[0] + 0.000036*delta[1] + -0.000186*delta[2], -0.034235 + 0.000139*delta[0] + 0.000046*delta[1] + -0.000237*delta[2], -0.038950 + 0.000158*delta[0] + 0.000053*delta[1] + -0.000269*delta[2], -0.011852 + 0.000048*delta[0] + 0.000016*delta[1] + -0.000082*delta[2], -0.014806 + 0.000060*delta[0] + 0.000020*delta[1] + -0.000102*delta[2], -0.018367 + 0.000075*delta[0] + 0.000025*delta[1] + -0.000127*delta[2], -0.021469 + 0.000087*delta[0] + 0.000029*delta[1] + -0.000148*delta[2], -0.023707 + 0.000096*delta[0] + 0.000032*delta[1] + -0.000164*delta[2], -0.016661 + 0.000068*delta[0] + 0.000022*delta[1] + -0.000115*delta[2], -0.028346 + 0.000115*delta[0] + 0.000038*delta[1] + -0.000196*delta[2], -0.034049 + 0.000138*delta[0] + 0.000046*delta[1] + -0.000235*delta[2], -0.035683 + 0.000145*delta[0] + 0.000048*delta[1] + -0.000247*delta[2], -0.011875 + 0.000048*delta[0] + 0.000016*delta[1] + -0.000082*delta[2], -0.014608 + 0.000059*delta[0] + 0.000020*delta[1] + -0.000101*delta[2], -0.017467 + 0.000071*delta[0] + 0.000024*delta[1] + -0.000121*delta[2], -0.020129 + 0.000082*delta[0] + 0.000027*delta[1] + -0.000139*delta[2], -0.021479 + 0.000087*delta[0] + 0.000029*delta[1] + -0.000148*delta[2]
-0.023351 + 0.000152*delta[0] + 0.000139*delta[1] + 0.000306*delta[2], -0.029178 + 0.000190*delta[0] + 0.000174*delta[1] + 0.000383*delta[2], -0.027593 + 0.000180*delta[0] + 0.000164*delta[1] + 0.000362*delta[2], -0.017058 + 0.000111*delta[0] + 0.000101*delta[1] + 0.000224*delta[2], -0.023934 + 0.000156*delta[0] + 0.000142*delta[1] + 0.000314*delta[2], -0.033171 + 0.000216*delta[0] + 0.000197*delta[1] + 0.000435*delta[2], -0.044147 + 0.000287*delta[0] + 0.000263*delta[1] + 0.000579*delta[2], -0.051017 + 0.000332*delta[0] + 0.000303*delta[1] + 0.000669*delta[2], -0.046875 + 0.000305*delta[0] + 0.000279*delta[1] + 0.000615*delta[2], -0.018198 + 0.000118*delta[0] + 0.000108*delta[1] + 0.000239*delta[2], -0.035402 + 0.000230*delta[0] + 0.000211*delta[1] + 0.000464*delta[2], -0.045006 + 0.000293*delta[0] + 0.000268*delta[1] + 0.000590*delta[2], -0.049136 + 0.000320*delta[0] + 0.000292*delta[1] + 0.000644*delta[2], -0.043938 + 0.000286*delta[0] + 0.000261*delta[1] + 0.000576*delta[2], -0.024030 + 0.000156*delta[0] + 0.000143*delta[1] + 0.000315*delta[2], -0.029563 + 0.000192*delta[0] + 0.000176*delta[1] + 0.000388*delta[2], -0.033045 + 0.000215*delta[0] + 0.000197*delta[1] + 0.000433*delta[2], -0.015756 + 0.000103*delta[0] + 0.000094*delta[1] + 0.000207*delta[2], -0.018925 + 0.000123*delta[0] + 0.000113*delta[1] + 0.000248*delta[2], -0.021260 + 0.000138*delta[0] + 0.000126*delta[1] + 0.000279*delta[2], -0.021933 + 0.000143*delta[0] + 0.000130*delta[1] + 0.000288*delta[2], -0.022567 + 0.000147*delta[0] + 0.000134*delta[1] + 0.000296*delta[2], -0.030936 + 0.000201*delta[0] + 0.000184*delta[1] + 0.000406*delta[2], -0.044648 + 0.000291*delta[0] + 0.000266*delta[1] + 0.000586*delta[2], -0.020321 + 0.000132*delta[0] + 0.000121*delta[1] + 0.000267*delta[2], -0.014702 + 0.000096*delta[0] + 0.000087*delta[1] + 0.000193*delta[2], -0.020526 + 0.000134*delta[0] + 0.000122*delta[1] + 0.000269*delta[2], -0.037668 + 0.000245*delta[0] + 0.000224*delta[1] + 0.000494*delta[2], -0.015048 + 0.000098*delta[0] + 0.000090*delta[1] + 0.000197*delta[2], -0.017914 + 0.000117*delta[0] + 0.000107*delta[1] + 0.000235*delta[2], -0.019835 + 0.000129*delta[0] + 0.000118*delta[1] + 0.000260*delta[2], -0.023170 + 0.000151*delta[0] + 0.000138*delta[1] + 0.000304*delta[2], -0.036577 + 0.000238*delta[0] + 0.000218*delta[1] + 0.000480*delta[2], -0.059338 + 0.000386*delta[0] + 0.000353*delta[1] + 0.000778*delta[2], -0.093121 + 0.000606*delta[0] + 0.000554*delta[1] + 0.001221*delta[2], -0.107655 + 0.000701*delta[0] + 0.000640*delta[1] + 0.001412*delta[2], -0.015825 + 0.000103*delta[0] + 0.000094*delta[1] + 0.000208*delta[2], -0.020957 + 0.000136*delta[0] + 0.000125*delta[1] + 0.000275*delta[2], -0.027407 + 0.000178*delta[0] + 0.000163*delta[1] + 0.000359*delta[2], -0.033179 + 0.000216*delta[0] + 0.000197*delta[1] + 0.000435*delta[2], -0.035737 + 0.000233*delta[0] + 0.000213*delta[1] + 0.000469*delta[2], -0.033044 + 0.000215*delta[0] + 0.000197*delta[1] + 0.000433*delta[2], -0.184782 + 0.001203*delta[0] + 0.001099*delta[1] + 0.002423*delta[2], -0.552409 + 0.003596*delta[0] + 0.003286*delta[1] + 0.007245*delta[2], -0.393023 + 0.002558*delta[0] + 0.002338*delta[1] + 0.005154*delta[2], -0.020026 + 0.000130*delta[0] + 0.000119*delta[1] + 0.000263*delta[2], -0.028969 + 0.000189*delta[0] + 0.000172*delta[1] + 0.000380*delta[2], -0.040907 + 0.000266*delta[0] + 0.000243*delta[1] + 0.000536*delta[2], -0.054609 + 0.000355*delta[0] + 0.000325*delta[1] + 0.000716*delta[2], -0.058711 + 0.000382*delta[0] + 0.000349*delta[1] + 0.000770*delta[2]
-0.014445 + -0.000056*delta[0] + 0.000094*delta[1], -0.010696 + -0.000042*delta[0] + 0.000070*delta[1], -0.008915 + -0.000035*delta[0] + 0.000058*delta[1], -0.026984 + -0.000105*delta[0] + 0.000176*delta[1], -0.026549 + -0.000103*delta[0] + 0.000173*delta[1], -0.023316 + -0.000091*delta[0] + 0.000152*delta[1], -0.019353 + -0.000075*delta[0] + 0.000126*delta[1], -0.015291 + -0.000059*delta[0] + 0.000100*delta[1], -0.011832 + -0.000046*delta[0] + 0.000077*delta[1], -0.022391 + -0.000087*delta[0] + 0.000146*delta[1], -0.019468 + -0.000076*delta[0] + 0.000127*delta[1], -0.016193 + -0.000063*delta[0] + 0.000106*delta[1], -0.013092 + -0.000051*delta[0] + 0.000085*delta[1], -0.010441 + -0.000041*delta[0] + 0.000068*delta[1], -0.016006 + -0.000062*delta[0] + 0.000104*delta[1], -0.014141 + -0.000055*delta[0] + 0.000092*delta[1], -0.011994 + -0.000047*delta[0] + 0.000078*delta[1], -0.014003 + -0.000054*delta[0] + 0.000091*delta[1], -0.012968 + -0.000050*delta[0] + 0.000085*delta[1], -0.011385 + -0.000044*delta[0] + 0.000074*delta[1], -0.009702 + -0.000038*delta[0] + 0.000063*delta[1], -0.027661 + -0.000108*delta[0] + 0.000180*delta[1], -0.024571 + -0.000096*delta[0] + 0.000160*delta[1], -0.015623 + -0.000061*delta[0] + 0.000102*delta[1], -0.036122 + -0.000140*delta[0] + 0.000235*delta[1] + -0.000001*delta[2], -0.021216 + -0.000082*delta[0] + 0.000138*delta[1], -0.022174 + -0.000086*delta[0] + 0.000145*delta[1], -0.011263 + -0.000044*delta[0] + 0.000073*delta[1], -0.014699 + -0.000057*delta[0] + 0.000096*delta[1], -0.013590 + -0.000053*delta[0] + 0.000089*delta[1], -0.011794 + -0.000046*delta[0] + 0.000077*delta[1], -0.068998 + -0.000268*delta[0] + 0.000450*delta[1] + -0.000002*delta[2], -0.060514 + -0.000235*delta[0] + 0.000394*delta[1] + -0.000002*delta[2], -0.043245 + -0.000168*delta[0] + 0.000282*delta[1] + -0.000002*delta[2], -0.029358 + -0.000114*delta[0] + 0.000191*delta[1] + -0.000001*delta[2], -0.019773 + -0.000077*delta[0] + 0.000129*delta[1], -0.026402 + -0.000103*delta[0] + 0.000172*delta[1], -0.025525 + -0.000099*delta[0] + 0.000166*delta[1], -0.022424 + -0.000087*delta[0] + 0.000146*delta[1], -0.018262 + -0.000071*delta[0] + 0.000119*delta[1], -0.014354 + -0.000056*delta[0] + 0.000094*delta[1], -0.439317 + -0.001708*delta[0] + 0.002864*delta[1] + -0.000016*delta[2], -0.057681 + -0.000224*delta[0] + 0.000376*delta[1] + -0.000002*delta[2], -0.028973 + -0.000113*delta[0] + 0.000189*delta[1] + -0.000001*delta[2], -0.017436 + -0.000068*delta[0] + 0.000114*delta[1], -0.052719 + -0.000205*delta[0] + 0.000344*delta[1] + -0.000002*delta[2], -0.048608 + -0.000189*delta[0] + 0.000317*delta[1] + -0.000002*delta[2], -0.036897 + -0.000143*delta[0] + 0.000241*delta[1] + -0.000001*delta[2], -0.026625 + -0.000104*delta[0] + 0.000174*delta[1], -0.018520 + -0.000072*delta[0] + 0.000121*delta[1]
-0.020570 + 0.000291*delta[0] + -0.000176*delta[1] + 0.000200*delta[2], -0.015006 + 0.000213*delta[0] + -0.000128*delta[1] + 0.000146*delta[2], -0.012157 + 0.000172*delta[0] + -0.000104*delta[1] + 0.000118*delta[2], -0.039786 + 0.000563*delta[0] + -0.000340*delta[1] + 0.000386*delta[2], -0.043909 + 0.000622*delta[0] + -0.000375*delta[1] + 0.000426*delta[2], -0.040122 + 0.000568*delta[0] + -0.000342*delta[1] + 0.000390*delta[2], -0.032495 + 0.000460*delta[0] + -0.000277*delta[1] + 0.000316*delta[2], -0.024125 + 0.000342*delta[0] + -0.000206*delta[1] + 0.000234*delta[2], -0.017417 + 0.000247*delta[0] + -0.000149*delta[1] + 0.000169*delta[2], -0.029956 + 0.000424*delta[0] + -0.000256*delta[1] + 0.000291*delta[2], -0.029172 + 0.000413*delta[0] + -0.000249*delta[1] + 0.000283*delta[2], -0.024028 + 0.000340*delta[0] + -0.000205*delta[1] + 0.000233*delta[2], -0.018780 + 0.000266*delta[0] + -0.000160*delta[1] + 0.000182*delta[2], -0.014379 + 0.000204*delta[0] + -0.000123*delta[1] + 0.000140*delta[2], -0.019858 + 0.000281*delta[0] + -0.000169*delta[1] + 0.000193*delta[2], -0.017966 + 0.000254*delta[0] + -0.000153*delta[1] + 0.000174*delta[2], -0.015348 + 0.000217*delta[0] + -0.000131*delta[1] + 0.000149*delta[2], -0.014752 + 0.000209*delta[0] + -0.000126*delta[1] + 0.000143*delta[2], -0.014235 + 0.000202*delta[0] + -0.000122*delta[1] + 0.000138*delta[2], -0.012883 + 0.000182*delta[0] + -0.000110*delta[1] + 0.000125*delta[2], -0.011185 + 0.000158*delta[0] + -0.000095*delta[1] + 0.000109*delta[2], -0.046155 + 0.000654*delta[0] + -0.000394*delta[1] + 0.000448*delta[2], -0.042788 + 0.000606*delta[0] + -0.000365*delta[1] + 0.000415*delta[2], -0.024575 + 0.000348*delta[0] + -0.000210*delta[1] + 0.000239*delta[2], -0.054858 + 0.000777*delta[0] + -0.000468*delta[1] + 0.000533*delta[2], -0.021025 + 0.000298*delta[0] + -0.000179*delta[1] + 0.000204*delta[2], -0.023522 + 0.000333*delta[0] + -0.000201*delta[1] + 0.000228*delta[2], -0.013579 + 0.000192*delta[0] + -0.000116*delta[1] + 0.000132*delta[2], -0.014630 + 0.000207*delta[0] + -0.000125*delta[1] + 0.000142*delta[2], -0.014109 + 0.000200*delta[0] + -0.000120*delta[1] + 0.000137*delta[2], -0.012683 + 0.000180*delta[0] + -0.000108*delta[1] + 0.000123*delta[2], -0.128148 + 0.001815*delta[0] + -0.001094*delta[1] + 0.001244*delta[2], -0.145124 + 0.002055*delta[0] + -0.001239*delta[1] + 0.001409*delta[2], -0.096665 + 0.001369*delta[0] + -0.000825*delta[1] + 0.000939*delta[2], -0.054859 + 0.000777*delta[0] + -0.000468*delta[1] + 0.000533*delta[2], -0.031533 + 0.000447*delta[0] + -0.000269*delta[1] + 0.000306*delta[2], -0.022911 + 0.000324*delta[0] + -0.000196*delta[1] + 0.000222*delta[2], -0.023831 + 0.000338*delta[0] + -0.000203*delta[1] + 0.000231*delta[2], -0.022676 + 0.000321*delta[0] + -0.000194*delta[1] + 0.000220*delta[2], -0.019605 + 0.000278*delta[0] + -0.000167*delta[1] + 0.000190*delta[2], -0.016027 + 0.000227*delta[0] + -0.000137*delta[1] + 0.000156*delta[2], -37.489056 + 0.530933*delta[0] + -0.319994*delta[1] + 0.364002*delta[2], -0.095078 + 0.001347*delta[0] + -0.000812*delta[1] + 0.000923*delta[2], -0.041951 + 0.000594*delta[0] + -0.000358*delta[1] + 0.000407*delta[2], -0.021310 + 0.000302*delta[0] + -0.000182*delta[1] + 0.000207*delta[2], -0.038669 + 0.000548*delta[0] + -0.000330*delta[1] + 0.000375*delta[2], -0.040791 + 0.000578*delta[0] + -0.000348*delta[1] + 0.000396*delta[2], -0.035769 + 0.000507*delta[0] + -0.000305*delta[1] + 0.000347*delta[2], -0.028565 + 0.000405*delta[0] + -0.000244*delta[1] + 0.000277*delta[2], -0.021008 + 0.000298*delta[0] + -0.000179*delta[1] + 0.000204*delta[2]
-0.017136 + 0.000027*delta[0] + 0.000109*delta[1] + -0.000067*delta[2], -0.016395 + 0.000025*delta[0] + 0.000104*delta[1] + -0.000064*delta[2], -0.014588 + 0.000023*delta[0] + 0.000093*delta[1] + -0.000057*delta[2], -0.022217 + 0.000034*delta[0] + 0.000141*delta[1] + -0.000087*delta[2], -0.028537 + 0.000044*delta[0] + 0.000182*delta[1] + -0.000111*delta[2], -0.033625 + 0.000052*delta[0] + 0.000214*delta[1] + -0.000131*delta[2], -0.035677 + 0.000055*delta[0] + 0.000227*delta[1] + -0.000139*delta[2], -0.032380 + 0.000050*delta[0] + 0.000206*delta[1] + -0.000126*delta[2], -0.026055 + 0.000040*delta[0] + 0.000166*delta[1] + -0.000101*delta[2], -0.017656 + 0.000027*delta[0] + 0.000112*delta[1] + -0.000069*delta[2], -0.023729 + 0.000037*delta[0] + 0.000151*delta[1] + -0.000092*delta[2], -0.023870 + 0.000037*delta[0] + 0.000152*delta[1] + -0.000093*delta[2], -0.021918 + 0.000034*delta[0] + 0.000140*delta[1] + -0.000085*delta[2], -0.018643 + 0.000029*delta[0] + 0.000119*delta[1] + -0.000073*delta[2], -0.015687 + 0.000024*delta[0] + 0.000100*delta[1] + -0.000061*delta[2], -0.016268 + 0.000025*delta[0] + 0.000104*delta[1] + -0.000063*delta[2], -0.015848 + 0.000025*delta[0] + 0.000101*delta[1] + -0.000062*delta[2], -0.011560 + 0.000018*delta[0] + 0.000074*delta[1] + -0.000045*delta[2], -0.012298 + 0.000019*delta[0] + 0.000078*delta[1] + -0.000048*delta[2], -0.012296 + 0.000019*delta[0] + 0.000078*delta[1] + -0.000048*delta[2], -0.011727 + 0.000018*delta[0] + 0.000075*delta[1] + -0.000046*delta[2], -0.034046 + 0.000053*delta[0] + 0.000217*delta[1] + -0.000133*delta[2], -0.042486 + 0.000066*delta[0] + 0.000271*delta[1] + -0.000165*delta[2], -0.039236 + 0.000061*delta[0] + 0.000250*delta[1] + -0.000153*delta[2], -0.025739 + 0.000040*delta[0] + 0.000164*delta[1] + -0.000100*delta[2], -0.013353 + 0.000021*delta[0] + 0.000085*delta[1] + -0.000052*delta[2], -0.016199 + 0.000025*delta[0] + 0.000103*delta[1] + -0.000063*delta[2], -0.016239 + 0.000025*delta[0] + 0.000103*delta[1] + -0.000063*delta[2], -0.011540 + 0.000018*delta[0] + 0.000073*delta[1] + -0.000045*delta[2], -0.012265 + 0.000019*delta[0] + 0.000078*delta[1] + -0.000048*delta[2], -0.012174 + 0.000019*delta[0] + 0.000078*delta[1] + -0.000047*delta[2], -0.048709 + 0.000075*delta[0] + 0.000310*delta[1] + -0.000190*delta[2], -0.086482 + 0.000134*delta[0] + 0.000551*delta[1] + -0.000337*delta[2], -0.132691 + 0.000205*delta[0] + 0.000845*delta[1] + -0.000517*delta[2], -0.131573 + 0.000204*delta[0] + 0.000838*delta[1] + -0.000512*delta[2], -0.081365 + 0.000126*delta[0] + 0.000518*delta[1] + -0.000317*delta[2], -0.015052 + 0.000023*delta[0] + 0.000096*delta[1] + -0.000059*delta[2], -0.017519 + 0.000027*delta[0] + 0.000112*delta[1] + -0.000068*delta[2], -0.019360 + 0.000030*delta[0] + 0.000123*delta[1] + -0.000075*delta[2], -0.019598 + 0.000030*delta[0] + 0.000125*delta[1] + -0.000076*delta[2], -0.018297 + 0.000028*delta[0] + 0.000116*delta[1] + -0.000071*delta[2], -0.097868 + 0.000152*delta[0] + 0.000623*delta[1] + -0.000381*delta[2], -0.905700 + 0.001403*delta[0] + 0.005767*delta[1] + -0.003528*delta[2], -0.289298 + 0.000448*delta[0] + 0.001842*delta[1] + -0.001127*delta[2], -0.087662 + 0.000136*delta[0] + 0.000558*delta[1] + -0.000341*delta[2], -0.022799 + 0.000035*delta[0] + 0.000145*delta[1] + -0.000089*delta[2], -0.028804 + 0.000045*delta[0] + 0.000183*delta[1] + -0.000112*delta[2], -0.032671 + 0.000051*delta[0] + 0.000208*delta[1] + -0.000127*delta[2], -0.033424 + 0.000052*delta[0] + 0.000213*delta[1] + -0.000130*delta[2], -0.029004 + 0.000045*delta[0] + 0.000185*delta[1] + -0.000113*delta[2]
-0.020106 + -0.000206*delta[0] + -0.000263*delta[1] + 0.000128*delta[2], -0.016151 + -0.000165*delta[0] + -0.000211*delta[1] + 0.000103*delta[2], -0.013383 + -0.000137*delta[0] + -0.000175*delta[1] + 0.000085*delta[2], -0.040976 + -0.000419*delta[0] + -0.000536*delta[1] + 0.000261*delta[2], -0.051265 + -0.000525*delta[0] + -0.000671*delta[1] + 0.000327*delta[2], -0.052417 + -0.000537*delta[0] + -0.000686*delta[1] + 0.000334*delta[2], -0.044772 + -0.000458*delta[0] + -0.000586*delta[1] + 0.000286*delta[2], -0.032943 + -0.000337*delta[0] + -0.000431*delta[1] + 0.000210*delta[2], -0.023154 + -0.000237*delta[0] + -0.000303*delta[1] + 0.000148*delta[2], -0.023759 + -0.000243*delta[0] + -0.000311*delta[1] + 0.000152*delta[2], -0.026617 + -0.000272*delta[0] + -0.000348*delta[1] + 0.000170*delta[2], -0.023689 + -0.000242*delta[0] + -0.000310*delta[1] + 0.000151*delta[2], -0.019598 + -0.000201*delta[0] + -0.000257*delta[1] + 0.000125*delta[2], -0.015566 + -0.000159*delta[0] + -0.000204*delta[1] + 0.000099*delta[2], -0.015402 + -0.000158*delta[0] + -0.000202*delta[1] + 0.000098*delta[2], -0.014857 + -0.000152*delta[0] + -0.000194*delta[1] + 0.000095*delta[2], -0.013564 + -0.000139*delta[0] + -0.000178*delta[1] + 0.000087*delta[2], -0.010724 + -0.000110*delta[0] + -0.000140*delta[1] + 0.000068*delta[2], -0.010764 + -0.000110*delta[0] + -0.000141*delta[1] + 0.000069*delta[2], -0.010284 + -0.000105*delta[0] + -0.000135*delta[1] + 0.000066*delta[2], -0.009452 + -0.000097*delta[0] + -0.000124*delta[1] + 0.000060*delta[2], -0.076215 + -0.000780*delta[0] + -0.000998*delta[1] + 0.000486*delta[2], -0.080680 + -0.000826*delta[0] + -0.001056*delta[1] + 0.000515*delta[2], -0.040542 + -0.000415*delta[0] + -0.000531*delta[1] + 0.000259*delta[2], -0.043700 + -0.000447*delta[0] + -0.000572*delta[1] + 0.000279*delta[2], -0.013746 + -0.000141*delta[0] + -0.000180*delta[1] + 0.000088*delta[2], -0.015539 + -0.000159*delta[0] + -0.000203*delta[1] + 0.000099*delta[2], -0.011972 + -0.000123*delta[0] + -0.000157*delta[1] + 0.000076*delta[2], -0.010374 + -0.000106*delta[0] + -0.000136*delta[1] + 0.000066*delta[2], -0.010384 + -0.000106*delta[0] + -0.000136*delta[1] + 0.000066*delta[2], -0.009851 + -0.000101*delta[0] + -0.000129*delta[1] + 0.000063*delta[2], -0.175658 + -0.001798*delta[0] + -0.002299*delta[1] + 0.001121*delta[2], -0.465917 + -0.004769*delta[0] + -0.006098*delta[1] + 0.002972*delta[2], -0.339251 + -0.003472*delta[0] + -0.004440*delta[1] + 0.002164*delta[2], -0.118019 + -0.001208*delta[0] + -0.001545*delta[1] + 0.000753*delta[2], -0.050006 + -0.000512*delta[0] + -0.000655*delta[1] + 0.000319*delta[2], -0.014165 + -0.000145*delta[0] + -0.000185*delta[1] + 0.000090*delta[2], -0.015139 + -0.000155*delta[0] + -0.000198*delta[1] + 0.000097*delta[2], -0.015291 + -0.000157*delta[0] + -0.000200*delta[1] + 0.000098*delta[2], -0.014408 + -0.000147*delta[0] + -0.000189*delta[1] + 0.000092*delta[2], -0.012883 + -0.000132*delta[0] + -0.000169*delta[1] + 0.000082*delta[2], -0.240178 + -0.002458*delta[0] + -0.003144*delta[1] + 0.001532*delta[2], -0.176688 + -0.001808*delta[0] + -0.002313*delta[1] + 0.001127*delta[2], -0.074244 + -0.000760*delta[0] + -0.000972*delta[1] + 0.000474*delta[2], -0.037053 + -0.000379*delta[0] + -0.000485*delta[1] + 0.000236*delta[2], -0.020861 + -0.000214*delta[0] + -0.000273*delta[1] + 0.000133*delta[2], -0.022894 + -0.000234*delta[0] + -0.000300*delta[1] + 0.000146*delta[2], -0.022494 + -0.000230*delta[0] + -0.000294*delta[1] + 0.000144*delta[2], -0.020654 + -0.000211*delta[0] + -0.000270*delta[1] + 0.000132*delta[2], -0.017262 + -0.000177*delta[0] + -0.000226*delta[1] + 0.000110*delta[2]
-0.053426 + 0.000692*delta[0] + -0.000661*delta[1] + -0.000584*delta[2], -0.154785 + 0.002005*delta[0] + -0.001914*delta[1] + -0.001692*delta[2], -0.140722 + 0.001822*delta[0] + -0.001740*delta[1] + -0.001538*delta[2], -0.016520 + 0.000214*delta[0] + -0.000204*delta[1] + -0.000181*delta[2], -0.027715 + 0.000359*delta[0] + -0.000343*delta[1] + -0.000303*delta[2], -0.057376 + 0.000743*delta[0] + -0.000710*delta[1] + -0.000627*delta[2], -0.163879 + 0.002122*delta[0] + -0.002027*delta[1] + -0.001791*delta[2], -0.803072 + 0.010400*delta[0] + -0.009933*delta[1] + -0.008776*delta[2], -0.815024 + 0.010555*delta[0] + -0.010080*delta[1] + -0.008907*delta[2], -0.020030 + 0.000259*delta[0] + -0.000248*delta[1] + -0.000219*delta[2], -0.054389 + 0.000704*delta[0] + -0.000673*delta[1] + -0.000594*delta[2], -0.093470 + 0.001211*delta[0] + -0.001156*delta[1] + -0.001021*delta[2], -0.130374 + 0.001688*delta[0] + -0.001612*delta[1] + -0.001425*delta[2], -0.114355 + 0.001481*delta[0] + -0.001414*delta[1] + -0.001250*delta[2], -0.020926 + 0.000271*delta[0] + -0.000259*delta[1] + -0.000229*delta[2], -0.025919 + 0.000336*delta[0] + -0.000321*delta[1] + -0.000283*delta[2], -0.029860 + 0.000387*delta[0] + -0.000369*delta[1] + -0.000326*delta[2], -0.010367 + 0.000134*delta[0] + -0.000128*delta[1] + -0.000113*delta[2], -0.011998 + 0.000155*delta[0] + -0.000148*delta[1] + -0.000131*delta[2], -0.013302 + 0.000172*delta[0] + -0.000165*delta[1] + -0.000145*delta[2], -0.014037 + 0.000182*delta[0] + -0.000174*delta[1] + -0.000153*delta[2], -0.029213 + 0.000378*delta[0] + -0.000361*delta[1] + -0.000319*delta[2], -0.048357 + 0.000626*delta[0] + -0.000598*delta[1] + -0.000528*delta[2], -0.127473 + 0.001651*delta[0] + -0.001577*delta[1] + -0.001393*delta[2], -0.020738 + 0.000269*delta[0] + -0.000256*delta[1] + -0.000227*delta[2], -0.009899 + 0.000128*delta[0] + -0.000122*delta[1] + -0.000108*delta[2], -0.012312 + 0.000159*delta[0] + -0.000152*delta[1] + -0.000135*delta[2], -0.018891 + 0.000245*delta[0] + -0.000234*delta[1] + -0.000206*delta[2], -0.008850 + 0.000115*delta[0] + -0.000109*delta[1] + -0.000097*delta[2], -0.009897 + 0.000128*delta[0] + -0.000122*delta[1] + -0.000108*delta[2], -0.010676 + 0.000138*delta[0] + -0.000132*delta[1] + -0.000117*delta[2], -0.018411 + 0.000238*delta[0] + -0.000228*delta[1] + -0.000201*delta[2], -0.026834 + 0.000348*delta[0] + -0.000332*delta[1] + -0.000293*delta[2], -0.039842 + 0.000516*delta[0] + -0.000493*delta[1] + -0.000435*delta[2], -0.056884 + 0.000737*delta[0] + -0.000704*delta[1] + -0.000622*delta[2], -0.069840 + 0.000904*delta[0] + -0.000864*delta[1] + -0.000763*delta[2], -0.008372 + 0.000108*delta[0] + -0.000104*delta[1] + -0.000091*delta[2], -0.009730 + 0.000126*delta[0] + -0.000120*delta[1] + -0.000106*delta[2], -0.011214 + 0.000145*delta[0] + -0.000139*delta[1] + -0.000123*delta[2], -0.012344 + 0.000160*delta[0] + -0.000153*delta[1] + -0.000135*delta[2], -0.013111 + 0.000170*delta[0] + -0.000162*delta[1] + -0.000143*delta[2], -0.016864 + 0.000218*delta[0] + -0.000209*delta[1] + -0.000184*delta[2], -0.028901 + 0.000374*delta[0] + -0.000357*delta[1] + -0.000316*delta[2], -0.035049 + 0.000454*delta[0] + -0.000433*delta[1] + -0.000383*delta[2], -0.036994 + 0.000479*delta[0] + -0.000458*delta[1] + -0.000404*delta[2], -0.009014 + 0.000117*delta[0] + -0.000111*delta[1] + -0.000099*delta[2], -0.010530 + 0.000136*delta[0] + -0.000130*delta[1] + -0.000115*delta[2], -0.011938 + 0.000155*delta[0] + -0.000148*delta[1] + -0.000130*delta[2], -0.013240 + 0.000171*delta[0] + -0.000164*delta[1] + -0.000145*delta[2], -0.013811 + 0.000179*delta[0] + -0.000171*delta[1] + -0.000151*delta[2]
-0.026600 + -0.000327*delta[0] + 0.000159*delta[1] + -0.000060*delta[2], -0.018405 + -0.000226*delta[0] + 0.000110*delta[1] + -0.000042*delta[2], -0.014368 + -0.000176*delta[0] + 0.000086*delta[1] + -0.000033*delta[2], -0.084656 + -0.001040*delta[0] + 0.000506*delta[1] + -0.000192*delta[2], -0.110196 + -0.001354*delta[0] + 0.000658*delta[1] + -0.000249*delta[2], -0.093815 + -0.001152*delta[0] + 0.000561*delta[1] + -0.000212*delta[2], -0.061421 + -0.000754*delta[0] + 0.000367*delta[1] + -0.000139*delta[2], -0.037006 + -0.000455*delta[0] + 0.000221*delta[1] + -0.000084*delta[2], -0.023291 + -0.000286*delta[0] + 0.000139*delta[1] + -0.000053*delta[2], -0.033576 + -0.000412*delta[0] + 0.000201*delta[1] + -0.000076*delta[2], -0.033629 + -0.000413*delta[0] + 0.000201*delta[1] + -0.000076*delta[2], -0.027288 + -0.000335*delta[0] + 0.000163*delta[1] + -0.000062*delta[2], -0.020899 + -0.000257*delta[0] + 0.000125*delta[1] + -0.000047*delta[2], -0.015698 + -0.000193*delta[0] + 0.000094*delta[1] + -0.000036*delta[2], -0.016823 + -0.000207*delta[0] + 0.000101*delta[1] + -0.000038*delta[2], -0.015617 + -0.000192*delta[0] + 0.000093*delta[1] + -0.000035*delta[2], -0.013755 + -0.000169*delta[0] + 0.000082*delta[1] + -0.000031*delta[2], -0.010769 + -0.000132*delta[0] + 0.000064*delta[1] + -0.000024*delta[2], -0.010610 + -0.000130*delta[0] + 0.000063*delta[1] + -0.000024*delta[2], -0.009942 + -0.000122*delta[0] + 0.000059*delta[1] + -0.000023*delta[2], -0.009000 + -0.000111*delta[0] + 0.000054*delta[1] + -0.000020*delta[2], -0.207275 + -0.002546*delta[0] + 0.001238*delta[1] + -0.000469*delta[2], -0.157250 + -0.001932*delta[0] + 0.000940*delta[1] + -0.000356*delta[2], -0.041132 + -0.000505*delta[0] + 0.000246*delta[1] + -0.000093*delta[2], -0.077545 + -0.000953*delta[0] + 0.000463*delta[1] + -0.000176*delta[2], -0.014353 + -0.000176*delta[0] + 0.000086*delta[1] + -0.000032*delta[2], -0.015719 + -0.000193*delta[0] + 0.000094*delta[1] + -0.000036*delta[2], -0.010919 + -0.000134*delta[0] + 0.000065*delta[1] + -0.000025*delta[2], -0.010034 + -0.000123*delta[0] + 0.000060*delta[1] + -0.000023*delta[2], -0.009855 + -0.000121*delta[0] + 0.000059*delta[1] + -0.000022*delta[2], -0.009189 + -0.000113*delta[0] + 0.000055*delta[1] + -0.000021*delta[2], -0.500384 + -0.006147*delta[0] + 0.002990*delta[1] + -0.001133*delta[2], -19.664528 + -0.241557*delta[0] + 0.117492*delta[1] + -0.044512*delta[2], -0.246190 + -0.003024*delta[0] + 0.001471*delta[1] + -0.000557*delta[2], -0.064928 + -0.000798*delta[0] + 0.000388*delta[1] + -0.000147*delta[2], -0.031359 + -0.000385*delta[0] + 0.000187*delta[1] + -0.000071*delta[2], -0.013410 + -0.000165*delta[0] + 0.000080*delta[1] + -0.000030*delta[2], -0.013837 + -0.000170*delta[0] + 0.000083*delta[1] + -0.000031*delta[2], -0.013626 + -0.000167*delta[0] + 0.000081*delta[1] + -0.000031*delta[2], -0.012574 + -0.000154*delta[0] + 0.000075*delta[1] + -0.000028*delta[2], -0.011151 + -0.000137*delta[0] + 0.000067*delta[1] + -0.000025*delta[2], -0.150260 + -0.001846*delta[0] + 0.000898*delta[1] + -0.000340*delta[2], -0.082314 + -0.001011*delta[0] + 0.000492*delta[1] + -0.000186*delta[2], -0.046082 + -0.000566*delta[0] + 0.000275*delta[1] + -0.000104*delta[2], -0.027188 + -0.000334*delta[0] + 0.000162*delta[1] + -0.000062*delta[2], -0.018252 + -0.000224*delta[0] + 0.000109*delta[1] + -0.000041*delta[2], -0.018930 + -0.000233*delta[0] + 0.000113*delta[1] + -0.000043*delta[2], -0.017957 + -0.000221*delta[0] + 0.000107*delta[1] + -0.000041*delta[2], -0.016207 + -0.000199*delta[0] + 0.000097*delta[1] + -0.000037*delta[2], -0.013634 + -0.000167*delta[0] + 0.000081*delta[1] + -0.000031*delta[2]
-0.048594 + -0.000006*delta[0] + -0.000055*delta[1] + 0.000176*delta[2], -0.021009 + -0.000003*delta[0] + -0.000024*delta[1] + 0.000076*delta[2], -0.014448 + -0.000002*delta[0] + -0.000016*delta[1] + 0.000052*delta[2], -20.232119 + -0.002569*delta[0] + -0.022799*delta[1] + 0.073206*delta[2], -0.625991 + -0.000079*delta[0] + -0.000705*delta[1] + 0.002265*delta[2], -0.096553 + -0.000012*delta[0] + -0.000109*delta[1] + 0.000349*delta[2], -0.039997 + -0.000005*delta[0] + -0.000045*delta[1] + 0.000145*delta[2], -0.021888 + -0.000003*delta[0] + -0.000025*delta[1] + 0.000079*delta[2], -0.014210 + -0.000002*delta[0] + -0.000016*delta[1] + 0.000051*delta[2], -0.085049 + -0.000011*delta[0] + -0.000096*delta[1] + 0.000308*delta[2], -0.048150 + -0.000006*delta[0] + -0.000054*delta[1] + 0.000174*delta[2], -0.030611 + -0.000004*delta[0] + -0.000034*delta[1] + 0.000111*delta[2], -0.020197 + -0.000003*delta[0] + -0.000023*delta[1] + 0.000073*delta[2], -0.013993 + -0.000002*delta[0] + -0.000016*delta[1] + 0.000051*delta[2], -0.020500 + -0.000003*delta[0] + -0.000023*delta[1] + 0.000074*delta[2], -0.017241 + -0.000002*delta[0] + -0.000019*delta[1] + 0.000062*delta[2], -0.013968 + -0.000002*delta[0] + -0.000016*delta[1] + 0.000051*delta[2], -0.011418 + -0.000001*delta[0] + -0.000013*delta[1] + 0.000041*delta[2], -0.010759 + -0.000001*delta[0] + -0.000012*delta[1] + 0.000039*delta[2], -0.009679 + -0.000001*delta[0] + -0.000011*delta[1] + 0.000035*delta[2], -0.008478 + -0.000001*delta[0] + -0.000010*delta[1] + 0.000031*delta[2], -0.187190 + -0.000024*delta[0] + -0.000211*delta[1] + 0.000677*delta[2], -0.085639 + -0.000011*delta[0] + -0.000097*delta[1] + 0.000310*delta[2], -0.024403 + -0.000003*delta[0] + -0.000027*delta[1] + 0.000088*delta[2], -0.291355 + -0.000037*delta[0] + -0.000328*delta[1] + 0.001054*delta[2], -0.016037 + -0.000002*delta[0] + -0.000018*delta[1] + 0.000058*delta[2], -0.016255 + -0.000002*delta[0] + -0.000018*delta[1] + 0.000059*delta[2], -0.009303 + -0.000001*delta[0] + -0.000010*delta[1] + 0.000034*delta[2], -0.009889 + -0.000001*delta[0] + -0.000011*delta[1] + 0.000036*delta[2], -0.009313 + -0.000001*delta[0] + -0.000010*delta[1] + 0.000034*delta[2], -0.008410 + -0.000001*delta[0] + -0.000009*delta[1] + 0.000030*delta[2], -0.108617 + -0.000014*delta[0] + -0.000122*delta[1] + 0.000393*delta[2], -0.083644 + -0.000011*delta[0] + -0.000094*delta[1] + 0.000303*delta[2], -0.052360 + -0.000007*delta[0] + -0.000059*delta[1] + 0.000189*delta[2], -0.032164 + -0.000004*delta[0] + -0.000036*delta[1] + 0.000116*delta[2], -0.020761 + -0.000003*delta[0] + -0.000023*delta[1] + 0.000075*delta[2], -0.012175 + -0.000002*delta[0] + -0.000014*delta[1] + 0.000044*delta[2], -0.011923 + -0.000002*delta[0] + -0.000013*delta[1] + 0.000043*delta[2], -0.011263 + -0.000001*delta[0] + -0.000013*delta[1] + 0.000041*delta[2], -0.010084 + -0.000001*delta[0] + -0.000011*delta[1] + 0.000036*delta[2], -0.008846 + -0.000001*delta[0] + -0.000010*delta[1] + 0.000032*delta[2], -0.041680 + -0.000005*delta[0] + -0.000047*delta[1] + 0.000151*delta[2], -0.026853 + -0.000003*delta[0] + -0.000030*delta[1] + 0.000097*delta[2], -0.019915 + -0.000003*delta[0] + -0.000022*delta[1] + 0.000072*delta[2], -0.014599 + -0.000002*delta[0] + -0.000016*delta[1] + 0.000053*delta[2], -0.013938 + -0.000002*delta[0] + -0.000016*delta[1] + 0.000050*delta[2], -0.013489 + -0.000002*delta[0] + -0.000015*delta[1] + 0.000049*delta[2], -0.012304 + -0.000002*delta[0] + -0.000014*delta[1] + 0.000045*delta[2], -0.010921 + -0.000001*delta[0] + -0.000012*delta[1] + 0.000040*delta[2], -0.009312 + -0.000001*delta[0] + -0.000010*delta[1] + 0.000034*delta[2]
-0.026965 + -0.000025*delta[0] + -0.000061*delta[1] + -0.000370*delta[2], -0.038082 + -0.000036*delta[0] + -0.000087*delta[1] + -0.000523*delta[2], -0.036425 + -0.000034*delta[0] + -0.000083*delta[1] + -0.000500*delta[2], -0.019924 + -0.000019*delta[0] + -0.000045*delta[1] + -0.000274*delta[2], -0.033197 + -0.000031*delta[0] + -0.000076*delta[1] + -0.000456*delta[2], -0.062104 + -0.000058*delta[0] + -0.000141*delta[1] + -0.000853*delta[2], -0.133765 + -0.000125*delta[0] + -0.000305*delta[1] + -0.001837*delta[2], -0.248365 + -0.000232*delta[0] + -0.000566*delta[1] + -0.003412*delta[2], -0.218731 + -0.000205*delta[0] + -0.000498*delta[1] + -0.003005*delta[2], -0.016142 + -0.000015*delta[0] + -0.000037*delta[1] + -0.000222*delta[2], -0.029655 + -0.000028*delta[0] + -0.000068*delta[1] + -0.000407*delta[2], -0.037050 + -0.000035*delta[0] + -0.000084*delta[1] + -0.000509*delta[2], -0.040849 + -0.000038*delta[0] + -0.000093*delta[1] + -0.000561*delta[2], -0.038374 + -0.000036*delta[0] + -0.000087*delta[1] + -0.000527*delta[2], -0.013597 + -0.000013*delta[0] + -0.000031*delta[1] + -0.000187*delta[2], -0.015466 + -0.000014*delta[0] + -0.000035*delta[1] + -0.000212*delta[2], -0.016746 + -0.000016*delta[0] + -0.000038*delta[1] + -0.000230*delta[2], -0.007993 + -0.000007*delta[0] + -0.000018*delta[1] + -0.000110*delta[2], -0.008868 + -0.000008*delta[0] + -0.000020*delta[1] + -0.000122*delta[2], -0.009542 + -0.000009*delta[0] + -0.000022*delta[1] + -0.000131*delta[2], -0.009834 + -0.000009*delta[0] + -0.000022*delta[1] + -0.000135*delta[2], -0.025061 + -0.000023*delta[0] + -0.000057*delta[1] + -0.000344*delta[2], -0.045016 + -0.000042*delta[0] + -0.000103*delta[1] + -0.000618*delta[2], -38.041092 + -0.035599*delta[0] + -0.086656*delta[1] + -0.522560*delta[2], -0.019775 + -0.000019*delta[0] + -0.000045*delta[1] + -0.000272*delta[2], -0.008206 + -0.000008*delta[0] + -0.000019*delta[1] + -0.000113*delta[2], -0.009835 + -0.000009*delta[0] + -0.000022*delta[1] + -0.000135*delta[2], -0.013399 + -0.000013*delta[0] + -0.000031*delta[1] + -0.000184*delta[2], -0.007204 + -0.000007*delta[0] + -0.000016*delta[1] + -0.000099*delta[2], -0.007875 + -0.000007*delta[0] + -0.000018*delta[1] + -0.000108*delta[2], -0.008305 + -0.000008*delta[0] + -0.000019*delta[1] + -0.000114*delta[2], -0.023331 + -0.000022*delta[0] + -0.000053*delta[1] + -0.000320*delta[2], -0.039801 + -0.000037*delta[0] + -0.000091*delta[1] + -0.000547*delta[2], -0.077446 + -0.000072*delta[0] + -0.000176*delta[1] + -0.001064*delta[2], -0.159363 + -0.000149*delta[0] + -0.000363*delta[1] + -0.002189*delta[2], -0.240500 + -0.000225*delta[0] + -0.000548*delta[1] + -0.003304*delta[2], -0.007543 + -0.000007*delta[0] + -0.000017*delta[1] + -0.000104*delta[2], -0.008601 + -0.000008*delta[0] + -0.000020*delta[1] + -0.000118*delta[2], -0.009649 + -0.000009*delta[0] + -0.000022*delta[1] + -0.000133*delta[2], -0.010440 + -0.000010*delta[0] + -0.000024*delta[1] + -0.000143*delta[2], -0.010861 + -0.000010*delta[0] + -0.000025*delta[1] + -0.000149*delta[2], -0.021208 + -0.000020*delta[0] + -0.000048*delta[1] + -0.000291*delta[2], -0.041389 + -0.000039*delta[0] + -0.000094*delta[1] + -0.000569*delta[2], -0.052363 + -0.000049*delta[0] + -0.000119*delta[1] + -0.000719*delta[2], -0.054077 + -0.000051*delta[0] + -0.000123*delta[1] + -0.000743*delta[2], -0.008836 + -0.000008*delta[0] + -0.000020*delta[1] + -0.000121*delta[2], -0.010274 + -0.000010*delta[0] + -0.000023*delta[1] + -0.000141*delta[2], -0.011522 + -0.000011*delta[0] + -0.000026*delta[1] + -0.000158*delta[2], -0.012679 + -0.000012*delta[0] + -0.000029*delta[1] + -0.000174*delta[2], -0.013048 + -0.000012*delta[0] + -0.000030*delta[1] + -0.000179*delta[2]
-0.067924 + -0.000675*delta[0] + 0.000582*delta[1] + 0.000196*delta[2], -0.042946 + -0.000427*delta[0] + 0.000368*delta[1] + 0.000124*delta[2], -0.028730 + -0.000286*delta[0] + 0.000246*delta[1] + 0.000083*delta[2], -0.075439 + -0.000750*delta[0] + 0.000646*delta[1] + 0.000218*delta[2], -0.175491 + -0.001744*delta[0] + 0.001502*delta[1] + 0.000507*delta[2], -0.327691 + -0.003257*delta[0] + 0.002806*delta[1] + 0.000946*delta[2], -0.209617 + -0.002083*delta[0] + 0.001795*delta[1] + 0.000605*delta[2], -0.089164 + -0.000886*delta[0] + 0.000763*delta[1] + 0.000257*delta[2], -0.044017 + -0.000437*delta[0] + 0.000377*delta[1] + 0.000127*delta[2], -0.038266 + -0.000380*delta[0] + 0.000328*delta[1] + 0.000110*delta[2], -0.053559 + -0.000532*delta[0] + 0.000459*delta[1] + 0.000155*delta[2], -0.046265 + -0.000460*delta[0] + 0.000396*delta[1] + 0.000134*delta[2], -0.034575 + -0.000344*delta[0] + 0.000296*delta[1] + 0.000100*delta[2], -0.024559 + -0.000244*delta[0] + 0.000210*delta[1] + 0.000071*delta[2], -0.017874 + -0.000178*delta[0] + 0.000153*delta[1] + 0.000052*delta[2], -0.017583 + -0.000175*delta[0] + 0.000151*delta[1] + 0.000051*delta[2], -0.016195 + -0.000161*delta[0] + 0.000139*delta[1] + 0.000047*delta[2], -0.009213 + -0.000092*delta[0] + 0.000079*delta[1] + 0.000027*delta[2], -0.009452 + -0.000094*delta[0] + 0.000081*delta[1] + 0.000027*delta[2], -0.009294 + -0.000092*delta[0] + 0.000080*delta[1] + 0.000027*delta[2], -0.008816 + -0.000088*delta[0] + 0.000075*delta[1] + 0.000025*delta[2], -0.122999 + -0.001222*delta[0] + 0.001053*delta[1] + 0.000355*delta[2], -0.161013 + -0.001600*delta[0] + 0.001379*delta[1] + 0.000465*delta[2], -0.066850 + -0.000664*delta[0] + 0.000572*delta[1] + 0.000193*delta[2], -0.052346 + -0.000520*delta[0] + 0.000448*delta[1] + 0.000151*delta[2], -0.010625 + -0.000106*delta[0] + 0.000091*delta[1] + 0.000031*delta[2], -0.011801 + -0.000117*delta[0] + 0.000101*delta[1] + 0.000034*delta[2], -0.010338 + -0.000103*delta[0] + 0.000089*delta[1] + 0.000030*delta[2], -0.007860 + -0.000078*delta[0] + 0.000067*delta[1] + 0.000023*delta[2], -0.007956 + -0.000079*delta[0] + 0.000068*delta[1] + 0.000023*delta[2], -0.007768 + -0.000077*delta[0] + 0.000067*delta[1] + 0.000022*delta[2], -0.039646 + -0.000394*delta[0] + 0.000339*delta[1] + 0.000114*delta[2], -0.050476 + -0.000502*delta[0] + 0.000432*delta[1] + 0.000146*delta[2], -0.054108 + -0.000538*delta[0] + 0.000463*delta[1] + 0.000156*delta[2], -0.046438 + -0.000461*delta[0] + 0.000398*delta[1] + 0.000134*delta[2], -0.034848 + -0.000346*delta[0] + 0.000298*delta[1] + 0.000101*delta[2], -0.008410 + -0.000084*delta[0] + 0.000072*delta[1] + 0.000024*delta[2], -0.008922 + -0.000089*delta[0] + 0.000076*delta[1] + 0.000026*delta[2], -0.009180 + -0.000091*delta[0] + 0.000079*delta[1] + 0.000026*delta[2], -0.009011 + -0.000090*delta[0] + 0.000077*delta[1] + 0.000026*delta[2], -0.008611 + -0.000086*delta[0] + 0.000074*delta[1] + 0.000025*delta[2], -0.022651 + -0.000225*delta[0] + 0.000194*delta[1] + 0.000065*delta[2], -0.024658 + -0.000245*delta[0] + 0.000211*delta[1] + 0.000071*delta[2], -0.022465 + -0.000223*delta[0] + 0.000192*delta[1] + 0.000065*delta[2], -0.018797 + -0.000187*delta[0] + 0.000161*delta[1] + 0.000054*delta[2], -0.009273 + -0.000092*delta[0] + 0.000079*delta[1] + 0.000027*delta[2], -0.009808 + -0.000097*delta[0] + 0.000084*delta[1] + 0.000028*delta[2], -0.009879 + -0.000098*delta[0] + 0.000085*delta[1] + 0.000029*delta[2], -0.009714 + -0.000097*delta[0] + 0.000083*delta[1] + 0.000028*delta[2], -0.009096 + -0.000090*delta[0] + 0.000078*delta[1] + 0.000026*delta[2]
-0.026342 + -0.000366*delta[0] + -0.000099*delta[1] + 0.000231*delta[2], -0.036896 + -0.000512*delta[0] + -0.000138*delta[1] + 0.000323*delta[2], -0.035346 + -0.000491*delta[0] + -0.000133*delta[1] + 0.000309*delta[2], -0.019928 + -0.000277*delta[0] + -0.000075*delta[1] + 0.000174*delta[2], -0.033010 + -0.000458*delta[0] + -0.000124*delta[1] + 0.000289*delta[2], -0.061035 + -0.000847*delta[0] + -0.000229*delta[1] + 0.000534*delta[2], -0.127915 + -0.001775*delta[0] + -0.000480*delta[1] + 0.001120*delta[2], -0.228381 + -0.003170*delta[0] + -0.000857*delta[1] + 0.002000*delta[2], -0.203597 + -0.002826*delta[0] + -0.000764*delta[1] + 0.001783*delta[2], -0.015885 + -0.000220*delta[0] + -0.000060*delta[1] + 0.000139*delta[2], -0.028759 + -0.000399*delta[0] + -0.000108*delta[1] + 0.000252*delta[2], -0.035666 + -0.000495*delta[0] + -0.000134*delta[1] + 0.000312*delta[2], -0.039179 + -0.000544*delta[0] + -0.000147*delta[1] + 0.000343*delta[2], -0.036906 + -0.000512*delta[0] + -0.000138*delta[1] + 0.000323*delta[2], -0.013273 + -0.000184*delta[0] + -0.000050*delta[1] + 0.000116*delta[2], -0.015049 + -0.000209*delta[0] + -0.000056*delta[1] + 0.000132*delta[2], -0.016265 + -0.000226*delta[0] + -0.000061*delta[1] + 0.000142*delta[2], -0.007837 + -0.000109*delta[0] + -0.000029*delta[1] + 0.000069*delta[2], -0.008677 + -0.000120*delta[0] + -0.000033*delta[1] + 0.000076*delta[2], -0.009326 + -0.000129*delta[0] + -0.000035*delta[1] + 0.000082*delta[2], -0.009605 + -0.000133*delta[0] + -0.000036*delta[1] + 0.000084*delta[2], -0.025407 + -0.000353*delta[0] + -0.000095*delta[1] + 0.000222*delta[2], -0.052383 + -0.000727*delta[0] + -0.000196*delta[1] + 0.000459*delta[2], -23.484741 + -0.325975*delta[0] + -0.088087*delta[1] + 0.205624*delta[2], -0.019554 + -0.000271*delta[0] + -0.000073*delta[1] + 0.000171*delta[2], -0.008061 + -0.000112*delta[0] + -0.000030*delta[1] + 0.000071*delta[2], -0.009631 + -0.000134*delta[0] + -0.000036*delta[1] + 0.000084*delta[2], -0.013037 + -0.000181*delta[0] + -0.000049*delta[1] + 0.000114*delta[2], -0.007066 + -0.000098*delta[0] + -0.000027*delta[1] + 0.000062*delta[2], -0.007715 + -0.000107*delta[0] + -0.000029*delta[1] + 0.000068*delta[2], -0.008127 + -0.000113*delta[0] + -0.000030*delta[1] + 0.000071*delta[2], -0.023277 + -0.000323*delta[0] + -0.000087*delta[1] + 0.000204*delta[2], -0.039469 + -0.000548*delta[0] + -0.000148*delta[1] + 0.000346*delta[2], -0.075819 + -0.001052*delta[0] + -0.000284*delta[1] + 0.000664*delta[2], -0.151867 + -0.002108*delta[0] + -0.000570*delta[1] + 0.001330*delta[2], -0.223596 + -0.003104*delta[0] + -0.000839*delta[1] + 0.001958*delta[2], -0.007410 + -0.000103*delta[0] + -0.000028*delta[1] + 0.000065*delta[2], -0.008432 + -0.000117*delta[0] + -0.000032*delta[1] + 0.000074*delta[2], -0.009437 + -0.000131*delta[0] + -0.000035*delta[1] + 0.000083*delta[2], -0.010195 + -0.000142*delta[0] + -0.000038*delta[1] + 0.000089*delta[2], -0.010597 + -0.000147*delta[0] + -0.000040*delta[1] + 0.000093*delta[2], -0.020861 + -0.000290*delta[0] + -0.000078*delta[1] + 0.000183*delta[2], -0.040041 + -0.000556*delta[0] + -0.000150*delta[1] + 0.000351*delta[2], -0.050264 + -0.000698*delta[0] + -0.000189*delta[1] + 0.000440*delta[2], -0.051872 + -0.000720*delta[0] + -0.000195*delta[1] + 0.000454*delta[2], -0.008680 + -0.000120*delta[0] + -0.000033*delta[1] + 0.000076*delta[2], -0.010068 + -0.000140*delta[0] + -0.000038*delta[1] + 0.000088*delta[2], -0.011262 + -0.000156*delta[0] + -0.000042*delta[1] + 0.000099*delta[2], -0.012371 + -0.000172*delta[0] + -0.000046*delta[1] + 0.000108*delta[2], -0.012720 + -0.000177*delta[0] + -0.000048*delta[1] + 0.000111*delta[2]
