0.0113005880266428,0.008461760357022285,0.007193594239652157,0.010885187424719334,0.010646041482686996,0.00993141159415245,0.009007158689200878,0.007940161041915417,0.006779682356864214,0.01784980483353138,0.014823878183960915,0.012521583586931229,0.010331591591238976,0.008421937003731728,0.026219043880701065,0.02006724663078785,0.015090910717844963,0.06262484937906265,0.03870047256350517,0.024377208203077316,0.01622016355395317,0.008531205356121063,0.008118633180856705,0.006727554835379124,0.016006648540496826,0.126776322722435,0.09377769380807877,0.013668159954249859,0.10582780838012695,0.05283680558204651,0.028990723192691803,0.011684098280966282,0.011211879551410675,0.010281043127179146,0.00921343918889761,0.007988104596734047,1.4519041776657104,0.18619638681411743,0.05919380486011505,0.028707090765237808,0.016884734854102135,0.01897689513862133,0.014423754066228867,0.011766438372433186,0.00949777103960514,0.14977286756038666,0.08703838288784027,0.04777206480503082,0.027903633192181587,0.018051186576485634
0.011417817324399948,0.01091777440160513,0.01007542759180069,0.009262306615710258,0.010237920098006725,0.010870784521102905,0.011098147369921207,0.010851524770259857,0.009985452517867088,0.013079991564154625,0.01596328802406788,0.0160282701253891,0.015129039995372295,0.013455664739012718,0.02459600754082203,0.025429708883166313,0.023673417046666145,0.03955669701099396,0.04536043107509613,0.04312289133667946,0.03474213555455208,0.008786487393081188,0.009341711178421974,0.009284932166337967,0.012783680111169815,0.031185602769255638,0.04692555591464043,0.0388985313475132,0.05723763257265091,0.07482398301362991,0.07171163707971573,0.011324381455779076,0.012585663236677647,0.013298464938998222,0.013455236330628395,0.012787123210728168,0.05726484954357147,0.13258187472820282,0.30406975746154785,0.3085829019546509,0.12560924887657166,0.020548023283481598,0.02471390925347805,0.023073799908161163,0.019826842471957207,0.06468622386455536,0.1584189087152481,0.41855087876319885,0.3304031789302826,0.12503863871097565
0.014244862832129002,0.01125770341604948,0.009594973176717758,0.012229258194565773,0.01268074382096529,0.01242578960955143,0.011681458912789822,0.010520296171307564,0.009023874066770077,0.020514104515314102,0.02007226087152958,0.017619043588638306,0.014672357589006424,0.01185790728777647,0.038459811359643936,0.0311433132737875,0.023412184789776802,0.09316039085388184,0.06815188378095627,0.04273173585534096,0.02684897370636463,0.010045848786830902,0.009952048771083355,0.008671659976243973,0.01848141849040985,0.1184966191649437,0.1708526313304901,0.023041091859340668,0.17190591990947723,0.11052962392568588,0.05711854621767998,0.013575435616075993,0.013825085014104843,0.013304471969604492,0.01230888906866312,0.010819289833307266,0.5562740564346313,19.22566032409668,0.2455873340368271,0.060842666774988174,0.02839568443596363,0.02399761602282524,0.020974913612008095,0.017324300482869148,0.01383685041218996,0.20112740993499756,0.22580726444721222,0.1265457272529602,0.06054381653666496,0.03338728845119476
0.021575506776571274,0.026756731793284416,0.02575787901878357,0.010697714053094387,0.01313574519008398,0.015668995678424835,0.018010806292295456,0.019501090049743652,0.01898951269686222,0.017040792852640152,0.03180523216724396,0.040421012789011,0.04476306587457657,0.040998127311468124,0.05589684098958969,0.10097017139196396,0.14975722134113312,0.043596051633358,0.08813107758760452,0.18660035729408264,0.25013235211372375,0.010290938429534435,0.011832360178232193,0.013860217295587063,0.014562143944203854,0.01591666042804718,0.02464812807738781,0.724166750907898,0.03913378342986107,0.07142744213342667,0.12770327925682068,0.01088856440037489,0.013075442984700203,0.015256890095770359,0.01724877953529358,0.01811693049967289,0.02259201370179653,0.037599410861730576,0.07156343013048172,0.14237765967845917,0.2253085970878601,0.01577572152018547,0.024301176890730858,0.027144484221935272,0.02708239108324051,0.021489666774868965,0.03194715082645416,0.048446785658597946,0.0683421790599823,0.07913961261510849
0.013560916297137737,0.01140995416790247,0.009934384375810623,0.013114845380187035,0.014048313722014427,0.014084498398005962,0.01351526565849781,0.012275828048586845,0.010542198084294796,0.018322518095374107,0.01957845874130726,0.017901793122291565,0.015414329245686531,0.012719894759356976,0.027462966740131378,0.024996362626552582,0.020867420360445976,0.03863624110817909,0.03650059178471565,0.029829896986484528,0.022623173892498016,0.011952596716582775,0.0120993135496974,0.010688815265893936,0.019259534776210785,0.047174762934446335,0.06433296203613281,0.024566859006881714,0.05192505940794945,0.04981563240289688,0.038585346192121506,0.017314855009317398,0.01843312568962574,0.018097637221217155,0.016796274110674858,0.014523235149681568,0.11856139451265335,0.20583994686603546,0.17877523601055145,0.09279031306505203,0.04653417319059372,0.03779485076665878,0.03494947403669357,0.02724459022283554,0.020270634442567825,0.18436534702777863,34.6201286315918,0.6015514135360718,0.09826010465621948,0.03910549730062485
0.013771534897387028,0.011562682688236237,0.010049127973616123,0.013408682309091091,0.014383523724973202,0.014423028565943241,0.013824856840074062,0.012530271895229816,0.010729406028985977,0.018642157316207886,0.01995127461850643,0.018212372437119484,0.015643298625946045,0.012876737862825394,0.027606140822172165,0.02512679249048233,0.0209684856235981,0.03789980337023735,0.035888973623514175,0.02944566309452057,0.022418009117245674,0.012249096296727657,0.0124029740691185,0.010921929031610489,0.01973717100918293,0.046730976551771164,0.06370718032121658,0.024535195901989937,0.05019354820251465,0.04825783148407936,0.037661127746105194,0.017842400819063187,0.019032062962651253,0.018676629289984703,0.017287250608205795,0.014884516596794128,0.1136336550116539,0.19192568957805634,0.16886727511882782,0.09028290212154388,0.046085748821496964,0.0395653210580349,0.0364682711660862,0.028167782351374626,0.02077222242951393,0.1815939098596573,30.479936599731445,0.6280012130737305,0.09866801649332047,0.03748760372400284
0.05300254747271538,0.0536317378282547,0.04045964404940605,0.016094455495476723,0.02019025757908821,0.024116359651088715,0.026490135118365288,0.026334868744015694,0.022878607735037804,0.033945441246032715,0.08558014780282974,0.10523023456335068,0.08579954504966736,0.05424419045448303,0.179398775100708,25.023422241210938,0.6527904868125916,0.05899202078580856,0.09375180304050446,0.11122165620326996,0.08688198775053024,0.013629581779241562,0.015253912657499313,0.016038423404097557,0.0235738568007946,0.03378709778189659,0.05871090292930603,0.07587491720914841,0.03796830773353577,0.04941443353891373,0.05378827452659607,0.013279104605317116,0.015525493770837784,0.01729322038590908,0.018268337473273277,0.01782185025513172,0.02348182536661625,0.03182695060968399,0.04135715588927269,0.04560654237866402,0.04326048865914345,0.016804011538624763,0.02183014713227749,0.022013574838638306,0.020212391391396523,0.019389504566788673,0.023925377056002617,0.027789365500211716,0.029206151142716408,0.027458161115646362
0.029856175184249878,0.028287271037697792,0.023543013259768486,0.022682594135403633,0.03025800921022892,0.037313465029001236,0.04105854034423828,0.038111403584480286,0.030068635940551758,0.029013268649578094,0.0525548979640007,0.05525727570056915,0.046920083463191986,0.03446042537689209,0.041159022599458694,0.04577138274908066,0.04248499870300293,0.026026302948594093,0.03011971525847912,0.030554965138435364,0.027419213205575943,0.024706685915589333,0.029547614976763725,0.029560672119259834,0.03294723480939865,0.026424318552017212,0.04011056199669838,0.04113655164837837,0.024665718898177147,0.028370171785354614,0.028555287048220634,0.030535833910107613,0.04308005049824715,0.054540712386369705,0.05820469558238983,0.048512816429138184,0.02828524075448513,0.03942892327904701,0.05115154758095741,0.05428793281316757,0.0467715784907341,0.06188404560089111,0.17037244141101837,0.13584822416305542,0.07429400086402893,0.03764820098876953,0.05875492841005325,0.08072778582572937,0.08659335970878601,0.06516966223716736
0.06587950140237808,0.33807897567749023,0.2754112482070923,0.017077244818210602,0.025795048102736473,0.04091428965330124,0.06547899544239044,0.09429359436035156,0.09281517565250397,0.014770092442631721,0.051052238792181015,0.19330504536628723,24.168254852294922,0.6408135890960693,0.043285612016916275,0.07197785377502441,0.10734374821186066,0.017764976248145103,0.02281961403787136,0.027612389996647835,0.030422741547226906,0.019274162128567696,0.025789229199290276,0.03899450600147247,0.020615119487047195,0.01445971429347992,0.02000596560537815,0.04383879527449608,0.014334489591419697,0.01725485734641552,0.019633769989013672,0.015200290828943253,0.02035508304834366,0.026929715648293495,0.03423506021499634,0.038949742913246155,0.011852193623781204,0.014805985614657402,0.018367066979408264,0.02146933786571026,0.023706592619419098,0.016661012545228004,0.028346287086606026,0.03404947742819786,0.03568335622549057,0.011874961666762829,0.01460849680006504,0.017467128112912178,0.020129499956965446,0.02147917076945305
0.023351389914751053,0.029177557677030563,0.027592718601226807,0.01705789938569069,0.023934023454785347,0.03317061439156532,0.04414673522114754,0.05101730301976204,0.046875081956386566,0.018198294565081596,0.035401783883571625,0.04500648379325867,0.04913587495684624,0.04393833503127098,0.02402980998158455,0.029563436284661293,0.03304501622915268,0.01575557142496109,0.018924906849861145,0.02125995047390461,0.02193284220993519,0.022566543892025948,0.030936408787965775,0.04464808106422424,0.020321346819400787,0.014701567590236664,0.020525582134723663,0.03766781464219093,0.015048138797283173,0.017913928255438805,0.01983504183590412,0.023169811815023422,0.036576855927705765,0.05933842435479164,0.09312133491039276,0.10765485465526581,0.015824995934963226,0.02095695026218891,0.027406848967075348,0.033178817480802536,0.03573701158165932,0.033044375479221344,0.1847815364599228,0.5524093508720398,0.3930230736732483,0.02002626284956932,0.028968801721930504,0.04090706259012222,0.054609037935733795,0.05871095880866051
0.01444548275321722,0.010695954784750938,0.008915005251765251,0.026984235271811485,0.026548905298113823,0.023316269740462303,0.01935279741883278,0.015290974639356136,0.011831658892333508,0.022391077131032944,0.019467538222670555,0.016193341463804245,0.01309243869036436,0.01044144481420517,0.016006235033273697,0.014140588231384754,0.01199356373399496,0.014002878218889236,0.012967843562364578,0.011384986340999603,0.00970231182873249,0.027660522609949112,0.024571482092142105,0.01562267355620861,0.036121662706136703,0.021216176450252533,0.022174274548888206,0.011263363063335419,0.014698761515319347,0.013589560054242611,0.011793551966547966,0.06899826973676682,0.06051437929272652,0.043245263397693634,0.029358085244894028,0.01977289468050003,0.026401963084936142,0.025525478646159172,0.02242448180913925,0.018262073397636414,0.014353807084262371,0.4393170177936554,0.057680606842041016,0.02897324599325657,0.017435554414987564,0.05271915718913078,0.04860798269510269,0.036897435784339905,0.026625189930200577,0.018519731238484383
0.020570410415530205,0.015005932189524174,0.012157055549323559,0.03978557884693146,0.043908506631851196,0.04012223333120346,0.03249519318342209,0.02412450686097145,0.0174166951328516,0.029955703765153885,0.029172101989388466,0.024027777835726738,0.018780412152409554,0.014379381202161312,0.019857775419950485,0.017965693026781082,0.015348096378147602,0.014751838520169258,0.014235028997063637,0.012883354909718037,0.011184632778167725,0.04615544155240059,0.042787980288267136,0.024575460702180862,0.054858434945344925,0.02102501317858696,0.023521816357970238,0.01357891783118248,0.014630012214183807,0.014108793810009956,0.012683412991464138,0.12814824283123016,0.1451236754655838,0.09666470438241959,0.05485937371850014,0.03153258562088013,0.022910553961992264,0.023831231519579887,0.02267554961144924,0.019605444744229317,0.01602652482688427,37.48905563354492,0.09507843106985092,0.04195146635174751,0.021309563890099525,0.03866947442293167,0.04079105332493782,0.03576916456222534,0.02856462448835373,0.02100791595876217
0.017135532572865486,0.016395211219787598,0.014588125981390476,0.022217001765966415,0.02853688783943653,0.033625174313783646,0.03567710518836975,0.03237983584403992,0.026054622605443,0.017655713483691216,0.023729130625724792,0.02387046068906784,0.021918289363384247,0.01864275336265564,0.01568656973540783,0.016268271952867508,0.0158479455858469,0.011559980921447277,0.012297691777348518,0.012296335771679878,0.011727415025234222,0.0340457409620285,0.04248596355319023,0.03923585265874863,0.025738859549164772,0.013352884911000729,0.016198646277189255,0.01623872108757496,0.01154042687267065,0.012264651246368885,0.012173728086054325,0.048709042370319366,0.08648175746202469,0.13269054889678955,0.1315731406211853,0.08136525750160217,0.015051749534904957,0.017519298940896988,0.019360167905688286,0.019598377868533134,0.01829742267727852,0.09786775708198547,0.9057003259658813,0.28929778933525085,0.08766210824251175,0.02279856614768505,0.028803881257772446,0.032670553773641586,0.0334242582321167,0.029003871604800224
0.02010565623641014,0.016151173040270805,0.01338337454944849,0.04097647964954376,0.05126470327377319,0.05241702124476433,0.04477182403206825,0.03294333070516586,0.023154454305768013,0.023758724331855774,0.02661747857928276,0.02368915267288685,0.01959846168756485,0.015565897338092327,0.015401694923639297,0.014857159927487373,0.013563740998506546,0.010724206455051899,0.010763506405055523,0.01028380449861288,0.009451711550354958,0.07621537894010544,0.08068006485700607,0.040541913360357285,0.04370015114545822,0.013745704665780067,0.015538778156042099,0.011971984058618546,0.010374187491834164,0.010383989661931992,0.009850835427641869,0.17565791308879852,0.4659171402454376,0.33925125002861023,0.11801908165216446,0.05000607296824455,0.014165052212774754,0.015139050781726837,0.015290725976228714,0.01440808828920126,0.012882554903626442,0.24017830193042755,0.17668817937374115,0.07424438744783401,0.037053436040878296,0.02086125686764717,0.022893575951457024,0.02249380759894848,0.020654406398534775,0.017262499779462814
0.05342583730816841,0.154784694314003,0.14072172343730927,0.016520056873559952,0.027715303003787994,0.05737600475549698,0.1638788878917694,0.8030716776847839,0.8150237202644348,0.020029999315738678,0.05438850447535515,0.09347006678581238,0.13037434220314026,0.11435475945472717,0.020925575867295265,0.02591911144554615,0.029859669506549835,0.01036688219755888,0.011998258531093597,0.013302448205649853,0.014036642387509346,0.029212698340415955,0.04835683852434158,0.12747325003147125,0.020738407969474792,0.009899469092488289,0.012311600148677826,0.018890975043177605,0.008849591948091984,0.00989708211272955,0.010676329024136066,0.018410544842481613,0.02683359943330288,0.03984181210398674,0.05688370019197464,0.069840207695961,0.008371561765670776,0.009730016812682152,0.011214450933039188,0.012343992479145527,0.013111465610563755,0.016864385455846786,0.028900843113660812,0.035048987716436386,0.03699420019984245,0.009013551287353039,0.010530296713113785,0.011938285082578659,0.013239544816315174,0.013811430893838406
0.02659972757101059,0.018405426293611526,0.014367899857461452,0.0846557468175888,0.11019586026668549,0.09381499141454697,0.06142079085111618,0.03700563311576843,0.023291179910302162,0.0335763655602932,0.03362863138318062,0.027288464829325676,0.020899182185530663,0.015698470175266266,0.016822783276438713,0.015616783872246742,0.01375537272542715,0.010768658481538296,0.010609982535243034,0.0099417669698596,0.008999775163829327,0.2072751373052597,0.1572497934103012,0.04113152623176575,0.07754477858543396,0.014352845028042793,0.015718648210167885,0.010918575339019299,0.010034199804067612,0.009855339303612709,0.009188713505864143,0.5003835558891296,19.664527893066406,0.24619044363498688,0.06492818146944046,0.031358830630779266,0.01340993121266365,0.013837108388543129,0.013626059517264366,0.012574045918881893,0.01115146093070507,0.15026018023490906,0.08231410384178162,0.046082060784101486,0.027188438922166824,0.018252115696668625,0.01892952248454094,0.017956987023353577,0.016206953674554825,0.013634314760565758
0.04859364405274391,0.021008653566241264,0.014448135159909725,20.232118606567383,0.6259912848472595,0.09655299782752991,0.0399969220161438,0.02188807912170887,0.014210015535354614,0.08504850417375565,0.048150040209293365,0.03061058185994625,0.02019655331969261,0.01399284228682518,0.020500175654888153,0.017240773886442184,0.013968286104500294,0.011417539790272713,0.010758613236248493,0.009679189883172512,0.008478298783302307,0.18718990683555603,0.08563922345638275,0.02440326288342476,0.2913552224636078,0.016037438064813614,0.01625460386276245,0.009303251281380653,0.009889049455523491,0.009313479997217655,0.008410056121647358,0.10861746221780777,0.08364436030387878,0.052359502762556076,0.0321640707552433,0.020761040970683098,0.012175294570624828,0.011922861449420452,0.01126343384385109,0.010084410198032856,0.00884617306292057,0.04167984798550606,0.026852628216147423,0.019914571195840836,0.014599382877349854,0.013937628827989101,0.01348900981247425,0.012304157018661499,0.010921236127614975,0.009311988018453121
0.026965128257870674,0.03808243200182915,0.036425355821847916,0.019923681393265724,0.03319716453552246,0.0621037483215332,0.1337645798921585,0.2483646273612976,0.21873129904270172,0.016142336651682854,0.029654596000909805,0.037049535661935806,0.040848854929208755,0.03837433457374573,0.013597222045063972,0.015465805307030678,0.016745753586292267,0.00799294002354145,0.008867694064974785,0.009542175568640232,0.009833862073719501,0.0250606220215559,0.04501643776893616,38.04109191894531,0.01977533847093582,0.00820564478635788,0.00983536895364523,0.013398822396993637,0.0072038122452795506,0.007875002920627594,0.008305059745907784,0.023330818861722946,0.039800792932510376,0.0774463564157486,0.1593625843524933,0.24050025641918182,0.007543004117906094,0.008600597269833088,0.009649203158915043,0.010440117679536343,0.010861353017389774,0.021208006888628006,0.041388966143131256,0.052362680435180664,0.054076630622148514,0.00883572269231081,0.01027409266680479,0.011522126384079456,0.01267918385565281,0.013047751970589161
0.0679236650466919,0.04294557124376297,0.02873043902218342,0.07543887197971344,0.17549070715904236,0.32769128680229187,0.20961737632751465,0.08916433900594711,0.04401663690805435,0.03826574981212616,0.05355853587388992,0.046264518052339554,0.03457491099834442,0.02455948479473591,0.01787360943853855,0.017582884058356285,0.016195310279726982,0.009213327430188656,0.009452421218156815,0.009293857030570507,0.008815598674118519,0.12299863994121552,0.16101296246051788,0.06685038655996323,0.0523463673889637,0.010625221766531467,0.011800970882177353,0.010337503626942635,0.007859598845243454,0.007955889217555523,0.007768162526190281,0.039645612239837646,0.050476085394620895,0.05410776287317276,0.0464378222823143,0.03484846651554108,0.008409708738327026,0.008921695873141289,0.009179635904729366,0.009011299349367619,0.008610920049250126,0.022651223465800285,0.024658048525452614,0.022464582696557045,0.018797431141138077,0.00927266851067543,0.009808317758142948,0.00987901259213686,0.009714299812912941,0.00909607857465744
0.026342391967773438,0.036896392703056335,0.03534562513232231,0.019928207620978355,0.03301049768924713,0.061034686863422394,0.12791475653648376,0.22838130593299866,0.2035970240831375,0.015885457396507263,0.028758633881807327,0.0356658436357975,0.0391790010035038,0.03690646216273308,0.013272675685584545,0.015049329958856106,0.01626543328166008,0.007837397046387196,0.00867725070565939,0.009326142258942127,0.00960525032132864,0.02540731616318226,0.05238267779350281,23.4847412109375,0.019554059952497482,0.008061199449002743,0.009630807675421238,0.013036607764661312,0.0070656174793839455,0.007714631501585245,0.008127068169414997,0.02327696420252323,0.03946945443749428,0.07581944018602371,0.1518673300743103,0.22359634935855865,0.007410348858684301,0.00843177828937769,0.00943699385970831,0.01019547414034605,0.010597006417810917,0.02086084708571434,0.04004066437482834,0.05026373639702797,0.05187181383371353,0.008679863065481186,0.010068495757877827,0.011262194253504276,0.012371103279292583,0.012720230966806412
0.010956932790577412,0.00961997825652361,0.008595813997089863,0.005845270119607449,0.006097950041294098,0.006176311057060957,0.006101248785853386,0.005896921269595623,0.005505633540451527,0.01042657345533371,0.010814386419951916,0.01039204839617014,0.009553158655762672,0.008479117415845394,0.019272200763225555,0.017889872193336487,0.015508610755205154,0.020066747441887856,0.019751548767089844,0.018049515783786774,0.01551334373652935,0.004581044893711805,0.004608486779034138,0.004458467476069927,0.007199721410870552,0.013820292428135872,0.014247985556721687,0.010543346405029297,0.015095372684299946,0.014884824864566326,0.014016182161867619,0.00448217149823904,0.004586091265082359,0.004597675986588001,0.004569329787045717,0.004442746285349131,0.009297727607190609,0.009695496410131454,0.009766558185219765,0.009399364702403545,0.008839532732963562,0.004904173314571381,0.00496599031612277,0.0048529054038226604,0.004632136784493923,0.006747507024556398,0.006841421592980623,0.006822011899203062,0.0065921093337237835,0.006267789285629988
0.007701953407377005,0.006890550255775452,0.006289350334554911,0.004457405302673578,0.004580874927341938,0.00460558757185936,0.004534197971224785,0.004395595286041498,0.004152476321905851,0.006984603591263294,0.006998044904321432,0.0067525445483624935,0.00632667588070035,0.005785094574093819,0.009393159300088882,0.008932364173233509,0.008195078000426292,0.008397869765758514,0.008294712752103806,0.007932969368994236,0.007370535749942064,0.003544832579791546,0.003544036066159606,0.003426956245675683,0.005072173196822405,0.0069674295373260975,0.006965894717723131,0.005766570568084717,0.006816515699028969,0.006723197642713785,0.006491719279438257,0.0033054924570024014,0.0033468089532107115,0.0033461134880781174,0.0033195973373949528,0.003244982799515128,0.005014095455408096,0.005091769155114889,0.005098617635667324,0.004968700930476189,0.0047973464243113995,0.0033517791889607906,0.0033658486790955067,0.0033101788721978664,0.0031974909361451864,0.003970326855778694,0.003978379536420107,0.0039556026458740234,0.0038616331294178963,0.003733261488378048
0.008952143602073193,0.006664807442575693,0.005687936674803495,0.005945373792201281,0.005764042027294636,0.0054611507803201675,0.005052833817899227,0.0046188789419829845,0.004126852843910456,0.010006941854953766,0.00825885683298111,0.007269023451954126,0.006273763719946146,0.005370739381760359,0.011595497839152813,0.009700347669422626,0.008017647080123425,0.01110431645065546,0.009730633348226547,0.008344486355781555,0.007075500674545765,0.004341756924986839,0.004144797567278147,0.0036434505600482225,0.006960677914321423,0.01055515930056572,0.009576685726642609,0.005558478180319071,0.008939435705542564,0.007998554967343807,0.0070562222972512245,0.004234268330037594,0.004107609391212463,0.003924056421965361,0.003716807346791029,0.003472396871075034,0.00698897847905755,0.006633739452809095,0.006189159583300352,0.005615354049950838,0.005081782583147287,0.0042702858336269855,0.003909583203494549,0.0036649915855377913,0.003386677708476782,0.005326440557837486,0.005060629453510046,0.004755223635584116,0.004388243425637484,0.004025882575660944
0.002333368407562375,0.0021211032290011644,0.0020024569239467382,0.001811423571780324,0.0017928730230778456,0.001761481398716569,0.0017058600205928087,0.0016458247555419803,0.001572936773300171,0.002238144865259528,0.0021111525129526854,0.0020285556092858315,0.0019323291489854455,0.0018292837776243687,0.0022902132477611303,0.002188675105571747,0.002077309414744377,0.002098043216392398,0.0020382271613925695,0.001964989583939314,0.0018812308553606272,0.0015270913718268275,0.0014955498045310378,0.0014124292647466063,0.001868908409960568,0.0020071431063115597,0.001949469791725278,0.0016623730771243572,0.0018743914552032948,0.0018183985957875848,0.001757743419148028,0.0014067075680941343,0.0013900833437219262,0.0013667031889781356,0.0013374859699979424,0.0013017301680520177,0.0016233558999374509,0.0015998540911823511,0.0015717737842351198,0.0015248839044943452,0.0014814765891060233,0.0013365820050239563,0.0012986832298338413,0.0012695487821474671,0.0012316625798121095,0.0014131756033748388,0.0013875903096050024,0.001357430825009942,0.0013203656999394298,0.0012817737879231572
0.00986044853925705,0.011614090763032436,0.011782378889620304,0.004669505637139082,0.005193811841309071,0.005684432573616505,0.006096585653722286,0.006419701501727104,0.006484084762632847,0.007029633969068527,0.00902037788182497,0.009917966090142727,0.010470408946275711,0.010518884286284447,0.011410701088607311,0.012849541381001472,0.013818915002048016,0.00884502287954092,0.010089865885674953,0.011181970126926899,0.01193333137780428,0.004087507724761963,0.00436520716175437,0.004794502630829811,0.0053381952457129955,0.00655564246699214,0.007330528926104307,0.009529167786240578,0.007163939531892538,0.007887317799031734,0.008570491336286068,0.003636529203504324,0.003909045364707708,0.004163623787462711,0.0043899002484977245,0.004546304699033499,0.004991187714040279,0.005515098571777344,0.006020626984536648,0.006424188148230314,0.006768897175788879,0.003760335734114051,0.004282762296497822,0.004469186533242464,0.004564435686916113,0.004152350593358278,0.00445801205933094,0.004758364520967007,0.00497398991137743,0.00513305002823472
0.001980273984372616,0.001731978147290647,0.0016088547417894006,0.001673091552220285,0.0016162574756890535,0.0015519129810854793,0.001477083656936884,0.0014025014825165272,0.0013215853832662106,0.0019980366341769695,0.001802444807253778,0.001698052859865129,0.0015888004563748837,0.0014814941678196192,0.0019250641344115138,0.001805571373552084,0.0016824911581352353,0.0017875471385195851,0.001702824025414884,0.0016139462823048234,0.0015215057646855712,0.001392311998642981,0.001338534988462925,0.0012255528708919883,0.001699155429378152,0.0017829259159043431,0.0016964947571977973,0.0013563211541622877,0.0016139991348609328,0.0015380115946754813,0.0014634542167186737,0.0013045575469732285,0.0012649414129555225,0.0012223346857354045,0.0011779990745708346,0.001130627584643662,0.0014594323001801968,0.0014099545078352094,0.0013595186173915863,0.001299448311328888,0.001245126943103969,0.0012250918662175536,0.0011503895511850715,0.0,0.0,0.001282750628888607,0.0012378537794575095,0.0011926735751330853,0.001144430018030107,0.0
0.014644311740994453,0.009140917100012302,0.00732611445710063,0.01006974559277296,0.009445064701139927,0.008558950386941433,0.007539307698607445,0.006542434450238943,0.005570095032453537,0.020669106394052505,0.014004782773554325,0.011204221285879612,0.008878850378096104,0.007096094079315662,0.02184727042913437,0.015617637895047665,0.011413995176553726,0.020872678607702255,0.01618536002933979,0.012439318932592869,0.009633897803723812,0.00668379757553339,0.006202975753694773,0.005074771586805582,0.012731846421957016,0.023372819647192955,0.019108586013317108,0.007548934314399958,0.015784503892064095,0.012909862212836742,0.010454557836055756,0.0068158614449203014,0.006444940809160471,0.005967335309833288,0.0054555428214371204,0.004904901143163443,0.012818674556910992,0.01155520137399435,0.010134605690836906,0.00859852321445942,0.007318280171602964,0.007002043072134256,0.005986261647194624,0.005386420525610447,0.004768888000398874,0.009214628487825394,0.008418933488428593,0.007545496337115765,0.006629352457821369,0.005789785645902157
0.006707275751978159,0.008197754621505737,0.008738530799746513,0.0035037845373153687,0.003887493396177888,0.004286893643438816,0.004630580078810453,0.004967962857335806,0.00517827644944191,0.00482224440202117,0.006123539991676807,0.006769494153559208,0.007334820926189423,0.0077100577764213085,0.006981173064559698,0.007846396416425705,0.008590048179030418,0.0055748578161001205,0.006291762460023165,0.006987519096583128,0.007611789740622044,0.0031959263142198324,0.003432102967053652,0.0038693463429808617,0.003871800610795617,0.004356285557150841,0.004810905084013939,0.006581437774002552,0.004714799579232931,0.005193576216697693,0.005642806179821491,0.0027982215397059917,0.0030229848343878984,0.0032355438452214003,0.0034440173767507076,0.003627167548984289,0.003478960134088993,0.003817784134298563,0.004177159164100885,0.004474687855690718,0.004786916542798281,0.0028409080114215612,0.00326616526581347,0.0034610291477292776,0.0035983494017273188,0.003001944860443473,0.003226524917408824,0.003445657901465893,0.003645906923338771,0.0038200970739126205
0.005205012392252684,0.003884495235979557,0.003363658906891942,0.004382654093205929,0.004067853093147278,0.003730472642928362,0.003371988655999303,0.003044136567041278,0.0027161226607859135,0.005982760805636644,0.004673954099416733,0.004104665946215391,0.0035748861264437437,0.0031171701848506927,0.005319586023688316,0.004588027019053698,0.0039425077848136425,0.004904708359390497,0.004368850030004978,0.003878427669405937,0.0034235953353345394,0.0032518161460757256,0.003016112605109811,0.00254645524546504,0.004647102672606707,0.005232918541878462,0.004696659743785858,0.002926422515884042,0.004244989715516567,0.0038186381570994854,0.003433166304603219,0.0031187711283564568,0.0029355131555348635,0.0027434183284640312,0.002550029894337058,0.002354583702981472,0.003848601132631302,0.003576424438506365,0.003304950660094619,0.003008225467056036,0.002749496139585972,0.00292245508171618,0.0025724414736032486,0.002388877561315894,0.0021990989334881306,0.0032111553009599447,0.002993995789438486,0.0027766742277890444,0.0025594893377274275,0.002354495692998171
0.05656341090798378,0.06020275503396988,0.04484327509999275,0.014600771479308605,0.018046775832772255,0.021378427743911743,0.023440947756171227,0.0235576368868351,0.020978134125471115,0.031036946922540665,0.07232178002595901,0.0889127105474472,0.07681961357593536,0.05164453759789467,0.19062277674674988,0.5541529059410095,0.3789738416671753,0.04445527493953705,0.0635838732123375,0.07406030595302582,0.06467872858047485,0.012103850021958351,0.013435466215014458,0.014214655384421349,0.0203381460160017,0.027133004739880562,0.04025546461343765,0.05093200504779816,0.02845286950469017,0.03487999737262726,0.03770403936505318,0.011190160177648067,0.01280935201793909,0.014105780981481075,0.014867143705487251,0.014683004468679428,0.017706461250782013,0.022194568067789078,0.02687767706811428,0.028990788385272026,0.02857614867389202,0.013031821697950363,0.01617005281150341,0.016442375257611275,0.015576696023344994,0.014354121871292591,0.016792057082057,0.018762394785881042,0.01954708993434906,0.018960993736982346
0.023694662377238274,0.05400226265192032,0.0738486796617508,0.008380049839615822,0.010622839443385601,0.013539038598537445,0.01700953207910061,0.020884016528725624,0.023621173575520515,0.011962952092289925,0.02516321651637554,0.03914470970630646,0.061182208359241486,0.08351683616638184,0.02592688985168934,0.045235246419906616,0.0888480693101883,0.015507925301790237,0.0219621192663908,0.031400930136442184,0.04372847452759743,0.008349278941750526,0.009932134300470352,0.013313669711351395,0.010075855068862438,0.010547524318099022,0.014024056494235992,0.04713943973183632,0.012629002332687378,0.01631106622517109,0.020733188837766647,0.007210989017039537,0.008622104302048683,0.010208425112068653,0.011967145837843418,0.013580615632236004,0.008707189932465553,0.010893347673118114,0.013791081495583057,0.016975319012999535,0.020565306767821312,0.008035494014620781,0.011452587321400642,0.013291474431753159,0.014742204919457436,0.007890320383012295,0.009485231712460518,0.011317567899823189,0.013274038210511208,0.01507976371794939
0.011448579840362072,0.007276089861989021,0.005864694714546204,0.008999115787446499,0.008203107863664627,0.007295642979443073,0.006328662857413292,0.005475159268826246,0.0046730004251003265,0.014357376843690872,0.009824412874877453,0.008045143447816372,0.006557760760188103,0.005384199786931276,0.01107911579310894,0.008893528021872044,0.007161844987422228,0.008955772034823895,0.007761416491121054,0.006635364610701799,0.005645463243126869,0.006020547356456518,0.00547713553532958,0.0043841092847287655,0.009863828308880329,0.010175833478569984,0.008946260437369347,0.004807461518794298,0.007285500876605511,0.006429668515920639,0.005621209740638733,0.005663507618010044,0.005285965744405985,0.004856749437749386,0.004419221542775631,0.003974759019911289,0.0066142939031124115,0.006109178997576237,0.005575859919190407,0.00497278431430459,0.004441151395440102,0.005172157660126686,0.004432492423802614,0.004031226504594088,0.00361967203207314,0.005430962424725294,0.005034198518842459,0.004611356649547815,0.004181640222668648,0.0037650223821401596
0.004541362170130014,0.004050769843161106,0.003741741878911853,0.003201600629836321,0.003202352672815323,0.00316838757134974,0.0030683118384331465,0.0029448666609823704,0.002785839606076479,0.004081769846379757,0.003901961026713252,0.003735179081559181,0.003518332727253437,0.0032735944259911776,0.004058274906128645,0.003876960137858987,0.003649556776508689,0.003346414305269718,0.003284526290372014,0.003176378784701228,0.003035802859812975,0.002636305522173643,0.0025921312626451254,0.0024427769239991903,0.003284463193267584,0.003199685597792268,0.0031464940402656794,0.002689945977181196,0.002870517550036311,0.002808746648952365,0.002721945056691766,0.0023227701894938946,0.002314141485840082,0.002286500297486782,0.002242264337837696,0.002177328569814563,0.0024523958563804626,0.0024422681890428066,0.0024213239084929228,0.0023602177388966084,0.0022955385502427816,0.002141664270311594,0.00210550450719893,0.0020642245654016733,0.0019971481524407864,0.002135847695171833,0.0021154347341507673,0.002082738559693098,0.0020340445917099714,0.0019733693916350603
0.5029605627059937,0.090583935379982,0.04205585643649101,0.030341314151883125,0.0399242639541626,0.04648316651582718,0.044455330818891525,0.03635050356388092,0.02647164836525917,0.08431871235370636,0.2643648386001587,0.1627839058637619,0.07415124028921127,0.03789905458688736,0.09741979837417603,0.08733998984098434,0.05882887914776802,0.02456931583583355,0.026143990457057953,0.024763450026512146,0.02143380232155323,0.02139781229197979,0.02278662845492363,0.01995137333869934,0.04254531487822533,0.023961935192346573,0.029180539771914482,0.02095777727663517,0.017367638647556305,0.017899295315146446,0.017083970829844475,0.017173700034618378,0.01923743635416031,0.020033391192555428,0.01942630484700203,0.01744176633656025,0.014534542337059975,0.016099628061056137,0.017014363780617714,0.016465753316879272,0.015221581794321537,0.016488103196024895,0.017977289855480194,0.01693885028362274,0.014895930886268616,0.012967942282557487,0.013962219469249249,0.014199767261743546,0.013781166635453701,0.012658681720495224
0.04010942205786705,0.24268825352191925,0.5449978113174438,0.012011867947876453,0.016563549637794495,0.02344617061316967,0.03307436779141426,0.044985104352235794,0.05190842226147652,0.015274131670594215,0.042325641959905624,0.08726266026496887,0.20602305233478546,0.3220117390155792,0.030587639659643173,0.0498376339673996,0.08126305043697357,0.014386639930307865,0.01865573599934578,0.02339770458638668,0.027684293687343597,0.012755891308188438,0.016065698117017746,0.02351311221718788,0.014180926606059074,0.011105017736554146,0.014602705836296082,0.03451468050479889,0.011529971845448017,0.01392450276762247,0.01625801809132099,0.01004217192530632,0.012549186125397682,0.015523713082075119,0.018820976838469505,0.02168513834476471,0.008915552869439125,0.010860241949558258,0.013240567408502102,0.015505854040384293,0.017638953402638435,0.010517408140003681,0.01573176123201847,0.018468786031007767,0.02025464177131653,0.008495042100548744,0.010108835063874722,0.011820914223790169,0.01351937185972929,0.014830539934337139
0.6493749022483826,0.05448361113667488,0.027836874127388,0.04219990596175194,0.05382801219820976,0.056398265063762665,0.046696752309799194,0.03413912281394005,0.023411255329847336,0.16344605386257172,0.2828584909439087,0.11191015690565109,0.04996467009186745,0.02683398127555847,0.08419663459062576,0.0636933222413063,0.04156114161014557,0.023629628121852875,0.023554107174277306,0.021186459809541702,0.01780610717833042,0.025773024186491966,0.02587304078042507,0.019842935726046562,0.06287914514541626,0.026193367317318916,0.030128400772809982,0.01746240444481373,0.016994761303067207,0.016755226999521255,0.015377885662019253,0.02070394530892372,0.02231837995350361,0.02202579751610756,0.02010529860854149,0.017128536477684975,0.015371717512607574,0.01638014055788517,0.016556039452552795,0.015400772914290428,0.013791810721158981,0.018887270241975784,0.018768008798360825,0.016825193539261818,0.014199616387486458,0.01392936147749424,0.014479553326964378,0.014203882776200771,0.013306681998074055,0.011863983236253262
0.03936835378408432,0.25758177042007446,0.6597377061843872,0.01196116954088211,0.0164982657879591,0.023394113406538963,0.03305675461888313,0.04509355127811432,0.05235227569937706,0.015239615924656391,0.04118417203426361,0.08175777643918991,0.17728736996650696,0.2627592980861664,0.028625700622797012,0.04473154991865158,0.06867745518684387,0.01353123877197504,0.017282584682106972,0.021328521892428398,0.024930188432335854,0.012745024636387825,0.016058363020420074,0.023570671677589417,0.013982245698571205,0.010619710199534893,0.013786904513835907,0.030553000047802925,0.010862985625863075,0.012977113015949726,0.014999009668827057,0.00988699123263359,0.012317380867898464,0.015191848389804363,0.01835908740758896,0.02111745811998844,0.008486675098538399,0.01023999322205782,0.012343387119472027,0.014317929744720459,0.016161711886525154,0.010174737311899662,0.015027251094579697,0.017549356445670128,0.019208664074540138,0.008100653998553753,0.009558175690472126,0.011092186905443668,0.012587495148181915,0.013745279051363468
0.0069885775446891785,0.006258325185626745,0.005709711462259293,0.0045359209179878235,0.004625472240149975,0.004632711876183748,0.004519813694059849,0.0043443418107926846,0.004098041914403439,0.005774517077952623,0.005700878798961639,0.005491792690008879,0.005167580675333738,0.004770816303789616,0.005500178784132004,0.005317948758602142,0.005034166853874922,0.004109336994588375,0.0040963636711239815,0.0040132333524525166,0.003868483006954193,0.0037272570189088583,0.0037016409914940596,0.0035188791807740927,0.004555653780698776,0.003946010489016771,0.003948272671550512,0.003505957080051303,0.003449522191658616,0.0034206360578536987,0.003349859965965152,0.0031403161119669676,0.0031602594535797834,0.003150740172713995,0.003105516079813242,0.0030256565660238266,0.002960306592285633,0.0029825251549482346,0.0029900933150202036,0.0029393727891147137,0.0028811993543058634,0.0028063077479600906,0.002804839052259922,0.0027658476028591394,0.0026846083346754313,0.002610173774883151,0.002611907897517085,0.0025939529296010733,0.0025536916218698025,0.0024911847431212664
0.24317951500415802,0.5326399803161621,0.12088053673505783,0.022977767512202263,0.03353888913989067,0.047807566821575165,0.059370484203100204,0.05973901227116585,0.04646557196974754,0.037776827812194824,0.17892688512802124,0.3436414301395416,0.22359125316143036,0.0919821560382843,0.058745648711919785,0.07661324739456177,0.07562907785177231,0.018795758485794067,0.022022336721420288,0.02362802065908909,0.023083673790097237,0.02061338908970356,0.0246861781924963,0.0273172277957201,0.02885577827692032,0.016652526333928108,0.021268924698233604,0.02550039067864418,0.01410929299890995,0.01568472757935524,0.016288230195641518,0.015447433106601238,0.01873929426074028,0.02167597971856594,0.023395273834466934,0.02297867275774479,0.011653779074549675,0.013540464453399181,0.015333719551563263,0.0161280557513237,0.016140678897500038,0.01496950350701809,0.019478680565953255,0.02010277844965458,0.018981242552399635,0.01096271350979805,0.012409195303916931,0.013522788882255554,0.014072141610085964,0.013811159878969193
0.05868103355169296,0.42256298661231995,0.4258720874786377,0.013941571116447449,0.019309736788272858,0.027205893769860268,0.037013325840234756,0.04658788442611694,0.04824117198586464,0.019144738093018532,0.05268463119864464,0.09681501984596252,0.1527934968471527,0.14196328818798065,0.031332556158304214,0.044977184385061264,0.05864908546209335,0.013618350960314274,0.016651472076773643,0.019468924030661583,0.021342787891626358,0.014118371531367302,0.0174249354749918,0.023544536903500557,0.0161803737282753,0.01118666585534811,0.01413821056485176,0.02437594160437584,0.010683882981538773,0.012349252589046955,0.01370897889137268,0.010590131394565105,0.01296644564718008,0.015527497977018356,0.018022503703832626,0.01971888169646263,0.008523652330040932,0.010014651343226433,0.01169721782207489,0.013018813915550709,0.014075874350965023,0.010422417894005775,0.01443569641560316,0.016142768785357475,0.01683318428695202,0.008055504411458969,0.00926908664405346,0.010404727421700954,0.011433119885623455,0.012007172219455242
0.1020626574754715,0.7160753011703491,0.25250986218452454,0.017413362860679626,0.024656062945723534,0.03507993742823601,0.046316683292388916,0.05342773348093033,0.04855016618967056,0.025512507185339928,0.08041225373744965,0.1479058861732483,0.1772550642490387,0.11385346949100494,0.03882985562086105,0.052904173731803894,0.06127188354730606,0.015070335939526558,0.017980240285396576,0.020173033699393272,0.020945649594068527,0.016805412247776985,0.02049223519861698,0.025451738387346268,0.02051760070025921,0.01288493163883686,0.016207611188292503,0.02344687655568123,0.011627973057329655,0.01313160639256239,0.014126655645668507,0.012381681241095066,0.015033240430057049,0.01774149015545845,0.01995767652988434,0.020803650841116905,0.009448587894439697,0.01097626518458128,0.012568267062306404,0.013633024878799915,0.014208801090717316,0.011912995018064976,0.01594550348818302,0.017215145751833916,0.017171695828437805,0.008903481997549534,0.010123989544808865,0.011181437410414219,0.011976274661719799,0.012171749956905842
0.03684147819876671,0.31313467025756836,1.4160794019699097,0.012310238555073738,0.01726163923740387,0.025158584117889404,0.036850929260253906,0.052524540573358536,0.06310030817985535,0.015146915800869465,0.04003424569964409,0.07688819617033005,0.15583929419517517,0.22229214012622833,0.024926232174038887,0.03622475266456604,0.05069016292691231,0.011941240169107914,0.014809842221438885,0.01775115355849266,0.02027035877108574,0.01358775608241558,0.017416300252079964,0.026635071262717247,0.014078580774366856,0.009782103821635246,0.012445253320038319,0.024921583011746407,0.009694332256913185,0.01136176660656929,0.012886137701570988,0.010137608274817467,0.01272431667894125,0.0158426221460104,0.019294999539852142,0.022372141480445862,0.007839621976017952,0.009319769218564034,0.011045707389712334,0.012617062777280807,0.014072049409151077,0.010087155736982822,0.014870388433337212,0.017377644777297974,0.01905115135014057,0.007600429467856884,0.008875892497599125,0.010199150070548058,0.011465467512607574,0.012439116835594177
0.019080646336078644,0.012822594493627548,0.010189171880483627,0.011033734306693077,0.010991162620484829,0.010511720553040504,0.009546579793095589,0.00846895296126604,0.007317638024687767,0.01592753641307354,0.013825866393744946,0.012003428302705288,0.010078130289912224,0.008354338817298412,0.012094605714082718,0.01079708430916071,0.00933057814836502,0.007647683843970299,0.007354116067290306,0.006861807778477669,0.006264879833906889,0.007913610897958279,0.007557103876024485,0.006434686481952667,0.011168161407113075,0.007939809933304787,0.007822808809578419,0.005693148355931044,0.006105158943682909,0.005863114260137081,0.00551519263535738,0.0064066085033118725,0.006333752069622278,0.006109817884862423,0.0057715983130037785,0.005355170927941799,0.005394498351961374,0.005354550667107105,0.005245566833764315,0.004977080505341291,0.004697985947132111,0.0054465411230921745,0.00517053110525012,0.004905490670353174,0.004552812315523624,0.0047394223511219025,0.0046700104139745235,0.0045204171910882,0.004315451718866825,0.004062396474182606
1.0564062595367432,0.10069191455841064,0.04206569865345955,0.034949611872434616,0.0486840158700943,0.05933510884642601,0.05624894052743912,0.04390835016965866,0.030468236654996872,0.07254508882761002,0.18449153006076813,0.13018882274627686,0.06808188557624817,0.03709624335169792,0.05121079832315445,0.04893851652741432,0.03904496878385544,0.01730210892856121,0.01822058856487274,0.0176790002733469,0.01603643409907818,0.025282705202698708,0.02723761461675167,0.023298628628253937,0.04283483326435089,0.01770162396132946,0.0205988809466362,0.0164988674223423,0.012969073839485645,0.013299409300088882,0.012881597504019737,0.018009576946496964,0.020331284031271935,0.021293554455041885,0.02060096524655819,0.01841423660516739,0.01151066180318594,0.012529309839010239,0.013140753842890263,0.012841744348406792,0.012132557108998299,0.015604127198457718,0.0170460045337677,0.01619586907327175,0.01437870878726244,0.010768393985927105,0.011488267220556736,0.011663279496133327,0.011424757540225983,0.010667621158063412
1.1859824657440186,0.05253860726952553,0.02609175071120262,0.049802545458078384,0.06717529147863388,0.07167478650808334,0.056760553270578384,0.03916654735803604,0.025731083005666733,0.12929579615592957,0.20260560512542725,0.09880995005369186,0.04844684526324272,0.027192583307623863,0.05167969688773155,0.04359618201851845,0.032368842512369156,0.017883364111185074,0.01793595775961876,0.016630325466394424,0.014569261111319065,0.030428322032094002,0.03056204505264759,0.02246321365237236,0.06381024420261383,0.020063264295458794,0.022497912868857384,0.014826580882072449,0.013459310866892338,0.013332493603229523,0.012470840476453304,0.021847035735845566,0.023691566661000252,0.023417741060256958,0.021241415292024612,0.017960991710424423,0.012646851129829884,0.01336081326007843,0.013522093184292316,0.012776188552379608,0.011685645207762718,0.018114279955625534,0.018095428124070168,0.016345908865332603,0.01390280295163393,0.011929810978472233,0.012356783263385296,0.01216993760317564,0.01154501736164093,0.01046053133904934
0.10277543216943741,2.4135231971740723,0.3037571907043457,0.01962653547525406,0.02950500324368477,0.045732881873846054,0.0664094090461731,0.08064085245132446,0.06955486536026001,0.026127366349101067,0.08926986157894135,0.17748039960861206,0.21550346910953522,0.12721571326255798,0.03429804742336273,0.04478926584124565,0.050730857998132706,0.013765282928943634,0.016167832538485527,0.017918387427926064,0.018505938351154327,0.02028297819197178,0.0258405152708292,0.033733680844306946,0.022614434361457825,0.012317737564444542,0.01538658607751131,0.021766861900687218,0.010869637131690979,0.012165291234850883,0.012993182986974716,0.014139420352876186,0.017697498202323914,0.021472884342074394,0.024615539237856865,0.02574840746819973,0.009245458990335464,0.01069835014641285,0.012191480956971645,0.013180158101022243,0.013690546154975891,0.013204763643443584,0.018191251903772354,0.019789336249232292,0.01968628168106079,0.008995729498565197,0.01024695299565792,0.011317659169435501,0.012132013216614723,0.01230887696146965
0.683334469795227,0.057602524757385254,0.02830713428556919,0.04629768431186676,0.06143878400325775,0.06583325564861298,0.05332237109541893,0.03771718963980675,0.02525581791996956,0.10243663191795349,0.14795097708702087,0.08511220663785934,0.045776885002851486,0.026849519461393356,0.04418569058179855,0.03832543268799782,0.02951076813042164,0.01625089906156063,0.016341639682650566,0.015301460400223732,0.013585352338850498,0.029029937461018562,0.02920692041516304,0.021833010017871857,0.05507832020521164,0.01800052635371685,0.01998702809214592,0.013810896314680576,0.012323007918894291,0.012234067544341087,0.011524607427418232,0.02027805522084236,0.021919207647442818,0.021743452176451683,0.019906427711248398,0.01705111935734749,0.011528830975294113,0.012140518985688686,0.012302765622735023,0.011703016236424446,0.010805335827171803,0.016487954184412956,0.016563335433602333,0.01513737440109253,0.013057984411716461,0.010883418843150139,0.011246406473219395,0.011106308549642563,0.010603655129671097,0.009698016569018364
0.6686760187149048,0.10093694925308228,0.04320930317044258,0.036839596927165985,0.0526055209338665,0.06543507426977158,0.06175142526626587,0.047160904854536057,0.032092612236738205,0.06410649418830872,0.1399364471435547,0.1067228764295578,0.06157328933477402,0.03551233559846878,0.03991398587822914,0.03870797157287598,0.03242402523756027,0.014908760786056519,0.01563580520451069,0.015269794501364231,0.01407528668642044,0.02736726962029934,0.029653577134013176,0.025029072538018227,0.04175015538930893,0.015509774908423424,0.017759792506694794,0.014756627380847931,0.011430659331381321,0.01169405598193407,0.011379723437130451,0.01833697222173214,0.020761677995324135,0.02179085463285446,0.021050941199064255,0.018779966980218887,0.01038714312016964,0.011229894123971462,0.011736172251403332,0.01151007879525423,0.010957522317767143,0.015147664584219456,0.016541359946131706,0.01577295921742916,0.014068039134144783,0.009909475222229958,0.010531260631978512,0.010680771432816982,0.010499735362827778,0.009865179657936096
0.22819241881370544,0.597415566444397,0.12358416616916656,0.025760799646377563,0.04029193893074989,0.06358442455530167,0.08562400937080383,0.08599729835987091,0.06156085059046745,0.035389143973588943,0.12446656078100204,0.18882018327713013,0.14668984711170197,0.07771217077970505,0.035842474550008774,0.042267926037311554,0.042478207498788834,0.013907657004892826,0.015700064599514008,0.01659337617456913,0.0164025966078043,0.025179516524076462,0.031441688537597656,0.035631828010082245,0.029303407296538353,0.013240215368568897,0.01609693095088005,0.01877758465707302,0.010898386128246784,0.011873378418385983,0.01221532467752695,0.016690488904714584,0.02061404287815094,0.02426660992205143,0.026353230699896812,0.025820523500442505,0.00964421033859253,0.0109042227268219,0.012104063294827938,0.012624314054846764,0.012666899710893631,0.01469737570732832,0.01908932253718376,0.019767742604017258,0.01874745637178421,0.009458604268729687,0.01052981149405241,0.011345718055963516,0.01176474429666996,0.011593570001423359
0.02781532146036625,0.021937021985650063,0.017383528873324394,0.014188370667397976,0.015760695561766624,0.01651463471353054,0.015906548127532005,0.014498992823064327,0.012587403878569603,0.016299117356538773,0.017904169857501984,0.016877278685569763,0.01488872617483139,0.012570037506520748,0.011585675179958344,0.011326686479151249,0.010591886006295681,0.006617146078497171,0.006721244193613529,0.006643693428486586,0.0063950191251933575,0.011673451401293278,0.011803688481450081,0.010709556750953197,0.013003509491682053,0.006784265860915184,0.007114308886229992,0.006388773210346699,0.005391939077526331,0.0054101115092635155,0.005319727584719658,0.008116962388157845,0.008474771864712238,0.008553292602300644,0.00836517009884119,0.007941842079162598,0.004928735084831715,0.00508289085701108,0.005168081261217594,0.00510660745203495,0.004993140697479248,0.006414866074919701,0.006578587926924229,0.006452447734773159,0.006132017355412245,0.004646517336368561,0.004744570702314377,0.004746658261865377,0.004699124488979578,0.004550545942038298
0.005308637395501137,0.0038385065272450447,0.003304134588688612,0.005110349506139755,0.004620254039764404,0.004123925231397152,0.0036694251466542482,0.0032415450550615788,0.0028337130788713694,0.00764840841293335,0.005457693245261908,0.004627307411283255,0.00392497330904007,0.0033351776655763388,0.00745451170951128,0.005916239693760872,0.004798166919499636,0.00957783218473196,0.007352818734943867,0.00579112907871604,0.004652244970202446,0.003711068071424961,0.0033879270777106285,0.0027696555480360985,0.006092398893088102,0.01195555366575718,0.009261575527489185,0.003897823626175523,0.00928981602191925,0.007230711169540882,0.005784796085208654,0.00416571507230401,0.003804638283327222,0.003446714486926794,0.003121232381090522,0.0028073121793568134,0.009366746060550213,0.0076669021509587765,0.006295640952885151,0.005207068286836147,0.004363218788057566,0.004504806827753782,0.0036178920418024063,0.003212663810700178,0.0028367366176098585,0.0069464147090911865,0.00591577822342515,0.005048882681876421,0.00430224509909749,0.003707288298755884
0.004067152738571167,0.003037477843463421,0.0026493275072425604,0.0051481169648468494,0.004526097327470779,0.003941639792174101,0.0034475750289857388,0.0030033979564905167,0.0026066037826240063,0.006265248637646437,0.00448805233463645,0.0038220433052629232,0.0032635985407978296,0.0027971346862614155,0.005513474345207214,0.004523998126387596,0.0037757796235382557,0.007049220148473978,0.0055015478283166885,0.00438917288556695,0.0035746325738728046,0.004016167484223843,0.0035756381694227457,0.0027798591181635857,0.00612155394628644,0.010655718855559826,0.008008106611669064,0.003282049437984824,0.007536216173321009,0.005788818001747131,0.004541960544884205,0.005217991303652525,0.004535162355750799,0.003930800128728151,0.003424867521971464,0.002974082250148058,0.01037763524800539,0.007460473105311394,0.005713837221264839,0.0044982219114899635,0.003592450637370348,0.0061118099838495255,0.004284849856048822,0.0035933367908000946,0.003055979497730732,0.009892777539789677,0.007446061819791794,0.005723694339394569,0.004551386926323175,0.0037626419216394424
0.005131072364747524,0.003552810987457633,0.00302104908041656,0.005854519084095955,0.005057916976511478,0.004342886619269848,0.0037386498879641294,0.00322647113353014,0.002761152107268572,0.007990721613168716,0.0052169980481266975,0.004312905948609114,0.003589852713048458,0.0030136974528431892,0.006079250946640968,0.004779093433171511,0.0038882726803421974,0.007289086934179068,0.005648973397910595,0.0045022000558674335,0.0036640793550759554,0.004138278774917126,0.0036592232063412666,0.0028275311924517155,0.006752253510057926,0.010046261362731457,0.007771496195346117,0.0032072770409286022,0.007272921036928892,0.0056942966766655445,0.004582669585943222,0.004744621925055981,0.0041780839674174786,0.0036645750515162945,0.003225902793928981,0.0028286692686378956,0.008528346195816994,0.006781615316867828,0.00546485697850585,0.00447965320199728,0.003751537064090371,0.004925178363919258,0.003691211109980941,0.003202115884050727,0.0027824973221868277,0.006852989550679922,0.0056504071690142155,0.004706878215074539,0.003947921097278595,0.0033597007859498262
0.003300359472632408,0.0024189166724681854,0.0021042139269411564,0.0045769368298351765,0.0038817087188363075,0.0033034873194992542,0.0028444593772292137,0.0024409701582044363,0.0020981456618756056,0.005002212710678577,0.003461727872490883,0.002924845088273287,0.0024912082590162754,0.0021395001094788313,0.0038106234278529882,0.0031529059633612633,0.0026637634728103876,0.004255420062690973,0.003452381119132042,0.002852397272363305,0.0024034169036895037,0.003542931517586112,0.0030733193270862103,0.0023185592144727707,0.005051775369793177,0.0061203185468912125,0.004623171873390675,0.00216915481723845,0.004301814362406731,0.0034703915007412434,0.0028250685427337885,0.0044007436372339725,0.003720482112839818,0.0031807704363018274,0.002740919589996338,0.00236133998259902,0.005056326277554035,0.0040612551383674145,0.0033272779546678066,0.0027480963617563248,0.002383548067882657,0.004537474829703569,0.003157355822622776,0.0026654929388314486,0.002275610575452447,0.0050753080286085606,0.004120776429772377,0.0033859184477478266,0.002852733014151454,0.0024470167700201273
0.010022930800914764,0.007103478070348501,0.005958169233053923,0.012011335231363773,0.011007693596184254,0.009687588550150394,0.008383999578654766,0.007127017714083195,0.005942842457443476,0.017643634229898453,0.012631640769541264,0.010272224433720112,0.008307268843054771,0.006733545567840338,0.018183715641498566,0.013805096037685871,0.01056426577270031,0.029388397932052612,0.02014722116291523,0.014128036797046661,0.0102849081158638,0.009083797223865986,0.008226991631090641,0.00629207631573081,0.017269523814320564,0.0698997974395752,0.04488016664981842,0.009084283374249935,0.03722843527793884,0.02371799759566784,0.015684762969613075,0.013379089534282684,0.011920817196369171,0.010238752700388432,0.00870056264102459,0.00726345693692565,0.13668936491012573,0.05126601830124855,0.02626967802643776,0.01565076783299446,0.010402976535260677,0.021114787086844444,0.013211597688496113,0.010221066884696484,0.008017346262931824,0.11078379303216934,0.04717480391263962,0.025221286341547966,0.015775930136442184,0.010967051610350609
0.006350585259497166,0.0041690971702337265,0.0034758273977786303,0.008111106231808662,0.006743943318724632,0.005597181152552366,0.004690756089985371,0.003922830335795879,0.0032855463214218616,0.010936878621578217,0.006493997760117054,0.005188274197280407,0.004199082497507334,0.0034380697179585695,0.006653820164501667,0.005122311878949404,0.004147987812757492,0.008652430027723312,0.00650462880730629,0.005069043952971697,0.004079585429280996,0.005476413294672966,0.00471429992467165,0.0034798989072442055,0.009481360204517841,0.01282338984310627,0.009351354092359543,0.0035017600748687983,0.00863515492528677,0.0065642609260976315,0.005157046485692263,0.006508601829409599,0.005546784494072199,0.004730716813355684,0.004056846257299185,0.003480574581772089,0.011085082776844501,0.008465764112770557,0.006617333739995956,0.0052705672569572926,0.004332008771598339,0.006689406931400299,0.004703681915998459,0.003969007637351751,0.0033587776124477386,0.009142371825873852,0.007234939839690924,0.005820597521960735,0.004762540105730295,0.003962363116443157
0.0023171701468527317,0.0017514675855636597,0.0015450151404365897,0.0032437522895634174,0.002762850373983383,0.0023759761825203896,0.0020686190109699965,0.0017925866413861513,0.0015532394172623754,0.0032913878094404936,0.002364315325394273,0.0020341179333627224,0.0017663821345195174,0.0015439223498106003,0.0024947801139205694,0.002130435546860099,0.0018462779698893428,0.0027416981756687164,0.0023093298077583313,0.0019710089545696974,0.00171193340793252,0.0026294870767742395,0.002284169429913163,0.0017430732259526849,0.0034042964689433575,0.0036904681473970413,0.0029260313604027033,0.0015616182936355472,0.002759405178949237,0.002319596940651536,0.0019605783745646477,0.0031149021815508604,0.002652814146131277,0.002292497316375375,0.0019965795800089836,0.0017395500326529145,0.0032222100999206305,0.002716782735660672,0.002295143436640501,0.001954808132722974,0.0017172618536278605,0.003020535223186016,0.0021733762696385384,0.001867326907813549,0.0016247887397184968,0.0030609657987952232,0.0025541996583342552,0.002201948780566454,0.0019219298847019672,0.001678928965702653
0.003953559324145317,0.003055386943742633,0.002694939263164997,0.0057972632348537445,0.005100723821669817,0.004459281452000141,0.0038994222413748503,0.0033864714205265045,0.002937435172498226,0.005893781315535307,0.0044962018728256226,0.0038874263409525156,0.0033738359343260527,0.0029335939325392246,0.004941506776958704,0.004250610247254372,0.0036658889148384333,0.00596544798463583,0.005024924874305725,0.004243663977831602,0.0035997210070490837,0.004991569090634584,0.004402474500238895,0.0033472736831754446,0.006653113756328821,0.008682547137141228,0.007302200887352228,0.0035385945811867714,0.006735013797879219,0.005594208370894194,0.004636057186871767,0.007158650550991297,0.006066262722015381,0.005122319795191288,0.004352041985839605,0.0036915976088494062,0.010910303331911564,0.008505689911544323,0.006710723973810673,0.005372256971895695,0.004334806464612484,0.008783175610005856,0.005613839253783226,0.004558994900435209,0.003772697178646922,0.012869668193161488,0.009530034847557545,0.007227721624076366,0.005608856678009033,0.004442277364432812
0.009721722453832626,0.007195326499640942,0.00612221984192729,0.012717762030661106,0.011871229857206345,0.010576021857559681,0.009226386435329914,0.007856611162424088,0.006561862770467997,0.01615329273045063,0.012563441880047321,0.010471931658685207,0.008637722581624985,0.007077957037836313,0.015889719128608704,0.01290872972458601,0.010358331725001335,0.022079048678278923,0.017305461689829826,0.013260488398373127,0.01020354125648737,0.010415969416499138,0.009494653902947903,0.007224169559776783,0.017925621941685677,0.0415121354162693,0.03466128185391426,0.009947055950760841,0.027825290337204933,0.02092071808874607,0.015288026072084904,0.016726884990930557,0.014952536672353745,0.012720040045678616,0.010632852092385292,0.008701451122760773,0.09507375210523605,0.055979132652282715,0.03291015699505806,0.020623929798603058,0.013656794093549252,0.031151562929153442,0.017658859491348267,0.013019654899835587,0.009802206419408321,0.23703519999980927,0.07146511971950531,0.03249911963939667,0.018359888345003128,0.011846330016851425
0.01311388798058033,0.008557402528822422,0.006959686055779457,0.016600262373685837,0.014814045280218124,0.012571483850479126,0.010474401526153088,0.008594224229454994,0.006942089647054672,0.026539651677012444,0.01674214005470276,0.012843169271945953,0.00990846287459135,0.007722720969468355,0.023622270673513412,0.016749339178204536,0.012187233194708824,0.033479224890470505,0.02230752445757389,0.015285392291843891,0.010952436365187168,0.011643638834357262,0.010280829854309559,0.007453413680195808,0.025624549016356468,0.10787777602672577,0.0590764656662941,0.009335135109722614,0.03779194876551628,0.024295510724186897,0.01614052802324295,0.017539426684379578,0.015181168913841248,0.012610169127583504,0.010379009880125523,0.008403372950851917,0.12936243414878845,0.056265074759721756,0.029621196910738945,0.01781647652387619,0.012001863680779934,0.02728484757244587,0.015556243248283863,0.011647257022559643,0.008869786746799946,0.106638602912426,0.049237966537475586,0.027176229283213615,0.01702764816582203,0.011613921262323856
0.01410349365323782,0.008982732892036438,0.007247976027429104,0.01736222207546234,0.015460225753486156,0.013069210574030876,0.010833939537405968,0.008845023810863495,0.007115926593542099,0.02963421866297722,0.01798134110867977,0.013576153665781021,0.010339159518480301,0.007977080531418324,0.02616823837161064,0.01793401502072811,0.012770725414156914,0.037069257348775864,0.023848848417401314,0.015995027497410774,0.011287025175988674,0.011864335276186466,0.010466773994266987,0.00757044181227684,0.027330897748470306,0.13875208795070648,0.06628105789422989,0.009282094426453114,0.04044544696807861,0.025388119742274284,0.016596147790551186,0.01748729683458805,0.015185237862169743,0.012645653448998928,0.010427836328744888,0.008456109091639519,0.12749409675598145,0.05705665051937103,0.030373018234968185,0.018323246389627457,0.01236176397651434,0.026349643245339394,0.015379552729427814,0.011597818695008755,0.008871947415173054,0.09175950288772583,0.047005508095026016,0.027158493176102638,0.017334725707769394,0.011894588358700275
0.006862710230052471,0.00437066750600934,0.0036065843887627125,0.008819684386253357,0.007255190517753363,0.005966417957097292,0.004951714538037777,0.004109859466552734,0.003426743671298027,0.011877183802425861,0.006815496366471052,0.005402062088251114,0.00431464659050107,0.0035193059593439102,0.006981347221881151,0.005373835563659668,0.00426191883161664,0.008751478046178818,0.006734759081155062,0.005318790674209595,0.004290021024644375,0.0057787601836025715,0.004945938475430012,0.0036182026378810406,0.010010137222707272,0.012927524745464325,0.009540184400975704,0.003682591486722231,0.008175408467650414,0.006410660222172737,0.005137245170772076,0.006589664611965418,0.005625346675515175,0.004803427495062351,0.00411959458142519,0.0035362455528229475,0.009690675884485245,0.0077280872501432896,0.006224917713552713,0.005056524649262428,0.0042127445340156555,0.006451132241636515,0.004623455461114645,0.003933786880224943,0.003351268358528614,0.008020646870136261,0.006554627325385809,0.005422524642199278,0.004518584813922644,0.0038008803967386484
0.013004537671804428,0.008503975346684456,0.006920579820871353,0.017114730551838875,0.015198049135506153,0.012827631086111069,0.010642076842486858,0.008692753501236439,0.007004917599260807,0.026335036382079124,0.01663358137011528,0.01276547834277153,0.009856879711151123,0.007688959129154682,0.022620199248194695,0.01625172421336174,0.011935616843402386,0.030801907181739807,0.02113831788301468,0.014780335128307343,0.010728055611252785,0.012074800208210945,0.01060276199132204,0.007605493534356356,0.026369161903858185,0.091915562748909,0.05442870408296585,0.009372278116643429,0.034731581807136536,0.023080971091985703,0.01563146337866783,0.018617501482367516,0.015951596200466156,0.013119016773998737,0.010700317099690437,0.008594434708356857,0.11668708175420761,0.054129138588905334,0.029397478327155113,0.017831094563007355,0.012007675133645535,0.02954806759953499,0.01617094688117504,0.011939877644181252,0.009013723582029343,0.11243954300880432,0.04978511109948158,0.027001945301890373,0.01683706045150757,0.011430814862251282
0.009372853673994541,0.006992462556809187,0.005970879457890987,0.012898556888103485,0.011998274363577366,0.010652405209839344,0.009267979301512241,0.007873645052313805,0.0065669529139995575,0.01537612359970808,0.012061220593750477,0.010105928406119347,0.008380288258194923,0.0069016567431390285,0.014426412992179394,0.01192034874111414,0.009715946391224861,0.018815863877534866,0.015229984186589718,0.012023798190057278,0.009456366300582886,0.01081754919141531,0.009810153394937515,0.0073801008984446526,0.01781493052840233,0.03350461646914482,0.029039427638053894,0.009480022825300694,0.02311067096889019,0.01815188303589821,0.013763051480054855,0.017942270264029503,0.015868615359067917,0.013334471732378006,0.011024419218301773,0.008928938768804073,0.067618228495121,0.04518153518438339,0.0290316641330719,0.019196094945073128,0.013174534775316715,0.03445634990930557,0.018473878502845764,0.01336637232452631,0.009955748915672302,0.17996443808078766,0.06997094303369522,0.03401326388120651,0.019492657855153084,0.012395448051393032
0.012129846028983593,0.008109098300337791,0.00664593605324626,0.016811499372124672,0.014905661344528198,0.012575749307870865,0.010447613894939423,0.008543985895812511,0.0068984366953372955,0.023755483329296112,0.015512892045080662,0.01207238994538784,0.009430106729269028,0.0074342950247228146,0.019964588806033134,0.014859424903988838,0.011194152757525444,0.026221929118037224,0.01888428069651127,0.013669893145561218,0.010146306827664375,0.012217894196510315,0.010690588504076004,0.0076203723438084126,0.025295700877904892,0.06710896641016006,0.0450311116874218,0.009274383075535297,0.030018329620361328,0.02092483825981617,0.014654457569122314,0.019544057548046112,0.01655752584338188,0.013475848361849785,0.010896611958742142,0.008686819113790989,0.09817137569189072,0.0497838519513607,0.0282264593988657,0.01748337596654892,0.01183246448636055,0.03231196478009224,0.016729198396205902,0.012154665775597095,0.009087358601391315,0.12089730054140091,0.04856584966182709,0.025918511673808098,0.016044113785028458,0.010822168551385403
0.013819999061524868,0.008847799152135849,0.007150859106332064,0.018895117565989494,0.016592146828770638,0.013810304924845695,0.011312760412693024,0.009122468531131744,0.007289088796824217,0.02912733517587185,0.017716050148010254,0.013386917300522327,0.010214457288384438,0.00789586827158928,0.023386284708976746,0.01666082628071308,0.012158422730863094,0.030005495995283127,0.020859234035015106,0.014700489118695259,0.010718772187829018,0.013072986155748367,0.011361665092408657,0.007984401658177376,0.02968643046915531,0.08997371792793274,0.05427118390798569,0.009441202506422997,0.03286684304475784,0.022350970655679703,0.01536454726010561,0.020498331636190414,0.017315540462732315,0.014032221399247646,0.011296608485281467,0.008968386799097061,0.10194196552038193,0.051681678742170334,0.029230043292045593,0.018060199916362762,0.012249714694917202,0.03247803449630737,0.01700582168996334,0.012384622357785702,0.009255376644432545,0.10629787296056747,0.04938119649887085,0.02732381783425808,0.017095908522605896,0.0115780308842659
0.017010917887091637,0.01009257324039936,0.007936364971101284,0.022551001980900764,0.019490817561745644,0.015869222581386566,0.012702329084277153,0.010030074045062065,0.007867969572544098,0.0411408469080925,0.02169717848300934,0.015551744028925896,0.011396095156669617,0.008565058000385761,0.029514474794268608,0.01944284327328205,0.013489838689565659,0.03518768399953842,0.02346077747642994,0.016011040657758713,0.011439788155257702,0.014370676130056381,0.012372836470603943,0.008520809933543205,0.037896331399679184,0.13115447759628296,0.0668925940990448,0.009551496244966984,0.03512788191437721,0.023571375757455826,0.016049297526478767,0.02152617648243904,0.01817364990711212,0.014687323942780495,0.011780482716858387,0.009320204146206379,0.08665238320827484,0.04915231466293335,0.029342174530029297,0.01863301545381546,0.012847498059272766,0.031198523938655853,0.01701415330171585,0.012532067485153675,0.009410087019205093,0.07318183034658432,0.04269903898239136,0.026232119649648666,0.01731042191386223,0.012042722664773464
0.001416727202013135,0.0011199312284588814,0.0010071687866002321,0.0019123922102153301,0.0016626206925138831,0.00146431231405586,0.0013026195811107755,0.001145242596976459,0.001013465691357851,0.001859293319284916,0.0014218227006495,0.0012544404016807675,0.0011181167792528868,0.001000003656372428,0.0014821742661297321,0.0013082950608804822,0.0011623993050307035,0.001592698972672224,0.001394934137351811,0.00123041239567101,0.0010970935691148043,0.0016571219312027097,0.0014569653430953622,0.0011408469872549176,0.001956262858584523,0.002019908046349883,0.0017012190073728561,0.001030848710797727,0.0015990885440260172,0.0013982842210680246,0.0012245767284184694,0.0018340180395171046,0.001597856404259801,0.0014146403409540653,0.0012560756877064705,0.001112012774683535,0.001856540679000318,0.0016261760611087084,0.0014261053875088692,0.0012517800787463784,0.0011169931385666132,0.0016845277277752757,0.0012899297289550304,0.0011405469849705696,0.001013528322800994,0.0018082915339618921,0.001552013331092894,0.0013728599296882749,0.0012165457010269165,0.0010696167591959238
0.00200116285122931,0.001526227337308228,0.0013497781474143267,0.0028527250979095697,0.0024100339505821466,0.0020739620085805655,0.0018114133272320032,0.0015632571885362267,0.0013571357121691108,0.0027486153412610292,0.001995910657569766,0.0017283853376284242,0.0015153619460761547,0.0013319735880941153,0.002098287455737591,0.0018177194288000464,0.0015862887958064675,0.0022791586816310883,0.001958471490070224,0.0016981919761747122,0.0014909019228070974,0.002383093349635601,0.002059459686279297,0.0015560005558654666,0.0028985277749598026,0.0030005958396941423,0.0024615393485873938,0.0013829341623932123,0.0022800161968916655,0.001955845858901739,0.0016863230848684907,0.0026994950603693724,0.002292345045134425,0.0019899525213986635,0.0017372453585267067,0.0015128595987334847,0.00275165936909616,0.0023510961327701807,0.002016013953834772,0.0017412741435691714,0.0015331770991906524,0.002471377607434988,0.001814975286833942,0.0015777808148413897,0.0013760767178609967,0.0026795652229338884,0.002254182705655694,0.0019537631887942553,0.001704847440123558,0.001475583529099822
0.0019365092739462852,0.0015194265870377421,0.0013562525855377316,0.0028159767389297485,0.002428613603115082,0.0021182214841246605,0.00186461943667382,0.0016333310632035136,0.0014377364423125982,0.002650088630616665,0.0020189860370010138,0.001772098708897829,0.0015683041419833899,0.001391212921589613,0.0020615935791283846,0.0018183179199695587,0.0016095361206680536,0.00221030181273818,0.0019395024282857776,0.001705401809886098,0.0015091880923137069,0.002460659481585026,0.0021362192928791046,0.0016405981732532382,0.002914795419201255,0.0029177824035286903,0.0025068200193345547,0.0014737366000190377,0.0022926523815840483,0.0020019214134663343,0.0017473463667556643,0.0029508257284760475,0.0025074309669435024,0.00215901923365891,0.001869352301582694,0.0016227070009335876,0.0029430075082927942,0.002514127641916275,0.002168178092688322,0.0018775975331664085,0.00163101009093225,0.002753645647317171,0.001986150164157152,0.0017089602770283818,0.001499489531852305,0.0030952671077102423,0.002593272365629673,0.002207717392593622,0.0018962225876748562,0.0016263762954622507
0.0031202936079353094,0.002421670826151967,0.002145791659131646,0.005093923769891262,0.00435074046254158,0.0037322246935218573,0.003233649069443345,0.002786295022815466,0.0024123189505189657,0.0044907331466674805,0.0033953464590013027,0.002951687667518854,0.002582718851044774,0.0022631993051618338,0.003356981324031949,0.0029454221948981285,0.0025923405773937702,0.0035838945768773556,0.003139039734378457,0.0027463329024612904,0.0024141937028616667,0.004553262609988451,0.0038857932668179274,0.0028579854406416416,0.0053171501494944096,0.004978138953447342,0.0043428633362054825,0.002440774580463767,0.003812507726252079,0.0033199286554008722,0.0028783243615180254,0.006194108631461859,0.005064690485596657,0.004188806749880314,0.0035079524386674166,0.0029509086161851883,0.005514391232281923,0.004646888934075832,0.0039373729377985,0.0033341057132929564,0.002837525913491845,0.00625870143994689,0.004051080904901028,0.0033215046860277653,0.0027924999594688416,0.006530341226607561,0.005304718390107155,0.004356268793344498,0.00362757476978004,0.0030173338018357754
0.007412899285554886,0.0045698536559939384,0.003673759289085865,0.017168601974844933,0.012191406451165676,0.008931734599173069,0.006808687932789326,0.005284064449369907,0.004172986373305321,0.014987622387707233,0.007440847344696522,0.005698379594832659,0.004500884097069502,0.003643966745585203,0.008796967566013336,0.006758834235370159,0.005263845436275005,0.008068262599408627,0.0065735927782952785,0.005380021873861551,0.00444748904556036,0.009989602491259575,0.007807950954884291,0.004981593694537878,0.016067223623394966,0.012607164680957794,0.009837040677666664,0.004085699561983347,0.007290062960237265,0.00601249048486352,0.0049862549640238285,0.011434854939579964,0.008954714052379131,0.007124752271920443,0.005744829773902893,0.0046925656497478485,0.009134278632700443,0.007565950974822044,0.0062736403197050095,0.005198878701776266,0.004381927661597729,0.00949943158775568,0.0061793336644768715,0.005056156776845455,0.004169960506260395,0.008604541420936584,0.007113004568964243,0.005892678629606962,0.0049380832351744175,0.00413946807384491
0.02541656233370304,0.01117595937103033,0.008144189603626728,0.08239541947841644,0.04619120433926582,0.0273488387465477,0.017621170729398727,0.011907237581908703,0.008404748514294624,0.103179931640625,0.024031730368733406,0.014820092357695103,0.010241811163723469,0.0074681686237454414,0.022483473643660545,0.01579998806118965,0.011426568031311035,0.015680136159062386,0.01281204354017973,0.0102566909044981,0.008215083740651608,0.02887878008186817,0.02049289084970951,0.010811621323227882,0.1145094782114029,0.02893063984811306,0.023517396301031113,0.007910240441560745,0.013558118604123592,0.011284084059298038,0.00919351726770401,0.03762190788984299,0.02678341418504715,0.01895783469080925,0.01376054435968399,0.010196673683822155,0.018643729388713837,0.015767984092235565,0.01299816370010376,0.01041372586041689,0.008408017456531525,0.02909507229924202,0.015511528588831425,0.011545218527317047,0.008718200959265232,0.01909969188272953,0.015826482325792313,0.012732639908790588,0.010226810351014137,0.008152536116540432
0.011921768076717854,0.006411836016923189,0.00500220013782382,0.030592501163482666,0.019317248836159706,0.01301831379532814,0.009346310980618,0.0068849800154566765,0.00523169431835413,0.02667520008981228,0.010749959386885166,0.007680384907871485,0.005898562725633383,0.004648315720260143,0.012120111845433712,0.009046205319464207,0.006912874523550272,0.010264321230351925,0.008327079936861992,0.006748987827450037,0.005523933097720146,0.015478130429983139,0.011427762918174267,0.006661891937255859,0.026838257908821106,0.017486831173300743,0.013605630025267601,0.005174934398382902,0.00923691876232624,0.007605394814163446,0.006225855089724064,0.019172176718711853,0.013995340093970299,0.010468578897416592,0.008045924827456474,0.006309091113507748,0.012410120107233524,0.010172735899686813,0.008332012221217155,0.006765536032617092,0.005592831410467625,0.015226820483803749,0.00886402279138565,0.0069618127308785915,0.005535965785384178,0.012277297675609589,0.00995600875467062,0.008051608689129353,0.00658436631783843,0.005387783050537109
0.015255576930940151,0.009983215481042862,0.00802074559032917,0.04181612655520439,0.033978160470724106,0.025248508900403976,0.018560566008090973,0.013590233400464058,0.010094084776937962,0.028234878554940224,0.019161736592650414,0.014729826711118221,0.011336986906826496,0.00881633535027504,0.01489785872399807,0.012419433332979679,0.010171732865273952,0.012349111959338188,0.010946983471512794,0.009349861182272434,0.007876944728195667,0.03503938391804695,0.026091385632753372,0.013651915825903416,0.05322815105319023,0.02038518711924553,0.019326578825712204,0.008622657507658005,0.012374457903206348,0.010950335301458836,0.009288832545280457,0.11136756837368011,0.061711836606264114,0.0349288210272789,0.021597011014819145,0.014176140539348125,0.021376125514507294,0.018921738490462303,0.015892688184976578,0.01281000766903162,0.010212796740233898,0.1260354071855545,0.023605089634656906,0.01503234263509512,0.009802774526178837,0.03429596498608589,0.02804381772875786,0.021193332970142365,0.015945542603731155,0.011846144683659077
0.0035784109495580196,0.0027408013120293617,0.00241134874522686,0.006200585979968309,0.005220670253038406,0.00441826181486249,0.003777771256864071,0.003216781187802553,0.002757436828687787,0.005214525852352381,0.003894408931955695,0.0033595405984669924,0.0029191046487540007,0.00254019140265882,0.0037389511708170176,0.0032739199232310057,0.002870880998671055,0.0038789408281445503,0.003404781222343445,0.00297995051369071,0.0026174914091825485,0.0055594975128769875,0.004665490239858627,0.003322848817333579,0.00637629022821784,0.005457292310893536,0.004790455102920532,0.00267969723790884,0.004089373163878918,0.0035701969172805548,0.0030979362782090902,0.0077578225173056126,0.006179159972816706,0.004998533520847559,0.004105527885258198,0.0033960998989641666,0.006001738831400871,0.005074516870081425,0.004303955473005772,0.0036575463600456715,0.003110008779913187,0.0075980243273079395,0.004705441650003195,0.003811880014836788,0.0031633933540433645,0.007297165226191282,0.005955412983894348,0.004867629613727331,0.00403721584007144,0.0033505514729768038
0.025149257853627205,0.011234092526137829,0.008179360069334507,0.12129008024930954,0.05386139452457428,0.02861316129565239,0.017595654353499413,0.011534311808645725,0.008037526160478592,0.08658652007579803,0.024587908759713173,0.015450047329068184,0.010690447874367237,0.007806085515767336,0.01909979246556759,0.014170131646096706,0.010643641464412212,0.012968258000910282,0.010972836054861546,0.009070203639566898,0.007469186093658209,0.03599093481898308,0.02358907274901867,0.011373561806976795,0.09075672179460526,0.022046761587262154,0.01891004480421543,0.00742314150556922,0.011342450976371765,0.009723331779241562,0.008137219585478306,0.04629972204566002,0.030695082619786263,0.020692622289061546,0.014519413001835346,0.010552022606134415,0.01533739548176527,0.01336587592959404,0.011340118013322353,0.009337044321000576,0.007718140725046396,0.030024340376257896,0.01574353501200676,0.011677629314363003,0.008791225962340832,0.01643972285091877,0.013993225991725922,0.011518992483615875,0.009457007050514221,0.007662326097488403
0.02062913216650486,0.010498540475964546,0.007881039753556252,0.10387399047613144,0.04874468967318535,0.026929477229714394,0.016906699165701866,0.011215690523386002,0.00794295221567154,0.0562778040766716,0.02196059189736843,0.014702072367072105,0.01048986054956913,0.007771400269120932,0.016422726213932037,0.012628304772078991,0.009764429181814194,0.011960666626691818,0.010196537710726261,0.008497197180986404,0.007051176391541958,0.038835883140563965,0.02427060529589653,0.011191807687282562,0.10932286828756332,0.02053874544799328,0.01778789609670639,0.007182472385466099,0.010901403613388538,0.009367182850837708,0.00785320159047842,0.06549451500177383,0.03647680580615997,0.022393766790628433,0.014896669425070286,0.010430964641273022,0.015899615362286568,0.013698743656277657,0.011503883637487888,0.009402139112353325,0.007707365322858095,0.040115971118211746,0.017337029799818993,0.01227746531367302,0.00895798858255148,0.018572630360722542,0.015424185432493687,0.012408186681568623,0.009986530989408493,0.00795393344014883
0.016579896211624146,0.01058246847242117,0.008412305265665054,0.058696918189525604,0.044562749564647675,0.03074757009744644,0.021314464509487152,0.014938061125576496,0.01081705279648304,0.030185075476765633,0.02018377184867859,0.015351842157542706,0.011723356321454048,0.009057123214006424,0.014191078022122383,0.011963993310928345,0.00989809725433588,0.010961427353322506,0.00989453960210085,0.008610602468252182,0.007371686398983002,0.05020522698760033,0.03348693251609802,0.015224732458591461,0.06487522274255753,0.0173158198595047,0.01665680669248104,0.008159215562045574,0.010688644833862782,0.009643074125051498,0.008353790268301964,0.22064247727394104,0.08250892907381058,0.0392107293009758,0.022197775542736053,0.013980521820485592,0.016954980790615082,0.015449420548975468,0.013461961410939693,0.011218477040529251,0.009233168326318264,0.14487819373607635,0.029049435630440712,0.01764153502881527,0.011645456776022911,0.024939382448792458,0.021608326584100723,0.01737934909760952,0.013817442581057549,0.01070236787199974
0.02191079780459404,0.01083377655595541,0.008062304928898811,0.13718795776367188,0.050759416073560715,0.026216503232717514,0.01615876331925392,0.010590213350951672,0.007605057209730148,0.05634118616580963,0.022238975390791893,0.014899066649377346,0.010629130527377129,0.007875681854784489,0.0154118025675416,0.012082964181900024,0.009467553347349167,0.010700011625885963,0.009315231814980507,0.007905312813818455,0.006665384862571955,0.044421445578336716,0.02612711489200592,0.01133468747138977,0.1097291111946106,0.017283258959650993,0.015382875688374043,0.006834306288510561,0.009611132554709911,0.008427479304373264,0.007196878548711538,0.06366343051195145,0.03641105070710182,0.022587593644857407,0.015058678574860096,0.010616782121360302,0.013194579631090164,0.011690364219248295,0.010104157961905003,0.008474736474454403,0.007110297679901123,0.03351040557026863,0.016369923949241638,0.011939315125346184,0.008889060467481613,0.01504012756049633,0.012965390458703041,0.010792897082865238,0.008961240760982037,0.007321554701775312
0.0,0.0,0.0,0.0,0.0,0.0,0.0,0.0,0.0,0.0,0.0,0.0,0.0,0.0,0.0,0.0,0.0,0.0,0.0,0.0,0.0,0.0,0.0,0.0,0.0,0.0,0.0,0.0,0.0,0.0,0.0,0.0,0.0,0.0,0.0,0.0,0.0,0.0,0.0,0.0,0.0,0.0,0.0,0.0,0.0,0.0,0.0,0.0,0.0,0.0
0.0019311405485495925,0.001739403116516769,0.0016380915185436606,0.0015510634984821081,0.001523293205536902,0.0014827566919848323,0.0014324678340926766,0.0013790286611765623,0.0013126821722835302,0.002068930072709918,0.0019126511178910732,0.0018273714231327176,0.0017308656824752688,0.0016256850212812424,0.0024657296016812325,0.0023142974823713303,0.0021531637758016586,0.0028626162093132734,0.0026864612009376287,0.0025053774006664753,0.0023191256914287806,0.0012945735361427069,0.0012637246400117874,0.0011884698178619146,0.0017276275902986526,0.0026147966273128986,0.0024716597981750965,0.0019212248735129833,0.0027264594100415707,0.002569134347140789,0.0024192892014980316,0.0013207771116867661,0.0012953545665368438,0.0012631933204829693,0.0012302275281399488,0.0011902768164873123,0.002280262066051364,0.0021967636421322823,0.0021001340355724096,0.001994337886571884,0.0018915989203378558,0.0013997367350384593,0.0013280550483614206,0.0012821054551750422,0.001230477704666555,0.00186558673158288,0.0017978233518078923,0.0017283393535763025,0.001646802294999361,0.0015717152273282409
0.0027959856670349836,0.0024150670506060123,0.002232584170997143,0.0026711744721978903,0.0025771581567823887,0.0024571968242526054,0.002332080388441682,0.002196169923990965,0.0020340103656053543,0.00352036627009511,0.0031314296647906303,0.002910373965278268,0.0026799978222697973,0.002449345076456666,0.004420402925461531,0.003983337432146072,0.003567046718671918,0.007029970176517963,0.006033097859472036,0.005160679575055838,0.004394638817757368,0.0022712773643434048,0.0021856396924704313,0.00197612214833498,0.0032081801909953356,0.00714211817830801,0.006381291896104813,0.003750892821699381,0.008395005948841572,0.007127482444047928,0.006034861318767071,0.002712886780500412,0.002603985369205475,0.0024739934597164392,0.0023473557084798813,0.002199601847678423,0.008527476340532303,0.007491918280720711,0.006440253462642431,0.005536440294235945,0.004714681301265955,0.0033967718482017517,0.002984545426443219,0.0027439137920737267,0.0025102889630943537,0.006793625187128782,0.0060875266790390015,0.005400023423135281,0.004719400312751532,0.004139626864343882
0.0012715213233605027,0.0,0.0,0.0012659148778766394,0.001178828300908208,0.0,0.0,0.0,0.0,0.0014919268433004618,0.0012455170508474112,0.0011421373346820474,0.0,0.0,0.0014253734843805432,0.0012865146854892373,0.0011631210800260305,0.0015578663442283869,0.0014067630982026458,0.0012744308914989233,0.0011532854987308383,0.0,0.0,0.0,0.0013275183737277985,0.001651717466302216,0.0014969893964007497,0.0,0.0015119794989004731,0.001368665019981563,0.0012468129862099886,0.0,0.0,0.0,0.0,0.0,0.0014871425228193402,0.0013607646105811,0.0012465352192521095,0.001142307068221271,0.0,0.0,0.0,0.0,0.0,0.0013014179421588778,0.0011990932980552316,0.0011071774642914534,0.0,0.0
0.001513277762569487,0.0014253775589168072,0.0013744494644924998,0.0017543637659400702,0.0017352898139506578,0.0016991480952128768,0.001658556517213583,0.0016026184894144535,0.0015340030658990145,0.0017608958296477795,0.0017132022185251117,0.0016640136018395424,0.001607234007678926,0.0015417537651956081,0.001851575099863112,0.001802419894374907,0.0017408697167411447,0.0022032258566468954,0.002130887471139431,0.002040210412815213,0.0019410423701629043,0.0017890091985464096,0.001764332060702145,0.0016583373071625829,0.0019171017920598388,0.002379288198426366,0.00237115565687418,0.00203300011344254,0.0025122244842350483,0.0024389515165239573,0.002331953961402178,0.002216557040810585,0.0021819928660988808,0.0021190692204982042,0.002044110791757703,0.0019486378878355026,0.0030837145168334246,0.0030114464461803436,0.0028831614181399345,0.0027466597966849804,0.0025690579786896706,0.0027779527008533478,0.0025667520239949226,0.0024209509138017893,0.002271761419251561,0.0035676120314747095,0.003486320376396179,0.0033428138121962547,0.0031546580139547586,0.0029401970095932484
0.0026733488775789738,0.003387149889022112,0.0037880840245634317,0.002401072299107909,0.002753404900431633,0.003154429607093334,0.003634727792814374,0.004189103376120329,0.004832224454730749,0.0022700405679643154,0.002944795647636056,0.003346588695421815,0.003806724911555648,0.004319914150983095,0.002620062790811062,0.0029577298555523157,0.003350768703967333,0.0023878354113548994,0.0026849200949072838,0.003021250246092677,0.0033783591352403164,0.002952045062556863,0.00346266757696867,0.004760626703500748,0.002410565037280321,0.002147193066775799,0.0024964038748294115,0.004257495980709791,0.002439528936520219,0.0027528160717338324,0.0031063046772032976,0.002887376584112644,0.0034016757272183895,0.004037271719425917,0.004835527390241623,0.005807044450193644,0.0024160980246961117,0.0027697437908500433,0.003186442656442523,0.0036658511962741613,0.004211110062897205,0.0032802079804241657,0.004689826164394617,0.005692139733582735,0.006953589152544737,0.002694625174626708,0.0031678893137723207,0.0037181631196290255,0.004419964738190174,0.005245211999863386
0.03388884663581848,0.08485224097967148,0.10064560174942017,0.012393736280500889,0.019244860857725143,0.03528853505849838,0.08417946100234985,0.32422900199890137,2.233351469039917,0.015226420015096664,0.03467198461294174,0.05415916442871094,0.07807716727256775,0.08770860731601715,0.01600617729127407,0.01975240372121334,0.023337472230196,0.008695019409060478,0.010083765722811222,0.011292063631117344,0.012219690717756748,0.023370254784822464,0.039181262254714966,0.15280382335186005,0.015962928533554077,0.008210827596485615,0.01011955738067627,0.01673853024840355,0.00758459372445941,0.00853804312646389,0.0093157347291708,0.015524827875196934,0.02266622520983219,0.03461100906133652,0.05358743295073509,0.07740936428308487,0.0072144814766943455,0.008397986181080341,0.009726890362799168,0.010835465043783188,0.011783622205257416,0.014525658451020718,0.025897346436977386,0.03329084441065788,0.03837037459015846,0.00786559097468853,0.009233495220541954,0.010600948706269264,0.011943316087126732,0.012837488204240799
0.0,0.0,0.0,0.0,0.0,0.0,0.0,0.0,0.0,0.0,0.0,0.0,0.0,0.0,0.0,0.0,0.0,0.0,0.0,0.0,0.0,0.0,0.0,0.0,0.0,0.0,0.0,0.0,0.0,0.0,0.0,0.0,0.0,0.0,0.0,0.0,0.0,0.0,0.0,0.0,0.0,0.0,0.0,0.0,0.0,0.0,0.0,0.0,0.0,0.0
0.015915824100375175,0.02311960607767105,0.02532086707651615,0.007952799089252949,0.009753601625561714,0.01185382716357708,0.014130646362900734,0.016364961862564087,0.017483392730355263,0.011500276625156403,0.02089821919798851,0.028157364577054977,0.03599373251199722,0.040609583258628845,0.02904299646615982,0.050037261098623276,0.09071093052625656,0.022018948569893837,0.03953702002763748,0.08500375598669052,0.2291470617055893,0.008031999692320824,0.009392186999320984,0.01201207097619772,0.01008559949696064,0.01177775114774704,0.015709789469838142,2.419590950012207,0.02149265818297863,0.03643381595611572,0.06892666965723038,0.008085361681878567,0.009765000082552433,0.011614791117608547,0.013687384314835072,0.015416450798511505,0.013502303510904312,0.020131725817918777,0.033143725246191025,0.060012929141521454,0.12178196012973785,0.010902606882154942,0.017204387113451958,0.02065691351890564,0.023161569610238075,0.013409995473921299,0.018708959221839905,0.02710377238690853,0.03957417607307434,0.05591144040226936
0.038343921303749084,0.37914928793907166,1.989245057106018,0.01316936407238245,0.019056448712944984,0.029051098972558975,0.045506350696086884,0.07056786119937897,0.08768952637910843,0.0145185561850667,0.043600425124168396,0.10385425388813019,0.3782728910446167,0.9189039468765259,0.02887599729001522,0.04497081786394119,0.06856697052717209,0.01356147974729538,0.017260467633605003,0.021158285439014435,0.024519089609384537,0.015180811285972595,0.020097851753234863,0.032761748880147934,0.015396671369671822,0.010943942703306675,0.014415151439607143,0.033135462552309036,0.011087287217378616,0.013263857923448086,0.015305296517908573,0.011579400859773159,0.015038461424410343,0.019462641328573227,0.024724360555410385,0.02959071286022663,0.009009560570120811,0.010980437509715557,0.013385085389018059,0.01566655933856964,0.01777006685733795,0.01204170286655426,0.01924179121851921,0.02334289625287056,0.026059329509735107,0.008894122205674648,0.010685771703720093,0.012580661103129387,0.01451114472001791,0.015962250530719757
0.04815647751092911,3.091519355773926,1.7349637746810913,0.01599641516804695,0.02368655987083912,0.036801859736442566,0.05698930099606514,0.08078687638044357,0.08382972329854965,0.01978255808353424,0.06444860249757767,0.1485724300146103,0.3138849139213562,0.25651970505714417,0.031241241842508316,0.0444914847612381,0.05748811736702919,0.013454698957502842,0.01634836010634899,0.018959153443574905,0.020619027316570282,0.017656901851296425,0.023128625005483627,0.03429942578077316,0.018564041703939438,0.011461706832051277,0.014660656452178955,0.02557990700006485,0.010754648596048355,0.012416616082191467,0.01373507734388113,0.012784046120941639,0.016324156895279884,0.02049844339489937,0.024813707917928696,0.027738485485315323,0.008977490477263927,0.010622633621096611,0.01248540636152029,0.013954001478850842,0.015080096200108528,0.012499424628913403,0.018500210717320442,0.02118072845041752,0.022202352061867714,0.00880504958331585,0.010253670625388622,0.011645477265119553,0.012905776500701904,0.01357505563646555
0.057084549218416214,2.101738929748535,1.1886183023452759,0.016966233029961586,0.026160111650824547,0.043422624468803406,0.07432989776134491,0.11785949021577835,0.12167146801948547,0.01974250189960003,0.06939147412776947,0.1818518340587616,0.473347008228302,0.3390290439128876,0.0310478787869215,0.043864864856004715,0.05615866184234619,0.013467353768646717,0.01632060296833515,0.01885145530104637,0.020408211275935173,0.020003395155072212,0.027265038341283798,0.04345615208148956,0.019797176122665405,0.01168181374669075,0.015060878358781338,0.026493564248085022,0.01089491043239832,0.012583469972014427,0.013900045305490494,0.014258651994168758,0.018796613439917564,0.024485453963279724,0.030626565217971802,0.0348140187561512,0.00932711735367775,0.011097941547632217,0.013107369653880596,0.014696608297526836,0.015881555154919624,0.014019247144460678,0.021823985502123833,0.025458084419369698,0.0267631895840168,0.0093521224334836,0.010991886258125305,0.012591265141963959,0.01404020469635725,0.014780552126467228
0.018253326416015625,0.0351150706410408,0.044955797493457794,0.010115292854607105,0.014341827481985092,0.021264011040329933,0.03388011455535889,0.05817557871341705,0.09666808694601059,0.010742091573774815,0.022293100133538246,0.03420069441199303,0.05338701605796814,0.07770269364118576,0.015186517499387264,0.02038716711103916,0.02714969962835312,0.009869235567748547,0.01229063794016838,0.014955899678170681,0.017640940845012665,0.014175193384289742,0.02078033797442913,0.051570914685726166,0.009483780711889267,0.008304916322231293,0.0110716437920928,0.030529895797371864,0.009154297411441803,0.011153277941048145,0.01318985316902399,0.011310456320643425,0.016527686268091202,0.025859147310256958,0.04537924751639366,0.09132571518421173,0.008434022776782513,0.010639389045536518,0.013624328188598156,0.017161088064312935,0.021061718463897705,0.013292110525071621,0.03356695547699928,0.06370465457439423,0.13859714567661285,0.009483798407018185,0.012370279990136623,0.01615692675113678,0.02132912166416645,0.02697761543095112
0.10481207817792892,1.9711616039276123,0.29367613792419434,0.02064354158937931,0.03209015727043152,0.05234060063958168,0.08102927356958389,0.10198382288217545,0.08455654233694077,0.02624126709997654,0.08978576958179474,0.176984965801239,0.21227043867111206,0.12537336349487305,0.03181290626525879,0.04063226282596588,0.0455133281648159,0.0131000317633152,0.015258991159498692,0.016808301210403442,0.01731649786233902,0.022333651781082153,0.029242098331451416,0.03938055410981178,0.023523729294538498,0.01197198498994112,0.014879710040986538,0.02076789177954197,0.010460074059665203,0.011656718328595161,0.01240317802876234,0.01508833933621645,0.019206201657652855,0.02367500215768814,0.027439404278993607,0.028747674077749252,0.009100080467760563,0.01050252839922905,0.011930432170629501,0.012870045378804207,0.013343333266675472,0.013846835121512413,0.01935690827667713,0.021134816110134125,0.02098945342004299,0.008997012861073017,0.010249398648738861,0.011314324103295803,0.012127839028835297,0.012292305007576942
0.04043946787714958,0.017127491533756256,0.011943516321480274,3.4545633792877197,0.18367767333984375,0.05596139281988144,0.02789968252182007,0.01644740253686905,0.012706784531474113,0.0964541807770729,0.039913758635520935,0.02482660859823227,0.01651877351105213,0.011593075469136238,0.020083334296941757,0.01617572270333767,0.012770038098096848,0.011722587049007416,0.01071054395288229,0.009387378580868244,0.008060762658715248,0.1010250672698021,0.05228810012340546,0.01842442899942398,0.3380754590034485,0.017372163012623787,0.016859374940395355,0.008583392947912216,0.01016112882643938,0.009319020435214043,0.008226954378187656,0.08992519974708557,0.06052594259381294,0.03771272301673889,0.024123555049300194,0.016265179961919785,0.012845328077673912,0.012185940518975258,0.011158833280205727,0.009731186553835869,0.00837082788348198,0.038670409470796585,0.02246999368071556,0.01656191051006317,0.012237591668963432,0.014497588388621807,0.013514658436179161,0.011942845769226551,0.010327166877686977,0.008663062006235123
0.03496516868472099,0.016158005222678185,0.011537149548530579,2.268362045288086,0.17536768317222595,0.056492045521736145,0.027920540422201157,0.016545511782169342,0.011252196505665779,0.07533667981624603,0.03563934192061424,0.023151151835918427,0.015804100781679153,0.01128694973886013,0.018360672518610954,0.01502570603042841,0.012037049047648907,0.011099341325461864,0.010176225565373898,0.008963576517999172,0.0077390484511852264,0.12017018347978592,0.055431220680475235,0.018068691715598106,0.2677604556083679,0.016442660242319107,0.015999114140868187,0.008332603611052036,0.009771030396223068,0.008982050232589245,0.007952800020575523,0.11985401809215546,0.07158815115690231,0.04100130498409271,0.02502218633890152,0.016430044546723366,0.012616683728992939,0.011960241012275219,0.010949615389108658,0.009559113532304764,0.008227934129536152,0.04347262531518936,0.023707181215286255,0.017110763117671013,0.012466559186577797,0.014654549770057201,0.01363670639693737,0.012017961591482162,0.010368922725319862,0.008676652796566486
0.04737922176718712,0.020940830931067467,0.014445146545767784,2.5143234729766846,0.6627985835075378,0.113398477435112,0.04295692220330238,0.02359631657600403,0.015045830979943275,0.07357852905988693,0.04461667314171791,0.02931433543562889,0.019712377339601517,0.013814751990139484,0.01897561177611351,0.016188396140933037,0.013295243494212627,0.010609813965857029,0.010058977641165257,0.0091250604018569,0.008067679591476917,0.1972748339176178,0.08784608542919159,0.024570636451244354,0.1979740560054779,0.014595347456634045,0.014799599535763264,0.00885601993650198,0.009185302071273327,0.008696159347891808,0.007910596206784248,0.09281455725431442,0.07440002262592316,0.04890061169862747,0.030962839722633362,0.020391158759593964,0.011119769886136055,0.010923439636826515,0.01038757897913456,0.009388525038957596,0.00832144170999527,0.03608802333474159,0.024576686322689056,0.018725847825407982,0.014015945605933666,0.01261788047850132,0.012267415411770344,0.01128931064158678,0.0101361945271492,0.008748012594878674
0.028462091460824013,0.03394385054707527,0.030068788677453995,0.026493774726986885,0.0460270456969738,0.08805408328771591,0.16835255920886993,0.19438372552394867,0.12101449817419052,0.018211396411061287,0.030742336064577103,0.03514624387025833,0.035077352076768875,0.030603943392634392,0.013486133888363838,0.014773797243833542,0.015281795524060726,0.00789607409387827,0.00860273651778698,0.008991984650492668,0.009042265824973583,0.04494297131896019,0.1306447684764862,3.3716351985931396,0.024254994466900826,0.008481868542730808,0.00995617639273405,0.011952166445553303,0.007119044661521912,0.007656641770154238,0.007853874936699867,0.03135574609041214,0.05589813366532326,0.1092238575220108,0.18132100999355316,0.16814304888248444,0.007702159695327282,0.008586711250245571,0.009435758925974369,0.009904314763844013,0.010009114630520344,0.024542201310396194,0.04259307682514191,0.047688309103250504,0.04362454637885094,0.009110956452786922,0.010348713956773281,0.011310912668704987,0.012023000977933407,0.011962441727519035
0.05282938852906227,0.03895794227719307,0.02760387398302555,0.034758560359478,0.04815750569105148,0.05878394469618797,0.055458761751651764,0.043011587113142014,0.030666684731841087,0.025711368769407272,0.033285073935985565,0.03105222061276436,0.025828182697296143,0.02017742022871971,0.014139045029878616,0.014068796299397945,0.013297317549586296,0.007481695152819157,0.007704053074121475,0.007660578936338425,0.007396795321255922,0.03598421439528465,0.03959270194172859,0.031190775334835052,0.026363635435700417,0.008148928172886372,0.00887423474341631,0.008222191594541073,0.006261780392378569,0.006350564770400524,0.006269498728215694,0.017956245690584183,0.02026710845530033,0.021266784518957138,0.020374884828925133,0.018193213269114494,0.006257793866097927,0.0065788342617452145,0.00677316403016448,0.006716851145029068,0.006550691090524197,0.012012418359518051,0.012918466702103615,0.012520769611001015,0.01147410273551941,0.006466713733971119,0.0067531028762459755,0.006815554108470678,0.006783577613532543,0.006518971174955368
0.010416119359433651,0.016167182475328445,0.019204499199986458,0.0078148003667593,0.010295373387634754,0.01399723719805479,0.01955682411789894,0.027525009587407112,0.03928717225790024,0.006648106500506401,0.010149260051548481,0.012458167038857937,0.014943435788154602,0.017375757917761803,0.006293489132076502,0.0072305453941226006,0.008210800588130951,0.004203289747238159,0.0047124456614255905,0.005195764359086752,0.005630610976368189,0.011432953178882599,0.016185443848371506,0.037478238344192505,0.00737084960564971,0.004062154330313206,0.0047106556594371796,0.007228721398860216,0.0038545969873666763,0.004250957164913416,0.004594756290316582,0.008173389360308647,0.010652517899870872,0.01424160785973072,0.01911119371652603,0.025688152760267258,0.003792972769588232,0.0042498973198235035,0.004769379738718271,0.005252161994576454,0.005703509785234928,0.007286612410098314,0.01100260391831398,0.013493780046701431,0.0160988699644804,0.004194437526166439,0.0047563305124640465,0.005321126896888018,0.00594546552747488,0.006458287127315998
