Date,AGG,EFA,GLD,LQD,SPY,TLT,VNQ,VWO
2021-01-04,-0.0012692005998169442,0.005208328561983944,0.022258360658879317,-0.005067518879584454,-0.013614019710397551,-0.001205306016382135,-0.03249749204349106,0.004590050915496802
2021-01-05,-0.0010165608392692649,0.010362745613280877,0.0029616260665272787,-0.0032017292341676162,0.006887485201370058,-0.007426096677897176,0.001460461612743602,0.023241945528790886
2021-01-06,-0.004918727476003415,0.011470860181016729,-0.01624105266038789,-0.008102791387826769,0.005978359437591951,-0.02052793821499932,0.00170101497167785,-0.009512867735029129
2021-01-07,-0.0010222481721081644,0.0010675150347447815,-0.00233462025122122,-0.00014731295963144042,0.014857690270539514,-0.008815066177366715,-0.0019406204034382313,0.00784027863427883
2021-01-08,-0.0011944598806445939,0.009329548634519957,-0.03420993723985433,-0.000736605796923584,0.005697668612658635,-0.0032276283766589087,0.009723978492642615,0.020225187038461767
2021-01-11,-0.0016228401062541309,-0.013072696870957357,-0.0019614419353504164,-0.00427153023141158,-0.006741015573517584,-0.001652117576054657,-0.013241929503544858,-0.0116278662461331
2021-01-12,0.0008554430040843553,0.0045491492821365664,0.006473960214956609,0.002144995099655267,0.00021116376008589732,-0.0007939980269350277,0.0023181889750985007,0.010993359588635343
2021-01-13,0.00316276670028115,-0.0013319050063651527,-0.004307374345463466,0.007750838236845636,0.0026930210610802696,0.011261814520218794,0.012171134022232355,0.0032431905566827623
2021-01-14,-0.0019599862657676548,0.008001969203501824,-0.0005190998467168306,-0.004321799195189602,-0.003501914509626114,-0.009367985101748633,0.005892041105105772,0.009887741607125022
2021-01-15,0.0010248364345786243,-0.015612414703711774,-0.012407628760563338,0.001544732834916518,-0.00729277308508558,0.003967940232384004,0.011476538589515028,-0.011485890572558666
2021-01-19,0.0013645967238506973,0.007258094654926106,0.00847307255811236,0.001762965237045222,0.007852092870429095,0.003227179724420992,-0.002836363383694085,0.01809550615657507
2021-01-20,8.49543507934758e-05,0.006805393131650961,0.016282289539807593,-0.0002931422800832584,0.01383873052141027,0.0009850618094653374,0.01908256776850581,0.01739956126695419
2021-01-21,-0.0014475685107682157,0.0007952713188641436,-0.0006271772092728556,-0.003960667045122657,0.0009116467405925199,-0.0070184469340921485,-0.004768651389617351,0.00018371073430301088
2021-01-22,0.0,-0.004767482125040079,-0.007873145210082533,-0.0007363233510629952,-0.003539549085899374,0.003237289997534143,0.002336921895237376,-0.007170406925702033
2021-01-25,0.0025581470832669595,-0.0011978467930116032,0.0008626173693986328,0.004273957556117258,0.003943956034666796,0.011785117230241227,0.007578654160741216,0.005000158527036502
2021-01-26,-0.00034001517871129483,0.0014654741508786095,-0.0024705999829396363,-7.317105514614841e-05,-0.0015610938832760768,-0.0018868470077003652,0.007058628946947643,-0.006265184377927113
2021-01-27,8.49573902534928e-05,-0.022881435203588762,-0.006335623059913753,-0.0017610808404772138,-0.02444037723820569,0.0025426177875980116,-0.017695142440793288,-0.025403233279306048
2021-01-28,-0.0006805051101144155,0.006398971786867325,0.0009273614616172043,-0.0016171720745269402,0.008600123466384169,-0.005527584133687813,0.005380842601462321,0.004756493214407964
2021-01-29,-0.0011072144077141077,-0.020697897749388017,-0.0004053281700162614,-0.0015463673100936104,-0.02001947363358836,-0.006016434192399389,-0.011518485537286405,-0.021397521002245012
2021-02-01,0.0009564195009688081,0.011879888899688273,0.009385291185094458,0.00197294168290707,0.016645585532835572,0.0011594087203361525,0.022834652309836168,0.02534832416396382
2021-02-02,-0.0015352760365110463,0.010102283260795764,-0.012167796413785958,-0.002655185014237005,0.014140113529660825,-0.006447576111240916,0.005983594981496809,0.015663447084969917
2021-02-03,-0.001196124210308902,0.002432892211276183,-0.0015106298641213156,-0.0023660717096422035,0.0007862283906077128,-0.00887357126013777,-0.0025165402442060003,0.0037160260880471085
2021-02-04,-0.00042762861792289275,0.0010786211096136533,-0.021530474690833024,0.0017046261531588058,0.011365841943787203,-0.0026716393739342204,0.006880875048247637,0.0014809737190635275
2021-02-05,-0.0012838883579679994,0.006195298884733358,0.009872160109213546,-0.0026635524370204333,0.003935717738978717,-0.008373864711481382,0.0035306527323795134,0.0073937527064433795
2021-02-08,0.0010283553680596746,0.006960421230078007,0.010070118005137685,0.0043027621401761085,0.007221908217251105,0.004391428839244815,0.0054479098291948524,0.005137508872342655
2021-02-09,0.0004277702129744654,0.005449672621614221,0.0032649110578624185,-0.0015509095826679031,-0.0006657190996919304,0.0007394139461165405,0.0034989605461712703,0.011135573380494534
2021-02-10,0.0009414329375883046,-0.003437126956321701,0.0036611162023989507,0.0023672681737467727,-0.0004355356183357584,0.006653581953661503,0.0053993949627346716,0.0021661917594735236
2021-02-11,-0.0011967377133857982,0.006765669173709243,-0.008685078696598514,-0.002657132104385229,0.0016149245207794927,-0.005474297291839458,0.0021258981881304706,0.010448655126235717
2021-02-12,-0.0023108189489724484,0.005534388032597759,-0.0030372306060941767,-0.003255949534272884,0.0049397143157414725,-0.012419458088292479,0.00022306113721182186,0.0017828582240968505
2021-02-16,-0.004717610002973327,0.007207342929498983,-0.014353488272303538,-0.007054239103553073,-0.0008658523374973637,-0.015226526914439709,-0.007701736874241583,0.0028474805233258405
2021-02-17,0.0019824827510368515,-0.00585482537558657,-0.011352850687983307,0.005010066482532771,0.00022958846080900486,0.0063503474202479815,-0.0012370642724740533,0.002484500801614775
2021-02-18,-0.0005163576462998698,-0.004973282645295063,-6.0088418961767864e-05,-0.0019343207009032692,-0.004256034603495107,-0.004046776882378977,-0.004280048198908704,-0.012922580669731065
2021-02-19,-0.0030979975063024634,0.002893789441184902,0.004148551901348441,-0.007231500923099876,-0.0017659849838562724,-0.013292526417802986,0.005768561996897681,0.005380388949280057
2021-02-22,-0.003108235141203508,-0.0024916836741014636,0.014969164015496528,-0.006232766253837063,-0.007691928567081896,-0.007607666261414625,0.008322169338449648,-0.028362623546475563
2021-02-23,0.0002602289050270823,0.0009198871014628462,-0.0023007456922117253,0.0007558855088736216,0.0012143398534834038,-0.002883582795681905,0.006246000455305101,0.0056911361825218165
2021-02-24,-0.0003465246257381427,0.0031527894220420016,-0.0007095264939214196,0.0015098687248609188,0.011019406462903891,-0.00656049186496499,0.007647852404685684,-0.006389225859854131
2021-02-25,-0.009180040547487445,-0.017022293062382565,-0.018816524708764826,-0.015831895123306627,-0.024095509841474794,-0.01633005754776673,-0.019139776102066963,-0.021679201018349303
2021-02-26,0.008129026438334686,-0.014120178725289478,-0.024182906697045592,0.013252513067248284,-0.005152730665075045,0.033058733737025614,-0.014579054912644218,-0.014272188578158596
2021-03-01,-0.000521089332576663,0.018780967741139243,-0.0017304170540851649,0.0009770934708683843,0.024240212952672646,-0.013207315132987563,0.004438497687134779,0.027433610183486223
2021-03-02,0.0001739147497337168,-0.0010610257023045966,0.005447934683729505,-0.0011349802175431023,-0.007803360255873026,7.054748953483347e-05,-0.009630747284499419,-0.009456652604269422
2021-03-03,-0.0036485092871110236,-0.006107289133646887,-0.011021541189334294,-0.0074256651190559575,-0.01324552097070053,-0.010845438136203756,-0.005719901786003234,-0.0007488038644823947
2021-03-04,-0.0028775623819251583,-0.00948424700839412,-0.009836893780889033,-0.008167815424459657,-0.012375143943117894,-0.006449693475303553,-0.011391251775688338,-0.021543592807573786
2021-03-05,-0.0006994053473229345,0.006473412365014974,0.0006288110395962221,-0.001308484665476728,0.01839678786519139,0.0019477254301021318,0.010940576773274424,0.0070840532173257476
2021-03-08,-0.003937767328457298,-0.00348376218612223,-0.010368190918767173,-0.009324826064335157,-0.004978809126873651,-0.007774859587127758,0.008634389689918587,-0.026045641242898432
2021-03-09,0.003777649822261475,0.013446324109004815,0.02127113294736649,0.007545970351897635,0.014277273362213405,0.013857568358047523,0.006620412587559965,0.021666998093414103
2021-03-10,0.001662685979023637,0.004245554470761803,0.005098279923459348,0.004709568275230724,0.006224957383432317,0.0020034796708567892,0.009978582280727677,-0.0017193808447838466
2021-03-11,-8.786755615353137e-05,0.005284801776663572,-0.000866011298261804,0.0006147243005396597,0.010139022818130172,-0.007213120840164233,0.011676150219141146,0.030047790514328376
2021-03-12,-0.005679286687080398,0.002496923205937529,-0.00018572795011984056,-0.011519964476659483,0.001346890575213644,-0.021221511807643534,0.016757164195110974,-0.017651602755370477
2021-03-15,0.0010547895983139544,0.0007867349064369922,0.004396503999798185,0.0034186045289961164,0.005963296511041438,0.0058795275495768795,0.014844009663264712,-0.0005673816342134375
2021-03-16,-0.0003514325756314163,0.0017029798996306411,0.0009248406787658592,-0.0006967860187752084,-0.0012612318539679812,-0.0040188935409130044,-0.004086976890817162,0.004352649793037955
2021-03-17,-8.785029627778052e-05,0.00588445134568083,0.00714498527693741,0.0009297666202952026,0.003410030954189347,-0.007482581760071549,0.0008638426973002211,0.0007539112683512261
2021-03-18,-0.003864667976892555,-0.00910031256220134,-0.005810023730399405,-0.0057284588832949845,-0.01454970394479671,-0.010126555628256484,-0.010142580511707133,-0.015439613841297328
2021-03-19,0.0007940231963039501,0.002755154954081629,0.004183119739068708,0.001479171552955183,-0.0018501584597462317,0.006197538119638413,-0.01362542750935325,0.009944470186817655
2021-03-22,0.0019380585965464991,0.0009157839099775966,-0.0014702614866924923,0.003576221769221899,0.007984860064781385,0.01120634025413092,0.007072696338586315,-0.0021234997441632597
2021-03-23,0.002549553405426064,-0.013856178267923513,-0.007300628474884996,0.002943801150765646,-0.00787072704747549,0.009026653064389434,-0.0014264384741432545,-0.016340607486754033
2021-03-24,0.0012281316893874017,-0.005037110890862229,0.0034608341081703298,0.003012154688490476,-0.005083615073167569,0.0053822886791183855,-0.005604580733530762,-0.023372533829395525
2021-03-25,-0.0005257627616855887,0.007460941071150806,-0.003633653726877295,-0.0011549606845472349,0.005625552508870646,-0.007885616702104525,0.010181974329092736,0.0015824093168974596
2021-03-26,-0.0016647861507852468,0.012959482026122515,0.0028434090575977233,-0.0006942003453038748,0.016115149084674485,-0.0035000791843750045,0.021566974078650825,0.02488131676429206
2021-03-29,-0.0016681043805861773,-0.003916426303753551,-0.011896005111092234,-0.0023913857948512085,-0.0005053502029177537,-0.008487832532650952,-0.005816487645730617,-0.005587678198447299
2021-03-30,0.0007910748634682996,-0.0013108419347480638,-0.017091823816998808,0.0030934660598442854,-0.0026528450756918565,0.0052398241878535146,0.001300235845229425,0.004068860304544453
2021-03-31,0.0001760257842506885,-0.00433053231116487,0.015167857324082767,0.0026212666919787075,0.004053458230896867,-0.005579899996105198,-0.006059426850553606,0.004438484695934886
2021-04-01,0.0033609505424374575,0.013048572007824832,0.012628087827510459,0.006271164125063011,0.010799074449614698,0.016597450111935697,0.01817984064938849,0.009029946575202619
2021-04-05,-0.0020171992944552075,0.014572074239580068,-0.0003704010382533651,-0.004900136580755721,0.014353034861158465,-0.004363409340427782,0.0038490193149118834,0.00209446421389492
2021-04-06,0.0035150415887510444,-0.010644001093919497,0.00802867506459215,0.0066939232115339475,-0.0005906734222299592,0.006792369676625221,0.0025558498818518682,0.004750258677452823
2021-04-07,-0.0015763747391346339,0.0020739166344192483,-0.002818323186048577,-0.0019874010690357213,0.0011573321856295227,-0.00696451212269944,0.0007437660115621192,-0.014561266335746836
2021-04-08,0.002455580943023339,0.00569152475318746,0.01075202788807239,0.003676209475431458,0.004746917869424827,0.00825539325755864,-0.003715290579796471,0.010362561670461679
2021-04-09,-0.0011370177248704039,0.0030867530040536995,-0.00753747660190629,-0.0020602546199174343,0.007270037011039454,-0.0036224978869352498,-0.001172011577263432,-0.008547013633495526
2021-04-12,-0.00026313243777276174,-0.0055135757991834344,-0.006063609158189043,-0.0002294595046854475,0.00036466746801111505,-0.0004368516069778172,0.0058673237009228,-0.0065133052548139725
2021-04-13,0.002891129022612793,0.0058020991934213395,0.007086479573175097,0.0044356312515652085,0.002963693468649442,0.007494005377731261,0.0049844404524410635,0.00019264855862277663
2021-04-14,-0.0007866363532634812,0.0007691733859382932,-0.004344315528953313,-0.0013701586201265714,-0.0034153152643329188,-0.00317756587015805,-0.005276218917306341,0.005398125800821774
2021-04-15,0.0039341991656660635,0.008325641423122532,0.016162763416190717,0.006175077233657733,0.010742540716251137,0.016734191262858022,0.01750467119034571,0.008820795406264903
2021-04-16,-0.0026123678668014128,0.007241073216667004,0.006047777218550321,-0.006819403316548067,0.0033424857694792642,-0.007765904387630251,0.0021896958792753107,0.003231485513405463
2021-04-19,-0.0007853785627718324,-0.0017658398169397849,-0.0027652942409929215,-0.0025944289699407763,-0.004913230877649832,-0.0028729804960943017,0.0019764537676376648,-0.0020844006720491803
2021-04-20,0.001572453496142323,-0.01794049454865143,0.0035565515706876827,0.0019125525824656986,-0.007321397992262169,0.0046091810933892585,0.008202669653535999,-0.007594404639961749
2021-04-21,0.0009596485791338871,0.0102918620603627,0.009911155680072392,0.003435855980335356,0.009462074382953878,0.002007244968506461,0.006591288213106283,0.00784382972357256
2021-04-22,0.00026131090870173956,-0.00331074985976354,-0.006483147356353358,0.0009893438254613418,-0.009133182169615006,0.004364218823717403,-0.005422761620497152,-0.0017083784551945591
2021-04-23,-0.00017405943438975058,0.010220971231372777,-0.003831414124593202,0.0008355952051044557,0.010842263034605448,-0.0023501658469451403,0.005863629787322022,0.01369092673736172
2021-04-26,-0.0008713697914699559,0.0007588620788177014,0.002644245538133694,-0.0004553671932142622,0.0020878010210918507,-0.0014282213725357318,0.0029659070594658665,0.001312952027837877
2021-04-27,-0.002442070825662279,-0.003285758626763502,-0.002517371003141977,-0.00448299310395095,-0.00021551598013536122,-0.008723060282161965,-0.00010215647000133554,0.001498728768078994
2021-04-28,0.0005246204645878993,0.0025358040228684597,0.002944390689552989,0.00015256526097351397,-0.00028736455252886817,0.0006489748255855687,-0.002141314062003463,0.0080435805374941
2021-04-29,-0.000524345382269864,0.0003794873933431475,-0.004133978948338446,-0.0012211709908005464,0.006372786170934619,-0.00295507876611234,0.008584569838179457,-0.002226775797424807
2021-04-30,0.0010490098866928754,-0.01251574213298945,-0.0033690142851713345,0.0020629495021902144,-0.006570505087991285,0.0023133609996690563,0.003951762293132655,-0.014692441776202658
2021-05-03,0.0006383168929100513,0.011009867453513289,0.012978352341882271,0.002407127193577052,0.002156760742144437,0.0005996701781962877,-0.0019176843774489916,-0.0003774899402901877
2021-05-04,0.001224229989475356,-0.014815591394148453,-0.007329692780131181,0.0006093021374893315,-0.006169304298269673,0.00678593077393308,-0.006471794940939968,-0.012273309572687907
2021-05-05,0.0007857958699988288,0.013624646448540334,0.004142168530566259,0.001218694102026685,0.0003129046061973728,0.0016494864519926988,-0.016590229964494774,0.0038231632746315025
2021-05-06,0.00017448419548404814,0.008242464541762251,0.01667957921247054,0.001901701304665604,0.007985389080701788,0.0016464524262171931,0.005588743455720024,0.00990292875972587
2021-05-07,-0.00026191078416504254,0.011319602576500776,0.00899681760120985,0.0003797427327640879,0.007278065651884491,-0.00493225320083901,0.013173965525765885,0.008862987325241045
2021-05-10,-0.0015702649237899768,-0.005347750048210864,0.0030305045955998366,-0.005388849182823341,-0.009902301654449275,-0.010126709778761511,-0.00030457537526185074,-0.01869171232962097
2021-05-11,-0.0021849043308880267,-0.01312837284926538,0.000174300035968189,-0.0036634043649693693,-0.008924764951873887,-0.005659483016785205,-0.012600158616763779,-0.002666589136982922
2021-05-12,-0.0035032090476317945,-0.015963465753829897,-0.009933813872024522,-0.005437688849789124,-0.021245154749085393,-0.010507909154906625,-0.025316537785236903,-0.025592078351349246
2021-05-13,0.0022853499760033813,0.007467470515699626,0.004107329913244362,0.003773447103085914,0.012012191593202104,0.0015485744971812654,0.01298700797780783,-0.0011758874208208647
2021-05-14,0.0022799848196384254,0.016741106383327597,0.009115862292308208,0.005447144826193462,0.015355487908321752,0.009351585988149447,0.01188249628755278,0.0164834735305337
2021-05-17,-0.0008749401849770244,-0.0018854148954497996,0.011639321781340195,-0.0011443925770744379,-0.0025444797016555,-0.002115834851828091,0.0010299126211144038,0.000579133663738407
2021-05-18,-0.0012262661700710442,0.0021410344435184303,0.001946172546249958,-0.0032848419811204455,-0.008615613219876361,-0.002558699451605251,0.00020580818902327103,0.014470393361867284
2021-05-19,-0.001402572884634412,-0.008796464481992894,0.000685616890880425,-0.0017629352900482287,-0.0026218671871007793,-0.0024185020054759976,-0.0031891826172776305,-0.0026628721306339864
2021-05-20,0.0034238724258122133,0.013184804637215386,0.004567270124640199,0.006833375833015243,0.010758046347539185,0.008228639099403967,0.011249645709209721,0.00362351035194175
2021-05-21,0.000437547012641204,0.001376357275274298,0.0004545724551812125,0.000686508099560168,-0.0008187219760938946,0.0032062777122110475,-0.0010202661621447895,-0.010640348103392094
2021-05-24,0.0009623208801323724,0.006122345804968177,0.001761036294059215,0.002743593640184061,0.010194192331460128,0.0037043959472333743,0.012463859770450947,0.009410391911545135
2021-05-25,0.0024463298213561746,0.0002486940518624525,0.009072814229376336,0.0037240414651773524,-0.002218813818494425,0.009263584385045487,-0.0003026390605287421,0.01046435149933389
2021-05-26,-0.00034848048022539935,-0.0006206400149599833,-0.0017420486873281904,-0.0005302191126692612,0.0019845598253787067,-0.0017210233880593506,0.004441494162109816,0.007343118764391976
2021-05-27,-0.0012209503797392385,0.001863408502988717,0.00039409662496781017,-0.003030278375496631,0.0005248605037415643,-0.004022283027189766,-0.002311375980430408,0.0018690206336899884
2021-05-28,0.0,0.002356258922585841,0.003770176937892389,0.0008361378068526548,0.0017890297194984583,-0.001586989451820342,0.006043461630945268,0.005224062823706355
2021-06-01,-0.0004636561239346193,0.00358765674085304,-0.0026909461441234628,0.00012908193102423304,-0.0008809704639058946,-0.00022382165049716907,0.018021564249283584,0.02097241671280159
2021-06-02,0.0013124198268643639,0.0033284163837141723,0.004890446350902078,0.0015972863681301686,0.0015727184479137346,0.0023154149781428046,0.011703550881264624,0.002363300588009709
2021-06-03,-0.0023588144205497485,-0.004914799628242039,-0.019578228541437537,-0.003949045332932277,-0.003711384610661561,-0.0037537776262159817,-0.003694063371164402,-0.011244183203400149
2021-06-04,0.004115482331961129,0.008519754426141501,0.010783359066451448,0.007090366979593199,0.009145806025901537,0.013693949027896668,0.00048777405991895506,0.008987511866670017
2021-06-07,-0.0006980096349068488,0.0033053784546497322,0.0040076283608136976,-0.0008322360750200319,-0.0009701677653085605,-0.0030728411537582767,0.01180044359208221,-0.003999237728966154
2021-06-08,0.00183279839355599,-0.00048783882831682224,-0.0030920774052216604,0.003788582426926812,0.00021302363196173957,0.007026284844500852,0.008289161530466771,-0.004197805585957948
2021-06-09,0.002003463378698056,-0.0026857287219238524,-0.0019175027218333307,0.0036227524155625357,-0.001491773830357701,0.008828713158135937,0.0013380714816695338,-0.0007331984582896744
2021-06-10,0.002086101716600508,0.0027547079367029603,0.004294325821970535,0.004512709185222175,0.004648317040755856,0.005999294024082058,0.007159888096397227,0.006970044555379307
2021-06-11,-0.00043399497824314626,0.0023510238540254136,-0.011252390785353672,0.0008234160564839499,0.0016524761565197554,-0.0016139494579378022,-0.003980870836595707,-0.004371701340209921
2021-06-14,-0.0025163889566969244,0.001728578638605871,-0.005860923791407013,-0.003665865515299238,0.0022388586390353904,-0.007659408138795287,0.003901787657369926,0.004025173198814125
2021-06-15,0.0004349731226647169,0.0012322743409125536,-0.0037777095572453234,0.0007512169762760035,-0.001833949911574373,-0.0012031995782431082,-0.010711890725070616,-0.0067421918081509435
2021-06-16,-0.003217615465205159,-0.006154654288892503,-0.016891711518855712,-0.002851241266263238,-0.005583427614879288,-0.000851190626924625,-0.006515874009050404,-0.013575340227247934
2021-06-17,0.003140810407695538,-0.006935709233326204,-0.030740427140865334,0.005568214610324862,-0.00033163877959707655,0.01497198256195209,-0.0012538854152206458,0.005765043969355066
2021-06-18,0.002696002053049318,-0.020703546460118738,-0.005547261946798776,0.0052379017153736385,-0.01349034565429541,0.018805483491015407,-0.016996815357124273,-0.007766128690502416
2021-06-21,-0.002602068339638164,0.013117743046839214,0.012247646651096789,-0.005806176783812567,0.014315926519133715,-0.01674290041480475,0.020630806749006414,0.004870539235293236
2021-06-22,0.0010434663336047478,0.0001256572970751435,-0.0041928539145718036,0.001647036147672365,0.0053459910893460805,0.002442768413962737,-0.005198007508106062,-0.004287677056258321
2021-06-23,-0.0005211511772515998,-0.0064102585353073005,-0.0006616578066259704,-0.0015691628736742569,-0.00120511070107443,-0.0025762052572456673,-0.0017416048355270997,0.005804214716927492
2021-06-24,0.0003475389464218104,0.009614140925916281,-0.0006019387497473438,0.0019460725188118477,0.005915771804859249,0.001605355490662319,-0.0021570586175899686,0.007445903435178369
2021-06-25,-0.0019982841981640576,0.0021302065335366827,0.0033124733437563947,-0.002615063329492573,0.003552105958516183,-0.010382880331629596,0.0067500572410885695,0.008130041166077628
2021-06-28,0.0028729904415876195,-0.006376485586816583,-5.999463986816611e-05,0.004270147025678073,0.0020157927237929307,0.010280674868929474,-0.0029154290309445496,0.0023827641827354196
2021-06-29,0.0005207892179019957,0.00025145691236572176,-0.010505462725200698,0.001193576830053944,0.0005380943769821567,0.0016728638429437392,-0.0027285579312837926,-0.0007313841047266179
2021-06-30,0.0006944051805841678,-0.007674088476645968,0.004853503869870712,0.001117974234477348,0.0008417156844802154,0.004453417325087861,-0.00527709115038455,-0.006221437278547071
2021-07-01,-0.0005560980995730214,0.002408882806898438,0.0034413575356286863,-0.0008723279168730835,0.005536659942549926,5.569029906293821e-05,0.004322821511408836,-0.005339738483339795
2021-07-02,0.0021722978388563075,0.003414677319608872,0.006558341503640763,0.0028357986062641505,0.00764352348058428,0.006034539815609641,0.0030321281578200576,-0.0011107242466116274
2021-07-06,0.0032072139849643744,-0.00655391254040516,0.004961455343207799,0.0036467824012502703,-0.0018215188594673526,0.011721017841601178,0.007314342696530307,-0.017976276935719016
2021-07-07,0.001728103221809052,0.0054552023242275816,0.003806801143447114,0.0034105999734175274,0.003533926254712716,0.008858862028924275,0.0034851874703920593,0.0009434970632939965
2021-07-08,0.0011212839313778922,-0.012870668199787105,-0.0006518168637834609,0.0005173786150172166,-0.008147888322122654,0.003918297646402502,-0.002797678778742929,-0.019042136613308225
2021-07-09,-0.0032740153716332987,0.017001272718588645,0.003320562334123478,-0.00420981450297675,0.010674821341381868,-0.014063252115437685,0.016447316473847007,0.018258743207957284
2021-07-12,-0.0006049914065443529,0.004273358353342527,-0.001241101031467462,-0.0005194989649361936,0.003581893205440112,-0.001296241190507308,0.00856634939574552,0.0005661378147197027
2021-07-13,-0.0021624467372513,-0.005256359627381801,0.001301782371024407,-0.0037105786344198144,-0.0034090453097760376,-0.0076539265546291535,-0.01396730780306843,0.0005659014830785569
2021-07-14,0.0033804721135757276,0.0022648188841760675,0.010755182911599048,0.004618218782939998,0.0014923276433900234,0.011362230976054377,0.006986716048174024,0.004902097411304318
2021-07-15,0.0021602106339855265,-0.009540628983792265,0.00017547964957964624,0.0021505677045650096,-0.0034154605391981674,0.011030210764788606,0.0016160698886877878,0.0009379259597388501
2021-07-16,-0.0008623426400461431,-0.007351173092252861,-0.00970365108457183,-0.001406195686253442,-0.007843693025627041,-0.0018858512750300482,-0.0006643162606635444,-0.006747790611250637
2021-07-19,0.005262893051302786,-0.01813063526988179,0.0011805498135817327,0.007186983492239785,-0.014767989519603009,0.02192881764319865,-0.018231673456467923,-0.014719831454518162
2021-07-20,-0.0009437025749372552,0.007282157211458751,-0.001297100524211059,-0.001397527282428368,0.014330317400534032,-0.009639422256487395,0.023599831671596183,0.0007663811628184636
2021-07-21,-0.0032647525095180763,0.01523364847691333,-0.0037192566567244567,-0.0035359756452272295,0.008096421055486802,-0.012666909161807904,-9.459671125622293e-05,0.008612330668364754
2021-07-22,0.0023270777512318652,0.0003814458990765157,0.001955450591350383,0.004140155906327436,0.0020942139929580605,0.009453010180265897,-0.007937791979291009,0.001518172656821637
2021-07-23,-0.0006877919863635951,0.006991253334143854,-0.0031344183025339145,-0.0004421453715776069,0.010288005836836422,-0.006688987369232735,0.008287133421820192,-0.015536331009329163
2021-07-26,-0.0008605581152939523,0.0013886539877774329,-0.0023730060647713103,-0.002209701397153707,0.0024548184865824663,-0.002962999963401325,0.00047229452468178224,-0.01905298038159431
2021-07-27,0.00232527399484872,-0.0040339574995980065,0.0016650735799190741,0.004281416462719623,-0.004557663732998041,0.010671871705338232,0.005665800731167181,-0.02158147430688262
2021-07-28,0.0009452087156940348,0.004302994648824221,0.005046252863966982,0.0017637898417113274,-0.0004100155054221899,6.648772556139271e-05,-0.003474312743151464,0.028273464596091813
2021-07-29,-0.0016310025395577243,0.006931453716223501,0.011105233370970247,-0.002861253455327284,0.004147281256337454,-0.005546269186407549,0.00018865865830020034,0.003510217925269732
2021-07-30,0.001375918070511295,-0.005131252744621673,-0.007886842666167015,0.0008095155369074458,-0.00485632326664287,0.004703816131726768,0.0013187383952601994,-0.006801361345230017
2021-08-02,0.00212369561141057,0.005032076751944725,-0.0012366429443513294,0.002894540263253642,-0.0020980407028488024,0.008919348872850508,-0.002164005049942297,0.008021726747795555
2021-08-03,0.00034319222574552555,0.0071348449938830605,-0.0007074766626713469,0.0010283309121150719,0.008135551504278027,0.000530791293285926,0.0012258936998486014,0.002523535089090867
2021-08-04,-8.571228107501216e-05,-0.002982759479751129,0.0002359625041987723,0.0002199168286771691,-0.004919067994428983,0.00205647283416166,-0.0031076928463373843,0.0025167518357511742
2021-08-05,-0.0022303631244225963,0.004861457396080793,-0.0039520921003340925,-0.004107530820588012,0.006333108359368511,-0.005097798320460867,0.01171339182790887,-0.0030899497689674815
2021-08-06,-0.0044708481171320535,-0.0037214571857376866,-0.024991124040327772,-0.00817535266223901,0.0016522765507893666,-0.016700561805155556,-0.0017737390103367279,-0.006780280341068701
2021-08-09,-0.0018137509717873757,-0.0004982010137640769,-0.017735654639032372,-0.004307336370582671,-0.0008137285982442455,-0.003586472912976424,-0.005331690090371266,0.0035107286401216964
2021-08-10,-0.001297641499069191,0.0022423101237678544,0.00030919522248562537,-0.002237470489257376,0.0012440660766210865,-0.00461783599150245,-0.009497787809090164,0.003692915271438002
2021-08-11,0.0009529110217816328,0.006836678236160854,0.01378497662510525,0.001570106907171409,0.002484967228572943,-0.0006139797007296277,0.005886294443688378,0.0036794140530318487
2021-08-12,8.648378895115272e-05,-0.0008640722429952286,0.0002438615008097944,0.0014172909769365472,0.00299697916152053,-0.0016385264970461,0.002170863678336854,-0.006560023120477543
2021-08-13,0.003634733463868889,0.006054496990838709,0.014325811995228088,0.006707883481357202,0.0018198569303493617,0.015795824258374225,0.005462374734108488,-0.0019422253047077787
2021-08-16,0.0005175829044496982,-0.0051584456874183005,0.004988291568599701,0.0005922773862798714,0.0023545968866325317,0.002423422641695039,-0.0012176856955821158,-0.007978022162741905
2021-08-17,-0.0007755953445259811,-0.009382797787992447,-0.0014950364679763295,-0.0017758473643086914,-0.006555395537494402,-0.00040312521187824135,-0.001031651398265665,-0.01804637013903221
2021-08-18,8.626093661390222e-05,-0.003863194338758702,0.0007786122169375354,-0.0006671023235016449,-0.010944869840955884,0.003359345692589555,-0.009106142787846716,0.0011985882365079803
2021-08-19,0.0017249188692212147,-0.009883800993527703,-0.002932408589264246,0.0022991965330749764,0.0015482410768510313,0.007365342636658223,0.004831559937142904,-0.015362920034243444
2021-08-20,8.625576901422072e-05,0.003917112430158243,0.0005401616803368814,0.0006662172535267796,0.007957183820604508,0.0006644886857110066,0.004997196894619194,0.0
2021-08-23,0.0,0.009314106546996381,0.012177557387281546,0.0007393246987990043,0.008796678625453414,-0.0006640474337045177,-0.0018761478676417864,0.014386789792785182
2021-08-24,-0.0014636582786898833,0.002119892553811731,-0.00047414113127741686,-0.0022910359290315707,0.0015872252801119036,-0.00777677411074984,-0.004417955105502691,0.022373172686633636
2021-08-25,-0.0018967714491576748,0.00037339097536004395,-0.006937433805443538,-0.0025919639799519834,0.0020985426134874086,-0.008306774656750782,-0.0006606727544103963,0.0009769512075121778
2021-08-26,8.646325134042954e-05,-0.005224428874735509,0.0011344784228162208,-0.0002971075394885281,-0.005903320892938768,0.0027695444703705885,0.00037788702128982443,-0.008198415492192579
2021-08-27,0.002763710539708031,0.009128323340509281,0.015029547921398434,0.005571228753875612,0.008941044984632551,0.006803376592068089,0.01048238226727416,0.012596020656173268
2021-08-30,0.0011194696907408375,-0.00024795116190068356,-0.0049356385559711224,0.0016986896290820397,0.004397506418154951,0.0026095485722310574,0.010000239838293012,0.0029154730899678682
2021-08-31,-0.0014624761839030498,-0.0004956984078916538,0.0020076547129428413,-0.0022860385935690175,-0.0014816581068531898,-0.006806601311809102,0.004719064618292856,0.012209442604073528
2021-09-01,0.0003193335406386222,0.009052481563716963,5.8898619200498104e-05,0.001288316289006941,0.0005316134118202864,0.0016744333253813082,0.016025163489522543,0.012061914468619372
2021-09-02,0.0010354660121312254,0.0040554549840174925,-0.0026517204262498373,0.0017743998348587198,0.003076485992337563,0.004366364735087336,0.005257222763039637,-0.00397280379014342
2021-09-03,-0.001723740369660387,0.004529122551778286,0.01069422486613747,-0.0036166690873822294,-0.0002426692876287273,-0.0090945011882263,0.0001804623614141132,0.0045583362250383175
2021-09-07,-0.002675788260363965,0.0007310076990407754,-0.01958371853465668,-0.004740675061634447,-0.003575617071548187,-0.008435931480022085,-0.011269218594259778,0.008319365573972393
2021-09-08,0.0016446117338040356,-0.007914250264106304,-0.0025044029033459703,0.003200295887831661,-0.0012179960389588906,0.0068058970820048525,0.005014941219077862,-0.014813431271847532
2021-09-09,0.003196925245236404,-0.001718287401020424,0.004423489287242344,0.006529052981983696,-0.004280357972883397,0.01210070083705661,-0.020322819686951044,0.0013322768908692328
2021-09-10,-0.001980902171799137,-0.002213029278782641,-0.005058656845151166,-0.0028746978703526604,-0.007884384354296836,-0.008816648852514652,-0.014632389330158202,-0.0015207697898336203
2021-09-13,0.0012941911211152846,0.007885675524226698,0.0033497597913456634,0.0024396342959671635,0.002558890613660436,0.006065190715137669,0.006766634380069636,0.0032363883296413487
2021-09-14,0.002240953068724849,-0.004156552217641107,0.006438546534438316,0.0030234822074677314,-0.005396217542128934,0.012122897435530522,-0.0017736615826272617,-0.009298047084813632
2021-09-15,-0.0009457876276598443,0.0029461435716697792,-0.005864266379652205,-0.0011764133832931067,0.008352494820091705,-0.0035073080604277607,0.0031796405311816933,-0.0003827641507599955
2021-09-16,-0.0017218097965128187,-0.0015909875959999598,-0.02264197706190263,-0.0013986612063614512,-0.001585318389671575,-0.004582397186904896,0.0008390963086610803,-0.010346865234198366
2021-09-17,-0.0008618996252659494,-0.013117436222709555,-0.0015850424237688898,-0.0022112497020576605,-0.009740918627655581,-0.004803895048765883,-0.008941730516763724,-0.0038724166395461834
2021-09-20,0.0018986450917832798,-0.018509516594752196,0.0071441542310690664,0.0031027303706883114,-0.016674286273404948,0.012402201978920946,-0.0061091127890293695,-0.027208226157004578
2021-09-21,0.000430730180310146,0.009872263226526012,0.006669036185550814,-7.365870296538457e-05,-0.0009444774511789822,-0.0008608621343674239,0.0004728268615048492,0.008066064434210984
2021-09-22,0.0003444056668060469,0.005013156533383301,-0.0037340107339023376,0.0027991038129870915,0.009754740533473472,0.0059648687522895205,0.009735252956813989,0.014403077900124295
2021-09-23,-0.004906128701650747,0.010849210143778043,-0.011546389089901132,-0.006904436449462814,0.012149941457423541,-0.022597413506164954,-0.001965728852668991,0.004732713238103203
2021-09-24,-0.0017300739683775435,-0.009375743952799165,-0.00128427290155253,-0.002144773479432871,0.0016472022655240615,-0.009773056687561565,-0.010692384591086346,-0.010991355628236832
2021-09-27,-0.0013864123857386668,-0.0006225277758952208,0.00208203509820426,-0.000518897505187188,-0.002860797217576594,-0.0036761546094524755,-0.01345048605587551,0.005358312642833596
2021-09-28,-0.004164935702998918,-0.02180697439746937,-0.009716428402719801,-0.010678463839479457,-0.020151860870562532,-0.015576566411164339,-0.006768570367930438,-0.011646296613359253
2021-09-29,0.0006970337586675868,-0.002293093013452374,-0.004504756024632184,-0.00022469854130824363,0.0016831297075827756,0.0017349789477618671,0.007496227144956125,-0.007988739071149609
2021-09-30,-0.00017421320239119353,-0.003958011847768561,0.01797665363761114,-0.002624239719306143,-0.012222278527045938,-0.00013873899103356013,-0.016523374623409914,0.006845165318314583
2021-10-01,0.003052917722846882,0.0024356343721969598,0.0022530453929923144,0.007268280229722146,0.011884035687942607,0.008415919877515776,0.014148233972177904,0.0005998918783107765
2021-10-04,-0.0006955362154493772,-0.010486162521859521,0.0046783175745395145,-0.0016453591876485207,-0.012896073612350012,-0.0025457858934667676,0.00019382976979054334,-0.013788888481363726
2021-10-05,-0.0023496479099028855,0.006849556307540805,-0.004656532835140448,-0.0041191303388821154,0.010405026208191392,-0.009656294197063264,-0.006877266419503036,0.009523698839061678
2021-10-06,0.00043629426018299,-0.0066745438523816425,0.0026733243283083574,0.0003003522917408574,0.004156138587090741,0.005641507947178104,0.009557971820864042,-0.003813657258789349
2021-10-07,-0.0027902586441497235,0.007753049338103057,-0.005271739220885419,-0.004435187925843076,0.008645477576392668,-0.010457886933235683,0.0027054052818655805,0.01954442275903845
2021-10-08,-0.0021853234932198706,-0.00012817076087889845,0.00042636491147840516,-0.004606801827031326,-0.0018235960845381927,-0.006998823695472445,-0.00944211129015704,0.0037550445305016833
2021-10-11,-0.0015773256794251456,-0.0032059199257348237,-0.0018875818465466931,-0.001896647099540627,-0.007239685175141619,-0.0025376904114658982,0.002528608133850252,-0.002756300027483949
2021-10-12,0.003685883412865687,0.0005142847771366643,0.004514430828637339,0.00638486872543198,-0.002461636683399049,0.0171006610706117,0.013098005605286733,-0.0027642666340081945
2021-10-13,0.002273307123654922,0.00990125200769798,0.017794197805277356,0.005060886535084519,0.0035975976792119724,0.009725813432810648,0.007278383698408941,0.013066978923207628
2021-10-14,0.0019192222020121275,0.009931227695007205,0.0024464685904206362,0.004733921158416532,0.016820733536553778,0.0037158866882391894,0.012169398034347578,0.0015631593096439023
2021-10-15,-0.0024382024171745176,0.008320754258994256,-0.015892846243722114,-0.003590011984916708,0.007615713088623854,-0.005827183921501278,-0.000751130611141626,0.010731690855956266
2021-10-18,-0.0006981468586706452,-0.0042513567990435375,-0.0024799108302698825,-0.0008257894869011517,0.0029605528766418754,0.004689277951765547,0.00253778681201422,-0.0013513214264421203
2021-10-19,-0.002882239535351938,0.006027495251778481,0.003213671993580469,-0.0054842512715982394,0.007715027318685674,-0.013795315154669141,0.0004689054585529373,0.011405316090066897
2021-10-20,-0.0007006540610631218,0.003494579763807737,0.008763958748792211,-0.0024172742434991346,0.003927628017007967,-0.006749872878376029,0.01574493362932583,0.0001911634102269577
2021-10-21,-0.0021038186436079798,-0.004726354640292141,-0.0008987052245035265,-0.0021200950652566775,0.00260810317511595,-0.0011911950911888125,0.001384012493697906,-0.00802606407378792
2021-10-22,0.0019323872318404156,0.0059986508281806294,0.006116967151190034,0.004021951753412134,-0.0010361021204404741,0.011012828908015582,0.0046993381051367855,-0.002504157731340495
2021-10-25,0.0009642918819743329,-0.0019877728109243264,0.006914158513320778,0.000452877993646128,0.0053627953642285675,-0.001526414813932897,0.003209649876739107,0.0036692157366617906
2021-10-26,0.0018393142465062962,0.0019917319214846074,-0.00739951491266011,0.004306490336061897,0.0009000236092737701,0.008269016074468727,0.0027426325631141335,-0.006734505797804213
2021-10-27,0.0033225649841375215,-0.003975217984991786,0.002624060476058121,0.006092918740463027,-0.004430178324760337,0.018194589738520506,-0.00847841345635203,-0.005230634217817665
2021-10-28,-0.0007843333577304268,0.009727984842238246,-0.00023788536339730548,-0.0014953634967073137,0.009648802861190964,-0.003384416225954201,0.01397572271291092,-0.0009737005483756445
2021-10-29,-0.00026177657666137666,-0.005805099470072128,-0.008507900517562339,-0.0005238909534382996,0.002029202545863029,0.003056384337815077,-0.01124409870937737,-0.01247556603506661
2021-11-01,-0.0006115812467407666,0.009690517295803946,0.005220584505493342,-0.0017863783834907165,0.0017201942386289026,-0.007200073322691236,0.004952335864560231,0.009672458739255374
2021-11-02,0.002010612969844505,-0.0020919375053953804,-0.0021490007233168074,0.003834900771054306,0.004043160924082301,0.0044387245336721115,0.0047453511612494115,-0.010557306112281672
2021-11-03,-0.0020065785170531036,0.008138238065442449,-0.008315382622616663,-0.0025471932232336014,0.006105260029559467,-0.010333868367855659,0.0033607937032715807,0.007310807520599427
2021-11-04,0.0033223925646568286,-0.0006116262537774197,0.011340951773961994,0.0052574465115446944,0.004712490562722715,0.010510925481755251,-0.009505119795004235,-0.002157636216579828
2021-11-05,0.003920408432212641,0.001468779847535684,0.0130629437586407,0.007321621168954184,0.0034695815117631312,0.014955353908689961,0.005117902090080451,0.00039296441915759317
2021-11-08,-0.0018223391113876275,-0.0001221561363851098,0.003591619309376348,-0.002299072761608012,0.0008535993207690051,-0.0018757631090169369,-0.0008181299028692246,0.010414624844720333
2021-11-09,0.002782234478559964,-0.002200153589545839,0.0049281100201232775,0.002676077897416196,-0.0033053682494369463,0.01301884914607565,0.0017289600479994949,-0.0023336829410428583
2021-11-10,-0.006763041245307244,-0.012126342604742324,0.010858781500706183,-0.010231164520664526,-0.00804474104883579,-0.018283811492744828,-0.00463308521099326,-0.0027291563841697064
2021-11-11,-0.0018333018016585267,0.0035957765486387405,0.005602086369596027,-0.002846585772288912,0.00032353342918067796,-0.0014834382868992302,0.0016427936687999356,0.017201224384024272
2021-11-12,-0.00017482282891856382,0.005436035264550387,0.0018952552280546708,-0.00105146911930587,0.0075469277162136805,-0.004393006090525731,-0.0007288600410529922,0.0007687676852385916
2021-11-15,-0.003673827725404366,-0.0018430146880492604,-0.0015477459282561279,-0.0075955601912598425,0.0003423465420020477,-0.012556707625079544,0.007021011098241381,-0.0019204428387008532
2021-11-16,-0.0003512259039245569,-0.002215917657131916,-0.007233864736584827,-0.0016667463407924465,0.003957836730750008,-0.0025433614615356648,-0.006609907034845319,-0.0003846578552404445
2021-11-17,0.002371320708952407,-0.001233859624631184,0.009137183945092442,0.004022689911060917,-0.0024294874302397407,0.007925330254969554,0.0030992773391149697,-0.0036565897963440896
2021-11-18,0.0008759515699912068,0.0009880899216130334,-0.0032091550635745536,0.002268078018019537,0.003396564167835292,0.0037602521607780215,0.00018130878409117201,-0.011975999935914361
2021-11-19,0.0019258953093199693,-0.008515354958715471,-0.007646325240812324,0.003771259024341056,-0.0017880964729843907,0.010557664920883614,-0.005905222662338949,-0.0017595653942479306
2021-11-22,-0.004805254909225232,-0.005850008064976819,-0.022420457120115533,-0.008716567971228217,-0.002815204979264352,-0.011728197182596878,-0.004935055158412527,-0.010379948039344056
2021-11-23,-0.003951195748551628,-0.0010016710294393771,-0.008652404091134991,-0.007125905320299442,0.0013260619539801066,-0.014458963937136193,0.00808251702929752,0.0009895015742704683
2021-11-24,0.002292139873552035,-0.006642669302564297,-0.0009565020521100642,0.004810190317450447,0.0026697718115440416,0.016055438688278967,0.012117136064907719,-0.001186350229847144
2021-11-26,0.007123346062173352,-0.026873476501181548,-0.001615539860939763,0.00813004683223717,-0.0223031828989827,0.02526866704482078,-0.02781519457745396,-0.029295327130716364
2021-11-29,0.0005237201854395579,0.0050564471895859775,-0.0013785494630753625,0.0006782296490068784,0.012266461856476951,-0.008038059201642356,0.007407369701998734,0.0014273745170376717
2021-11-30,0.0016585174942820302,-0.008771857201976485,-0.006721853018899604,0.0021843321464620757,-0.01945747091065586,0.015202393445345797,-0.018933843826498653,0.0016290883636249642
2021-12-01,0.00019201752463726685,-0.005725860512340142,0.003987937535404162,0.00014291494268059424,-0.011107129729888032,0.006168701578254776,-0.016488530411780555,-0.0006100714892210979
2021-12-02,-0.00017512159977606245,0.012434227075648785,-0.005536820827328315,0.0023337860467997906,0.015316107072754326,0.0012472409125507955,0.03000547445835089,0.011798564999128125
2021-12-03,0.004013842954036395,-0.004136991498583598,0.008412002804647267,0.008336391361793094,-0.008701374438052745,0.011932184325263773,-0.0033294260688552235,-0.013872229631975874
2021-12-06,-0.003476028956922006,0.009606378062547272,-0.002460563224478851,-0.005064903781816232,0.011843597310693843,-0.013735552292142406,0.017537564337559708,0.006523783837800057
2021-12-07,-0.0015696996124678897,0.021087950737241234,0.003549490636251651,0.0004493761190689227,0.020684688677154783,-0.008079412383678597,0.014408114441768483,0.01458377698349933
2021-12-08,-0.002620152347488469,0.0018889575914518009,0.0005395140531609943,-0.006659502644024484,0.002647826432343292,-0.017285088676418536,0.007191540770617122,0.0059891621162375674
2021-12-09,8.73645611070284e-05,-0.008295544190726645,-0.006111378376110088,-0.0008286460187973965,-0.006751510129092475,0.005593395766717801,-0.014458874298695967,-0.004961167117541243
2021-12-10,0.00026260438143022036,0.002154552360993156,0.004219899491422874,0.001130453340167481,0.009413630975418918,-0.002412704521038589,0.003079185515560967,0.0017950095566661162
2021-12-13,0.0035021236792638355,-0.009367096658128182,0.00252130006200435,0.0045187369888599616,-0.008858369391527732,0.014779400432840983,0.009389509009484431,-0.015329494094196705
2021-12-14,-0.001919578784709275,-0.005325281472429166,-0.009341302746070368,-0.004498409857844221,-0.006880172133717277,-0.002383199300937555,-0.012790649870741633,-0.002223944384620702
2021-12-15,-0.0007865193160987438,0.0135803695048482,0.004291534360497673,0.0012803110685717378,0.01562517140371522,-0.009621762772222042,0.014043518765069818,-0.003647577549352854
2021-12-16,0.001374769948384813,0.00012891761196054397,0.012097561477355745,-2.9999008816505857e-05,-0.008818488238323652,0.00038887366321005423,-0.00035744470598542133,0.002643881159399175
2021-12-17,0.001224142201249112,-0.012624060249972202,-0.002140821851282393,0.0023358037087048977,-0.0106429910818151,0.011331985510631082,-0.0012512218806348674,-0.0068966288706060475
2021-12-20,-0.0014845975754737006,-0.0022176428590513497,-0.0042312675861405635,-0.004360274938041919,-0.010633307885645094,-0.0074920662439214025,-0.007785796160446057,-0.013860660251398094
2021-12-21,-0.0007877091810563064,0.01111376254468932,-0.0004188884251822289,0.001963245328414409,0.017758966311670843,-0.003807883932673728,0.011274326750390529,0.016942107149390706
2021-12-22,0.0008758716468182381,0.00931084317316011,0.009400024100517657,0.0015825469532289027,0.009998776558640676,0.0046271572071565625,0.010256977451063243,0.005552985186678017
2021-12-23,-0.0012244323034736881,0.005893884830157958,0.0022540179789249937,-0.0015047547456884525,0.006221998351598534,-0.00867682266469505,-0.001059632957083223,0.005931853828083922
2021-12-27,0.0005254326538117748,0.007769541679590208,0.002367247994286892,0.002938842415681764,0.01415210399361344,0.0024238309497122135,0.016976492182313452,0.003253310118457975
2021-12-28,-0.0004378589284443901,0.00037898364232336057,-0.004310065233419702,-0.0012771885951733397,-0.0008171378853258915,-0.003963417297156657,0.0036841942030312325,-0.0034453499286730693
2021-12-29,-0.0029769632370890697,-0.00037884006813448945,-0.0002965076609273698,-0.00549229651129457,0.0012792090174629234,-0.01092386664587286,0.006729654058341916,-0.0042710430389995
2021-12-30,0.0021957242525918463,-0.0026216493804982477,0.0071772153754725565,0.004009452247045298,-0.0027645425308804317,0.008385468686198605,0.004340697891085155,0.012867643122135286
2021-12-31,-0.00035045778214404244,-0.0008890651664289484,0.00683158799329231,-0.0015065253829598113,-0.0025202246059726763,0.0019612150883574486,0.0027659413222218543,-0.0026213556395090487
2022-01-03,-0.006837275466207826,0.006482174103416893,-0.015383743445999576,-0.010640141223532629,0.005789914634114934,-0.026250139782942994,-0.007844180615870111,0.007076343743910751
2022-01-04,-8.83444842340042e-05,0.00568218446779567,0.007366515057776857,0.000838968858854594,-0.00033497570480645056,-0.004158143410400994,-0.0012163023926328176,-0.004015136797336782
2022-01-05,-0.0030896434919864824,-0.008789241416708227,-0.00300766493835114,-0.005868132378725521,-0.019201958318842083,-0.005427766159448177,-0.028618535582618954,-0.01491645911079642
2022-01-06,-0.0010625893624178762,-0.005067130051167212,-0.012244126909514819,-0.0013029671938470377,-0.0009395327340023796,0.0025887670821556075,0.0008953925779557892,0.005729563733574361
2022-01-07,-0.0029248436582614,0.002928177790426423,0.004551137683908024,-0.004298512409685151,-0.003953333565449801,-0.00718835430922915,-0.006620808364411146,0.00508644937318925
2022-01-10,-0.0008891106404302906,-0.009267185154637203,0.0030402057039400354,-0.000924957932108672,-0.001244490590525671,0.0024603255975403915,-0.00576406000830354,0.0020243187093036408
2022-01-11,0.0018685540437222148,0.010891704957860071,0.0120646549718888,0.003009207707905359,0.00910825055499731,0.006661337563755421,0.001539954831766055,0.01939375827751144
2022-01-12,0.0,0.00976050408502216,0.002642622730480104,-0.0006925189126983922,0.0027035810618971645,-0.0038307701629709534,0.0011757210810690033,0.01525955925890754
2022-01-13,0.0017761753395069135,-0.007281011605840937,-0.0033969884760131075,0.003156457806897439,-0.013778723825715988,0.008879938505401253,-0.0019872397862876756,-0.012492594692636305
2022-01-14,-0.005584978356406811,-0.0010115229210374554,-0.0028796749096049457,-0.008824997218493058,0.0004092087810703138,-0.015108983138687582,-0.009052319812533183,0.001976788388563744
2022-01-18,-0.006062362887261918,-0.014683679991005394,-0.001650255097062403,-0.00952341548705471,-0.017709715288581784,-0.014074715498702872,-0.010505297424988957,-0.014795844273594705
2022-01-19,0.0021527401045442485,-0.0008993482218042637,0.015880526897095182,0.0015636340902789314,-0.010383543736967593,0.006923611607182911,-0.01347864748150207,0.004004772239131205
2022-01-20,0.0005371262337714455,-0.004886222296834997,-0.0024988838330701757,-0.0005466624549679278,-0.011068108934530585,0.006166822421873386,-0.012820434624623234,0.006182684840345676
2022-01-21,0.003935773932207232,-0.013567551889255958,-0.0032624385581478954,0.006559406581825522,-0.01963059956618607,0.011907119404916955,-0.0024647098174688242,-0.015659020134399015
2022-01-24,-0.0011584984044398228,-0.009955388212244731,0.005494198734739664,-0.0031030394831690344,0.004246669700054717,-0.008215720755789024,0.001900549827368092,-0.01329046546144319
2022-01-25,-0.0009808737378736998,-0.006086283447860219,0.0031971345443269072,-0.002801498253825807,-0.012208918942906433,-0.001614836461107494,-0.003983668323303435,-0.000203995239635546
2022-01-26,-0.005625682564491807,-0.0038604684426880587,-0.016166464916677392,-0.0067894359620324085,-0.0025087654564568407,-0.012093793718369272,-0.01561749931258316,-0.010410338818904852
2022-01-27,0.003322567870869486,-0.004677274188734315,-0.012898211138547944,0.0022787097705043724,-0.004937989270898391,0.018362891158968386,-0.016542436873247635,-0.008869666741822657
2022-01-28,0.0007159867011248267,0.003356527218147498,-0.0029832934474428585,0.0010977887408261111,0.024835437647652725,0.0003494870535956096,0.032362644861584355,0.0016649549174723166
2022-01-31,-8.928847121725259e-05,0.014585917458247,0.005924537392067553,0.0004697944496570017,0.018011067235687017,-0.005170552223768388,0.012291762054027489,0.031996836107155646
2022-02-01,-0.00034948512588039993,0.009496043864780201,0.0008328835308379912,0.0016623517712359703,0.006756942811085631,-0.003318969746373579,-0.0035769667644548475,0.0058383485155784065
2022-02-02,0.0010752778533846818,0.0074471159452376146,0.0036259919505645666,7.805068347943589e-05,0.009714102721532836,0.0033871682244639434,0.012752701548712109,-0.0018012906786813998
2022-02-03,-0.0040281745251072865,-0.01582149801988042,-0.0014214062993387344,-0.00806297315847515,-0.023504987665747046,-0.007806184440042996,-0.010633395928606237,-0.008421922209986943
2022-02-04,-0.006290759076500008,0.002371594050731618,0.0015420788696549614,-0.009943991726418022,0.0047020956219436805,-0.01474258545409679,-0.009899121601630312,0.0006065048595926825
2022-02-07,0.0009044251332173125,0.0017090488331570342,0.007402581993851909,0.0018334990012132124,-0.0032089781788046112,0.0006478698973222397,-0.0014282627003584514,0.0
2022-02-08,-0.003071921569722913,0.005118172568174817,0.003056870675416823,-0.003739824268633285,0.008227667676725225,-0.006685758380253648,-0.00467267202020949,0.009094707331514629
2022-02-09,0.0006341440071226945,0.016190131871762103,0.0033991784238243117,0.0033543258338266657,0.014635960085527255,0.0018812517614508195,0.022609974391956555,0.014820861255791629
2022-02-10,-0.00923877557906938,-0.012720022664981179,-0.0037965605384254753,-0.0136114399380316,-0.01796541877414215,-0.01589222154907277,-0.023608746261455704,-0.00552619852997982
2022-02-11,0.006582371096919726,-0.01509622163510449,0.019054878321533186,0.007424186499366492,-0.019718930193090123,0.014827969927078355,-0.009115526241415983,-0.015479038962160407
2022-02-14,-0.00581315560081741,-0.006474660946862443,0.005350715998122091,-0.008891426870641261,-0.003269304030259157,-0.012441040213179932,-0.009102293028785846,-0.007458185524170213
2022-02-15,-0.0016442519724518823,0.018353328204443686,-0.009499848975192515,-0.005010846382359713,0.016127058771310265,-0.011353558110587803,0.008990551993699913,0.022745596286360747
2022-02-16,0.0011898860795724886,0.003787589127611124,0.010284254451501385,0.001462287470916479,0.0011207565457440616,0.005927300568392191,0.004649136908192464,0.007545686533333873
2022-02-17,0.0021017714216231553,-0.016133143735356903,0.013668073780773726,0.0007299309810189225,-0.02136141308195383,0.007438329812719857,-0.010604781641273875,-0.013007320589253024
2022-02-18,0.002097680053775308,-0.004231904730028768,-0.0007334549100845855,0.002431401101684827,-0.006475056622974318,0.010527284041283558,-0.006040964069661037,-0.007787818349200282
2022-02-22,-0.0010921301659819749,-0.011686452723095986,0.0020890378623359407,-0.001293828709842737,-0.010731725800921188,0.0026043243667337457,-0.003626914525810654,-0.015496023083051869
2022-02-23,-0.0044646841560562756,-0.00819692361886426,0.0045072272703239324,-0.009067374875030287,-0.017738619650477405,-0.013781854893494816,-0.016529112194993423,-0.009198637998234616
2022-02-24,0.0018304585731483414,-0.013412692719394714,-0.006450131470019049,0.004738692670058775,0.015049261337983122,0.0006588499149779992,0.016806915588405857,-0.02021878506481467
2022-02-25,0.0010049881302238717,0.02499323812550891,-0.003330678220184624,0.004065855906584703,0.022063810586989252,0.0007306539182558858,0.02410432208433355,0.018530377184171165
2022-02-28,0.007210057036920459,-0.019024645376899185,0.010365345791119474,0.010689979435239083,-0.0025586564831396874,0.021918742959392556,-0.014890836443971933,-0.011370656691484182
2022-03-01,0.005635086393510846,-0.021852030258668553,0.018163415997793697,0.003420417408668941,-0.015230019332435396,0.011561535997599126,-0.005266189368098195,-0.013592730250028051
2022-03-02,-0.012001675693261715,0.012566390243085923,-0.010406339832951472,-0.015203951269317284,0.018396242447916267,-0.03418226144606129,0.018725533499050373,0.003180030280445667
2022-03-03,0.0033797428937174523,-0.019718855177216166,0.005953415398956663,0.0036565180656504825,-0.004978563362539101,0.010185496010867379,0.008180116890727174,-0.013947501902339177
2022-03-04,0.0040050760587961864,-0.028977273554341765,0.015929145881701023,0.000971605870442982,-0.008124637454945183,0.017263756751257686,0.004581783558112784,-0.01885980874562787
2022-03-07,-0.00580248364538416,-0.03172542136818479,0.014862865283030269,-0.012131984421722142,-0.029479318155740897,-0.007630073406464821,-0.019764265962806005,-0.035387009058773566
2022-03-08,-0.0035561322584203303,0.008677456359684532,0.027358997610294145,-0.005976809919018389,-0.00758149448914025,-0.010059106174011068,-0.004846801821360991,0.0043029911204743865
2022-03-09,-0.0021048860972927574,0.04182731202366785,-0.029711176156992036,0.0017299704320556941,0.02681080099044819,-0.009799283432248895,0.015390561457534035,0.025253507335803782
2022-03-10,-0.005594783408204851,-0.011958793743986895,0.0031212277978962533,-0.011429309948545963,-0.004515641020163663,-0.014367260136494475,0.002494351264819894,-0.015394876778245248
2022-03-11,-0.0001840900163393444,-0.010806973944783138,-0.007027884128157469,-0.00041575282012928927,-0.012714994468510654,0.0033466860587159086,-0.007942635109722929,-0.020326094190372568
2022-03-14,-0.009685221696547508,0.00917692102843426,-0.015073711931138378,-0.014478184111458292,-0.007308276684595105,-0.023348791675852132,-0.007813224641878058,-0.02393973435511898
2022-03-15,0.00223505315772643,0.009526697881077961,-0.01870545038411886,0.007851740700804521,0.021990151707281358,-0.001745707208941405,0.0067080608616709725,-0.0004670848080895462
2022-03-16,0.0007434905891949839,0.03588766690309053,0.006260803404375848,0.008544946296315858,0.02217439474500016,0.009807686362962809,0.011878445559704076,0.07782194088519057
2022-03-17,0.0016717317885115435,0.008419570940750187,0.004888644573449508,0.009801605179017292,0.012511009131098483,-0.0074538449449829125,0.015460992702329701,-0.007372076591542043
2022-03-18,0.002224853726418896,0.009718097965660588,-0.008789852082788041,0.001974307337686776,0.010952753263629988,0.012213065707685322,0.0,0.01572750656509614
2022-03-21,-0.009805485736195552,-0.006235615872128175,0.007640798069546317,-0.01387393612138621,-0.00029245148141654465,-0.023156500493990206,-0.006108948580477724,-0.012638921263255165
2022-03-22,-0.0027092330458060587,0.009412290581651384,-0.007250775291250955,-0.0024146443267643036,0.011701481372223155,-0.012812153643930513,0.002552872025353592,0.015509006217799604
2022-03-23,0.004121839241608916,-0.012973065317708699,0.013659661796972422,0.002837480530144987,-0.012878419462019952,0.021914737673683682,-0.011219293978783518,-0.006883041885292096
2022-03-24,-0.0022392455180102466,0.009309891621121169,0.007260367097212672,0.0004160346811503679,0.015074380141332,-0.007832335496931853,0.006330548865033814,0.006064509335755197
2022-03-25,-0.007947334829892405,0.0005426511650215016,-0.004095451209537915,-0.00790189171000788,0.004883514102555164,-0.013873237989299292,0.012485645096600217,-0.007750171387200022
2022-03-28,0.0024504641980429565,-0.003253790389305622,-0.018203790082975457,0.00553357517328168,0.007112906114683737,0.008549611790550138,0.010637309911457393,0.003254334686470628
2022-03-29,0.004701112413442843,0.022170813521382282,0.00044678784846130526,0.008421416815191485,0.012370942165751853,0.007552774609084656,0.029340806791751328,0.01535471948458289
2022-03-30,0.002713714886044327,-0.0041250329762810845,0.008038419372069505,0.002315197203449637,-0.00617479623667172,0.007801856713612887,-0.007239432731113271,-0.0012780938244268958
2022-03-31,-0.0004667746743988177,-0.016568823096774654,0.000387595883929448,-0.0023098494464708352,-0.015391337936667027,0.0024286538860955886,-0.012213925318804164,-0.016208017209968673
2022-04-01,-0.001776482806930324,0.009375321475915133,-0.006365867342034592,0.0033558987276975927,0.0028342588114116385,0.0038065841778496257,0.01947005999750573,0.019076482235143466
2022-04-04,0.000842699135320979,0.004038249673152361,0.004846769455083555,0.003468613861560943,0.008566515403196195,-0.006949871868904389,-0.004887560391229839,0.01744310497980739
2022-04-05,-0.010108170135382899,-0.01354087906345447,-0.006264842571455875,-0.017529556303940264,-0.012631286494286909,-0.022592464559528347,-0.004911808273658447,-0.01756219159218131
2022-04-06,-0.002553236010517157,-0.011959984698570292,0.002343216670796844,-0.005863731090891222,-0.009999353228832164,-0.008093778388776895,0.011883036975066874,-0.011066241053658277
2022-04-07,-0.0021800902978594827,0.002201059084724344,0.003784886240234764,-0.004634204382733431,0.005038794503979371,-0.007532777239984911,-0.009936736397699875,-0.007316467277489358
2022-04-08,-0.005035230988496897,0.00041164425367457014,0.006265969312183373,-0.007873023709451199,-0.0026737883599188272,-0.010830662022737636,0.0016421864567459643,0.0019512667747041412
2022-04-11,-0.004296748991122978,-0.010563712293645833,0.004959463770487282,-0.009726724913157181,-0.017092428187326036,-0.01582490654827773,-0.01074880125795119,-0.01254906366462294
2022-04-12,0.003164524381467304,-0.007487536814420159,0.007676751619003053,0.000689095731937206,-0.0037050546089429925,-0.0013804761914574248,-0.001473335441252055,-0.003943955195004345
2022-04-13,0.002007322800978928,0.010757039451674055,0.004788537865617837,0.0051665006885444065,0.011453548011714387,0.002033198858744756,0.007100771090596147,0.010778839036099441
2022-04-14,-0.008108939690736783,-0.00456107884944057,-0.003303550666205468,-0.011650206459693169,-0.012451794630889523,-0.020045549061170176,-0.004303520132787231,-0.010881372289705982
2022-04-18,-0.003078109687730479,-0.005831613310640749,0.0030971927027434454,-0.007626350754667666,0.00041103903173755896,-0.00496899891594571,-0.004046353370095179,-0.004180503997199048
2022-04-19,-0.00607807904534996,0.00474862459706249,-0.015112904376299419,-0.007947882847710197,0.016142753987331337,-0.007490756162509826,0.02179113484510453,-0.005081707911229194
2022-04-20,0.005727135706012243,0.006672214258846232,0.004894947496407287,0.010388200391488578,-0.0007414760605853887,0.02012601171896944,0.01662750647745992,-0.0064399629448188556
2022-04-21,-0.0055011534865360145,-0.01077063403040246,-0.0035576001936850066,-0.010629893378814148,-0.01495370942251839,-0.007398319053579017,-0.0069333096750453516,-0.018104666535416314
2022-04-22,-0.0009705962524615419,-0.01633149436754533,-0.0097220932450649,-0.0011451020047290594,-0.02743916608218111,-0.006294123260475404,-0.017543707656853758,-0.007967174981255876
2022-04-25,0.006702787975252811,-0.004824830672648273,-0.017970993150090764,0.011109536984369672,0.005797828575388575,0.01000138251831828,-0.0025509054537243836,-0.010326106404956792
2022-04-26,0.003087958440891825,-0.027948168236813786,0.001525017044941901,-0.0005232351208654951,-0.028961042119256875,0.010066445921469658,-0.016441566501838145,-0.020171391275944472
2022-04-27,-0.004040385362925503,0.004547525972693256,-0.00755702425744631,-0.009597017779013894,0.002811835867255086,-0.012826022892211908,-0.006593429067180079,0.013961039630393968
2022-04-28,-0.00038620035385250606,0.014164678021436838,0.005398323510093839,0.0029949307799577163,0.025259535867310667,0.0014897997661615925,0.018416202133862525,0.013068772493848968
2022-04-29,-0.005991095387180345,-0.011663154784003704,-0.00011297696546286318,-0.011065977896378532,-0.03695562906747829,-0.012972905678121482,-0.0458967508542093,0.0006911099002220311
2022-05-02,-0.005443514364385393,-0.002476544438755335,-0.018540493535693647,-0.005928231992919142,0.00601944780705721,-0.017333889328820073,-0.024148664470792447,-0.0020715969497444586
2022-05-03,0.0022519978007244923,0.007448456649756796,0.00264926246698316,0.006446876309244232,0.004583890480145625,0.006741484256552299,0.012422458669282266,0.00761242760913361
2022-05-04,0.006447734275193406,0.01754139446181968,0.009822544372671826,0.009786327446975385,0.030452888698047298,0.005510217469304024,0.011490927202740364,0.00984420939506725
2022-05-05,-0.009901261721038779,-0.03219841259017997,-0.003811138551277793,-0.015329741625989102,-0.03554253846340094,-0.027398192304259772,-0.02666797293963219,-0.03627300578659198
2022-05-06,-0.004215285538631153,-0.009715962094596242,0.0016558743678838361,-0.008500780667701657,-0.005969101969593771,-0.0147355646204117,-0.01186944115369648,-0.013643758566865838
2022-05-09,0.004922809442549525,-0.030176800218387534,-0.014479496708730832,0.003519532038654738,-0.0320172310677459,0.00879744980073216,-0.04404400338230474,-0.0269496752597429
2022-05-10,0.003037085346442092,0.007510699688727973,-0.008445202872691127,0.004226697747850894,0.0023105056601895324,0.009069439977867688,-0.018220037029019975,0.004166673784623098
2022-05-11,0.0037116063465210125,-0.005933304151141572,0.008167128516088473,0.004656489631568839,-0.015886026585802182,0.019272401364157865,-0.002133091135355092,-0.007078249473232878
2022-05-12,0.001848856525722642,-0.0024488572560379396,-0.015333925720196762,0.00044582419657923644,-0.0010441016242536127,-0.0018651754742422533,0.007802430675115435,-0.004916346823740758
2022-05-13,-0.004274023415872352,0.027769257143182235,-0.00810956630229509,-0.005256717537428179,0.02390786562999936,-0.01478100719373221,0.026408053611131743,0.02470350637668317
2022-05-16,0.0022441561262207532,0.000895879828138435,0.009538483763206873,0.0013437820156683156,-0.0040576124768321176,-0.001034465567042453,-0.006303172524047218,-0.0021699029151703852
2022-05-17,-0.005451241671714069,0.01864262352303947,-0.006279296383541522,-0.005724863748163278,0.020570483024910047,-0.012083800679371204,0.01362183615570367,0.022952246205647286
2022-05-18,0.004012975368791416,-0.02386527449724618,0.0005314848929158789,0.0036885126241426036,-0.0403114979025343,0.02131745603800761,-0.0290315369601849,-0.02172868527626215
2022-05-19,0.0025340689004900163,0.009599438433724794,0.014697234801531733,0.0026889330309907145,-0.006124617134482535,0.0023953049691407546,-0.004437435712111859,0.014485855004727544
2022-05-20,0.003014305471918277,0.006834071941280939,0.0006980112537449124,0.004916424206319103,0.0004365290047758652,0.011349951623987886,0.006367354785269397,0.003807570480173883
2022-05-23,-0.0032957176197440097,0.016969147421130426,0.004650369455528214,-0.003558347028054909,0.018709892411927775,-0.01645458935460531,0.011599765304155962,0.007112321324446835
2022-05-24,0.007682876957883611,-0.0015958786554154392,0.007521859850632806,0.013122679138314552,-0.007633593971756336,0.01973255104328664,0.008443676855222515,-0.01789052734816632
2022-05-25,0.004150701201399265,0.00029068621685524043,-0.006029994959596108,0.010309497245222232,0.008834888829009735,0.003954342413381218,0.00847624171240935,0.005512688026401147
2022-05-26,-0.0007691724903576835,0.011041613367755332,-0.0018488983177334939,0.0002615770326523936,0.01998130326747649,-0.004525216095665807,0.0012299310217402937,0.015018003681214198
2022-05-27,0.001635136581043195,0.012070739896491212,0.00052102106703944,0.005231257979773307,0.02454909632786806,0.0024413852109246292,0.0268224307901197,0.010803308739653517
2022-05-31,-0.006338302365176851,-0.0059634486695283595,-0.009893009276743081,-0.007372291991722735,-0.005610882466247857,-0.021162716000102444,-0.012263173835139196,0.013940310495864638
2022-06-01,-0.004104862008659338,-0.010570053835974869,0.006369033199590923,-0.005834054577411596,-0.008088625079387679,-0.0011426214589824735,-0.00827716005043,-0.006645086025265257
2022-06-02,0.0012638273048932724,0.020788248287274103,0.012309182073779512,0.0004407958772767451,0.019043591915065772,0.0005162232593201033,0.013740613108645938,0.017993120336629476
2022-06-03,-0.0016505853823173267,-0.014283533027095285,-0.010152017266979896,-0.0031704570648523056,-0.016411629114427173,-0.002150057905496827,-0.013353414406520714,-0.01563588461084764
2022-06-06,-0.006127264759106854,0.004017209311705461,-0.0044037229040009285,-0.00706765953291566,0.0030449094968476587,-0.01844344230198569,-0.0031546741849212134,0.005525060777573865
2022-06-07,0.003816509362081666,0.00300089814376836,0.006518420844169315,0.00533823839316927,0.009592336440568783,0.010799730001008312,0.013781380641726182,0.005036743876328131
2022-06-08,-0.0040945122148658974,-0.01396210763342809,-0.0009251975242893229,-0.0057526784007436715,-0.010872359494409234,-0.008860182347799839,-0.023059449430541723,0.0036446116180044452
2022-06-09,-0.001076817332984148,-0.021000763851037774,-0.0031832564859568535,-0.006586956847887793,-0.023783084355162964,0.003330186034981697,-0.023706246606139958,-0.021561453404896347
2022-06-10,-0.007741220324321674,-0.02413636252563245,0.013412283666592417,-0.009677644222954362,-0.02899554401576332,-0.006201477295852742,-0.022170594509198338,-0.007886914114879295
2022-06-13,-0.01639380158128212,-0.033080941892149385,-0.026412288230091452,-0.023072456770145022,-0.03796817255829954,-0.03137967236261674,-0.049989195121909136,-0.03249949201560565
2022-06-14,-0.005923526608834884,-0.00943237168489175,-0.008003209616781914,-0.005186730855244126,-0.003013319706754114,-0.01261304941121777,-0.0076145443822488446,0.014499751977234077
2022-06-15,0.011110241683308208,0.018721664813681427,0.013050939388113303,0.015640989535867567,0.014256352482426626,0.018656072981615868,0.023705739804608994,0.014769121445433075
2022-06-16,0.0023971536127680437,-0.022021528579106553,0.011243181594596585,0.0011001070589808926,-0.03309592054522781,0.00793961387637343,-0.026289091296144762,-0.031220782987058993
2022-06-17,-9.972851491002466e-05,-0.004049821074759596,-0.008222816311715064,0.002014145724665628,0.0021556238677580275,0.0032221764281097354,0.007582371819526479,0.00436157235311363
2022-06-21,-0.0039863571541453036,0.015126912769209078,-0.0037367862070599722,-0.01005186353680465,0.02517374468708633,-0.016952119213272998,0.013911444057405076,0.015943861599096554
2022-06-22,0.008505225501778124,-0.0067297812200948215,0.003985188163408093,0.007292450888118696,-0.0018128229560488984,0.02750079490299817,0.01270796808722685,-0.016507244768155904
2022-06-23,0.004166887793620955,-0.0011292183303560632,-0.006129257292171064,0.007697982526201574,0.009802249409967878,0.00821462378785176,0.01899891835668699,0.00486508677039077
2022-06-24,-0.0015806486259788421,0.029877316708958546,-0.0009984622015154487,0.0011823197377858197,0.03179386530921846,-0.013842851974616988,0.021276461913038114,0.021302365279135538
2022-06-27,-0.004453364663382531,-0.004233952028572685,-0.0011170700540719114,-0.009174557351095736,-0.0038196092925382175,-0.008528607264227439,-0.0015033753932904848,0.0007111743539398585
2022-06-28,0.00039757966944287126,-0.006771705213492241,-0.0016480211262837052,-0.00027495038532088234,-0.020432985797863457,0.004659589272373976,-0.012153104481150034,-0.006631885981622343
2022-06-29,0.005763214184558718,-0.00380519427880488,-0.0007663579045243951,0.005960930363920092,-0.0008142105056374582,0.015608354659717438,-0.006205970554445939,-0.002623079678236162
2022-06-30,0.0045445863219535365,-0.005411484297631608,-0.006077047294322124,0.003007925420139612,-0.00812440645254231,0.008781790537335521,-0.0018624364442475505,-0.004303046441518021
2022-07-01,0.008335496964976263,0.002400421233119454,-0.0008310541616338707,0.012640015878926825,0.01057665274046471,0.010266747498552053,0.018000085998312487,-0.0060023564668445495
2022-07-05,0.001856448765480856,-0.021392183246932595,-0.02120964335120412,-0.0002701294185027958,0.0018885680188986953,0.00785676558779791,-0.0028028903933150495,-0.00797104696158013
2022-07-06,-0.006729692369638829,0.000815742186381696,-0.015842188833696924,-0.0049510032170252405,0.003377218760034717,-0.016790707788428727,-0.0018381661993023268,-0.0068174809590524355
2022-07-07,-0.0022582602044086686,0.015158897441218455,0.000555053276362516,-9.027551799978273e-05,0.014977249731377817,-0.00880011196985675,0.0027078488047025395,0.020838346585988266
2022-07-08,-0.003739910766922372,0.0011239601979644576,0.0004315313201161963,-0.001628787812088972,-0.0008226863520837124,-0.011076250132236232,-0.0052932681996902264,-0.0024013736376423678
2022-07-11,0.004642757125342456,-0.01619881705998094,-0.005360507452973451,0.002809292326419799,-0.011423440398081852,0.017244832015110845,-0.002172155492526251,-0.024795509005098526
2022-07-12,0.0013766696077617269,-0.0001631245531611425,-0.0037167247224720867,0.0014461197478927712,-0.008849027204599347,0.0059417505877537025,-0.003918160761559819,-0.0037026975820761976
2022-07-13,0.003633121758496838,-0.0004891783729233934,0.004787690503602615,0.007489501454289504,-0.0052515211298233,0.011466281567271919,-0.004807539811279127,-0.002973252512404767
2022-07-14,-0.0035221511577795406,-0.014029334237664393,-0.014047055610919013,-0.006359308791040408,-0.0024288365761214736,-0.008158624001563974,-0.009003055883214595,-0.0067098754434440355
2022-07-15,0.003927089689685914,0.01588351613561545,-0.0020084561635671516,0.008022537905006288,0.019105314893905545,0.005628162012585092,0.016951154074641872,0.0035027133641745145
2022-07-18,-0.0032272640180569523,0.004071724458611481,0.0009433945063559435,-0.006975056603955698,-0.00825701560701586,-0.010418453156558538,-0.0070814234404180665,0.004737135957052496
2022-07-19,-0.0013734446193839345,0.027250632812305886,0.0023874693093759447,0.0027917433100210776,0.027019297545886944,-0.005394676161567302,0.025894201720658483,0.014143652834744502
2022-07-20,-0.0006876244769946638,-0.0066318838525420976,-0.009402031234323593,-0.0010775535054887708,0.0063730614574075695,0.0026245394476416273,-0.0023528188292697427,-0.004159617767141355
2022-07-21,0.008357249248655219,0.010332111486356155,0.014110421925231709,0.013664079095227377,0.010183187207559063,0.01727591868028222,0.007932768549750557,0.012285240691275456
2022-07-22,0.007800223854341759,-0.0025172393195861398,0.00249575020790771,0.007715346549218349,-0.009277985508653441,0.01681094242782133,0.005211916158122554,-0.01019432000905951
2022-07-25,-0.00367683969250554,0.007728666241011206,-0.0027385476219622396,-0.00844845190867749,0.00121477402544512,-0.009784965210513197,0.001692820488019997,0.004659201087136244
2022-07-26,-0.0001942584461867014,-0.013930183620525893,-0.0011858106875901608,-0.00017737332019451824,-0.01183087047788256,0.0007666962507790753,0.0010560850012815148,-0.009519093332033046
2022-07-27,0.0034966622959085036,0.023650730932684993,0.010184984698782484,0.006657430727907032,0.02596631215333489,-0.0056178601807966855,0.006014665314660439,0.019713974693450043
2022-07-28,0.007162325627101396,0.005117164958481135,0.012185323455280006,0.008289357362608829,0.012542370797067326,0.007960761117054016,0.032410374947872134,0.003141766655955891
2022-07-29,9.591424356303335e-05,0.013884687692145015,0.0028110896821249565,0.0023613847060881543,0.014578703389710235,-0.0027173931116956096,0.0053846654466875865,-0.004577263310923563
2022-08-01,0.003465904060200975,0.0013691205483363778,0.0056672312077465925,0.001976898744436628,-0.0029612125923047516,0.02408345700924519,-0.008084116107690775,-0.006050398183321315
2022-08-02,-0.01026589553429591,-0.015954823490318404,-0.005938288400823777,-0.012220710496642306,-0.006597305164207978,-0.02115933389932656,-0.012836025655511674,-0.0058437055140495575
2022-08-03,0.004459159076917407,0.005867728068845279,0.002438243761313297,0.010869421952708791,0.01565936271535695,0.015744483176975743,0.003198875248873412,0.005388358413522365
2022-08-04,0.002412701024893993,0.005066168246184111,0.016539989487255546,0.0015737393073602668,-0.0006754847483935178,-0.0003352130298454048,-0.001543053694183949,0.008282544855357843
2022-08-05,-0.011167848723238283,-0.0070262528947179215,-0.011246066300201418,-0.013528930007385642,-0.0016900853045389574,-0.02380344658635647,0.0027819709157586026,-0.0002417445136584373
2022-08-08,0.004576018493196665,0.002307502982765941,0.008470017618367853,0.003981726739273439,-0.0011610059686859575,0.01614116185699288,0.008938675518554318,0.002175077261482139
2022-08-09,-0.002229230466910481,-0.005371605594295503,0.0030595386607856767,-0.004494509087639598,-0.0039709288615964455,-0.003886569362008485,0.005498989740340798,-0.0021703565682611448
2022-08-10,0.0025255826806691584,0.02252750475002019,-0.0025119508170524663,0.009472276831743676,0.021003864767169977,-0.006531476903027245,0.015191523322827694,0.0125667531368292
2022-08-11,-0.0053289946994861115,-0.00030185128025495,-0.0026382206776995876,-0.009646615813372894,0.0,-0.02330919074621507,-0.0023945210949007922,0.004773150481587551
2022-08-12,0.004481295770544236,0.00769825827869508,0.00919802099904432,0.01160021494122887,0.016929179007674655,0.010140564353166681,0.01720017488263581,0.01045110826631257
2022-08-15,0.0012604171745800308,-0.005991703969484896,-0.012867030834262327,-0.0007003750552454502,0.004120692803052606,-0.0008655171039980702,0.004030360202112115,-0.003760910579471921
2022-08-16,-0.0014527080714411555,-0.0003015054677186768,-0.001750096754401964,-0.0038542987409693197,0.0019586624403962194,0.004157689762401828,-0.0026434348739359237,0.0004717865231282925
2022-08-17,-0.0059166575936580035,-0.007989220615255421,-0.006468335614034371,-0.00940905214127119,-0.007098065571810808,-0.01043735049762573,-0.005988505313009651,-0.0023585341007399396
2022-08-18,0.0021463708520255143,-0.0033428042916607836,-0.0026164156896926194,0.002574283379878306,0.0029065255149449687,0.0014818883218614687,-0.0066175255669201904,-0.0063830048228783465
2022-08-19,-0.007010179492595303,-0.013721559679876982,-0.007320625681104476,-0.011864637762608488,-0.013437934340171154,-0.016102160384273256,-0.01053877481698473,-0.011182397543728517
2022-08-22,-0.004313956597669533,-0.01700411094129095,-0.006637179344595956,-0.006720412888401528,-0.020822788612794185,-0.003361825336457236,-0.02180457767395383,-0.00697785672103679
2022-08-23,-0.0003937385415271333,0.000471726494424729,0.0069908740848763085,0.0010825316320248746,-0.002419142346054448,-0.005503260908952812,-0.012840497185530264,0.006299861373293858
2022-08-24,-0.0026597134110536436,0.00125743260429112,0.0029489200401788818,-0.0029737626997490274,0.0032011669243245944,-0.007318823552122211,0.005723275839510711,0.00072247647318191
2022-08-25,0.0055311696363737894,0.010989115053765097,0.003062787136294043,0.010303530222005586,0.014117712451386488,0.013936166008800432,0.014899144568170763,0.018527470076171948
2022-08-26,-0.0018662560408050366,-0.02624241726732557,-0.012152705301765265,-0.005994118941889615,-0.03384907555260652,0.007537719406619736,-0.02518078639010024,-0.013229508945266644
2022-08-29,-0.0048224782247907605,-0.0022323721405930197,0.0006182375550920494,-0.007379846650804156,-0.006612223103725556,-0.008273249243893721,-0.008993977808081643,-0.0047881106036675725
2022-08-30,0.001285771708245509,-0.0071921235736247535,-0.008340578885610683,0.0012692730535059926,-0.010977813714484475,0.0024850043703608105,-0.013824356570927177,-0.012027919276999643
2022-08-31,-0.0053335105822167606,-0.006760995921685664,-0.007725314789180926,-0.010504381161051457,-0.007609109378665435,-0.00956112527249453,-0.004708627195676329,0.001461136947318753
2022-09-01,-0.004338231510093271,-0.013452136978574614,-0.008790162100319021,-0.006020188444869512,0.0031376609754034668,-0.018307816872764837,0.0018278899501722456,-0.004619762423332063
2022-09-02,0.00289815568404439,-0.006571413978428642,0.008804709144487166,0.0007387784413854792,-0.010544153582539462,0.005656759613418938,-0.013951670696823126,-0.008060398702241622
2022-09-06,-0.009366424288960618,-0.002480537567468688,-0.0058394619355668365,-0.013562231048756979,-0.0037732647990791346,-0.024768989974460198,0.009033665355843379,-0.008618565623142671
2022-09-07,0.006940275000265395,0.008786482188771094,0.010168638866495439,0.01365502269636254,0.01796483102898261,0.015815496092935755,0.01952314797674748,0.008445068763996533
2022-09-08,-0.0031962850982804047,0.000657197932627307,-0.006002292729855863,-0.0023063388344843894,0.006536448645231285,-0.010257206514335038,0.002750776237557595,-0.0029555703784346354
2022-09-09,-0.0001003116365366763,0.025455860246780704,0.005283756568463582,0.0023116703295380514,0.01553526017515594,0.002220774447066143,0.010867258080552444,0.013339866378084597
2022-09-12,-0.0015035360175534862,0.013933443351506591,0.005068186218703863,-0.002214497794353343,0.010747524689700638,-0.008217360274945462,0.009706726992041004,0.015358211930379895
2022-09-13,-0.005620620351735606,-0.03474971443633834,-0.01301133993119441,-0.007212786017643191,-0.04348231287581872,0.0023275706741587854,-0.038246787236854485,-0.031692599948693
2022-09-14,0.001312056897242675,0.00327276848975111,-0.003847613448870524,0.0047504446727717475,0.00381576282588858,0.003436557244088645,-0.011392840468653076,0.004958964600099147
2022-09-15,-0.0030240490281071564,-0.008807670165859594,-0.018679143196684067,-0.004820504653413882,-0.011353214294496539,-0.0006482298751500082,-0.018482433256254427,-0.008635365577963294
2022-09-16,-0.000707459723494841,-0.00608854155928884,0.005549107201315628,-0.00232879510964501,-0.007628829200664322,-0.008335478107488803,0.0001108318379017259,-0.012692932116176725
2022-09-19,-0.0015178147078744875,0.003476833194558937,0.0007700871329356929,0.001680455716581708,0.0077547260583545885,0.002334773924167255,-0.001439774702084451,0.0040621029675032005
2022-09-20,-0.004459099783212239,-0.01699382460336818,-0.005706587274526553,-0.009973692690459779,-0.011478555338092167,-0.009970082322677154,-0.02429008942742683,-0.003562364280868646
2022-09-21,0.003155581124698603,-0.013091786731589616,0.004642973675810236,0.0037659331046384636,-0.017443670830894153,0.016752871568306515,-0.015801031081596584,-0.016598531131206795
2022-09-22,-0.010654544422744827,-0.002891115381969178,-0.0005776772692025478,-0.014069843091741419,-0.00839991633549464,-0.025548324607493678,-0.012704863568323455,-0.002856285056849872
2022-09-23,-0.003076863524114626,-0.03189498347029185,-0.01727683040546535,-0.0028544271460869686,-0.01675490487599729,0.004085010507088649,-0.013291776939442612,-0.022916734254543103
2022-09-26,-0.012860097375561597,-0.014799132179430075,-0.011633219026207842,-0.017364520323977173,-0.009892620116314643,-0.01911093358476401,-0.028044078472200695,-0.013859332392806567
2022-09-27,-0.004273172664425062,-0.00679539194862111,0.002049841746687875,-0.015050013608418511,-0.002552777314038801,-0.02633105311003614,-0.013316930150857664,-0.0005405605479125164
2022-09-28,0.016118753831385613,0.024126795861009187,0.02078665233491006,0.020110626273458054,0.01967632443668621,0.03348210184317835,0.02074482440242642,0.007842136479755846
2022-09-29,-0.005253404746486612,-0.011779129329169469,-0.00019392836526865853,-0.007441235299150528,-0.02088892473402415,-0.005176175138557615,-0.029382970026155975,-0.01958672194135258
2022-09-30,-0.0023813444710262255,-0.0035582156973800183,6.462244018679009e-05,-0.0025315110749325465,-0.015463384624473164,-0.01291064433131961,0.01122591338679002,-0.001368180406460917
2022-10-03,0.008124356276826283,0.019817926896611215,0.024309785681440932,0.018499425648546453,0.026401036850980386,0.01588971238565562,0.017837324566814194,0.015346532222479725
2022-10-04,0.0026829971601509683,0.04009103841859374,0.014328122056449066,0.00461551813730865,0.030986776126736393,-0.0027932311863512194,0.020220554609617913,0.028070058266737252
2022-10-05,-0.005248492843052399,-0.01060424115682479,-0.005538266375543777,-0.007561142907036578,-0.002328295289237503,-0.009561419398384507,-0.019579569906678973,0.0018377086113454677
2022-10-06,-0.00393143819712749,-0.01752296566476752,-0.00112629171222689,-0.002314869449365764,-0.01031583785163992,-0.005558211638364674,-0.027811810594824737,-0.007075398130198751
2022-10-07,-0.005297098623303742,-0.015930675836959285,-0.010962851258976669,-0.009956243235210938,-0.027893884911606492,-0.009708103986788785,-0.024070560599155244,-0.01979430898556578
2022-10-10,-0.0044898878770256445,-0.005630975024183638,-0.015201476317757034,-0.008982985452868353,-0.007635386262423327,-0.01554589808614626,-0.009426948140513258,-0.013731645792967595
2022-10-11,0.0006293006889361852,-0.010971366787767,-0.002058091550185215,-0.0020686529722075964,-0.006332729170099416,0.004425534209545612,0.010168234797716336,-0.015561124210974997
2022-10-12,0.000838659512043316,-0.0032208276514918976,0.00534932850905423,-0.0011850326667711686,-0.0032986967647078425,0.004906966961360615,-0.010452936552655445,-0.000277207541606872
2022-10-13,-0.0031417999773568628,0.020642785024176824,-0.006923532232980256,0.0017793978451103865,0.02639122356975543,-0.009566359613226716,0.018257798946328396,0.0038834018477105214
2022-10-14,-0.005463795397718352,-0.014949080508283141,-0.012458897998479546,-0.00957089197001959,-0.022788689368441695,-0.00825056135189739,-0.02484643214808513,-0.014644764319334258
2022-10-17,0.0021132204034088886,0.024638403967486733,0.0028762090057179446,0.004782054902925825,0.025696922567230995,-0.004869599819076531,0.03769390450639065,0.025518652143305953
2022-10-18,0.00168650602994469,0.007144169193190386,0.0021509701146735782,0.005948423859444052,0.01174954169240583,0.002344896553037268,0.010884667293012074,0.000273458294285156
2022-10-19,-0.008629736674448774,-0.012283592258128584,-0.013398358104674823,-0.013699714967151055,-0.007086549417433252,-0.018205893486095137,-0.02491549152620176,-0.017496079733754333
2022-10-20,-0.006051069247259289,-0.0022771561660812623,-0.0015822103586343728,-0.008694126965371418,-0.008385241455747483,-0.017093395402967726,-0.004365616027089958,0.007791051852541253
2022-10-21,0.0014953990358839153,0.0180829371603326,0.017827646105301076,0.002823038562515867,0.024301443685377677,-0.01802278338793628,0.007866897878700208,0.014632750094085045
2022-10-24,-0.001386557068629779,0.00017225704300716238,-0.003243594030472474,-0.0005027767791900839,0.01223660237492652,-0.008264190518617487,-0.0001280028451033921,-0.03891178216743629
2022-10-25,0.009825036243034324,0.02206903263054194,0.002277944142005106,0.013376337578620445,0.015968425961624177,0.029112683193653677,0.039288499047116954,0.008211010894765502
2022-10-26,0.0044416220682144125,0.009446655051815966,0.006363608620383543,0.0045650974062718674,-0.007534131654662879,0.0144073127876847,-0.0006156834613104678,0.013479016859044624
2022-10-27,0.005053667166248221,-0.009358250883828134,-0.001548523944967184,0.0046434041207936705,-0.005339808459490225,0.010470466857804839,0.0014784215628849129,-0.0072038880355098645
2022-10-28,-0.002513769380913522,0.009952821162682035,-0.010210687443231947,0.002065218713320993,0.023790466892235296,-0.006873530550966511,0.02202276754550825,-0.006977352286662852
2022-10-31,-0.0033612477037765487,-0.009353701653464608,-0.008161399648159207,-0.005397565943349947,-0.007223207659718733,-0.007128256357103457,-0.0010833740955901172,-0.003653992247032556
2022-11-01,0.0018592275678308567,0.007924502535951783,0.010203429757038585,0.007195132505928514,-0.004375895266551355,0.009345733011060453,-0.00036176180840929995,0.01664311337861868
2022-11-02,-0.001686808353887348,-0.01455336224590853,-0.006972548399621914,-0.004815106277778036,-0.025096188522537033,-0.00434043895178049,-0.02748627354249522,-0.007491716743831867
2022-11-03,-0.0036962744644523093,-0.008487511768717648,-0.003806036048150885,-0.0035542645086703573,-0.010296956114956624,-0.005397051939272646,-0.0013636138862681557,0.008107414717031913
2022-11-04,-0.0001058936227058549,0.04006171974641903,0.030696289684813083,0.0019816924167965766,0.01439319366601488,-0.0168005406445646,0.01365454197343019,0.0407653625686526
2022-11-07,-0.0031796795953240586,0.003127453576177386,-0.003962389674382338,-0.003658996947592752,0.009565891357249612,-0.009976514807719106,0.0,-0.0018651299702411306
2022-11-08,0.004253610842780198,0.011322760596341741,0.023099074133724695,0.0041686717538593765,0.0053950875685004895,0.010934726850062804,0.0030614530036499055,0.004271152952763924
2022-11-09,0.0011645329855618503,-0.013954348261024818,-0.0050172660211307285,-0.002569773912796891,-0.020602181520411822,0.0032872229958706978,-0.01025515056734172,-0.018341080729764703
2022-11-10,0.021470075453512205,0.05611313909781357,0.030444387121793204,0.03349503721858582,0.05495443387914922,0.03847408865486024,0.07314660524467231,0.03357700426047705
2022-11-11,-0.0007247587747801765,0.01994403413531276,0.006606324071935177,0.002684920672455293,0.009678465654315183,-0.003664359168654596,-0.00011488153305949655,0.020172984104338543
2022-11-14,-0.002797614144258609,-0.010540860802381369,0.002187655661719301,-0.00506819521219759,-0.00850687548733764,-0.0024516851138575158,-0.024370627728624417,-0.0033385923393811634
2022-11-15,0.0073773608260045975,0.006638926913383303,0.0035168677995043307,0.013936982617668292,0.008529172746037261,0.016180274396508043,0.010840012239304198,0.022159396213671467
2022-11-16,0.00618859769305824,-0.002300584372240011,-0.0022961020109516506,0.00853116400412346,-0.007628840681771942,0.02186829301791482,-0.00909192657432667,-0.015881064787499954
2022-11-17,-0.004202717891795604,-0.00046133348983479205,-0.007267423593311895,-0.005357308429062124,-0.0030598649594653082,-0.01055205079520627,-0.006822597374033124,0.00537907789827563
2022-11-18,-0.0014412489945541118,0.001999428938493253,-0.006893636502166456,-9.47898710205175e-05,0.004540380057113769,-0.006877420388747835,0.012673110382782182,-0.007133912131933262
2022-11-21,-0.0006184438895322497,-0.007521001871315103,-0.005589952950737276,-0.001511740098726344,-0.0036360195451150545,0.004215159337368712,0.005262917169136516,-0.009237888689030194
2022-11-22,0.005157974758921879,0.013918784128170714,0.00117372396636517,0.008897103065298007,0.013457023869902773,0.014191610360365203,0.0054685432323249294,0.002589987965545104
2022-11-23,0.005952228630641265,0.010982336159824913,0.006231840940288613,0.010038399320277058,0.006301655290084751,0.017441558517727218,0.0008098708489321371,0.005425045474143353
2022-11-25,0.00020385756001850552,0.005129870675400827,0.000858470616118101,0.0010219440574776861,-0.00022381109075886307,-0.003389916316845154,0.006359174200538886,-0.0035973648044930195
2022-11-28,-0.0016320087992771626,-0.012908944661939592,-0.007903495498554403,-0.007237757082422913,-0.01595700660168564,0.00281851419211554,-0.026769337937581517,-0.00232065017810279
2022-11-29,-0.0035755769875362997,0.0028890565588455264,0.004940425418036076,-0.004953721265984923,-0.0017174624444049602,-0.01172561167564079,0.01652686130189429,0.019643495137066314
2022-11-30,0.007792423612814847,0.01774084882284055,0.012781920270785507,0.012211146188746191,0.031500499945813276,0.007354167010285684,0.02287784439830065,0.027122859204742333
2022-12-01,0.008320952308387586,0.009684109095084548,0.01838479961277617,0.012512126402519863,-0.0007358378209061378,0.03194590999502833,-0.0021571745502756423,-0.0024680082846741946
2022-12-02,0.004146477032520357,-0.0007378010267715673,-0.0034556830535615868,0.006068305891797632,-0.0011536562746266021,0.01257541133734108,-0.002958064196071253,0.0061850749469845034
2022-12-05,-0.007855761923185822,-0.013142280782690086,-0.017158885635801036,-0.008499323822365401,-0.0179893257596504,-0.014006904815628385,-0.018258758399647412,-0.010080989688645237
2022-12-06,0.0029438959456156155,-0.004489134431330921,0.0027373742314797944,0.0030417444391501736,-0.014414742444916806,0.012880167838910994,-0.009415398089869909,0.0007450779921065465
2022-12-07,0.008906914849583503,0.0,0.009039101712364994,0.01111953477857619,-0.0017012668396708674,0.023562361018703903,0.001994905391027979,-0.0059567155712524356
2022-12-08,-0.00300968435793203,0.005110530762224785,0.0008416965556858891,-0.003181231731031686,0.007833988524946323,-0.0027404597812646925,0.007026638295827947,0.011485533654033597
2022-12-09,-0.005936894138161453,0.0005982857888326976,0.003544160110315664,-0.007476235298344069,-0.0074702129183733534,-0.026014552163540094,-0.0018607093109163086,-0.008392983691853373
2022-12-12,0.0002025797570475163,0.0029890098250853203,-0.008260534556326027,-0.0012861213643408087,0.014417412741663416,0.003197632047895027,0.007689607141520449,-0.0027382507567309533
2022-12-13,0.006679466815292745,0.014182797625221122,0.017081132038632596,0.008738141517465658,0.00756983940502276,0.009655899131337797,0.018499223181389635,0.005242116962405063
2022-12-14,0.002211772956619562,-0.0008850609520653085,-0.0024330212847030186,0.000911702741983822,-0.006393611387154885,0.004271091887002809,-0.00681126859320158,0.001738118898944263
2022-12-15,0.001468156080058236,-0.02554273203276236,-0.01635930934057528,0.0008408296323356712,-0.0244617703040112,0.003901825047199603,-0.0133728467606552,-0.019335622408741093
2022-12-16,-0.0026102871495071733,-0.008787819140375963,0.008708721678036602,-0.004291230130684887,-0.011805999219923757,-0.011170680182139292,-0.025834151002028793,-0.0012640575308484614
2022-12-19,-0.0061402352206767485,-0.002445601125982244,-0.0028178306902848504,-0.010086357844806382,-0.008479751210268893,-0.01680513389350713,-0.01272445828146529,0.0019295309260538573
2022-12-20,-0.006785441814313398,0.003983820581669573,0.016594482836064905,-0.011763480378246816,0.0013684036760770457,-0.017756980472065753,-0.002529640927464216,-0.0033377632072013608
2022-12-21,0.0027531232125566074,0.010378535512296727,-0.0016560135809358112,0.006842384367060195,0.014952448297806287,0.0025136998676051903,0.008573934013627493,0.009273658236497617
2022-12-22,-0.00030521637342784125,-0.008156994180457344,-0.012085358459954287,-0.0002795278495497655,-0.014266104213793485,-0.0001931314093261971,-0.004201245051794977,-0.008933236863203686
2022-12-23,-0.00345827276067201,0.003502921479515031,0.002998321039039853,-0.003072671745865563,0.005752237995991116,-0.014660454025141711,0.008901315061695447,-0.0020600900684004664
2022-12-27,-0.007247177192120091,0.0015174462317921744,0.008430011409881644,-0.012889828922764246,-0.00394331103812029,-0.019772760101854914,-0.00036264415651376947,0.015741697157141354
2022-12-28,-0.0017480657963540036,-0.010607493945333002,-0.004505807286929064,-0.0031227181694220008,-0.012428140952983169,-0.00589164758848526,-0.017047336611219044,-0.014481454751466338
2022-12-29,0.0037080884358910993,0.015775705005011798,0.005598251568726287,0.00711907088852981,0.01800044772914,0.01135099238722681,0.021894077676285928,0.017272232812015398
2022-12-30,-0.004720545569005141,-0.010253341704356322,0.0046786689817972515,-0.00631474927925757,-0.002634154556441559,-0.01112451486017041,-0.0072219580345681544,-0.012164155946723931
2023-01-03,0.005877288251102675,0.00883620793118256,0.008370656531798915,0.006924156914363877,-0.004209922842847269,0.019084046146471856,0.0009700995207733154,0.010774930447669862
2023-01-04,0.005534855369186076,0.013288973517923575,0.0094119059589024,0.007253206059688155,0.0077201575843841574,0.013699726590969963,0.02265024211260047,0.025888069169521577
2023-01-05,-0.0008159015538868886,-0.009985124847090687,-0.012451461859522062,-0.0007483085033676007,-0.01141342577575355,0.004181260108850449,-0.026886123309282528,-0.0029685788022453252
2023-01-06,0.010916477672039404,0.02559081326165158,0.01870749684189077,0.016378243288770022,0.022932316607408687,0.018396495101419053,0.026898655439137054,0.01712150475830576
2023-01-09,0.002523275141476322,0.004256632058829091,0.0022451175785793698,0.003959377091935279,-0.0005669160088164205,0.005324160603839667,0.0003555359135141156,0.005366917377471303
2023-01-10,-0.0038252730547061464,0.002923222649863222,0.0036760446135073455,-0.0033938387363444678,0.0070128736738979125,-0.016550283405884603,0.00225106314368273,0.007037455168526829
2023-01-11,0.006163832993952401,0.007577932146577204,-0.000686793935011365,0.008558880072022212,0.012647710517460276,0.016251686632460016,0.035820014974059955,0.004096142777811007
2023-01-12,0.007231374972894722,0.014752678859375479,0.011568000967502767,0.011314758488903953,0.0036407616976266155,0.01968213806390673,0.012668265209280882,0.004559757218591365
2023-01-13,-0.003689531790533218,0.00527350924552894,0.012001783992939385,-0.003247914466279589,0.003879479259805363,-0.009372571009859998,-0.00619858200609813,0.006689204692230888
2023-01-17,-0.0018014047979896253,0.0031192703616653716,-0.00654507834469964,-0.0036209377147733424,-0.0018318631053179102,-0.006463775619218626,0.002835208554157864,-0.005220951304724775
2023-01-18,0.0099257342626351,-0.003533468179188981,-0.0028717524486322477,0.011719815309000792,-0.015788011002091595,0.024231371707556848,-0.014587988177688915,-0.005963841432475525
2023-01-19,-0.0022829528158808676,-0.0015603582470971045,0.015868520044824974,-0.0020651691913780024,-0.007279846103967369,-0.006259768540609056,-0.0055083400986633,0.007919509400224234
2023-01-20,-0.004079945861232059,0.008808295536795185,-0.003335405556458948,-0.005219435089468871,0.018629074413125446,-0.01621106439558706,0.011885693058956592,0.0116665878746125
2023-01-23,-0.0024978950656465715,0.004083814403356589,0.0018964337632443318,-0.002894512893785728,0.011998663643022711,-0.004707997533278663,0.004561328221085903,0.007295914647411417
2023-01-24,0.004407208941924257,-0.0012623537954232766,0.003618515163479552,0.005261815076269327,-0.0010735108058724796,0.01438027995829394,0.0024975836139911056,0.0009345010673496024
2023-01-25,0.0011967382398301307,0.006600244128317501,0.004603959599926544,0.0004509735302851148,0.0003749069376426384,0.002424920111424367,0.00045283299867948656,0.00023350513549624807
2023-01-26,-0.0016933103404366268,0.0008369123969949044,-0.009055266877154966,-0.0003606945906943215,0.010990426168752343,-0.004652088551740818,0.011205710088724175,0.0077012255227069115
2023-01-27,-0.0014964570139860411,-0.0019513188181325969,-0.0013929904624704337,-0.002887303713812739,0.00229772793658789,-0.002523925251433634,0.0111928104575163,-0.006715995527271201
2023-01-30,-0.0026980842378829806,-0.006424631753186749,-0.002566715270248765,-0.0038010854671263195,-0.012546866159404813,-0.003654563759981966,-0.01272959887557723,-0.017952865030773868
2023-01-31,0.00410789750406515,0.00576335516286397,0.0036362115419990015,0.007176581889575928,0.014703345144162494,0.007994634178914106,0.020966426657170523,0.0026113667906937366
2023-02-01,0.007051989027657024,0.008944772413430169,0.012596814339808304,0.010151369077149752,0.010627862815866918,0.012020918496858934,0.006149907565174528,0.01018257603259154
2023-02-02,0.0010923807077312109,-0.0013853101483717323,-0.02075193653580043,0.0014330390819174976,0.014557001546560144,0.0012943499680746484,0.02270243681001327,-0.007032447344222148
2023-02-03,-0.009623830148105528,-0.009293905842844508,-0.024957770292002968,-0.011358717576492872,-0.010629227637591443,-0.014955779592480734,-0.018783192673346938,-0.0158167705513369
2023-02-06,-0.005509980266282022,-0.010221404944899093,0.0020754098721176284,-0.007689316620058451,-0.006111249438542021,-0.0074040452935232315,-0.007287493890186902,-0.010314365832540529
2023-02-07,-0.0017124136019983638,0.0084879978232002,0.000920425708082595,-0.003282208736754,0.013078573071926503,-0.008025446130303537,-0.002191395587125111,0.0019390667675251994
2023-02-08,0.0014125312606396712,-0.0061720325898220185,0.002471594120761589,0.0010063537621536334,-0.01093480689615045,0.004759015351964768,-0.004721512426435481,-0.0019353140643382227
2023-02-09,-0.003929907464790605,0.001834691333849836,-0.007912418174625069,-0.008406667066723994,-0.008669142953537268,-0.009472867680059505,-0.01092231442378333,0.0038779300546192275
2023-02-10,-0.004350050474653866,-0.004367303352961982,0.0019071943211166342,-0.007003167101425567,0.0023337294759508964,-0.0111899774750982,0.00345781598907946,-0.008449923994668707
2023-02-13,0.003048344971225969,0.01004664701538771,-0.005076170279846859,0.0037118849786004215,0.011738890391377765,0.008414681604862473,0.0088927488164674,0.00900896849298749
2023-02-14,-0.003545350900407418,0.0018214220041246065,0.0007537389032514774,-0.002496358675891708,-0.0004601793730594217,-0.002302006498836162,-0.007932767173610689,-0.0028958139093883117
2023-02-15,-0.0019315160457116232,-0.004475005329065973,-0.00996466725346834,-0.003800003838549948,0.003247512375514905,-0.00932516999903854,0.0039980517826236905,-0.004840271743608238
2023-02-16,-0.0041759926414226545,-0.004916516483054689,-0.0008192368783922488,-0.008001580614864667,-0.013768868984776028,-0.014167489058388716,-0.009734383682317715,-0.0019453622313272412
2023-02-17,0.0023523903870035223,0.002540983606557301,0.002986790669610162,0.003939204798425466,-0.0024982296301324647,0.007776046096455769,-0.003909934117153457,-0.008040976422252877
2023-02-21,-0.00938747853375288,-0.010982863524050646,-0.003737004613899475,-0.01420007409438151,-0.020061070242315737,-0.019437353158528126,-0.02007390900528061,-0.011053795364291963
2023-02-22,0.002678055536023738,-0.005552413157968394,-0.005626488586046308,0.0028428260333006605,-0.001378110852169545,0.009164335054762995,-0.009041052305476693,-0.004222616051300365
2023-02-23,0.003595352141448016,0.005154055336575203,-0.0005304511136865475,0.00784373221515744,0.005319469267076604,0.009771793157598019,0.007506743027003271,0.003492163913384694
2023-02-24,-0.005732371676771653,-0.016664294898440235,-0.00719467575637045,-0.007501521994959681,-0.010682325265845782,-0.013000957193464613,-0.01753779275697198,-0.019140113464787167
2023-02-27,0.0019560003376839497,0.01187713721831618,0.003920334893926292,0.00028386297897986523,0.0034057983550801474,0.0027731277719829084,0.0015165019128249302,0.0050686376687882895
2023-02-28,-0.00010264093916634298,-0.007300286789892807,0.00455596886271592,0.0003773946187717314,-0.00369596252233495,0.004543078568510328,-0.0013976896958413088,-0.006051564358070527
2023-03-01,-0.005727481769342013,0.005335285135406043,0.005772150633673867,-0.006234068822523087,-0.003835938268625716,-0.010742834840900217,-0.012599223592614783,0.02004039984107564
2023-03-02,-0.0020719549707155505,0.0020079746484160665,-0.0005855636445488699,0.0008580932681945264,0.007777179856251593,-0.008867225891298847,0.0116964791276164,0.004476646034695442
2023-03-03,0.00789058413420407,0.014600513437205587,0.010723085619275707,0.011335706356551789,0.016037890866878346,0.0242257151480052,0.01518170246758066,0.007427582473956695
2023-03-06,-0.0024725952429728304,-0.0025395496836974063,-0.005043830646819902,-0.0027316587638415157,0.0006928497528486677,-0.0077532942153339945,-0.0039112734421938855,-0.0034406700800666545
2023-03-07,-0.001342176352276514,-0.016690241763899882,-0.017480480627863337,-0.0028335661885998675,-0.015328685037719336,0.00613245083356162,-0.023328179600402454,-0.01479644701417282
2023-03-08,-0.0010341606268466919,0.005466320726836171,-0.00047445044105887124,-0.0016098686493719594,0.0016319642758213515,0.0009832090333978805,0.01146952675429036,0.0052565502504600126
2023-03-09,0.003623265497362471,-0.007296288796133976,0.009849316056938173,-0.0009488698783652882,-0.018449755751432595,0.00245523071182574,-0.02291318844616319,-0.02041849649740768
2023-03-10,0.011653882558366524,-0.010664238371579371,0.021562856843419187,0.014338551048576731,-0.014429388612355432,0.03448619825706234,-0.03314185320360197,-0.005592231484749854
2023-03-13,0.00795215838015717,-0.006846370635273491,0.022948211912439564,0.0008427511399609067,-0.0014252595144608193,0.0022729243568702096,0.013117428105143825,-0.0010223020004799244
2023-03-14,-0.0058663714757708485,0.013346825819002373,-0.005791064746217711,-0.002993297262375849,0.01653008035025505,-0.016441614166612717,0.009649424837212761,0.0005117277934683084
2023-03-15,0.00997044642940903,-0.03097400267953676,0.007804133170404848,0.009569790345550278,-0.006254475644873803,0.019310328076339367,-0.0007260942098126222,-0.016623935344849294
2023-03-16,-0.003928815872535463,0.015534165562462565,0.002020092008242713,-0.0014869927845467812,0.01754509726525333,-0.00782296802481064,-0.002179031776704421,0.012743844982056496
2023-03-17,0.0062699210016816664,-0.011913607666354964,0.02912021467748982,0.005025411496544896,-0.011692587099506935,0.015009354070536052,-0.022688611300047068,-0.00513610672028586
2023-03-20,-0.004019631581381522,0.015629830379659593,0.0003808677357699519,-0.0029632816899651804,0.009615624004294165,-0.008797588085596941,0.011421308812917585,0.0017561628508113714
2023-03-21,-0.0030274881963214817,0.01509587260018308,-0.018875115806276432,0.004829754598398406,0.013130572045089162,-0.008592113027683146,-0.004418932929016406,0.010572697231431505
2023-03-22,0.009615630772655592,-0.0034652256879736942,0.01702060989813825,0.005822798810558361,-0.017046378457223788,0.013333389734118795,-0.03735654658027843,0.00306210492097847
2023-03-23,0.00240598767061706,0.00014469877149103638,0.012538176085624908,0.002849123778009055,0.0027032343878836684,0.0,-0.006275595058762629,0.012210708104542833
2023-03-24,0.0017001401498890623,-0.003042008247671424,-0.011252350246951037,0.00311539344866274,0.006562214789923804,0.004229389702718578,0.025644404848551794,-0.0020108311203367313
2023-03-27,-0.01078292117309887,0.009444842092872996,-0.009256722051406152,-0.011966939432072943,0.0018697048438029995,-0.023490904759677855,-0.001142384700481447,-0.00478452776278937
2023-03-28,-0.0015135804313721746,0.00043194974141980147,0.008189093257242153,-0.0016639818336543488,-0.0022447073173981202,0.0018207710337447836,-0.0024141825509663706,0.011892779131630338
2023-03-29,0.0012128366756885,0.012086287599659462,-0.00496077000653139,0.004630471014680948,0.014534882791326753,-0.002008915548409873,0.022162847759862325,0.0035008834289209645
2023-03-30,0.0011104201943772374,0.011657688324475668,0.009039576549164652,0.001382507770885777,0.005855273832256813,0.004601190450360004,0.013084142915472663,0.009718310933894303
2023-03-31,0.004840777871987445,0.0050589954373272406,-0.005212246135594234,0.009021540636035663,0.014094555760341132,0.014980980975922709,0.021402066035527634,-0.002961389407799775
2023-04-03,0.004346527884313112,0.00796980609961806,0.007204410308019105,0.006040141055299708,0.003810657588926958,0.004702904844930744,-0.007947940767331851,0.004207745179159561
2023-04-04,0.0037063322948456268,0.0001387115330480082,0.018640958960437715,0.0012734476035618503,-0.005548179394930464,0.0049719731577868576,-0.001335183231579995,0.0009860856154333408
2023-04-05,0.0033939229585635555,-0.006934731289506169,-0.0007979247786651378,0.003270627091351619,-0.0026182272948183094,0.010454628995391513,-0.005348184071338413,-0.008864788349188468
2023-04-06,-0.000895320521305365,0.0047485847313888385,-0.007134091065472581,-0.0009053423146366812,0.0039009494806285794,0.0025864970889610817,0.006843256303177281,0.005962717124756045
2023-04-10,-0.006869743038645293,-0.0006950037407553733,-0.007399886547073353,-0.004622397103025255,0.0010262662481528295,-0.016124393019440908,0.004612117218319334,-0.0022227393016361896
2023-04-11,0.0006014349171288291,0.003338338113102468,0.006320556237305208,-0.00027328365793510834,0.00026854154684419207,0.0020599910764040885,0.004228836333336483,0.007425567038439995
2023-04-12,0.0012024004386568254,0.006377425159153072,0.004885138866613126,-0.0020951464270290154,-0.004075980714352556,-0.0010277188686063088,-0.004812340457554742,-0.007616645701420177
2023-04-13,-0.0004003188027149607,0.01281166300879888,0.013515672558895409,0.001734092739317461,0.013282783481622928,-0.007858536303475772,-0.0030223341811295157,0.01213190116510443
2023-04-14,-0.004905341298427457,-0.00408052000598913,-0.017710313033589165,-0.003279928623282413,-0.002442652846129656,-0.009146823002620152,-0.015520905978972266,-0.005381675480669035
2023-04-17,-0.005030199276772507,-0.0017756499766050649,-0.0044537552497120325,-0.006307715391261404,0.0035880685105313948,-0.011895379813464557,0.020815356289997977,0.005410794621414139
2023-04-18,0.0014156651587169389,0.005472779412452722,0.003880780603893852,0.0033119273726029963,0.0006524886137297958,0.0035631948492533816,-0.0022922193583904127,-0.0019571128270978733
2023-04-19,-0.0015147920121558744,-0.003129588400238359,-0.004778520212877502,-0.004951492076760378,-0.00016920046139190514,-0.0009597522207249742,0.0059256642333840315,-0.0102940397813992
2023-04-20,0.00455050233344334,0.0,0.00393825919904689,0.00377813855474729,-0.0054571801132903275,0.00854957506247489,-0.009857987848020167,-0.001238380637340608
2023-04-21,-0.0017113537123838451,0.005050360803143805,-0.00988766926809792,0.0006428456126774673,0.0007770738638654962,-0.005619507967441262,0.00012126864802941562,-0.009422156024946005
2023-04-24,0.003932872219387873,0.002580624839438439,0.003039335460481629,0.004403379783096906,0.0010431712221008471,0.009674453039388187,-0.0037635279103921393,-0.00125160493132348
2023-04-25,0.006227365541645158,-0.013953028806131806,0.005086318131183543,0.004384232266826826,-0.015873771387309388,0.014704261079459657,-0.009870927113198813,-0.01704252757507163
2023-04-26,-0.003693434570719356,-0.0006868880347106199,-0.0054373863086726315,-0.004365094677892256,-0.0042355710867444385,-0.010658195443767782,-0.009599928174648054,0.006884144232367273
2023-04-27,-0.0036069476984975646,0.01251053278384573,5.410039265330013e-05,-0.0036533434527276087,0.01990779670285958,-0.009922398534538024,0.0226171300399991,0.012914655457111124
2023-04-28,0.005128637186017748,-0.00040743440574186884,0.0002706525128974846,0.007792225417476262,0.008535370433665701,0.016130574709054324,0.012273570859659522,0.006000089558271027
2023-05-01,-0.010239883632621294,-0.001494116559354275,-0.004491351825477108,-0.016137826412454204,-0.0010098641393981866,-0.028834531204183556,-0.007442919001668935,-0.003230720701318246
2023-05-02,0.00972741789109044,-0.010066598536341176,0.019296640909943763,0.012060834159949296,-0.011239235703657369,0.02492006313533146,-0.016932828875903527,-0.010471334504786434
2023-05-03,0.004415353927675891,0.0026108912850735244,0.008479075840785555,0.0016498851417947602,-0.0068639508212723355,0.00558169848038359,-0.003936774239816088,-0.0002517494579248325
2023-05-04,-0.0011988250908642195,-0.002055977503222617,0.00703295344911492,-0.0027453838411320985,-0.007082925133827023,-0.009878520368736488,0.008275501278392827,0.008568719854079587
2023-05-05,-0.003200956574034297,0.014695826264851108,-0.015647950479605433,-0.003946043192367021,0.018512560979732084,-0.0033258007197328743,0.016660595987254778,0.010744554167770204
2023-05-08,-0.005519213525586819,0.0002707015298388793,0.0012269055761324754,-0.007186257654360539,0.00026657610130698117,-0.014014730967058853,-0.005783588258380323,0.00024712305929841527
2023-05-09,-0.0009084404788031186,-0.004059537764640075,0.007086162362163639,-0.00037117515662510314,-0.004385456425158751,-0.0035775197063107056,-0.004242160400202644,-0.006179245713375692
2023-05-10,0.006464157082077371,-0.0020379853059546704,-0.001428442843921074,0.007890500336076967,0.004672452318628562,0.009703945862821861,0.00961537065261342,0.0002491197611955709
2023-05-11,0.003010549211748481,-0.002450691012264361,-0.008582755587748347,0.0038686192688779375,-0.0017440782197670757,0.010571850744442557,-0.010970415844953063,-0.003978039951235579
2023-05-12,-0.005602773757430679,-0.0017743236072201851,-0.0017100802429794726,-0.006147316328767194,-0.0013101713436757256,-0.008369020891072165,-0.00012194943336618635,-0.011233301958105346
2023-05-15,-0.0025154808265722695,0.007656560708132476,0.0021412620336231925,-0.005354493151218609,0.0034499644883716485,-0.010357684974844572,-0.0017065653053933705,0.01741977072493639
2023-05-16,-0.002319935843917209,-0.009497922023134264,-0.0124993937971285,-0.005012153606684611,-0.006682545948390128,-0.003004300187230302,-0.025033665163268215,-0.0069476993786644625
2023-05-17,-0.00151632377558919,0.004657401285194096,-0.0034618889303412725,-9.329855521666985e-05,0.012138907549200662,-0.002915713919537488,0.01352705041839486,0.003497839360173449
2023-05-18,-0.004657467864375153,-0.0014998210297594294,-0.012972911279784505,-0.004198426612319062,0.009633151904846704,-0.007409063727840004,-0.004819433174503951,-0.006224989116165869
2023-05-19,-0.00223846603042388,0.005872202315695407,0.0098988291245512,-0.001217546002320935,-0.0014551569278377086,-0.007071413994844344,-0.0016144339026039622,-0.0005010387067378996
2023-05-22,-0.0009175448004635767,0.0002712818191441535,-0.002341497915543389,-0.0003752595196356845,0.00040638165001372073,-0.003560845477412755,0.006094549194784804,0.006518030241018824
2023-05-23,0.001122473564794113,-0.014658018719983734,0.001200731149241463,0.00206438020139621,-0.011222874999858412,0.0028788664996735047,-0.009395706592765785,-0.014944233638139126
2023-05-24,-0.002548559172620868,-0.014600482473471676,-0.008068450017086337,-0.003932780474671049,-0.007244963853084374,-0.004949067962685683,-0.021464964041072343,-0.007079558351972937
2023-05-25,-0.003678720647844358,-0.0013977795039245011,-0.009618027091793824,-0.0032903644407429322,0.008659867385082176,-0.0024869683332738868,-0.00012737773584992063,-0.001782482259564122
2023-05-26,0.000820531097040833,0.009798387433522793,0.003995567330169925,0.004244353395899347,0.012950774395976916,0.008077565099806838,0.011479478702164148,0.016581635246400328
2023-05-30,0.00666169437743136,-0.01011915682235276,0.006190554546333882,0.0075138504517777704,0.00038100705435306637,0.0099910408916839,0.003782957819085331,-0.013048830244258625
2023-05-31,0.00356348660221939,-0.010362751003673454,0.0015382006614657051,0.003262678482954362,-0.005545154194140589,0.008716995385883886,0.005025362880126005,-0.007119477464142654
2023-06-01,0.003031153301829237,0.01485784134782886,0.00789813034647624,0.0030670758757955774,0.009500920490133735,0.003923431568065627,0.00012484608618712478,0.017157726584308808
2023-06-02,-0.005273292111591554,0.012967075043667675,-0.014747450675273721,-0.0026951220103299534,0.014461171122733596,-0.010958325370748256,0.024372090328288243,0.01586101171598675
2023-06-05,-0.00010210012162148452,-0.005781208631399304,0.006020416015011243,-0.0021434078655307998,-0.001916205636425028,-0.001862718154055809,-0.006954782889703526,-0.00099146190886934
2023-06-06,0.001223357963116234,0.00830690997677297,0.0010980396887689814,0.00196133243171448,0.0021773550630466154,0.005893907009502319,0.00958372955352016,0.007690545030423879
2023-06-07,-0.0052947974684615096,-0.008794835778580312,-0.012010543410059138,-0.008947857001635917,-0.003457697440686136,-0.014843649638516587,0.018376309880414166,-0.002215832196949541
2023-06-08,0.00532298157784461,0.010579698521428593,0.013211240429905624,0.006677404484361604,0.006048683976188851,0.011696944638786233,-0.006214034789347789,0.005428047374684386
2023-06-09,-0.002341826078935627,-0.001675021231487328,-0.0026845203333208945,-0.0026158472304960156,0.0017943575058525507,-0.0013717885920805362,-0.005772072314968235,0.002699680188880782
2023-06-12,0.00173508598525407,0.004334532998720775,-0.0008788640365902101,0.0031846651716909147,0.009071733434405038,0.002943442395549889,0.00024201093357567594,0.002447152209643866
2023-06-13,-0.0046868568530996635,0.009466717259983604,-0.007367558613950331,-0.004481706311885381,0.006592956819854612,-0.009880772034039587,0.006408749690475002,0.008300948318442192
2023-06-14,0.0009211249584470949,0.003723635251263513,0.0005539277015322863,0.003095024120835843,0.001190723223122525,0.00800339873110345,0.003724435017286476,0.009443099568721136
2023-06-15,0.006955142708232165,0.01057979335660808,0.007030581691497284,0.008695704310558883,0.012397658280387747,0.009605952563433107,0.005267084207346784,0.00959443380967584
2023-06-16,-0.003148925350030085,-0.0021754388799283264,-0.0015392159510752013,-0.0017612547571036474,-0.003406183121286488,-0.0038834385811130634,-0.0007146923413353656,-0.0035637083376104384
2023-06-20,0.001834128789680367,-0.013217028489881821,-0.010350739592973501,0.003621694311755741,-0.005188184713974087,0.006919745475498562,-0.011796948011519981,-0.01781215606212816
2023-06-21,0.0016275606416185084,0.0015189936880461996,-0.0014464228474878604,-0.0011103461462184105,-0.005123563527193009,0.00241994872622886,-0.006029054883913587,-0.0017084376985407879
2023-06-22,-0.005178812363887064,-0.006204423077623256,-0.009916979914319946,-0.005187190342777148,0.0036096085061718686,-0.012070206177939413,-0.014315230331122475,-0.004400964327748169
2023-06-23,0.0029600743424662568,-0.015538290660952359,0.0027572461643308177,0.0027932818578062513,-0.0075600250367043875,0.009970003416535311,-0.013784740846620402,-0.013998128309755553
2023-06-26,0.0012212021331310385,0.001268479028755376,0.0017396047357047806,0.001114343362238257,-0.004085818629337101,0.0010643051096570488,0.023087670272219585,0.003237686597174605
2023-06-27,-0.0019311974226126072,0.008726063081353708,-0.004593535884055422,-0.00111310298331746,0.010963416376261303,-0.0026101218384618763,0.012320086487385584,0.00943406193214158
2023-06-28,0.002953527552891355,0.0006977293629846226,-0.002307409851291853,0.004364094724822243,0.0005043897148131471,0.004264644918812399,0.001446025422199071,-0.00393493429309244
2023-06-29,-0.0077174559042706425,-0.001394370695733338,-0.001071764681377263,-0.00758068387873212,0.003941238690076787,-0.01804822349061086,0.011170264034862765,-0.004197506446093402
2023-06-30,0.0023535002775645353,0.012287111673268791,0.006663323502016594,0.00735903577341368,0.011800889194987008,0.011794598241290588,0.005535703819260496,0.008678468095002279
2023-07-03,-0.0011768154248440466,-0.0011034726095220382,0.0011218766110339118,-0.002801760483120086,0.0011504737983056845,-0.005668982317633131,0.00981310258502699,0.009832650894947115
2023-07-05,-0.004509276012877428,-0.011184788869448736,-0.00353003237800964,-0.007163424876644009,-0.0014872586515114472,-0.00950241992774703,0.0022517972283959686,-0.00486855718239132
2023-07-06,-0.0064856308763746595,-0.017315881630021512,-0.002980200124891419,-0.01012000001277713,-0.007830777222078256,-0.014142785890053022,-0.007686020253524273,-0.0190802459679843
2023-07-07,0.00020752354398845263,0.007531622836760343,0.007500997402107412,-0.000946303069006893,-0.002524577108608872,-0.00601953856875348,-0.0022638390150889753,0.011970177972279838
2023-07-10,0.002796909824487326,0.0028207618594262573,0.0007836956455820054,0.005210969489681583,0.0025309667292763294,0.0013124844193663776,0.004299127574097117,0.00024633466661794223
2023-07-11,0.0021691820113070026,0.009001373104582377,0.0037476125602418087,0.004712891801104124,0.006368777174715401,0.005140130936673204,0.014270684029001446,0.008869255949300436
2023-07-12,0.008143624982932085,0.01909671479637387,0.013541420874312982,0.008819007736100781,0.008045737911007933,0.011131479765099428,0.005393364999147776,0.01904742498693368
2023-07-13,0.006237248480818858,0.016003256047356196,0.0007146999149643118,0.007067872115406493,0.007936943026499721,0.01051255198556178,0.006413969930757046,0.011023224183848379
2023-07-14,-0.004775754945940847,-0.005654100911748228,-0.0031866482531699436,-0.007756941811288831,-0.0006228175801932245,-0.005888560940039311,-0.0019698899960853833,-0.00616237147222598
2023-07-17,0.0011230043718177818,-0.00121878572341505,0.0007165567329587841,0.0016749696026090444,0.0034722363463173256,0.000493460171430149,-0.006501805546165862,0.0011923162417093458
2023-07-18,0.0008158608681394508,0.006506966652397139,0.011456278139590825,0.002508649066901736,0.007430645826267179,0.004539296065451337,-0.005492512126581306,-0.00714607357519037
2023-07-19,0.003057026844293098,-0.0005387879538215623,0.00016335645500209495,0.005653517671488029,0.002223685115143148,0.011296627776504975,0.011280869824052076,-0.0014397016935688844
2023-07-20,-0.005181481138700872,-0.005120577650085223,-0.005063389149303599,-0.006727499550751248,-0.006634518434817105,-0.012141774903237978,-0.0032535956942242317,-0.006246967059851616
2023-07-21,0.0007154461812086677,0.0020317252250903195,-0.0030645332195952113,0.0017628298772700557,0.0,0.00029506535198842165,0.004663011533111883,-0.0004834790966152802
2023-07-24,-0.0018370241149254785,-0.0024330598999202646,-0.00428147332668416,-0.0012041987512042551,0.004467279311363814,-0.003637124159197591,0.00823853469366198,0.013304175321878997
2023-07-25,-0.0011249249679069484,0.0010839228435677306,0.005567859975791123,-0.0015761336818045368,0.0027300646417536267,-0.0018744874806636558,-0.007135351431138637,0.007638988000414626
2023-07-26,0.0032752205998238804,0.0027070964528066455,0.0048791150253855164,0.0046437316390430805,0.0001537979373227305,0.000988425148811034,0.004520581490563114,0.006159748003839338
2023-07-27,-0.008569504893931268,-0.0022946581694509582,-0.01571197400361901,-0.012202980459363633,-0.00663000294751348,-0.019452998256146437,-0.021694005027858565,-0.011066526373241792
2023-07-28,0.003910334820641959,0.007170775364160109,0.007981390400291666,0.006551260621362021,0.009790181448883661,0.005136154574962193,-0.0008253815153106414,0.024285574081719163
2023-07-31,0.001230366995405241,0.00026859552916480567,0.0026944104889450315,0.0027891259745458363,0.001904213633833196,0.0024042048686079287,0.00649261506940868,0.0011623006123486768
2023-08-01,-0.006621296634089169,-0.012489829246598472,-0.010364679607279714,-0.009964107246176579,-0.002861732421514218,-0.01638665451620025,-0.0016420622538673157,-0.013930833654043906
2023-08-02,-0.002376843563827724,-0.018631937864511783,-0.004765602229612864,-0.006108792147900166,-0.013910644931830474,-0.010699204034055443,-0.005756571701581281,-0.02166220988471379
2023-08-03,-0.006732948407254025,-0.002771736973848249,-0.0003341470787491252,-0.008982443471647117,-0.0028659107819104523,-0.0230713730039106,-0.010870951646633986,0.004331915802867403
2023-08-04,0.008238507522785765,0.0027794408528267756,0.003620414278603157,0.010399873132552306,-0.004522705845104502,0.01771237389234348,-0.00812325482648879,0.0011981308997999207
2023-08-07,0.0002067693379208535,0.008453466140679211,-0.0022753962847783527,-0.0024554932327770507,0.008728400962867422,-0.009841769661947497,0.012525663162298306,-0.0016754158831981947
2023-08-08,0.0023785647492473583,-0.006046410889685716,-0.006341080194621318,0.0039759093004183566,-0.004348599362580141,0.01161346335529756,-0.0064231636032824335,-0.010309226790986337
2023-08-09,0.0007221707541433808,-0.0002766591305100041,-0.00475820704444585,0.0009430944934716301,-0.006685220613193099,0.005171110551199787,-0.0001199499579670471,0.0016957090616840365
2023-08-10,-0.0064947603142822,0.004287177928154584,-0.0010686044760203073,-0.007064984206030522,0.0003590286081260885,-0.01646245943950342,-0.003831191093620845,0.0019347878816251551
2023-08-11,-0.0031131631198176857,-0.006747502000467698,0.0,-0.0034151733575547016,-0.0005831855995767077,-0.002301760532421815,0.0015623946021727786,-0.01448228358747028
2023-08-14,-0.000728461705478245,-0.004436417958872507,-0.003040588549344525,-0.0003808808640068939,0.005519986769736196,-0.0022016214285967006,-0.0066004417957732375,-0.004653336638557937
2023-08-15,-0.0027085198907337293,-0.01239376062508657,-0.002654474343068869,-0.0052376312946326165,-0.011648851498607504,-0.0060952793674877714,-0.011234430387168981,-0.010580859062932602
2023-08-16,-0.0024021533732453415,-0.008178205693270102,-0.005776029417432049,-0.00449914417392705,-0.007338141381253549,-0.007824049790704168,-0.012339622536613137,-0.006714520708725691
2023-08-17,-0.001047035828978582,-0.007108282230432361,-0.0015378724223797935,-0.0026927712201316734,-0.007620015658734713,-0.004262493800519462,-0.008040449295311447,0.0032548141667094743
2023-08-18,0.0022009398191567,0.0,0.00017112823031739666,0.0037604040055287946,0.00048135682970951166,0.0035316785166643605,0.003117449975100106,-0.00623914360587996
2023-08-21,-0.005019746443509332,0.0037226700052188644,0.002737670236275802,-0.0059558581167740154,0.006506415749087724,-0.013330303160519419,-0.009199460662028924,0.002260059259631797
2023-08-22,0.001050844440793286,-0.0018544904236064141,0.0016495566176504273,0.0030926210455817227,-0.0027086564477347697,0.007673618336869081,0.002885928584395625,-0.0017536045066224304
2023-08-23,0.00955498700777424,0.010861861035259768,0.01016464068195777,0.014065435395924641,0.01113761737604091,0.024777711560897586,0.015763939318032216,0.014809038126191387
2023-08-24,-0.0022880421529168915,-0.013714207580719284,-0.00022482031744353037,-0.003420040358509513,-0.013858997537727125,-0.0065939928084943755,-0.0038184573162586277,-0.0042047742716150305
2023-08-25,-0.0006255058406368086,0.006737519566522021,-0.0012932863561120334,0.0005717739444508485,0.007049963506071233,0.0032660340716668124,0.0007419260968259955,-0.000745292388400931
2023-08-28,0.0021907278003288067,0.010536833681302538,0.0028713533365909427,0.0031440924925576486,0.006341155634111972,0.0010504009185099417,0.009389583380183364,0.009942949659805356
2023-08-29,0.0064525700253115215,0.012399528956961614,0.009768091768254772,0.007978009433286415,0.014454854005362616,0.01038597921106188,0.01211772714614301,0.013290529048920696
2023-08-30,-0.0004136258903211232,-0.0005567850715447742,0.0025018747942815445,-0.001413188613344163,0.004118774362972699,-0.00103842523478348,0.0036279201062694444,-0.0036431827256125926
2023-08-31,0.0014482896662264544,-0.0038993220398970685,-0.0016637258183913595,0.0016985628371279926,-0.00146338007682012,0.004469326901441972,-0.0073503422134695295,-0.011945502009800824
2023-09-01,-0.0051791297950879445,-0.0005591606890770207,0.0004999240959600026,-0.007118426809754164,0.0018651750863321048,-0.01557823323290708,0.0016994687804701147,0.010856111716155636
2023-09-05,-0.005414374691793511,-0.008672359052955714,-0.008161685723844458,-0.007141179404556608,-0.004321764909229975,-0.01402236099166132,-0.01163356857875475,-0.005858097126063
2023-09-06,-0.0009420220107954069,-0.002116467049797177,-0.004534245193468567,-0.0009587081097794936,-0.00672253712598192,0.0024595373395297493,-0.0020843736345642627,-0.004664557109838818
2023-09-07,0.003143499595914312,-0.0032524358847503265,0.0010684498647577367,0.004415361620903058,-0.0030702427390584264,0.00277345870749679,0.006266078432570321,-0.010360380108383027
2023-09-08,0.0005224778114389927,-0.0014185845106678974,0.0003370270596214642,0.0007645379895231397,0.0015059560380683568,0.0038294768425943815,-0.0039071784294612,0.0019942086110462665
2023-09-11,-0.0011484857577419572,0.010370800215704135,0.001853109993606994,-0.001909844386312587,0.006576891215155589,-0.007205812100634534,0.00012250724610729513,0.011442658587395904
2023-09-12,0.00031354396779526006,-0.004077661679622091,-0.005156651253074851,-0.0002868790835026669,-0.005485731470093014,0.005763610688147347,-0.0004901755233238658,-0.0027054789565821302
2023-09-13,0.0014628045609568208,-0.0031060680110178707,-0.0023100098564432514,0.0022010093784463614,0.0011660208359105528,-0.0002123659980363124,-0.010913459054507912,-0.000986376542120082
2023-09-14,-0.0013563965349239204,0.013171069761571452,0.0005082241752882855,-0.0018144006566140902,0.00862227318837383,-0.007217784724331655,0.01810061445577338,0.005924514602477338
2023-09-15,-0.0022986517499963277,-0.002236675597143689,0.006603816566220333,-0.0015307660744606766,-0.01204815736697784,-0.006094358910213149,-0.003775009127624851,-0.005153188413112186
2023-09-18,0.0014662833323710878,-0.003502242498761854,0.005887647601878543,0.0019166546725399858,0.000586377100246338,0.005701193246302472,-0.00892303679902895,-0.001541933955458319
2023-09-19,-0.0029281859032732616,0.000843515516520732,-0.0009476457412548323,-0.003347182945504845,-0.002073907313004053,-0.007380350792531187,-0.0045634224046704475,-0.004981326082620807
2023-09-20,-0.0005243854061549591,-0.002388042954635794,0.0007253927124595272,0.00038360645940005433,-0.009193249956878202,0.0031252634914649136,0.0008674209512020692,-0.0030037169145196163
2023-09-21,-0.0068204995110799915,-0.016614911487140116,-0.007248413758109917,-0.010070840951381888,-0.01652839023267272,-0.025674203921457472,-0.034043053471235374,-0.016068329961976047
2023-09-22,0.004226372370021325,0.000859095871011073,0.0032013033173832195,0.006104042348561878,-0.0022485523393082074,0.00804863633996522,-0.007561406663329606,0.011737628584244986
2023-09-25,-0.007890867488132947,-0.00443498976486334,-0.005150588926742139,-0.009726481323822478,0.004205229742936467,-0.02460899240483061,-0.0009036136712047282,-0.003783237444281551
2023-09-26,-0.0012723968740790959,-0.012932852000627992,-0.007990985893820302,-0.002820057841431467,-0.014691320492103088,-0.003476326683669928,-0.018224217837155332,-0.011645407986871414
2023-09-27,-0.0035039030062773424,-0.0018926174883646674,-0.012366647894697436,-0.004681007527528203,0.00039915724296024635,-0.005175890431894148,-0.006714118786053769,0.001280712806460249
2023-09-28,0.0029832795257491718,0.00816808804405511,-0.004997187509914736,0.0017634260982584138,0.005797335999412123,0.0030538165291669195,0.00959545175988663,0.002046498313393652
2023-09-29,-0.0009558442257020516,-0.0028935822524408517,-0.01027534966921384,-0.0021520195981290513,-0.002426790536542711,0.00011287580249863538,0.002916080491344175,0.0010212121807602337
2023-10-02,-0.006963067642683396,-0.014654591718591958,-0.010498705650611395,-0.00916112134082947,-0.0003976632327141738,-0.016740217184164186,-0.018371829089937175,-0.003570385211941307
2023-10-03,-0.007838561954415568,-0.012516492171853466,-0.0028882419805683623,-0.011520546348755767,-0.01338616946678628,-0.021511844978555184,-0.01952325870677518,-0.012797610945975424
2023-10-04,0.007034842098498473,0.001789296962323661,-0.00011825651470720455,0.008741133323626915,0.007281997910619564,0.01410809601180052,0.012221866945387072,-0.004148285515516936
2023-10-05,0.0006445000652890442,0.008782370011582552,-0.0018327868021307259,-0.0011953070010346512,-0.0003767914785974824,-0.004984951419912287,0.00556246647931502,0.004165565470421795
2023-10-06,-0.003866382832821369,0.011066890279811226,0.005153083621109555,-0.002991759610110445,0.011872813641442548,-0.012117236067208825,0.002698347393113698,0.013741175652633775
2023-10-09,0.010350462266564442,-0.0014594901755982104,0.01838544744893622,0.012402523894008866,0.006402345823603328,0.023469728747300245,0.010898757563871708,-0.006137925027203339
2023-10-10,-0.0009602516949528406,0.013738644875263661,-0.0016780958953311886,0.00039526346775309307,0.005204780716526303,-0.0013826924213162783,0.004791619642085854,0.01595463154906218
2023-10-11,0.004592880210668948,0.004181251077435055,0.007303045938392039,0.006122831082806313,0.004096208032365656,0.020886276033887263,0.017353452316726914,0.0030394754454681205
2023-10-12,-0.008612435459275258,-0.008327504311343659,-0.0030496507265770356,-0.010404639487040401,-0.006096470125303011,-0.02712785844239818,-0.014583334012497229,-0.010606084356676093
2023-10-13,0.004290228440457566,-0.009265868325927018,0.03214825984540237,0.005554808139883516,-0.004980828458782116,0.01789258143530792,-0.0025107274934365043,-0.003828620842007191
2023-10-16,-0.005553134285415817,0.0073066263998191605,-0.004864928190345896,-0.0069048623405486564,0.010521398297915985,-0.01609429131757456,0.01192236598890939,0.0071742333660007596
2023-10-17,-0.007195297518065136,0.0005803715539167698,0.001854273768354009,-0.007945743508984804,-4.5869723073632684e-05,-0.011020890239739733,-0.0014400170254346145,-0.004324851716813072
2023-10-18,-0.004651185771194832,-0.01739889394950478,0.014470816805260078,-0.00800989042495559,-0.013325009673050503,-0.008797562599799247,-0.021237539773547254,-0.01635139118618667
2023-10-19,-0.003803426513462216,-0.008853487871308463,0.012274016037125302,-0.008074311573474824,-0.00878634944645762,-0.020473307671799224,-0.023707622164284903,-0.0036363358847878446
2023-10-20,0.0035998803029606563,-0.008932510866574761,0.0027308974274993236,0.003968289367413558,-0.012288184421064718,0.005678369208073963,-0.006722366371886945,-0.01199170483039469
2023-10-23,0.003912850452652217,0.0007511211345989643,-0.0033770637265356784,0.0078039670942104955,-0.0017333114262131355,0.012013261510217976,-0.009806616858389905,-0.0021108642685448986
2023-10-24,0.0035732568458424208,0.0057039635486382245,-0.0001093308866343401,0.005631555223956308,0.007539640370736844,0.013176589512075676,0.012832894266599393,0.01242750576047591
2023-10-25,-0.007444256333728583,-0.007164090721912597,0.004208823642007475,-0.00910005099279143,-0.014352367935771881,-0.022261296760978544,-0.021484347837180895,-0.010707935745900898
2023-10-26,0.0067392744386374215,-0.007216033363703023,0.0015784524505007003,0.0072660608964456586,-0.011974557008467057,0.015338560001959767,0.019141119802140283,-0.0036957443933200995
2023-10-27,-0.0003239702958782731,-0.0030284096223118784,0.011629799758343662,-0.002003982965764761,-0.004532751941199953,-0.004248438007373179,-0.01601966331437865,0.0010596872343653363
2023-10-30,-0.002376073718023508,0.01275823246301555,-0.00564054701797434,-0.0030114603737887435,0.01195590161751059,-0.004504191393428503,0.006315806981648464,0.008999449686154515
2023-10-31,-0.0006497842054695724,0.003599173799435418,-0.005456562573315948,-0.0014097741967521449,0.006280287512884453,-0.004881377518830554,0.017015292870570686,-0.00472192624541401
2023-11-01,0.01105072484956482,0.009414295593122679,-0.003150642851826202,0.014310776213740883,0.010664552191067989,0.021682213986764065,0.006171049309568133,0.007116601997884109
2023-11-02,0.006018016943775795,0.020429243217259696,0.0033240729584831374,0.01187385154681131,0.01916443955790892,0.022796381659405895,0.03284709060826296,0.015440835312052759
2023-11-03,0.006089222621717294,0.01059064357973849,0.003638921283475316,0.004930745201459974,0.00912333393444631,0.006778575270387499,0.023885195471631926,0.0182989997774059
2023-11-06,-0.004990581775901171,-0.005024440470538294,-0.007792560392528847,-0.005299181914376283,0.0023006088993042795,-0.009699657622151858,-0.014434849033892472,0.0030373774755612093
2023-11-07,0.005335472328996671,-0.00605983507476382,-0.0041451308444239165,0.007990539281031994,0.00284599082546122,0.014749913889482213,-0.008238613110406634,0.00025218297519513655
2023-11-08,0.0033966010259411927,-0.0013064144753095475,-0.00996764391222027,0.005089220829062713,0.0007324205767065273,0.017033685173640567,0.0032963006164539177,-0.004540863438459608
2023-11-09,-0.008356683327652936,-0.00014530706747672983,0.003982968433291267,-0.010126658263291843,-0.007798821372923981,-0.023001277760717365,-0.015770698163898422,-0.008869569795346699
2023-11-10,0.0023466827876157392,0.004506373297664457,-0.010909752197912126,0.005016853382102671,0.015604805353370388,0.005599887708348517,0.009347056658361108,0.006903491531073058
2023-11-13,-0.00010654184556557755,0.0026050078870334392,0.005570720464602941,9.76610266327782e-05,-0.0009532019597364716,-0.002272705922519269,-0.00833441530911827,0.0017775385541438649
2023-11-14,0.012560233623835515,0.025548600263111343,0.008919177105678688,0.015658761636083263,0.019400788639854172,0.022667364617614982,0.055496121972630874,0.023320542169666725
2023-11-15,-0.006202215535802691,-0.0015483991455234047,-0.002635601473798599,-0.00520321234345833,0.0021170203185669756,-0.014034226590976306,0.002907025191335233,0.006936099175874899
2023-11-16,0.005500318715622399,-0.0007046766310129238,0.011286077178189302,0.008233049984619933,0.0012231900864485556,0.012426786336977136,-0.0021425021050600623,-0.01033212533460226
2023-11-17,0.0019986058102157145,0.01354205601275682,-0.00010890234740634774,0.0028821634195292933,0.0012438031266428506,0.004686239666487957,-0.0007577202034092512,0.003977115564097078
2023-11-20,0.001574832172058338,0.0037578398393041113,-0.0016333808174913145,0.004023464780301245,0.007697541833656452,0.0061084561140059,0.007330639940036798,0.01064607383378946
2023-11-21,0.0010482951793697737,-0.003882560913516797,0.01079790063288577,0.0002863245298223571,-0.002179377490161727,-0.0004414770550364988,-0.007026402149533317,-0.005879296053826755
2023-11-22,0.0009423736231799484,0.0023665513925759107,-0.004262252597287075,0.004006034086339039,0.0038607211574694933,0.0035341140017322026,0.004928039778641091,-0.0027108050699458097
2023-11-24,-0.0046028801046661405,0.007637752506153728,0.005201596914642392,-0.005130132436459878,0.0006153894139082627,-0.011775278842362846,0.00289214353997691,0.0032123775776351504
2023-11-27,0.0056753009409755695,-0.0034455147068105374,0.006737817869841178,0.0081168534308107,-0.001800965549249689,0.01670372893496541,0.0036359085758745913,-0.004679955999403074
2023-11-28,0.004389097475985482,0.00027673569196595693,0.013331852960406732,0.0039784924165433555,0.0009901592047776298,0.0019717462597315105,0.006620780823860084,0.00816642365247966
2023-11-29,0.00489036523784625,0.002073973745789992,0.0014794398574642376,0.008113894378478204,-0.0007033722388619656,0.012570941660586588,0.006949667471947807,-0.005645629698131094
2023-11-30,-0.0033135926657548165,-0.000828031902624482,-0.004167950375202456,-0.005241031233716331,0.0039374024291469745,-0.01155172687311079,0.007271257022864797,0.002962194301844301
2023-12-01,0.00879296734648971,0.010494399344591399,0.017271494075951965,0.012040245094095958,0.005915893741904821,0.018834383811804356,0.024593231462206155,0.004184243183760872
2023-12-04,-0.0038210556949649366,-0.007789086213308427,-0.02161342646325959,-0.004572346610107858,-0.005249432687849054,-0.003978821862737347,0.0072843821101507,-0.00882362039962048
2023-12-05,0.006634946631541627,-0.0035808815089501955,-0.0037794459254785195,0.007967923112859987,-0.00019697727542267174,0.02148550529285953,-0.006638856684002881,-0.0034618923729077267
2023-12-06,0.0025745828016032757,0.0030409270550466605,0.0036868953454944897,0.0037198697321882968,-0.004029855672825433,0.013317592267993339,-0.0029837465147127817,-0.0012406705823471142
2023-12-07,0.00030821084199916804,0.004822851131227823,0.0016503277504122948,9.257068322132689e-05,0.007630412781345353,-0.0057366816336593685,0.0028728969376445868,0.003975036499352269
2023-12-08,-0.005032022345777598,0.0030170433925322815,-0.01334039111485108,-0.0053731764914555225,0.004299201747144377,-0.008183031959290266,-0.001670906356626256,-0.004949378700897178
2023-12-11,0.00010345196364869302,0.0024611161918970392,-0.011042895165362276,-0.0002796541111999007,0.003889575041001958,-0.0021155247293660473,0.00274982590954842,0.004476700123048127
2023-12-12,0.0029926392254209233,0.0017730464526015677,-0.0005446421195114404,0.005683446994736885,0.004567264267085314,0.002968101750582708,-0.0005961402827243667,0.0
2023-12-13,0.0125527864455528,0.01456764647131692,0.022562533466176538,0.016768472072366425,0.01379003050100791,0.02346238029530201,0.03829611066964955,0.009408167802762879
2023-12-14,0.008071305904272519,0.00738060744618374,0.005862552982469849,0.010635152393115188,0.0032094841581562505,0.026012723943808824,0.028840874198933886,0.013245019668379099
2023-12-15,-0.002325135255590527,-0.009724265706093416,-0.009166511771857233,-0.0014476541273721333,-0.001646539048359985,0.0011105812390845848,-0.014072074035252458,-0.005809658695324238
2023-12-18,-0.002026732007049503,0.002421277672696176,0.004545487184575592,-0.004168313369042331,0.005625002998402406,-0.00796760077753178,-0.002265346867117879,-0.0001243406619759746
2023-12-19,0.0012181744302404152,0.008454168467469714,0.00681394057869511,0.0012738909558143163,0.006080804049081179,0.005388358854038433,0.0076066115677422275,0.006965152269741148
2023-12-20,0.0036509117552863124,-0.010091753193134156,-0.005445982936102989,0.00263554136988442,-0.013857180095133148,0.006775274075188964,-0.012169011308501121,-0.020998115535771245
2023-12-21,-0.00010098754001752752,0.01619709701486416,0.007070635455129759,-0.0003625934454621893,0.009481843457521899,-0.006327697852427594,0.008868080554944369,0.01942976844565525
2023-12-22,-0.00131355297318958,0.0009374365868575207,0.004434417088942322,-0.0017229057943990433,0.0020098235251895247,-0.004548566132453358,0.0038914382884993604,-0.0034652356354215597
2023-12-26,0.002023444634173144,0.004549855879244502,0.007620733251079592,0.0020892303085613406,0.0042224633545124846,0.002842954620641658,0.007410958157336278,0.006457987960263312
2023-12-27,0.006361935564753729,0.005328361556504291,0.004537842226414179,0.00933538314254867,0.0018080762052081756,0.017719879732637667,0.004866476063020819,0.005429457642112112
2023-12-28,-0.0022074998655524647,-0.0026501682838502294,-0.005815437657636813,-0.0026040019074600185,0.00037768439759822137,-0.00726292941922646,0.007095287560670904,0.006136384654165772
2023-12-29,-0.001910687489004137,0.0010629057897562078,-0.001566841018672216,-0.003691258491538507,-0.0028949026608005024,-0.00902005164506503,-0.01185408756696782,0.0026835024688380837
2024-01-02,-0.004735511700790118,-0.011147957795842656,-0.002353909884146743,-0.006777787572812888,-0.005596406709635127,-0.005764515453482444,0.008601141905173026,-0.01167864203148028
2024-01-03,0.0005061588775459036,-0.007515903043144423,-0.008336809604204354,-0.0022743763785292304,-0.008166714701105415,0.004170413884400537,-0.023900465634211887,-0.002954285763867137
2024-01-04,-0.004047389089993025,0.002298978260047768,0.0010046128932528209,-0.005562764378052698,-0.0032210587841560168,-0.015194479147635498,-0.0018390751440265918,-0.0017284896811267103
2024-01-05,-0.0023367104683825746,0.0006744445123703091,0.00015845540955172766,-0.0035762094336142525,0.00136965610094264,-0.009565800043998762,-0.0025338383920380236,0.0014841851415752227
2024-01-08,0.0037676817581575595,0.010651326564719232,-0.007816271130823282,0.007638412023671659,0.01427597305148609,0.00986574586601674,0.014317126420469117,0.001728916498635824
2024-01-09,-0.0002026276614821576,-0.00893806498916494,0.0003193567900841021,0.0017352660401117603,-0.0015171469230118584,-0.006375690250438382,-0.0067160806443924415,-0.011587918832031141
2024-01-10,-0.0019281097431946836,0.006461013858209297,-0.00228804710551489,-0.0012764461962078144,0.005655463613393863,-0.004657571509603442,0.0011460779353780204,-0.0009976797604598353
2024-01-11,0.005693554963077885,-0.00013362909033354242,0.0019733072916665595,0.006025103328588743,-0.00044064027558421426,0.005615101162832259,-0.00927193414392058,0.004244651676173605
2024-01-12,0.001819526325579801,0.0041466527816280685,0.009794068475553752,0.002178052026896582,0.0006927305894453006,-0.0019646488453978206,0.006007997963932921,0.004723988625763509
2024-01-16,-0.007467261362538391,-0.016784306334868493,-0.009488181898979597,-0.010141297028766316,-0.0036711873135417683,-0.01761290023682882,-0.007350487816978779,-0.020786969279347867
2024-01-17,-0.0027451636547597413,-0.0094838671353209,-0.01101595063528893,-0.0021041367704154323,-0.005558677730028827,-0.001581908565684853,-0.01828051469108405,-0.013393973259762215
2024-01-18,-0.0009175454634879898,0.008890687284303977,0.008232882099906247,-0.0019248338030899426,0.00889281314630641,-0.009295205251844907,-0.005421444962763533,0.005891390013775366
2024-01-19,0.00020439428388230318,0.0023047895205661195,0.00298872590696031,0.0010103730561672464,0.012466077528639152,0.003198561213570983,0.011968358035566062,0.00916723070157266
2024-01-22,0.0018362329188637005,0.0031110353678267533,-0.003777957126316789,0.0027523503571100782,0.002114424192295239,0.005951552224037426,0.0059718076005086385,-0.007822406171402285
2024-01-23,-0.0024440466981265896,-0.002831820479570979,0.0038991332271092194,-0.0036599056357267123,0.002916521179126219,-0.00792392429629174,-0.006867646006088801,0.005595159228056312
2024-01-24,-0.0022456410233567814,0.007572819621180393,-0.008246890539639895,-0.0019285985894668123,0.0010931593084426705,-0.0058573965667577665,-0.014299089711840351,0.012898511464318974
2024-01-25,0.004501306321396115,0.002818408953020324,0.003969986681303217,0.006625005610088053,0.0054388894511894215,0.006534991023407821,0.01284185964353024,0.002496842026896706
2024-01-26,-0.0011200532379576078,0.004416527649243163,-0.0006946931881827156,-0.002833797566921592,-0.0012704752559132837,-0.0019160175090447984,-0.0028175208139608054,0.0002491228735763684
2024-01-29,0.00397658858917449,0.005862737875784285,0.0070584854445867595,0.004125200716890598,0.007919405851761763,0.011516227842222282,0.006592790557192085,0.0002488590764615495
2024-01-30,0.0019297890903327009,-0.0013247330939724078,0.0013805262268788976,0.0031951559253142747,-0.0007734135680419474,0.009066076569699266,-0.009356779051120312,-0.00945963717366427
2024-01-31,0.004561684007492017,-0.005040468711269952,-0.0007423479101065222,0.002548165634104649,-0.01631732385186435,0.009820228702130285,-0.009563119959370314,-0.0037699392246456354
2024-02-01,0.005697978005789972,0.009865278502545483,0.01040067256889099,0.007733442940391466,0.013088028219409464,0.01961613998021461,0.01811908952901775,0.006811324532204344
2024-02-02,-0.009157944578669919,-0.00792079527482814,-0.009453300862028224,-0.009129548430412915,0.010527518248450551,-0.022088854087767174,-0.012410925150679653,-0.007015865252997799
2024-02-05,-0.008226480789468749,-0.005322581677136506,-0.005513988032274764,-0.009578606931501032,-0.0036412416975153405,-0.02019357571041458,-0.020983783312545246,0.0025234062928447543
2024-02-06,0.005222876758366635,0.006153815291343623,0.005224693124019186,0.005618671418607724,0.0029033349273559494,0.009773717143618299,0.013441409812656513,0.02466652466066166
2024-02-07,-0.0020377549974252007,-0.0005319310320913706,-0.0002651978305409086,-0.0029311485250199665,0.008340404110168675,-0.004839558099841157,-0.0014338417383883417,-0.0007368889493923891
2024-02-08,-0.0030623711128558995,-0.0017293435812471003,-0.0009018470501077624,-0.005143864416962796,0.0004416754813414414,-0.005814554798996618,0.0081369673179712,-0.005162225657487363
2024-02-09,-0.0003073795294142867,0.003464787386318946,-0.003876152075832917,-0.0012929795445481007,0.005779409487996157,-0.0020203690130354834,0.001542905754956303,0.003953447539591037
2024-02-12,0.00020506677197751344,0.0017264661569016404,-0.0026119694947860372,9.256303984694902e-05,-0.0004389436551084369,0.0011722918287628836,0.0002371171710544573,0.0044302388930943515
2024-02-13,-0.00921661387917383,-0.01537852346165336,-0.013788690196348319,-0.011001232011404571,-0.01377309063207488,-0.01713525436599528,-0.020616098675965255,-0.01837767856221073
2024-02-14,0.004444327926801606,0.011175428607231863,-0.0005961123453055439,0.004673686528973597,0.009087731186302683,0.005089491904192167,0.007863519476986047,0.014478047707061847
2024-02-15,0.002367033939987717,0.011318219513057892,0.0067238125229136525,0.0036287782219195375,0.00689976186435004,0.005171523318584503,0.0232865680934653,0.006151684396420887
2024-02-16,-0.003182636731274946,0.0015801376928079591,0.0036625695484677756,-0.003615657801631089,-0.004980060757426519,-0.005787964320804306,-0.010322716028848378,0.004891099522501552
2024-02-20,0.0009266959965414934,0.004075136003030666,0.006064210073093879,0.003349332228433033,-0.005505390572333235,0.0008621808655935315,-0.0017778567284915114,0.0019468975245897635
2024-02-21,-0.002983593697477138,0.0007855141879631322,5.331256612173263e-05,-0.0025035366933962022,0.0009057525104918529,-0.007108935717260123,0.005580637033652414,0.0009715080396643927
2024-02-22,0.000825429881747608,0.011250625961731542,0.00042672195902415666,0.0015805803643320626,0.020695527827817806,0.004881595253726445,0.0018893123269136947,0.008735872590446503
2024-02-23,0.0037121327670011084,0.0012936088238670873,0.005651511902278639,0.0029698617485862666,0.0006897711449762589,0.013386982442921136,-0.00047160741665330796,0.00024061304578792964
2024-02-26,-0.0021572124777129442,-0.0014211313182406204,-0.0022266895335479875,-0.0031462114101831196,-0.0036624914215199755,-0.002983051026637873,-0.010965623194125307,-0.0033669928694733953
2024-02-27,-0.0013384008387548052,0.002717140879046509,-0.0010626830578386315,-0.0013926512041967376,0.0018576308318882795,-0.0070520546962346,0.0011921616111183475,0.003136999960896336
2024-02-28,0.0019584594693331514,-0.005806532006748966,0.00180849115899262,-9.29162518711335e-05,-0.001321563564598005,0.006348855199382664,0.010121601955447757,-0.015395726599260584
2024-02-29,0.001646441021871059,0.0025958237297973863,0.005150266749304189,0.0009297895710933535,0.0035948658962507984,0.00705733338379555,0.008487533519085932,0.0021989825313666334
2024-03-01,0.004801098319012764,0.009708555549190478,0.018910791174389097,0.006087524310314896,0.009388311206947497,0.006231135764193985,0.011922674049397841,0.013407994804418122
2024-03-04,-0.002461037902266261,-0.002563999153274321,0.016174996770490724,-0.0018532838316346334,-0.0010724008699941612,-0.004022573955166586,0.009356737620530353,-0.004089447241959587
2024-03-05,0.005447713042359137,-0.001799413100959213,0.006020141664404566,0.00547718851232859,-0.009994161907803556,0.014241667375623601,-0.01213093026819001,-0.006763361889032593
2024-03-06,0.0015335575422517067,0.011846345385605694,0.008215401882095241,0.002677551027895131,0.00506722667469206,0.005868074956280278,0.004981390101895133,0.012402897319651274
2024-03-07,0.002143392337537353,0.011835217334714043,0.005683843351386164,0.0024860118954153076,0.009926492533582243,-0.0009373102288164903,-0.00023054413261858198,0.004804156751670785
2024-03-08,0.0009165605612702077,-0.0032701015305846015,0.008452547868211147,0.0013777012075624206,-0.006002249499584722,-0.0017727949600117032,0.011530054878544416,-0.0016733380343304516
2024-03-11,-0.001119103810807931,-0.005678209627607678,0.00183502012710135,0.00018345089199578446,-0.0008598396053856039,-0.0005223717364684077,-0.004787438825004098,0.0026339248079512156
2024-03-12,-0.0025466311229457306,0.007994807403462811,-0.01094062729637224,-0.0032096499334619555,0.010757366900544074,-0.00836136826431455,-0.0021762160957655707,0.008598070581505635
2024-03-13,-0.0018386770686725784,0.0001259945411942187,0.00700740378557585,-0.0010120431458791046,-0.001567533562428225,-0.004848075588204326,-0.005050335868957534,-0.005683118695083311
2024-03-14,-0.006344133504252114,-0.007301120409960005,-0.004175139558116325,-0.007367770289633979,-0.001976857368319651,-0.015356950370938649,-0.014997849148613795,-0.005477394808124703
2024-03-15,-0.00010282171439535137,0.0003803022845110249,-0.00319440663913817,0.00027826534163311045,-0.006866542339760806,-0.0003225857938110588,-0.002225216083776127,-0.0029003149049139365
2024-03-18,-0.0010299243643236977,-0.0002535073422605949,0.0016022835845583838,-0.0016695882926109906,0.0059432302092738976,-0.0030128662614504753,0.00046962845160702926,0.002163491334262302
2024-03-19,0.0024740631327384577,0.0017752080315454055,-0.0011498061737871268,0.002880210825771723,0.005557194436520252,0.0028061350451933365,-0.0003522736351717626,-0.004077653860757313
2024-03-20,0.002056967711944635,0.01063154833990887,0.011911859798154678,0.001852940585495677,0.009249049772136253,-0.0003230254988751957,0.006573060322139224,0.007947728178182345
2024-03-21,0.0007183222572386683,-0.000500919014928658,-0.0010386361790747367,0.001479702696878693,0.0033047527188561077,0.0021531046338207904,0.007229273071863718,0.0007169203353829534
2024-03-22,0.003179097792929131,-0.0021300748701915673,-0.00802096899240623,0.0034163267474420778,-0.001895761702485399,0.009560867630826975,-0.012586312585482262,-0.006446887423925851
2024-03-25,-0.0018400347792677518,-0.0021347241052521726,0.0031944066391380588,-0.003404695196176588,-0.0027628830066904753,-0.005001167091032821,-0.006148652704203839,0.0
2024-03-26,0.0010242284212951258,0.0011325597388345265,0.003233961285236564,-0.00027715853644083577,-0.0018469851329512288,0.0027803625544107202,-0.004045298473511538,-0.002162874066278131
2024-03-27,0.0032739429793986474,0.006033246312435736,0.007240660177973313,0.006926908567911116,0.008403907706518554,0.009918008120328503,0.025803542988849237,0.0026492102327730915
2024-03-28,-0.0012235761592278571,-0.0022488864768989147,0.012900024807739996,-0.0009171025966577817,-0.00019104213784137958,-0.0008448330299160034,0.007103522242437599,0.003362919375685003
2024-04-01,-0.007270896117389292,-0.004257380537916355,0.010208079384865787,-0.00957533555171175,-0.0017399122873936745,-0.018640987118405894,-0.01676680212876669,0.004069941404781341
2024-04-02,-0.0007220778805355765,-0.007042275894673433,0.014772360490971526,-0.0014886043001395288,-0.006357900797761662,-0.005510655137713094,-0.012583772372745106,0.0033381588390761774
2024-04-03,0.0006192387566803514,0.005572422710631075,0.008772374739768773,0.0006522304984271088,0.0010983161495736748,-0.00021755540922918648,0.0010719908391563227,0.0014258109877087755
2024-04-04,0.0023727987103963066,-0.008564193319069102,-0.005734705223284009,0.001117676866431383,-0.012205969523609195,0.00717267595218174,-0.006424960180126504,-0.003559452362982718
2024-04-05,-0.004940132597459068,0.0031757879812637224,0.017114197447370305,-0.004372277730849694,0.010446804601187631,-0.013918711561259567,0.005149224944107411,0.0030957176981516454
2024-04-08,-0.0009308946016131081,0.004938590884984606,0.00622848536623688,-9.315537600140811e-05,0.000559364227412873,-0.00010959630260376496,0.010721878537312435,0.006172904160185677
2024-04-09,0.003416319765772835,-0.00012600296615294937,0.005497054993034878,0.005138972412035203,0.001156807518960301,0.00930196047824472,0.013319234623092369,0.00873058007483718
2024-04-10,-0.011968694178537076,-0.013232594943696663,-0.009463856185613961,-0.014223235764862063,-0.010013240370595922,-0.0217934817953348,-0.041409684844500694,-0.010994251416979961
2024-04-11,0.00020869198273398837,0.0026820921921963947,0.019433247203493043,-0.0020747733443498007,0.007547051052606779,-0.0045446179186777735,0.0033975674670665423,0.003311315017379801
2024-04-12,0.0018796251007566767,-0.016176355030281142,-0.013239324939518515,0.0022679956987416983,-0.013803124651875054,0.005344847461286717,-0.011851418515677836,-0.019330412081259518
2024-04-15,-0.0060442149412870405,-0.002977822434504618,0.01871915519396472,-0.011031440289079208,-0.012528214617281708,-0.015505751740346296,-0.017011524884952278,-0.006250161748632577
2024-04-16,-0.0028308330835137285,-0.009868767770766507,0.0012220152803359419,-0.0033367864827754667,-0.0018237876641724604,-0.0066371354211151035,-0.014068773069630947,-0.012336532814153256
2024-04-17,0.004626289880418799,0.0006558180929907564,-0.007368252752093185,0.005452501281122402,-0.00591828116126103,0.011098425925520905,-0.0073241221318731675,0.0017144051767403745
2024-04-18,-0.0028257964953394277,-0.002752395782743111,0.0034154561341945833,-0.0019982735870269774,-0.00205766558281828,-0.005040475935636501,0.000127274207601058,0.0026894685998752887
2024-04-19,0.0010495729895152461,0.00039425402340453886,0.003131535140574959,0.001048975266023211,-0.00872844140939466,0.003602418632013382,0.0048333091605494705,-0.002926221709900423
2024-04-22,0.0006289979699587445,0.011692021488386661,-0.02470249054532203,0.0024759341120532685,0.009209247653096941,-0.0016825781639400184,0.008860866760761255,0.008559646912214003
2024-04-23,0.0020956269370226988,0.010907763663462688,-0.002458663172418052,0.0017097662238405587,0.011866729941918841,0.0003370643367281989,0.009159334389087004,0.00824449299842267
2024-04-24,-0.0026140129249317967,-0.001926809100074589,-0.0018600907225296837,-0.003888015761342567,-0.0004746710379888164,-0.007076058305494848,0.0018649981584781816,0.0031264378825490713
2024-04-25,-0.002830365339205443,-0.004633122425380276,0.005963468053189924,-0.002951241393880921,-0.00379904829491573,-0.007013740179030226,-0.005708640430414191,0.0031167907690206054
2024-04-26,0.0022076818302740886,0.008016436666715032,0.003241927353549112,0.0038193861248656535,0.0094740892852887,0.005240244569083563,0.0004992979324229818,0.011472207454115146
2024-04-29,0.003042207851960743,0.003848181041383958,-0.002031218037689575,0.004185229488684605,0.003541413971033691,0.008386422792699966,0.010229581803462784,0.009924363441472517
2024-04-30,-0.004078821660467469,-0.012650150111060299,-0.019937078844561418,-0.005493981851814822,-0.015841282670762236,-0.008541158651871883,-0.016917777626369257,-0.01333641667892993
2024-05-01,0.003528690965334258,-0.0021999887780427274,0.00906215232545482,0.004159783833885156,-0.0032471881788588286,0.007370982427591377,0.00037671837329122937,0.001185704060014281
2024-05-02,0.004513360253363574,0.013488957780797728,-0.0030870874411647042,0.006189891228879363,0.009353477911816732,0.00429078364008495,0.014063269780273835,0.024396058852626856
2024-05-03,0.00512032935492579,0.00998209668042871,-0.0007976266365629092,0.007003477172074168,0.01239536499449212,0.01011905123572343,0.0066865997460137105,0.008786195952130482
2024-05-06,0.0007278217958017752,0.006842301574286891,0.010518361024399514,0.002819396863691148,0.010326655169909715,0.0038961752682824535,0.0008609384782392038,-0.0018338834952896788
2024-05-07,0.0020776766259646973,0.002642834930712823,-0.004600326433150892,0.0004687579991600188,0.0011034446132240916,0.006098111774173631,0.009462880094861958,-0.007118065123451145
2024-05-08,-0.0020733688359971802,-0.0011297164947610128,-0.002941061869504713,-0.002529214586879047,9.68760108834843e-05,-0.006061150202757215,-0.008400334126588804,-0.0009250717180967483
2024-05-09,0.001870035728263053,0.007665240464276968,0.015778607960932778,0.0015965606368653074,0.005761665541780037,0.004878235221649874,0.02050354499465712,0.003935031183911253
2024-05-10,-0.002074135957338741,0.0018705835842722784,0.008112513438038427,-0.0031881084087793665,0.0012882515414966988,-0.005627267243381695,-0.0027670972099993474,0.0020751027425960356
2024-05-13,0.0005197596578596642,0.0,-0.011202103844459854,0.0003762893512122556,0.00013437560921691905,0.002552310926202228,0.0032572891595314957,0.007823353837127511
2024-05-14,0.0027000113292505734,0.0074682626984710065,0.008462045119477013,0.0029147979638277643,0.0045881459172121275,0.005644524290349562,0.007696041311337831,0.005022890713016315
2024-05-15,0.006628849155956074,0.01062532956212392,0.012838750510223873,0.008906892194366689,0.012382840029763198,0.013647448249610505,0.013842414076749465,0.008632416448629776
2024-05-16,-0.0011319758829876347,-0.005379053879905782,-0.0038933433506626036,-0.0015797191389901322,-0.002057354781481502,-0.0009772128577101302,-0.0007061847254168363,0.003828861739741507
2024-05-17,-0.0031930510895715747,0.003441555657681894,0.0164977725898805,-0.0023268820048724104,0.001437491921552514,-0.006738258437839928,-0.00011784481474630404,0.0071796452340080474
2024-05-20,-0.0009302582075993993,0.0007348042461923221,0.004023937591649318,-0.0004663851700857924,0.0011520877070487767,-0.002954234628442798,-0.005889853915869825,-0.0022276285263760354
2024-05-21,0.0018619122161567248,-0.0015912227387644418,-0.001469548604570936,0.001679877367648741,0.0024526767830517215,0.005157687410068723,-0.0003555741010712321,-0.0058049276823843865
2024-05-22,-0.0012393039069483747,-0.009439563802453477,-0.01837396956557802,-0.0014908391615081618,-0.002879429253682342,0.0012012305707413962,-0.009008981948316785,-0.0029193199190709063
2024-05-23,-0.002790716526369863,-0.005074354267994852,-0.019944570339717638,-0.0043858307679182085,-0.007304384419384413,-0.00643405676663511,-0.021531163868866887,-0.007657541165755899
2024-05-24,0.0011403402772689475,0.008209948407644108,0.0009271136061119734,0.0027182652007775587,0.006616627740213321,0.0029634035167938055,0.0007335651576436675,0.003177447344075768
2024-05-28,-0.004659262967872002,-0.0003701269260852902,0.010513172896031486,-0.005982691450234334,0.0006988262568832226,-0.01433552952438999,-0.006596747638854872,-0.002714939087623325
2024-05-29,-0.003849132618676143,-0.015798633533825046,-0.009303812074716977,-0.005360185758800928,-0.00700268261209569,-0.01210184036152162,-0.009714664462262323,-0.012477506735354305
2024-05-30,0.004699245964584042,0.008402479310885003,0.0018967600627461945,0.0061456484671058575,-0.00663353327065519,0.009664894617487985,0.014653081363522835,-0.0018376321286230901
2024-05-31,0.0032221788179029875,0.009575737882963287,-0.00586417430627717,0.004416249947319928,0.009108085296561041,0.006790008183335194,0.01872466182926802,-0.008515580397193134
2024-06-03,0.006048856086968479,0.0028333969803602255,0.008917780500373507,0.006902446726013922,0.0008154235526527387,0.016174637345236942,-0.0022825250241592654,0.00998162056745211
2024-06-04,0.003615668943155459,-0.001228500736579874,-0.008977059834655465,0.003917315017778478,0.0011178869231920352,0.011681016017222934,0.007706136139835618,-0.015628722312044818
2024-06-05,0.0030877769742039263,0.00701022537520779,0.011845603201319,0.003344249214150885,0.01188500946540949,0.007337933065201474,-0.0011949979835934599,0.012841475705182237
2024-06-06,0.00030823495792176026,0.0034197989028057485,0.007391356612921562,-0.0006479811885423681,-1.865832421898972e-05,-0.00149992071635352,0.001914186552367747,0.004610431377393365
2024-06-07,-0.008822337087000753,-0.010832677590435713,-0.03568330143379639,-0.008987470356792038,-0.001215729120858211,-0.01834571079419467,-0.00943259861967538,-0.008260598257664453
2024-06-10,-0.0008281532141358738,-0.0007382499725236968,0.009168181127878317,-0.002056871246745473,0.00308955061464089,-0.006666595322307067,0.0033749438133388043,0.00532150651469232
2024-06-11,0.003418259924004241,-0.011363520045921338,0.0028566106093961263,0.00430951143742031,0.0024085286964927732,0.010342178177856765,-0.00360407991037226,-0.002301548496508876
2024-06-12,0.004748734396357701,0.011785557603946728,0.0026617200115086614,0.006156722926323521,0.008212889503495635,0.007513820834498031,0.008922161041207577,0.007843204624023103
2024-06-13,0.005034238839767946,-0.01427856121060933,-0.008150148984962247,0.004728391020123679,0.0020134621632774685,0.01469966185168392,0.004063087802160137,-0.0011445453820350115
2024-06-14,0.0010224304646972993,-0.011054595550966995,0.012959545903254766,0.0008307704319727716,0.0006086179613677967,0.008415031941206186,-0.00023796359974137538,0.002749963736945693
2024-06-17,-0.00357439609393706,0.003982998518030634,-0.005191652247571676,-0.004702307529629857,0.007958798594057459,-0.009929146602800198,-0.003928696298143075,0.005484381900624058
2024-06-18,0.0035872182327763014,0.003967299683809156,0.004007271832187298,0.004631663018695109,0.0025406234208713574,0.009174938908756092,0.003944191829984733,0.00795454294584852
2024-06-20,-0.001736182569816891,0.0006373156371548561,0.012484347826456466,-0.003319422925055049,-0.002716408066422371,-0.006659911947097474,-0.0028573132886426933,-0.001803837795868235
2024-06-21,0.00010229136812678341,-0.007006415115555442,-0.015493238109986152,0.0002774641427751856,-0.0013405881558392618,0.0,0.002507349903006384,-0.0034013586784107375
2024-06-24,0.000818413151151054,0.007953837021198895,0.003957566385821121,0.0010176665736492119,-0.003250904493808715,0.00404387645907045,0.0077407576751229445,-0.0006826118282566851
2024-06-25,-0.00010219726608640123,0.0024182434709669742,-0.004962237629221655,-0.0003698768148404641,0.003851010881768202,0.001696268693251124,-0.012290328918656224,-0.0029598827246416493
2024-06-26,-0.004497719557789548,-0.007364149788053553,-0.009228168111804491,-0.005453239143725419,0.0012481745646617526,-0.014285715519275821,-0.0031106929225697133,-0.0027403316829778257
2024-06-27,0.0016429616442439343,0.0007674814886455827,0.011336925587312363,0.001951626107923543,0.001576444992927195,0.003971992990538853,0.00972153522047825,-0.0004580231183037853
2024-06-28,-0.004920467720845534,0.001150390556416525,9.297647872519299e-05,-0.006400223094314761,-0.003935193690131067,-0.018605556171182203,0.007978652084948523,0.002520142947266768
2024-07-01,-0.005363430028792138,0.0017871561179088058,0.002604589701363791,-0.0059392488038541025,0.002058108034341144,-0.017258980100174792,-0.00943172072876286,0.002285036910150362
2024-07-02,0.0033247794847397483,0.0024214273764198158,-4.643394389247657e-05,0.00640831303190148,0.0067296453585163896,0.0077856481458444815,0.004700480022108433,0.003648036416936007
2024-07-03,0.005384612036028136,0.011441564177021801,0.011273000380832565,0.007397744871761702,0.00446270389910941,0.013133386112610612,-0.0009598141970176277,0.014765976622391763
2024-07-05,0.005047105008910702,0.00666167712899024,0.013486798057397165,0.005205300214911057,0.005766543297254234,0.008278476651840894,0.0027618018604935735,-0.000223839704777129
2024-07-08,0.0003072010562148453,-0.004994322905608195,-0.012402074526820739,-9.229675034005957e-05,0.0011537107836661065,0.0021607843995372633,0.0032331437745449776,0.0
2024-07-09,-0.0009219827200295239,-0.0040155734009849064,0.0016957473442755777,-0.0018498760364358269,0.0009727414149778291,-0.004419846771980818,-0.00023860610093440204,0.004254357974725176
2024-07-10,0.0010254627286576667,0.014111019971210226,0.0036603361122538036,0.0024091446407015216,0.009895078223380871,0.0031402085686156322,0.0074021209202330684,0.004013393740849747
2024-07-11,0.00512172990348736,0.00285762876719442,0.017733403441032136,0.005360836708383276,-0.008622491731371862,0.009715219143179521,0.028679817499377203,0.007772651423220811
2024-07-12,0.0027518189532345083,0.010654116597323071,-0.0006270969301161999,0.0036774586918448815,0.0063074529264053325,0.004276030169521938,0.007603670433388832,0.0046275331157143995
2024-07-15,-0.003455743915062537,-0.008825745767662707,0.0032271131671974818,-0.005496014157278295,0.0027500663682831217,-0.011496634559018726,0.006745847010622086,-0.01030931390747869
2024-07-16,0.004079761854898667,0.0048231391810964475,0.019925798233449088,0.005802856837278103,0.005930422296050342,0.014107288093948123,0.012265841663369415,0.006427325462165179
2024-07-17,0.000710960893455681,-0.005292211232997612,-0.004643206403117217,0.00045797485208032285,-0.014021384162226203,0.00021240142746892232,0.006843826723905488,-0.014534182457675016
2024-07-18,-0.0027403998000089524,-0.009898621340618141,-0.006381186355259194,-0.004302306261866784,-0.007684751228427489,-0.00764413674607245,-0.00880322032917813,-0.00871513262217094
2024-07-19,-0.0020359335734192463,-0.006123492449711332,-0.017937829186174925,-0.003677045757750519,-0.006640735874323123,-0.005884217303198214,-0.001798718523106646,-0.009693369733647983
2024-07-22,-0.0004077205871440004,0.01056215007313388,0.00031573231212611574,-0.0005536827350527407,0.010310034623385755,-0.00290568655981871,0.010361473105953145,0.007739574945176297
2024-07-23,-0.00010219855570925418,-0.005599212510455809,0.003516676143213937,-0.0007384267843331127,-0.001568507401275232,-0.0014033909120144683,-0.0007802782380399442,-0.010390662347234514
2024-07-24,-0.003061072971782375,-0.012637645299847344,-0.0035043524704835294,-0.006097558678775372,-0.022662593528243957,-0.010808328682491153,-0.014725539643283048,-0.01050012994595284
2024-07-25,0.0027633998953919825,-0.006336207780354042,-0.01564473026582147,0.003996998688461151,-0.005210440355988721,0.008195018783084373,-0.003283403982555666,-0.002537304590297551
2024-07-26,0.003572469187422378,0.012753426935692147,0.010534525866662925,0.005555039242751025,0.011199683439026886,0.007803287717991658,0.017493815426632198,0.011100844034507285
2024-07-29,0.001627554863991465,-0.0044074787539067906,-0.0014050562105476505,0.00211761792796894,0.0005877769338020755,0.005376629549734169,0.005135712019383343,-0.0034311062435786743
2024-07-30,0.0010154662820864857,0.0022767148763136458,0.009985461488319247,0.000826901626502119,-0.005066241504117053,0.0038507735000590237,0.0077753174228520905,-0.002754076309622877
2024-07-31,0.005376347613237575,0.0141341702488893,0.018110725786084414,0.005783603834965012,0.016254345324341557,0.010228991781271235,-0.0035268597591388007,0.019332517689677697
2024-08-01,0.004189803438550799,-0.02650553028752789,-0.003442943141866439,0.0033159386479899577,-0.014160936607910513,0.008624708664705771,0.010065167159680755,-0.016482224524531297
2024-08-02,0.01118749334938407,-0.01572305600435764,-0.0019046282784819235,0.009768947420544016,-0.018618269619143257,0.031161563690474514,-0.0005477048734505718,-0.010789752137347008
2024-08-05,-0.0007974379164016332,-0.021818073255074788,-0.012691935106198704,-0.0025316719797665588,-0.02912380238632295,0.005291070759224414,-0.02859639682498538,-0.02761643886886289
2024-08-06,-0.0059851153147867375,0.001725964849444317,-0.008000713832612472,-0.0065263894097672415,0.009219582168855656,-0.02236840917613525,0.01973852258311326,0.006921069154399939
2024-08-07,-0.0030105358645461378,0.00477129443867752,-0.0006796279952806517,-0.00456212821227564,-0.006683884274158003,-0.007039901025916118,-0.0068578445052185355,0.007821773388272169
2024-08-08,-0.0015098538405994288,0.016752512781826212,0.015688013635013043,0.0004582440813676314,0.02311732111011877,-0.0061518018690056575,0.009800716281236133,0.021636813608822303
2024-08-09,0.003528482032080671,0.0038919623749607,0.0024552612171107047,0.005130682670444253,0.0044096889243268045,0.009861640710496777,0.004632100205096412,0.0025322332323893804
2024-08-12,0.0017075190180182442,-0.0009047039325327244,0.017144665770273848,0.002096513380047904,0.0005251929973488778,0.0036360723849007126,-0.007355295844029608,0.004362885496150604
2024-08-13,0.004011095189255798,0.017203593207084422,-0.001532358906807807,0.007003763138799801,0.016445855256847608,0.006934974190419663,0.008737015554993288,0.0075444111101679034
2024-08-14,0.0017980997313034042,0.003687744234373014,-0.008155751250824572,0.004425968618234188,0.00315461391953753,0.006270427684320401,0.0026311803860261662,-0.006353391506732531
2024-08-15,-0.004187499839291564,0.012162613612239026,0.0031388449312386157,-0.003057768352272894,0.017140311879359382,-0.008070258664026664,-0.0007653437787589201,0.010961418803667522
2024-08-16,0.0024026887261723306,0.005507528385848559,0.02238773852658915,0.002976923838038159,0.0022420534476683684,0.0035015045749247076,-0.0005471685727151954,0.010390753420696397
2024-08-19,0.0010987269209186135,0.01219962356848936,-0.0016380226467286318,0.002338400623125292,0.009561341222614317,0.004618242252419691,0.008321374135282333,0.010283895993226766
2024-08-20,0.002993034532712935,-0.0030745921813685184,0.0036699887797402297,0.002602035917587786,-0.001626127499857244,0.007968143327860222,-0.0011943498127247043,-0.009736596822488508
2024-08-21,0.0018900174210301213,0.00925242098510548,-0.0013336178629832496,0.002237305321060701,0.0034366485968408966,0.0006080950840183785,0.005327237905574211,0.00469268055355343
2024-08-22,-0.0040705753098442266,-0.00586722387963845,-0.011975011209935604,-0.004107443459803406,-0.007848485876450262,-0.009926101528182185,0.0029198637874201516,-0.0117883275335533
2024-08-23,0.0045858413073616155,0.018320400032973083,0.011553425520716143,0.005738352765576771,0.010625420895454374,0.006547229884469319,0.021996974592215945,0.014404759420063584
2024-08-26,-0.0008930505931635802,-0.004467501448773059,0.0031893380775307456,-0.0012481546781715203,-0.002383920949614704,-0.0025405695579072685,-0.0004221684791261282,-0.0064344556476285675
2024-08-27,0.0002975493604129298,0.004608887219241575,0.002706671669018279,-0.0008034552492179881,0.0013730160726774798,-0.0017323642248903148,0.0014778728550413067,0.0011167193678736087
2024-08-28,-0.0008934229061020593,-0.003501100905489829,-0.007026862307456638,-0.002054457793790765,-0.005805265621835476,-0.0012248798062899358,-0.0038995811271063108,-0.006468991980694727
2024-08-29,-0.0012920720394841156,0.003755618240304459,0.005177980359189593,-0.001700904537905612,8.950103839011625e-05,-0.0032702690857041583,-0.0030685255051534632,0.0013470486499913559
2024-08-30,-0.0023881043275006952,0.001569193647545264,-0.0071260085162319076,-0.0027799267069827938,0.009546145677731488,-0.010663599491212872,0.009658160203214639,0.002690744300643866
2024-09-03,0.004222550427532834,-0.01578694873240305,-0.0043235765879541255,0.0030234469472443237,-0.020578956177391472,0.016355549491160692,-0.0005255144835168979,-0.01520588256507538
2024-09-04,0.0043840414550579965,-0.00440810807073333,0.000607926500195255,0.006208439739812555,-0.0020469304654917586,0.01288986823107896,0.0028396269296933063,-0.00045408354771081516
2024-09-05,0.0025796319074737895,0.0002460777055863783,0.008332306942507639,0.004918181962308088,-0.0024321834692743183,0.005655835497113237,-0.0032510617284284837,0.002726013771576552
2024-09-06,0.0012862587591049301,-0.018812138908501197,-0.007402630408956501,-0.00044490615945058654,-0.01683023093268321,-0.00010031021502099335,-0.0009471105567445681,-0.01449939773854414
2024-09-09,0.0014823908717751522,0.010024843544688355,0.004205876079289794,0.0022255930152081937,0.011196186821106346,0.004319128869351596,0.011163949252256167,0.006896455842504867
2024-09-10,0.0030591787691438554,-0.00496272145317167,0.004404097525005923,0.0027536472000715406,0.00435586567199997,0.007000704879052799,0.014477531751669215,-0.0022829507642605495
2024-09-11,-0.00029537357406372866,0.005985107292888259,-0.001590555949419148,0.0004428961882458893,0.010258978389758866,-0.0007944381146031132,-0.001950695877784181,0.006178560281419276
2024-09-12,-0.0008856709633541238,0.008180300384815764,0.017567284525531468,-0.0007084922226061607,0.008423211299283695,-0.004671546799802084,0.004217645525256719,0.006595426499753865
2024-09-13,0.0020684766344993832,0.0023359898217727437,0.009943683944142245,0.0031013131247412673,0.005222853921053261,0.002696267372759964,0.010448634782352029,0.004518628593853213
2024-09-16,0.0023590033147817824,0.008095212645347072,-8.374817448153493e-05,0.004416371617373516,0.001476749761579077,0.00916235907266616,0.003345533061837269,0.0038237928495636897
2024-09-17,-0.0009807098438986417,-0.005596751469209349,-0.0055309113549146804,8.82110269764258e-05,0.0004086709349830908,-0.004835808283515708,-0.006971814090287243,0.0011202015061833048
2024-09-18,-0.0031410683528175776,-0.0031812963569496366,-0.007710465405288858,-0.004133094498779855,-0.002965820655378981,-0.01239576438383383,-0.0012209091410950723,-0.0035809045016633734
2024-09-19,9.857151208936266e-05,0.019761895328210155,0.01554075728197235,0.0008829052221153155,0.017064287601805672,-0.0033135474163384915,0.0002037335970601628,0.020889493118824376
2024-09-20,-0.0008861069395493804,-0.009869898934116828,0.012710660066880486,0.0008823406524849364,-0.0017284995285267168,-0.0038283321326630926,-0.00397228373051095,-0.0005737695247302055
2024-09-23,-0.00039412180548958897,0.00376849913694155,0.0019404068737312041,-0.0014102578831688417,0.0024986700328275546,-0.002123992104862249,0.009919167491041714,0.008169548419004524
2024-09-24,0.001380049399495542,0.005934187011141123,0.01396907347432852,0.0016772204860002748,0.002861370680086628,-0.0002026141317870156,0.0014175527529503018,0.03482262277970327
2024-09-25,-0.0038392607358709308,-0.005417586891713677,-0.001381767735031958,-0.005904280640917969,-0.0022054111364639972,-0.0083119756276413,-0.006673393912286274,-0.010158822745192864
2024-09-26,0.00019770504931559962,0.022031272012873915,0.005086884066794806,0.0,0.0039646015159722214,0.0023508118313071424,-0.009059461328793317,0.03185805338684089
2024-09-27,0.002865283338290947,-0.0060406299794664164,-0.007935830791900744,0.003988964522651184,-0.0014503104645270382,0.005200942470471093,0.0012742057839023602,-0.00020724408021610685
2024-09-30,-0.002266030760613602,-0.0034556268591114936,-0.007999374253898295,-0.002472145123052938,0.0040072655540939195,-0.0047682293590218805,0.007862622525784957,-0.00829006521876785
2024-10-01,0.0026445367502783146,-0.007413625823802672,0.010491249392624136,0.004805852350005191,-0.008958331061065916,0.007220013795868896,-0.006466964119073992,0.0075233696012417806
2024-10-02,-0.002074647591208234,-0.002048052275750334,0.00020358719772617384,-0.002210192257416921,0.0004219128364255642,-0.008427059101783207,-0.0035127737264013525,0.02074265165167999
2024-10-03,-0.004058251180065309,-0.009295049060748739,-0.0006920058878576718,-0.0064683029000836,-0.0018283166449245547,-0.009420697343241469,-0.009123803420648113,-0.01503746684431384
2024-10-04,-0.006460856489625466,0.005848832166000406,-0.001996030315693287,-0.005440008125878637,0.0090876186678861,-0.012300989829273412,-0.00481321532752943,0.012172432734097294
2024-10-07,-0.0034011637550886986,-0.005572537986329618,-0.0033877625757333663,-0.0051111546855361345,-0.009040705504844038,-0.007535417236564035,-0.008831874009215257,0.008764786023670368
2024-10-08,0.0017063855743117973,-0.001583526407637259,-0.007371925565205384,0.001982773073137656,0.009457645961693295,0.0016872324308769837,0.0020155328176336695,-0.029298820645749846
2024-10-09,-0.00260538659544729,0.00024402838977621855,-0.005446185963701722,-0.00197884946370519,0.006926514839335152,-0.005684648252902824,0.0010585435884500338,-0.006869369350522736
2024-10-10,-0.0006031107768186272,-0.0012198442722473057,0.007342892553628744,-0.0010814993669927553,-0.0017500184384802164,-0.003917464775351709,-0.008883244325626372,0.002095994809724999
2024-10-11,0.00030181789718919383,0.0051295054364774995,0.010913408354139564,-0.00018042078581370635,0.005988197182801747,-0.0040389502924439435,0.011310235551314163,0.007111527183625288
2024-10-14,-0.0009045364645086096,0.0029162429789824085,-0.001629502157067031,8.99718968849772e-05,0.00817819790789942,0.0007468511558657021,0.006013978582819712,-0.004776835154688186
2024-10-15,0.004023739069421106,-0.016598142152396966,0.003468359323146597,0.004872893738846917,-0.0077695689549774904,0.012157424695452335,0.01206084446567135,-0.02003340606743509
2024-10-16,0.0013023519940920103,0.0025871868039066825,0.005001609209081437,0.0031430976834603275,0.004346521836751771,0.004214440409744169,0.010984406814984915,0.009369805746196613
2024-10-17,-0.004902955182037982,0.00012293301036758741,0.00598831083503093,-0.007430032059613567,8.56561672069045e-05,-0.015842767485881093,-0.00789258890210498,-0.0031645540098217406
2024-10-18,0.0007039537716619915,0.0067576305050538465,0.010618185005034864,-0.001172533699977496,0.003846643268044403,0.0007462266820261743,0.007438805218529021,0.012275137802951086
2024-10-21,-0.006933252245111321,-0.011837922486197305,-0.00019900127714245208,-0.010203142245310381,-0.0016421837079351187,-0.017470993727874973,-0.019587680246307748,-0.007108553040198862
2024-10-22,0.0002022177164278105,-0.00568117798923895,0.01078732362833379,-9.124295047036046e-05,-0.0005312381628587159,0.0009757789703868092,0.0014643227007118398,-0.0012634566042949436
2024-10-23,-0.002528952613802038,-0.01006089805100574,-0.012050555849465017,-0.0033755613333312784,-0.009137394444739488,-0.0027079324263674653,0.007311576974348588,-0.006325105221364646
2024-10-24,0.0019270524416439283,0.005646282917346035,0.007693259346016168,0.0030210483201593696,0.0021628398893882572,0.006408220130834419,0.002177643074744662,-0.0010608091781104667
2024-10-25,-0.0020246985492970992,-0.003368828789844902,0.0020569789010425055,-0.0023731779434396083,-0.0003452904226192155,-0.005612269557232041,-0.009415645010699691,-0.000849668090664002
2024-10-28,-0.0016225737866465417,0.008012044840256971,3.945407605776552e-05,-0.0008231465109287406,0.003091352516482848,-0.002712960966895994,0.0031335090961743806,0.0031887726216430767
2024-10-29,0.0011174087250163112,-0.0036015425604246643,0.010894858433216914,0.0011902807451096287,0.0016183584206801438,0.0015233875356237547,-0.007184449670421644,-0.003814381043692361
2024-10-30,-0.0010147144570107347,-0.0064814496818826894,0.005505891218995584,-0.001280407653235116,-0.0030254055467365815,0.0029339617051566957,0.00440482212105886,-0.0072324630856035466
2024-10-31,-0.00020326294804506873,-0.006147106705705285,-0.015495166963743978,-0.002014511573821376,-0.019602977349403528,0.0016250940633799615,-0.016915530274562385,-0.0021427882346050087
2024-11-01,-0.003975176369304778,0.0020195467536094913,-0.0041023758773532926,-0.0054785428671593195,0.004220614752941776,-0.014098442268370093,-0.01104615689440891,0.00021485117995068137
2024-11-04,0.0041956474008877365,0.0007558793305397771,0.0014259144001700363,0.007406778453963314,-0.0021541163771870986,0.015521966829842082,0.010954741868361317,0.0032201767942907633
2024-11-05,0.00234378826943904,0.009944641973630652,0.002254447895034817,0.004778802101689017,0.0120919419493708,0.005311675312783981,0.013279502447336666,0.014551598274860078
2024-11-06,-0.007828346583256929,-0.014458441888289153,-0.030386729020158154,-0.010427000483598792,0.0248654387602123,-0.027388403756514745,-0.02128329134207907,-0.009491660859197837
2024-11-07,0.007582795377273355,0.015176349146694301,0.016076503855530166,0.011830964946246691,0.007732283254903383,0.012527643013882317,0.011997965975459213,0.021720749896056102
2024-11-08,0.001728848645269565,-0.013828173139049604,-0.006769426092267161,0.0034713928928189475,0.004331699132911204,0.012701292112402784,0.014925333922057193,-0.02480202783021701
2024-11-11,-0.0022334912795589634,0.00025255880213470583,-0.02347155656813127,-0.001911774476171746,0.0009529239019829827,-0.0048654782957763265,-0.005006326589285792,-0.005770527250719137
2024-11-12,-0.005799667411205411,-0.018565364904384207,-0.008631355179477884,-0.009029631495497736,-0.003106575372404108,-0.014993304154319986,-0.013836375274186685,-0.016981894303867207
2024-11-13,-0.00020487201505481334,-0.005919406032972363,-0.010081225320474285,-0.00377352907342543,0.00048589972154977623,-0.009486058911321371,0.005527102229350156,-0.005248243970426669
2024-11-14,-0.000409337571982471,0.0020712561469680146,-0.0026091417886487944,-0.0002771305787009348,-0.006430142235875125,0.0057904836145332705,-0.008985109816363246,-0.0061552113969987055
2024-11-15,0.00010253983987595916,-0.003617206096831027,-0.0017720694429753658,0.0004620123355807415,-0.012808597820888501,-0.002656994332711271,0.0005333228576027693,-0.0019906727892510245
2024-11-18,0.000921537511466175,0.005445506665155975,0.019020246289590537,0.0018475671360682622,0.0040973288821755105,0.0017760188001869626,0.007249495341780543,0.008421907186712652
2024-11-19,0.0014320468410260467,-0.0012896303638025852,0.008959325127211537,0.002120580120763771,0.0036554294963737632,0.005097635514835108,0.004868659573804557,0.0015385309953386272
2024-11-20,-0.001021579354830715,-0.0027113485714356234,0.005632045702723465,-0.0023922238415732267,0.0003390309425039817,-0.0031975332429901027,-0.0012640157837952026,-0.00021938949733868451
2024-11-21,-0.0005110670637731296,0.0002589405257062971,0.008339500390982302,-0.0011988689579817136,0.005368094297144799,-0.0007741778522447618,0.007382518091108237,-0.0035118845731545445
2024-11-22,0.0007159741144804332,0.003882998719213715,0.012892210445830665,0.0009234051667643683,0.0030993960889811323,0.0005535141752146533,0.007537708238305241,0.00022021099524915932
2024-11-25,0.008997153336930852,0.0051572369652173045,-0.029458856541118794,0.012453801895290217,0.003392069764976302,0.025887805978447087,0.013923500733573402,0.00044050207676016306
2024-11-26,-0.0015200280914330344,-0.005772097692085643,0.0019383092584315254,-0.002551330914877359,0.005221569865871967,-0.0038821701958164923,0.003996642265851946,-0.0052829010641989305
2024-11-27,0.002740005087168651,0.005418602127758465,0.002222714763140843,0.0036540707311261134,-0.0030301626777003987,0.006928736435732885,0.006430659527918214,0.003761962176846101
2024-11-29,0.003947015301502654,0.013345276657020566,0.008624546377060671,0.006189091934874602,0.006212115192164802,0.010321200688546028,-0.004462549354944945,0.004629572188854736
2024-12-02,0.0001213022728681068,0.0027859470287676658,-0.008754403389975018,0.001570382608719667,0.001792313166776749,0.00240301014844424,-0.014567930113999372,0.005047105227477422
2024-12-03,-0.001921204614850791,0.005682544601820272,0.002012776164397767,-0.0035345900700166633,0.0004639564833452958,-0.008629126773584517,-0.005065712395033395,0.004148696544619579
2024-12-04,0.0032417165316818153,0.0007533109727035914,0.003033679807253664,0.004820468684765267,0.006209414297781324,0.010745652889106339,-0.0027016095353548097,0.0015220509901503476
2024-12-05,0.00020230928371334223,0.004893337995186764,-0.007397709454119217,-0.0002715860327059394,-0.0016456050496898023,0.002020138274688721,-0.00239636901046425,0.006513149838927701
2024-12-06,0.0028268550668828496,-0.00012471305745709316,0.0003705687954560499,0.0022633482978293706,0.0018956826111948821,0.001485396893381452,-0.0014621123836470185,0.00043147536480314663
2024-12-09,-0.0029196955118586665,-0.0006245432702262077,0.009919751769426055,-0.0025292834601315928,-0.005149668845008115,-0.00921707456048948,0.0028240007911624065,0.02436385698808241
2024-12-10,-0.0012116432843730651,-0.008996581281097815,0.01316431251835759,-0.0015395821090751216,-0.003108951106848501,-0.004705001970896405,-0.014497421308427016,-0.01852241695673207
2024-12-11,-0.00232499941661779,0.006304351843893885,0.009533812345188464,-0.00272109041228652,0.0077305767076008,-0.009454057589485587,-0.0023281586025321044,0.0017155632362213513
2024-12-12,-0.004053187786140389,-0.0087707783102281,-0.014663722649505995,-0.005638935749497698,-0.005152635491914692,-0.012147475195683599,-0.001591143070047485,-0.005994360041478242
2024-12-13,-0.0037644608014232306,-0.002781016632842581,-0.012091578404740733,-0.005579481585959778,-0.00019859350278339516,-0.010210792868931451,-0.0028687069782207253,0.00043073828021755745
2024-12-16,0.0009192891145162196,-0.003295720224015586,0.002415209844427002,0.001287746939418355,0.004270044418101415,0.002995068089857167,-0.003516265650466033,-0.005166980068736171
2024-12-17,0.0,-0.0015856689590580952,-0.0038386247250202787,9.197399593463551e-05,-0.004120063778329963,0.002432977869713193,-0.0048117962375598955,-0.002380209214135176
2024-12-18,-0.007615644536443256,-0.024531810730436532,-0.01918507783771317,-0.01239798446856577,-0.029803507576069865,-0.012504381025813638,-0.041259318220704944,-0.023210459644255832
2024-12-19,-0.002578843060885072,-0.0031767641437756566,0.0014210967336203417,-0.005413552049706172,-0.00030711433636354535,-0.0151413517871537,-0.015465617231693596,0.004219369731646383
2024-12-20,0.0026888917314118466,-0.002788474654522921,0.010434056495473909,0.003941467462969639,0.012011056129754172,0.005694060953668867,0.01684693256342107,0.005571370877088144
2024-12-23,-0.003094178047022389,0.006524599564907474,-0.004708795377563968,-0.002897828005503311,0.005988309811411963,-0.009172002157056491,0.003910720072962448,0.004279320475097714
2024-12-24,0.001138154525038404,0.00357191654837119,0.001992014086009908,0.003093834284873642,0.011115009681411214,0.004228366778304737,0.006642698932343594,0.004036878472431615
2024-12-26,0.0007233076756703039,0.00474567393976244,0.006751179863859091,0.0009345073554412053,6.654786640147847e-05,-0.0005690807844409562,0.0026842974585068458,-0.0024571549712016916
2024-12-27,-0.0020652049949662077,-0.0014432698329857052,-0.0068705038771271765,-0.004201729519838326,-0.010526596837132862,-0.008198431273836126,-0.010039145245515968,-0.0035825755450415997
2024-12-30,0.003931821068357433,-0.006569355797589105,-0.0031896811646235923,0.004313081264446961,-0.01141156050983183,0.008036739485065336,-0.004957764871731052,-0.008763980444357555
2024-12-31,-0.0012365626746978498,0.0,0.006233636577161361,-0.002520757988976441,-0.0036381154824253192,-0.005353260654990977,0.008719429088271058,-0.0015869755879480696
2025-01-02,0.00010324952708695712,-0.00343876345398042,0.013587714119632333,9.360564383009695e-05,-0.0024568846664497768,0.002748204865683057,-0.008868466684944565,-0.0027248029259456796
2025-01-03,-0.0010319793240629593,0.004379487637700574,-0.007864039973028869,-0.002339548574690542,0.012503323188871374,-0.0031972242553330865,0.01313837237833404,0.005009061317566843
2025-01-06,-0.0010330454055623717,0.009513818451931666,-0.0012320959587239777,-0.0025329671325239334,0.0057607293349144495,-0.0044678669167236285,-0.012856209397729024,-0.0002264932145407128
2025-01-07,-0.0035156583928273033,-0.0007853551790258928,0.005633435188264313,-0.00460830046551397,-0.011304032781944029,-0.011277476693132282,-0.009513099122785862,-0.006344936676491275
2025-01-08,0.001141414825829301,-0.0015718413803469389,0.005315681488123669,0.0016063307878584343,0.0014608415265473518,0.0012804847848988388,0.0026298183833244337,-0.00638536245126875
2025-01-10,-0.005596950640503806,-0.015219182415269206,0.009558310004399662,-0.005754347796789294,-0.015267488237607374,-0.006625810742465044,-0.024404121112268085,-0.017443181418924425
2025-01-13,-0.0009382132995063852,-0.0027978674472396436,-0.009951255605703757,-0.0028463080007099517,0.0015505794088459535,-0.0003509841823998716,0.012273389744983376,-0.007241348578998386
2025-01-14,0.00031297627273985107,0.0036073359545789607,0.005249423200524461,0.0011418641684375341,0.001376005543533898,-0.0016387500202884597,0.00912252981654138,0.01200003250965076
2025-01-15,0.008656742329825828,0.01277958430742876,0.007488993695735191,0.011974912798528026,0.01819007608066614,0.01723530613209734,0.0057213466279133485,0.010462619843878418
2025-01-16,0.0021712695732987175,0.005126227935896122,0.006910965874952435,0.0019722143474902865,-0.0019232488091420752,0.003227257095997693,0.02070771929628301,-0.0004601644363066981
2025-01-17,0.0,0.004053798784263485,-0.005307269747253374,0.0008434855200654123,0.010039954409388763,0.0017234307478208866,-0.0006686756103907454,0.008287224924040215
2025-01-21,0.0033018305701015827,0.020187570918016817,0.01548521901629396,0.005806437049255653,0.009153350710418673,0.008945982643258299,0.01873951371870275,0.009360816342405487
2025-01-22,-0.0023651307581881165,-0.002298013593780901,0.005135652699768123,-0.003165848314694797,0.005621517783177543,-0.005229047574875634,-0.017409451827616107,-0.0009048047074349252
2025-01-23,-0.0016493014023478691,0.00818943354673718,-0.0014148699521492336,-0.0014011247914322844,0.005458227144851113,-0.007770608065652995,0.007354562863296943,0.003848746997804131
2025-01-24,0.0016520260912968876,0.005584470316285062,0.006218705580030903,0.0019642821814425115,-0.002919429044870636,0.0044915367480025115,0.0034292581197630234,0.005412911794395292
2025-01-27,0.005566453572607211,0.0,-0.0104048052682425,0.006908190178604778,-0.01414543941696822,0.011809240905517715,0.013339108633928731,-0.016150869529117817
2025-01-28,-0.00030760331632484483,-0.0012622717680292883,0.008656417783572623,-0.0013906585896532597,0.00859243421943967,-0.0006798660675585433,-0.012075710442091103,0.005699999534635403
2025-01-29,-0.0006153959304787682,-0.0001262269302558794,-0.0038404097330004827,-0.0012998197547704482,-0.004482866125079421,-0.002041166521832949,-0.01321431035100018,0.0006800306965963898
2025-01-30,0.0014364552728776125,0.01099591338660777,0.01514551884715587,0.0022312155446517767,0.005367031374430953,0.0037496869375401864,0.012721756463569989,0.015405629161157064
2025-01-31,-0.0020489612729654993,-0.009376201217421332,0.0019763991077348386,-0.003246497976898466,-0.005321948055076242,-0.0065654933718123365,-0.002203841055019695,-0.00937092879589918
2025-02-03,0.0009476097962308749,-0.011736569511126893,0.005337271410283728,0.0015784009448867042,-0.006729584890760809,0.008142015728675345,-0.0020983695908223243,-0.005855842435855019
2025-02-04,0.0018524903963554884,0.01162065327930284,0.00984841707528572,0.00195819361199967,0.006708341481419744,0.003062486027818334,0.0007747876771111439,0.016085286655752595
2025-02-05,0.005341598983505724,0.009719701605030995,0.006209542410714253,0.006979870083396289,0.004054540090558056,0.01651015465563921,0.014043937637410853,-0.004459291342614025
2025-02-06,-0.0010218721194954483,0.00475068369677456,-0.0026502562908058414,-0.0018482844183898006,0.0034756526992263392,-0.00044486520345821123,0.0025081351174456312,0.004703171836668574
2025-02-07,-0.003170663825436071,-0.009456442824791966,0.0017841598670260694,-0.004351993524806197,-0.009153605207235849,-0.006455360629776807,-0.0032633295535881013,0.000445891004148935
2025-02-10,0.00030776206268257056,0.006783196389600787,0.016938239196991,0.00027911432749161413,0.006791198352021688,-0.0030243182764090326,-0.00043650054982280473,0.010026764275840039
2025-02-11,-0.0022566870607496625,0.004741101339857945,-0.0036516022155236305,-0.0022314043170797992,0.0007606046408725753,-0.006404594920345397,0.004367257963012294,-0.004191611011016727
2025-02-12,-0.005243069590749161,0.0037252919988550737,0.0010471549570203464,-0.005404398020442458,-0.0032215944663537277,-0.013569981517397967,-0.009240026304762727,0.004873768449346949
2025-02-13,0.005994310529247704,0.012124147374243499,0.009862831092105617,0.007775888591293079,0.01055777932207591,0.016622671501492325,0.009984558561750179,0.005291019484371384
2025-02-14,0.0036982660727082894,0.0014668411885063737,-0.014871773334245608,0.0039045949575093886,-4.9322114628491676e-05,0.005300189301429281,-0.004562774130835723,0.006140309876736749
2025-02-18,-0.003991888176300584,0.00720116473259913,0.01656090548123368,-0.004074544674474545,0.0029357727546190926,-0.011778202642802937,0.004474563328536574,0.004795159206831379
2025-02-19,0.0014387079063760133,-0.010300394332618978,0.000554096378723612,0.0005579029710236494,0.002354992736079531,0.0012485961967974024,0.0007605593298738444,-0.0028199925208893806
2025-02-20,0.001539292991506347,0.004652862568035987,0.0005168326664386491,0.002416157616187853,-0.004160316979602174,0.003741117445378306,0.004776914749603511,0.010659182799400702
2025-02-21,0.004303461007105769,-0.006215695287911771,-0.0009225433005247696,0.003522682234039065,-0.017104137512959805,0.012084817303111617,-0.009832615406127232,-0.0012913524249038577
2025-02-24,0.0017342094845349543,-0.0006132560212088745,0.005429568123388684,0.002586637934897773,-0.004550438235332854,0.0029015453316392215,0.003928508942179665,-0.015301819798643868
2025-02-25,0.006212566248111617,0.009080847029837136,-0.013188334192659745,0.007647639382675653,-0.004973157708016984,0.01724713315747417,0.012282581161525918,-0.0004377909836705829
2025-02-26,0.001619269037416604,0.0013376886374016905,0.0015263333689308212,0.0021031229059034207,0.0005049348837677936,0.005906819477590641,-0.004187673290813154,0.009634416779070287
2025-02-27,-0.0015158053210209133,-0.011294510739948471,-0.015239958822878874,-0.004197345558640819,-0.015961973775748373,-0.0070684067973931786,0.003989645612317627,-0.017566819837136483
2025-02-28,0.004453000283069386,0.0020881864440949194,-0.006265820058134697,0.004398312702426965,0.015605535959651196,0.012266253649195535,0.008484536013992683,-0.012582729697463768
2025-03-03,0.0021629676231307293,0.0110321303665315,0.013180390342641513,0.0031594967993289202,-0.01751996351713747,0.0046667739389514296,0.004685768978111682,-0.00961320261481502
2025-03-04,-0.00252115625436522,-0.00024258340984328886,0.008697635934455272,-0.0032864574375555122,-0.011836812583395306,-0.012315037783200866,-0.011553881002086097,0.008577960227829973
2025-03-05,-0.0034376811298485466,0.023890488988381975,0.0020813110966888537,-0.003205645919112654,0.01074775934465011,-0.007984440453263186,0.011152786844652152,0.02976707697348968
2025-03-06,-0.001014386971313841,-0.010304448114379694,-0.005081207410422395,-0.0031242308537033914,-0.017751051262998363,-0.003307401197094717,-0.02566546990681018,-0.005216271723872734
2025-03-07,-0.0012185324210085557,0.01041173530056505,0.0005219558189655249,-0.0015669746187793043,0.005604908408343823,-0.00320804697301591,0.005986807307699182,0.004151230833167041
2025-03-10,0.0047786751571015085,-0.023569844488444125,-0.008755937163287819,0.003415994475311823,-0.0266355991457754,0.010431751273991763,-0.009629975367154708,-0.022410796304121794
2025-03-11,-0.003541731319850361,-0.003396377791314409,0.011727541035094546,-0.006532474203396421,-0.008312899181972977,-0.007138908297782187,-0.01169018510116715,0.007122180448664528
2025-03-12,-0.0029450535549803147,0.007181004952125258,0.004346793335703092,-0.0029634181836484252,0.0053064290313020734,-0.005973550358903346,-0.003095198523982101,0.003535950229698326
2025-03-13,0.0030554897560153282,-0.006646603921727445,0.017756144523255468,0.0031579626703410746,-0.013330464903333561,0.008791482545469131,-0.019738351956029354,-0.003083000898182142
2025-03-14,-0.0020308681715269783,0.01836993900912609,0.00039975774946587883,-0.0004629529443652691,0.02065578951270286,-0.005295266490544903,0.020022507661323852,0.01789277893424024
2025-03-17,0.0013227626760812239,0.011229267555908029,0.0054135329342379634,0.002037980458168054,0.007711389808988445,0.004990832904277154,0.01707887115935125,0.013671654392843013
2025-03-18,0.001016196416467663,-0.00011818239950411868,0.011671955843306048,0.0024037769620171012,-0.010808406010539895,0.000993087346875754,-0.005233869663822888,-0.0025689661228569527
2025-03-19,0.0029440179622948204,0.002953695499080533,0.004107707999658539,0.00590231145186948,0.01089084117725081,0.005181200655595353,0.0012057264706242243,0.0015024162253201023
2025-03-20,0.0006072311575813227,-0.008363783678217995,-0.0012805854303336028,-0.0014669014871235841,-0.002891656573942858,0.0006580500882029661,-0.0006568296173034005,-0.009001226510803928
2025-03-21,-0.0012138050487623397,-0.0061771686387502855,-0.008049901213267985,-0.0013773268031913588,0.00032978605839262265,-0.005918469330566389,-0.011064941432421427,-0.004611141967503785
2025-03-24,-0.0038486400135923082,-0.00011958092270569765,-0.004452548665506595,-0.0043213916681872355,0.017908465851977917,-0.010253580807036644,0.015398413391391363,0.0030448425208198238
2025-03-25,0.0009150015937988698,0.005499113096555597,0.004400365088198743,0.0010159005333441051,0.0024038765740486134,-0.00011128008872074435,-0.011220463892098853,-0.0010841062759133768
2025-03-26,-0.0024378003758358524,-0.012959230524020371,-0.0008259812019960622,-0.0040591857641709694,-0.011938349429337136,-0.006573134543693349,0.003901440335968953,-0.006077703050920591
2025-03-27,-0.0005090927889438435,0.002168098136851926,0.013405732882559862,-0.0012042996675645234,-0.0026556654593491436,-0.002915679645413616,-0.002553812604380812,0.006551686458968753
2025-03-28,0.005806870904381922,-0.008894209764492733,0.007412123023167849,0.006028097520490716,-0.020138263417040614,0.013833999132843333,-0.0013358772289595588,-0.016923439218547554
2025-03-31,0.0019243953765322175,-0.008852705504443392,0.014363222998346137,0.0019360032928634752,0.006712770962271408,0.00987363770521954,0.009252097072301124,-0.0011035731816485539
2025-04-01,0.0037020879195672762,0.0014681801797900018,-0.0019782303576065807,0.0035742007650474417,0.0028243703251151775,0.0086656172110946,0.0004417715838056502,0.0033142039291518266
2025-04-02,-0.0011115640617102018,0.0023213152523562375,0.0020516615880092903,0.0023007388191880196,0.006328539470811911,-0.0006558855338358871,0.006072023589335895,0.000880862580429076
2025-04-03,0.005260506645208274,-0.02096539527921737,-0.006038278082531101,-9.181250567491528e-05,-0.049280943990584136,0.00459369441468005,-0.03412717217446248,-0.018041661148686106
2025-04-04,0.0009055724812243593,-0.06598602973563461,-0.02339226273628292,-0.0011020686452447581,-0.058542909992973846,0.010887207265259935,-0.043399111206861796,-0.056016301849553196
2025-04-07,-0.012668203346038243,-0.02412688293936094,-0.02148580630415131,-0.01948867582566227,-0.001781215858176255,-0.030156020071676837,-0.02624711527266499,-0.04035131104554812
2025-04-08,-0.005193623843715356,-0.003414844757705482,0.005443793790763651,-0.012657116077973707,-0.015662717811204874,-0.018878491346336235,-0.0268325399232322,-0.013356263629087817
2025-04-09,0.002252110041061517,0.07716546229776022,0.03699125081478161,0.01671251723002687,0.10501933848666689,0.005885741149516122,0.059656666883735276,0.06517918685581647
2025-04-10,-0.007864472398024458,-0.019722433794603034,0.0244235794430141,-0.016998215780706927,-0.04381905169427358,-0.02756827724426747,-0.022826794392867833,-0.0129443270735633
2025-04-11,-0.001029173588896426,0.025051829744878296,0.019086664805096243,-0.00018993547442780478,0.01784269872857469,0.0054385483915717625,0.012224602078182434,0.02765854045286753
2025-04-14,0.005873620595543638,0.010763635111909142,-0.005705977012200658,0.00617688804390415,0.00970153513184413,0.007135379312229073,0.020686356088046587,0.009280827105462963
2025-04-15,0.002049080031170103,0.009020268230071515,0.005232379352138938,0.005383374323146395,-0.002800946751292277,0.003542413194292715,0.0030460469203590357,0.00022986234580746334
2025-04-16,0.0031692820808870703,-0.003848944834374368,0.0325408102664011,0.004227411926817526,-0.022227960909993016,0.005579614383756315,-0.0007008274439076478,-0.012640785368181029
2025-04-17,-0.002547756622373387,0.01084378230291505,-0.004390692094044635,-0.0014032299907760226,0.0014267883196374953,-0.008832476347099605,0.014960156001955438,0.007914378778449693
2025-04-21,-0.00602862246843705,-0.00542530842069644,0.03093558529908469,-0.010772819595434635,-0.02380272645010273,-0.01747967900921965,-0.02084279347156459,0.001154710882617982
2025-04-22,0.001850379663852486,0.020704041046577304,-0.014195668551963636,0.002462173187520733,0.02601788486974521,0.005581401406186348,0.019404868146219334,0.015686262803991102
2025-04-23,0.0024626161103662447,0.004008287434934088,-0.023978630729734163,0.004439664481811878,0.015495305634686263,0.009713079367563493,0.0018457776026332695,0.009765994621489416
2025-04-24,0.005527113838341702,0.013307585494853225,0.014556277018207942,0.010251131303666838,0.021049069381725127,0.010535829597785762,0.0036851155028647664,0.012595671407098274
2025-04-25,0.0036644351903516448,0.0042978866805514215,-0.010841679678267213,0.005306344507207905,0.007225293730972693,0.007366505385907329,-0.0017210668597373857,-0.0033318718179596862
2025-04-28,0.0027384913313914794,0.006657188828300242,0.01424210344049559,0.0023150134214797724,0.0003812698342773313,0.00629985440032832,0.006206233873263578,0.002674478151670323
2025-04-29,0.0024274165264124292,0.0020074559182294838,-0.009738925467677184,0.0023096665125041937,0.006299396001456126,0.008384488695912573,0.005368271685468828,0.0035563429875093977
2025-04-30,-0.0009081066475880029,-0.0011783865668587579,-0.007482221012837353,-0.004700783696733546,0.00039695369691727933,-0.008093018293935939,0.003522018478536504,0.002214794220934735
2025-05-01,-0.0027253677746686966,-0.0031858542402687373,-0.02077228754256477,-0.0035149039352657674,0.007086819871739536,-0.005070402569652854,0.0032830673714356884,-0.0004420319431120978
2025-05-02,-0.004876720124628586,0.019176030999532134,0.0017481999132260562,-0.002425932414366394,0.014844159530811085,-0.010824243427365765,0.012299712189232315,0.026752201535719555
2025-05-05,-0.0017355709524674579,0.0017422392661798902,0.029867754776654154,-0.0014030732472907204,-0.005734428055191421,-0.005585374155753442,-0.00222938197884881,0.00796732686726842
2025-05-06,0.002454609666279195,-0.0012754322575608823,0.02802400275899264,0.0019669741252523743,-0.008358282792537475,0.0033241615551704573,-0.007708601364556644,-0.004913413186594107
2025-05-07,0.001530174807489626,-0.003366630553142347,-0.014993060801348546,0.0020568042449971013,0.004205552130898571,0.00422710762609424,0.0011258162388654291,-0.012451727091545406
2025-05-08,-0.005194964760021903,-0.0034943494226080674,-0.0196942722998793,-0.005037957009433547,0.0069677939758885366,-0.011149234110940043,-0.003936102245446049,-0.0017392994384186622
2025-05-09,0.0010239839036916276,0.00490931770007208,0.007254674259445482,-0.00037507978460737945,-0.0012742408107025982,0.0014957430902120539,0.0066615079142127165,0.007186555675824824
2025-05-12,-0.003375658182842467,0.005118161587095216,-0.028190568373488878,-0.000187499663599211,0.03304750794730138,-0.00930500275925461,0.004934877279062055,0.02248646789854214
2025-05-13,-0.00102640121290265,0.0012728876754128926,0.004258992599597278,0.0008443123187151791,0.006604012591080455,-0.004058339415025758,-0.012723278675140559,0.001691688207319686
2025-05-14,-0.002876763565747953,-0.004854369818770854,-0.021037827999516923,-0.005061821390658694,0.0012780406761467855,-0.0066363479326339014,-0.009834905997293641,0.008232990169979137
2025-05-15,0.005667148976645553,0.010917653381851355,0.015963953531585195,0.007160387768553322,0.00488424092305495,0.008790266076934117,0.018266908158448336,-0.0016750406383315708
2025-05-16,0.0006147841093435691,0.002297746721110272,-0.012087047232674286,0.0018709393065348134,0.006333926797924105,0.0026722519666635414,0.012445423339934036,0.0010487186216061595
2025-05-19,-0.0003074036891329568,0.00951402865195905,0.012880671121226372,9.321080393953629e-05,0.0010939435130175035,-0.002896694430107649,0.00022129901303769017,0.004190233392015408
2025-05-20,-0.0017410993386101081,0.004768934149049775,0.0186222454642182,-0.0024272913410097186,-0.0033621824491902874,-0.007205194293305683,-0.005867992799727384,-0.0020863333954548313
2025-05-21,-0.006566849440788336,-0.005876391898053557,0.007378683875855163,-0.01113709219114667,-0.016850696938976673,-0.017089959452199932,-0.026617558655002926,-0.002508965510004346
2025-05-22,0.00289207888626275,-0.0005684312438484218,-0.008861493387459118,0.005110611377791008,0.00039452286077779064,0.005239892851256922,-0.004576699522788608,-0.002305615105202108
2025-05-23,0.0014416677885373819,0.0013649030452365096,0.021906288045034472,0.0007534122268464394,-0.006825668653144379,0.001658548020574413,0.0010344310548002777,0.004201759934901794
2025-05-27,0.004524893438107025,0.014538852055303364,-0.016949152542372836,0.00903273503885993,0.02079060009427791,0.013956322523235531,0.017453239147715127,-0.0035565439629604567
2025-05-28,-0.0018426816088973341,-0.011531569023797816,-0.0022660178699712707,-0.002424495193082965,-0.005785383818817769,-0.0043158605284887575,-0.0010156359753745736,-0.006088574404063629
2025-05-29,0.003692327367187609,0.0044173001644696175,0.0059247154716217665,0.004486705609789032,0.003947316182205007,0.00925483600809529,0.009037497034051656,0.004436053562306919
2025-05-30,0.0024524428025460843,0.0014659281095523724,-0.006576942326457891,0.002884829343889006,-0.0011184364635955513,0.0015090204174301736,0.0,-0.01156686512267524
2025-06-02,-0.0026284771814216734,0.010696973393614417,0.026581051258171673,-0.0028310906339951147,0.00563291506828012,-0.009306708889213589,0.0013435048014764917,0.007021333895758541
2025-06-03,-0.0007177278047318936,-0.007575724895507174,-0.008855551213511115,0.00046695854989464713,0.005702639449530089,-0.0017612226343723947,-0.002012597205180433,0.002324043318404412
2025-06-04,0.005951742477010136,0.004490341892799066,0.006441974072654677,0.007281562803113539,-0.0002685389754887302,0.016233180750760745,0.0028008426093877326,0.009907181903054063
2025-06-05,-0.0025502622649100637,-0.000670641887476342,-0.00504987891618125,-0.003058408067281637,-0.004832830393470822,0.0006945674835658888,-0.000781996439189081,0.00250485830383651
2025-06-06,-0.0051135654628591265,0.003578597380708759,-0.013416073696802311,-0.006042609068667826,0.010269041453009553,-0.012724023442045929,0.004807627334464382,0.004372243264088027
2025-06-09,0.0012335636194065192,-0.0001113030638898449,0.004718534884218695,0.002992976638726219,0.000901294345408088,0.0010543626985668464,0.0013352826766090953,0.007255404141755628
2025-06-10,0.0022589072912677644,0.0013372825660888932,0.000293510988597534,0.0024244228284553415,0.0056696225210415285,0.005149792914161955,0.008556514749419097,0.007408845051213753
2025-06-11,0.0033801644188613533,-0.0016694367484698658,0.005412290790508978,0.0031627480975646716,-0.0028519057878803045,0.0030275141956037643,-0.005398930176430783,0.003268639048893629
2025-06-12,0.0036754573620008113,0.007692321245458711,0.0124202002480438,0.00556385594614639,0.003974254114539111,0.01195725538193293,0.004874370618413781,0.0002036842496502267
2025-06-13,-0.00356011907508047,-0.012833258644954104,0.013100564311248064,-0.005994129873656551,-0.01118010433553962,-0.009636305778307541,-0.009701279705723764,-0.0150650946392058
2025-06-16,-0.002041588022216101,0.0037509377344335793,-0.01425909653729851,-0.0017627206915625804,0.009514168641802545,-0.010077683465949727,0.0007792981231662388,0.009301336022019546
2025-06-17,0.0030687667262958573,-0.012267122914210615,0.0005131941200071655,0.003438647680688689,-0.008545051015123262,0.012169572952758667,-0.0035595071099779885,-0.011263658586314285
2025-06-18,0.0007137753061448038,0.0017249418498708202,-0.005385627565021256,0.0007410219632932868,-0.0001506376340618676,0.0017341198466074292,0.003460595985494974,-0.0026925228562313386
2025-06-20,0.000917158817158592,-0.008954234221123736,-0.00041901914110908933,0.0008328149682290675,-0.002348631711546645,-0.0018465016446930216,-0.0006675363995068961,-0.009393732495164286
2025-06-23,0.002036263128115001,0.007529295790716928,0.0030631724583116693,0.00249687284365252,0.009877538397528252,0.0032371746157930925,0.015028422231918803,0.00820018621989238
2025-06-24,0.004064329690975033,0.012186660963132256,-0.015719378751237634,0.004704263643928508,0.011047192108078807,0.0072606593676292075,0.002632110613206784,0.021689252537251402
2025-06-25,-0.00010135296331414967,-0.005452084038058969,0.003037305817845004,-0.0011934423513705328,0.000560355916550126,0.0012585987827156142,-0.02406475558253318,0.002449509395798355
2025-06-26,0.002732541130523236,0.01119237841301457,-0.0011070472235482631,0.00367682259178026,0.007823805236792936,0.005028066812093002,-0.0009281092716268979,0.0067196112781067185
2025-06-27,-0.002826024130407445,0.00903543322283995,-0.018123728993798327,-0.001648383372859774,0.0049683437757206406,-0.006367229040247446,0.0024923731883514932,-0.0010113918995330318
2025-06-30,0.004048539810786345,0.0005596632595632478,0.01198454729743359,0.005503994744511687,0.004781261408467019,0.00984094868164398,0.00644139794716736,0.0014173346903985085
2025-07-01,-0.0009201719910285622,-0.0016780506354017177,0.008923010663382636,0.0012085791039495586,-0.00032369192397596613,0.0024793785823991055,0.00729847378569537,0.00404369463714227
2025-07-02,-0.001214898193201308,0.0029134753020036985,0.005527596405484614,-0.00018276292294794327,0.004533253666217929,-0.006353430079657718,0.002340859583601196,0.0028190997115393746
2025-07-03,-0.0020267675266102403,0.00022348246079273437,-0.006822911403597365,-0.0023784222385405673,0.007881390031799329,-0.0069650410213600855,0.0011120300473717037,0.004417672448446375
2025-07-07,-0.0035544415109458605,-0.010835566501676608,0.000748780548875283,-0.005960016902287979,-0.007451942851096072,-0.00954364088523052,-0.008553594921409835,-0.011795243945029954
2025-07-08,-0.00040770491712271983,0.007340444242492472,-0.010443411868664265,-0.0028595378099002255,-0.0005477079539696339,-0.0012769711714385457,-0.0014565350350888018,0.003843813733983348
2025-07-09,0.004180263365319181,0.007511275926794347,0.004471282664348264,0.005735548614005825,0.005996621705197658,0.010461395400960916,0.000785452231579109,-0.00020148157113386578
2025-07-10,-0.00030457071764677934,-0.0006676870826793913,0.0022257895319868215,0.00018380513813243127,0.002820301211159615,0.0006901998618522587,0.006278686244511222,0.0010078473065620042
2025-07-11,-0.00416412977985825,-0.009575797266682229,0.009601575193336043,-0.006069406158744406,-0.003515461852628743,-0.013794655626781616,0.0001115435444174473,-0.0014095498557696873
2025-07-14,-0.0001020585187356815,0.0,-0.0036553174266280575,-0.0002776652124257817,0.0019081373370650745,-0.0020980232847398472,0.006461530255236436,0.001209857202158826
2025-07-15,-0.0029577767957148504,-0.010455273832342904,-0.004155705135267751,-0.0036093504274133936,-0.00427322003118924,-0.00700850895910321,-0.01472214325979393,0.007250765041350915
2025-07-16,0.0014321693365308974,0.004089970165791712,0.004988096125243757,0.001578922153883111,0.0033432619517372864,0.0014114848604187546,0.009437162701966262,0.004599032033733685
2025-07-17,0.0004086628251884772,0.0026023976686875283,-0.0021735334020257513,0.0024112153752771093,0.006119641699551259,-0.00023493116764183863,-0.0011129829031777394,0.0061704058349079105
2025-07-18,0.001837953391898406,-0.002821282237011058,0.002600924347578637,0.0018503528570632533,-0.0007323729567987325,0.001527411426221592,0.0021170756885302566,-0.0011868807790825775
2025-07-21,0.0027519912438804806,0.005319111995671255,0.015370115792427752,0.0038784057644674075,0.00189619482624237,0.008916047008689754,0.004113811979184145,0.005149493917296688
2025-07-22,0.0019312628000438536,0.005516136811945405,0.009484882235462067,0.0023918403382154896,0.00014312186670739635,0.006046417848433405,0.017163106052279886,0.0001969953775038391
2025-07-23,-0.00223194268139415,0.02485445670678388,-0.01240118112003663,-0.0015600840742604483,0.008507504281572098,-0.005547854834572763,0.001959550126754417,0.009259269957374361
2025-07-24,-0.0006100085551523637,-0.0074283917780426645,-0.006118276977772341,-0.0014705791650667654,0.0003310219868288833,-0.0017432576480227446,-0.00347678472866364,-0.004879961986652304
2025-07-25,0.0016278407154455277,-0.0012107126439965255,-0.0092499926477293,0.0032215802061354992,0.0042243586394272725,0.0062871046016586,0.00010906301817126263,-0.002746106340103527
2025-07-28,-0.0013204216655064993,-0.01608813634006301,-0.00647361832754334,-0.0020185662273358718,-0.0002510907174575472,-0.006479221421275438,-0.016025346633446902,-0.007867865147316966
2025-07-29,0.005390606469344972,-0.00201589856984552,0.002750389076383808,0.006619467934609435,-0.0026376929395429682,0.01688581899505892,0.016064772667385263,0.0005947733276447931
2025-07-30,-0.002832700629948226,-0.0071821274658735446,-0.017273497289540862,-0.0037445357593081097,-0.0012592832521511887,-0.005153200705054428,-0.014175161076175224,-0.00812363373701408
2025-07-31,0.0005072848184004553,-0.010738171005085673,0.0066454015709211944,0.000274976626271517,-0.0037511687632163504,0.0005752943276535749,-0.01404714160750864,-0.005193804861365114
2025-08-01,0.008647953197548297,-0.0026278809928205193,0.020299689958884537,0.00887120800697172,-0.016390498886999505,0.014216685070824964,-0.002468047697975484,-0.0052208427965591
2025-08-04,0.000806901475647992,0.013288995451359753,0.005823229257701401,0.001733079034046403,0.015199785864552506,0.0027327660104607965,0.010234020618737016,0.009285407724983097
2025-08-05,0.00030233432110460257,-0.00011302381201827583,0.0008040912066364925,0.0007285034345805297,-0.005069968581366768,0.0030662809600709995,0.004564106974658699,0.003200065185209766
2025-08-06,-0.00040304268314217406,0.00655805434433776,-0.00212110700071233,-0.00027294571929892264,0.007659737526496846,-0.005773894929082091,-0.007757123257218335,0.0043859662797858245
2025-08-07,-0.0008062540424095266,0.008986801638552144,0.008437987494967825,-0.0010012628247013655,-0.0008376709197908117,-0.0017080561782720771,0.00290380885764141,0.007344144148618836
2025-08-08,-0.001916652714951561,0.006123396377902157,-0.00022357985855403495,-0.0031886881823054436,0.007797598941873041,-0.004334437823334536,-0.008240624005171115,-0.0011822804314329804
2025-08-11,0.000707416967080432,-0.0042050303412510814,-0.014374701087597641,0.001553666668252962,-0.0019774524562664597,0.0011456773735127879,-0.006624725547957122,-0.001183679872983845
2025-08-12,0.0,0.012223571736413863,-0.0009074665058316222,0.0009127124245975615,0.01064607776285631,-0.005035033880622541,0.0056517188236060445,0.011455670063605039
2025-08-13,0.0036360201292329197,0.006038022821469813,0.0030492830145867345,0.005288054575636636,0.003423088766683291,0.00828068630167933,0.009328970390438895,0.011325924014924604
2025-08-14,-0.0028178135452660014,0.00010917420142408929,-0.006338706734070332,-0.0034464236843643192,9.299781650273786e-05,-0.007414181623252913,-0.00712693493414196,-0.0111990840400501
2025-08-15,-0.0015136548652460169,0.005891966461074816,0.0005858183101099534,-0.0012741671659795006,-0.002341195058344292,-0.007124614087496317,0.005719913246732933,0.0029291511890185973
2025-08-18,-0.0011118008045506445,-0.0010848074216162074,-0.0015612675411803556,-0.0018224093107943595,-0.0002177065030134484,-0.002893606841265828,-0.008475424700871592,0.00759347430758317
2025-08-19,0.0019223137887505182,0.00010864072486982401,-0.005473279447945512,0.0015519647472157505,-0.005425144946620719,0.00580382780600508,0.01720842787841015,-0.00714979505527602
2025-08-20,0.0006060466507111784,0.003583067685855701,0.010122175284489776,0.00045567374015198503,-0.0026570426982367445,0.0021926853036995375,0.0028748259149429245,-0.000389235903667684
2025-08-21,-0.0023213542676067123,-0.006275041781648283,-0.0034698951143765644,-0.0038264682996801413,-0.004011862429981972,-0.004951582990757153,-0.002976874506289362,-0.0017523577924996037
2025-08-22,0.005563987345123866,0.015024574843120586,0.01070642694476942,0.007865347021612346,0.015356883316778536,0.007406467516423376,0.019352019519795594,0.01755403436758196
2025-08-25,-0.0015090901969682102,-0.013193244159167117,-0.0024148368614391735,-0.0026315511109888945,-0.004401156151292773,-0.0028718223012194066,-0.005749639535570061,-0.004216909863261287
2025-08-26,0.0012091280494266332,-0.001086878973793115,0.007262047243691283,0.0007277654503798914,0.004187098314019977,-0.000576072396589189,-0.0026186635453251395,-0.002117421379046913
2025-08-27,0.0010063118086873768,-0.002393938297704734,0.0020187288833615202,0.0003637240767109251,0.0022784921171898898,-0.0011527193212204079,0.006235718774661114,-0.0067515251400920295
2025-08-28,0.0012064537557245902,0.0037085239623888544,0.007419038046796889,0.0015450533924854515,0.0035414005434608598,0.006578235264524279,-0.0026093527877248945,0.0036900312963554782
2025-08-29,-0.001305377707609412,-0.005868275907477072,0.00964990177666114,-0.0036297451237993217,-0.005963709384858351,-0.007108543241306831,0.005450182960563765,-0.002902512206968466
2025-09-02,-0.002652999115536958,-0.009838193077203239,0.023642559312442524,-0.00334514391465357,-0.0074102876897714776,-0.0074416325130115535,-0.016587178728584506,-0.0013583980266315132
2025-09-03,0.003641159163445762,0.001545553303451852,0.007831992196408066,0.005960570304776258,0.005419563658397131,0.010977420757224188,0.0005512154845537243,0.002720567542285224
2025-09-04,0.004030994104670116,0.007275143997214295,-0.004418882618094533,0.006836884018633693,0.008357388769671292,0.007624006916786996,0.007492332151951553,-0.004263567389301448
2025-09-05,0.004717501173672867,0.0044867528882361896,0.01334594055214322,0.006518769991011419,-0.002896204096427546,0.015247032254904092,0.011264233826311143,0.011483105982277975
2025-09-08,0.0033964922013267618,0.010022873883914318,0.011388067271604019,0.003508099781026841,0.002456585107699638,0.013324302100845342,-0.005839786144603898,0.009813247515503942
2025-09-09,-0.0019912550702007037,-0.003343747722114321,-0.002269905468609168,-0.0017927257511386463,0.002311868135340678,-0.005683042989086395,-0.002284330589594541,0.0038110720307067414
2025-09-10,0.0019952280782276066,-0.00021646839422739816,0.0035922056391106683,0.002963316845350228,0.002890909713888945,0.005715524560870877,-0.0016353520782182995,0.0045557898899359905
2025-09-11,0.0018917461884750963,0.010608407048021684,-0.0014913797811720864,0.004655828212904556,0.008310219325036394,0.006685912631646085,0.01823724692665496,0.012471659600914897
2025-09-12,-0.0008944266252155497,-0.0039631948872006495,0.0019715725978484144,-0.0017824098979615233,-0.0003346350028212708,-0.004316963120127526,-0.004611674684288469,-0.001866415116203779
2025-09-15,0.001690891007993356,0.006667358868682305,0.01040483601055886,0.0031247005518351134,0.005323924934497848,0.0023346234520360554,-0.0016161458480762336,0.006731497648015061
2025-09-16,0.00039719865574161517,-0.0027774654548999855,0.0020064107533963593,-0.0008899118648161286,-0.0013768510142991852,0.00210732576462469,-0.005288280223489483,0.006315036213058178
2025-09-17,-0.0017866459207974694,-0.0037493541872836156,-0.007715171664187115,-0.0017816849574273652,-0.001242399741884448,-0.00254559533867571,-0.001301776325531634,0.006275334627623863
2025-09-18,-0.0027840305694580847,0.003871042427700866,-0.0040063094596702875,-0.002052442745485661,0.004672477269690223,-0.010319604611717992,0.002172680428693008,-0.004585409819747643
2025-09-19,0.0,-0.003856115241992919,0.010607227252210416,-0.0008047303547391582,0.0049528251606558715,-0.0019060583423445854,-0.006504078877680564,-0.0012965869296083232
2025-09-22,-0.00119666318571221,0.0032259104512717407,0.01730643093326134,-0.0022374011217914935,0.004731035459799804,-0.003594695593510888,0.00021820782764825353,0.0027819355400922063
2025-09-23,0.0015973596493834563,-0.0019293391002039861,0.004086375052867464,0.0019733336704415017,-0.005443520514135325,0.0069899036373715084,0.005454259949310147,-0.0001849526521929823
2025-09-24,-0.0018937431358552193,-0.005798955689151786,-0.009063049726670935,-0.004028320388659745,-0.00318164448653413,-0.003806481565981401,-0.009835802635293822,-0.0018498686600446623
2025-09-25,-0.0013980697035624878,-0.007128980958787889,0.004165188877066628,-0.0017976291507836306,-0.0046134329671143615,0.0,-0.0029867715911776616,-0.005744932411245407
2025-09-26,0.0007000135194747958,0.007724122941705769,0.00577227044053652,0.001350632398582352,0.005729075724434596,-0.000899208286079034,0.00987459750630082,-0.001863933101121651
2025-09-29,0.0018986634351796372,0.0038864208475710704,0.016496514338703028,0.003327043061667867,0.002810389450384143,0.00821144143877417,0.00032971576437224037,0.007282906695116997
2025-09-30,-9.97646279500275e-05,0.004086470009456722,0.008540004081594166,-0.0009857321808069974,0.00376684572535102,-0.002900715652654151,0.004063603851853781,0.004449417567043534
2025-10-01,0.0025519623940810643,0.008246745651426357,0.0015753722020723782,0.004015665562717041,0.003407569706178837,0.002582517564410969,0.0015313797686238306,0.006275335833847651
2025-10-02,0.0010980337988599764,0.0015933816449793525,-0.003482825151325697,0.0016141510563909556,0.0011517801124745208,0.0029119416910134976,-0.005242404777554999,0.0027512486136918035
2025-10-03,-0.001096829443059999,0.00837841048444754,0.008032937892485048,-0.001253427600152457,-1.4818614668121732e-05,-0.0018985298303236808,0.0037329361092359736,0.0021950738478850873
2025-10-06,-0.002196067597720175,0.0023138719084039305,0.01884573861512795,-0.0032272828730938175,0.003586249365854499,-0.007943611903490133,-0.009407155427551328,0.0034677082712146756
2025-10-07,0.0017006611335572686,-0.00870937728857113,0.005159462258136571,0.001888665405335832,-0.003707511977453004,0.005751767885850967,-0.0036438508773093403,-0.005456459749076159
2025-10-08,9.995504716053816e-05,0.0029639061564836755,0.01649095687844504,-0.0012566905403700313,0.005963096319924199,0.0007849146904821414,-0.005208923952372491,0.005669356536782688
2025-10-09,-0.0011984174057971808,-0.008232143562759808,-0.018452848086064955,-0.0019773536041955975,-0.002897030241612586,-0.0007842990826103513,-0.0054591235621831435,-0.008728917059443453
2025-10-10,0.004099274625208871,-0.01841022971291384,0.010097700011942212,0.002791762920076879,-0.027027820787662193,0.016147150138592803,-0.012770243592885921,-0.036140141261857606
2025-10-13,0.0018917849016246713,0.008022634628900516,0.02430104394061705,0.003412687380789814,0.015344092809244536,-0.0005518780239752719,0.006354366947787238,0.027788325410455172
2025-10-14,0.0015901142461018924,0.004517061996613281,0.007141189222626965,0.0033115130133283266,-0.0012216512196846496,0.0032020297294585998,0.010260364251785337,-0.008888875763189419
2025-10-15,-0.000396935674937815,0.004818017604439007,0.017332403569977117,0.0,0.004439541098594013,-0.0022011717847915113,0.014509018621542635,0.015134538395597863
2025-10-16,0.003573610213619016,0.005220997911551173,0.02338727694573084,0.0028545676489446503,-0.006810210567109287,0.007500374818780964,-0.0035203683597450075,0.0033130727769170587
2025-10-17,-0.0013848013121432468,0.001802103109576736,-0.01881705572696646,-0.0019568818866120274,0.005676314860669995,-0.001532706450652066,0.006513556344986515,-0.0023848338808106773
2025-10-20,0.0016838163226853275,0.008253048107192962,0.03640197438905224,0.0030302705217015724,0.01040043503835153,0.0038379018714138624,0.010090959236898955,0.011952889131066513
2025-10-21,0.0009889810249883446,-0.007346042899984084,-0.06426889260666147,0.00017770865666721924,-1.4955077773270986e-05,0.004915266776645666,-0.0028232757305383105,-0.00890422805578961
2025-10-22,-9.886889117360909e-05,-0.001480032049431701,0.00010605594835544352,0.000977223950514139,-0.005198882255361581,0.0006521018566834069,0.004246987615942999,-0.0005500764636950928
2025-10-23,-0.0017783697472991689,0.004658529653068788,0.004002358382396931,-0.00124252534785263,0.005929966083050742,-0.00684331967915075,-0.0006506002712101111,0.007521563833356559
2025-10-24,0.0009897856862348675,0.0015807877842128892,-0.0033528327110016187,0.0016883822584101704,0.008172547247097484,0.00043755733659045504,0.0029296489934818037,0.00473420187471385
2025-10-27,0.0006920887061940828,0.006944455795867999,-0.027839530498784404,0.0016856733305272709,0.011797667854098304,0.003389122372820852,0.002812973613222969,0.008336326260157234
2025-10-28,0.0005928738662372979,-0.0004179267779947926,-0.007166030388359279,8.849481929451564e-05,0.0026560013292959983,0.0026148277966533406,-0.019635331735887163,-0.0005392014784733057
2025-10-29,-0.004739800193292565,-0.005644979440432518,-0.0037872684129753864,-0.005667677035474106,0.0004803260550556576,-0.010106430379381748,-0.025751129687459517,0.0028772227131255157
2025-10-30,-0.0018851807865517545,-0.004415519213645469,0.01964188672951095,-0.005343742367873938,-0.010998113191920567,-0.005818470002803999,0.004744198698900082,-0.010399913292789997
2025-10-31,-0.0005963922519401921,-0.002217510235120068,-0.005430550723012573,-0.004029373067079622,0.003280260922519762,-0.002981417590806723,0.0025857236100870207,-0.0039861735968417245
2025-11-03,-0.0012273684778423277,0.0004232785616848922,0.0017929035935666526,-0.002688907864862977,0.0018766915803232198,-0.0025010291017500963,-0.0014577004005675853,0.0021829525065955036
2025-11-04,0.0004995764610558062,-0.010261292068055816,-0.017517195825319742,0.0013570861549738744,-0.011853595199365574,0.002228758635144157,0.0016843575216134443,-0.013977109226054218
2025-11-05,-0.0026962584831333736,0.006413037684691147,0.011564369498527016,-0.002981598898298299,0.0034654701339136285,-0.010896212588014986,0.0008968652440766167,0.008836511118015533
2025-11-06,0.0037047480801295496,-0.0022303099418070627,-0.0012005195756799036,0.005256061619735686,-0.01072938225080955,0.00899285548391382,-0.004816277190459295,-0.003832124430299011
2025-11-07,-0.00039900185181906966,0.0037254922387230938,0.006119021470095687,-0.001983206641940294,0.0009845659403016072,-0.002116767394160779,0.01553189000428934,-0.0009158831770843534
2025-11-10,-0.0003991611178443266,0.010498343259935261,0.02734111859838051,0.0005419240846575857,0.01560435822838957,-0.00022329027400946888,-0.000554195309690253,0.013384694723252544
2025-11-11,0.0029952105307751165,0.007345961384161548,0.003937814406542062,0.003972211936901893,0.0022892033827353053,0.00457847294567193,0.011199842912269942,0.001085551829452136
2025-11-12,-0.00039820447926142144,0.005938172507220951,0.016110762091908537,-0.0009891066917616653,0.0005564068664263289,0.0017785779783747735,-0.007456950491144032,-0.00018074083072450176
2025-11-13,-0.0029873791775931746,-0.01066699401885085,-0.008083098515826892,-0.004950499160281452,-0.016594062566875234,-0.008211403970541098,-0.012263884601503072,-0.008857550127381653
2025-11-14,-0.0011985935050591312,-0.002826290198751802,-0.018047911171504505,-0.00271368118272608,-0.00016359600785664785,-0.0057058343917449905,0.0021252357928358556,0.0003647071067092167
2025-11-17,0.00019990291307614427,-0.013017039318084844,-0.011463979297139493,0.0006349059359487264,-0.009316476786200845,0.0024754530474340175,-0.008259825106479046,-0.011485822951846414
2025-11-18,0.0005999727885390715,-0.012975896182916502,0.007264932736103624,0.000453246356119541,-0.008397487448507768,-0.00033673998936201155,0.004051748415356382,-0.003319794269746379
2025-11-19,0.0,-0.003017327283165838,0.0016294519610446923,9.055247878353434e-05,0.0038631576379948296,-0.002021034221994622,-0.00784658324536991,-0.0022205920014349845
2025-11-20,0.0011989958668598977,-0.013834833815508762,-0.0002933255655774847,0.001358930340524589,-0.01524230348712119,0.003937828763169504,-0.004180392472736161,-0.01186946659827004
2025-11-21,0.0023951966385851176,0.015453812449222726,-0.0015473311468576778,0.0035284518249021346,0.009961204755846165,0.0030259048361671592,0.016224254753791634,-0.003941376370270366
2025-11-24,0.0019912660469985077,0.0008634533135765121,0.01584423909859023,0.0039669095671595045,0.014718547807599958,0.005698269460900018,0.0026793951402139804,0.010175197242110245
2025-11-25,0.001589892814439997,0.01197019429995927,-0.00031569077041548876,0.002783689987428506,0.009405913041440561,0.002555285820029507,0.009241808564508514,0.004476733804734678
2025-11-26,0.0015872166925248177,0.010976182622382424,0.007998338908444147,0.0034029327360902695,0.006903544626688962,0.004432648654928872,0.004413083282114316,0.0048282707662810065
2025-11-28,-0.0013866993247162451,0.0033730743726176904,0.012424331348639184,-0.001695661722827757,0.005458400735868674,-0.004744068515125988,0.0032951644508203426,0.003511359027564831
2025-12-01,-0.004318600680449092,-0.004937540617122371,0.004821066034977672,-0.005356929186941084,-0.004565432491131505,-0.012448688917487849,-0.01149549202671507,-0.0009207746283395046
2025-12-02,0.0012992487415273146,0.0033783340506157167,-0.006440050713598433,0.0006314873160462309,0.001852203967944055,0.00045055480276157134,-0.003544067028170672,-0.00221199614458345
2025-12-03,0.0018963381496399645,0.005366244687942556,-0.0009296182229129313,0.0022539378656174502,0.003462767968857472,0.0028150011853862456,0.002556323316838194,-0.0012931616782645428
2025-12-04,-0.0023908727715112876,0.00272099165679629,0.0006461951944911615,-0.0017990263444261911,0.0007311238379490437,-0.005389568540399625,-0.0024389292508226745,0.0022197704407249663
2025-12-05,-0.0010984684048152005,0.0,-0.0017823532991587676,-0.0009913133424688247,0.001899461628388499,-0.004628568029254265,-0.0011114701927052995,0.004060553652470267
2025-12-08,-0.0015995431713273778,-0.003131135990016909,-0.002639449868615862,-0.002074689800088958,-0.003004219352025661,-0.003289141931286821,-0.007676821252411203,-0.003676470851108893
2025-12-09,-0.0009011557742455434,-0.00136118764984694,0.005137202012788666,-0.0012654861601384404,-0.000863122274760153,0.001024145732512638,-0.003812125947765921,-0.001660581313260856
2025-12-10,0.0032070249981166477,0.011113560612495466,0.004259147967166088,0.004615816658963601,0.006632218302348614,0.003864891520798386,0.0036015926588650604,0.008316429612013065
2025-12-11,0.00019982220182956922,0.005910383124209551,0.010769830543307712,-0.0014414391288515294,0.002326931778056762,-0.0013587919266927484,0.004373678014894411,-0.0021994279676468276
2025-12-12,-0.0030962812971214726,-0.00525719095436783,0.005594579039939429,-0.006044761071166471,-0.010751997629438903,-0.009638342434378888,-0.0012282648781406502,-0.009184424268171898
2025-12-15,0.001001937226914773,0.006113899234118536,0.0009103412637567754,0.001180040470250221,-0.0015108134140046081,0.0006870728923391578,0.003130298177491442,-0.0029663024151621586
2025-12-16,0.0019016526832877911,-0.004634904374945514,0.00022745542760316262,0.002266537725607032,-0.0027323197983205594,0.005491932852773829,-0.007355455298873381,-0.005578282776777965
2025-12-17,-0.00029969506657867573,-0.008112059185841014,0.008588228474273762,-0.0010854972317984046,-0.011003588240296014,-0.0009102355570046461,0.0037049794602397323,-0.0065444672991556985
2025-12-18,0.0024982585854833594,0.0071162842069754095,-0.0018032036998043566,0.0038032648163497385,0.007551280296730134,0.004783526579863029,-0.005257284603502943,0.008469828738014495
2025-12-19,-0.0014602416643870741,0.0067496244643352465,0.0011289903434381632,-0.002572106778915062,0.00906346515990486,-0.0037323938465118056,-0.0038232713964290177,0.010714212340563911
2025-12-22,-0.00040057379406810423,0.0025141196948594846,0.02308160549906857,-0.0001815730824036299,0.006229874178387496,-0.002170216273937986,0.005137364134343292,0.0064018103686789285
2025-12-23,0.0,0.006165140920581846,0.013252341857567629,0.0009990065365708123,0.0045704843606495515,0.0016025571047426634,-0.0006799360839330193,0.004677268408447732
2025-12-24,0.0022043445348844948,0.0012462638429850958,-0.004134082564786756,0.0039012910580062954,0.003517621421107009,0.006057128906250098,0.006577475947464384,-0.0003724479977563755
2025-12-26,0.00020000273077713793,0.001659537668679878,0.011676735474757116,-9.039436143276625e-05,-0.0001014040437492536,-0.0032943419237618787,0.0011266164005676593,0.006333832910859982
2025-12-29,0.001199547635783782,-0.003003012492945989,-0.0435283019531133,0.0013557621719666457,-0.003563648189011559,0.003761133338150646,0.0020256617593901183,-0.007589778673413261
