-0.012458-0.000016*delta[0]-0.000053*delta[1]-0.000000*delta[2],-0.010711-0.000016*delta[0]-0.000046*delta[1]-0.000002*delta[2],-0.009495-0.000015*delta[0]-0.000038*delta[1]-0.000004*delta[2],-0.008827-0.000011*delta[0]-0.000034*delta[1]-0.000004*delta[2],-0.009338-0.000018*delta[0]-0.000044*delta[1]-0.000002*delta[2],-0.009469-0.000015*delta[0]-0.000043*delta[1]-0.000006*delta[2],-0.009246-0.000017*delta[0]-0.000033*delta[1]+0.000002*delta[2],-0.008767-0.000010*delta[0]-0.000031*delta[1]+0.000000*delta[2],-0.007905-0.000012*delta[0]-0.000033*delta[1]-0.000006*delta[2],-0.015417-0.000016*delta[0]-0.000058*delta[1]-0.000002*delta[2],-0.016538-0.000034*delta[0]-0.000061*delta[1]+0.000003*delta[2],-0.015548-0.000023*delta[0]-0.000059*delta[1]+0.000005*delta[2],-0.013823-0.000026*delta[0]-0.000059*delta[1]+0.000016*delta[2],-0.011686-0.000022*delta[0]-0.000043*delta[1]-0.000005*delta[2],-0.039399-0.000046*delta[0]-0.000124*delta[1]+0.000001*delta[2],-0.034715-0.000056*delta[0]-0.000143*delta[1]+0.000007*delta[2],-0.027139-0.000029*delta[0]-0.000091*delta[1]+0.000016*delta[2],-0.214299-0.000392*delta[0]-0.000762*delta[1]-0.000090*delta[2],-0.167971-0.000232*delta[0]-0.000579*delta[1]+0.000205*delta[2],-0.084360-0.000127*delta[0]-0.000386*delta[1]-0.000024*delta[2],-0.043364-0.000066*delta[0]-0.000192*delta[1]+0.000024*delta[2],-0.007338-0.000009*delta[0]-0.000027*delta[1]+0.000001*delta[2],-0.007413-0.000016*delta[0]-0.000034*delta[1]+0.000001*delta[2],-0.006990-0.000011*delta[0]-0.000028*delta[1]+0.000002*delta[2],-0.012573-0.000024*delta[0]-0.000039*delta[1]-0.000005*delta[2],-0.074955-0.000077*delta[0]-0.000291*delta[1]-0.000039*delta[2],-0.114429-0.000228*delta[0]-0.000422*delta[1]-0.000019*delta[2],-0.029716-0.000041*delta[0]-0.000115*delta[1]+0.000002*delta[2],-1.247994-0.001590*delta[0]-0.004374*delta[1]-0.000212*delta[2],-0.775026-0.001165*delta[0]-0.002890*delta[1]+0.000528*delta[2],-0.140879-0.000334*delta[0]-0.000551*delta[1]+0.000003*delta[2],-0.008862-0.000013*delta[0]-0.000038*delta[1]+0.000004*delta[2],-0.009223-0.000015*delta[0]-0.000039*delta[1]+0.000002*delta[2],-0.009243-0.000016*delta[0]-0.000031*delta[1]-0.000005*delta[2],-0.009009-0.000010*delta[0]-0.000038*delta[1]+0.000003*delta[2],-0.008434-0.000012*delta[0]-0.000037*delta[1]-0.000002*delta[2],-0.105064-0.000210*delta[0]-0.000463*delta[1]-0.000018*delta[2],-0.189257-0.000255*delta[0]-0.000636*delta[1]+0.000044*delta[2],-0.184077-0.000387*delta[0]-0.000867*delta[1]-0.000074*delta[2],-0.100890-0.000137*delta[0]-0.000379*delta[1]-0.000084*delta[2],-0.051943-0.000106*delta[0]-0.000174*delta[1]-0.000017*delta[2],-0.013384-0.000020*delta[0]-0.000046*delta[1]+0.000001*delta[2],-0.013458-0.000026*delta[0]-0.000045*delta[1]-0.000007*delta[2],-0.012299-0.000022*delta[0]-0.000050*delta[1]-0.000002*delta[2],-0.010811-0.000019*delta[0]-0.000041*delta[1]-0.000004*delta[2],-0.045601-0.000066*delta[0]-0.000154*delta[1]+0.000001*delta[2],-0.053146-0.000064*delta[0]-0.000228*delta[1]+0.000026*delta[2],-0.051802-0.000090*delta[0]-0.000226*delta[1]-0.000016*delta[2],-0.040615-0.000076*delta[0]-0.000158*delta[1]-0.000007*delta[2],-0.029841-0.000071*delta[0]-0.000125*delta[1]-0.000013*delta[2]
-0.016837-0.000036*delta[0]-0.000066*delta[1]-0.000002*delta[2],-0.014295-0.000033*delta[0]-0.000062*delta[1]-0.000007*delta[2],-0.012289-0.000033*delta[0]-0.000049*delta[1]-0.000003*delta[2],-0.009015-0.000016*delta[0]-0.000035*delta[1]+0.000002*delta[2],-0.009727-0.000019*delta[0]-0.000041*delta[1]+0.000002*delta[2],-0.009979-0.000023*delta[0]-0.000036*delta[1]+0.000005*delta[2],-0.009865-0.000015*delta[0]-0.000036*delta[1]-0.000003*delta[2],-0.009392-0.000019*delta[0]-0.000033*delta[1]+0.000001*delta[2],-0.008500-0.000020*delta[0]-0.000037*delta[1]+0.000002*delta[2],-0.018347-0.000026*delta[0]-0.000071*delta[1]+0.000009*delta[2],-0.020702-0.000024*delta[0]-0.000081*delta[1]+0.000007*delta[2],-0.019622-0.000040*delta[0]-0.000090*delta[1]+0.000002*delta[2],-0.017118-0.000033*delta[0]-0.000059*delta[1]+0.000004*delta[2],-0.014192-0.000024*delta[0]-0.000055*delta[1]+0.000007*delta[2],-0.070548-0.000148*delta[0]-0.000257*delta[1]+0.000030*delta[2],-0.059528-0.000059*delta[0]-0.000217*delta[1]+0.000001*delta[2],-0.041708-0.000098*delta[0]-0.000179*delta[1]+0.000011*delta[2],-0.252440-0.000662*delta[0]-0.001008*delta[1]+0.000146*delta[2],-0.253408-0.000668*delta[0]-0.001114*delta[1]-0.000043*delta[2],-0.121221-0.000203*delta[0]-0.000525*delta[1]+0.000183*delta[2],-0.056483-0.000168*delta[0]-0.000220*delta[1]-0.000016*delta[2],-0.007151-0.000010*delta[0]-0.000028*delta[1]+0.000003*delta[2],-0.007263-0.000014*delta[0]-0.000030*delta[1]-0.000001*delta[2],-0.006966-0.000013*delta[0]-0.000033*delta[1]+0.000005*delta[2],-0.012678-0.000020*delta[0]-0.000051*delta[1]+0.000007*delta[2],-0.054284-0.000102*delta[0]-0.000186*delta[1]+0.000000*delta[2],-0.073746-0.000139*delta[0]-0.000298*delta[1]-0.000012*delta[2],-0.029577-0.000067*delta[0]-0.000129*delta[1]-0.000001*delta[2],-0.112316-0.000210*delta[0]-0.000475*delta[1]-0.000002*delta[2],-0.117397-0.000177*delta[0]-0.000415*delta[1]-0.000032*delta[2],-0.082671-0.000173*delta[0]-0.000337*delta[1]-0.000002*delta[2],-0.007719-0.000015*delta[0]-0.000031*delta[1]+0.000002*delta[2],-0.008058-0.000011*delta[0]-0.000028*delta[1]-0.000004*delta[2],-0.008142-0.000014*delta[0]-0.000031*delta[1]-0.000005*delta[2],-0.008084-0.000018*delta[0]-0.000030*delta[1]+0.000002*delta[2],-0.007711-0.000012*delta[0]-0.000029*delta[1]+0.000002*delta[2],-0.032997-0.000086*delta[0]-0.000148*delta[1]+0.000006*delta[2],-0.040078-0.000088*delta[0]-0.000154*delta[1]+0.000004*delta[2],-0.042486-0.000101*delta[0]-0.000142*delta[1]+0.000005*delta[2],-0.037351-0.000089*delta[0]-0.000172*delta[1]+0.000015*delta[2],-0.029771-0.000061*delta[0]-0.000109*delta[1]+0.000020*delta[2],-0.009966-0.000015*delta[0]-0.000039*delta[1]-0.000006*delta[2],-0.010276-0.000021*delta[0]-0.000037*delta[1]-0.000001*delta[2],-0.009793-0.000030*delta[0]-0.000030*delta[1]+0.000006*delta[2],-0.008937-0.000020*delta[0]-0.000033*delta[1]+0.000003*delta[2],-0.019170-0.000052*delta[0]-0.000064*delta[1]+0.000003*delta[2],-0.020697-0.000042*delta[0]-0.000066*delta[1]+0.000009*delta[2],-0.020928-0.000051*delta[0]-0.000083*delta[1]-0.000003*delta[2],-0.019262-0.000042*delta[0]-0.000074*delta[1]-0.000008*delta[2],-0.016875-0.000035*delta[0]-0.000073*delta[1]+0.000003*delta[2]
-0.013360-0.000015*delta[0]-0.000051*delta[1]+0.000005*delta[2],-0.010245-0.000026*delta[0]-0.000041*delta[1]-0.000004*delta[2],-0.008644-0.000021*delta[0]-0.000029*delta[1]+0.000004*delta[2],-0.010196-0.000024*delta[0]-0.000032*delta[1]-0.000001*delta[2],-0.010298-0.000019*delta[0]-0.000036*delta[1]+0.000007*delta[2],-0.009972-0.000018*delta[0]-0.000034*delta[1]+0.000003*delta[2],-0.009279-0.000016*delta[0]-0.000039*delta[1]-0.000002*delta[2],-0.008389-0.000014*delta[0]-0.000032*delta[1]-0.000001*delta[2],-0.007299-0.000015*delta[0]-0.000027*delta[1]+0.000001*delta[2],-0.019276-0.000027*delta[0]-0.000062*delta[1]-0.000009*delta[2],-0.017384-0.000041*delta[0]-0.000064*delta[1]-0.000007*delta[2],-0.015068-0.000034*delta[0]-0.000057*delta[1]+0.000002*delta[2],-0.012534-0.000030*delta[0]-0.000045*delta[1]+0.000006*delta[2],-0.010161-0.000021*delta[0]-0.000035*delta[1]-0.000000*delta[2],-0.042263-0.000102*delta[0]-0.000159*delta[1]-0.000010*delta[2],-0.030992-0.000039*delta[0]-0.000107*delta[1]-0.000012*delta[2],-0.021839-0.000041*delta[0]-0.000090*delta[1]-0.000017*delta[2],-0.266571-0.000493*delta[0]-0.000970*delta[1]-0.000107*delta[2],-0.093547-0.000190*delta[0]-0.000341*delta[1]+0.000049*delta[2],-0.042367-0.000099*delta[0]-0.000148*delta[1]-0.000050*delta[2],-0.023296-0.000033*delta[0]-0.000084*delta[1]-0.000013*delta[2],-0.007860-0.000015*delta[0]-0.000027*delta[1]-0.000002*delta[2],-0.007686-0.000016*delta[0]-0.000025*delta[1]-0.000001*delta[2],-0.006742-0.000015*delta[0]-0.000024*delta[1]+0.000007*delta[2],-0.014924-0.000034*delta[0]-0.000049*delta[1]+0.000007*delta[2],-0.195651-0.000345*delta[0]-0.000682*delta[1]-0.000104*delta[2],-0.182467-0.000334*delta[0]-0.000625*delta[1]-0.000159*delta[2],-0.018190-0.000036*delta[0]-0.000066*delta[1]-0.000011*delta[2],-0.650297-0.001014*delta[0]-0.001852*delta[1]-0.000411*delta[2],-0.096602-0.000203*delta[0]-0.000332*delta[1]-0.000045*delta[2],-0.039543-0.000102*delta[0]-0.000181*delta[1]+0.000010*delta[2],-0.009752-0.000015*delta[0]-0.000035*delta[1]-0.000006*delta[2],-0.009681-0.000013*delta[0]-0.000031*delta[1]-0.000001*delta[2],-0.009264-0.000020*delta[0]-0.000032*delta[1]-0.000000*delta[2],-0.008655-0.000020*delta[0]-0.000031*delta[1]-0.000000*delta[2],-0.007809-0.000022*delta[0]-0.000028*delta[1]-0.000001*delta[2],-0.184848-0.000181*delta[0]-0.000478*delta[1]+0.000224*delta[2],-0.162723-0.000421*delta[0]-0.000494*delta[1]+0.000059*delta[2],-0.088559-0.000223*delta[0]-0.000303*delta[1]-0.000007*delta[2],-0.046511-0.000090*delta[0]-0.000163*delta[1]-0.000006*delta[2],-0.027275-0.000058*delta[0]-0.000092*delta[1]-0.000018*delta[2],-0.014274-0.000029*delta[0]-0.000047*delta[1]+0.000002*delta[2],-0.012581-0.000027*delta[0]-0.000051*delta[1]-0.000003*delta[2],-0.010951-0.000017*delta[0]-0.000042*delta[1]+0.000002*delta[2],-0.009280-0.000025*delta[0]-0.000026*delta[1]-0.000003*delta[2],-0.052633-0.000105*delta[0]-0.000212*delta[1]-0.000033*delta[2],-0.047915-0.000102*delta[0]-0.000198*delta[1]-0.000003*delta[2],-0.037826-0.000075*delta[0]-0.000116*delta[1]+0.000013*delta[2],-0.027065-0.000056*delta[0]-0.000087*delta[1]-0.000014*delta[2],-0.019444-0.000039*delta[0]-0.000068*delta[1]-0.000001*delta[2]
-0.013539-0.000031*delta[0]-0.000046*delta[1]+0.000003*delta[2],-0.010316-0.000024*delta[0]-0.000044*delta[1]-0.000003*delta[2],-0.008732-0.000013*delta[0]-0.000034*delta[1]-0.000001*delta[2],-0.010214-0.000022*delta[0]-0.000035*delta[1]-0.000005*delta[2],-0.010333-0.000022*delta[0]-0.000036*delta[1]+0.000007*delta[2],-0.009994-0.000022*delta[0]-0.000037*delta[1]+0.000002*delta[2],-0.009369-0.000015*delta[0]-0.000033*delta[1]-0.000006*delta[2],-0.008439-0.000025*delta[0]-0.000034*delta[1]-0.000005*delta[2],-0.007347-0.000014*delta[0]-0.000030*delta[1]+0.000003*delta[2],-0.019478-0.000037*delta[0]-0.000066*delta[1]+0.000001*delta[2],-0.017657-0.000038*delta[0]-0.000064*delta[1]-0.000011*delta[2],-0.015201-0.000028*delta[0]-0.000048*delta[1]-0.000010*delta[2],-0.012600-0.000025*delta[0]-0.000056*delta[1]+0.000001*delta[2],-0.010233-0.000018*delta[0]-0.000042*delta[1]-0.000005*delta[2],-0.043535-0.000121*delta[0]-0.000159*delta[1]-0.000001*delta[2],-0.031654-0.000070*delta[0]-0.000101*delta[1]-0.000008*delta[2],-0.022199-0.000032*delta[0]-0.000071*delta[1]-0.000006*delta[2],-0.292255-0.000807*delta[0]-0.000985*delta[1]-0.000011*delta[2],-0.096348-0.000112*delta[0]-0.000393*delta[1]-0.000077*delta[2],-0.042675-0.000087*delta[0]-0.000160*delta[1]+0.000043*delta[2],-0.023342-0.000049*delta[0]-0.000091*delta[1]+0.000007*delta[2],-0.007859-0.000013*delta[0]-0.000023*delta[1]-0.000000*delta[2],-0.007693-0.000014*delta[0]-0.000028*delta[1]+0.000001*delta[2],-0.006730-0.000011*delta[0]-0.000026*delta[1]-0.000001*delta[2],-0.015020-0.000039*delta[0]-0.000059*delta[1]+0.000001*delta[2],-0.199797-0.000364*delta[0]-0.000803*delta[1]+0.000224*delta[2],-0.185555-0.000491*delta[0]-0.000851*delta[1]-0.000130*delta[2],-0.018224-0.000048*delta[0]-0.000065*delta[1]-0.000009*delta[2],-0.664890-0.001229*delta[0]-0.002894*delta[1]-0.000104*delta[2],-0.101279-0.000262*delta[0]-0.000369*delta[1]-0.000006*delta[2],-0.040558-0.000105*delta[0]-0.000137*delta[1]-0.000007*delta[2],-0.009709-0.000024*delta[0]-0.000038*delta[1]-0.000008*delta[2],-0.009658-0.000021*delta[0]-0.000037*delta[1]-0.000004*delta[2],-0.009255-0.000021*delta[0]-0.000033*delta[1]-0.000010*delta[2],-0.008608-0.000013*delta[0]-0.000031*delta[1]+0.000000*delta[2],-0.007783-0.000015*delta[0]-0.000031*delta[1]-0.000001*delta[2],-0.170155-0.000469*delta[0]-0.000634*delta[1]+0.000026*delta[2],-0.152017-0.000404*delta[0]-0.000542*delta[1]+0.000099*delta[2],-0.085936-0.000205*delta[0]-0.000324*delta[1]-0.000061*delta[2],-0.045915-0.000089*delta[0]-0.000147*delta[1]-0.000033*delta[2],-0.027222-0.000052*delta[0]-0.000125*delta[1]+0.000002*delta[2],-0.014118-0.000030*delta[0]-0.000041*delta[1]-0.000001*delta[2],-0.012477-0.000021*delta[0]-0.000057*delta[1]+0.000002*delta[2],-0.010884-0.000018*delta[0]-0.000039*delta[1]-0.000012*delta[2],-0.009252-0.000009*delta[0]-0.000035*delta[1]-0.000003*delta[2],-0.050511-0.000076*delta[0]-0.000211*delta[1]-0.000005*delta[2],-0.046231-0.000131*delta[0]-0.000180*delta[1]-0.000026*delta[2],-0.036889-0.000033*delta[0]-0.000137*delta[1]-0.000001*delta[2],-0.026640-0.000044*delta[0]-0.000118*delta[1]-0.000011*delta[2],-0.019280-0.000038*delta[0]-0.000075*delta[1]+0.000011*delta[2]
-0.014323-0.000033*delta[0]-0.000058*delta[1]+0.000004*delta[2],-0.011431-0.000026*delta[0]-0.000046*delta[1]-0.000000*delta[2],-0.009764-0.000020*delta[0]-0.000039*delta[1]+0.000000*delta[2],-0.010177-0.000023*delta[0]-0.000034*delta[1]-0.000000*delta[2],-0.010549-0.000013*delta[0]-0.000046*delta[1]-0.000000*delta[2],-0.010445-0.000024*delta[0]-0.000035*delta[1]-0.000001*delta[2],-0.010006-0.000017*delta[0]-0.000033*delta[1]-0.000003*delta[2],-0.009185-0.000023*delta[0]-0.000028*delta[1]-0.000003*delta[2],-0.008068-0.000016*delta[0]-0.000029*delta[1]-0.000002*delta[2],-0.019226-0.000035*delta[0]-0.000068*delta[1]+0.000002*delta[2],-0.019078-0.000041*delta[0]-0.000071*delta[1]+0.000001*delta[2],-0.017037-0.000040*delta[0]-0.000074*delta[1]-0.000007*delta[2],-0.014399-0.000036*delta[0]-0.000051*delta[1]+0.000001*delta[2],-0.011738-0.000027*delta[0]-0.000051*delta[1]-0.000011*delta[2],-0.050473-0.000067*delta[0]-0.000227*delta[1]+0.000012*delta[2],-0.038879-0.000090*delta[0]-0.000171*delta[1]-0.000015*delta[2],-0.027618-0.000062*delta[0]-0.000124*delta[1]+0.000011*delta[2],-0.484143-0.001044*delta[0]-0.001531*delta[1]+0.000017*delta[2],-0.175329-0.000306*delta[0]-0.000783*delta[1]-0.000003*delta[2],-0.066998-0.000107*delta[0]-0.000273*delta[1]-0.000017*delta[2],-0.032769-0.000072*delta[0]-0.000105*delta[1]+0.000001*delta[2],-0.008045-0.000015*delta[0]-0.000030*delta[1]+0.000002*delta[2],-0.008025-0.000012*delta[0]-0.000031*delta[1]-0.000002*delta[2],-0.007239-0.000015*delta[0]-0.000024*delta[1]+0.000004*delta[2],-0.014953-0.000043*delta[0]-0.000063*delta[1]-0.000008*delta[2],-0.146768-0.000319*delta[0]-0.000587*delta[1]-0.000137*delta[2],-0.214943-0.000413*delta[0]-0.000893*delta[1]+0.000101*delta[2],-0.024087-0.000054*delta[0]-0.000101*delta[1]+0.000010*delta[2],-18.776856-0.046791*delta[0]-0.065757*delta[1]-0.009576*delta[2],-0.243556-0.000302*delta[0]-0.000808*delta[1]+0.000013*delta[2],-0.064301-0.000104*delta[0]-0.000267*delta[1]-0.000031*delta[2],-0.009818-0.000022*delta[0]-0.000044*delta[1]-0.000002*delta[2],-0.010008-0.000025*delta[0]-0.000039*delta[1]-0.000004*delta[2],-0.009797-0.000016*delta[0]-0.000033*delta[1]+0.000000*delta[2],-0.009349-0.000023*delta[0]-0.000027*delta[1]-0.000007*delta[2],-0.008551-0.000022*delta[0]-0.000029*delta[1]+0.000006*delta[2],-0.146172-0.000330*delta[0]-0.000544*delta[1]-0.000050*delta[2],-0.197882-0.000437*delta[0]-0.000843*delta[1]-0.000047*delta[2],-0.135194-0.000308*delta[0]-0.000601*delta[1]-0.000053*delta[2],-0.069117-0.000133*delta[0]-0.000246*delta[1]+0.000001*delta[2],-0.037784-0.000049*delta[0]-0.000146*delta[1]+0.000006*delta[2],-0.014524-0.000037*delta[0]-0.000055*delta[1]+0.000011*delta[2],-0.013732-0.000023*delta[0]-0.000063*delta[1]+0.000004*delta[2],-0.012191-0.000020*delta[0]-0.000044*delta[1]+0.000002*delta[2],-0.010456-0.000022*delta[0]-0.000051*delta[1]-0.000003*delta[2],-0.050038-0.000105*delta[0]-0.000196*delta[1]+0.000015*delta[2],-0.052029-0.000094*delta[0]-0.000181*delta[1]-0.000032*delta[2],-0.045157-0.000076*delta[0]-0.000159*delta[1]+0.000009*delta[2],-0.033538-0.000096*delta[0]-0.000139*delta[1]-0.000010*delta[2],-0.024181-0.000054*delta[0]-0.000093*delta[1]+0.000004*delta[2]
-0.013869-0.000025*delta[0]-0.000061*delta[1]-0.000007*delta[2],-0.010500-0.000018*delta[0]-0.000046*delta[1]+0.000003*delta[2],-0.008886-0.000015*delta[0]-0.000042*delta[1]+0.000003*delta[2],-0.010488-0.000028*delta[0]-0.000047*delta[1]-0.000007*delta[2],-0.010596-0.000026*delta[0]-0.000055*delta[1]-0.000008*delta[2],-0.010247-0.000026*delta[0]-0.000053*delta[1]-0.000000*delta[2],-0.009563-0.000025*delta[0]-0.000047*delta[1]-0.000002*delta[2],-0.008622-0.000023*delta[0]-0.000031*delta[1]-0.000001*delta[2],-0.007463-0.000018*delta[0]-0.000035*delta[1]-0.000004*delta[2],-0.020065-0.000032*delta[0]-0.000073*delta[1]-0.000008*delta[2],-0.018134-0.000039*delta[0]-0.000096*delta[1]-0.000023*delta[2],-0.015612-0.000033*delta[0]-0.000074*delta[1]+0.000006*delta[2],-0.012846-0.000037*delta[0]-0.000059*delta[1]+0.000001*delta[2],-0.010369-0.000019*delta[0]-0.000049*delta[1]-0.000005*delta[2],-0.045196-0.000111*delta[0]-0.000193*delta[1]+0.000018*delta[2],-0.032604-0.000053*delta[0]-0.000132*delta[1]-0.000013*delta[2],-0.022650-0.000039*delta[0]-0.000098*delta[1]+0.000004*delta[2],-0.307795-0.000604*delta[0]-0.001172*delta[1]-0.000246*delta[2],-0.097718-0.000248*delta[0]-0.000358*delta[1]+0.000013*delta[2],-0.042819-0.000133*delta[0]-0.000195*delta[1]+0.000013*delta[2],-0.023329-0.000042*delta[0]-0.000110*delta[1]+0.000003*delta[2],-0.008016-0.000015*delta[0]-0.000034*delta[1]-0.000007*delta[2],-0.007856-0.000016*delta[0]-0.000037*delta[1]-0.000001*delta[2],-0.006847-0.000015*delta[0]-0.000025*delta[1]+0.000001*delta[2],-0.015480-0.000025*delta[0]-0.000074*delta[1]+0.000003*delta[2],-0.220260-0.000470*delta[0]-0.000968*delta[1]-0.000083*delta[2],-0.205658-0.000561*delta[0]-0.000995*delta[1]-0.000092*delta[2],-0.018300-0.000027*delta[0]-0.000088*delta[1]+0.000017*delta[2],-0.686002-0.001009*delta[0]-0.003345*delta[1]+0.000108*delta[2],-0.101177-0.000185*delta[0]-0.000477*delta[1]+0.000053*delta[2],-0.040332-0.000040*delta[0]-0.000170*delta[1]-0.000010*delta[2],-0.009935-0.000020*delta[0]-0.000054*delta[1]+0.000001*delta[2],-0.009871-0.000015*delta[0]-0.000043*delta[1]+0.000000*delta[2],-0.009456-0.000023*delta[0]-0.000045*delta[1]+0.000003*delta[2],-0.008825-0.000019*delta[0]-0.000035*delta[1]+0.000005*delta[2],-0.007936-0.000018*delta[0]-0.000037*delta[1]-0.000003*delta[2],-0.179804-0.000338*delta[0]-0.000758*delta[1]-0.000130*delta[2],-0.159721-0.000363*delta[0]-0.000751*delta[1]+0.000082*delta[2],-0.088488-0.000229*delta[0]-0.000423*delta[1]-0.000045*delta[2],-0.046670-0.000113*delta[0]-0.000204*delta[1]+0.000001*delta[2],-0.027443-0.000050*delta[0]-0.000129*delta[1]+0.000004*delta[2],-0.014525-0.000032*delta[0]-0.000062*delta[1]-0.000001*delta[2],-0.012781-0.000030*delta[0]-0.000061*delta[1]-0.000003*delta[2],-0.011110-0.000030*delta[0]-0.000058*delta[1]+0.000002*delta[2],-0.009404-0.000017*delta[0]-0.000044*delta[1]+0.000003*delta[2],-0.052030-0.000149*delta[0]-0.000254*delta[1]-0.000012*delta[2],-0.047771-0.000098*delta[0]-0.000213*delta[1]-0.000044*delta[2],-0.037654-0.000090*delta[0]-0.000163*delta[1]+0.000019*delta[2],-0.027110-0.000064*delta[0]-0.000128*delta[1]-0.000001*delta[2],-0.019477-0.000032*delta[0]-0.000100*delta[1]-0.000009*delta[2]
-0.014604-0.000021*delta[0]-0.000058*delta[1]+0.000012*delta[2],-0.014152-0.000027*delta[0]-0.000057*delta[1]+0.000004*delta[2],-0.012923-0.000013*delta[0]-0.000054*delta[1]+0.000007*delta[2],-0.008807-0.000019*delta[0]-0.000033*delta[1]+0.000001*delta[2],-0.009803-0.000014*delta[0]-0.000028*delta[1]+0.000000*delta[2],-0.010575-0.000016*delta[0]-0.000044*delta[1]-0.000004*delta[2],-0.010873-0.000031*delta[0]-0.000041*delta[1]+0.000002*delta[2],-0.010783-0.000021*delta[0]-0.000045*delta[1]+0.000000*delta[2],-0.010026-0.000023*delta[0]-0.000043*delta[1]-0.000001*delta[2],-0.015226-0.000027*delta[0]-0.000064*delta[1]+0.000002*delta[2],-0.019905-0.000049*delta[0]-0.000079*delta[1]-0.000003*delta[2],-0.020403-0.000046*delta[0]-0.000087*delta[1]+0.000013*delta[2],-0.019356-0.000048*delta[0]-0.000076*delta[1]-0.000005*delta[2],-0.016827-0.000034*delta[0]-0.000068*delta[1]-0.000015*delta[2],-0.049595-0.000119*delta[0]-0.000204*delta[1]+0.000012*delta[2],-0.054969-0.000129*delta[0]-0.000222*delta[1]+0.000027*delta[2],-0.048500-0.000146*delta[0]-0.000190*delta[1]+0.000032*delta[2],-0.142721-0.000282*delta[0]-0.000526*delta[1]+0.000027*delta[2],-0.369155-0.000794*delta[0]-0.001407*delta[1]-0.000074*delta[2],-0.358794-0.000884*delta[0]-0.001519*delta[1]-0.000124*delta[2],-0.135168-0.000299*delta[0]-0.000605*delta[1]+0.000034*delta[2],-0.007683-0.000015*delta[0]-0.000030*delta[1]+0.000001*delta[2],-0.008176-0.000021*delta[0]-0.000033*delta[1]-0.000003*delta[2],-0.008280-0.000014*delta[0]-0.000033*delta[1]+0.000003*delta[2],-0.012333-0.000035*delta[0]-0.000050*delta[1]+0.000005*delta[2],-0.042190-0.000070*delta[0]-0.000173*delta[1]-0.000002*delta[2],-0.077957-0.000164*delta[0]-0.000311*delta[1]-0.000055*delta[2],-0.069231-0.000162*delta[0]-0.000337*delta[1]-0.000018*delta[2],-0.093294-0.000184*delta[0]-0.000366*delta[1]-0.000051*delta[2],-0.986286-0.002604*delta[0]-0.003585*delta[1]+0.000142*delta[2],-10.478069-0.013701*delta[0]-0.038450*delta[1]-0.002079*delta[2],-0.008763-0.000027*delta[0]-0.000037*delta[1]+0.000006*delta[2],-0.009626-0.000022*delta[0]-0.000035*delta[1]-0.000000*delta[2],-0.010186-0.000029*delta[0]-0.000040*delta[1]-0.000006*delta[2],-0.010452-0.000024*delta[0]-0.000037*delta[1]-0.000004*delta[2],-0.010195-0.000025*delta[0]-0.000038*delta[1]-0.000002*delta[2],-0.045398-0.000143*delta[0]-0.000194*delta[1]-0.000027*delta[2],-0.087522-0.000317*delta[0]-0.000379*delta[1]-0.000024*delta[2],-0.170211-0.000346*delta[0]-0.000712*delta[1]-0.000024*delta[2],-0.205070-0.000377*delta[0]-0.000887*delta[1]+0.000020*delta[2],-0.127181-0.000374*delta[0]-0.000501*delta[1]+0.000001*delta[2],-0.012935-0.000027*delta[0]-0.000053*delta[1]+0.000011*delta[2],-0.015146-0.000027*delta[0]-0.000069*delta[1]+0.000001*delta[2],-0.014876-0.000029*delta[0]-0.000052*delta[1]-0.000006*delta[2],-0.013736-0.000033*delta[0]-0.000043*delta[1]+0.000008*delta[2],-0.030407-0.000052*delta[0]-0.000100*delta[1]-0.000007*delta[2],-0.041298-0.000064*delta[0]-0.000144*delta[1]-0.000003*delta[2],-0.051591-0.000106*delta[0]-0.000217*delta[1]+0.000005*delta[2],-0.052063-0.000092*delta[0]-0.000231*delta[1]+0.000002*delta[2],-0.044275-0.000102*delta[0]-0.000165*delta[1]+0.000059*delta[2]
-0.014121-0.000029*delta[0]-0.000045*delta[1]-0.000009*delta[2],-0.014799-0.000029*delta[0]-0.000055*delta[1]+0.000002*delta[2],-0.013944-0.000033*delta[0]-0.000054*delta[1]-0.000005*delta[2],-0.008147-0.000016*delta[0]-0.000030*delta[1]+0.000004*delta[2],-0.009260-0.000018*delta[0]-0.000035*delta[1]-0.000007*delta[2],-0.010174-0.000011*delta[0]-0.000032*delta[1]-0.000002*delta[2],-0.010792-0.000028*delta[0]-0.000038*delta[1]-0.000004*delta[2],-0.010988-0.000034*delta[0]-0.000039*delta[1]-0.000008*delta[2],-0.010508-0.000027*delta[0]-0.000037*delta[1]-0.000003*delta[2],-0.013644-0.000025*delta[0]-0.000043*delta[1]+0.000001*delta[2],-0.018996-0.000041*delta[0]-0.000071*delta[1]+0.000005*delta[2],-0.020509-0.000037*delta[0]-0.000083*delta[1]-0.000010*delta[2],-0.020512-0.000046*delta[0]-0.000082*delta[1]+0.000007*delta[2],-0.018611-0.000037*delta[0]-0.000071*delta[1]-0.000017*delta[2],-0.043509-0.000076*delta[0]-0.000146*delta[1]+0.000017*delta[2],-0.054371-0.000069*delta[0]-0.000218*delta[1]+0.000003*delta[2],-0.054912-0.000134*delta[0]-0.000209*delta[1]-0.000028*delta[2],-0.081422-0.000172*delta[0]-0.000323*delta[1]+0.000072*delta[2],-0.219225-0.000337*delta[0]-0.000724*delta[1]-0.000021*delta[2],-0.482485-0.001226*delta[0]-0.001576*delta[1]-0.000209*delta[2],-0.265908-0.000511*delta[0]-0.000924*delta[1]-0.000073*delta[2],-0.007314-0.000016*delta[0]-0.000026*delta[1]+0.000003*delta[2],-0.007917-0.000017*delta[0]-0.000027*delta[1]+0.000002*delta[2],-0.008393-0.000017*delta[0]-0.000031*delta[1]-0.000000*delta[2],-0.011157-0.000019*delta[0]-0.000034*delta[1]-0.000004*delta[2],-0.030104-0.000054*delta[0]-0.000099*delta[1]+0.000009*delta[2],-0.051597-0.000078*delta[0]-0.000184*delta[1]-0.000026*delta[2],-0.104501-0.000249*delta[0]-0.000363*delta[1]-0.000041*delta[2],-0.053737-0.000113*delta[0]-0.000187*delta[1]+0.000025*delta[2],-0.207767-0.000282*delta[0]-0.000853*delta[1]-0.000168*delta[2],-13.265463-0.032491*delta[0]-0.052290*delta[1]-0.006179*delta[2],-0.008144-0.000015*delta[0]-0.000033*delta[1]+0.000000*delta[2],-0.009077-0.000013*delta[0]-0.000027*delta[1]-0.000005*delta[2],-0.009819-0.000025*delta[0]-0.000029*delta[1]-0.000001*delta[2],-0.010378-0.000017*delta[0]-0.000037*delta[1]-0.000000*delta[2],-0.010398-0.000027*delta[0]-0.000035*delta[1]-0.000002*delta[2],-0.031435-0.000055*delta[0]-0.000109*delta[1]+0.000013*delta[2],-0.055928-0.000108*delta[0]-0.000183*delta[1]+0.000029*delta[2],-0.107393-0.000220*delta[0]-0.000395*delta[1]+0.000100*delta[2],-0.178212-0.000221*delta[0]-0.000654*delta[1]+0.000174*delta[2],-0.168340-0.000455*delta[0]-0.000789*delta[1]-0.000015*delta[2],-0.011762-0.000037*delta[0]-0.000043*delta[1]-0.000008*delta[2],-0.014655-0.000020*delta[0]-0.000043*delta[1]-0.000003*delta[2],-0.014968-0.000029*delta[0]-0.000052*delta[1]+0.000005*delta[2],-0.014337-0.000037*delta[0]-0.000050*delta[1]-0.000004*delta[2],-0.023782-0.000050*delta[0]-0.000082*delta[1]-0.000005*delta[2],-0.032839-0.000055*delta[0]-0.000108*delta[1]+0.000001*delta[2],-0.043590-0.000087*delta[0]-0.000182*delta[1]+0.000014*delta[2],-0.049574-0.000049*delta[0]-0.000199*delta[1]-0.000020*delta[2],-0.048100-0.000084*delta[0]-0.000212*delta[1]+0.000006*delta[2]
-0.015246-0.000023*delta[0]-0.000056*delta[1]+0.000012*delta[2],-0.013714-0.000015*delta[0]-0.000047*delta[1]-0.000001*delta[2],-0.012189-0.000032*delta[0]-0.000036*delta[1]-0.000004*delta[2],-0.009790-0.000020*delta[0]-0.000034*delta[1]-0.000004*delta[2],-0.010724-0.000021*delta[0]-0.000041*delta[1]-0.000001*delta[2],-0.011256-0.000025*delta[0]-0.000042*delta[1]+0.000005*delta[2],-0.011301-0.000032*delta[0]-0.000039*delta[1]+0.000007*delta[2],-0.010853-0.000027*delta[0]-0.000040*delta[1]+0.000008*delta[2],-0.009833-0.000029*delta[0]-0.000037*delta[1]-0.000003*delta[2],-0.017459-0.000040*delta[0]-0.000051*delta[1]-0.000005*delta[2],-0.021156-0.000047*delta[0]-0.000074*delta[1]-0.000002*delta[2],-0.020592-0.000072*delta[0]-0.000070*delta[1]+0.000001*delta[2],-0.018479-0.000047*delta[0]-0.000059*delta[1]+0.000020*delta[2],-0.015542-0.000031*delta[0]-0.000048*delta[1]-0.000004*delta[2],-0.055128-0.000089*delta[0]-0.000238*delta[1]+0.000024*delta[2],-0.053382-0.000098*delta[0]-0.000167*delta[1]+0.000020*delta[2],-0.042089-0.000101*delta[0]-0.000115*delta[1]+0.000005*delta[2],-0.241130-0.000464*delta[0]-0.000763*delta[1]+0.000099*delta[2],-0.379229-0.000578*delta[0]-0.001244*delta[1]+0.000265*delta[2],-0.187694-0.000529*delta[0]-0.000524*delta[1]+0.000016*delta[2],-0.075631-0.000117*delta[0]-0.000285*delta[1]+0.000054*delta[2],-0.008336-0.000015*delta[0]-0.000032*delta[1]+0.000005*delta[2],-0.008650-0.000025*delta[0]-0.000038*delta[1]+0.000005*delta[2],-0.008384-0.000027*delta[0]-0.000028*delta[1]-0.000001*delta[2],-0.014161-0.000031*delta[0]-0.000043*delta[1]+0.000002*delta[2],-0.064299-0.000064*delta[0]-0.000196*delta[1]+0.000026*delta[2],-0.133407-0.000313*delta[0]-0.000442*delta[1]-0.000024*delta[2],-0.047973-0.000114*delta[0]-0.000183*delta[1]+0.000017*delta[2],-0.380010-0.000866*delta[0]-0.001387*delta[1]+0.000006*delta[2],-4.044217-0.009929*delta[0]-0.015793*delta[1]+0.001595*delta[2],-0.407417-0.000623*delta[0]-0.001361*delta[1]+0.000041*delta[2],-0.009796-0.000014*delta[0]-0.000035*delta[1]+0.000003*delta[2],-0.010583-0.000014*delta[0]-0.000037*delta[1]+0.000007*delta[2],-0.010916-0.000023*delta[0]-0.000035*delta[1]-0.000001*delta[2],-0.010874-0.000029*delta[0]-0.000047*delta[1]+0.000005*delta[2],-0.010288-0.000020*delta[0]-0.000040*delta[1]+0.000004*delta[2],-0.073831-0.000205*delta[0]-0.000249*delta[1]+0.000002*delta[2],-0.167773-0.000205*delta[0]-0.000658*delta[1]+0.000072*delta[2],-0.303704-0.000992*delta[0]-0.001066*delta[1]+0.000221*delta[2],-0.206169-0.000330*delta[0]-0.000691*delta[1]+0.000132*delta[2],-0.091850-0.000181*delta[0]-0.000286*delta[1]+0.000011*delta[2],-0.014957-0.000022*delta[0]-0.000058*delta[1]+0.000018*delta[2],-0.016397-0.000036*delta[0]-0.000053*delta[1]+0.000003*delta[2],-0.015340-0.000033*delta[0]-0.000056*delta[1]+0.000008*delta[2],-0.013650-0.000028*delta[0]-0.000047*delta[1]-0.000007*delta[2],-0.042193-0.000088*delta[0]-0.000160*delta[1]+0.000020*delta[2],-0.056564-0.000099*delta[0]-0.000199*delta[1]+0.000012*delta[2],-0.064642-0.000120*delta[0]-0.000203*delta[1]+0.000053*delta[2],-0.055800-0.000131*delta[0]-0.000166*delta[1]-0.000059*delta[2],-0.041537-0.000090*delta[0]-0.000114*delta[1]+0.000008*delta[2]
-0.014218-0.000031*delta[0]-0.000064*delta[1]-0.000012*delta[2],-0.014798-0.000028*delta[0]-0.000066*delta[1]-0.000002*delta[2],-0.013873-0.000026*delta[0]-0.000053*delta[1]-0.000005*delta[2],-0.008940-0.000019*delta[0]-0.000037*delta[1]-0.000006*delta[2],-0.010213-0.000023*delta[0]-0.000045*delta[1]-0.000005*delta[2],-0.011278-0.000019*delta[0]-0.000048*delta[1]-0.000006*delta[2],-0.011988-0.000024*delta[0]-0.000048*delta[1]+0.000007*delta[2],-0.012173-0.000032*delta[0]-0.000055*delta[1]-0.000009*delta[2],-0.011537-0.000013*delta[0]-0.000049*delta[1]-0.000001*delta[2],-0.014200-0.000027*delta[0]-0.000059*delta[1]-0.000001*delta[2],-0.019960-0.000046*delta[0]-0.000088*delta[1]-0.000003*delta[2],-0.021581-0.000051*delta[0]-0.000098*delta[1]+0.000001*delta[2],-0.021323-0.000061*delta[0]-0.000097*delta[1]-0.000009*delta[2],-0.019215-0.000031*delta[0]-0.000067*delta[1]-0.000027*delta[2],-0.039785-0.000106*delta[0]-0.000155*delta[1]+0.000001*delta[2],-0.048173-0.000073*delta[0]-0.000211*delta[1]-0.000057*delta[2],-0.048267-0.000067*delta[0]-0.000216*delta[1]-0.000031*delta[2],-0.067588-0.000150*delta[0]-0.000245*delta[1]-0.000054*delta[2],-0.126698-0.000243*delta[0]-0.000665*delta[1]-0.000042*delta[2],-0.175146-0.000380*delta[0]-0.000660*delta[1]-0.000138*delta[2],-0.127784-0.000340*delta[0]-0.000562*delta[1]-0.000031*delta[2],-0.008275-0.000022*delta[0]-0.000027*delta[1]-0.000007*delta[2],-0.008982-0.000017*delta[0]-0.000041*delta[1]-0.000005*delta[2],-0.009513-0.000021*delta[0]-0.000041*delta[1]-0.000002*delta[2],-0.012375-0.000029*delta[0]-0.000049*delta[1]+0.000004*delta[2],-0.030246-0.000065*delta[0]-0.000123*delta[1]-0.000008*delta[2],-0.054788-0.000098*delta[0]-0.000196*delta[1]-0.000012*delta[2],-0.109282-0.000242*delta[0]-0.000431*delta[1]-0.000097*delta[2],-0.076257-0.000153*delta[0]-0.000357*delta[1]-0.000004*delta[2],-0.212999-0.000380*delta[0]-0.000788*delta[1]-0.000071*delta[2],-0.522386-0.001598*delta[0]-0.002135*delta[1]-0.000248*delta[2],-0.009549-0.000027*delta[0]-0.000042*delta[1]-0.000005*delta[2],-0.010785-0.000018*delta[0]-0.000042*delta[1]+0.000009*delta[2],-0.011824-0.000030*delta[0]-0.000050*delta[1]+0.000004*delta[2],-0.012509-0.000027*delta[0]-0.000055*delta[1]-0.000016*delta[2],-0.012428-0.000025*delta[0]-0.000041*delta[1]-0.000010*delta[2],-0.032924-0.000048*delta[0]-0.000127*delta[1]-0.000014*delta[2],-0.070630-0.000101*delta[0]-0.000286*delta[1]-0.000027*delta[2],-0.221512-0.000433*delta[0]-0.001007*delta[1]-0.000112*delta[2],-0.987856-0.002534*delta[0]-0.003641*delta[1]+0.000429*delta[2],-0.564137-0.001049*delta[0]-0.002257*delta[1]-0.000481*delta[2],-0.014866-0.000015*delta[0]-0.000068*delta[1]-0.000010*delta[2],-0.019373-0.000036*delta[0]-0.000075*delta[1]+0.000010*delta[2],-0.019666-0.000045*delta[0]-0.000080*delta[1]+0.000008*delta[2],-0.018426-0.000034*delta[0]-0.000084*delta[1]-0.000001*delta[2],-0.031876-0.000045*delta[0]-0.000149*delta[1]-0.000012*delta[2],-0.051221-0.000105*delta[0]-0.000213*delta[1]+0.000010*delta[2],-0.081954-0.000141*delta[0]-0.000314*delta[1]-0.000082*delta[2],-0.103436-0.000308*delta[0]-0.000525*delta[1]-0.000141*delta[2],-0.092662-0.000267*delta[0]-0.000391*delta[1]+0.000001*delta[2]
-0.018199-0.000032*delta[0]-0.000084*delta[1]-0.000004*delta[2],-0.019578-0.000032*delta[0]-0.000078*delta[1]+0.000012*delta[2],-0.018275-0.000039*delta[0]-0.000079*delta[1]+0.000013*delta[2],-0.009110-0.000016*delta[0]-0.000030*delta[1]+0.000006*delta[2],-0.010546-0.000019*delta[0]-0.000045*delta[1]-0.000002*delta[2],-0.011827-0.000020*delta[0]-0.000053*delta[1]+0.000002*delta[2],-0.012719-0.000018*delta[0]-0.000042*delta[1]+0.000003*delta[2],-0.013056-0.000019*delta[0]-0.000047*delta[1]+0.000004*delta[2],-0.012471-0.000022*delta[0]-0.000055*delta[1]-0.000001*delta[2],-0.016102-0.000019*delta[0]-0.000056*delta[1]+0.000002*delta[2],-0.024658-0.000059*delta[0]-0.000100*delta[1]-0.000008*delta[2],-0.027624-0.000050*delta[0]-0.000119*delta[1]+0.000004*delta[2],-0.027720-0.000057*delta[0]-0.000112*delta[1]+0.000023*delta[2],-0.024636-0.000030*delta[0]-0.000096*delta[1]+0.000017*delta[2],-0.065277-0.000095*delta[0]-0.000261*delta[1]+0.000048*delta[2],-0.097212-0.000247*delta[0]-0.000392*delta[1]+0.000044*delta[2],-0.102541-0.000241*delta[0]-0.000435*delta[1]+0.000044*delta[2],-0.052095-0.000071*delta[0]-0.000223*delta[1]+0.000038*delta[2],-0.198555-0.000457*delta[0]-0.000756*delta[1]+0.000020*delta[2],-17.486038-0.035341*delta[0]-0.058469*delta[1]+0.007246*delta[2],-0.691747-0.001689*delta[0]-0.002999*delta[1]-0.000185*delta[2],-0.008082-0.000014*delta[0]-0.000037*delta[1]+0.000002*delta[2],-0.008815-0.000017*delta[0]-0.000036*delta[1]+0.000001*delta[2],-0.009519-0.000011*delta[0]-0.000041*delta[1]+0.000006*delta[2],-0.012547-0.000025*delta[0]-0.000058*delta[1]+0.000000*delta[2],-0.029749-0.000053*delta[0]-0.000125*delta[1]+0.000019*delta[2],-0.052257-0.000098*delta[0]-0.000203*delta[1]+0.000004*delta[2],-0.140259-0.000369*delta[0]-0.000572*delta[1]+0.000165*delta[2],-0.065621-0.000110*delta[0]-0.000269*delta[1]+0.000032*delta[2],-0.164426-0.000236*delta[0]-0.000658*delta[1]+0.000064*delta[2],-0.417772-0.000866*delta[0]-0.002074*delta[1]+0.000342*delta[2],-0.008631-0.000013*delta[0]-0.000035*delta[1]-0.000001*delta[2],-0.009701-0.000013*delta[0]-0.000048*delta[1]+0.000003*delta[2],-0.010623-0.000022*delta[0]-0.000039*delta[1]+0.000005*delta[2],-0.011321-0.000027*delta[0]-0.000045*delta[1]+0.000009*delta[2],-0.011392-0.000019*delta[0]-0.000032*delta[1]+0.000011*delta[2],-0.027196-0.000034*delta[0]-0.000105*delta[1]+0.000032*delta[2],-0.043872-0.000095*delta[0]-0.000139*delta[1]+0.000024*delta[2],-0.072672-0.000166*delta[0]-0.000294*delta[1]+0.000004*delta[2],-0.103874-0.000146*delta[0]-0.000497*delta[1]+0.000111*delta[2],-0.107355-0.000225*delta[0]-0.000466*delta[1]+0.000029*delta[2],-0.011891-0.000027*delta[0]-0.000034*delta[1]+0.000021*delta[2],-0.015110-0.000035*delta[0]-0.000060*delta[1]+0.000011*delta[2],-0.015568-0.000026*delta[0]-0.000054*delta[1]+0.000006*delta[2],-0.015062-0.000015*delta[0]-0.000055*delta[1]+0.000007*delta[2],-0.020532-0.000047*delta[0]-0.000076*delta[1]+0.000013*delta[2],-0.027070-0.000044*delta[0]-0.000103*delta[1]+0.000028*delta[2],-0.034518-0.000063*delta[0]-0.000140*delta[1]+0.000008*delta[2],-0.038905-0.000083*delta[0]-0.000122*delta[1]+0.000027*delta[2],-0.038696-0.000059*delta[0]-0.000141*delta[1]+0.000003*delta[2]
-0.016972-0.000034*delta[0]-0.000070*delta[1]-0.000013*delta[2],-0.020158-0.000041*delta[0]-0.000085*delta[1]+0.000010*delta[2],-0.019693-0.000043*delta[0]-0.000079*delta[1]+0.000002*delta[2],-0.008250-0.000012*delta[0]-0.000036*delta[1]-0.000001*delta[2],-0.009688-0.000021*delta[0]-0.000045*delta[1]-0.000002*delta[2],-0.011035-0.000027*delta[0]-0.000041*delta[1]-0.000007*delta[2],-0.012214-0.000026*delta[0]-0.000051*delta[1]+0.000003*delta[2],-0.012988-0.000025*delta[0]-0.000060*delta[1]-0.000001*delta[2],-0.012825-0.000016*delta[0]-0.000065*delta[1]+0.000006*delta[2],-0.013851-0.000032*delta[0]-0.000054*delta[1]+0.000000*delta[2],-0.022205-0.000044*delta[0]-0.000098*delta[1]+0.000001*delta[2],-0.026435-0.000050*delta[0]-0.000122*delta[1]-0.000021*delta[2],-0.028465-0.000031*delta[0]-0.000141*delta[1]+0.000031*delta[2],-0.027121-0.000049*delta[0]-0.000109*delta[1]-0.000029*delta[2],-0.049000-0.000082*delta[0]-0.000210*delta[1]-0.000040*delta[2],-0.080275-0.000170*delta[0]-0.000299*delta[1]+0.000039*delta[2],-0.107819-0.000283*delta[0]-0.000479*delta[1]+0.000043*delta[2],-0.035417-0.000099*delta[0]-0.000149*delta[1]-0.000016*delta[2],-0.088926-0.000159*delta[0]-0.000351*delta[1]+0.000040*delta[2],-0.516970-0.001176*delta[0]-0.002483*delta[1]+0.000358*delta[2],-10.518599-0.023497*delta[0]-0.047847*delta[1]-0.005251*delta[2],-0.007555-0.000015*delta[0]-0.000032*delta[1]-0.000001*delta[2],-0.008329-0.000020*delta[0]-0.000037*delta[1]+0.000001*delta[2],-0.009414-0.000015*delta[0]-0.000046*delta[1]+0.000006*delta[2],-0.011048-0.000018*delta[0]-0.000051*delta[1]+0.000002*delta[2],-0.021756-0.000032*delta[0]-0.000102*delta[1]+0.000024*delta[2],-0.034754-0.000059*delta[0]-0.000153*delta[1]-0.000009*delta[2],-0.201572-0.000476*delta[0]-0.000837*delta[1]-0.000128*delta[2],-0.041278-0.000101*delta[0]-0.000170*delta[1]-0.000002*delta[2],-0.085737-0.000165*delta[0]-0.000354*delta[1]-0.000044*delta[2],-0.208283-0.000541*delta[0]-0.000869*delta[1]-0.000028*delta[2],-0.007812-0.000011*delta[0]-0.000033*delta[1]+0.000001*delta[2],-0.008931-0.000019*delta[0]-0.000040*delta[1]-0.000001*delta[2],-0.009929-0.000018*delta[0]-0.000039*delta[1]+0.000004*delta[2],-0.010806-0.000016*delta[0]-0.000041*delta[1]+0.000001*delta[2],-0.011238-0.000023*delta[0]-0.000041*delta[1]+0.000007*delta[2],-0.020219-0.000032*delta[0]-0.000079*delta[1]+0.000002*delta[2],-0.030717-0.000059*delta[0]-0.000132*delta[1]+0.000001*delta[2],-0.049144-0.000092*delta[0]-0.000222*delta[1]-0.000016*delta[2],-0.074789-0.000157*delta[0]-0.000292*delta[1]+0.000012*delta[2],-0.096436-0.000192*delta[0]-0.000412*delta[1]-0.000020*delta[2],-0.010507-0.000025*delta[0]-0.000047*delta[1]-0.000003*delta[2],-0.013877-0.000025*delta[0]-0.000052*delta[1]+0.000008*delta[2],-0.014915-0.000015*delta[0]-0.000076*delta[1]-0.000003*delta[2],-0.015003-0.000030*delta[0]-0.000065*delta[1]+0.000007*delta[2],-0.016292-0.000032*delta[0]-0.000061*delta[1]+0.000002*delta[2],-0.021349-0.000036*delta[0]-0.000087*delta[1]+0.000006*delta[2],-0.027735-0.000038*delta[0]-0.000115*delta[1]-0.000015*delta[2],-0.033345-0.000069*delta[0]-0.000126*delta[1]-0.000013*delta[2],-0.036259-0.000089*delta[0]-0.000152*delta[1]+0.000009*delta[2]
-0.017609-0.000037*delta[0]-0.000060*delta[1]+0.000008*delta[2],-0.021036-0.000046*delta[0]-0.000074*delta[1]+0.000014*delta[2],-0.020554-0.000030*delta[0]-0.000086*delta[1]-0.000008*delta[2],-0.008590-0.000019*delta[0]-0.000040*delta[1]-0.000002*delta[2],-0.010137-0.000019*delta[0]-0.000045*delta[1]+0.000002*delta[2],-0.011635-0.000026*delta[0]-0.000047*delta[1]-0.000007*delta[2],-0.012948-0.000025*delta[0]-0.000057*delta[1]-0.000012*delta[2],-0.013742-0.000032*delta[0]-0.000041*delta[1]+0.000009*delta[2],-0.013540-0.000029*delta[0]-0.000057*delta[1]+0.000006*delta[2],-0.014371-0.000023*delta[0]-0.000051*delta[1]+0.000000*delta[2],-0.023481-0.000057*delta[0]-0.000085*delta[1]-0.000025*delta[2],-0.028142-0.000045*delta[0]-0.000108*delta[1]+0.000004*delta[2],-0.030358-0.000043*delta[0]-0.000131*delta[1]-0.000020*delta[2],-0.028838-0.000042*delta[0]-0.000121*delta[1]+0.000000*delta[2],-0.051119-0.000089*delta[0]-0.000201*delta[1]+0.000025*delta[2],-0.085756-0.000195*delta[0]-0.000387*delta[1]-0.000022*delta[2],-0.118231-0.000243*delta[0]-0.000492*delta[1]+0.000080*delta[2],-0.030079-0.000057*delta[0]-0.000111*delta[1]+0.000011*delta[2],-0.078923-0.000172*delta[0]-0.000282*delta[1]-0.000052*delta[2],-0.515729-0.001061*delta[0]-0.001422*delta[1]-0.000380*delta[2],-11.877946-0.021182*delta[0]-0.046851*delta[1]-0.000192*delta[2],-0.007908-0.000020*delta[0]-0.000032*delta[1]+0.000001*delta[2],-0.008775-0.000020*delta[0]-0.000035*delta[1]-0.000001*delta[2],-0.009954-0.000026*delta[0]-0.000032*delta[1]+0.000004*delta[2],-0.011509-0.000025*delta[0]-0.000045*delta[1]-0.000009*delta[2],-0.021794-0.000025*delta[0]-0.000099*delta[1]+0.000016*delta[2],-0.035544-0.000114*delta[0]-0.000152*delta[1]-0.000010*delta[2],-0.265243-0.000602*delta[0]-0.001049*delta[1]-0.000034*delta[2],-0.041902-0.000104*delta[0]-0.000133*delta[1]-0.000027*delta[2],-0.088185-0.000205*delta[0]-0.000423*delta[1]-0.000058*delta[2],-0.222195-0.000558*delta[0]-0.000696*delta[1]+0.000032*delta[2],-0.008230-0.000023*delta[0]-0.000032*delta[1]-0.000003*delta[2],-0.009457-0.000013*delta[0]-0.000044*delta[1]-0.000000*delta[2],-0.010552-0.000029*delta[0]-0.000035*delta[1]-0.000005*delta[2],-0.011598-0.000022*delta[0]-0.000045*delta[1]-0.000003*delta[2],-0.012019-0.000022*delta[0]-0.000049*delta[1]+0.000007*delta[2],-0.020911-0.000039*delta[0]-0.000087*delta[1]-0.000004*delta[2],-0.032537-0.000084*delta[0]-0.000130*delta[1]-0.000007*delta[2],-0.053885-0.000109*delta[0]-0.000172*delta[1]+0.000016*delta[2],-0.086541-0.000144*delta[0]-0.000370*delta[1]-0.000025*delta[2],-0.115584-0.000247*delta[0]-0.000487*delta[1]+0.000015*delta[2],-0.011205-0.000019*delta[0]-0.000045*delta[1]+0.000002*delta[2],-0.015013-0.000037*delta[0]-0.000053*delta[1]-0.000003*delta[2],-0.016199-0.000038*delta[0]-0.000059*delta[1]-0.000006*delta[2],-0.016255-0.000037*delta[0]-0.000057*delta[1]-0.000021*delta[2],-0.017215-0.000051*delta[0]-0.000069*delta[1]-0.000014*delta[2],-0.023053-0.000048*delta[0]-0.000086*delta[1]-0.000009*delta[2],-0.030496-0.000063*delta[0]-0.000098*delta[1]-0.000012*delta[2],-0.037404-0.000071*delta[0]-0.000150*delta[1]+0.000016*delta[2],-0.041010-0.000059*delta[0]-0.000151*delta[1]+0.000017*delta[2]
-0.020257-0.000045*delta[0]-0.000072*delta[1]+0.000016*delta[2],-0.017918-0.000040*delta[0]-0.000081*delta[1]+0.000002*delta[2],-0.015284-0.000032*delta[0]-0.000060*delta[1]+0.000002*delta[2],-0.011594-0.000019*delta[0]-0.000040*delta[1]+0.000007*delta[2],-0.012954-0.000022*delta[0]-0.000045*delta[1]-0.000004*delta[2],-0.013792-0.000028*delta[0]-0.000043*delta[1]+0.000012*delta[2],-0.013903-0.000015*delta[0]-0.000058*delta[1]+0.000010*delta[2],-0.013303-0.000021*delta[0]-0.000047*delta[1]+0.000002*delta[2],-0.011812-0.000017*delta[0]-0.000050*delta[1]+0.000002*delta[2],-0.022398-0.000029*delta[0]-0.000099*delta[1]-0.000004*delta[2],-0.029295-0.000055*delta[0]-0.000107*delta[1]+0.000004*delta[2],-0.028496-0.000056*delta[0]-0.000121*delta[1]+0.000016*delta[2],-0.024755-0.000049*delta[0]-0.000111*delta[1]+0.000007*delta[2],-0.019850-0.000030*delta[0]-0.000080*delta[1]-0.000011*delta[2],-0.098876-0.000186*delta[0]-0.000370*delta[1]+0.000047*delta[2],-0.096005-0.000234*delta[0]-0.000413*delta[1]+0.000042*delta[2],-0.065784-0.000194*delta[0]-0.000240*delta[1]-0.000003*delta[2],-0.336423-0.000686*delta[0]-0.001417*delta[1]+0.000007*delta[2],-1.049814-0.002138*delta[0]-0.004029*delta[1]+0.000161*delta[2],-0.319839-0.000748*delta[0]-0.001008*delta[1]+0.000161*delta[2],-0.089987-0.000176*delta[0]-0.000362*delta[1]+0.000038*delta[2],-0.009659-0.000018*delta[0]-0.000034*delta[1]+0.000004*delta[2],-0.010132-0.000023*delta[0]-0.000044*delta[1]-0.000003*delta[2],-0.009857-0.000014*delta[0]-0.000038*delta[1]+0.000007*delta[2],-0.017240-0.000043*delta[0]-0.000073*delta[1]-0.000013*delta[2],-0.068134-0.000130*delta[0]-0.000301*delta[1]-0.000022*delta[2],-0.186916-0.000211*delta[0]-0.000675*delta[1]-0.000003*delta[2],-0.053422-0.000129*delta[0]-0.000220*delta[1]-0.000039*delta[2],-0.237498-0.000297*delta[0]-0.000944*delta[1]+0.000192*delta[2],-0.588314-0.001241*delta[0]-0.002622*delta[1]+0.000333*delta[2],-0.292945-0.000490*delta[0]-0.001014*delta[1]-0.000064*delta[2],-0.011089-0.000023*delta[0]-0.000054*delta[1]-0.000008*delta[2],-0.012190-0.000018*delta[0]-0.000043*delta[1]+0.000002*delta[2],-0.012626-0.000026*delta[0]-0.000042*delta[1]-0.000002*delta[2],-0.012590-0.000021*delta[0]-0.000049*delta[1]+0.000009*delta[2],-0.011920-0.000026*delta[0]-0.000051*delta[1]-0.000000*delta[2],-0.062767-0.000097*delta[0]-0.000245*delta[1]+0.000015*delta[2],-0.122051-0.000241*delta[0]-0.000527*delta[1]+0.000020*delta[2],-0.201036-0.000324*delta[0]-0.000814*delta[1]-0.000042*delta[2],-0.160846-0.000296*delta[0]-0.000633*delta[1]-0.000005*delta[2],-0.086524-0.000226*delta[0]-0.000397*delta[1]-0.000014*delta[2],-0.016593-0.000021*delta[0]-0.000075*delta[1]+0.000001*delta[2],-0.018566-0.000022*delta[0]-0.000059*delta[1]+0.000002*delta[2],-0.017434-0.000031*delta[0]-0.000062*delta[1]+0.000024*delta[2],-0.015361-0.000023*delta[0]-0.000056*delta[1]-0.000002*delta[2],-0.038477-0.000054*delta[0]-0.000183*delta[1]-0.000011*delta[2],-0.050797-0.000085*delta[0]-0.000196*delta[1]-0.000009*delta[2],-0.057844-0.000104*delta[0]-0.000273*delta[1]+0.000024*delta[2],-0.051931-0.000094*delta[0]-0.000181*delta[1]+0.000013*delta[2],-0.039955-0.000059*delta[0]-0.000161*delta[1]+0.000013*delta[2]
-0.013559-0.000025*delta[0]-0.000058*delta[1]-0.000004*delta[2],-0.010210-0.000019*delta[0]-0.000041*delta[1]-0.000002*delta[2],-0.008610-0.000018*delta[0]-0.000038*delta[1]+0.000003*delta[2],-0.012546-0.000021*delta[0]-0.000048*delta[1]+0.000000*delta[2],-0.012604-0.000015*delta[0]-0.000044*delta[1]-0.000005*delta[2],-0.011979-0.000021*delta[0]-0.000050*delta[1]-0.000010*delta[2],-0.010938-0.000024*delta[0]-0.000043*delta[1]+0.000004*delta[2],-0.009662-0.000015*delta[0]-0.000049*delta[1]+0.000006*delta[2],-0.008180-0.000014*delta[0]-0.000032*delta[1]-0.000003*delta[2],-0.021032-0.000049*delta[0]-0.000074*delta[1]+0.000011*delta[2],-0.018609-0.000032*delta[0]-0.000071*delta[1]+0.000010*delta[2],-0.015767-0.000045*delta[0]-0.000066*delta[1]+0.000002*delta[2],-0.012904-0.000031*delta[0]-0.000051*delta[1]+0.000001*delta[2],-0.010360-0.000025*delta[0]-0.000043*delta[1]-0.000002*delta[2],-0.033906-0.000069*delta[0]-0.000134*delta[1]+0.000002*delta[2],-0.026089-0.000051*delta[0]-0.000097*delta[1]-0.000015*delta[2],-0.019302-0.000026*delta[0]-0.000066*delta[1]+0.000001*delta[2],-0.078324-0.000173*delta[0]-0.000309*delta[1]+0.000060*delta[2],-0.051441-0.000089*delta[0]-0.000227*delta[1]-0.000015*delta[2],-0.032126-0.000059*delta[0]-0.000131*delta[1]+0.000004*delta[2],-0.020732-0.000036*delta[0]-0.000081*delta[1]-0.000003*delta[2],-0.009987-0.000027*delta[0]-0.000042*delta[1]+0.000001*delta[2],-0.009635-0.000018*delta[0]-0.000038*delta[1]-0.000005*delta[2],-0.008079-0.000014*delta[0]-0.000034*delta[1]-0.000005*delta[2],-0.019067-0.000033*delta[0]-0.000074*delta[1]-0.000004*delta[2],-0.149093-0.000263*delta[0]-0.000592*delta[1]-0.000035*delta[2],-0.150958-0.000303*delta[0]-0.000596*delta[1]-0.000121*delta[2],-0.017705-0.000020*delta[0]-0.000070*delta[1]-0.000003*delta[2],-0.132904-0.000269*delta[0]-0.000625*delta[1]+0.000028*delta[2],-0.073489-0.000164*delta[0]-0.000262*delta[1]-0.000042*delta[2],-0.039475-0.000063*delta[0]-0.000147*delta[1]+0.000003*delta[2],-0.013838-0.000028*delta[0]-0.000059*delta[1]+0.000002*delta[2],-0.013598-0.000022*delta[0]-0.000047*delta[1]+0.000001*delta[2],-0.012634-0.000023*delta[0]-0.000050*delta[1]-0.000006*delta[2],-0.011380-0.000026*delta[0]-0.000046*delta[1]+0.000003*delta[2],-0.009851-0.000017*delta[0]-0.000037*delta[1]+0.000001*delta[2],-13.206159-0.035232*delta[0]-0.066650*delta[1]-0.011484*delta[2],-0.648470-0.001051*delta[0]-0.002382*delta[1]-0.000097*delta[2],-0.099783-0.000200*delta[0]-0.000376*delta[1]+0.000003*delta[2],-0.037633-0.000061*delta[0]-0.000134*delta[1]+0.000007*delta[2],-0.020921-0.000061*delta[0]-0.000086*delta[1]-0.000014*delta[2],-0.024039-0.000032*delta[0]-0.000096*delta[1]-0.000006*delta[2],-0.018845-0.000040*delta[0]-0.000083*delta[1]-0.000011*delta[2],-0.015176-0.000029*delta[0]-0.000059*delta[1]-0.000007*delta[2],-0.012033-0.000023*delta[0]-0.000039*delta[1]-0.000000*delta[2],-0.258667-0.000740*delta[0]-0.000976*delta[1]-0.000122*delta[2],-0.171022-0.000243*delta[0]-0.000483*delta[1]-0.000042*delta[2],-0.081506-0.000136*delta[0]-0.000303*delta[1]-0.000040*delta[2],-0.041442-0.000087*delta[0]-0.000135*delta[1]-0.000007*delta[2],-0.024387-0.000049*delta[0]-0.000099*delta[1]-0.000004*delta[2]
-0.014250-0.000020*delta[0]-0.000054*delta[1]-0.000000*delta[2],-0.011246-0.000020*delta[0]-0.000040*delta[1]-0.000002*delta[2],-0.009599-0.000022*delta[0]-0.000035*delta[1]+0.000004*delta[2],-0.012260-0.000022*delta[0]-0.000049*delta[1]+0.000001*delta[2],-0.012734-0.000024*delta[0]-0.000045*delta[1]-0.000003*delta[2],-0.012460-0.000030*delta[0]-0.000054*delta[1]+0.000008*delta[2],-0.011683-0.000020*delta[0]-0.000037*delta[1]-0.000005*delta[2],-0.010563-0.000021*delta[0]-0.000032*delta[1]-0.000002*delta[2],-0.009014-0.000021*delta[0]-0.000034*delta[1]-0.000004*delta[2],-0.020600-0.000050*delta[0]-0.000073*delta[1]+0.000015*delta[2],-0.020058-0.000031*delta[0]-0.000080*delta[1]-0.000008*delta[2],-0.017620-0.000033*delta[0]-0.000049*delta[1]-0.000000*delta[2],-0.014686-0.000035*delta[0]-0.000056*delta[1]+0.000005*delta[2],-0.011884-0.000029*delta[0]-0.000036*delta[1]+0.000001*delta[2],-0.038444-0.000073*delta[0]-0.000129*delta[1]+0.000024*delta[2],-0.031172-0.000078*delta[0]-0.000104*delta[1]+0.000023*delta[2],-0.023389-0.000029*delta[0]-0.000085*delta[1]+0.000001*delta[2],-0.093318-0.000226*delta[0]-0.000342*delta[1]+0.000030*delta[2],-0.068248-0.000143*delta[0]-0.000260*delta[1]+0.000029*delta[2],-0.042735-0.000071*delta[0]-0.000117*delta[1]-0.000022*delta[2],-0.026916-0.000041*delta[0]-0.000110*delta[1]+0.000025*delta[2],-0.010080-0.000022*delta[0]-0.000034*delta[1]-0.000000*delta[2],-0.009951-0.000012*delta[0]-0.000036*delta[1]+0.000002*delta[2],-0.008657-0.000012*delta[0]-0.000030*delta[1]+0.000001*delta[2],-0.018510-0.000036*delta[0]-0.000057*delta[1]-0.000010*delta[2],-0.118465-0.000272*delta[0]-0.000456*delta[1]-0.000017*delta[2],-0.171008-0.000238*delta[0]-0.000615*delta[1]+0.000067*delta[2],-0.023100-0.000055*delta[0]-0.000080*delta[1]-0.000011*delta[2],-0.171920-0.000324*delta[0]-0.000564*delta[1]+0.000062*delta[2],-0.110546-0.000199*delta[0]-0.000416*delta[1]-0.000037*delta[2],-0.057354-0.000124*delta[0]-0.000245*delta[1]-0.000020*delta[2],-0.013564-0.000033*delta[0]-0.000056*delta[1]-0.000010*delta[2],-0.013840-0.000025*delta[0]-0.000044*delta[1]-0.000000*delta[2],-0.013306-0.000021*delta[0]-0.000039*delta[1]+0.000003*delta[2],-0.012339-0.000015*delta[0]-0.000042*delta[1]+0.000005*delta[2],-0.010814-0.000022*delta[0]-0.000039*delta[1]+0.000007*delta[2],-0.556293-0.001465*delta[0]-0.002045*delta[1]+0.000235*delta[2],-19.293536-0.035876*delta[0]-0.069255*delta[1]-0.021819*delta[2],-0.246977-0.000726*delta[0]-0.000927*delta[1]-0.000016*delta[2],-0.060892-0.000116*delta[0]-0.000204*delta[1]-0.000009*delta[2],-0.028502-0.000064*delta[0]-0.000103*delta[1]-0.000014*delta[2],-0.024031-0.000041*delta[0]-0.000083*delta[1]+0.000015*delta[2],-0.020992-0.000050*delta[0]-0.000067*delta[1]+0.000005*delta[2],-0.017365-0.000047*delta[0]-0.000062*delta[1]-0.000001*delta[2],-0.013841-0.000020*delta[0]-0.000050*delta[1]+0.000011*delta[2],-0.201566-0.000291*delta[0]-0.000493*delta[1]-0.000001*delta[2],-0.225920-0.000270*delta[0]-0.000783*delta[1]+0.000005*delta[2],-0.127015-0.000382*delta[0]-0.000500*delta[1]+0.000060*delta[2],-0.060579-0.000143*delta[0]-0.000169*delta[1]+0.000013*delta[2],-0.033417-0.000053*delta[0]-0.000122*delta[1]-0.000027*delta[2]
-0.014061-0.000021*delta[0]-0.000061*delta[1]-0.000003*delta[2],-0.010508-0.000028*delta[0]-0.000048*delta[1]-0.000007*delta[2],-0.008837-0.000015*delta[0]-0.000035*delta[1]-0.000001*delta[2],-0.012793-0.000032*delta[0]-0.000053*delta[1]-0.000001*delta[2],-0.012807-0.000025*delta[0]-0.000056*delta[1]-0.000003*delta[2],-0.012214-0.000027*delta[0]-0.000049*delta[1]+0.000004*delta[2],-0.011169-0.000013*delta[0]-0.000045*delta[1]-0.000013*delta[2],-0.009808-0.000016*delta[0]-0.000043*delta[1]+0.000005*delta[2],-0.008288-0.000024*delta[0]-0.000039*delta[1]-0.000005*delta[2],-0.022027-0.000048*delta[0]-0.000080*delta[1]-0.000014*delta[2],-0.019344-0.000030*delta[0]-0.000075*delta[1]+0.000000*delta[2],-0.016332-0.000036*delta[0]-0.000072*delta[1]-0.000015*delta[2],-0.013317-0.000031*delta[0]-0.000059*delta[1]-0.000015*delta[2],-0.010601-0.000018*delta[0]-0.000047*delta[1]-0.000000*delta[2],-0.036690-0.000067*delta[0]-0.000146*delta[1]-0.000013*delta[2],-0.027783-0.000073*delta[0]-0.000108*delta[1]+0.000004*delta[2],-0.020211-0.000042*delta[0]-0.000075*delta[1]-0.000003*delta[2],-0.089436-0.000219*delta[0]-0.000351*delta[1]+0.000050*delta[2],-0.056031-0.000137*delta[0]-0.000286*delta[1]+0.000030*delta[2],-0.033817-0.000088*delta[0]-0.000136*delta[1]-0.000006*delta[2],-0.021389-0.000059*delta[0]-0.000111*delta[1]+0.000002*delta[2],-0.010058-0.000025*delta[0]-0.000046*delta[1]+0.000011*delta[2],-0.009737-0.000020*delta[0]-0.000031*delta[1]-0.000000*delta[2],-0.008148-0.000027*delta[0]-0.000036*delta[1]-0.000004*delta[2],-0.019546-0.000030*delta[0]-0.000103*delta[1]-0.000015*delta[2],-0.178374-0.000459*delta[0]-0.000753*delta[1]-0.000021*delta[2],-0.180459-0.000400*delta[0]-0.000791*delta[1]-0.000154*delta[2],-0.017836-0.000036*delta[0]-0.000078*delta[1]-0.000009*delta[2],-0.152347-0.000333*delta[0]-0.000720*delta[1]-0.000028*delta[2],-0.079133-0.000165*delta[0]-0.000364*delta[1]-0.000036*delta[2],-0.041089-0.000101*delta[0]-0.000168*delta[1]-0.000030*delta[2],-0.013827-0.000041*delta[0]-0.000063*delta[1]+0.000003*delta[2],-0.013562-0.000041*delta[0]-0.000050*delta[1]-0.000004*delta[2],-0.012699-0.000027*delta[0]-0.000046*delta[1]+0.000002*delta[2],-0.011452-0.000026*delta[0]-0.000046*delta[1]-0.000010*delta[2],-0.009860-0.000026*delta[0]-0.000033*delta[1]-0.000003*delta[2],-11.753173-0.027876*delta[0]-0.046519*delta[1]-0.008130*delta[2],-0.710446-0.001450*delta[0]-0.003074*delta[1]-0.000155*delta[2],-0.102495-0.000223*delta[0]-0.000387*delta[1]+0.000064*delta[2],-0.040467-0.000108*delta[0]-0.000150*delta[1]-0.000022*delta[2],-0.022423-0.000042*delta[0]-0.000100*delta[1]-0.000009*delta[2],-0.023663-0.000070*delta[0]-0.000101*delta[1]-0.000001*delta[2],-0.018776-0.000039*delta[0]-0.000076*delta[1]-0.000008*delta[2],-0.015139-0.000025*delta[0]-0.000071*delta[1]-0.000008*delta[2],-0.012027-0.000024*delta[0]-0.000045*delta[1]+0.000003*delta[2],-0.216265-0.000466*delta[0]-0.000801*delta[1]-0.000134*delta[2],-0.152664-0.000345*delta[0]-0.000491*delta[1]+0.000057*delta[2],-0.077690-0.000191*delta[0]-0.000346*delta[1]-0.000010*delta[2],-0.040811-0.000074*delta[0]-0.000172*delta[1]-0.000001*delta[2],-0.024439-0.000064*delta[0]-0.000091*delta[1]-0.000003*delta[2]
-0.014071-0.000027*delta[0]-0.000049*delta[1]+0.000012*delta[2],-0.014523-0.000028*delta[0]-0.000062*delta[1]+0.000007*delta[2],-0.013608-0.000021*delta[0]-0.000053*delta[1]+0.000012*delta[2],-0.009402-0.000025*delta[0]-0.000029*delta[1]-0.000000*delta[2],-0.010764-0.000018*delta[0]-0.000038*delta[1]+0.000001*delta[2],-0.011930-0.000026*delta[0]-0.000045*delta[1]+0.000002*delta[2],-0.012702-0.000017*delta[0]-0.000053*delta[1]-0.000004*delta[2],-0.012862-0.000028*delta[0]-0.000054*delta[1]-0.000002*delta[2],-0.012135-0.000016*delta[0]-0.000047*delta[1]-0.000005*delta[2],-0.014333-0.000027*delta[0]-0.000054*delta[1]+0.000017*delta[2],-0.020031-0.000030*delta[0]-0.000074*delta[1]+0.000006*delta[2],-0.021537-0.000031*delta[0]-0.000084*delta[1]-0.000001*delta[2],-0.021178-0.000032*delta[0]-0.000072*delta[1]+0.000015*delta[2],-0.019062-0.000029*delta[0]-0.000067*delta[1]+0.000011*delta[2],-0.035617-0.000081*delta[0]-0.000145*delta[1]-0.000001*delta[2],-0.041985-0.000080*delta[0]-0.000186*delta[1]+0.000014*delta[2],-0.042049-0.000052*delta[0]-0.000177*delta[1]+0.000011*delta[2],-0.054097-0.000119*delta[0]-0.000219*delta[1]+0.000002*delta[2],-0.084118-0.000153*delta[0]-0.000311*delta[1]+0.000016*delta[2],-0.101632-0.000298*delta[0]-0.000366*delta[1]+0.000005*delta[2],-0.082649-0.000128*delta[0]-0.000309*delta[1]+0.000031*delta[2],-0.008855-0.000016*delta[0]-0.000027*delta[1]+0.000003*delta[2],-0.009697-0.000019*delta[0]-0.000035*delta[1]+0.000008*delta[2],-0.010265-0.000016*delta[0]-0.000037*delta[1]+0.000001*delta[2],-0.013003-0.000019*delta[0]-0.000045*delta[1]-0.000002*delta[2],-0.029379-0.000013*delta[0]-0.000118*delta[1]+0.000007*delta[2],-0.052400-0.000127*delta[0]-0.000207*delta[1]+0.000029*delta[2],-0.094089-0.000257*delta[0]-0.000401*delta[1]-0.000048*delta[2],-0.066391-0.000155*delta[0]-0.000251*delta[1]+0.000012*delta[2],-0.133579-0.000198*delta[0]-0.000509*delta[1]+0.000033*delta[2],-0.201375-0.000219*delta[0]-0.000704*delta[1]+0.000102*delta[2],-0.010511-0.000014*delta[0]-0.000042*delta[1]+0.000002*delta[2],-0.012050-0.000025*delta[0]-0.000044*delta[1]-0.000005*delta[2],-0.013252-0.000022*delta[0]-0.000041*delta[1]-0.000002*delta[2],-0.014031-0.000026*delta[0]-0.000046*delta[1]+0.000003*delta[2],-0.013893-0.000025*delta[0]-0.000053*delta[1]-0.000006*delta[2],-0.026687-0.000050*delta[0]-0.000104*delta[1]-0.000005*delta[2],-0.052956-0.000088*delta[0]-0.000222*delta[1]+0.000038*delta[2],-0.212491-0.000313*delta[0]-0.000717*delta[1]+0.000238*delta[2],-15.176089-0.022242*delta[0]-0.059936*delta[1]-0.000442*delta[2],-0.700378-0.001195*delta[0]-0.002816*delta[1]+0.000180*delta[2],-0.017291-0.000031*delta[0]-0.000056*delta[1]+0.000009*delta[2],-0.023349-0.000055*delta[0]-0.000090*delta[1]+0.000023*delta[2],-0.023596-0.000046*delta[0]-0.000099*delta[1]+0.000016*delta[2],-0.021722-0.000039*delta[0]-0.000071*delta[1]-0.000006*delta[2],-0.037186-0.000055*delta[0]-0.000121*delta[1]-0.000001*delta[2],-0.067759-0.000091*delta[0]-0.000257*delta[1]+0.000035*delta[2],-0.134520-0.000326*delta[0]-0.000548*delta[1]-0.000039*delta[2],-0.198415-0.000378*delta[0]-0.000826*delta[1]-0.000032*delta[2],-0.154540-0.000315*delta[0]-0.000700*delta[1]+0.000155*delta[2]
-0.015342-0.000024*delta[0]-0.000065*delta[1]-0.000001*delta[2],-0.015970-0.000030*delta[0]-0.000065*delta[1]-0.000003*delta[2],-0.014870-0.000019*delta[0]-0.000068*delta[1]+0.000007*delta[2],-0.009600-0.000014*delta[0]-0.000046*delta[1]-0.000002*delta[2],-0.011080-0.000018*delta[0]-0.000042*delta[1]-0.000008*delta[2],-0.012358-0.000023*delta[0]-0.000048*delta[1]+0.000000*delta[2],-0.013222-0.000020*delta[0]-0.000048*delta[1]-0.000003*delta[2],-0.013435-0.000027*delta[0]-0.000059*delta[1]+0.000017*delta[2],-0.012655-0.000027*delta[0]-0.000056*delta[1]-0.000003*delta[2],-0.015209-0.000030*delta[0]-0.000057*delta[1]-0.000006*delta[2],-0.021955-0.000042*delta[0]-0.000082*delta[1]-0.000007*delta[2],-0.023899-0.000049*delta[0]-0.000095*delta[1]-0.000011*delta[2],-0.023540-0.000040*delta[0]-0.000086*delta[1]+0.000000*delta[2],-0.021033-0.000046*delta[0]-0.000075*delta[1]+0.000019*delta[2],-0.042370-0.000066*delta[0]-0.000184*delta[1]-0.000005*delta[2],-0.051988-0.000056*delta[0]-0.000183*delta[1]-0.000020*delta[2],-0.052588-0.000076*delta[0]-0.000186*delta[1]+0.000041*delta[2],-0.063616-0.000093*delta[0]-0.000336*delta[1]+0.000015*delta[2],-0.113977-0.000218*delta[0]-0.000463*delta[1]+0.000004*delta[2],-0.153926-0.000318*delta[0]-0.000598*delta[1]-0.000024*delta[2],-0.117314-0.000269*delta[0]-0.000485*delta[1]+0.000084*delta[2],-0.008975-0.000018*delta[0]-0.000041*delta[1]+0.000002*delta[2],-0.009791-0.000013*delta[0]-0.000046*delta[1]-0.000008*delta[2],-0.010462-0.000017*delta[0]-0.000041*delta[1]-0.000001*delta[2],-0.013393-0.000015*delta[0]-0.000053*delta[1]+0.000003*delta[2],-0.029958-0.000044*delta[0]-0.000118*delta[1]-0.000009*delta[2],-0.056109-0.000124*delta[0]-0.000246*delta[1]-0.000012*delta[2],-0.120802-0.000201*delta[0]-0.000388*delta[1]-0.000006*delta[2],-0.071399-0.000091*delta[0]-0.000274*delta[1]+0.000056*delta[2],-0.168515-0.000286*delta[0]-0.000610*delta[1]+0.000053*delta[2],-0.313712-0.000601*delta[0]-0.001130*delta[1]+0.000099*delta[2],-0.010404-0.000019*delta[0]-0.000043*delta[1]+0.000003*delta[2],-0.011904-0.000022*delta[0]-0.000041*delta[1]-0.000006*delta[2],-0.013185-0.000033*delta[0]-0.000061*delta[1]-0.000000*delta[2],-0.013989-0.000031*delta[0]-0.000056*delta[1]-0.000006*delta[2],-0.013887-0.000025*delta[0]-0.000061*delta[1]+0.000003*delta[2],-0.030953-0.000045*delta[0]-0.000147*delta[1]+0.000007*delta[2],-0.065869-0.000161*delta[0]-0.000247*delta[1]+0.000016*delta[2],-0.228134-0.000475*delta[0]-0.000966*delta[1]+0.000134*delta[2],-2.064115-0.005234*delta[0]-0.009055*delta[1]-0.000583*delta[2],-0.803315-0.001214*delta[0]-0.003443*delta[1]+0.000397*delta[2],-0.016570-0.000034*delta[0]-0.000080*delta[1]+0.000002*delta[2],-0.022314-0.000052*delta[0]-0.000079*delta[1]-0.000006*delta[2],-0.022711-0.000051*delta[0]-0.000090*delta[1]-0.000013*delta[2],-0.021051-0.000008*delta[0]-0.000096*delta[1]+0.000017*delta[2],-0.033988-0.000087*delta[0]-0.000135*delta[1]+0.000014*delta[2],-0.057333-0.000076*delta[0]-0.000267*delta[1]+0.000021*delta[2],-0.100116-0.000130*delta[0]-0.000455*delta[1]-0.000022*delta[2],-0.135140-0.000337*delta[0]-0.000653*delta[1]-0.000048*delta[2],-0.116755-0.000253*delta[0]-0.000534*delta[1]+0.000079*delta[2]
-0.014124-0.000035*delta[0]-0.000061*delta[1]+0.000006*delta[2],-0.014523-0.000038*delta[0]-0.000065*delta[1]-0.000002*delta[2],-0.013611-0.000032*delta[0]-0.000065*delta[1]+0.000005*delta[2],-0.009521-0.000020*delta[0]-0.000040*delta[1]-0.000002*delta[2],-0.010937-0.000021*delta[0]-0.000049*delta[1]-0.000002*delta[2],-0.012116-0.000030*delta[0]-0.000052*delta[1]+0.000000*delta[2],-0.012922-0.000025*delta[0]-0.000056*delta[1]-0.000003*delta[2],-0.013066-0.000042*delta[0]-0.000049*delta[1]+0.000009*delta[2],-0.012302-0.000021*delta[0]-0.000053*delta[1]-0.000002*delta[2],-0.014391-0.000033*delta[0]-0.000059*delta[1]+0.000003*delta[2],-0.020223-0.000054*delta[0]-0.000084*delta[1]+0.000013*delta[2],-0.021610-0.000054*delta[0]-0.000098*delta[1]-0.000009*delta[2],-0.021275-0.000040*delta[0]-0.000089*delta[1]+0.000009*delta[2],-0.019173-0.000045*delta[0]-0.000075*delta[1]+0.000011*delta[2],-0.034921-0.000073*delta[0]-0.000137*delta[1]-0.000002*delta[2],-0.041088-0.000104*delta[0]-0.000184*delta[1]+0.000009*delta[2],-0.041163-0.000100*delta[0]-0.000161*delta[1]+0.000012*delta[2],-0.051788-0.000132*delta[0]-0.000187*delta[1]-0.000034*delta[2],-0.078477-0.000152*delta[0]-0.000353*delta[1]+0.000062*delta[2],-0.093478-0.000212*delta[0]-0.000365*delta[1]-0.000019*delta[2],-0.076936-0.000173*delta[0]-0.000306*delta[1]-0.000024*delta[2],-0.009031-0.000023*delta[0]-0.000048*delta[1]-0.000003*delta[2],-0.009857-0.000025*delta[0]-0.000040*delta[1]+0.000004*delta[2],-0.010502-0.000024*delta[0]-0.000047*delta[1]+0.000001*delta[2],-0.013207-0.000021*delta[0]-0.000054*delta[1]+0.000000*delta[2],-0.029229-0.000080*delta[0]-0.000127*delta[1]+0.000008*delta[2],-0.051632-0.000124*delta[0]-0.000209*delta[1]+0.000020*delta[2],-0.090986-0.000192*delta[0]-0.000344*delta[1]+0.000054*delta[2],-0.063496-0.000137*delta[0]-0.000266*delta[1]+0.000002*delta[2],-0.121774-0.000307*delta[0]-0.000460*delta[1]+0.000124*delta[2],-0.175049-0.000292*delta[0]-0.000854*delta[1]+0.000058*delta[2],-0.010750-0.000019*delta[0]-0.000043*delta[1]+0.000005*delta[2],-0.012364-0.000029*delta[0]-0.000053*delta[1]-0.000002*delta[2],-0.013657-0.000034*delta[0]-0.000064*delta[1]-0.000005*delta[2],-0.014454-0.000039*delta[0]-0.000066*delta[1]+0.000009*delta[2],-0.014286-0.000030*delta[0]-0.000050*delta[1]+0.000001*delta[2],-0.025754-0.000081*delta[0]-0.000098*delta[1]-0.000005*delta[2],-0.057292-0.000116*delta[0]-0.000282*delta[1]-0.000011*delta[2],-0.223891-0.000539*delta[0]-0.000998*delta[1]+0.000098*delta[2],-10.555196-0.021097*delta[0]-0.034947*delta[1]+0.006011*delta[2],-0.696421-0.001306*delta[0]-0.003300*delta[1]+0.000264*delta[2],-0.017913-0.000033*delta[0]-0.000082*delta[1]+0.000020*delta[2],-0.024311-0.000054*delta[0]-0.000098*delta[1]+0.000008*delta[2],-0.024592-0.000029*delta[0]-0.000093*delta[1]+0.000012*delta[2],-0.022532-0.000055*delta[0]-0.000102*delta[1]-0.000013*delta[2],-0.037997-0.000110*delta[0]-0.000163*delta[1]-0.000013*delta[2],-0.071500-0.000213*delta[0]-0.000350*delta[1]+0.000049*delta[2],-0.149563-0.000360*delta[0]-0.000530*delta[1]-0.000007*delta[2],-0.231984-0.000428*delta[0]-0.001058*delta[1]-0.000220*delta[2],-0.173084-0.000434*delta[0]-0.000794*delta[1]+0.000086*delta[2]
-0.013521-0.000025*delta[0]-0.000048*delta[1]-0.000008*delta[2],-0.015022-0.000024*delta[0]-0.000048*delta[1]-0.000000*delta[2],-0.014600-0.000041*delta[0]-0.000055*delta[1]-0.000014*delta[2],-0.008739-0.000008*delta[0]-0.000029*delta[1]-0.000002*delta[2],-0.010181-0.000012*delta[0]-0.000038*delta[1]+0.000003*delta[2],-0.011518-0.000018*delta[0]-0.000041*delta[1]+0.000003*delta[2],-0.012696-0.000021*delta[0]-0.000053*delta[1]-0.000003*delta[2],-0.013255-0.000022*delta[0]-0.000044*delta[1]-0.000007*delta[2],-0.012889-0.000021*delta[0]-0.000055*delta[1]+0.000006*delta[2],-0.012830-0.000021*delta[0]-0.000046*delta[1]-0.000003*delta[2],-0.019016-0.000035*delta[0]-0.000069*delta[1]-0.000007*delta[2],-0.021521-0.000048*delta[0]-0.000091*delta[1]-0.000012*delta[2],-0.022330-0.000033*delta[0]-0.000089*delta[1]-0.000005*delta[2],-0.021148-0.000050*delta[0]-0.000084*delta[1]+0.000013*delta[2],-0.031079-0.000049*delta[0]-0.000121*delta[1]-0.000019*delta[2],-0.039663-0.000072*delta[0]-0.000120*delta[1]+0.000016*delta[2],-0.044321-0.000071*delta[0]-0.000171*delta[1]+0.000012*delta[2],-0.040212-0.000054*delta[0]-0.000174*delta[1]+0.000005*delta[2],-0.065267-0.000187*delta[0]-0.000261*delta[1]-0.000018*delta[2],-0.094174-0.000110*delta[0]-0.000371*delta[1]+0.000028*delta[2],-0.097175-0.000106*delta[0]-0.000389*delta[1]+0.000072*delta[2],-0.008505-0.000013*delta[0]-0.000031*delta[1]-0.000004*delta[2],-0.009457-0.000013*delta[0]-0.000036*delta[1]+0.000003*delta[2],-0.010586-0.000021*delta[0]-0.000041*delta[1]-0.000002*delta[2],-0.011740-0.000015*delta[0]-0.000049*delta[1]-0.000007*delta[2],-0.021852-0.000027*delta[0]-0.000084*delta[1]-0.000016*delta[2],-0.036809-0.000075*delta[0]-0.000184*delta[1]+0.000013*delta[2],-0.142538-0.000289*delta[0]-0.000650*delta[1]-0.000105*delta[2],-0.044654-0.000068*delta[0]-0.000193*delta[1]-0.000026*delta[2],-0.086339-0.000112*delta[0]-0.000374*delta[1]-0.000108*delta[2],-0.161464-0.000305*delta[0]-0.000643*delta[1]-0.000189*delta[2],-0.009788-0.000024*delta[0]-0.000038*delta[1]+0.000002*delta[2],-0.011388-0.000022*delta[0]-0.000048*delta[1]+0.000001*delta[2],-0.012932-0.000025*delta[0]-0.000056*delta[1]-0.000015*delta[2],-0.014187-0.000029*delta[0]-0.000060*delta[1]-0.000008*delta[2],-0.014522-0.000020*delta[0]-0.000056*delta[1]-0.000003*delta[2],-0.016904-0.000034*delta[0]-0.000074*delta[1]-0.000003*delta[2],-0.029628-0.000035*delta[0]-0.000126*delta[1]-0.000007*delta[2],-0.075864-0.000143*delta[0]-0.000299*delta[1]-0.000022*delta[2],-0.447846-0.001117*delta[0]-0.002024*delta[1]-0.000175*delta[2],-13.625188-0.014579*delta[0]-0.060275*delta[1]-0.000588*delta[2],-0.015494-0.000018*delta[0]-0.000064*delta[1]+0.000004*delta[2],-0.022691-0.000037*delta[0]-0.000091*delta[1]+0.000006*delta[2],-0.024421-0.000062*delta[0]-0.000111*delta[1]-0.000015*delta[2],-0.023725-0.000041*delta[0]-0.000101*delta[1]-0.000006*delta[2],-0.026953-0.000050*delta[0]-0.000091*delta[1]-0.000011*delta[2],-0.046191-0.000105*delta[0]-0.000177*delta[1]-0.000017*delta[2],-0.089910-0.000154*delta[0]-0.000411*delta[1]-0.000078*delta[2],-0.168980-0.000273*delta[0]-0.000638*delta[1]-0.000143*delta[2],-0.208602-0.000485*delta[0]-0.000773*delta[1]-0.000224*delta[2]
-0.013730-0.000032*delta[0]-0.000058*delta[1]-0.000011*delta[2],-0.015361-0.000026*delta[0]-0.000056*delta[1]+0.000018*delta[2],-0.014901-0.000027*delta[0]-0.000058*delta[1]-0.000002*delta[2],-0.008744-0.000018*delta[0]-0.000033*delta[1]-0.000002*delta[2],-0.010221-0.000021*delta[0]-0.000034*delta[1]-0.000002*delta[2],-0.011607-0.000024*delta[0]-0.000040*delta[1]-0.000002*delta[2],-0.012785-0.000021*delta[0]-0.000055*delta[1]-0.000009*delta[2],-0.013404-0.000033*delta[0]-0.000055*delta[1]+0.000002*delta[2],-0.013025-0.000031*delta[0]-0.000052*delta[1]+0.000003*delta[2],-0.012978-0.000027*delta[0]-0.000050*delta[1]-0.000004*delta[2],-0.019363-0.000048*delta[0]-0.000068*delta[1]-0.000009*delta[2],-0.021944-0.000038*delta[0]-0.000082*delta[1]-0.000008*delta[2],-0.022850-0.000049*delta[0]-0.000108*delta[1]+0.000007*delta[2],-0.021614-0.000039*delta[0]-0.000096*delta[1]-0.000002*delta[2],-0.031988-0.000069*delta[0]-0.000116*delta[1]-0.000011*delta[2],-0.041199-0.000139*delta[0]-0.000167*delta[1]-0.000032*delta[2],-0.046255-0.000078*delta[0]-0.000228*delta[1]-0.000025*delta[2],-0.041234-0.000062*delta[0]-0.000178*delta[1]+0.000007*delta[2],-0.068281-0.000096*delta[0]-0.000303*delta[1]-0.000017*delta[2],-0.100561-0.000189*delta[0]-0.000355*delta[1]-0.000023*delta[2],-0.104972-0.000255*delta[0]-0.000408*delta[1]-0.000023*delta[2],-0.008546-0.000023*delta[0]-0.000029*delta[1]-0.000006*delta[2],-0.009525-0.000019*delta[0]-0.000037*delta[1]-0.000008*delta[2],-0.010645-0.000019*delta[0]-0.000042*delta[1]-0.000009*delta[2],-0.011778-0.000026*delta[0]-0.000042*delta[1]-0.000007*delta[2],-0.021877-0.000057*delta[0]-0.000083*delta[1]-0.000006*delta[2],-0.037248-0.000090*delta[0]-0.000155*delta[1]-0.000009*delta[2],-0.153717-0.000261*delta[0]-0.000644*delta[1]-0.000073*delta[2],-0.045002-0.000062*delta[0]-0.000183*delta[1]-0.000008*delta[2],-0.088897-0.000138*delta[0]-0.000389*delta[1]-0.000008*delta[2],-0.171582-0.000424*delta[0]-0.000838*delta[1]-0.000062*delta[2],-0.009755-0.000014*delta[0]-0.000048*delta[1]-0.000001*delta[2],-0.011442-0.000030*delta[0]-0.000061*delta[1]-0.000004*delta[2],-0.012896-0.000024*delta[0]-0.000051*delta[1]-0.000010*delta[2],-0.014133-0.000043*delta[0]-0.000057*delta[1]-0.000012*delta[2],-0.014584-0.000040*delta[0]-0.000057*delta[1]-0.000014*delta[2],-0.018562-0.000048*delta[0]-0.000063*delta[1]-0.000018*delta[2],-0.029945-0.000068*delta[0]-0.000121*delta[1]-0.000023*delta[2],-0.072141-0.000151*delta[0]-0.000271*delta[1]+0.000040*delta[2],-0.424572-0.000937*delta[0]-0.001868*delta[1]+0.000264*delta[2],-13.648364-0.027632*delta[0]-0.056992*delta[1]-0.011623*delta[2],-0.015410-0.000026*delta[0]-0.000058*delta[1]+0.000000*delta[2],-0.022520-0.000039*delta[0]-0.000083*delta[1]-0.000002*delta[2],-0.024250-0.000045*delta[0]-0.000081*delta[1]-0.000003*delta[2],-0.023617-0.000063*delta[0]-0.000103*delta[1]-0.000009*delta[2],-0.026664-0.000049*delta[0]-0.000113*delta[1]-0.000008*delta[2],-0.045334-0.000107*delta[0]-0.000167*delta[1]-0.000056*delta[2],-0.085906-0.000195*delta[0]-0.000390*delta[1]-0.000051*delta[2],-0.157853-0.000350*delta[0]-0.000496*delta[1]-0.000042*delta[2],-0.192803-0.000389*delta[0]-0.000834*delta[1]-0.000148*delta[2]
-0.014951-0.000030*delta[0]-0.000042*delta[1]-0.000008*delta[2],-0.015472-0.000031*delta[0]-0.000059*delta[1]-0.000001*delta[2],-0.014460-0.000027*delta[0]-0.000060*delta[1]-0.000011*delta[2],-0.009824-0.000025*delta[0]-0.000034*delta[1]+0.000002*delta[2],-0.011320-0.000022*delta[0]-0.000047*delta[1]-0.000002*delta[2],-0.012589-0.000028*delta[0]-0.000051*delta[1]-0.000004*delta[2],-0.013489-0.000031*delta[0]-0.000050*delta[1]-0.000003*delta[2],-0.013666-0.000032*delta[0]-0.000051*delta[1]-0.000000*delta[2],-0.012856-0.000029*delta[0]-0.000051*delta[1]-0.000005*delta[2],-0.015056-0.000035*delta[0]-0.000063*delta[1]-0.000012*delta[2],-0.021566-0.000032*delta[0]-0.000098*delta[1]+0.000001*delta[2],-0.023288-0.000046*delta[0]-0.000108*delta[1]+0.000018*delta[2],-0.022891-0.000047*delta[0]-0.000074*delta[1]-0.000003*delta[2],-0.020458-0.000036*delta[0]-0.000085*delta[1]-0.000006*delta[2],-0.037962-0.000080*delta[0]-0.000133*delta[1]-0.000004*delta[2],-0.045827-0.000080*delta[0]-0.000180*delta[1]-0.000040*delta[2],-0.045994-0.000129*delta[0]-0.000193*delta[1]-0.000010*delta[2],-0.054886-0.000103*delta[0]-0.000204*delta[1]-0.000013*delta[2],-0.086721-0.000157*delta[0]-0.000266*delta[1]+0.000027*delta[2],-0.106476-0.000162*delta[0]-0.000417*delta[1]+0.000044*delta[2],-0.086470-0.000212*delta[0]-0.000336*delta[1]-0.000021*delta[2],-0.009281-0.000016*delta[0]-0.000027*delta[1]+0.000004*delta[2],-0.010155-0.000017*delta[0]-0.000040*delta[1]+0.000004*delta[2],-0.010866-0.000019*delta[0]-0.000045*delta[1]+0.000006*delta[2],-0.013650-0.000031*delta[0]-0.000055*delta[1]+0.000005*delta[2],-0.029561-0.000043*delta[0]-0.000129*delta[1]-0.000005*delta[2],-0.053899-0.000135*delta[0]-0.000232*delta[1]+0.000026*delta[2],-0.103765-0.000170*delta[0]-0.000393*delta[1]-0.000040*delta[2],-0.064654-0.000104*delta[0]-0.000254*delta[1]+0.000018*delta[2],-0.127737-0.000195*delta[0]-0.000497*delta[1]+0.000035*delta[2],-0.191581-0.000427*delta[0]-0.000634*delta[1]-0.000070*delta[2],-0.010946-0.000018*delta[0]-0.000052*delta[1]-0.000013*delta[2],-0.012654-0.000022*delta[0]-0.000047*delta[1]+0.000008*delta[2],-0.014006-0.000022*delta[0]-0.000044*delta[1]+0.000002*delta[2],-0.014910-0.000034*delta[0]-0.000052*delta[1]-0.000002*delta[2],-0.014719-0.000027*delta[0]-0.000062*delta[1]-0.000007*delta[2],-0.026516-0.000051*delta[0]-0.000089*delta[1]+0.000005*delta[2],-0.052518-0.000120*delta[0]-0.000189*delta[1]+0.000021*delta[2],-0.187718-0.000347*delta[0]-0.000646*delta[1]-0.000100*delta[2],-12.835932-0.034380*delta[0]-0.038209*delta[1]+0.000378*delta[2],-0.759174-0.001279*delta[0]-0.003508*delta[1]-0.000195*delta[2],-0.018091-0.000032*delta[0]-0.000078*delta[1]+0.000004*delta[2],-0.024859-0.000053*delta[0]-0.000099*delta[1]-0.000008*delta[2],-0.025250-0.000049*delta[0]-0.000092*delta[1]-0.000000*delta[2],-0.023080-0.000060*delta[0]-0.000073*delta[1]-0.000010*delta[2],-0.037124-0.000113*delta[0]-0.000155*delta[1]-0.000021*delta[2],-0.068255-0.000150*delta[0]-0.000266*delta[1]-0.000009*delta[2],-0.137511-0.000384*delta[0]-0.000527*delta[1]-0.000061*delta[2],-0.209243-0.000484*delta[0]-0.000891*delta[1]+0.000049*delta[2],-0.163106-0.000374*delta[0]-0.000674*delta[1]-0.000028*delta[2]
-0.020368-0.000036*delta[0]-0.000063*delta[1]-0.000005*delta[2],-0.025288-0.000074*delta[0]-0.000079*delta[1]+0.000001*delta[2],-0.024569-0.000050*delta[0]-0.000104*delta[1]-0.000001*delta[2],-0.009355-0.000024*delta[0]-0.000031*delta[1]-0.000001*delta[2],-0.011200-0.000019*delta[0]-0.000044*delta[1]-0.000008*delta[2],-0.013113-0.000026*delta[0]-0.000049*delta[1]-0.000011*delta[2],-0.014806-0.000033*delta[0]-0.000055*delta[1]+0.000003*delta[2],-0.015949-0.000032*delta[0]-0.000062*delta[1]-0.000012*delta[2],-0.015628-0.000029*delta[0]-0.000060*delta[1]+0.000009*delta[2],-0.015735-0.000035*delta[0]-0.000059*delta[1]-0.000004*delta[2],-0.027799-0.000043*delta[0]-0.000100*delta[1]+0.000007*delta[2],-0.034536-0.000062*delta[0]-0.000126*delta[1]+0.000003*delta[2],-0.038028-0.000078*delta[0]-0.000161*delta[1]-0.000024*delta[2],-0.035741-0.000080*delta[0]-0.000138*delta[1]-0.000009*delta[2],-0.058805-0.000114*delta[0]-0.000245*delta[1]+0.000018*delta[2],-0.113955-0.000197*delta[0]-0.000416*delta[1]+0.000069*delta[2],-0.184395-0.000609*delta[0]-0.000736*delta[1]-0.000001*delta[2],-0.040523-0.000097*delta[0]-0.000137*delta[1]+0.000017*delta[2],-0.101549-0.000229*delta[0]-0.000374*delta[1]+0.000008*delta[2],-0.449337-0.001193*delta[0]-0.001529*delta[1]-0.000439*delta[2],-1.659189-0.004002*delta[0]-0.005923*delta[1]-0.000267*delta[2],-0.008657-0.000019*delta[0]-0.000033*delta[1]+0.000006*delta[2],-0.009708-0.000023*delta[0]-0.000031*delta[1]+0.000002*delta[2],-0.011212-0.000020*delta[0]-0.000044*delta[1]+0.000006*delta[2],-0.012633-0.000023*delta[0]-0.000054*delta[1]+0.000004*delta[2],-0.021278-0.000045*delta[0]-0.000061*delta[1]+0.000004*delta[2],-0.034743-0.000066*delta[0]-0.000158*delta[1]+0.000017*delta[2],-0.369555-0.000745*delta[0]-0.001318*delta[1]+0.000050*delta[2],-0.039576-0.000053*delta[0]-0.000156*delta[1]-0.000010*delta[2],-0.075917-0.000146*delta[0]-0.000274*delta[1]+0.000024*delta[2],-0.154134-0.000435*delta[0]-0.000536*delta[1]+0.000055*delta[2],-0.008884-0.000023*delta[0]-0.000032*delta[1]+0.000001*delta[2],-0.010358-0.000021*delta[0]-0.000047*delta[1]-0.000001*delta[2],-0.011693-0.000023*delta[0]-0.000040*delta[1]-0.000002*delta[2],-0.012930-0.000022*delta[0]-0.000049*delta[1]+0.000001*delta[2],-0.013554-0.000021*delta[0]-0.000041*delta[1]-0.000012*delta[2],-0.020446-0.000052*delta[0]-0.000081*delta[1]+0.000006*delta[2],-0.031515-0.000027*delta[0]-0.000141*delta[1]-0.000012*delta[2],-0.051684-0.000082*delta[0]-0.000223*delta[1]-0.000002*delta[2],-0.081407-0.000215*delta[0]-0.000286*delta[1]-0.000007*delta[2],-0.108617-0.000263*delta[0]-0.000424*delta[1]+0.000013*delta[2],-0.012032-0.000032*delta[0]-0.000057*delta[1]+0.000003*delta[2],-0.016674-0.000031*delta[0]-0.000063*delta[1]-0.000006*delta[2],-0.018127-0.000050*delta[0]-0.000060*delta[1]-0.000010*delta[2],-0.018241-0.000042*delta[0]-0.000078*delta[1]+0.000003*delta[2],-0.017236-0.000037*delta[0]-0.000063*delta[1]-0.000003*delta[2],-0.023185-0.000046*delta[0]-0.000084*delta[1]+0.000003*delta[2],-0.030880-0.000080*delta[0]-0.000130*delta[1]-0.000002*delta[2],-0.038182-0.000084*delta[0]-0.000155*delta[1]+0.000008*delta[2],-0.042123-0.000070*delta[0]-0.000164*delta[1]-0.000029*delta[2]
-0.024832-0.000050*delta[0]-0.000093*delta[1]+0.000004*delta[2],-0.017395-0.000047*delta[0]-0.000074*delta[1]+0.000002*delta[2],-0.013875-0.000024*delta[0]-0.000061*delta[1]-0.000008*delta[2],-0.016014-0.000044*delta[0]-0.000059*delta[1]-0.000010*delta[2],-0.017073-0.000033*delta[0]-0.000065*delta[1]-0.000004*delta[2],-0.016893-0.000034*delta[0]-0.000061*delta[1]-0.000008*delta[2],-0.015730-0.000030*delta[0]-0.000063*delta[1]-0.000003*delta[2],-0.013833-0.000029*delta[0]-0.000057*delta[1]+0.000004*delta[2],-0.011480-0.000020*delta[0]-0.000041*delta[1]-0.000011*delta[2],-0.036655-0.000106*delta[0]-0.000141*delta[1]+0.000015*delta[2],-0.036956-0.000057*delta[0]-0.000141*delta[1]-0.000021*delta[2],-0.030061-0.000066*delta[0]-0.000123*delta[1]+0.000021*delta[2],-0.022672-0.000039*delta[0]-0.000100*delta[1]-0.000001*delta[2],-0.016672-0.000040*delta[0]-0.000059*delta[1]-0.000004*delta[2],-0.135752-0.000220*delta[0]-0.000489*delta[1]+0.000110*delta[2],-0.077621-0.000214*delta[0]-0.000307*delta[1]-0.000015*delta[2],-0.042617-0.000112*delta[0]-0.000139*delta[1]+0.000018*delta[2],-0.361256-0.000733*delta[0]-0.001160*delta[1]-0.000470*delta[2],-0.181375-0.000352*delta[0]-0.000687*delta[1]-0.000018*delta[2],-0.073510-0.000156*delta[0]-0.000333*delta[1]-0.000029*delta[2],-0.036544-0.000062*delta[0]-0.000166*delta[1]-0.000013*delta[2],-0.012037-0.000021*delta[0]-0.000050*delta[1]+0.000004*delta[2],-0.011939-0.000012*delta[0]-0.000048*delta[1]+0.000004*delta[2],-0.010324-0.000016*delta[0]-0.000040*delta[1]+0.000004*delta[2],-0.026227-0.000057*delta[0]-0.000108*delta[1]+0.000005*delta[2],-0.228118-0.000449*delta[0]-0.000842*delta[1]+0.000061*delta[2],-13.787937-0.027381*delta[0]-0.061972*delta[1]-0.004051*delta[2],-0.021292-0.000054*delta[0]-0.000094*delta[1]+0.000010*delta[2],-0.208388-0.000449*delta[0]-0.000745*delta[1]+0.000090*delta[2],-0.138079-0.000451*delta[0]-0.000500*delta[1]+0.000016*delta[2],-0.068507-0.000111*delta[0]-0.000248*delta[1]-0.000022*delta[2],-0.014670-0.000036*delta[0]-0.000074*delta[1]-0.000002*delta[2],-0.015188-0.000026*delta[0]-0.000053*delta[1]-0.000006*delta[2],-0.014734-0.000032*delta[0]-0.000048*delta[1]-0.000002*delta[2],-0.013736-0.000025*delta[0]-0.000058*delta[1]-0.000003*delta[2],-0.012036-0.000018*delta[0]-0.000044*delta[1]+0.000001*delta[2],-0.121042-0.000287*delta[0]-0.000581*delta[1]-0.000027*delta[2],-0.165108-0.000391*delta[0]-0.000665*delta[1]-0.000039*delta[2],-0.128953-0.000351*delta[0]-0.000459*delta[1]+0.000002*delta[2],-0.069862-0.000161*delta[0]-0.000212*delta[1]+0.000001*delta[2],-0.039387-0.000089*delta[0]-0.000147*delta[1]+0.000019*delta[2],-0.022195-0.000046*delta[0]-0.000096*delta[1]+0.000011*delta[2],-0.020510-0.000056*delta[0]-0.000093*delta[1]-0.000013*delta[2],-0.017457-0.000033*delta[0]-0.000069*delta[1]-0.000007*delta[2],-0.014165-0.000024*delta[0]-0.000056*delta[1]-0.000010*delta[2],-0.058564-0.000130*delta[0]-0.000226*delta[1]-0.000012*delta[2],-0.063029-0.000112*delta[0]-0.000241*delta[1]-0.000030*delta[2],-0.054048-0.000130*delta[0]-0.000210*delta[1]+0.000002*delta[2],-0.039040-0.000092*delta[0]-0.000138*delta[1]+0.000018*delta[2],-0.027165-0.000043*delta[0]-0.000108*delta[1]+0.000005*delta[2]
-0.021702-0.000044*delta[0]-0.000080*delta[1]-0.000011*delta[2],-0.013489-0.000037*delta[0]-0.000047*delta[1]-0.000000*delta[2],-0.010568-0.000034*delta[0]-0.000040*delta[1]+0.000000*delta[2],-0.017675-0.000047*delta[0]-0.000072*delta[1]+0.000001*delta[2],-0.017248-0.000044*delta[0]-0.000076*delta[1]+0.000002*delta[2],-0.015761-0.000031*delta[0]-0.000066*delta[1]-0.000012*delta[2],-0.013677-0.000037*delta[0]-0.000056*delta[1]-0.000011*delta[2],-0.011435-0.000022*delta[0]-0.000042*delta[1]-0.000002*delta[2],-0.009243-0.000020*delta[0]-0.000029*delta[1]-0.000007*delta[2],-0.042397-0.000086*delta[0]-0.000133*delta[1]+0.000022*delta[2],-0.029654-0.000093*delta[0]-0.000133*delta[1]-0.000003*delta[2],-0.021987-0.000063*delta[0]-0.000065*delta[1]-0.000005*delta[2],-0.016113-0.000036*delta[0]-0.000065*delta[1]-0.000003*delta[2],-0.011896-0.000025*delta[0]-0.000051*delta[1]-0.000005*delta[2],-0.071405-0.000195*delta[0]-0.000305*delta[1]+0.000018*delta[2],-0.038897-0.000082*delta[0]-0.000147*delta[1]+0.000043*delta[2],-0.023394-0.000057*delta[0]-0.000111*delta[1]+0.000001*delta[2],-0.135697-0.000250*delta[0]-0.000535*delta[1]-0.000001*delta[2],-0.061927-0.000132*delta[0]-0.000250*delta[1]+0.000038*delta[2],-0.032399-0.000062*delta[0]-0.000125*delta[1]+0.000013*delta[2],-0.019354-0.000034*delta[0]-0.000068*delta[1]-0.000006*delta[2],-0.012091-0.000026*delta[0]-0.000048*delta[1]+0.000002*delta[2],-0.011331-0.000033*delta[0]-0.000040*delta[1]+0.000001*delta[2],-0.008891-0.000021*delta[0]-0.000041*delta[1]+0.000000*delta[2],-0.029671-0.000046*delta[0]-0.000103*delta[1]+0.000011*delta[2],-7.336967-0.010322*delta[0]-0.025774*delta[1]-0.001055*delta[2],-0.405287-0.001037*delta[0]-0.001455*delta[1]+0.000030*delta[2],-0.012714-0.000033*delta[0]-0.000051*delta[1]+0.000003*delta[2],-0.108481-0.000265*delta[0]-0.000464*delta[1]+0.000036*delta[2],-0.057695-0.000120*delta[0]-0.000227*delta[1]-0.000011*delta[2],-0.032102-0.000063*delta[0]-0.000125*delta[1]-0.000013*delta[2],-0.015510-0.000043*delta[0]-0.000066*delta[1]+0.000002*delta[2],-0.014826-0.000027*delta[0]-0.000056*delta[1]-0.000002*delta[2],-0.013382-0.000030*delta[0]-0.000055*delta[1]-0.000003*delta[2],-0.011769-0.000025*delta[0]-0.000036*delta[1]+0.000004*delta[2],-0.009955-0.000018*delta[0]-0.000042*delta[1]+0.000007*delta[2],-0.147151-0.000396*delta[0]-0.000544*delta[1]-0.000027*delta[2],-0.103428-0.000274*delta[0]-0.000432*delta[1]-0.000042*delta[2],-0.059293-0.000134*delta[0]-0.000253*delta[1]+0.000030*delta[2],-0.033878-0.000070*delta[0]-0.000118*delta[1]+0.000000*delta[2],-0.021431-0.000039*delta[0]-0.000095*delta[1]+0.000003*delta[2],-0.022355-0.000039*delta[0]-0.000076*delta[1]-0.000001*delta[2],-0.016922-0.000031*delta[0]-0.000062*delta[1]-0.000013*delta[2],-0.013701-0.000032*delta[0]-0.000038*delta[1]-0.000004*delta[2],-0.010871-0.000030*delta[0]-0.000039*delta[1]+0.000004*delta[2],-0.062561-0.000170*delta[0]-0.000200*delta[1]-0.000041*delta[2],-0.050335-0.000127*delta[0]-0.000210*delta[1]+0.000006*delta[2],-0.035978-0.000092*delta[0]-0.000144*delta[1]-0.000000*delta[2],-0.024682-0.000078*delta[0]-0.000104*delta[1]-0.000003*delta[2],-0.017313-0.000042*delta[0]-0.000072*delta[1]-0.000007*delta[2]
-0.025577-0.000052*delta[0]-0.000108*delta[1]-0.000009*delta[2],-0.017827-0.000046*delta[0]-0.000077*delta[1]-0.000009*delta[2],-0.014060-0.000020*delta[0]-0.000061*delta[1]+0.000001*delta[2],-0.016475-0.000027*delta[0]-0.000066*delta[1]+0.000001*delta[2],-0.017623-0.000037*delta[0]-0.000072*delta[1]-0.000005*delta[2],-0.017397-0.000035*delta[0]-0.000067*delta[1]-0.000010*delta[2],-0.016167-0.000031*delta[0]-0.000057*delta[1]-0.000007*delta[2],-0.014191-0.000029*delta[0]-0.000057*delta[1]-0.000010*delta[2],-0.011726-0.000025*delta[0]-0.000052*delta[1]-0.000011*delta[2],-0.038121-0.000105*delta[0]-0.000169*delta[1]+0.000002*delta[2],-0.038463-0.000066*delta[0]-0.000177*delta[1]+0.000004*delta[2],-0.031035-0.000067*delta[0]-0.000121*delta[1]-0.000006*delta[2],-0.023225-0.000068*delta[0]-0.000088*delta[1]-0.000002*delta[2],-0.016982-0.000028*delta[0]-0.000058*delta[1]-0.000004*delta[2],-0.142457-0.000299*delta[0]-0.000524*delta[1]+0.000059*delta[2],-0.079621-0.000174*delta[0]-0.000308*delta[1]-0.000005*delta[2],-0.043217-0.000117*delta[0]-0.000177*delta[1]-0.000055*delta[2],-0.319259-0.000694*delta[0]-0.001309*delta[1]-0.000056*delta[2],-0.170726-0.000414*delta[0]-0.000720*delta[1]-0.000017*delta[2],-0.072283-0.000152*delta[0]-0.000234*delta[1]+0.000023*delta[2],-0.036495-0.000055*delta[0]-0.000188*delta[1]-0.000017*delta[2],-0.012344-0.000025*delta[0]-0.000040*delta[1]-0.000010*delta[2],-0.012250-0.000021*delta[0]-0.000046*delta[1]-0.000004*delta[2],-0.010574-0.000026*delta[0]-0.000038*delta[1]+0.000004*delta[2],-0.027314-0.000078*delta[0]-0.000102*delta[1]+0.000002*delta[2],-0.220161-0.000568*delta[0]-0.000901*delta[1]-0.000028*delta[2],-13.246886-0.029698*delta[0]-0.045488*delta[1]-0.000929*delta[2],-0.021382-0.000039*delta[0]-0.000089*delta[1]-0.000011*delta[2],-0.187657-0.000386*delta[0]-0.000738*delta[1]-0.000022*delta[2],-0.129015-0.000306*delta[0]-0.000462*delta[1]+0.000045*delta[2],-0.066263-0.000170*delta[0]-0.000281*delta[1]-0.000015*delta[2],-0.015054-0.000022*delta[0]-0.000049*delta[1]-0.000001*delta[2],-0.015597-0.000013*delta[0]-0.000060*delta[1]+0.000008*delta[2],-0.015176-0.000032*delta[0]-0.000059*delta[1]+0.000006*delta[2],-0.014038-0.000030*delta[0]-0.000054*delta[1]+0.000003*delta[2],-0.012323-0.000024*delta[0]-0.000049*delta[1]-0.000001*delta[2],-0.117935-0.000311*delta[0]-0.000525*delta[1]+0.000007*delta[2],-0.159638-0.000327*delta[0]-0.000621*delta[1]-0.000049*delta[2],-0.126174-0.000263*delta[0]-0.000513*delta[1]-0.000001*delta[2],-0.069054-0.000195*delta[0]-0.000307*delta[1]-0.000044*delta[2],-0.039163-0.000073*delta[0]-0.000143*delta[1]+0.000008*delta[2],-0.022900-0.000043*delta[0]-0.000083*delta[1]+0.000006*delta[2],-0.021065-0.000047*delta[0]-0.000089*delta[1]+0.000016*delta[2],-0.017840-0.000054*delta[0]-0.000067*delta[1]+0.000008*delta[2],-0.014426-0.000021*delta[0]-0.000049*delta[1]-0.000010*delta[2],-0.058935-0.000144*delta[0]-0.000240*delta[1]-0.000000*delta[2],-0.063467-0.000158*delta[0]-0.000233*delta[1]+0.000011*delta[2],-0.054457-0.000129*delta[0]-0.000166*delta[1]+0.000023*delta[2],-0.039367-0.000105*delta[0]-0.000145*delta[1]+0.000015*delta[2],-0.027234-0.000072*delta[0]-0.000119*delta[1]-0.000017*delta[2]
-0.024647-0.000029*delta[0]-0.000107*delta[1]+0.000011*delta[2],-0.023795-0.000038*delta[0]-0.000092*delta[1]-0.000008*delta[2],-0.020518-0.000016*delta[0]-0.000059*delta[1]-0.000004*delta[2],-0.012703-0.000019*delta[0]-0.000047*delta[1]-0.000006*delta[2],-0.014946-0.000027*delta[0]-0.000057*delta[1]-0.000009*delta[2],-0.016795-0.000028*delta[0]-0.000067*delta[1]-0.000001*delta[2],-0.017713-0.000032*delta[0]-0.000079*delta[1]-0.000008*delta[2],-0.017419-0.000018*delta[0]-0.000065*delta[1]-0.000011*delta[2],-0.015665-0.000027*delta[0]-0.000054*delta[1]-0.000006*delta[2],-0.023720-0.000035*delta[0]-0.000088*delta[1]+0.000016*delta[2],-0.038070-0.000073*delta[0]-0.000165*delta[1]+0.000002*delta[2],-0.040380-0.000068*delta[0]-0.000159*delta[1]-0.000019*delta[2],-0.036441-0.000073*delta[0]-0.000148*delta[1]+0.000013*delta[2],-0.028737-0.000038*delta[0]-0.000123*delta[1]+0.000002*delta[2],-0.111912-0.000217*delta[0]-0.000401*delta[1]-0.000069*delta[2],-0.151834-0.000341*delta[0]-0.000654*delta[1]-0.000011*delta[2],-0.117564-0.000195*delta[0]-0.000411*delta[1]-0.000079*delta[2],-0.114951-0.000219*delta[0]-0.000427*delta[1]+0.000003*delta[2],-0.282198-0.000745*delta[0]-0.001132*delta[1]-0.000149*delta[2],-0.328066-0.000453*delta[0]-0.001366*delta[1]+0.000125*delta[2],-0.145308-0.000243*delta[0]-0.000615*delta[1]-0.000037*delta[2],-0.011113-0.000022*delta[0]-0.000049*delta[1]-0.000011*delta[2],-0.012156-0.000028*delta[0]-0.000043*delta[1]+0.000005*delta[2],-0.012422-0.000025*delta[0]-0.000054*delta[1]-0.000004*delta[2],-0.018787-0.000045*delta[0]-0.000062*delta[1]+0.000016*delta[2],-0.034581-0.000063*delta[0]-0.000137*delta[1]-0.000010*delta[2],-0.066919-0.000136*delta[0]-0.000241*delta[1]-0.000000*delta[2],-0.077865-0.000139*delta[0]-0.000317*delta[1]-0.000019*delta[2],-0.089249-0.000175*delta[0]-0.000361*delta[1]-0.000009*delta[2],-0.174107-0.000331*delta[0]-0.000584*delta[1]-0.000023*delta[2],-0.201330-0.000523*delta[0]-0.000945*delta[1]-0.000069*delta[2],-0.012457-0.000030*delta[0]-0.000052*delta[1]+0.000002*delta[2],-0.014237-0.000024*delta[0]-0.000057*delta[1]-0.000004*delta[2],-0.015563-0.000038*delta[0]-0.000070*delta[1]-0.000004*delta[2],-0.016092-0.000025*delta[0]-0.000055*delta[1]-0.000005*delta[2],-0.015574-0.000023*delta[0]-0.000077*delta[1]+0.000004*delta[2],-0.042361-0.000068*delta[0]-0.000171*delta[1]+0.000006*delta[2],-0.079023-0.000119*delta[0]-0.000270*delta[1]+0.000005*delta[2],-0.155009-0.000299*delta[0]-0.000649*delta[1]+0.000035*delta[2],-0.196599-0.000361*delta[0]-0.000754*delta[1]-0.000109*delta[2],-0.132368-0.000281*delta[0]-0.000504*delta[1]-0.000003*delta[2],-0.018710-0.000034*delta[0]-0.000065*delta[1]-0.000001*delta[2],-0.023981-0.000043*delta[0]-0.000083*delta[1]-0.000002*delta[2],-0.023547-0.000045*delta[0]-0.000082*delta[1]+0.000009*delta[2],-0.020946-0.000034*delta[0]-0.000087*delta[1]-0.000008*delta[2],-0.033464-0.000064*delta[0]-0.000122*delta[1]-0.000013*delta[2],-0.048485-0.000083*delta[0]-0.000184*delta[1]-0.000019*delta[2],-0.064083-0.000110*delta[0]-0.000284*delta[1]-0.000015*delta[2],-0.067323-0.000132*delta[0]-0.000268*delta[1]-0.000001*delta[2],-0.055778-0.000116*delta[0]-0.000216*delta[1]+0.000009*delta[2]
-0.018190-0.000027*delta[0]-0.000078*delta[1]-0.000011*delta[2],-0.024517-0.000061*delta[0]-0.000093*delta[1]-0.000013*delta[2],-0.025159-0.000068*delta[0]-0.000103*delta[1]+0.000026*delta[2],-0.009142-0.000019*delta[0]-0.000032*delta[1]-0.000000*delta[2],-0.011174-0.000023*delta[0]-0.000036*delta[1]+0.000001*delta[2],-0.013436-0.000037*delta[0]-0.000049*delta[1]+0.000003*delta[2],-0.015760-0.000030*delta[0]-0.000058*delta[1]+0.000008*delta[2],-0.017760-0.000027*delta[0]-0.000068*delta[1]-0.000004*delta[2],-0.018088-0.000039*delta[0]-0.000060*delta[1]-0.000009*delta[2],-0.013781-0.000022*delta[0]-0.000047*delta[1]-0.000012*delta[2],-0.025223-0.000047*delta[0]-0.000101*delta[1]+0.000007*delta[2],-0.033097-0.000057*delta[0]-0.000128*delta[1]+0.000023*delta[2],-0.039698-0.000099*delta[0]-0.000149*delta[1]-0.000027*delta[2],-0.040488-0.000095*delta[0]-0.000135*delta[1]+0.000014*delta[2],-0.039130-0.000095*delta[0]-0.000169*delta[1]+0.000010*delta[2],-0.068767-0.000143*delta[0]-0.000296*delta[1]-0.000023*delta[2],-0.116321-0.000335*delta[0]-0.000427*delta[1]+0.000010*delta[2],-0.031005-0.000065*delta[0]-0.000107*delta[1]+0.000026*delta[2],-0.059653-0.000140*delta[0]-0.000230*delta[1]-0.000025*delta[2],-0.134191-0.000225*delta[0]-0.000509*delta[1]+0.000103*delta[2],-0.293122-0.000422*delta[0]-0.001072*delta[1]+0.000045*delta[2],-0.009028-0.000014*delta[0]-0.000034*delta[1]+0.000001*delta[2],-0.010471-0.000019*delta[0]-0.000045*delta[1]+0.000003*delta[2],-0.012842-0.000013*delta[0]-0.000050*delta[1]+0.000003*delta[2],-0.011937-0.000019*delta[0]-0.000044*delta[1]+0.000000*delta[2],-0.013910-0.000043*delta[0]-0.000052*delta[1]-0.000006*delta[2],-0.018447-0.000032*delta[0]-0.000072*delta[1]+0.000015*delta[2],-14.408981-0.032018*delta[0]-0.056876*delta[1]+0.002025*delta[2],-0.029093-0.000050*delta[0]-0.000111*delta[1]+0.000007*delta[2],-0.052351-0.000082*delta[0]-0.000172*delta[1]-0.000003*delta[2],-0.102312-0.000216*delta[0]-0.000390*delta[1]+0.000020*delta[2],-0.009333-0.000022*delta[0]-0.000033*delta[1]-0.000001*delta[2],-0.011255-0.000019*delta[0]-0.000055*delta[1]+0.000008*delta[2],-0.013292-0.000020*delta[0]-0.000048*delta[1]-0.000007*delta[2],-0.015358-0.000026*delta[0]-0.000078*delta[1]-0.000007*delta[2],-0.016797-0.000014*delta[0]-0.000071*delta[1]-0.000001*delta[2],-0.017331-0.000037*delta[0]-0.000058*delta[1]+0.000001*delta[2],-0.027397-0.000042*delta[0]-0.000096*delta[1]-0.000018*delta[2],-0.049035-0.000096*delta[0]-0.000182*delta[1]+0.000034*delta[2],-0.098088-0.000216*delta[0]-0.000443*delta[1]+0.000012*delta[2],-0.207162-0.000439*delta[0]-0.000871*delta[1]-0.000075*delta[2],-0.013088-0.000029*delta[0]-0.000053*delta[1]-0.000003*delta[2],-0.020619-0.000039*delta[0]-0.000072*delta[1]-0.000014*delta[2],-0.024003-0.000030*delta[0]-0.000097*delta[1]+0.000011*delta[2],-0.025549-0.000035*delta[0]-0.000090*delta[1]-0.000007*delta[2],-0.016979-0.000033*delta[0]-0.000056*delta[1]-0.000018*delta[2],-0.024713-0.000032*delta[0]-0.000090*delta[1]-0.000005*delta[2],-0.037128-0.000096*delta[0]-0.000121*delta[1]+0.000008*delta[2],-0.054959-0.000097*delta[0]-0.000224*delta[1]-0.000005*delta[2],-0.073673-0.000162*delta[0]-0.000258*delta[1]-0.000011*delta[2]
-0.032887-0.000052*delta[0]-0.000135*delta[1]+0.000017*delta[2],-0.032884-0.000056*delta[0]-0.000146*delta[1]-0.000033*delta[2],-0.027455-0.000051*delta[0]-0.000125*delta[1]-0.000019*delta[2],-0.012477-0.000017*delta[0]-0.000044*delta[1]+0.000005*delta[2],-0.014805-0.000026*delta[0]-0.000057*delta[1]-0.000000*delta[2],-0.016818-0.000029*delta[0]-0.000081*delta[1]-0.000007*delta[2],-0.017957-0.000031*delta[0]-0.000084*delta[1]-0.000006*delta[2],-0.017937-0.000035*delta[0]-0.000074*delta[1]-0.000016*delta[2],-0.016208-0.000038*delta[0]-0.000065*delta[1]-0.000008*delta[2],-0.025788-0.000043*delta[0]-0.000113*delta[1]+0.000006*delta[2],-0.046163-0.000074*delta[0]-0.000217*delta[1]-0.000010*delta[2],-0.051524-0.000056*delta[0]-0.000233*delta[1]-0.000044*delta[2],-0.046290-0.000079*delta[0]-0.000172*delta[1]-0.000004*delta[2],-0.035381-0.000081*delta[0]-0.000122*delta[1]-0.000002*delta[2],-0.212613-0.000293*delta[0]-0.000854*delta[1]-0.000079*delta[2],-0.544850-0.001492*delta[0]-0.001892*delta[1]-0.000072*delta[2],-0.313826-0.000560*delta[0]-0.001196*delta[1]-0.000148*delta[2],-0.089381-0.000147*delta[0]-0.000324*delta[1]-0.000014*delta[2],-0.196414-0.000249*delta[0]-0.000839*delta[1]+0.000071*delta[2],-0.269685-0.000447*delta[0]-0.001105*delta[1]-0.000023*delta[2],-0.153827-0.000315*delta[0]-0.000753*delta[1]-0.000024*delta[2],-0.010406-0.000015*delta[0]-0.000046*delta[1]+0.000001*delta[2],-0.011400-0.000027*delta[0]-0.000054*delta[1]-0.000003*delta[2],-0.011843-0.000023*delta[0]-0.000050*delta[1]-0.000000*delta[2],-0.017871-0.000039*delta[0]-0.000080*delta[1]+0.000002*delta[2],-0.036709-0.000055*delta[0]-0.000130*delta[1]-0.000004*delta[2],-0.065529-0.000116*delta[0]-0.000240*delta[1]-0.000011*delta[2],-0.081359-0.000186*delta[0]-0.000289*delta[1]-0.000008*delta[2],-0.052452-0.000120*delta[0]-0.000177*delta[1]-0.000021*delta[2],-0.076507-0.000140*delta[0]-0.000311*delta[1]-0.000057*delta[2],-0.087283-0.000224*delta[0]-0.000332*delta[1]-0.000003*delta[2],-0.010608-0.000016*delta[0]-0.000049*delta[1]-0.000002*delta[2],-0.011960-0.000025*delta[0]-0.000049*delta[1]-0.000001*delta[2],-0.012982-0.000027*delta[0]-0.000059*delta[1]-0.000007*delta[2],-0.013559-0.000017*delta[0]-0.000055*delta[1]-0.000007*delta[2],-0.013311-0.000034*delta[0]-0.000059*delta[1]+0.000002*delta[2],-0.025515-0.000038*delta[0]-0.000121*delta[1]-0.000014*delta[2],-0.035626-0.000074*delta[0]-0.000111*delta[1]+0.000014*delta[2],-0.047670-0.000105*delta[0]-0.000192*delta[1]+0.000005*delta[2],-0.052937-0.000059*delta[0]-0.000205*delta[1]-0.000026*delta[2],-0.049464-0.000063*delta[0]-0.000217*delta[1]-0.000071*delta[2],-0.013672-0.000013*delta[0]-0.000055*delta[1]-0.000002*delta[2],-0.016785-0.000034*delta[0]-0.000075*delta[1]-0.000001*delta[2],-0.016855-0.000032*delta[0]-0.000074*delta[1]+0.000006*delta[2],-0.015806-0.000023*delta[0]-0.000074*delta[1]-0.000002*delta[2],-0.019176-0.000034*delta[0]-0.000081*delta[1]-0.000008*delta[2],-0.023499-0.000066*delta[0]-0.000099*delta[1]-0.000002*delta[2],-0.027157-0.000052*delta[0]-0.000093*delta[1]-0.000016*delta[2],-0.028363-0.000050*delta[0]-0.000108*delta[1]+0.000000*delta[2],-0.026682-0.000065*delta[0]-0.000125*delta[1]-0.000014*delta[2]
-0.021601-0.000038*delta[0]-0.000086*delta[1]+0.000006*delta[2],-0.014491-0.000039*delta[0]-0.000067*delta[1]+0.000010*delta[2],-0.011490-0.000033*delta[0]-0.000048*delta[1]-0.000001*delta[2],-0.017870-0.000039*delta[0]-0.000083*delta[1]-0.000001*delta[2],-0.018137-0.000049*delta[0]-0.000083*delta[1]+0.000006*delta[2],-0.017056-0.000042*delta[0]-0.000071*delta[1]+0.000001*delta[2],-0.015159-0.000038*delta[0]-0.000073*delta[1]+0.000007*delta[2],-0.012887-0.000029*delta[0]-0.000061*delta[1]-0.000008*delta[2],-0.010448-0.000023*delta[0]-0.000051*delta[1]-0.000006*delta[2],-0.038157-0.000036*delta[0]-0.000143*delta[1]+0.000035*delta[2],-0.031707-0.000069*delta[0]-0.000133*delta[1]-0.000015*delta[2],-0.024534-0.000069*delta[0]-0.000074*delta[1]-0.000017*delta[2],-0.018273-0.000029*delta[0]-0.000081*delta[1]+0.000003*delta[2],-0.013533-0.000038*delta[0]-0.000063*delta[1]+0.000006*delta[2],-0.072411-0.000121*delta[0]-0.000303*delta[1]-0.000008*delta[2],-0.044820-0.000090*delta[0]-0.000182*delta[1]-0.000016*delta[2],-0.028056-0.000060*delta[0]-0.000114*delta[1]+0.000020*delta[2],-0.132384-0.000231*delta[0]-0.000598*delta[1]+0.000037*delta[2],-0.074990-0.000131*delta[0]-0.000302*delta[1]+0.000029*delta[2],-0.041033-0.000095*delta[0]-0.000176*delta[1]+0.000014*delta[2],-0.024414-0.000070*delta[0]-0.000096*delta[1]+0.000004*delta[2],-0.013029-0.000026*delta[0]-0.000058*delta[1]-0.000007*delta[2],-0.012529-0.000023*delta[0]-0.000054*delta[1]+0.000001*delta[2],-0.010058-0.000020*delta[0]-0.000048*delta[1]+0.000004*delta[2],-0.030242-0.000081*delta[0]-0.000125*delta[1]-0.000001*delta[2],-0.618769-0.001265*delta[0]-0.003063*delta[1]+0.000265*delta[2],-0.921951-0.002493*delta[0]-0.004597*delta[1]-0.000218*delta[2],-0.017499-0.000033*delta[0]-0.000069*delta[1]+0.000006*delta[2],-0.130396-0.000318*delta[0]-0.000403*delta[1]+0.000024*delta[2],-0.076610-0.000162*delta[0]-0.000367*delta[1]-0.000073*delta[2],-0.041892-0.000077*delta[0]-0.000183*delta[1]+0.000021*delta[2],-0.017408-0.000057*delta[0]-0.000090*delta[1]+0.000004*delta[2],-0.017235-0.000041*delta[0]-0.000083*delta[1]+0.000004*delta[2],-0.015855-0.000025*delta[0]-0.000070*delta[1]+0.000008*delta[2],-0.014067-0.000033*delta[0]-0.000056*delta[1]+0.000012*delta[2],-0.011861-0.000026*delta[0]-0.000051*delta[1]+0.000002*delta[2],-0.258528-0.000539*delta[0]-0.001156*delta[1]-0.000019*delta[2],-0.225979-0.000545*delta[0]-0.000935*delta[1]-0.000041*delta[2],-0.108546-0.000341*delta[0]-0.000466*delta[1]+0.000037*delta[2],-0.051238-0.000061*delta[0]-0.000202*delta[1]-0.000004*delta[2],-0.028657-0.000060*delta[0]-0.000117*delta[1]-0.000019*delta[2],-0.028457-0.000035*delta[0]-0.000124*delta[1]-0.000020*delta[2],-0.022265-0.000037*delta[0]-0.000097*delta[1]+0.000017*delta[2],-0.017573-0.000045*delta[0]-0.000068*delta[1]+0.000011*delta[2],-0.013627-0.000029*delta[0]-0.000051*delta[1]+0.000009*delta[2],-0.107981-0.000227*delta[0]-0.000421*delta[1]-0.000062*delta[2],-0.093351-0.000204*delta[0]-0.000436*delta[1]-0.000006*delta[2],-0.061381-0.000108*delta[0]-0.000292*delta[1]-0.000021*delta[2],-0.037512-0.000057*delta[0]-0.000155*delta[1]+0.000015*delta[2],-0.023928-0.000038*delta[0]-0.000098*delta[1]+0.000012*delta[2]
-0.013245-0.000030*delta[0]-0.000050*delta[1]+0.000007*delta[2],-0.011186-0.000016*delta[0]-0.000038*delta[1]+0.000014*delta[2],-0.009751-0.000027*delta[0]-0.000044*delta[1]-0.000006*delta[2],-0.012962-0.000032*delta[0]-0.000039*delta[1]+0.000005*delta[2],-0.013841-0.000022*delta[0]-0.000049*delta[1]-0.000010*delta[2],-0.013896-0.000033*delta[0]-0.000044*delta[1]+0.000003*delta[2],-0.013317-0.000030*delta[0]-0.000052*delta[1]-0.000005*delta[2],-0.012085-0.000020*delta[0]-0.000048*delta[1]-0.000003*delta[2],-0.010406-0.000023*delta[0]-0.000031*delta[1]+0.000000*delta[2],-0.017880-0.000047*delta[0]-0.000080*delta[1]-0.000006*delta[2],-0.019011-0.000035*delta[0]-0.000074*delta[1]-0.000013*delta[2],-0.017441-0.000038*delta[0]-0.000080*delta[1]+0.000013*delta[2],-0.015057-0.000030*delta[0]-0.000062*delta[1]+0.000009*delta[2],-0.012473-0.000030*delta[0]-0.000045*delta[1]-0.000008*delta[2],-0.026432-0.000052*delta[0]-0.000090*delta[1]+0.000015*delta[2],-0.024110-0.000067*delta[0]-0.000075*delta[1]-0.000001*delta[2],-0.020256-0.000052*delta[0]-0.000079*delta[1]-0.000007*delta[2],-0.036980-0.000083*delta[0]-0.000182*delta[1]-0.000016*delta[2],-0.034929-0.000041*delta[0]-0.000136*delta[1]-0.000027*delta[2],-0.028779-0.000069*delta[0]-0.000114*delta[1]+0.000006*delta[2],-0.021972-0.000032*delta[0]-0.000090*delta[1]+0.000020*delta[2],-0.011824-0.000025*delta[0]-0.000041*delta[1]+0.000002*delta[2],-0.011988-0.000014*delta[0]-0.000039*delta[1]-0.000004*delta[2],-0.010586-0.000021*delta[0]-0.000035*delta[1]+0.000010*delta[2],-0.018879-0.000054*delta[0]-0.000058*delta[1]+0.000002*delta[2],-0.045271-0.000125*delta[0]-0.000195*delta[1]+0.000003*delta[2],-0.060811-0.000155*delta[0]-0.000244*delta[1]+0.000007*delta[2],-0.023988-0.000033*delta[0]-0.000089*delta[1]+0.000000*delta[2],-0.049767-0.000074*delta[0]-0.000194*delta[1]+0.000023*delta[2],-0.047745-0.000096*delta[0]-0.000163*delta[1]-0.000018*delta[2],-0.037289-0.000087*delta[0]-0.000144*delta[1]-0.000007*delta[2],-0.017190-0.000048*delta[0]-0.000070*delta[1]-0.000008*delta[2],-0.018286-0.000020*delta[0]-0.000060*delta[1]+0.000005*delta[2],-0.017971-0.000033*delta[0]-0.000074*delta[1]-0.000022*delta[2],-0.016647-0.000033*delta[0]-0.000066*delta[1]+0.000001*delta[2],-0.014416-0.000036*delta[0]-0.000060*delta[1]+0.000005*delta[2],-0.113545-0.000292*delta[0]-0.000419*delta[1]-0.000046*delta[2],-0.190046-0.000400*delta[0]-0.000711*delta[1]-0.000127*delta[2],-0.166205-0.000377*delta[0]-0.000689*delta[1]-0.000042*delta[2],-0.088782-0.000151*delta[0]-0.000356*delta[1]+0.000027*delta[2],-0.045435-0.000098*delta[0]-0.000166*delta[1]-0.000026*delta[2],-0.037709-0.000065*delta[0]-0.000147*delta[1]+0.000007*delta[2],-0.034743-0.000063*delta[0]-0.000152*delta[1]+0.000003*delta[2],-0.027052-0.000044*delta[0]-0.000095*delta[1]-0.000012*delta[2],-0.020165-0.000057*delta[0]-0.000087*delta[1]+0.000019*delta[2],-0.226401-0.000532*delta[0]-0.000859*delta[1]+0.000071*delta[2],-14.216956-0.028060*delta[0]-0.065235*delta[1]-0.001133*delta[2],-0.614618-0.001448*delta[0]-0.002239*delta[1]-0.000065*delta[2],-0.096959-0.000284*delta[0]-0.000368*delta[1]-0.000072*delta[2],-0.038717-0.000093*delta[0]-0.000159*delta[1]-0.000004*delta[2]
-0.013565-0.000033*delta[0]-0.000048*delta[1]+0.000002*delta[2],-0.011434-0.000028*delta[0]-0.000043*delta[1]-0.000006*delta[2],-0.009938-0.000028*delta[0]-0.000044*delta[1]-0.000002*delta[2],-0.013117-0.000035*delta[0]-0.000046*delta[1]-0.000007*delta[2],-0.014054-0.000028*delta[0]-0.000061*delta[1]-0.000004*delta[2],-0.014087-0.000031*delta[0]-0.000053*delta[1]-0.000002*delta[2],-0.013520-0.000026*delta[0]-0.000042*delta[1]-0.000005*delta[2],-0.012273-0.000043*delta[0]-0.000042*delta[1]-0.000013*delta[2],-0.010546-0.000015*delta[0]-0.000043*delta[1]-0.000008*delta[2],-0.018272-0.000045*delta[0]-0.000059*delta[1]-0.000026*delta[2],-0.019568-0.000053*delta[0]-0.000057*delta[1]-0.000022*delta[2],-0.017876-0.000043*delta[0]-0.000084*delta[1]-0.000011*delta[2],-0.015452-0.000042*delta[0]-0.000053*delta[1]-0.000013*delta[2],-0.012702-0.000033*delta[0]-0.000051*delta[1]-0.000007*delta[2],-0.027493-0.000074*delta[0]-0.000102*delta[1]-0.000009*delta[2],-0.024985-0.000057*delta[0]-0.000101*delta[1]-0.000009*delta[2],-0.020891-0.000052*delta[0]-0.000079*delta[1]+0.000007*delta[2],-0.038579-0.000087*delta[0]-0.000136*delta[1]-0.000004*delta[2],-0.036460-0.000091*delta[0]-0.000156*delta[1]+0.000022*delta[2],-0.029838-0.000072*delta[0]-0.000131*delta[1]-0.000034*delta[2],-0.022638-0.000058*delta[0]-0.000087*delta[1]+0.000000*delta[2],-0.011958-0.000027*delta[0]-0.000039*delta[1]-0.000002*delta[2],-0.012113-0.000028*delta[0]-0.000049*delta[1]-0.000007*delta[2],-0.010692-0.000029*delta[0]-0.000040*delta[1]+0.000000*delta[2],-0.019263-0.000050*delta[0]-0.000082*delta[1]-0.000010*delta[2],-0.047350-0.000096*delta[0]-0.000199*delta[1]-0.000024*delta[2],-0.064323-0.000138*delta[0]-0.000300*delta[1]-0.000055*delta[2],-0.024576-0.000070*delta[0]-0.000089*delta[1]-0.000012*delta[2],-0.051866-0.000111*delta[0]-0.000178*delta[1]-0.000042*delta[2],-0.049885-0.000114*delta[0]-0.000183*delta[1]-0.000028*delta[2],-0.038585-0.000106*delta[0]-0.000141*delta[1]-0.000020*delta[2],-0.017317-0.000038*delta[0]-0.000055*delta[1]-0.000006*delta[2],-0.018465-0.000040*delta[0]-0.000068*delta[1]-0.000006*delta[2],-0.018073-0.000041*delta[0]-0.000072*delta[1]-0.000006*delta[2],-0.016825-0.000034*delta[0]-0.000060*delta[1]-0.000011*delta[2],-0.014538-0.000029*delta[0]-0.000049*delta[1]+0.000002*delta[2],-0.118672-0.000317*delta[0]-0.000506*delta[1]-0.000016*delta[2],-0.205544-0.000561*delta[0]-0.000748*delta[1]-0.000099*delta[2],-0.178696-0.000380*delta[0]-0.000637*delta[1]-0.000004*delta[2],-0.092812-0.000260*delta[0]-0.000351*delta[1]+0.000041*delta[2],-0.046500-0.000136*delta[0]-0.000176*delta[1]+0.000006*delta[2],-0.037799-0.000052*delta[0]-0.000148*delta[1]-0.000002*delta[2],-0.034947-0.000093*delta[0]-0.000144*delta[1]-0.000033*delta[2],-0.027317-0.000058*delta[0]-0.000122*delta[1]-0.000013*delta[2],-0.020256-0.000045*delta[0]-0.000075*delta[1]-0.000018*delta[2],-0.184113-0.000468*delta[0]-0.000798*delta[1]-0.000095*delta[2],-34.668855-0.071248*delta[0]-0.108061*delta[1]-0.034787*delta[2],-0.601144-0.001441*delta[0]-0.001666*delta[1]-0.000037*delta[2],-0.098480-0.000261*delta[0]-0.000331*delta[1]-0.000049*delta[2],-0.039113-0.000110*delta[0]-0.000144*delta[1]-0.000020*delta[2]
-0.013761-0.000033*delta[0]-0.000046*delta[1]+0.000018*delta[2],-0.011611-0.000020*delta[0]-0.000047*delta[1]-0.000002*delta[2],-0.010061-0.000023*delta[0]-0.000038*delta[1]+0.000002*delta[2],-0.013447-0.000034*delta[0]-0.000051*delta[1]-0.000008*delta[2],-0.014388-0.000032*delta[0]-0.000058*delta[1]-0.000000*delta[2],-0.014442-0.000025*delta[0]-0.000050*delta[1]+0.000003*delta[2],-0.013842-0.000033*delta[0]-0.000057*delta[1]+0.000000*delta[2],-0.012559-0.000024*delta[0]-0.000054*delta[1]+0.000002*delta[2],-0.010747-0.000029*delta[0]-0.000042*delta[1]+0.000004*delta[2],-0.018649-0.000043*delta[0]-0.000077*delta[1]+0.000002*delta[2],-0.019965-0.000046*delta[0]-0.000075*delta[1]+0.000009*delta[2],-0.018222-0.000039*delta[0]-0.000061*delta[1]+0.000005*delta[2],-0.015628-0.000029*delta[0]-0.000061*delta[1]+0.000007*delta[2],-0.012910-0.000025*delta[0]-0.000050*delta[1]+0.000008*delta[2],-0.027671-0.000053*delta[0]-0.000091*delta[1]-0.000009*delta[2],-0.025135-0.000039*delta[0]-0.000103*delta[1]-0.000004*delta[2],-0.020946-0.000046*delta[0]-0.000077*delta[1]+0.000007*delta[2],-0.037987-0.000053*delta[0]-0.000150*delta[1]-0.000007*delta[2],-0.035945-0.000087*delta[0]-0.000127*delta[1]-0.000006*delta[2],-0.029500-0.000048*delta[0]-0.000134*delta[1]+0.000003*delta[2],-0.022415-0.000055*delta[0]-0.000085*delta[1]-0.000010*delta[2],-0.012261-0.000027*delta[0]-0.000051*delta[1]+0.000003*delta[2],-0.012420-0.000036*delta[0]-0.000056*delta[1]-0.000002*delta[2],-0.010918-0.000020*delta[0]-0.000039*delta[1]+0.000004*delta[2],-0.019757-0.000036*delta[0]-0.000076*delta[1]+0.000001*delta[2],-0.046781-0.000087*delta[0]-0.000184*delta[1]+0.000013*delta[2],-0.063921-0.000098*delta[0]-0.000231*delta[1]+0.000049*delta[2],-0.024555-0.000044*delta[0]-0.000108*delta[1]+0.000013*delta[2],-0.050158-0.000061*delta[0]-0.000173*delta[1]+0.000000*delta[2],-0.048280-0.000096*delta[0]-0.000219*delta[1]+0.000021*delta[2],-0.037794-0.000078*delta[0]-0.000151*delta[1]-0.000013*delta[2],-0.017905-0.000051*delta[0]-0.000073*delta[1]-0.000009*delta[2],-0.019007-0.000045*delta[0]-0.000073*delta[1]-0.000004*delta[2],-0.018660-0.000034*delta[0]-0.000064*delta[1]+0.000002*delta[2],-0.017327-0.000040*delta[0]-0.000057*delta[1]+0.000005*delta[2],-0.014926-0.000044*delta[0]-0.000063*delta[1]+0.000010*delta[2],-0.113742-0.000191*delta[0]-0.000483*delta[1]+0.000009*delta[2],-0.191920-0.000324*delta[0]-0.000628*delta[1]+0.000143*delta[2],-0.169050-0.000333*delta[0]-0.000602*delta[1]+0.000086*delta[2],-0.090293-0.000210*delta[0]-0.000374*delta[1]-0.000062*delta[2],-0.046026-0.000100*delta[0]-0.000189*delta[1]-0.000000*delta[2],-0.039569-0.000094*delta[0]-0.000174*delta[1]-0.000002*delta[2],-0.036460-0.000079*delta[0]-0.000146*delta[1]-0.000012*delta[2],-0.028248-0.000068*delta[0]-0.000113*delta[1]-0.000002*delta[2],-0.020734-0.000039*delta[0]-0.000084*delta[1]+0.000004*delta[2],-0.181958-0.000463*delta[0]-0.000788*delta[1]-0.000117*delta[2],-30.512815-0.028359*delta[0]-0.101723*delta[1]+0.004884*delta[2],-0.628943-0.001336*delta[0]-0.002623*delta[1]+0.000130*delta[2],-0.098759-0.000227*delta[0]-0.000435*delta[1]-0.000013*delta[2],-0.037552-0.000067*delta[0]-0.000131*delta[1]+0.000007*delta[2]
-0.026640-0.000046*delta[0]-0.000097*delta[1]-0.000020*delta[2],-0.020075-0.000043*delta[0]-0.000087*delta[1]-0.000011*delta[2],-0.016109-0.000037*delta[0]-0.000075*delta[1]-0.000007*delta[2],-0.018585-0.000038*delta[0]-0.000078*delta[1]-0.000009*delta[2],-0.020986-0.000037*delta[0]-0.000092*delta[1]+0.000005*delta[2],-0.021630-0.000054*delta[0]-0.000077*delta[1]-0.000012*delta[2],-0.020633-0.000043*delta[0]-0.000093*delta[1]+0.000001*delta[2],-0.018179-0.000048*delta[0]-0.000066*delta[1]-0.000004*delta[2],-0.014845-0.000025*delta[0]-0.000044*delta[1]-0.000010*delta[2],-0.036412-0.000079*delta[0]-0.000138*delta[1]+0.000007*delta[2],-0.044408-0.000095*delta[0]-0.000159*delta[1]+0.000008*delta[2],-0.037869-0.000063*delta[0]-0.000160*delta[1]-0.000013*delta[2],-0.028621-0.000081*delta[0]-0.000094*delta[1]+0.000004*delta[2],-0.020777-0.000042*delta[0]-0.000089*delta[1]+0.000003*delta[2],-0.095542-0.000148*delta[0]-0.000340*delta[1]+0.000086*delta[2],-0.075131-0.000189*delta[0]-0.000311*delta[1]-0.000023*delta[2],-0.048345-0.000128*delta[0]-0.000158*delta[1]+0.000010*delta[2],-0.097955-0.000158*delta[0]-0.000439*delta[1]-0.000003*delta[2],-0.095303-0.000225*delta[0]-0.000386*delta[1]+0.000009*delta[2],-0.064875-0.000175*delta[0]-0.000275*delta[1]+0.000004*delta[2],-0.039939-0.000082*delta[0]-0.000171*delta[1]-0.000001*delta[2],-0.015202-0.000023*delta[0]-0.000068*delta[1]-0.000000*delta[2],-0.015630-0.000029*delta[0]-0.000069*delta[1]-0.000010*delta[2],-0.013676-0.000025*delta[0]-0.000053*delta[1]+0.000009*delta[2],-0.031224-0.000054*delta[0]-0.000132*delta[1]-0.000006*delta[2],-0.099916-0.000241*delta[0]-0.000423*delta[1]-0.000118*delta[2],-0.294637-0.000585*delta[0]-0.001265*delta[1]+0.000065*delta[2],-0.035771-0.000069*delta[0]-0.000153*delta[1]-0.000006*delta[2],-0.090486-0.000214*delta[0]-0.000373*delta[1]-0.000069*delta[2],-0.090633-0.000150*delta[0]-0.000367*delta[1]-0.000002*delta[2],-0.063244-0.000115*delta[0]-0.000254*delta[1]+0.000023*delta[2],-0.019569-0.000040*delta[0]-0.000079*delta[1]-0.000012*delta[2],-0.021388-0.000027*delta[0]-0.000103*delta[1]-0.000009*delta[2],-0.021457-0.000049*delta[0]-0.000083*delta[1]-0.000002*delta[2],-0.020043-0.000036*delta[0]-0.000078*delta[1]-0.000011*delta[2],-0.017297-0.000029*delta[0]-0.000065*delta[1]-0.000014*delta[2],-0.099097-0.000177*delta[0]-0.000420*delta[1]-0.000041*delta[2],-0.184653-0.000473*delta[0]-0.000725*delta[1]-0.000157*delta[2],-0.205051-0.000463*delta[0]-0.000835*delta[1]-0.000035*delta[2],-0.112061-0.000320*delta[0]-0.000522*delta[1]+0.000049*delta[2],-0.056617-0.000087*delta[0]-0.000228*delta[1]+0.000022*delta[2],-0.034964-0.000071*delta[0]-0.000150*delta[1]+0.000003*delta[2],-0.035517-0.000088*delta[0]-0.000144*delta[1]+0.000002*delta[2],-0.028772-0.000057*delta[0]-0.000103*delta[1]-0.000007*delta[2],-0.021795-0.000030*delta[0]-0.000077*delta[1]-0.000000*delta[2],-0.083997-0.000149*delta[0]-0.000327*delta[1]-0.000025*delta[2],-0.122176-0.000215*delta[0]-0.000569*delta[1]-0.000011*delta[2],-0.117257-0.000261*delta[0]-0.000476*delta[1]-0.000061*delta[2],-0.076127-0.000173*delta[0]-0.000265*delta[1]+0.000013*delta[2],-0.044763-0.000086*delta[0]-0.000191*delta[1]-0.000019*delta[2]
-0.047724-0.000134*delta[0]-0.000148*delta[1]+0.000003*delta[2],-0.031873-0.000059*delta[0]-0.000146*delta[1]+0.000004*delta[2],-0.023188-0.000053*delta[0]-0.000094*delta[1]-0.000014*delta[2],-0.018876-0.000043*delta[0]-0.000095*delta[1]+0.000002*delta[2],-0.021869-0.000046*delta[0]-0.000096*delta[1]-0.000003*delta[2],-0.023183-0.000032*delta[0]-0.000088*delta[1]+0.000003*delta[2],-0.022401-0.000048*delta[0]-0.000100*delta[1]+0.000010*delta[2],-0.019920-0.000045*delta[0]-0.000073*delta[1]-0.000003*delta[2],-0.016211-0.000022*delta[0]-0.000073*delta[1]-0.000011*delta[2],-0.051939-0.000138*delta[0]-0.000236*delta[1]+0.000015*delta[2],-0.077732-0.000206*delta[0]-0.000308*delta[1]-0.000013*delta[2],-0.062765-0.000137*delta[0]-0.000209*delta[1]-0.000005*delta[2],-0.042361-0.000113*delta[0]-0.000158*delta[1]+0.000033*delta[2],-0.027539-0.000074*delta[0]-0.000118*delta[1]+0.000003*delta[2],-2.616392-0.001820*delta[0]-0.011159*delta[1]-0.000267*delta[2],-0.378385-0.000633*delta[0]-0.001484*delta[1]-0.000073*delta[2],-0.088298-0.000153*delta[0]-0.000336*delta[1]+0.000018*delta[2],-0.130372-0.000247*delta[0]-0.000589*delta[1]-0.000031*delta[2],-0.143620-0.000315*delta[0]-0.000650*delta[1]+0.000016*delta[2],-0.093799-0.000223*delta[0]-0.000362*delta[1]-0.000032*delta[2],-0.052393-0.000107*delta[0]-0.000185*delta[1]+0.000009*delta[2],-0.014127-0.000029*delta[0]-0.000055*delta[1]+0.000003*delta[2],-0.014605-0.000033*delta[0]-0.000059*delta[1]+0.000003*delta[2],-0.013235-0.000031*delta[0]-0.000061*delta[1]+0.000012*delta[2],-0.030829-0.000044*delta[0]-0.000146*delta[1]-0.000005*delta[2],-0.080535-0.000158*delta[0]-0.000409*delta[1]+0.000005*delta[2],-0.166354-0.000243*delta[0]-0.000579*delta[1]+0.000008*delta[2],-0.038738-0.000098*delta[0]-0.000160*delta[1]-0.000001*delta[2],-0.065133-0.000184*delta[0]-0.000285*delta[1]-0.000053*delta[2],-0.068530-0.000111*delta[0]-0.000287*delta[1]+0.000047*delta[2],-0.054792-0.000122*delta[0]-0.000225*delta[1]-0.000011*delta[2],-0.015003-0.000042*delta[0]-0.000070*delta[1]-0.000007*delta[2],-0.016384-0.000029*delta[0]-0.000062*delta[1]+0.000012*delta[2],-0.016646-0.000041*delta[0]-0.000081*delta[1]-0.000009*delta[2],-0.016138-0.000041*delta[0]-0.000064*delta[1]-0.000015*delta[2],-0.014583-0.000041*delta[0]-0.000061*delta[1]-0.000007*delta[2],-0.039485-0.000097*delta[0]-0.000151*delta[1]+0.000004*delta[2],-0.050254-0.000116*delta[0]-0.000222*delta[1]+0.000009*delta[2],-0.055409-0.000117*delta[0]-0.000255*delta[1]+0.000000*delta[2],-0.047390-0.000072*delta[0]-0.000175*delta[1]-0.000000*delta[2],-0.035964-0.000071*delta[0]-0.000141*delta[1]-0.000024*delta[2],-0.019739-0.000040*delta[0]-0.000088*delta[1]-0.000013*delta[2],-0.020955-0.000054*delta[0]-0.000070*delta[1]+0.000015*delta[2],-0.019010-0.000041*delta[0]-0.000076*delta[1]+0.000011*delta[2],-0.016072-0.000029*delta[0]-0.000065*delta[1]-0.000006*delta[2],-0.027991-0.000057*delta[0]-0.000112*delta[1]-0.000011*delta[2],-0.031975-0.000068*delta[0]-0.000136*delta[1]+0.000031*delta[2],-0.032524-0.000094*delta[0]-0.000136*delta[1]-0.000016*delta[2],-0.029105-0.000066*delta[0]-0.000114*delta[1]-0.000012*delta[2],-0.023836-0.000058*delta[0]-0.000114*delta[1]-0.000005*delta[2]
-0.038170-0.000065*delta[0]-0.000123*delta[1]+0.000015*delta[2],-0.018730-0.000041*delta[0]-0.000079*delta[1]-0.000011*delta[2],-0.013517-0.000016*delta[0]-0.000049*delta[1]+0.000010*delta[2],-0.023094-0.000050*delta[0]-0.000084*delta[1]-0.000003*delta[2],-0.022724-0.000037*delta[0]-0.000100*delta[1]-0.000002*delta[2],-0.020474-0.000045*delta[0]-0.000082*delta[1]-0.000003*delta[2],-0.017250-0.000033*delta[0]-0.000076*delta[1]-0.000003*delta[2],-0.013989-0.000030*delta[0]-0.000059*delta[1]-0.000002*delta[2],-0.010942-0.000015*delta[0]-0.000039*delta[1]+0.000004*delta[2],-0.087355-0.000134*delta[0]-0.000336*delta[1]+0.000011*delta[2],-0.048891-0.000124*delta[0]-0.000200*delta[1]+0.000010*delta[2],-0.031376-0.000068*delta[0]-0.000119*delta[1]-0.000018*delta[2],-0.020604-0.000050*delta[0]-0.000102*delta[1]-0.000014*delta[2],-0.014113-0.000032*delta[0]-0.000069*delta[1]-0.000008*delta[2],-0.095377-0.000167*delta[0]-0.000350*delta[1]-0.000013*delta[2],-0.037255-0.000085*delta[0]-0.000170*delta[1]+0.000002*delta[2],-0.021611-0.000046*delta[0]-0.000086*delta[1]+0.000016*delta[2],-0.080099-0.000103*delta[0]-0.000339*delta[1]+0.000031*delta[2],-0.051402-0.000106*delta[0]-0.000219*delta[1]+0.000022*delta[2],-0.031677-0.000055*delta[0]-0.000122*delta[1]+0.000007*delta[2],-0.020483-0.000047*delta[0]-0.000087*delta[1]-0.000006*delta[2],-0.014097-0.000039*delta[0]-0.000062*delta[1]-0.000004*delta[2],-0.013185-0.000035*delta[0]-0.000055*delta[1]-0.000003*delta[2],-0.010133-0.000021*delta[0]-0.000042*delta[1]+0.000007*delta[2],-0.040006-0.000049*delta[0]-0.000149*delta[1]-0.000007*delta[2],-0.155028-0.000215*delta[0]-0.000668*delta[1]+0.000009*delta[2],-0.126502-0.000111*delta[0]-0.000489*delta[1]+0.000056*delta[2],-0.015949-0.000039*delta[0]-0.000068*delta[1]+0.000007*delta[2],-0.048084-0.000058*delta[0]-0.000215*delta[1]-0.000003*delta[2],-0.035897-0.000087*delta[0]-0.000158*delta[1]+0.000004*delta[2],-0.025164-0.000048*delta[0]-0.000110*delta[1]-0.000009*delta[2],-0.015843-0.000028*delta[0]-0.000068*delta[1]-0.000007*delta[2],-0.015363-0.000032*delta[0]-0.000067*delta[1]+0.000002*delta[2],-0.013990-0.000037*delta[0]-0.000052*delta[1]-0.000003*delta[2],-0.012336-0.000024*delta[0]-0.000055*delta[1]+0.000004*delta[2],-0.010448-0.000017*delta[0]-0.000051*delta[1]+0.000002*delta[2],-0.041929-0.000092*delta[0]-0.000150*delta[1]+0.000000*delta[2],-0.038713-0.000047*delta[0]-0.000179*delta[1]-0.000008*delta[2],-0.031641-0.000048*delta[0]-0.000137*delta[1]-0.000006*delta[2],-0.023521-0.000046*delta[0]-0.000096*delta[1]+0.000006*delta[2],-0.017525-0.000038*delta[0]-0.000071*delta[1]+0.000002*delta[2],-0.018962-0.000035*delta[0]-0.000070*delta[1]-0.000002*delta[2],-0.015390-0.000018*delta[0]-0.000069*delta[1]-0.000002*delta[2],-0.012886-0.000026*delta[0]-0.000057*delta[1]+0.000008*delta[2],-0.010500-0.000015*delta[0]-0.000050*delta[1]+0.000002*delta[2],-0.027670-0.000055*delta[0]-0.000121*delta[1]+0.000008*delta[2],-0.025362-0.000067*delta[0]-0.000102*delta[1]-0.000001*delta[2],-0.021502-0.000037*delta[0]-0.000081*delta[1]+0.000002*delta[2],-0.017269-0.000040*delta[0]-0.000066*delta[1]-0.000006*delta[2],-0.013599-0.000021*delta[0]-0.000049*delta[1]+0.000005*delta[2]
-0.050470-0.000089*delta[0]-0.000231*delta[1]-0.000023*delta[2],-0.051071-0.000077*delta[0]-0.000202*delta[1]+0.000013*delta[2],-0.039011-0.000104*delta[0]-0.000174*delta[1]+0.000024*delta[2],-0.015770-0.000022*delta[0]-0.000078*delta[1]-0.000001*delta[2],-0.019623-0.000047*delta[0]-0.000079*delta[1]-0.000002*delta[2],-0.023384-0.000056*delta[0]-0.000113*delta[1]-0.000008*delta[2],-0.025471-0.000039*delta[0]-0.000104*delta[1]-0.000032*delta[2],-0.025394-0.000045*delta[0]-0.000099*delta[1]+0.000015*delta[2],-0.022152-0.000044*delta[0]-0.000088*delta[1]+0.000002*delta[2],-0.033212-0.000061*delta[0]-0.000123*delta[1]+0.000001*delta[2],-0.080559-0.000163*delta[0]-0.000287*delta[1]-0.000041*delta[2],-0.097739-0.000223*delta[0]-0.000423*delta[1]-0.000026*delta[2],-0.080878-0.000159*delta[0]-0.000330*delta[1]+0.000019*delta[2],-0.052118-0.000083*delta[0]-0.000247*delta[1]-0.000028*delta[2],-0.205992-0.000363*delta[0]-0.000951*delta[1]-0.000031*delta[2],-16.934967-0.030388*delta[0]-0.084982*delta[1]-0.003105*delta[2],-0.664609-0.001743*delta[0]-0.002521*delta[1]+0.000357*delta[2],-0.061569-0.000145*delta[0]-0.000263*delta[1]+0.000025*delta[2],-0.100128-0.000136*delta[0]-0.000437*delta[1]-0.000062*delta[2],-0.119876-0.000218*delta[0]-0.000471*delta[1]+0.000005*delta[2],-0.091960-0.000221*delta[0]-0.000371*delta[1]+0.000045*delta[2],-0.013323-0.000019*delta[0]-0.000057*delta[1]-0.000006*delta[2],-0.014873-0.000024*delta[0]-0.000069*delta[1]-0.000005*delta[2],-0.015579-0.000018*delta[0]-0.000070*delta[1]-0.000010*delta[2],-0.023044-0.000041*delta[0]-0.000105*delta[1]+0.000017*delta[2],-0.034207-0.000082*delta[0]-0.000137*delta[1]+0.000003*delta[2],-0.059845-0.000091*delta[0]-0.000267*delta[1]+0.000023*delta[2],-0.077568-0.000134*delta[0]-0.000324*delta[1]-0.000019*delta[2],-0.039214-0.000102*delta[0]-0.000154*delta[1]-0.000010*delta[2],-0.051654-0.000115*delta[0]-0.000183*delta[1]-0.000024*delta[2],-0.056542-0.000126*delta[0]-0.000243*delta[1]-0.000026*delta[2],-0.013004-0.000029*delta[0]-0.000052*delta[1]+0.000003*delta[2],-0.015223-0.000036*delta[0]-0.000061*delta[1]-0.000012*delta[2],-0.016896-0.000042*delta[0]-0.000066*delta[1]-0.000006*delta[2],-0.017749-0.000038*delta[0]-0.000071*delta[1]+0.000000*delta[2],-0.017354-0.000047*delta[0]-0.000073*delta[1]-0.000009*delta[2],-0.023779-0.000046*delta[0]-0.000110*delta[1]+0.000011*delta[2],-0.032443-0.000069*delta[0]-0.000102*delta[1]+0.000000*delta[2],-0.042283-0.000070*delta[0]-0.000155*delta[1]+0.000001*delta[2],-0.046752-0.000113*delta[0]-0.000181*delta[1]-0.000022*delta[2],-0.044185-0.000040*delta[0]-0.000213*delta[1]-0.000002*delta[2],-0.016588-0.000030*delta[0]-0.000061*delta[1]+0.000004*delta[2],-0.021357-0.000033*delta[0]-0.000078*delta[1]+0.000010*delta[2],-0.021514-0.000026*delta[0]-0.000073*delta[1]-0.000005*delta[2],-0.019801-0.000046*delta[0]-0.000075*delta[1]+0.000008*delta[2],-0.019483-0.000034*delta[0]-0.000076*delta[1]-0.000002*delta[2],-0.024017-0.000054*delta[0]-0.000100*delta[1]-0.000032*delta[2],-0.028045-0.000055*delta[0]-0.000106*delta[1]-0.000019*delta[2],-0.029410-0.000057*delta[0]-0.000139*delta[1]+0.000013*delta[2],-0.027588-0.000054*delta[0]-0.000101*delta[1]-0.000006*delta[2]
-0.051350-0.000106*delta[0]-0.000236*delta[1]-0.000004*delta[2],-0.052043-0.000083*delta[0]-0.000237*delta[1]-0.000037*delta[2],-0.039479-0.000082*delta[0]-0.000154*delta[1]-0.000018*delta[2],-0.015649-0.000034*delta[0]-0.000055*delta[1]+0.000000*delta[2],-0.019462-0.000022*delta[0]-0.000096*delta[1]-0.000006*delta[2],-0.023131-0.000038*delta[0]-0.000095*delta[1]+0.000019*delta[2],-0.025338-0.000064*delta[0]-0.000111*delta[1]+0.000008*delta[2],-0.025239-0.000048*delta[0]-0.000108*delta[1]+0.000002*delta[2],-0.022056-0.000040*delta[0]-0.000085*delta[1]-0.000012*delta[2],-0.033037-0.000044*delta[0]-0.000128*delta[1]+0.000011*delta[2],-0.080090-0.000139*delta[0]-0.000304*delta[1]-0.000046*delta[2],-0.097447-0.000179*delta[0]-0.000376*delta[1]-0.000029*delta[2],-0.080788-0.000151*delta[0]-0.000290*delta[1]+0.000033*delta[2],-0.052097-0.000107*delta[0]-0.000223*delta[1]+0.000011*delta[2],-0.200324-0.000346*delta[0]-0.000706*delta[1]-0.000043*delta[2],-19.253342-0.035098*delta[0]-0.069283*delta[1]-0.014491*delta[2],-0.670677-0.000891*delta[0]-0.002395*delta[1]+0.000828*delta[2],-0.060359-0.000128*delta[0]-0.000260*delta[1]-0.000014*delta[2],-0.097075-0.000231*delta[0]-0.000351*delta[1]+0.000026*delta[2],-0.116184-0.000116*delta[0]-0.000510*delta[1]+0.000071*delta[2],-0.089918-0.000214*delta[0]-0.000341*delta[1]-0.000018*delta[2],-0.013180-0.000032*delta[0]-0.000052*delta[1]-0.000003*delta[2],-0.014699-0.000030*delta[0]-0.000056*delta[1]-0.000006*delta[2],-0.015451-0.000026*delta[0]-0.000063*delta[1]-0.000007*delta[2],-0.022765-0.000042*delta[0]-0.000091*delta[1]+0.000005*delta[2],-0.033628-0.000058*delta[0]-0.000135*delta[1]-0.000011*delta[2],-0.058070-0.000095*delta[0]-0.000225*delta[1]+0.000012*delta[2],-0.075031-0.000118*delta[0]-0.000342*delta[1]-0.000039*delta[2],-0.038222-0.000040*delta[0]-0.000135*delta[1]-0.000006*delta[2],-0.049963-0.000062*delta[0]-0.000234*delta[1]-0.000027*delta[2],-0.054542-0.000104*delta[0]-0.000209*delta[1]+0.000010*delta[2],-0.012839-0.000026*delta[0]-0.000060*delta[1]+0.000001*delta[2],-0.014931-0.000038*delta[0]-0.000070*delta[1]-0.000005*delta[2],-0.016561-0.000044*delta[0]-0.000078*delta[1]+0.000001*delta[2],-0.017461-0.000030*delta[0]-0.000054*delta[1]+0.000007*delta[2],-0.017096-0.000029*delta[0]-0.000080*delta[1]+0.000008*delta[2],-0.023207-0.000023*delta[0]-0.000096*delta[1]+0.000004*delta[2],-0.031314-0.000064*delta[0]-0.000132*delta[1]-0.000018*delta[2],-0.040397-0.000075*delta[0]-0.000142*delta[1]-0.000017*delta[2],-0.044646-0.000109*delta[0]-0.000175*delta[1]+0.000000*delta[2],-0.042440-0.000071*delta[0]-0.000152*delta[1]+0.000005*delta[2],-0.016156-0.000026*delta[0]-0.000057*delta[1]+0.000012*delta[2],-0.020751-0.000042*delta[0]-0.000080*delta[1]-0.000004*delta[2],-0.020962-0.000034*delta[0]-0.000094*delta[1]-0.000009*delta[2],-0.019343-0.000034*delta[0]-0.000086*delta[1]-0.000002*delta[2],-0.018888-0.000037*delta[0]-0.000085*delta[1]+0.000007*delta[2],-0.023293-0.000040*delta[0]-0.000083*delta[1]+0.000008*delta[2],-0.026926-0.000037*delta[0]-0.000124*delta[1]-0.000014*delta[2],-0.028228-0.000069*delta[0]-0.000110*delta[1]+0.000015*delta[2],-0.026575-0.000025*delta[0]-0.000111*delta[1]-0.000006*delta[2]
-0.053066-0.000128*delta[0]-0.000223*delta[1]+0.000003*delta[2],-0.053686-0.000081*delta[0]-0.000260*delta[1]-0.000008*delta[2],-0.040443-0.000102*delta[0]-0.000184*delta[1]-0.000041*delta[2],-0.016060-0.000043*delta[0]-0.000064*delta[1]-0.000006*delta[2],-0.020161-0.000025*delta[0]-0.000085*delta[1]-0.000003*delta[2],-0.024130-0.000044*delta[0]-0.000089*delta[1]-0.000024*delta[2],-0.026487-0.000050*delta[0]-0.000116*delta[1]+0.000004*delta[2],-0.026328-0.000060*delta[0]-0.000130*delta[1]-0.000022*delta[2],-0.022815-0.000062*delta[0]-0.000081*delta[1]-0.000011*delta[2],-0.033948-0.000095*delta[0]-0.000154*delta[1]-0.000026*delta[2],-0.085364-0.000164*delta[0]-0.000343*delta[1]-0.000030*delta[2],-0.105268-0.000174*delta[0]-0.000347*delta[1]-0.000114*delta[2],-0.085837-0.000212*delta[0]-0.000335*delta[1]-0.000034*delta[2],-0.054350-0.000139*delta[0]-0.000200*delta[1]-0.000019*delta[2],-0.179318-0.000524*delta[0]-0.000647*delta[1]+0.000064*delta[2],-25.072070-0.055223*delta[0]-0.108999*delta[1]-0.009365*delta[2],-0.654581-0.001331*delta[0]-0.002485*delta[1]-0.000370*delta[2],-0.058995-0.000120*delta[0]-0.000235*delta[1]-0.000013*delta[2],-0.093774-0.000219*delta[0]-0.000288*delta[1]+0.000064*delta[2],-0.111266-0.000140*delta[0]-0.000408*delta[1]-0.000044*delta[2],-0.086810-0.000172*delta[0]-0.000404*delta[1]+0.000010*delta[2],-0.013600-0.000018*delta[0]-0.000057*delta[1]+0.000004*delta[2],-0.015242-0.000046*delta[0]-0.000062*delta[1]-0.000000*delta[2],-0.016047-0.000036*delta[0]-0.000054*delta[1]+0.000005*delta[2],-0.023594-0.000044*delta[0]-0.000096*delta[1]-0.000014*delta[2],-0.033784-0.000061*delta[0]-0.000140*delta[1]-0.000025*delta[2],-0.058554-0.000116*delta[0]-0.000226*delta[1]-0.000006*delta[2],-0.076054-0.000237*delta[0]-0.000332*delta[1]-0.000058*delta[2],-0.037910-0.000083*delta[0]-0.000177*delta[1]-0.000031*delta[2],-0.049332-0.000066*delta[0]-0.000220*delta[1]-0.000050*delta[2],-0.053622-0.000163*delta[0]-0.000239*delta[1]-0.000003*delta[2],-0.013277-0.000032*delta[0]-0.000051*delta[1]-0.000007*delta[2],-0.015544-0.000032*delta[0]-0.000064*delta[1]-0.000005*delta[2],-0.017301-0.000034*delta[0]-0.000073*delta[1]-0.000003*delta[2],-0.018287-0.000027*delta[0]-0.000075*delta[1]-0.000004*delta[2],-0.017788-0.000041*delta[0]-0.000069*delta[1]-0.000014*delta[2],-0.023471-0.000070*delta[0]-0.000095*delta[1]-0.000012*delta[2],-0.031813-0.000080*delta[0]-0.000149*delta[1]-0.000002*delta[2],-0.041335-0.000105*delta[0]-0.000170*delta[1]-0.000021*delta[2],-0.045613-0.000091*delta[0]-0.000171*delta[1]-0.000023*delta[2],-0.043243-0.000096*delta[0]-0.000171*delta[1]-0.000003*delta[2],-0.016784-0.000038*delta[0]-0.000068*delta[1]-0.000002*delta[2],-0.021821-0.000067*delta[0]-0.000086*delta[1]-0.000008*delta[2],-0.021997-0.000035*delta[0]-0.000093*delta[1]+0.000002*delta[2],-0.020217-0.000026*delta[0]-0.000091*delta[1]-0.000008*delta[2],-0.019390-0.000045*delta[0]-0.000075*delta[1]-0.000001*delta[2],-0.023916-0.000064*delta[0]-0.000106*delta[1]-0.000010*delta[2],-0.027722-0.000046*delta[0]-0.000110*delta[1]-0.000006*delta[2],-0.029200-0.000084*delta[0]-0.000105*delta[1]-0.000017*delta[2],-0.027489-0.000074*delta[0]-0.000107*delta[1]+0.000013*delta[2]
-0.023784-0.000054*delta[0]-0.000089*delta[1]+0.000010*delta[2],-0.018289-0.000042*delta[0]-0.000071*delta[1]-0.000005*delta[2],-0.014867-0.000044*delta[0]-0.000064*delta[1]-0.000002*delta[2],-0.019939-0.000053*delta[0]-0.000075*delta[1]-0.000011*delta[2],-0.022598-0.000064*delta[0]-0.000077*delta[1]-0.000028*delta[2],-0.023097-0.000061*delta[0]-0.000110*delta[1]-0.000004*delta[2],-0.021782-0.000054*delta[0]-0.000092*delta[1]-0.000015*delta[2],-0.018958-0.000048*delta[0]-0.000057*delta[1]-0.000005*delta[2],-0.015271-0.000040*delta[0]-0.000055*delta[1]-0.000008*delta[2],-0.033328-0.000095*delta[0]-0.000122*delta[1]-0.000028*delta[2],-0.039227-0.000072*delta[0]-0.000170*delta[1]-0.000010*delta[2],-0.033589-0.000105*delta[0]-0.000128*delta[1]-0.000025*delta[2],-0.026054-0.000042*delta[0]-0.000104*delta[1]-0.000003*delta[2],-0.019335-0.000058*delta[0]-0.000070*delta[1]+0.000006*delta[2],-0.057215-0.000126*delta[0]-0.000238*delta[1]-0.000018*delta[2],-0.048686-0.000146*delta[0]-0.000219*delta[1]-0.000024*delta[2],-0.035864-0.000096*delta[0]-0.000114*delta[1]-0.000008*delta[2],-0.055299-0.000186*delta[0]-0.000231*delta[1]+0.000020*delta[2],-0.053688-0.000165*delta[0]-0.000240*delta[1]-0.000014*delta[2],-0.042196-0.000127*delta[0]-0.000171*delta[1]+0.000022*delta[2],-0.029887-0.000065*delta[0]-0.000126*delta[1]-0.000019*delta[2],-0.017189-0.000035*delta[0]-0.000082*delta[1]-0.000008*delta[2],-0.017657-0.000059*delta[0]-0.000073*delta[1]-0.000012*delta[2],-0.015005-0.000039*delta[0]-0.000060*delta[1]-0.000002*delta[2],-0.033250-0.000096*delta[0]-0.000148*delta[1]-0.000018*delta[2],-0.070439-0.000145*delta[0]-0.000214*delta[1]-0.000025*delta[2],-0.128276-0.000344*delta[0]-0.000440*delta[1]+0.000078*delta[2],-0.032230-0.000094*delta[0]-0.000136*delta[1]-0.000019*delta[2],-0.057606-0.000140*delta[0]-0.000241*delta[1]-0.000017*delta[2],-0.057089-0.000123*delta[0]-0.000237*delta[1]+0.000008*delta[2],-0.044330-0.000114*delta[0]-0.000161*delta[1]-0.000002*delta[2],-0.023979-0.000058*delta[0]-0.000095*delta[1]+0.000002*delta[2],-0.026607-0.000053*delta[0]-0.000101*delta[1]+0.000015*delta[2],-0.026437-0.000056*delta[0]-0.000109*delta[1]-0.000037*delta[2],-0.024121-0.000070*delta[0]-0.000087*delta[1]-0.000012*delta[2],-0.019935-0.000063*delta[0]-0.000074*delta[1]-0.000004*delta[2],-0.090734-0.000202*delta[0]-0.000439*delta[1]-0.000031*delta[2],-0.150224-0.000471*delta[0]-0.000664*delta[1]-0.000042*delta[2],-0.156661-0.000491*delta[0]-0.000665*delta[1]+0.000069*delta[2],-0.093543-0.000261*delta[0]-0.000399*delta[1]-0.000014*delta[2],-0.050459-0.000155*delta[0]-0.000209*delta[1]+0.000015*delta[2],-0.051391-0.000099*delta[0]-0.000216*delta[1]+0.000016*delta[2],-0.050240-0.000129*delta[0]-0.000198*delta[1]-0.000016*delta[2],-0.037108-0.000110*delta[0]-0.000148*delta[1]-0.000039*delta[2],-0.025851-0.000043*delta[0]-0.000126*delta[1]+0.000007*delta[2],-0.121594-0.000226*delta[0]-0.000492*delta[1]-0.000081*delta[2],-0.218269-0.000481*delta[0]-0.000877*delta[1]-0.000147*delta[2],-0.191916-0.000404*delta[0]-0.000658*delta[1]-0.000148*delta[2],-0.099292-0.000247*delta[0]-0.000403*delta[1]+0.000022*delta[2],-0.049702-0.000127*delta[0]-0.000166*delta[1]-0.000036*delta[2]
-0.025606-0.000031*delta[0]-0.000099*delta[1]+0.000005*delta[2],-0.024436-0.000051*delta[0]-0.000103*delta[1]+0.000004*delta[2],-0.020727-0.000019*delta[0]-0.000076*delta[1]+0.000017*delta[2],-0.016408-0.000034*delta[0]-0.000071*delta[1]+0.000005*delta[2],-0.019992-0.000039*delta[0]-0.000081*delta[1]+0.000000*delta[2],-0.023014-0.000031*delta[0]-0.000091*delta[1]-0.000022*delta[2],-0.024544-0.000031*delta[0]-0.000107*delta[1]-0.000014*delta[2],-0.023611-0.000038*delta[0]-0.000102*delta[1]+0.000002*delta[2],-0.020238-0.000030*delta[0]-0.000072*delta[1]-0.000006*delta[2],-0.026000-0.000017*delta[0]-0.000115*delta[1]+0.000005*delta[2],-0.043342-0.000058*delta[0]-0.000191*delta[1]-0.000064*delta[2],-0.045592-0.000051*delta[0]-0.000156*delta[1]+0.000020*delta[2],-0.039768-0.000060*delta[0]-0.000140*delta[1]-0.000000*delta[2],-0.030467-0.000041*delta[0]-0.000127*delta[1]+0.000001*delta[2],-0.062491-0.000101*delta[0]-0.000270*delta[1]-0.000002*delta[2],-0.072951-0.000151*delta[0]-0.000321*delta[1]-0.000049*delta[2],-0.063934-0.000164*delta[0]-0.000258*delta[1]-0.000045*delta[2],-0.049328-0.000100*delta[0]-0.000209*delta[1]+0.000018*delta[2],-0.064266-0.000110*delta[0]-0.000277*delta[1]-0.000015*delta[2],-0.065500-0.000108*delta[0]-0.000234*delta[1]+0.000010*delta[2],-0.051736-0.000041*delta[0]-0.000197*delta[1]+0.000061*delta[2],-0.015588-0.000025*delta[0]-0.000064*delta[1]+0.000005*delta[2],-0.017470-0.000016*delta[0]-0.000081*delta[1]+0.000006*delta[2],-0.017745-0.000026*delta[0]-0.000074*delta[1]-0.000011*delta[2],-0.024656-0.000044*delta[0]-0.000089*delta[1]-0.000010*delta[2],-0.037061-0.000065*delta[0]-0.000145*delta[1]-0.000002*delta[2],-0.074030-0.000124*delta[0]-0.000385*delta[1]-0.000033*delta[2],-0.072646-0.000155*delta[0]-0.000246*delta[1]+0.000044*delta[2],-0.047602-0.000050*delta[0]-0.000168*delta[1]+0.000023*delta[2],-0.062676-0.000120*delta[0]-0.000297*delta[1]+0.000038*delta[2],-0.063811-0.000096*delta[0]-0.000266*delta[1]-0.000016*delta[2],-0.018826-0.000038*delta[0]-0.000079*delta[1]-0.000002*delta[2],-0.022948-0.000029*delta[0]-0.000115*delta[1]-0.000006*delta[2],-0.026097-0.000053*delta[0]-0.000104*delta[1]-0.000013*delta[2],-0.027139-0.000043*delta[0]-0.000109*delta[1]-0.000004*delta[2],-0.025076-0.000042*delta[0]-0.000094*delta[1]+0.000004*delta[2],-0.043077-0.000102*delta[0]-0.000165*delta[1]-0.000004*delta[2],-0.078267-0.000155*delta[0]-0.000274*delta[1]-0.000017*delta[2],-0.142866-0.000193*delta[0]-0.000509*delta[1]+0.000061*delta[2],-0.167415-0.000289*delta[0]-0.000599*delta[1]+0.000079*delta[2],-0.111103-0.000235*delta[0]-0.000414*delta[1]-0.000017*delta[2],-0.034263-0.000041*delta[0]-0.000130*delta[1]-0.000023*delta[2],-0.053174-0.000116*delta[0]-0.000211*delta[1]+0.000014*delta[2],-0.049244-0.000043*delta[0]-0.000216*delta[1]+0.000009*delta[2],-0.038196-0.000052*delta[0]-0.000161*delta[1]-0.000004*delta[2],-0.047565-0.000073*delta[0]-0.000184*delta[1]-0.000007*delta[2],-0.087666-0.000133*delta[0]-0.000302*delta[1]+0.000024*delta[2],-0.150215-0.000224*delta[0]-0.000635*delta[1]-0.000108*delta[2],-0.163859-0.000186*delta[0]-0.000481*delta[1]-0.000077*delta[2],-0.101768-0.000181*delta[0]-0.000374*delta[1]+0.000017*delta[2]
-0.055605-0.000128*delta[0]-0.000248*delta[1]-0.000010*delta[2],-0.056392-0.000140*delta[0]-0.000232*delta[1]-0.000019*delta[2],-0.041967-0.000124*delta[0]-0.000198*delta[1]-0.000006*delta[2],-0.016475-0.000043*delta[0]-0.000052*delta[1]-0.000001*delta[2],-0.020730-0.000045*delta[0]-0.000100*delta[1]+0.000007*delta[2],-0.024926-0.000042*delta[0]-0.000115*delta[1]+0.000012*delta[2],-0.027544-0.000057*delta[0]-0.000110*delta[1]+0.000016*delta[2],-0.027393-0.000066*delta[0]-0.000101*delta[1]+0.000014*delta[2],-0.023618-0.000047*delta[0]-0.000100*delta[1]+0.000014*delta[2],-0.034751-0.000091*delta[0]-0.000145*delta[1]-0.000008*delta[2],-0.091116-0.000139*delta[0]-0.000385*delta[1]+0.000022*delta[2],-0.113895-0.000236*delta[0]-0.000455*delta[1]+0.000000*delta[2],-0.091561-0.000192*delta[0]-0.000415*delta[1]+0.000039*delta[2],-0.056358-0.000112*delta[0]-0.000291*delta[1]-0.000050*delta[2],-0.216647-0.000311*delta[0]-0.001097*delta[1]-0.000013*delta[2],-11.812660-0.032264*delta[0]-0.052292*delta[1]+0.002399*delta[2],-0.682108-0.001077*delta[0]-0.002574*delta[1]-0.000393*delta[2],-0.056492-0.000134*delta[0]-0.000245*delta[1]+0.000030*delta[2],-0.088048-0.000188*delta[0]-0.000345*delta[1]+0.000006*delta[2],-0.103418-0.000191*delta[0]-0.000477*delta[1]+0.000049*delta[2],-0.082254-0.000187*delta[0]-0.000372*delta[1]+0.000044*delta[2],-0.013955-0.000033*delta[0]-0.000064*delta[1]-0.000010*delta[2],-0.015695-0.000028*delta[0]-0.000068*delta[1]+0.000000*delta[2],-0.016496-0.000039*delta[0]-0.000069*delta[1]+0.000001*delta[2],-0.024145-0.000047*delta[0]-0.000117*delta[1]+0.000011*delta[2],-0.033322-0.000092*delta[0]-0.000139*delta[1]-0.000039*delta[2],-0.057425-0.000123*delta[0]-0.000249*delta[1]-0.000036*delta[2],-0.074267-0.000120*delta[0]-0.000312*delta[1]+0.000032*delta[2],-0.036636-0.000072*delta[0]-0.000150*delta[1]+0.000004*delta[2],-0.047283-0.000080*delta[0]-0.000228*delta[1]-0.000015*delta[2],-0.051432-0.000066*delta[0]-0.000212*delta[1]+0.000007*delta[2],-0.013561-0.000025*delta[0]-0.000058*delta[1]+0.000013*delta[2],-0.015862-0.000031*delta[0]-0.000070*delta[1]+0.000002*delta[2],-0.017738-0.000034*delta[0]-0.000075*delta[1]-0.000008*delta[2],-0.018744-0.000033*delta[0]-0.000070*delta[1]-0.000006*delta[2],-0.018256-0.000033*delta[0]-0.000076*delta[1]-0.000001*delta[2],-0.023173-0.000053*delta[0]-0.000109*delta[1]-0.000006*delta[2],-0.031163-0.000060*delta[0]-0.000128*delta[1]-0.000011*delta[2],-0.040447-0.000099*delta[0]-0.000207*delta[1]+0.000009*delta[2],-0.044488-0.000092*delta[0]-0.000175*delta[1]-0.000036*delta[2],-0.042329-0.000070*delta[0]-0.000213*delta[1]-0.000007*delta[2],-0.017045-0.000034*delta[0]-0.000068*delta[1]+0.000015*delta[2],-0.022313-0.000048*delta[0]-0.000079*delta[1]+0.000015*delta[2],-0.022465-0.000049*delta[0]-0.000099*delta[1]+0.000001*delta[2],-0.020597-0.000046*delta[0]-0.000083*delta[1]+0.000001*delta[2],-0.019302-0.000037*delta[0]-0.000086*delta[1]+0.000006*delta[2],-0.023826-0.000047*delta[0]-0.000119*delta[1]+0.000009*delta[2],-0.027637-0.000061*delta[0]-0.000129*delta[1]+0.000016*delta[2],-0.028987-0.000069*delta[0]-0.000125*delta[1]-0.000005*delta[2],-0.027316-0.000080*delta[0]-0.000113*delta[1]-0.000011*delta[2]
-0.046754-0.000056*delta[0]-0.000207*delta[1]-0.000026*delta[2],-0.062856-0.000077*delta[0]-0.000247*delta[1]+0.000012*delta[2],-0.052033-0.000086*delta[0]-0.000197*delta[1]+0.000025*delta[2],-0.014069-0.000014*delta[0]-0.000055*delta[1]-0.000006*delta[2],-0.018038-0.000036*delta[0]-0.000073*delta[1]+0.000004*delta[2],-0.022373-0.000065*delta[0]-0.000092*delta[1]+0.000012*delta[2],-0.026120-0.000040*delta[0]-0.000097*delta[1]-0.000023*delta[2],-0.027809-0.000038*delta[0]-0.000110*delta[1]+0.000034*delta[2],-0.025705-0.000054*delta[0]-0.000095*delta[1]+0.000012*delta[2],-0.025966-0.000047*delta[0]-0.000108*delta[1]-0.000006*delta[2],-0.068825-0.000105*delta[0]-0.000313*delta[1]+0.000033*delta[2],-0.103525-0.000313*delta[0]-0.000497*delta[1]-0.000011*delta[2],-0.108998-0.000236*delta[0]-0.000397*delta[1]-0.000012*delta[2],-0.076161-0.000156*delta[0]-0.000289*delta[1]+0.000032*delta[2],-0.083840-0.000123*delta[0]-0.000335*delta[1]+0.000016*delta[2],-0.531929-0.000922*delta[0]-0.001993*delta[1]-0.000055*delta[2],-14.258227-0.030026*delta[0]-0.052578*delta[1]+0.005532*delta[2],-0.042074-0.000084*delta[0]-0.000137*delta[1]-0.000002*delta[2],-0.068922-0.000109*delta[0]-0.000270*delta[1]+0.000034*delta[2],-0.098729-0.000167*delta[0]-0.000416*delta[1]-0.000034*delta[2],-0.100338-0.000194*delta[0]-0.000463*delta[1]-0.000008*delta[2],-0.012677-0.000022*delta[0]-0.000047*delta[1]-0.000001*delta[2],-0.014548-0.000027*delta[0]-0.000060*delta[1]+0.000006*delta[2],-0.016666-0.000037*delta[0]-0.000068*delta[1]+0.000010*delta[2],-0.019463-0.000038*delta[0]-0.000074*delta[1]+0.000005*delta[2],-0.024518-0.000047*delta[0]-0.000079*delta[1]+0.000002*delta[2],-0.039756-0.000070*delta[0]-0.000177*delta[1]-0.000008*delta[2],-0.100256-0.000196*delta[0]-0.000456*delta[1]-0.000006*delta[2],-0.029667-0.000064*delta[0]-0.000138*delta[1]+0.000045*delta[2],-0.040260-0.000069*delta[0]-0.000159*delta[1]+0.000002*delta[2],-0.048840-0.000099*delta[0]-0.000207*delta[1]+0.000026*delta[2],-0.011965-0.000016*delta[0]-0.000051*delta[1]+0.000001*delta[2],-0.014245-0.000017*delta[0]-0.000051*delta[1]+0.000003*delta[2],-0.016427-0.000043*delta[0]-0.000072*delta[1]+0.000000*delta[2],-0.018091-0.000027*delta[0]-0.000073*delta[1]-0.000005*delta[2],-0.018535-0.000042*delta[0]-0.000079*delta[1]+0.000005*delta[2],-0.018715-0.000028*delta[0]-0.000086*delta[1]-0.000011*delta[2],-0.025347-0.000036*delta[0]-0.000104*delta[1]-0.000003*delta[2],-0.034148-0.000084*delta[0]-0.000135*delta[1]+0.000010*delta[2],-0.040950-0.000042*delta[0]-0.000167*delta[1]+0.000034*delta[2],-0.043515-0.000076*delta[0]-0.000183*delta[1]+0.000020*delta[2],-0.014825-0.000017*delta[0]-0.000057*delta[1]-0.000011*delta[2],-0.020669-0.000034*delta[0]-0.000078*delta[1]+0.000002*delta[2],-0.022031-0.000042*delta[0]-0.000083*delta[1]+0.000006*delta[2],-0.021418-0.000039*delta[0]-0.000082*delta[1]+0.000007*delta[2],-0.016091-0.000024*delta[0]-0.000069*delta[1]+0.000002*delta[2],-0.020202-0.000046*delta[0]-0.000071*delta[1]-0.000009*delta[2],-0.024414-0.000034*delta[0]-0.000093*delta[1]+0.000001*delta[2],-0.027334-0.000028*delta[0]-0.000115*delta[1]+0.000003*delta[2],-0.027691-0.000059*delta[0]-0.000114*delta[1]+0.000026*delta[2]
-0.027830-0.000039*delta[0]-0.000117*delta[1]-0.000005*delta[2],-0.037257-0.000073*delta[0]-0.000162*delta[1]-0.000003*delta[2],-0.035335-0.000078*delta[0]-0.000143*delta[1]+0.000023*delta[2],-0.013239-0.000034*delta[0]-0.000064*delta[1]+0.000005*delta[2],-0.017185-0.000042*delta[0]-0.000072*delta[1]+0.000003*delta[2],-0.021818-0.000053*delta[0]-0.000099*delta[1]-0.000007*delta[2],-0.026551-0.000054*delta[0]-0.000104*delta[1]-0.000007*delta[2],-0.029809-0.000050*delta[0]-0.000129*delta[1]+0.000017*delta[2],-0.028665-0.000062*delta[0]-0.000117*delta[1]-0.000003*delta[2],-0.019793-0.000041*delta[0]-0.000081*delta[1]-0.000009*delta[2],-0.044193-0.000082*delta[0]-0.000210*delta[1]+0.000015*delta[2],-0.063206-0.000133*delta[0]-0.000239*delta[1]-0.000004*delta[2],-0.074050-0.000112*delta[0]-0.000306*delta[1]+0.000048*delta[2],-0.064192-0.000130*delta[0]-0.000267*delta[1]+0.000018*delta[2],-0.054771-0.000077*delta[0]-0.000231*delta[1]+0.000027*delta[2],-0.099180-0.000157*delta[0]-0.000339*delta[1]+0.000002*delta[2],-0.151462-0.000368*delta[0]-0.000670*delta[1]+0.000101*delta[2],-0.033190-0.000069*delta[0]-0.000157*delta[1]-0.000016*delta[2],-0.052849-0.000088*delta[0]-0.000216*delta[1]+0.000002*delta[2],-0.077644-0.000117*delta[0]-0.000311*delta[1]+0.000029*delta[2],-0.088953-0.000169*delta[0]-0.000377*delta[1]+0.000058*delta[2],-0.013532-0.000023*delta[0]-0.000045*delta[1]+0.000014*delta[2],-0.016219-0.000034*delta[0]-0.000072*delta[1]-0.000004*delta[2],-0.020110-0.000046*delta[0]-0.000103*delta[1]+0.000002*delta[2],-0.017840-0.000025*delta[0]-0.000071*delta[1]+0.000015*delta[2],-0.018985-0.000032*delta[0]-0.000075*delta[1]+0.000015*delta[2],-0.033916-0.000069*delta[0]-0.000141*delta[1]+0.000047*delta[2],-0.252960-0.000548*delta[0]-0.000933*delta[1]+0.000151*delta[2],-0.029209-0.000044*delta[0]-0.000126*delta[1]-0.000002*delta[2],-0.043334-0.000107*delta[0]-0.000199*delta[1]+0.000001*delta[2],-0.058495-0.000135*delta[0]-0.000248*delta[1]+0.000027*delta[2],-0.013894-0.000031*delta[0]-0.000051*delta[1]+0.000008*delta[2],-0.017769-0.000030*delta[0]-0.000066*delta[1]+0.000002*delta[2],-0.021911-0.000047*delta[0]-0.000092*delta[1]-0.000002*delta[2],-0.026081-0.000073*delta[0]-0.000097*delta[1]+0.000022*delta[2],-0.027946-0.000054*delta[0]-0.000125*delta[1]+0.000006*delta[2],-0.021012-0.000038*delta[0]-0.000095*delta[1]-0.000006*delta[2],-0.032654-0.000049*delta[0]-0.000131*delta[1]+0.000009*delta[2],-0.054584-0.000083*delta[0]-0.000235*delta[1]+0.000028*delta[2],-0.087378-0.000218*delta[0]-0.000377*delta[1]+0.000007*delta[2],-0.114550-0.000269*delta[0]-0.000407*delta[1]+0.000066*delta[2],-0.020306-0.000032*delta[0]-0.000090*delta[1]+0.000018*delta[2],-0.037250-0.000060*delta[0]-0.000161*delta[1]+0.000013*delta[2],-0.044461-0.000081*delta[0]-0.000131*delta[1]+0.000023*delta[2],-0.044206-0.000123*delta[0]-0.000197*delta[1]+0.000017*delta[2],-0.021411-0.000044*delta[0]-0.000087*delta[1]+0.000018*delta[2],-0.032153-0.000060*delta[0]-0.000134*delta[1]+0.000001*delta[2],-0.048977-0.000072*delta[0]-0.000200*delta[1]+0.000023*delta[2],-0.070521-0.000113*delta[0]-0.000284*delta[1]+0.000009*delta[2],-0.082290-0.000181*delta[0]-0.000361*delta[1]-0.000008*delta[2]
-0.016670-0.000018*delta[0]-0.000060*delta[1]-0.000003*delta[2],-0.015768-0.000024*delta[0]-0.000071*delta[1]-0.000005*delta[2],-0.014029-0.000033*delta[0]-0.000051*delta[1]+0.000006*delta[2],-0.015940-0.000034*delta[0]-0.000066*delta[1]-0.000005*delta[2],-0.018940-0.000050*delta[0]-0.000080*delta[1]+0.000003*delta[2],-0.021146-0.000052*delta[0]-0.000091*delta[1]-0.000002*delta[2],-0.022054-0.000055*delta[0]-0.000096*delta[1]-0.000005*delta[2],-0.020822-0.000037*delta[0]-0.000082*delta[1]-0.000012*delta[2],-0.018012-0.000043*delta[0]-0.000066*delta[1]-0.000002*delta[2],-0.018497-0.000029*delta[0]-0.000067*delta[1]-0.000004*delta[2],-0.025062-0.000043*delta[0]-0.000088*delta[1]+0.000005*delta[2],-0.025280-0.000041*delta[0]-0.000092*delta[1]-0.000030*delta[2],-0.023094-0.000039*delta[0]-0.000077*delta[1]-0.000010*delta[2],-0.019417-0.000041*delta[0]-0.000076*delta[1]-0.000006*delta[2],-0.024535-0.000034*delta[0]-0.000103*delta[1]-0.000004*delta[2],-0.025754-0.000046*delta[0]-0.000125*delta[1]+0.000016*delta[2],-0.024281-0.000075*delta[0]-0.000091*delta[1]-0.000012*delta[2],-0.021960-0.000017*delta[0]-0.000096*delta[1]-0.000009*delta[2],-0.024123-0.000041*delta[0]-0.000098*delta[1]+0.000001*delta[2],-0.023937-0.000047*delta[0]-0.000098*delta[1]-0.000002*delta[2],-0.021442-0.000047*delta[0]-0.000082*delta[1]+0.000007*delta[2],-0.017460-0.000045*delta[0]-0.000089*delta[1]-0.000000*delta[2],-0.019507-0.000046*delta[0]-0.000078*delta[1]-0.000009*delta[2],-0.019105-0.000034*delta[0]-0.000082*delta[1]+0.000007*delta[2],-0.021911-0.000036*delta[0]-0.000094*delta[1]-0.000005*delta[2],-0.023356-0.000055*delta[0]-0.000086*delta[1]-0.000017*delta[2],-0.032542-0.000061*delta[0]-0.000130*delta[1]-0.000007*delta[2],-0.030650-0.000061*delta[0]-0.000120*delta[1]-0.000005*delta[2],-0.023793-0.000063*delta[0]-0.000102*delta[1]-0.000017*delta[2],-0.026752-0.000051*delta[0]-0.000112*delta[1]+0.000022*delta[2],-0.026393-0.000046*delta[0]-0.000103*delta[1]-0.000011*delta[2],-0.024622-0.000032*delta[0]-0.000103*delta[1]+0.000003*delta[2],-0.031322-0.000056*delta[0]-0.000138*delta[1]-0.000022*delta[2],-0.036033-0.000077*delta[0]-0.000132*delta[1]-0.000006*delta[2],-0.036594-0.000120*delta[0]-0.000158*delta[1]-0.000008*delta[2],-0.031669-0.000088*delta[0]-0.000151*delta[1]-0.000026*delta[2],-0.032288-0.000073*delta[0]-0.000148*delta[1]+0.000006*delta[2],-0.046022-0.000036*delta[0]-0.000173*delta[1]-0.000003*delta[2],-0.059015-0.000142*delta[0]-0.000276*delta[1]+0.000002*delta[2],-0.060434-0.000147*delta[0]-0.000258*delta[1]+0.000013*delta[2],-0.048322-0.000125*delta[0]-0.000218*delta[1]-0.000010*delta[2],-0.061642-0.000148*delta[0]-0.000266*delta[1]+0.000025*delta[2],-0.126089-0.000258*delta[0]-0.000630*delta[1]-0.000115*delta[2],-0.094690-0.000187*delta[0]-0.000325*delta[1]-0.000005*delta[2],-0.056621-0.000134*delta[0]-0.000201*delta[1]+0.000040*delta[2],-0.053378-0.000141*delta[0]-0.000252*delta[1]+0.000010*delta[2],-0.106217-0.000269*delta[0]-0.000471*delta[1]-0.000072*delta[2],-0.185300-0.000283*delta[0]-0.000788*delta[1]-0.000056*delta[2],-0.186429-0.000325*delta[0]-0.000691*delta[1]-0.000059*delta[2],-0.099266-0.000187*delta[0]-0.000320*delta[1]+0.000020*delta[2]
-0.088310-0.000140*delta[0]-0.000309*delta[1]+0.000041*delta[2],-0.204467-0.000421*delta[0]-0.000871*delta[1]-0.000100*delta[2],-0.125401-0.000225*delta[0]-0.000500*delta[1]-0.000022*delta[2],-0.017461-0.000027*delta[0]-0.000073*delta[1]+0.000005*delta[2],-0.024345-0.000049*delta[0]-0.000093*delta[1]+0.000007*delta[2],-0.033425-0.000062*delta[0]-0.000126*delta[1]+0.000006*delta[2],-0.042639-0.000087*delta[0]-0.000178*delta[1]-0.000052*delta[2],-0.047660-0.000107*delta[0]-0.000159*delta[1]+0.000016*delta[2],-0.042402-0.000105*delta[0]-0.000194*delta[1]-0.000015*delta[2],-0.027737-0.000056*delta[0]-0.000104*delta[1]-0.000005*delta[2],-0.119219-0.000346*delta[0]-0.000501*delta[1]+0.000010*delta[2],-0.322149-0.000687*delta[0]-0.001251*delta[1]-0.000038*delta[2],-0.405092-0.000666*delta[0]-0.001266*delta[1]-0.000195*delta[2],-0.161253-0.000405*delta[0]-0.000571*delta[1]-0.000044*delta[2],-0.082856-0.000232*delta[0]-0.000338*delta[1]-0.000003*delta[2],-0.179518-0.000479*delta[0]-0.000760*delta[1]+0.000057*delta[2],-0.269356-0.000541*delta[0]-0.000881*delta[1]-0.000087*delta[2],-0.025475-0.000059*delta[0]-0.000081*delta[1]-0.000010*delta[2],-0.033906-0.000057*delta[0]-0.000137*delta[1]-0.000006*delta[2],-0.040703-0.000066*delta[0]-0.000175*delta[1]-0.000032*delta[2],-0.042153-0.000097*delta[0]-0.000174*delta[1]+0.000021*delta[2],-0.016440-0.000034*delta[0]-0.000070*delta[1]-0.000006*delta[2],-0.019820-0.000029*delta[0]-0.000072*delta[1]+0.000002*delta[2],-0.023824-0.000036*delta[0]-0.000111*delta[1]-0.000002*delta[2],-0.023029-0.000064*delta[0]-0.000093*delta[1]-0.000002*delta[2],-0.019119-0.000055*delta[0]-0.000071*delta[1]-0.000005*delta[2],-0.027296-0.000076*delta[0]-0.000120*delta[1]-0.000010*delta[2],-0.049820-0.000109*delta[0]-0.000175*delta[1]+0.000006*delta[2],-0.018840-0.000049*delta[0]-0.000073*delta[1]+0.000005*delta[2],-0.022861-0.000046*delta[0]-0.000076*delta[1]+0.000006*delta[2],-0.025451-0.000069*delta[0]-0.000105*delta[1]-0.000011*delta[2],-0.013844-0.000021*delta[0]-0.000061*delta[1]-0.000007*delta[2],-0.017038-0.000030*delta[0]-0.000056*delta[1]+0.000002*delta[2],-0.020323-0.000047*delta[0]-0.000067*delta[1]-0.000003*delta[2],-0.023098-0.000039*delta[0]-0.000092*delta[1]-0.000003*delta[2],-0.023845-0.000048*delta[0]-0.000099*delta[1]-0.000004*delta[2],-0.014155-0.000018*delta[0]-0.000049*delta[1]-0.000003*delta[2],-0.017715-0.000035*delta[0]-0.000088*delta[1]+0.000005*delta[2],-0.021765-0.000054*delta[0]-0.000095*delta[1]-0.000003*delta[2],-0.024637-0.000032*delta[0]-0.000107*delta[1]+0.000004*delta[2],-0.025932-0.000056*delta[0]-0.000115*delta[1]+0.000003*delta[2],-0.015421-0.000027*delta[0]-0.000060*delta[1]+0.000001*delta[2],-0.022098-0.000043*delta[0]-0.000065*delta[1]+0.000010*delta[2],-0.023998-0.000024*delta[0]-0.000088*delta[1]+0.000019*delta[2],-0.023531-0.000041*delta[0]-0.000085*delta[1]-0.000013*delta[2],-0.013064-0.000030*delta[0]-0.000053*delta[1]+0.000011*delta[2],-0.015646-0.000040*delta[0]-0.000069*delta[1]-0.000006*delta[2],-0.018188-0.000031*delta[0]-0.000069*delta[1]-0.000009*delta[2],-0.019973-0.000045*delta[0]-0.000059*delta[1]+0.000004*delta[2],-0.020259-0.000037*delta[0]-0.000086*delta[1]-0.000007*delta[2]
-0.052125-0.000069*delta[0]-0.000184*delta[1]+0.000033*delta[2],-0.049878-0.000095*delta[0]-0.000207*delta[1]-0.000047*delta[2],-0.037422-0.000072*delta[0]-0.000158*delta[1]+0.000017*delta[2],-0.024894-0.000048*delta[0]-0.000088*delta[1]+0.000019*delta[2],-0.035312-0.000086*delta[0]-0.000112*delta[1]+0.000001*delta[2],-0.046975-0.000096*delta[0]-0.000166*delta[1]+0.000001*delta[2],-0.054440-0.000131*delta[0]-0.000222*delta[1]+0.000003*delta[2],-0.050939-0.000090*delta[0]-0.000212*delta[1]+0.000012*delta[2],-0.038261-0.000067*delta[0]-0.000152*delta[1]-0.000000*delta[2],-0.039129-0.000057*delta[0]-0.000135*delta[1]+0.000009*delta[2],-0.114716-0.000208*delta[0]-0.000385*delta[1]-0.000079*delta[2],-0.137026-0.000119*delta[0]-0.000471*delta[1]+0.000072*delta[2],-0.099349-0.000094*delta[0]-0.000342*delta[1]-0.000042*delta[2],-0.057259-0.000073*delta[0]-0.000288*delta[1]-0.000028*delta[2],-0.077116-0.000148*delta[0]-0.000286*delta[1]+0.000040*delta[2],-0.097981-0.000166*delta[0]-0.000360*delta[1]-0.000005*delta[2],-0.086846-0.000156*delta[0]-0.000349*delta[1]+0.000014*delta[2],-0.032174-0.000069*delta[0]-0.000145*delta[1]+0.000030*delta[2],-0.039557-0.000067*delta[0]-0.000157*delta[1]+0.000004*delta[2],-0.041425-0.000080*delta[0]-0.000173*delta[1]-0.000001*delta[2],-0.036731-0.000032*delta[0]-0.000122*delta[1]+0.000001*delta[2],-0.024828-0.000058*delta[0]-0.000099*delta[1]+0.000017*delta[2],-0.030081-0.000073*delta[0]-0.000109*delta[1]+0.000001*delta[2],-0.031202-0.000062*delta[0]-0.000127*delta[1]+0.000017*delta[2],-0.037220-0.000041*delta[0]-0.000167*delta[1]-0.000020*delta[2],-0.029202-0.000044*delta[0]-0.000129*delta[1]-0.000015*delta[2],-0.047504-0.000102*delta[0]-0.000168*delta[1]+0.000006*delta[2],-0.053738-0.000069*delta[0]-0.000238*delta[1]+0.000002*delta[2],-0.026927-0.000052*delta[0]-0.000089*delta[1]+0.000010*delta[2],-0.031799-0.000052*delta[0]-0.000123*delta[1]+0.000009*delta[2],-0.032628-0.000056*delta[0]-0.000136*delta[1]+0.000010*delta[2],-0.025967-0.000050*delta[0]-0.000091*delta[1]-0.000006*delta[2],-0.035275-0.000067*delta[0]-0.000133*delta[1]+0.000015*delta[2],-0.043915-0.000114*delta[0]-0.000179*delta[1]-0.000026*delta[2],-0.047755-0.000075*delta[0]-0.000199*delta[1]-0.000009*delta[2],-0.042309-0.000076*delta[0]-0.000188*delta[1]-0.000017*delta[2],-0.025645-0.000043*delta[0]-0.000108*delta[1]-0.000004*delta[2],-0.035130-0.000055*delta[0]-0.000139*delta[1]-0.000054*delta[2],-0.045726-0.000100*delta[0]-0.000174*delta[1]+0.000000*delta[2],-0.049570-0.000093*delta[0]-0.000203*delta[1]+0.000033*delta[2],-0.044678-0.000074*delta[0]-0.000190*delta[1]-0.000020*delta[2],-0.039404-0.000066*delta[0]-0.000182*delta[1]-0.000017*delta[2],-0.073151-0.000117*delta[0]-0.000279*delta[1]-0.000038*delta[2],-0.070046-0.000088*delta[0]-0.000292*delta[1]-0.000035*delta[2],-0.051458-0.000107*delta[0]-0.000192*delta[1]-0.000004*delta[2],-0.028244-0.000049*delta[0]-0.000117*delta[1]-0.000001*delta[2],-0.038981-0.000093*delta[0]-0.000172*delta[1]+0.000037*delta[2],-0.048555-0.000098*delta[0]-0.000216*delta[1]+0.000014*delta[2],-0.052088-0.000054*delta[0]-0.000156*delta[1]+0.000013*delta[2],-0.044787-0.000103*delta[0]-0.000173*delta[1]+0.000009*delta[2]
-0.027469-0.000036*delta[0]-0.000097*delta[1]-0.000018*delta[2],-0.022911-0.000043*delta[0]-0.000097*delta[1]-0.000006*delta[2],-0.018649-0.000031*delta[0]-0.000065*delta[1]-0.000008*delta[2],-0.025738-0.000061*delta[0]-0.000093*delta[1]-0.000017*delta[2],-0.032455-0.000040*delta[0]-0.000118*delta[1]-0.000008*delta[2],-0.036530-0.000066*delta[0]-0.000128*delta[1]-0.000035*delta[2],-0.036297-0.000042*delta[0]-0.000124*delta[1]+0.000009*delta[2],-0.031027-0.000073*delta[0]-0.000123*delta[1]+0.000005*delta[2],-0.023669-0.000050*delta[0]-0.000097*delta[1]-0.000015*delta[2],-0.032263-0.000080*delta[0]-0.000143*delta[1]+0.000003*delta[2],-0.046843-0.000073*delta[0]-0.000181*delta[1]+0.000003*delta[2],-0.043328-0.000081*delta[0]-0.000182*delta[1]-0.000024*delta[2],-0.034336-0.000067*delta[0]-0.000146*delta[1]+0.000010*delta[2],-0.025221-0.000056*delta[0]-0.000095*delta[1]-0.000003*delta[2],-0.038280-0.000070*delta[0]-0.000143*delta[1]-0.000023*delta[2],-0.037994-0.000089*delta[0]-0.000183*delta[1]-0.000014*delta[2],-0.032647-0.000096*delta[0]-0.000107*delta[1]+0.000003*delta[2],-0.026433-0.000062*delta[0]-0.000113*delta[1]+0.000011*delta[2],-0.028272-0.000058*delta[0]-0.000112*delta[1]-0.000017*delta[2],-0.026604-0.000056*delta[0]-0.000129*delta[1]+0.000004*delta[2],-0.022604-0.000050*delta[0]-0.000095*delta[1]+0.000007*delta[2],-0.026671-0.000039*delta[0]-0.000107*delta[1]+0.000007*delta[2],-0.029751-0.000062*delta[0]-0.000116*delta[1]-0.000015*delta[2],-0.025574-0.000061*delta[0]-0.000093*delta[1]-0.000006*delta[2],-0.039815-0.000084*delta[0]-0.000159*delta[1]+0.000010*delta[2],-0.031049-0.000050*delta[0]-0.000129*delta[1]-0.000012*delta[2],-0.044671-0.000080*delta[0]-0.000195*delta[1]-0.000008*delta[2],-0.030516-0.000073*delta[0]-0.000130*delta[1]-0.000037*delta[2],-0.025821-0.000049*delta[0]-0.000086*delta[1]+0.000006*delta[2],-0.027614-0.000045*delta[0]-0.000108*delta[1]-0.000009*delta[2],-0.025837-0.000046*delta[0]-0.000101*delta[1]-0.000007*delta[2],-0.038025-0.000101*delta[0]-0.000163*delta[1]-0.000013*delta[2],-0.050813-0.000056*delta[0]-0.000212*delta[1]-0.000037*delta[2],-0.057090-0.000062*delta[0]-0.000240*delta[1]+0.000003*delta[2],-0.052330-0.000098*delta[0]-0.000181*delta[1]-0.000015*delta[2],-0.039195-0.000068*delta[0]-0.000151*delta[1]+0.000026*delta[2],-0.034678-0.000098*delta[0]-0.000141*delta[1]-0.000016*delta[2],-0.045831-0.000118*delta[0]-0.000152*delta[1]+0.000026*delta[2],-0.053383-0.000121*delta[0]-0.000224*delta[1]-0.000033*delta[2],-0.049114-0.000106*delta[0]-0.000214*delta[1]+0.000010*delta[2],-0.038140-0.000099*delta[0]-0.000136*delta[1]-0.000004*delta[2],-0.100520-0.000145*delta[0]-0.000457*delta[1]-0.000025*delta[2],-0.182617-0.000416*delta[0]-0.000800*delta[1]-0.000013*delta[2],-0.101133-0.000187*delta[0]-0.000346*delta[1]+0.000004*delta[2],-0.051687-0.000122*delta[0]-0.000253*delta[1]+0.000002*delta[2],-0.052470-0.000114*delta[0]-0.000230*delta[1]-0.000059*delta[2],-0.080169-0.000135*delta[0]-0.000332*delta[1]-0.000044*delta[2],-0.094902-0.000193*delta[0]-0.000378*delta[1]+0.000054*delta[2],-0.080539-0.000123*delta[0]-0.000320*delta[1]+0.000017*delta[2],-0.052073-0.000113*delta[0]-0.000199*delta[1]-0.000024*delta[2]
-0.030253-0.000072*delta[0]-0.000128*delta[1]+0.000006*delta[2],-0.017868-0.000041*delta[0]-0.000079*delta[1]+0.000001*delta[2],-0.013446-0.000030*delta[0]-0.000056*delta[1]+0.000010*delta[2],-0.044886-0.000060*delta[0]-0.000169*delta[1]+0.000015*delta[2],-0.046130-0.000080*delta[0]-0.000187*delta[1]-0.000001*delta[2],-0.038912-0.000060*delta[0]-0.000151*delta[1]+0.000006*delta[2],-0.029800-0.000052*delta[0]-0.000121*delta[1]-0.000010*delta[2],-0.021482-0.000057*delta[0]-0.000085*delta[1]+0.000006*delta[2],-0.015385-0.000033*delta[0]-0.000061*delta[1]+0.000000*delta[2],-0.064666-0.000150*delta[0]-0.000243*delta[1]-0.000016*delta[2],-0.047883-0.000107*delta[0]-0.000186*delta[1]-0.000032*delta[2],-0.032744-0.000060*delta[0]-0.000126*delta[1]+0.000013*delta[2],-0.022165-0.000037*delta[0]-0.000096*delta[1]+0.000005*delta[2],-0.015431-0.000031*delta[0]-0.000059*delta[1]-0.000000*delta[2],-0.040484-0.000094*delta[0]-0.000163*delta[1]-0.000027*delta[2],-0.030583-0.000063*delta[0]-0.000102*delta[1]+0.000028*delta[2],-0.022138-0.000041*delta[0]-0.000103*delta[1]-0.000009*delta[2],-0.028427-0.000063*delta[0]-0.000129*delta[1]+0.000001*delta[2],-0.024860-0.000054*delta[0]-0.000095*delta[1]-0.000003*delta[2],-0.019984-0.000017*delta[0]-0.000078*delta[1]+0.000005*delta[2],-0.015493-0.000032*delta[0]-0.000066*delta[1]+0.000006*delta[2],-0.032427-0.000063*delta[0]-0.000130*delta[1]-0.000006*delta[2],-0.029023-0.000070*delta[0]-0.000112*delta[1]-0.000013*delta[2],-0.018002-0.000047*delta[0]-0.000071*delta[1]+0.000010*delta[2],-0.097261-0.000169*delta[0]-0.000366*delta[1]-0.000001*delta[2],-0.052234-0.000095*delta[0]-0.000209*delta[1]+0.000038*delta[2],-0.057754-0.000087*delta[0]-0.000231*delta[1]-0.000011*delta[2],-0.016691-0.000033*delta[0]-0.000069*delta[1]-0.000009*delta[2],-0.026656-0.000042*delta[0]-0.000084*delta[1]+0.000009*delta[2],-0.023556-0.000056*delta[0]-0.000100*delta[1]+0.000012*delta[2],-0.018973-0.000037*delta[0]-0.000077*delta[1]+0.000007*delta[2],-0.058957-0.000118*delta[0]-0.000251*delta[1]+0.000017*delta[2],-0.055935-0.000122*delta[0]-0.000212*delta[1]-0.000031*delta[2],-0.042932-0.000053*delta[0]-0.000134*delta[1]+0.000018*delta[2],-0.030732-0.000060*delta[0]-0.000102*delta[1]+0.000006*delta[2],-0.021172-0.000029*delta[0]-0.000082*delta[1]+0.000015*delta[2],-0.046542-0.000085*delta[0]-0.000186*delta[1]-0.000022*delta[2],-0.045502-0.000060*delta[0]-0.000195*delta[1]+0.000085*delta[2],-0.037941-0.000083*delta[0]-0.000142*delta[1]+0.000005*delta[2],-0.028095-0.000045*delta[0]-0.000121*delta[1]+0.000005*delta[2],-0.020242-0.000033*delta[0]-0.000096*delta[1]-0.000004*delta[2],-0.143937-0.000353*delta[0]-0.000555*delta[1]-0.000076*delta[2],-0.056275-0.000120*delta[0]-0.000212*delta[1]+0.000013*delta[2],-0.032558-0.000084*delta[0]-0.000127*delta[1]-0.000003*delta[2],-0.020244-0.000017*delta[0]-0.000078*delta[1]-0.000002*delta[2],-0.069293-0.000116*delta[0]-0.000269*delta[1]+0.000052*delta[2],-0.064438-0.000146*delta[0]-0.000242*delta[1]-0.000022*delta[2],-0.047139-0.000075*delta[0]-0.000175*delta[1]-0.000002*delta[2],-0.032368-0.000066*delta[0]-0.000113*delta[1]-0.000012*delta[2],-0.021695-0.000049*delta[0]-0.000078*delta[1]-0.000005*delta[2]
-0.033904-0.000072*delta[0]-0.000143*delta[1]+0.000022*delta[2],-0.021320-0.000046*delta[0]-0.000088*delta[1]+0.000005*delta[2],-0.016038-0.000034*delta[0]-0.000053*delta[1]+0.000005*delta[2],-0.040752-0.000057*delta[0]-0.000201*delta[1]+0.000020*delta[2],-0.046576-0.000058*delta[0]-0.000181*delta[1]+0.000005*delta[2],-0.043961-0.000090*delta[0]-0.000125*delta[1]+0.000004*delta[2],-0.035823-0.000076*delta[0]-0.000117*delta[1]+0.000026*delta[2],-0.026410-0.000053*delta[0]-0.000111*delta[1]+0.000010*delta[2],-0.018708-0.000038*delta[0]-0.000074*delta[1]-0.000007*delta[2],-0.059430-0.000089*delta[0]-0.000255*delta[1]-0.000001*delta[2],-0.058881-0.000115*delta[0]-0.000212*delta[1]-0.000017*delta[2],-0.041792-0.000073*delta[0]-0.000154*delta[1]+0.000014*delta[2],-0.028237-0.000054*delta[0]-0.000105*delta[1]+0.000006*delta[2],-0.019179-0.000036*delta[0]-0.000067*delta[1]+0.000003*delta[2],-0.046641-0.000102*delta[0]-0.000174*delta[1]+0.000032*delta[2],-0.037484-0.000078*delta[0]-0.000147*delta[1]+0.000025*delta[2],-0.027555-0.000077*delta[0]-0.000111*delta[1]+0.000022*delta[2],-0.030008-0.000053*delta[0]-0.000126*delta[1]-0.000003*delta[2],-0.027946-0.000055*delta[0]-0.000098*delta[1]+0.000006*delta[2],-0.023331-0.000061*delta[0]-0.000096*delta[1]+0.000010*delta[2],-0.018341-0.000031*delta[0]-0.000072*delta[1]-0.000000*delta[2],-0.032973-0.000085*delta[0]-0.000140*delta[1]-0.000019*delta[2],-0.031945-0.000052*delta[0]-0.000100*delta[1]+0.000019*delta[2],-0.021349-0.000053*delta[0]-0.000093*delta[1]+0.000028*delta[2],-0.082334-0.000168*delta[0]-0.000292*delta[1]+0.000016*delta[2],-0.047516-0.000085*delta[0]-0.000173*delta[1]+0.000020*delta[2],-0.059962-0.000119*delta[0]-0.000232*delta[1]+0.000021*delta[2],-0.020860-0.000046*delta[0]-0.000088*delta[1]+0.000012*delta[2],-0.027754-0.000043*delta[0]-0.000129*delta[1]+0.000026*delta[2],-0.026093-0.000061*delta[0]-0.000109*delta[1]+0.000003*delta[2],-0.021876-0.000049*delta[0]-0.000088*delta[1]-0.000006*delta[2],-0.054485-0.000107*delta[0]-0.000243*delta[1]-0.000022*delta[2],-0.059814-0.000096*delta[0]-0.000224*delta[1]+0.000034*delta[2],-0.051361-0.000092*delta[0]-0.000215*delta[1]+0.000000*delta[2],-0.038381-0.000067*delta[0]-0.000180*delta[1]+0.000027*delta[2],-0.026582-0.000051*delta[0]-0.000121*delta[1]+0.000019*delta[2],-0.043480-0.000088*delta[0]-0.000183*delta[1]-0.000025*delta[2],-0.047762-0.000102*delta[0]-0.000205*delta[1]+0.000051*delta[2],-0.044303-0.000120*delta[0]-0.000181*delta[1]+0.000011*delta[2],-0.034305-0.000064*delta[0]-0.000139*delta[1]-0.000000*delta[2],-0.024987-0.000043*delta[0]-0.000091*delta[1]+0.000021*delta[2],-0.139661-0.000204*delta[0]-0.000443*delta[1]+0.000183*delta[2],-0.080170-0.000168*delta[0]-0.000284*delta[1]-0.000038*delta[2],-0.045024-0.000080*delta[0]-0.000188*delta[1]+0.000029*delta[2],-0.026732-0.000057*delta[0]-0.000114*delta[1]+0.000009*delta[2],-0.063759-0.000153*delta[0]-0.000242*delta[1]+0.000024*delta[2],-0.070316-0.000133*delta[0]-0.000297*delta[1]+0.000033*delta[2],-0.057930-0.000129*delta[0]-0.000255*delta[1]+0.000002*delta[2],-0.041461-0.000099*delta[0]-0.000132*delta[1]+0.000015*delta[2],-0.027595-0.000061*delta[0]-0.000114*delta[1]+0.000007*delta[2]
-0.046261-0.000105*delta[0]-0.000160*delta[1]+0.000036*delta[2],-0.022605-0.000041*delta[0]-0.000082*delta[1]+0.000029*delta[2],-0.015965-0.000024*delta[0]-0.000053*delta[1]+0.000027*delta[2],-0.067867-0.000147*delta[0]-0.000275*delta[1]+0.000050*delta[2],-0.072071-0.000122*delta[0]-0.000314*delta[1]+0.000063*delta[2],-0.057469-0.000072*delta[0]-0.000270*delta[1]-0.000004*delta[2],-0.039840-0.000055*delta[0]-0.000163*delta[1]+0.000058*delta[2],-0.026539-0.000050*delta[0]-0.000100*delta[1]+0.000010*delta[2],-0.017642-0.000026*delta[0]-0.000084*delta[1]-0.000001*delta[2],-0.125170-0.000132*delta[0]-0.000488*delta[1]+0.000061*delta[2],-0.077956-0.000083*delta[0]-0.000290*delta[1]+0.000057*delta[2],-0.044631-0.000092*delta[0]-0.000158*delta[1]+0.000043*delta[2],-0.026879-0.000051*delta[0]-0.000095*delta[1]+0.000016*delta[2],-0.017342-0.000026*delta[0]-0.000075*delta[1]+0.000027*delta[2],-0.051091-0.000077*delta[0]-0.000184*delta[1]+0.000045*delta[2],-0.036769-0.000054*delta[0]-0.000126*delta[1]+0.000008*delta[2],-0.025290-0.000041*delta[0]-0.000080*delta[1]+0.000018*delta[2],-0.027982-0.000056*delta[0]-0.000116*delta[1]+0.000004*delta[2],-0.024846-0.000028*delta[0]-0.000090*delta[1]+0.000021*delta[2],-0.020219-0.000038*delta[0]-0.000075*delta[1]-0.000000*delta[2],-0.015785-0.000018*delta[0]-0.000052*delta[1]+0.000005*delta[2],-0.041188-0.000110*delta[0]-0.000169*delta[1]+0.000022*delta[2],-0.035991-0.000069*delta[0]-0.000125*delta[1]+0.000038*delta[2],-0.020739-0.000035*delta[0]-0.000069*delta[1]+0.000005*delta[2],-0.205080-0.000416*delta[0]-0.000827*delta[1]+0.000154*delta[2],-0.048672-0.000088*delta[0]-0.000188*delta[1]+0.000016*delta[2],-0.054123-0.000109*delta[0]-0.000215*delta[1]+0.000055*delta[2],-0.016857-0.000041*delta[0]-0.000065*delta[1]+0.000007*delta[2],-0.024182-0.000044*delta[0]-0.000103*delta[1]+0.000005*delta[2],-0.021757-0.000039*delta[0]-0.000090*delta[1]+0.000000*delta[2],-0.017942-0.000025*delta[0]-0.000068*delta[1]+0.000013*delta[2],-0.063829-0.000124*delta[0]-0.000341*delta[1]+0.000007*delta[2],-0.061759-0.000094*delta[0]-0.000221*delta[1]-0.000019*delta[2],-0.047214-0.000087*delta[0]-0.000191*delta[1]+0.000003*delta[2],-0.033309-0.000047*delta[0]-0.000150*delta[1]+0.000020*delta[2],-0.022620-0.000051*delta[0]-0.000085*delta[1]+0.000003*delta[2],-0.035143-0.000075*delta[0]-0.000129*delta[1]+0.000002*delta[2],-0.034999-0.000038*delta[0]-0.000147*delta[1]+0.000024*delta[2],-0.031019-0.000072*delta[0]-0.000138*delta[1]+0.000045*delta[2],-0.024294-0.000042*delta[0]-0.000093*delta[1]+0.000014*delta[2],-0.018512-0.000032*delta[0]-0.000070*delta[1]+0.000012*delta[2],-0.096580-0.000175*delta[0]-0.000345*delta[1]+0.000044*delta[2],-0.050113-0.000077*delta[0]-0.000180*delta[1]+0.000018*delta[2],-0.031372-0.000049*delta[0]-0.000112*delta[1]+0.000020*delta[2],-0.020330-0.000036*delta[0]-0.000089*delta[1]+0.000008*delta[2],-0.042883-0.000046*delta[0]-0.000176*delta[1]+0.000036*delta[2],-0.041525-0.000070*delta[0]-0.000163*delta[1]+0.000008*delta[2],-0.034056-0.000087*delta[0]-0.000132*delta[1]+0.000022*delta[2],-0.025936-0.000033*delta[0]-0.000086*delta[1]+0.000005*delta[2],-0.018988-0.000024*delta[0]-0.000084*delta[1]+0.000014*delta[2]
-0.084888-0.000196*delta[0]-0.000385*delta[1]-0.000001*delta[2],-0.083891-0.000148*delta[0]-0.000289*delta[1]-0.000089*delta[2],-0.054316-0.000128*delta[0]-0.000257*delta[1]+0.000002*delta[2],-0.028753-0.000057*delta[0]-0.000098*delta[1]+0.000000*delta[2],-0.044860-0.000079*delta[0]-0.000184*delta[1]+0.000010*delta[2],-0.067556-0.000167*delta[0]-0.000282*delta[1]-0.000003*delta[2],-0.085644-0.000174*delta[0]-0.000401*delta[1]+0.000035*delta[2],-0.078866-0.000200*delta[0]-0.000373*delta[1]-0.000020*delta[2],-0.053381-0.000114*delta[0]-0.000226*delta[1]+0.000017*delta[2],-0.042975-0.000090*delta[0]-0.000178*delta[1]+0.000016*delta[2],-0.226128-0.000420*delta[0]-0.001042*delta[1]-0.000112*delta[2],-0.361335-0.000638*delta[0]-0.001286*delta[1]+0.000050*delta[2],-0.190557-0.000352*delta[0]-0.000754*delta[1]-0.000105*delta[2],-0.077902-0.000137*delta[0]-0.000297*delta[1]-0.000027*delta[2],-0.075462-0.000156*delta[0]-0.000359*delta[1]-0.000025*delta[2],-0.098489-0.000213*delta[0]-0.000399*delta[1]-0.000023*delta[2],-0.089826-0.000197*delta[0]-0.000375*delta[1]-0.000042*delta[2],-0.026442-0.000044*delta[0]-0.000105*delta[1]-0.000006*delta[2],-0.031888-0.000051*delta[0]-0.000153*delta[1]-0.000008*delta[2],-0.033508-0.000064*delta[0]-0.000134*delta[1]+0.000012*delta[2],-0.030959-0.000061*delta[0]-0.000131*delta[1]-0.000005*delta[2],-0.029331-0.000034*delta[0]-0.000130*delta[1]+0.000014*delta[2],-0.037096-0.000063*delta[0]-0.000112*delta[1]+0.000010*delta[2],-0.039602-0.000070*delta[0]-0.000145*delta[1]+0.000021*delta[2],-0.040342-0.000092*delta[0]-0.000160*delta[1]+0.000009*delta[2],-0.024707-0.000063*delta[0]-0.000114*delta[1]+0.000016*delta[2],-0.036826-0.000072*delta[0]-0.000151*delta[1]-0.000012*delta[2],-0.043015-0.000142*delta[0]-0.000153*delta[1]-0.000016*delta[2],-0.021361-0.000049*delta[0]-0.000071*delta[1]-0.000001*delta[2],-0.024531-0.000040*delta[0]-0.000102*delta[1]-0.000005*delta[2],-0.025179-0.000051*delta[0]-0.000102*delta[1]-0.000014*delta[2],-0.026663-0.000038*delta[0]-0.000108*delta[1]+0.000011*delta[2],-0.037104-0.000061*delta[0]-0.000156*delta[1]-0.000008*delta[2],-0.047639-0.000121*delta[0]-0.000219*delta[1]+0.000001*delta[2],-0.052752-0.000124*delta[0]-0.000216*delta[1]-0.000011*delta[2],-0.047052-0.000127*delta[0]-0.000175*delta[1]+0.000011*delta[2],-0.019938-0.000052*delta[0]-0.000064*delta[1]-0.000001*delta[2],-0.025380-0.000063*delta[0]-0.000097*delta[1]-0.000008*delta[2],-0.031053-0.000084*delta[0]-0.000120*delta[1]-0.000021*delta[2],-0.033080-0.000073*delta[0]-0.000152*delta[1]+0.000005*delta[2],-0.031501-0.000069*delta[0]-0.000136*delta[1]-0.000029*delta[2],-0.034110-0.000037*delta[0]-0.000144*delta[1]-0.000006*delta[2],-0.059110-0.000107*delta[0]-0.000278*delta[1]+0.000006*delta[2],-0.058693-0.000086*delta[0]-0.000314*delta[1]+0.000004*delta[2],-0.046169-0.000100*delta[0]-0.000121*delta[1]-0.000030*delta[2],-0.021203-0.000038*delta[0]-0.000083*delta[1]-0.000017*delta[2],-0.026816-0.000050*delta[0]-0.000095*delta[1]-0.000007*delta[2],-0.031452-0.000071*delta[0]-0.000112*delta[1]+0.000005*delta[2],-0.033316-0.000043*delta[0]-0.000136*delta[1]-0.000006*delta[2],-0.030621-0.000082*delta[0]-0.000130*delta[1]-0.000001*delta[2]
-0.128840-0.000267*delta[0]-0.000446*delta[1]-0.000044*delta[2],-0.054353-0.000065*delta[0]-0.000268*delta[1]+0.000023*delta[2],-0.032394-0.000030*delta[0]-0.000128*delta[1]-0.000008*delta[2],-0.050742-0.000102*delta[0]-0.000245*delta[1]-0.000049*delta[2],-0.077037-0.000103*delta[0]-0.000330*delta[1]-0.000103*delta[2],-0.093074-0.000174*delta[0]-0.000403*delta[1]+0.000052*delta[2],-0.079042-0.000093*delta[0]-0.000358*delta[1]-0.000024*delta[2],-0.052827-0.000084*delta[0]-0.000214*delta[1]+0.000023*delta[2],-0.032357-0.000058*delta[0]-0.000159*delta[1]-0.000001*delta[2],-0.115802-0.000194*delta[0]-0.000495*delta[1]-0.000034*delta[2],-0.510661-0.001369*delta[0]-0.002144*delta[1]-0.000214*delta[2],-0.186226-0.000374*delta[0]-0.000809*delta[1]-0.000158*delta[2],-0.070191-0.000126*delta[0]-0.000293*delta[1]-0.000033*delta[2],-0.034084-0.000060*delta[0]-0.000160*delta[1]-0.000009*delta[2],-0.095966-0.000154*delta[0]-0.000429*delta[1]-0.000021*delta[2],-0.081040-0.000140*delta[0]-0.000358*delta[1]+0.000037*delta[2],-0.053703-0.000120*delta[0]-0.000223*delta[1]-0.000008*delta[2],-0.029629-0.000067*delta[0]-0.000145*delta[1]-0.000006*delta[2],-0.030760-0.000051*delta[0]-0.000123*delta[1]-0.000009*delta[2],-0.027923-0.000042*delta[0]-0.000135*delta[1]-0.000000*delta[2],-0.023062-0.000048*delta[0]-0.000110*delta[1]-0.000001*delta[2],-0.038363-0.000064*delta[0]-0.000146*delta[1]-0.000020*delta[2],-0.041728-0.000093*delta[0]-0.000211*delta[1]+0.000000*delta[2],-0.030728-0.000027*delta[0]-0.000131*delta[1]-0.000008*delta[2],-0.099139-0.000100*delta[0]-0.000410*delta[1]+0.000041*delta[2],-0.035226-0.000053*delta[0]-0.000149*delta[1]+0.000008*delta[2],-0.047919-0.000069*delta[0]-0.000227*delta[1]+0.000005*delta[2],-0.026385-0.000056*delta[0]-0.000111*delta[1]+0.000027*delta[2],-0.023093-0.000040*delta[0]-0.000116*delta[1]+0.000004*delta[2],-0.023530-0.000036*delta[0]-0.000090*delta[1]-0.000000*delta[2],-0.021612-0.000053*delta[0]-0.000087*delta[1]-0.000028*delta[2],-0.037666-0.000081*delta[0]-0.000173*delta[1]-0.000029*delta[2],-0.046410-0.000097*delta[0]-0.000191*delta[1]-0.000006*delta[2],-0.048437-0.000112*delta[0]-0.000228*delta[1]-0.000055*delta[2],-0.042466-0.000078*delta[0]-0.000187*delta[1]-0.000033*delta[2],-0.032240-0.000060*delta[0]-0.000128*delta[1]+0.000007*delta[2],-0.024175-0.000035*delta[0]-0.000095*delta[1]+0.000001*delta[2],-0.027955-0.000053*delta[0]-0.000113*delta[1]-0.000012*delta[2],-0.029645-0.000065*delta[0]-0.000139*delta[1]-0.000027*delta[2],-0.027174-0.000034*delta[0]-0.000097*delta[1]+0.000005*delta[2],-0.023024-0.000038*delta[0]-0.000091*delta[1]+0.000005*delta[2],-0.044226-0.000059*delta[0]-0.000191*delta[1]+0.000007*delta[2],-0.049199-0.000107*delta[0]-0.000244*delta[1]+0.000013*delta[2],-0.039303-0.000074*delta[0]-0.000160*delta[1]+0.000013*delta[2],-0.028276-0.000027*delta[0]-0.000122*delta[1]+0.000004*delta[2],-0.025200-0.000025*delta[0]-0.000108*delta[1]+0.000015*delta[2],-0.028654-0.000052*delta[0]-0.000110*delta[1]+0.000002*delta[2],-0.028937-0.000049*delta[0]-0.000136*delta[1]+0.000016*delta[2],-0.026431-0.000038*delta[0]-0.000109*delta[1]+0.000014*delta[2],-0.021981-0.000042*delta[0]-0.000096*delta[1]+0.000011*delta[2]
-0.109689-0.000218*delta[0]-0.000487*delta[1]+0.000050*delta[2],-0.111806-0.000186*delta[0]-0.000419*delta[1]+0.000073*delta[2],-0.065007-0.000126*delta[0]-0.000278*delta[1]+0.000033*delta[2],-0.029038-0.000048*delta[0]-0.000110*delta[1]+0.000025*delta[2],-0.046000-0.000073*delta[0]-0.000178*delta[1]+0.000009*delta[2],-0.071469-0.000123*delta[0]-0.000261*delta[1]+0.000011*delta[2],-0.093095-0.000113*delta[0]-0.000389*delta[1]+0.000046*delta[2],-0.086341-0.000086*delta[0]-0.000302*delta[1]+0.000112*delta[2],-0.057339-0.000088*delta[0]-0.000209*delta[1]-0.000007*delta[2],-0.042198-0.000064*delta[0]-0.000168*delta[1]-0.000015*delta[2],-0.317816-0.000615*delta[0]-0.001387*delta[1]+0.000140*delta[2],-0.722265-0.001156*delta[0]-0.002900*delta[1]+0.000494*delta[2],-0.269012-0.000314*delta[0]-0.001213*delta[1]-0.000006*delta[2],-0.086942-0.000159*delta[0]-0.000354*delta[1]+0.000015*delta[2],-0.078735-0.000118*delta[0]-0.000306*delta[1]+0.000051*delta[2],-0.105325-0.000165*delta[0]-0.000411*delta[1]+0.000042*delta[2],-0.096924-0.000206*delta[0]-0.000410*delta[1]+0.000085*delta[2],-0.025461-0.000043*delta[0]-0.000103*delta[1]+0.000014*delta[2],-0.030583-0.000051*delta[0]-0.000102*delta[1]-0.000002*delta[2],-0.032559-0.000053*delta[0]-0.000138*delta[1]+0.000023*delta[2],-0.030232-0.000061*delta[0]-0.000120*delta[1]+0.000018*delta[2],-0.029042-0.000050*delta[0]-0.000098*delta[1]+0.000009*delta[2],-0.036888-0.000102*delta[0]-0.000121*delta[1]+0.000003*delta[2],-0.039820-0.000071*delta[0]-0.000189*delta[1]-0.000016*delta[2],-0.040181-0.000069*delta[0]-0.000178*delta[1]+0.000009*delta[2],-0.023595-0.000045*delta[0]-0.000081*delta[1]+0.000021*delta[2],-0.034291-0.000051*delta[0]-0.000131*delta[1]+0.000004*delta[2],-0.040669-0.000074*delta[0]-0.000140*delta[1]+0.000022*delta[2],-0.020126-0.000039*delta[0]-0.000079*delta[1]+0.000000*delta[2],-0.023040-0.000041*delta[0]-0.000084*delta[1]+0.000007*delta[2],-0.023783-0.000043*delta[0]-0.000085*delta[1]+0.000015*delta[2],-0.025156-0.000047*delta[0]-0.000076*delta[1]-0.000008*delta[2],-0.034325-0.000062*delta[0]-0.000128*delta[1]+0.000008*delta[2],-0.043350-0.000096*delta[0]-0.000186*delta[1]+0.000015*delta[2],-0.048259-0.000051*delta[0]-0.000213*delta[1]-0.000028*delta[2],-0.043774-0.000083*delta[0]-0.000174*delta[1]+0.000015*delta[2],-0.018317-0.000031*delta[0]-0.000075*delta[1]-0.000009*delta[2],-0.022918-0.000012*delta[0]-0.000085*delta[1]+0.000015*delta[2],-0.027640-0.000044*delta[0]-0.000104*delta[1]+0.000003*delta[2],-0.029400-0.000076*delta[0]-0.000116*delta[1]-0.000000*delta[2],-0.028291-0.000043*delta[0]-0.000124*delta[1]+0.000005*delta[2],-0.029929-0.000034*delta[0]-0.000103*delta[1]+0.000044*delta[2],-0.048748-0.000094*delta[0]-0.000176*delta[1]+0.000029*delta[2],-0.049008-0.000033*delta[0]-0.000202*delta[1]+0.000023*delta[2],-0.040495-0.000085*delta[0]-0.000129*delta[1]+0.000030*delta[2],-0.019038-0.000034*delta[0]-0.000071*delta[1]-0.000002*delta[2],-0.023449-0.000050*delta[0]-0.000090*delta[1]+0.000001*delta[2],-0.027113-0.000061*delta[0]-0.000107*delta[1]-0.000003*delta[2],-0.028573-0.000051*delta[0]-0.000122*delta[1]+0.000005*delta[2],-0.026641-0.000046*delta[0]-0.000085*delta[1]+0.000030*delta[2]
-0.409963-0.000799*delta[0]-0.002106*delta[1]+0.000222*delta[2],-0.079353-0.000148*delta[0]-0.000331*delta[1]+0.000006*delta[2],-0.038988-0.000084*delta[0]-0.000167*delta[1]-0.000001*delta[2],-0.046521-0.000035*delta[0]-0.000249*delta[1]+0.000009*delta[2],-0.070251-0.000106*delta[0]-0.000312*delta[1]+0.000078*delta[2],-0.087431-0.000245*delta[0]-0.000405*delta[1]+0.000018*delta[2],-0.077199-0.000096*delta[0]-0.000375*delta[1]-0.000054*delta[2],-0.053491-0.000083*delta[0]-0.000227*delta[1]+0.000004*delta[2],-0.033279-0.000069*delta[0]-0.000159*delta[1]+0.000014*delta[2],-0.089417-0.000173*delta[0]-0.000407*delta[1]-0.000022*delta[2],-12.476744-0.016428*delta[0]-0.063625*delta[1]-0.000605*delta[2],-0.246128-0.000585*delta[0]-0.001127*delta[1]-0.000134*delta[2],-0.064693-0.000134*delta[0]-0.000275*delta[1]-0.000041*delta[2],-0.029846-0.000051*delta[0]-0.000159*delta[1]-0.000025*delta[2],-0.108279-0.000157*delta[0]-0.000433*delta[1]+0.000001*delta[2],-0.092454-0.000238*delta[0]-0.000382*delta[1]-0.000040*delta[2],-0.059776-0.000134*delta[0]-0.000266*delta[1]-0.000003*delta[2],-0.027153-0.000052*delta[0]-0.000113*delta[1]-0.000004*delta[2],-0.028508-0.000060*delta[0]-0.000115*delta[1]+0.000011*delta[2],-0.026438-0.000037*delta[0]-0.000101*delta[1]-0.000036*delta[2],-0.022270-0.000044*delta[0]-0.000092*delta[1]-0.000006*delta[2],-0.033010-0.000079*delta[0]-0.000146*delta[1]+0.000013*delta[2],-0.035818-0.000053*delta[0]-0.000147*delta[1]-0.000011*delta[2],-0.028077-0.000036*delta[0]-0.000137*delta[1]+0.000004*delta[2],-0.079209-0.000203*delta[0]-0.000394*delta[1]+0.000008*delta[2],-0.029796-0.000038*delta[0]-0.000128*delta[1]+0.000008*delta[2],-0.038370-0.000078*delta[0]-0.000182*delta[1]-0.000018*delta[2],-0.024200-0.000046*delta[0]-0.000111*delta[1]-0.000003*delta[2],-0.020048-0.000040*delta[0]-0.000097*delta[1]-0.000022*delta[2],-0.020570-0.000045*delta[0]-0.000080*delta[1]+0.000008*delta[2],-0.019290-0.000040*delta[0]-0.000073*delta[1]+0.000010*delta[2],-0.027718-0.000062*delta[0]-0.000126*delta[1]-0.000016*delta[2],-0.032812-0.000069*delta[0]-0.000156*delta[1]-0.000022*delta[2],-0.034396-0.000074*delta[0]-0.000144*delta[1]+0.000010*delta[2],-0.031726-0.000083*delta[0]-0.000140*delta[1]-0.000010*delta[2],-0.026083-0.000036*delta[0]-0.000128*delta[1]-0.000002*delta[2],-0.018869-0.000035*delta[0]-0.000091*delta[1]-0.000005*delta[2],-0.021320-0.000049*delta[0]-0.000104*delta[1]+0.000009*delta[2],-0.022617-0.000040*delta[0]-0.000110*delta[1]-0.000002*delta[2],-0.021422-0.000046*delta[0]-0.000095*delta[1]+0.000013*delta[2],-0.019028-0.000033*delta[0]-0.000087*delta[1]-0.000014*delta[2],-0.027981-0.000054*delta[0]-0.000126*delta[1]+0.000007*delta[2],-0.031007-0.000058*delta[0]-0.000131*delta[1]-0.000025*delta[2],-0.027281-0.000082*delta[0]-0.000124*delta[1]-0.000023*delta[2],-0.021847-0.000033*delta[0]-0.000098*delta[1]+0.000009*delta[2],-0.018261-0.000026*delta[0]-0.000073*delta[1]-0.000007*delta[2],-0.020098-0.000030*delta[0]-0.000092*delta[1]-0.000002*delta[2],-0.020446-0.000032*delta[0]-0.000071*delta[1]-0.000002*delta[2],-0.019346-0.000050*delta[0]-0.000076*delta[1]-0.000006*delta[2],-0.017005-0.000035*delta[0]-0.000067*delta[1]+0.000001*delta[2]
-0.015188-0.000036*delta[0]-0.000067*delta[1]-0.000005*delta[2],-0.010481-0.000019*delta[0]-0.000043*delta[1]-0.000004*delta[2],-0.008559-0.000021*delta[0]-0.000037*delta[1]-0.000002*delta[2],-0.030912-0.000064*delta[0]-0.000115*delta[1]-0.000014*delta[2],-0.028270-0.000075*delta[0]-0.000124*delta[1]+0.000014*delta[2],-0.023291-0.000065*delta[0]-0.000086*delta[1]+0.000010*delta[2],-0.018422-0.000035*delta[0]-0.000085*delta[1]+0.000009*delta[2],-0.014124-0.000027*delta[0]-0.000051*delta[1]+0.000000*delta[2],-0.010739-0.000017*delta[0]-0.000055*delta[1]-0.000009*delta[2],-0.026511-0.000044*delta[0]-0.000116*delta[1]-0.000026*delta[2],-0.020145-0.000037*delta[0]-0.000078*delta[1]-0.000012*delta[2],-0.016036-0.000027*delta[0]-0.000066*delta[1]-0.000007*delta[2],-0.012522-0.000037*delta[0]-0.000056*delta[1]-0.000003*delta[2],-0.009795-0.000017*delta[0]-0.000045*delta[1]-0.000000*delta[2],-0.017206-0.000031*delta[0]-0.000054*delta[1]-0.000001*delta[2],-0.014399-0.000039*delta[0]-0.000066*delta[1]+0.000002*delta[2],-0.011816-0.000024*delta[0]-0.000054*delta[1]-0.000009*delta[2],-0.015109-0.000020*delta[0]-0.000069*delta[1]-0.000005*delta[2],-0.013470-0.000035*delta[0]-0.000053*delta[1]-0.000007*delta[2],-0.011413-0.000025*delta[0]-0.000055*delta[1]+0.000003*delta[2],-0.009502-0.000020*delta[0]-0.000044*delta[1]+0.000003*delta[2],-0.027615-0.000056*delta[0]-0.000152*delta[1]-0.000006*delta[2],-0.023066-0.000037*delta[0]-0.000078*delta[1]-0.000013*delta[2],-0.013871-0.000030*delta[0]-0.000053*delta[1]-0.000004*delta[2],-0.043747-0.000058*delta[0]-0.000198*delta[1]+0.000006*delta[2],-0.025083-0.000034*delta[0]-0.000097*delta[1]-0.000011*delta[2],-0.024842-0.000054*delta[0]-0.000102*delta[1]-0.000016*delta[2],-0.010547-0.000027*delta[0]-0.000043*delta[1]-0.000001*delta[2],-0.015725-0.000027*delta[0]-0.000072*delta[1]-0.000009*delta[2],-0.013960-0.000039*delta[0]-0.000065*delta[1]-0.000000*delta[2],-0.011694-0.000024*delta[0]-0.000047*delta[1]+0.000002*delta[2],-0.070367-0.000137*delta[0]-0.000298*delta[1]-0.000025*delta[2],-0.053655-0.000130*delta[0]-0.000222*delta[1]+0.000017*delta[2],-0.036004-0.000086*delta[0]-0.000167*delta[1]+0.000000*delta[2],-0.024094-0.000065*delta[0]-0.000106*delta[1]-0.000017*delta[2],-0.016439-0.000031*delta[0]-0.000061*delta[1]-0.000003*delta[2],-0.029952-0.000071*delta[0]-0.000105*delta[1]+0.000008*delta[2],-0.026882-0.000048*delta[0]-0.000122*delta[1]-0.000026*delta[2],-0.022188-0.000050*delta[0]-0.000094*delta[1]-0.000000*delta[2],-0.017307-0.000037*delta[0]-0.000069*delta[1]+0.000009*delta[2],-0.013269-0.000031*delta[0]-0.000071*delta[1]+0.000005*delta[2],-0.276603-0.000601*delta[0]-0.001141*delta[1]-0.000077*delta[2],-0.038510-0.000089*delta[0]-0.000129*delta[1]-0.000015*delta[2],-0.021141-0.000051*delta[0]-0.000097*delta[1]-0.000010*delta[2],-0.013492-0.000035*delta[0]-0.000057*delta[1]+0.000004*delta[2],-0.058323-0.000159*delta[0]-0.000301*delta[1]-0.000003*delta[2],-0.047025-0.000116*delta[0]-0.000210*delta[1]-0.000009*delta[2],-0.032902-0.000064*delta[0]-0.000134*delta[1]+0.000007*delta[2],-0.022887-0.000060*delta[0]-0.000097*delta[1]-0.000001*delta[2],-0.015820-0.000038*delta[0]-0.000067*delta[1]-0.000017*delta[2]
-0.096705-0.000148*delta[0]-0.000373*delta[1]-0.000004*delta[2],-0.024132-0.000049*delta[0]-0.000088*delta[1]+0.000005*delta[2],-0.015273-0.000037*delta[0]-0.000055*delta[1]-0.000003*delta[2],-0.088577-0.000183*delta[0]-0.000356*delta[1]-0.000022*delta[2],-0.084164-0.000216*delta[0]-0.000386*delta[1]-0.000055*delta[2],-0.059069-0.000140*delta[0]-0.000209*delta[1]-0.000006*delta[2],-0.037397-0.000050*delta[0]-0.000134*delta[1]+0.000023*delta[2],-0.024040-0.000043*delta[0]-0.000077*delta[1]+0.000003*delta[2],-0.015913-0.000031*delta[0]-0.000073*delta[1]+0.000001*delta[2],-10.492936-0.018746*delta[0]-0.034126*delta[1]+0.006989*delta[2],-0.071797-0.000103*delta[0]-0.000237*delta[1]+0.000049*delta[2],-0.033574-0.000072*delta[0]-0.000116*delta[1]+0.000030*delta[2],-0.019140-0.000047*delta[0]-0.000084*delta[1]-0.000011*delta[2],-0.012453-0.000027*delta[0]-0.000039*delta[1]-0.000003*delta[2],-0.059028-0.000127*delta[0]-0.000207*delta[1]-0.000061*delta[2],-0.037418-0.000056*delta[0]-0.000137*delta[1]+0.000013*delta[2],-0.024052-0.000073*delta[0]-0.000075*delta[1]-0.000001*delta[2],-0.024315-0.000057*delta[0]-0.000092*delta[1]+0.000003*delta[2],-0.021252-0.000052*delta[0]-0.000062*delta[1]+0.000019*delta[2],-0.017290-0.000039*delta[0]-0.000067*delta[1]+0.000001*delta[2],-0.013721-0.000029*delta[0]-0.000065*delta[1]+0.000006*delta[2],-0.035051-0.000058*delta[0]-0.000147*delta[1]-0.000001*delta[2],-0.029446-0.000054*delta[0]-0.000111*delta[1]+0.000001*delta[2],-0.017258-0.000040*delta[0]-0.000063*delta[1]+0.000008*delta[2],-0.231606-0.000456*delta[0]-0.001031*delta[1]-0.000186*delta[2],-0.037705-0.000065*delta[0]-0.000146*delta[1]-0.000004*delta[2],-0.037599-0.000099*delta[0]-0.000153*delta[1]+0.000006*delta[2],-0.013405-0.000032*delta[0]-0.000038*delta[1]+0.000001*delta[2],-0.018614-0.000048*delta[0]-0.000084*delta[1]-0.000012*delta[2],-0.016611-0.000026*delta[0]-0.000052*delta[1]-0.000004*delta[2],-0.013979-0.000028*delta[0]-0.000056*delta[1]+0.000010*delta[2],-0.034441-0.000086*delta[0]-0.000124*delta[1]+0.000006*delta[2],-0.032048-0.000067*delta[0]-0.000125*delta[1]-0.000021*delta[2],-0.026536-0.000047*delta[0]-0.000108*delta[1]-0.000005*delta[2],-0.020853-0.000045*delta[0]-0.000075*delta[1]-0.000005*delta[2],-0.015870-0.000045*delta[0]-0.000061*delta[1]+0.000015*delta[2],-0.020859-0.000052*delta[0]-0.000069*delta[1]+0.000008*delta[2],-0.020160-0.000029*delta[0]-0.000066*delta[1]-0.000011*delta[2],-0.018283-0.000029*delta[0]-0.000065*delta[1]+0.000011*delta[2],-0.015431-0.000035*delta[0]-0.000052*delta[1]+0.000008*delta[2],-0.012699-0.000027*delta[0]-0.000045*delta[1]+0.000001*delta[2],-0.030065-0.000068*delta[0]-0.000101*delta[1]-0.000003*delta[2],-0.022045-0.000062*delta[0]-0.000098*delta[1]+0.000014*delta[2],-0.017291-0.000041*delta[0]-0.000070*delta[1]+0.000013*delta[2],-0.013244-0.000021*delta[0]-0.000050*delta[1]-0.000007*delta[2],-0.019849-0.000041*delta[0]-0.000086*delta[1]+0.000013*delta[2],-0.018856-0.000038*delta[0]-0.000064*delta[1]+0.000014*delta[2],-0.016642-0.000045*delta[0]-0.000061*delta[1]-0.000002*delta[2],-0.014188-0.000036*delta[0]-0.000050*delta[1]-0.000006*delta[2],-0.011656-0.000024*delta[0]-0.000046*delta[1]-0.000003*delta[2]
-0.065948-0.000087*delta[0]-0.000268*delta[1]+0.000020*delta[2],-0.338229-0.000583*delta[0]-0.001226*delta[1]-0.000003*delta[2],-0.274959-0.000453*delta[0]-0.001097*delta[1]+0.000049*delta[2],-0.017124-0.000053*delta[0]-0.000065*delta[1]+0.000006*delta[2],-0.025779-0.000051*delta[0]-0.000104*delta[1]+0.000024*delta[2],-0.040972-0.000078*delta[0]-0.000173*delta[1]-0.000003*delta[2],-0.065462-0.000138*delta[0]-0.000294*delta[1]+0.000013*delta[2],-0.094373-0.000194*delta[0]-0.000363*delta[1]+0.000097*delta[2],-0.092851-0.000182*delta[0]-0.000340*delta[1]-0.000009*delta[2],-0.014792-0.000031*delta[0]-0.000054*delta[1]+0.000008*delta[2],-0.050943-0.000122*delta[0]-0.000191*delta[1]+0.000022*delta[2],-0.193721-0.000501*delta[0]-0.000825*delta[1]-0.000017*delta[2],-24.204498-0.045109*delta[0]-0.102533*delta[1]-0.008395*delta[2],-0.640930-0.001581*delta[0]-0.002976*delta[1]-0.000102*delta[2],-0.043274-0.000117*delta[0]-0.000156*delta[1]+0.000001*delta[2],-0.072015-0.000163*delta[0]-0.000297*delta[1]-0.000001*delta[2],-0.107395-0.000228*delta[0]-0.000535*delta[1]+0.000025*delta[2],-0.017783-0.000026*delta[0]-0.000075*delta[1]-0.000001*delta[2],-0.022879-0.000046*delta[0]-0.000103*delta[1]-0.000014*delta[2],-0.027668-0.000048*delta[0]-0.000112*delta[1]+0.000019*delta[2],-0.030355-0.000069*delta[0]-0.000135*delta[1]+0.000021*delta[2],-0.019275-0.000047*delta[0]-0.000077*delta[1]-0.000002*delta[2],-0.025751-0.000031*delta[0]-0.000100*delta[1]+0.000009*delta[2],-0.039052-0.000099*delta[0]-0.000195*delta[1]+0.000016*delta[2],-0.020650-0.000039*delta[0]-0.000084*delta[1]+0.000008*delta[2],-0.014483-0.000033*delta[0]-0.000070*delta[1]+0.000000*delta[2],-0.020079-0.000065*delta[0]-0.000078*delta[1]-0.000012*delta[2],-0.043885-0.000091*delta[0]-0.000161*delta[1]+0.000018*delta[2],-0.014296-0.000025*delta[0]-0.000059*delta[1]+0.000006*delta[2],-0.017269-0.000038*delta[0]-0.000076*delta[1]-0.000017*delta[2],-0.019672-0.000038*delta[0]-0.000079*delta[1]+0.000004*delta[2],-0.015205-0.000027*delta[0]-0.000060*delta[1]+0.000001*delta[2],-0.020334-0.000037*delta[0]-0.000087*delta[1]-0.000006*delta[2],-0.026951-0.000072*delta[0]-0.000103*delta[1]-0.000011*delta[2],-0.034193-0.000078*delta[0]-0.000127*delta[1]+0.000018*delta[2],-0.039044-0.000084*delta[0]-0.000151*delta[1]+0.000033*delta[2],-0.011841-0.000023*delta[0]-0.000050*delta[1]+0.000001*delta[2],-0.014788-0.000020*delta[0]-0.000059*delta[1]+0.000007*delta[2],-0.018382-0.000036*delta[0]-0.000075*delta[1]-0.000012*delta[2],-0.021456-0.000048*delta[0]-0.000086*delta[1]-0.000000*delta[2],-0.023690-0.000047*delta[0]-0.000094*delta[1]+0.000021*delta[2],-0.016659-0.000043*delta[0]-0.000055*delta[1]+0.000012*delta[2],-0.028401-0.000061*delta[0]-0.000097*delta[1]+0.000007*delta[2],-0.034045-0.000104*delta[0]-0.000140*delta[1]+0.000020*delta[2],-0.035750-0.000075*delta[0]-0.000149*delta[1]-0.000012*delta[2],-0.011893-0.000021*delta[0]-0.000056*delta[1]+0.000000*delta[2],-0.014601-0.000033*delta[0]-0.000060*delta[1]+0.000016*delta[2],-0.017454-0.000027*delta[0]-0.000071*delta[1]+0.000007*delta[2],-0.020166-0.000043*delta[0]-0.000084*delta[1]-0.000007*delta[2],-0.021455-0.000042*delta[0]-0.000104*delta[1]+0.000007*delta[2]
-0.018264-0.000033*delta[0]-0.000081*delta[1]+0.000002*delta[2],-0.017433-0.000041*delta[0]-0.000080*delta[1]-0.000003*delta[2],-0.015317-0.000031*delta[0]-0.000070*delta[1]-0.000002*delta[2],-0.020308-0.000045*delta[0]-0.000100*delta[1]-0.000005*delta[2],-0.025622-0.000052*delta[0]-0.000105*delta[1]-0.000011*delta[2],-0.029611-0.000061*delta[0]-0.000120*delta[1]+0.000007*delta[2],-0.031360-0.000051*delta[0]-0.000131*delta[1]-0.000013*delta[2],-0.028951-0.000053*delta[0]-0.000148*delta[1]-0.000006*delta[2],-0.023717-0.000025*delta[0]-0.000095*delta[1]-0.000001*delta[2],-0.019470-0.000036*delta[0]-0.000078*delta[1]-0.000003*delta[2],-0.027044-0.000063*delta[0]-0.000103*delta[1]-0.000008*delta[2],-0.027294-0.000065*delta[0]-0.000099*delta[1]-0.000002*delta[2],-0.024741-0.000048*delta[0]-0.000094*delta[1]+0.000008*delta[2],-0.020598-0.000047*delta[0]-0.000075*delta[1]-0.000001*delta[2],-0.020217-0.000033*delta[0]-0.000087*delta[1]+0.000002*delta[2],-0.021147-0.000044*delta[0]-0.000084*delta[1]-0.000005*delta[2],-0.020319-0.000053*delta[0]-0.000064*delta[1]+0.000000*delta[2],-0.015527-0.000016*delta[0]-0.000073*delta[1]-0.000005*delta[2],-0.016753-0.000037*delta[0]-0.000064*delta[1]+0.000003*delta[2],-0.016701-0.000022*delta[0]-0.000075*delta[1]-0.000000*delta[2],-0.015637-0.000032*delta[0]-0.000069*delta[1]+0.000001*delta[2],-0.026029-0.000033*delta[0]-0.000114*delta[1]-0.000009*delta[2],-0.030920-0.000038*delta[0]-0.000125*delta[1]-0.000022*delta[2],-0.029510-0.000052*delta[0]-0.000124*delta[1]+0.000015*delta[2],-0.026130-0.000041*delta[0]-0.000112*delta[1]-0.000007*delta[2],-0.017487-0.000015*delta[0]-0.000082*delta[1]-0.000013*delta[2],-0.022570-0.000060*delta[0]-0.000094*delta[1]+0.000004*delta[2],-0.022208-0.000037*delta[0]-0.000089*delta[1]-0.000016*delta[2],-0.015781-0.000026*delta[0]-0.000075*delta[1]-0.000008*delta[2],-0.017139-0.000024*delta[0]-0.000084*delta[1]+0.000004*delta[2],-0.016993-0.000027*delta[0]-0.000072*delta[1]+0.000007*delta[2],-0.037862-0.000041*delta[0]-0.000158*delta[1]+0.000004*delta[2],-0.056721-0.000068*delta[0]-0.000250*delta[1]-0.000025*delta[2],-0.074131-0.000135*delta[0]-0.000326*delta[1]-0.000063*delta[2],-0.075290-0.000123*delta[0]-0.000345*delta[1]-0.000030*delta[2],-0.056481-0.000089*delta[0]-0.000229*delta[1]+0.000019*delta[2],-0.021017-0.000022*delta[0]-0.000066*delta[1]-0.000018*delta[2],-0.026051-0.000044*delta[0]-0.000075*delta[1]+0.000007*delta[2],-0.030102-0.000044*delta[0]-0.000131*delta[1]-0.000012*delta[2],-0.030638-0.000087*delta[0]-0.000132*delta[1]-0.000007*delta[2],-0.027531-0.000046*delta[0]-0.000131*delta[1]+0.000014*delta[2],-0.095356-0.000149*delta[0]-0.000363*delta[1]+0.000003*delta[2],-0.762283-0.001444*delta[0]-0.003069*delta[1]-0.000127*delta[2],-0.270336-0.000424*delta[0]-0.001093*delta[1]-0.000050*delta[2],-0.086562-0.000176*delta[0]-0.000318*delta[1]-0.000052*delta[2],-0.033298-0.000054*delta[0]-0.000161*delta[1]-0.000015*delta[2],-0.048013-0.000075*delta[0]-0.000216*delta[1]-0.000030*delta[2],-0.059602-0.000122*delta[0]-0.000221*delta[1]-0.000040*delta[2],-0.061357-0.000065*delta[0]-0.000217*delta[1]-0.000056*delta[2],-0.047821-0.000098*delta[0]-0.000187*delta[1]+0.000005*delta[2]
-0.042962-0.000091*delta[0]-0.000155*delta[1]+0.000004*delta[2],-0.249450-0.000720*delta[0]-0.000946*delta[1]-0.000179*delta[2],-0.464551-0.000874*delta[0]-0.001939*delta[1]+0.000016*delta[2],-0.013647-0.000035*delta[0]-0.000059*delta[1]-0.000003*delta[2],-0.020000-0.000053*delta[0]-0.000079*delta[1]+0.000000*delta[2],-0.031058-0.000062*delta[0]-0.000131*delta[1]-0.000019*delta[2],-0.050205-0.000085*delta[0]-0.000227*delta[1]+0.000028*delta[2],-0.080699-0.000156*delta[0]-0.000300*delta[1]+0.000058*delta[2],-0.100125-0.000180*delta[0]-0.000471*delta[1]-0.000014*delta[2],-0.011652-0.000021*delta[0]-0.000045*delta[1]-0.000002*delta[2],-0.032188-0.000064*delta[0]-0.000129*delta[1]+0.000020*delta[2],-0.078937-0.000152*delta[0]-0.000363*delta[1]-0.000015*delta[2],-0.529839-0.001090*delta[0]-0.002118*delta[1]-0.000099*delta[2],-15.454812-0.043654*delta[0]-0.060060*delta[1]+0.001278*delta[2],-0.031575-0.000064*delta[0]-0.000135*delta[1]+0.000016*delta[2],-0.051573-0.000132*delta[0]-0.000210*delta[1]-0.000002*delta[2],-0.083894-0.000168*delta[0]-0.000376*delta[1]+0.000007*delta[2],-0.014904-0.000029*delta[0]-0.000057*delta[1]-0.000003*delta[2],-0.019369-0.000031*delta[0]-0.000083*delta[1]-0.000006*delta[2],-0.024215-0.000059*delta[0]-0.000091*delta[1]-0.000002*delta[2],-0.028391-0.000069*delta[0]-0.000120*delta[1]-0.000009*delta[2],-0.016109-0.000020*delta[0]-0.000072*delta[1]-0.000011*delta[2],-0.021787-0.000043*delta[0]-0.000086*delta[1]+0.000005*delta[2],-0.036676-0.000087*delta[0]-0.000144*delta[1]+0.000001*delta[2],-0.015911-0.000047*delta[0]-0.000075*delta[1]-0.000007*delta[2],-0.011861-0.000024*delta[0]-0.000044*delta[1]-0.000004*delta[2],-0.016094-0.000032*delta[0]-0.000065*delta[1]+0.000005*delta[2],-0.042242-0.000088*delta[0]-0.000202*delta[1]-0.000011*delta[2],-0.012328-0.000029*delta[0]-0.000060*delta[1]+0.000003*delta[2],-0.015019-0.000026*delta[0]-0.000059*delta[1]+0.000011*delta[2],-0.017640-0.000027*delta[0]-0.000067*delta[1]+0.000000*delta[2],-0.012705-0.000034*delta[0]-0.000044*delta[1]-0.000007*delta[2],-0.016870-0.000039*delta[0]-0.000070*delta[1]-0.000017*delta[2],-0.022543-0.000041*delta[0]-0.000099*delta[1]-0.000002*delta[2],-0.029671-0.000076*delta[0]-0.000102*delta[1]+0.000015*delta[2],-0.036522-0.000078*delta[0]-0.000159*delta[1]+0.000003*delta[2],-0.010060-0.000027*delta[0]-0.000043*delta[1]-0.000004*delta[2],-0.012532-0.000020*delta[0]-0.000049*delta[1]+0.000006*delta[2],-0.015736-0.000037*delta[0]-0.000063*delta[1]+0.000004*delta[2],-0.018868-0.000047*delta[0]-0.000080*delta[1]-0.000000*delta[2],-0.021810-0.000031*delta[0]-0.000077*delta[1]-0.000005*delta[2],-0.013804-0.000023*delta[0]-0.000060*delta[1]+0.000002*delta[2],-0.023826-0.000052*delta[0]-0.000095*delta[1]+0.000010*delta[2],-0.030120-0.000033*delta[0]-0.000124*delta[1]-0.000013*delta[2],-0.034267-0.000067*delta[0]-0.000126*delta[1]-0.000005*delta[2],-0.010128-0.000019*delta[0]-0.000035*delta[1]+0.000002*delta[2],-0.012484-0.000027*delta[0]-0.000056*delta[1]+0.000000*delta[2],-0.015067-0.000037*delta[0]-0.000057*delta[1]-0.000006*delta[2],-0.017806-0.000043*delta[0]-0.000084*delta[1]-0.000004*delta[2],-0.019977-0.000047*delta[0]-0.000077*delta[1]-0.000002*delta[2]
-0.033790-0.000061*delta[0]-0.000125*delta[1]+0.000017*delta[2],-0.021361-0.000047*delta[0]-0.000079*delta[1]-0.000007*delta[2],-0.016072-0.000030*delta[0]-0.000057*delta[1]+0.000006*delta[2],-0.058416-0.000150*delta[0]-0.000236*delta[1]-0.000036*delta[2],-0.070599-0.000133*delta[0]-0.000311*delta[1]-0.000013*delta[2],-0.064113-0.000153*delta[0]-0.000206*delta[1]+0.000035*delta[2],-0.047572-0.000097*delta[0]-0.000221*delta[1]-0.000007*delta[2],-0.031946-0.000060*delta[0]-0.000140*delta[1]+0.000009*delta[2],-0.021223-0.000024*delta[0]-0.000092*delta[1]-0.000003*delta[2],-0.055023-0.000143*delta[0]-0.000175*delta[1]+0.000034*delta[2],-0.054310-0.000131*delta[0]-0.000186*delta[1]+0.000011*delta[2],-0.039534-0.000108*delta[0]-0.000142*delta[1]-0.000006*delta[2],-0.027273-0.000056*delta[0]-0.000092*delta[1]+0.000016*delta[2],-0.018786-0.000036*delta[0]-0.000066*delta[1]+0.000015*delta[2],-0.032126-0.000073*delta[0]-0.000116*delta[1]+0.000015*delta[2],-0.027603-0.000066*delta[0]-0.000111*delta[1]+0.000002*delta[2],-0.021984-0.000046*delta[0]-0.000094*delta[1]+0.000008*delta[2],-0.019978-0.000046*delta[0]-0.000085*delta[1]-0.000004*delta[2],-0.019170-0.000035*delta[0]-0.000085*delta[1]+0.000006*delta[2],-0.016901-0.000040*delta[0]-0.000068*delta[1]-0.000008*delta[2],-0.014224-0.000042*delta[0]-0.000060*delta[1]+0.000003*delta[2],-0.054119-0.000128*delta[0]-0.000192*delta[1]+0.000024*delta[2],-0.050723-0.000086*delta[0]-0.000218*delta[1]+0.000012*delta[2],-0.027847-0.000050*delta[0]-0.000115*delta[1]-0.000007*delta[2],-0.109247-0.000180*delta[0]-0.000454*delta[1]-0.000029*delta[2],-0.029319-0.000065*delta[0]-0.000139*delta[1]-0.000014*delta[2],-0.034370-0.000099*delta[0]-0.000119*delta[1]-0.000002*delta[2],-0.016931-0.000048*delta[0]-0.000062*delta[1]-0.000005*delta[2],-0.018571-0.000038*delta[0]-0.000076*delta[1]+0.000001*delta[2],-0.017837-0.000063*delta[0]-0.000061*delta[1]-0.000002*delta[2],-0.015790-0.000044*delta[0]-0.000077*delta[1]-0.000005*delta[2],-0.109782-0.000231*delta[0]-0.000441*delta[1]-0.000031*delta[2],-0.131417-0.000233*delta[0]-0.000506*delta[1]-0.000043*delta[2],-0.095797-0.000215*delta[0]-0.000362*delta[1]-0.000038*delta[2],-0.057205-0.000128*delta[0]-0.000190*delta[1]+0.000007*delta[2],-0.033572-0.000096*delta[0]-0.000127*delta[1]+0.000011*delta[2],-0.027327-0.000064*delta[0]-0.000138*delta[1]+0.000010*delta[2],-0.029111-0.000055*delta[0]-0.000138*delta[1]+0.000004*delta[2],-0.027757-0.000057*delta[0]-0.000148*delta[1]-0.000001*delta[2],-0.023541-0.000058*delta[0]-0.000080*delta[1]-0.000006*delta[2],-0.018809-0.000030*delta[0]-0.000080*delta[1]+0.000010*delta[2],-0.321636-0.000470*delta[0]-0.001138*delta[1]+0.000273*delta[2],-0.115334-0.000239*delta[0]-0.000426*delta[1]+0.000079*delta[2],-0.052300-0.000105*delta[0]-0.000238*delta[1]+0.000015*delta[2],-0.027992-0.000072*delta[0]-0.000121*delta[1]+0.000019*delta[2],-0.040043-0.000085*delta[0]-0.000150*delta[1]-0.000007*delta[2],-0.042998-0.000085*delta[0]-0.000155*delta[1]-0.000005*delta[2],-0.038065-0.000080*delta[0]-0.000146*delta[1]+0.000025*delta[2],-0.030401-0.000073*delta[0]-0.000135*delta[1]+0.000005*delta[2],-0.022286-0.000043*delta[0]-0.000086*delta[1]-0.000005*delta[2]
-0.055304-0.000152*delta[0]-0.000167*delta[1]+0.000005*delta[2],-0.017993-0.000041*delta[0]-0.000073*delta[1]-0.000001*delta[2],-0.012072-0.000022*delta[0]-0.000051*delta[1]-0.000009*delta[2],-0.132242-0.000252*delta[0]-0.000472*delta[1]+0.000010*delta[2],-0.090689-0.000175*delta[0]-0.000414*delta[1]+0.000028*delta[2],-0.052023-0.000120*delta[0]-0.000227*delta[1]-0.000017*delta[2],-0.030674-0.000031*delta[0]-0.000127*delta[1]-0.000011*delta[2],-0.019331-0.000036*delta[0]-0.000091*delta[1]-0.000001*delta[2],-0.012752-0.000020*delta[0]-0.000051*delta[1]+0.000014*delta[2],-0.763507-0.001741*delta[0]-0.003556*delta[1]+0.000203*delta[2],-0.050612-0.000075*delta[0]-0.000196*delta[1]-0.000001*delta[2],-0.025587-0.000050*delta[0]-0.000113*delta[1]+0.000008*delta[2],-0.015737-0.000035*delta[0]-0.000059*delta[1]-0.000016*delta[2],-0.010683-0.000026*delta[0]-0.000049*delta[1]+0.000002*delta[2],-0.037982-0.000100*delta[0]-0.000173*delta[1]+0.000000*delta[2],-0.025625-0.000069*delta[0]-0.000112*delta[1]+0.000003*delta[2],-0.017564-0.000029*delta[0]-0.000080*delta[1]-0.000005*delta[2],-0.019763-0.000044*delta[0]-0.000083*delta[1]-0.000011*delta[2],-0.016897-0.000027*delta[0]-0.000067*delta[1]-0.000000*delta[2],-0.013761-0.000024*delta[0]-0.000051*delta[1]+0.000001*delta[2],-0.011031-0.000023*delta[0]-0.000035*delta[1]+0.000004*delta[2],-0.039705-0.000087*delta[0]-0.000165*delta[1]+0.000010*delta[2],-0.029840-0.000052*delta[0]-0.000117*delta[1]+0.000004*delta[2],-0.015581-0.000032*delta[0]-0.000053*delta[1]-0.000005*delta[2],-0.410571-0.001171*delta[0]-0.001732*delta[1]+0.000587*delta[2],-0.033324-0.000048*delta[0]-0.000160*delta[1]-0.000007*delta[2],-0.030719-0.000054*delta[0]-0.000142*delta[1]-0.000011*delta[2],-0.010870-0.000020*delta[0]-0.000038*delta[1]-0.000012*delta[2],-0.016016-0.000022*delta[0]-0.000073*delta[1]-0.000006*delta[2],-0.013998-0.000028*delta[0]-0.000058*delta[1]-0.000007*delta[2],-0.011642-0.000032*delta[0]-0.000038*delta[1]-0.000007*delta[2],-0.043237-0.000093*delta[0]-0.000163*delta[1]-0.000010*delta[2],-0.035543-0.000059*delta[0]-0.000163*delta[1]+0.000003*delta[2],-0.026599-0.000045*delta[0]-0.000103*delta[1]-0.000012*delta[2],-0.019524-0.000044*delta[0]-0.000074*delta[1]+0.000002*delta[2],-0.014374-0.000031*delta[0]-0.000058*delta[1]-0.000013*delta[2],-0.019845-0.000029*delta[0]-0.000080*delta[1]-0.000008*delta[2],-0.018277-0.000036*delta[0]-0.000074*delta[1]-0.000002*delta[2],-0.016048-0.000030*delta[0]-0.000072*delta[1]-0.000002*delta[2],-0.013248-0.000023*delta[0]-0.000054*delta[1]+0.000004*delta[2],-0.010828-0.000023*delta[0]-0.000043*delta[1]-0.000003*delta[2],-0.033766-0.000061*delta[0]-0.000138*delta[1]+0.000024*delta[2],-0.021003-0.000037*delta[0]-0.000092*delta[1]+0.000002*delta[2],-0.015837-0.000032*delta[0]-0.000070*delta[1]+0.000001*delta[2],-0.011899-0.000023*delta[0]-0.000039*delta[1]-0.000009*delta[2],-0.019943-0.000040*delta[0]-0.000071*delta[1]-0.000012*delta[2],-0.018049-0.000046*delta[0]-0.000071*delta[1]-0.000009*delta[2],-0.015340-0.000027*delta[0]-0.000062*delta[1]-0.000003*delta[2],-0.012734-0.000036*delta[0]-0.000053*delta[1]-0.000008*delta[2],-0.010311-0.000020*delta[0]-0.000038*delta[1]-0.000002*delta[2]
-0.020581-0.000019*delta[0]-0.000077*delta[1]+0.000017*delta[2],-0.015035-0.000035*delta[0]-0.000057*delta[1]-0.000008*delta[2],-0.012138-0.000021*delta[0]-0.000040*delta[1]+0.000002*delta[2],-0.039852-0.000095*delta[0]-0.000152*delta[1]+0.000009*delta[2],-0.043844-0.000074*delta[0]-0.000169*delta[1]-0.000032*delta[2],-0.040017-0.000090*delta[0]-0.000151*delta[1]-0.000018*delta[2],-0.032463-0.000097*delta[0]-0.000120*delta[1]+0.000024*delta[2],-0.024092-0.000044*delta[0]-0.000097*delta[1]+0.000019*delta[2],-0.017459-0.000048*delta[0]-0.000061*delta[1]+0.000004*delta[2],-0.029944-0.000078*delta[0]-0.000095*delta[1]+0.000022*delta[2],-0.029157-0.000051*delta[0]-0.000114*delta[1]+0.000005*delta[2],-0.024013-0.000042*delta[0]-0.000090*delta[1]-0.000001*delta[2],-0.018834-0.000042*delta[0]-0.000069*delta[1]-0.000002*delta[2],-0.014374-0.000034*delta[0]-0.000057*delta[1]+0.000001*delta[2],-0.019895-0.000029*delta[0]-0.000084*delta[1]+0.000011*delta[2],-0.017982-0.000047*delta[0]-0.000072*delta[1]-0.000019*delta[2],-0.015316-0.000036*delta[0]-0.000058*delta[1]+0.000002*delta[2],-0.014755-0.000029*delta[0]-0.000055*delta[1]-0.000007*delta[2],-0.014264-0.000025*delta[0]-0.000041*delta[1]-0.000007*delta[2],-0.012879-0.000027*delta[0]-0.000056*delta[1]+0.000003*delta[2],-0.011173-0.000027*delta[0]-0.000032*delta[1]-0.000001*delta[2],-0.046214-0.000097*delta[0]-0.000179*delta[1]-0.000031*delta[2],-0.042877-0.000131*delta[0]-0.000169*delta[1]+0.000001*delta[2],-0.024602-0.000048*delta[0]-0.000106*delta[1]+0.000016*delta[2],-0.054907-0.000105*delta[0]-0.000221*delta[1]+0.000030*delta[2],-0.021036-0.000048*delta[0]-0.000098*delta[1]+0.000014*delta[2],-0.023534-0.000063*delta[0]-0.000080*delta[1]-0.000001*delta[2],-0.013558-0.000027*delta[0]-0.000053*delta[1]+0.000004*delta[2],-0.014629-0.000035*delta[0]-0.000063*delta[1]+0.000000*delta[2],-0.014126-0.000027*delta[0]-0.000054*delta[1]-0.000008*delta[2],-0.012697-0.000022*delta[0]-0.000052*delta[1]+0.000007*delta[2],-0.128428-0.000280*delta[0]-0.000526*delta[1]-0.000013*delta[2],-0.145184-0.000328*delta[0]-0.000541*delta[1]+0.000000*delta[2],-0.096857-0.000209*delta[0]-0.000361*delta[1]+0.000004*delta[2],-0.054906-0.000116*delta[0]-0.000209*delta[1]+0.000009*delta[2],-0.031500-0.000107*delta[0]-0.000110*delta[1]-0.000020*delta[2],-0.022899-0.000039*delta[0]-0.000107*delta[1]+0.000000*delta[2],-0.023854-0.000024*delta[0]-0.000088*delta[1]+0.000005*delta[2],-0.022754-0.000045*delta[0]-0.000090*delta[1]-0.000002*delta[2],-0.019626-0.000045*delta[0]-0.000088*delta[1]-0.000000*delta[2],-0.016067-0.000031*delta[0]-0.000083*delta[1]-0.000007*delta[2],-37.392752-0.055207*delta[0]-0.171844*delta[1]+0.004918*delta[2],-0.094991-0.000171*delta[0]-0.000378*delta[1]-0.000053*delta[2],-0.041979-0.000083*delta[0]-0.000152*delta[1]+0.000008*delta[2],-0.021365-0.000052*delta[0]-0.000092*delta[1]+0.000004*delta[2],-0.038656-0.000098*delta[0]-0.000151*delta[1]+0.000012*delta[2],-0.040798-0.000049*delta[0]-0.000142*delta[1]+0.000000*delta[2],-0.035731-0.000072*delta[0]-0.000116*delta[1]+0.000001*delta[2],-0.028541-0.000066*delta[0]-0.000116*delta[1]-0.000021*delta[2],-0.020968-0.000040*delta[0]-0.000097*delta[1]+0.000007*delta[2]
-0.021270-0.000046*delta[0]-0.000085*delta[1]-0.000009*delta[2],-0.015394-0.000022*delta[0]-0.000056*delta[1]-0.000011*delta[2],-0.012412-0.000022*delta[0]-0.000047*delta[1]+0.000006*delta[2],-0.042194-0.000096*delta[0]-0.000178*delta[1]+0.000017*delta[2],-0.046935-0.000098*delta[0]-0.000213*delta[1]-0.000019*delta[2],-0.042814-0.000106*delta[0]-0.000151*delta[1]-0.000029*delta[2],-0.034304-0.000071*delta[0]-0.000152*delta[1]+0.000001*delta[2],-0.025079-0.000043*delta[0]-0.000101*delta[1]+0.000003*delta[2],-0.017933-0.000047*delta[0]-0.000078*delta[1]+0.000000*delta[2],-0.030920-0.000049*delta[0]-0.000149*delta[1]-0.000000*delta[2],-0.030189-0.000052*delta[0]-0.000112*delta[1]-0.000017*delta[2],-0.024676-0.000047*delta[0]-0.000071*delta[1]+0.000001*delta[2],-0.019177-0.000051*delta[0]-0.000092*delta[1]-0.000011*delta[2],-0.014632-0.000035*delta[0]-0.000057*delta[1]+0.000001*delta[2],-0.019963-0.000031*delta[0]-0.000080*delta[1]+0.000002*delta[2],-0.018115-0.000029*delta[0]-0.000066*delta[1]-0.000002*delta[2],-0.015444-0.000035*delta[0]-0.000074*delta[1]-0.000000*delta[2],-0.014621-0.000038*delta[0]-0.000048*delta[1]-0.000008*delta[2],-0.014147-0.000032*delta[0]-0.000055*delta[1]-0.000002*delta[2],-0.012797-0.000015*delta[0]-0.000066*delta[1]+0.000008*delta[2],-0.011127-0.000019*delta[0]-0.000049*delta[1]-0.000006*delta[2],-0.049703-0.000095*delta[0]-0.000184*delta[1]+0.000024*delta[2],-0.045775-0.000107*delta[0]-0.000208*delta[1]-0.000029*delta[2],-0.025586-0.000065*delta[0]-0.000105*delta[1]-0.000005*delta[2],-0.058003-0.000060*delta[0]-0.000202*delta[1]-0.000006*delta[2],-0.020732-0.000043*delta[0]-0.000084*delta[1]-0.000011*delta[2],-0.023203-0.000036*delta[0]-0.000087*delta[1]-0.000004*delta[2],-0.013562-0.000021*delta[0]-0.000054*delta[1]+0.000005*delta[2],-0.014386-0.000025*delta[0]-0.000054*delta[1]-0.000003*delta[2],-0.013889-0.000033*delta[0]-0.000051*delta[1]+0.000002*delta[2],-0.012521-0.000020*delta[0]-0.000061*delta[1]-0.000007*delta[2],-0.142287-0.000280*delta[0]-0.000493*delta[1]+0.000102*delta[2],-0.164838-0.000267*delta[0]-0.000595*delta[1]-0.000032*delta[2],-0.105480-0.000129*delta[0]-0.000472*delta[1]-0.000005*delta[2],-0.057454-0.000141*delta[0]-0.000222*delta[1]-0.000020*delta[2],-0.032294-0.000065*delta[0]-0.000117*delta[1]+0.000003*delta[2],-0.022291-0.000052*delta[0]-0.000088*delta[1]+0.000012*delta[2],-0.023108-0.000047*delta[0]-0.000083*delta[1]-0.000005*delta[2],-0.022075-0.000045*delta[0]-0.000098*delta[1]+0.000018*delta[2],-0.019194-0.000030*delta[0]-0.000077*delta[1]+0.000025*delta[2],-0.015732-0.000033*delta[0]-0.000063*delta[1]-0.000003*delta[2],-12.964269-0.021432*delta[0]-0.060385*delta[1]+0.003470*delta[2],-0.102732-0.000190*delta[0]-0.000436*delta[1]+0.000018*delta[2],-0.040938-0.000077*delta[0]-0.000184*delta[1]+0.000005*delta[2],-0.021285-0.000039*delta[0]-0.000081*delta[1]-0.000001*delta[2],-0.036922-0.000046*delta[0]-0.000138*delta[1]-0.000020*delta[2],-0.038748-0.000092*delta[0]-0.000149*delta[1]-0.000030*delta[2],-0.034343-0.000071*delta[0]-0.000134*delta[1]-0.000026*delta[2],-0.027651-0.000063*delta[0]-0.000124*delta[1]-0.000025*delta[2],-0.020542-0.000039*delta[0]-0.000084*delta[1]+0.000006*delta[2]
-0.059420-0.000122*delta[0]-0.000224*delta[1]+0.000011*delta[2],-0.022050-0.000064*delta[0]-0.000076*delta[1]-0.000012*delta[2],-0.014796-0.000025*delta[0]-0.000067*delta[1]+0.000000*delta[2],-0.316290-0.000739*delta[0]-0.001029*delta[1]-0.000124*delta[2],-0.227397-0.000460*delta[0]-0.000884*delta[1]-0.000127*delta[2],-0.096091-0.000147*delta[0]-0.000379*delta[1]+0.000026*delta[2],-0.046048-0.000098*delta[0]-0.000177*delta[1]-0.000018*delta[2],-0.025230-0.000060*delta[0]-0.000116*delta[1]+0.000014*delta[2],-0.015418-0.000026*delta[0]-0.000061*delta[1]-0.000008*delta[2],-0.231696-0.000480*delta[0]-0.001092*delta[1]+0.000080*delta[2],-0.071724-0.000170*delta[0]-0.000268*delta[1]+0.000010*delta[2],-0.037085-0.000082*delta[0]-0.000127*delta[1]-0.000005*delta[2],-0.022040-0.000042*delta[0]-0.000098*delta[1]-0.000002*delta[2],-0.014355-0.000032*delta[0]-0.000058*delta[1]-0.000001*delta[2],-0.033004-0.000049*delta[0]-0.000139*delta[1]-0.000001*delta[2],-0.024993-0.000048*delta[0]-0.000100*delta[1]+0.000005*delta[2],-0.018386-0.000032*delta[0]-0.000066*delta[1]-0.000007*delta[2],-0.017203-0.000045*delta[0]-0.000078*delta[1]+0.000003*delta[2],-0.015636-0.000030*delta[0]-0.000071*delta[1]+0.000004*delta[2],-0.013264-0.000031*delta[0]-0.000058*delta[1]+0.000002*delta[2],-0.011030-0.000021*delta[0]-0.000043*delta[1]-0.000000*delta[2],-0.075723-0.000165*delta[0]-0.000307*delta[1]+0.000042*delta[2],-0.052108-0.000079*delta[0]-0.000198*delta[1]+0.000036*delta[2],-0.021821-0.000036*delta[0]-0.000097*delta[1]+0.000015*delta[2],-10.758186-0.032661*delta[0]-0.049142*delta[1]+0.003130*delta[2],-0.026971-0.000038*delta[0]-0.000116*delta[1]+0.000001*delta[2],-0.027178-0.000045*delta[0]-0.000132*delta[1]-0.000007*delta[2],-0.011742-0.000022*delta[0]-0.000052*delta[1]+0.000004*delta[2],-0.014588-0.000031*delta[0]-0.000060*delta[1]-0.000006*delta[2],-0.013312-0.000030*delta[0]-0.000055*delta[1]-0.000005*delta[2],-0.011492-0.000019*delta[0]-0.000051*delta[1]-0.000003*delta[2],-0.088154-0.000244*delta[0]-0.000350*delta[1]-0.000071*delta[2],-0.070597-0.000089*delta[0]-0.000285*delta[1]+0.000016*delta[2],-0.046808-0.000116*delta[0]-0.000178*delta[1]+0.000000*delta[2],-0.030192-0.000071*delta[0]-0.000117*delta[1]-0.000009*delta[2],-0.020012-0.000052*delta[0]-0.000087*delta[1]+0.000005*delta[2],-0.018787-0.000039*delta[0]-0.000088*delta[1]-0.000006*delta[2],-0.018103-0.000033*delta[0]-0.000056*delta[1]-0.000005*delta[2],-0.016504-0.000044*delta[0]-0.000080*delta[1]-0.000000*delta[2],-0.014000-0.000030*delta[0]-0.000054*delta[1]-0.000011*delta[2],-0.011653-0.000024*delta[0]-0.000051*delta[1]-0.000004*delta[2],-0.056636-0.000088*delta[0]-0.000273*delta[1]-0.000003*delta[2],-0.031984-0.000073*delta[0]-0.000121*delta[1]-0.000021*delta[2],-0.022285-0.000063*delta[0]-0.000103*delta[1]-0.000001*delta[2],-0.015650-0.000031*delta[0]-0.000056*delta[1]+0.000006*delta[2],-0.021159-0.000057*delta[0]-0.000085*delta[1]+0.000002*delta[2],-0.019956-0.000055*delta[0]-0.000084*delta[1]-0.000009*delta[2],-0.017430-0.000025*delta[0]-0.000070*delta[1]-0.000010*delta[2],-0.014662-0.000042*delta[0]-0.000060*delta[1]-0.000005*delta[2],-0.011852-0.000026*delta[0]-0.000046*delta[1]+0.000001*delta[2]
-0.016704-0.000031*delta[0]-0.000063*delta[1]+0.000003*delta[2],-0.015976-0.000042*delta[0]-0.000066*delta[1]-0.000001*delta[2],-0.014234-0.000031*delta[0]-0.000058*delta[1]+0.000011*delta[2],-0.021584-0.000037*delta[0]-0.000088*delta[1]+0.000003*delta[2],-0.027377-0.000047*delta[0]-0.000112*delta[1]+0.000009*delta[2],-0.032002-0.000081*delta[0]-0.000136*delta[1]-0.000005*delta[2],-0.033758-0.000068*delta[0]-0.000128*delta[1]-0.000013*delta[2],-0.030745-0.000079*delta[0]-0.000132*delta[1]+0.000019*delta[2],-0.024994-0.000059*delta[0]-0.000082*delta[1]-0.000006*delta[2],-0.017324-0.000024*delta[0]-0.000073*delta[1]+0.000003*delta[2],-0.023165-0.000046*delta[0]-0.000094*delta[1]-0.000007*delta[2],-0.023172-0.000036*delta[0]-0.000099*delta[1]-0.000003*delta[2],-0.021398-0.000042*delta[0]-0.000080*delta[1]+0.000011*delta[2],-0.018228-0.000041*delta[0]-0.000074*delta[1]-0.000003*delta[2],-0.015610-0.000038*delta[0]-0.000054*delta[1]+0.000006*delta[2],-0.016174-0.000031*delta[0]-0.000070*delta[1]-0.000009*delta[2],-0.015772-0.000039*delta[0]-0.000060*delta[1]-0.000001*delta[2],-0.011646-0.000017*delta[0]-0.000043*delta[1]-0.000001*delta[2],-0.012403-0.000028*delta[0]-0.000057*delta[1]+0.000007*delta[2],-0.012357-0.000015*delta[0]-0.000049*delta[1]+0.000010*delta[2],-0.011793-0.000016*delta[0]-0.000039*delta[1]-0.000001*delta[2],-0.032300-0.000074*delta[0]-0.000139*delta[1]+0.000021*delta[2],-0.039826-0.000054*delta[0]-0.000140*delta[1]-0.000001*delta[2],-0.036933-0.000098*delta[0]-0.000138*delta[1]+0.000043*delta[2],-0.025109-0.000036*delta[0]-0.000114*delta[1]+0.000011*delta[2],-0.013469-0.000030*delta[0]-0.000062*delta[1]+0.000006*delta[2],-0.016360-0.000022*delta[0]-0.000065*delta[1]+0.000006*delta[2],-0.016367-0.000042*delta[0]-0.000072*delta[1]-0.000007*delta[2],-0.011686-0.000027*delta[0]-0.000049*delta[1]+0.000006*delta[2],-0.012411-0.000029*delta[0]-0.000047*delta[1]-0.000001*delta[2],-0.012309-0.000026*delta[0]-0.000044*delta[1]+0.000005*delta[2],-0.046937-0.000038*delta[0]-0.000199*delta[1]-0.000034*delta[2],-0.080672-0.000189*delta[0]-0.000350*delta[1]-0.000036*delta[2],-0.118530-0.000291*delta[0]-0.000481*delta[1]+0.000063*delta[2],-0.117255-0.000297*delta[0]-0.000443*delta[1]-0.000104*delta[2],-0.075525-0.000170*delta[0]-0.000278*delta[1]+0.000024*delta[2],-0.015371-0.000035*delta[0]-0.000057*delta[1]-0.000005*delta[2],-0.017879-0.000034*delta[0]-0.000078*delta[1]+0.000005*delta[2],-0.019837-0.000040*delta[0]-0.000085*delta[1]-0.000005*delta[2],-0.020068-0.000028*delta[0]-0.000090*delta[1]-0.000006*delta[2],-0.018625-0.000038*delta[0]-0.000075*delta[1]+0.000010*delta[2],-0.098929-0.000153*delta[0]-0.000432*delta[1]+0.000042*delta[2],-0.826342-0.001308*delta[0]-0.003689*delta[1]-0.000044*delta[2],-0.274860-0.000539*delta[0]-0.001181*delta[1]+0.000213*delta[2],-0.086169-0.000200*delta[0]-0.000381*delta[1]-0.000002*delta[2],-0.023515-0.000022*delta[0]-0.000084*delta[1]+0.000003*delta[2],-0.029891-0.000055*delta[0]-0.000125*delta[1]+0.000017*delta[2],-0.033965-0.000067*delta[0]-0.000106*delta[1]+0.000002*delta[2],-0.034686-0.000088*delta[0]-0.000150*delta[1]-0.000023*delta[2],-0.029947-0.000071*delta[0]-0.000137*delta[1]-0.000006*delta[2]
-0.061240-0.000134*delta[0]-0.000226*delta[1]+0.000006*delta[2],-0.026172-0.000051*delta[0]-0.000115*delta[1]+0.000015*delta[2],-0.017573-0.000036*delta[0]-0.000057*delta[1]+0.000001*delta[2],-0.246065-0.000541*delta[0]-0.000996*delta[1]+0.000101*delta[2],-0.328703-0.000456*delta[0]-0.001235*delta[1]-0.000045*delta[2],-0.157530-0.000387*delta[0]-0.000643*delta[1]+0.000085*delta[2],-0.068553-0.000160*delta[0]-0.000319*delta[1]-0.000014*delta[2],-0.034554-0.000078*delta[0]-0.000131*delta[1]+0.000012*delta[2],-0.019856-0.000042*delta[0]-0.000082*delta[1]-0.000009*delta[2],-0.132984-0.000233*delta[0]-0.000508*delta[1]+0.000080*delta[2],-0.084447-0.000214*delta[0]-0.000311*delta[1]-0.000026*delta[2],-0.047045-0.000096*delta[0]-0.000166*delta[1]+0.000028*delta[2],-0.027926-0.000055*delta[0]-0.000098*delta[1]+0.000027*delta[2],-0.017913-0.000039*delta[0]-0.000067*delta[1]+0.000008*delta[2],-0.032464-0.000047*delta[0]-0.000123*delta[1]+0.000032*delta[2],-0.026415-0.000049*delta[0]-0.000105*delta[1]+0.000015*delta[2],-0.020326-0.000030*delta[0]-0.000084*delta[1]-0.000012*delta[2],-0.016728-0.000036*delta[0]-0.000060*delta[1]+0.000004*delta[2],-0.015834-0.000018*delta[0]-0.000063*delta[1]+0.000000*delta[2],-0.013964-0.000032*delta[0]-0.000048*delta[1]+0.000004*delta[2],-0.011837-0.000017*delta[0]-0.000048*delta[1]+0.000003*delta[2],-0.107090-0.000194*delta[0]-0.000319*delta[1]+0.000004*delta[2],-0.078090-0.000163*delta[0]-0.000286*delta[1]+0.000006*delta[2],-0.029338-0.000033*delta[0]-0.000119*delta[1]+0.000006*delta[2],-1.022574-0.001799*delta[0]-0.004229*delta[1]-0.000182*delta[2],-0.024584-0.000037*delta[0]-0.000096*delta[1]+0.000008*delta[2],-0.026409-0.000054*delta[0]-0.000126*delta[1]+0.000022*delta[2],-0.013285-0.000014*delta[0]-0.000060*delta[1]+0.000006*delta[2],-0.014446-0.000019*delta[0]-0.000046*delta[1]-0.000003*delta[2],-0.013629-0.000019*delta[0]-0.000050*delta[1]+0.000005*delta[2],-0.012113-0.000022*delta[0]-0.000055*delta[1]-0.000002*delta[2],-0.126045-0.000238*delta[0]-0.000474*delta[1]+0.000053*delta[2],-0.120462-0.000237*delta[0]-0.000546*delta[1]-0.000014*delta[2],-0.076767-0.000084*delta[0]-0.000349*delta[1]+0.000027*delta[2],-0.044891-0.000091*delta[0]-0.000164*delta[1]+0.000020*delta[2],-0.027239-0.000051*delta[0]-0.000086*delta[1]+0.000006*delta[2],-0.018616-0.000033*delta[0]-0.000081*delta[1]+0.000012*delta[2],-0.018681-0.000049*delta[0]-0.000091*delta[1]+0.000014*delta[2],-0.017669-0.000035*delta[0]-0.000081*delta[1]+0.000013*delta[2],-0.015440-0.000038*delta[0]-0.000074*delta[1]+0.000008*delta[2],-0.013049-0.000021*delta[0]-0.000054*delta[1]+0.000006*delta[2],-0.079708-0.000157*delta[0]-0.000268*delta[1]+0.000044*delta[2],-0.046777-0.000078*delta[0]-0.000198*delta[1]+0.000044*delta[2],-0.030738-0.000055*delta[0]-0.000107*delta[1]+0.000012*delta[2],-0.020381-0.000030*delta[0]-0.000087*delta[1]-0.000002*delta[2],-0.022151-0.000034*delta[0]-0.000081*delta[1]+0.000014*delta[2],-0.021975-0.000039*delta[0]-0.000086*delta[1]-0.000000*delta[2],-0.019833-0.000040*delta[0]-0.000074*delta[1]+0.000012*delta[2],-0.017026-0.000038*delta[0]-0.000074*delta[1]+0.000003*delta[2],-0.013842-0.000038*delta[0]-0.000057*delta[1]+0.000008*delta[2]
-0.016696-0.000014*delta[0]-0.000061*delta[1]-0.000005*delta[2],-0.014799-0.000028*delta[0]-0.000058*delta[1]+0.000003*delta[2],-0.012839-0.000034*delta[0]-0.000049*delta[1]+0.000004*delta[2],-0.025426-0.000038*delta[0]-0.000102*delta[1]+0.000001*delta[2],-0.031087-0.000043*delta[0]-0.000099*delta[1]-0.000006*delta[2],-0.033899-0.000073*delta[0]-0.000146*delta[1]+0.000009*delta[2],-0.032893-0.000068*delta[0]-0.000121*delta[1]-0.000019*delta[2],-0.027864-0.000050*delta[0]-0.000104*delta[1]+0.000009*delta[2],-0.021659-0.000030*delta[0]-0.000073*delta[1]-0.000007*delta[2],-0.018938-0.000033*delta[0]-0.000078*delta[1]+0.000017*delta[2],-0.022897-0.000055*delta[0]-0.000093*delta[1]+0.000006*delta[2],-0.021723-0.000036*delta[0]-0.000084*delta[1]-0.000008*delta[2],-0.019079-0.000058*delta[0]-0.000073*delta[1]-0.000002*delta[2],-0.015801-0.000022*delta[0]-0.000064*delta[1]+0.000005*delta[2],-0.015236-0.000039*delta[0]-0.000061*delta[1]-0.000003*delta[2],-0.015168-0.000033*delta[0]-0.000067*delta[1]+0.000002*delta[2],-0.014267-0.000034*delta[0]-0.000059*delta[1]-0.000007*delta[2],-0.011491-0.000022*delta[0]-0.000044*delta[1]+0.000002*delta[2],-0.011767-0.000020*delta[0]-0.000053*delta[1]+0.000007*delta[2],-0.011469-0.000015*delta[0]-0.000042*delta[1]+0.000002*delta[2],-0.010627-0.000033*delta[0]-0.000047*delta[1]+0.000005*delta[2],-0.038443-0.000058*delta[0]-0.000152*delta[1]-0.000020*delta[2],-0.043883-0.000073*delta[0]-0.000183*delta[1]+0.000005*delta[2],-0.033209-0.000059*delta[0]-0.000130*delta[1]+0.000006*delta[2],-0.029639-0.000047*delta[0]-0.000107*delta[1]+0.000007*delta[2],-0.014013-0.000027*delta[0]-0.000048*delta[1]+0.000000*delta[2],-0.016480-0.000031*delta[0]-0.000056*delta[1]-0.000010*delta[2],-0.014102-0.000036*delta[0]-0.000045*delta[1]+0.000000*delta[2],-0.011509-0.000020*delta[0]-0.000046*delta[1]-0.000002*delta[2],-0.011813-0.000034*delta[0]-0.000039*delta[1]-0.000003*delta[2],-0.011404-0.000027*delta[0]-0.000047*delta[1]+0.000004*delta[2],-0.068291-0.000135*delta[0]-0.000290*delta[1]+0.000032*delta[2],-0.114957-0.000277*delta[0]-0.000493*delta[1]+0.000062*delta[2],-0.136205-0.000365*delta[0]-0.000551*delta[1]-0.000055*delta[2],-0.098782-0.000263*delta[0]-0.000424*delta[1]-0.000006*delta[2],-0.056346-0.000129*delta[0]-0.000215*delta[1]+0.000043*delta[2],-0.015882-0.000048*delta[0]-0.000065*delta[1]-0.000008*delta[2],-0.017793-0.000031*delta[0]-0.000069*delta[1]+0.000009*delta[2],-0.018694-0.000044*delta[0]-0.000069*delta[1]+0.000003*delta[2],-0.018014-0.000046*delta[0]-0.000069*delta[1]-0.000001*delta[2],-0.016261-0.000033*delta[0]-0.000067*delta[1]+0.000004*delta[2],-0.188970-0.000406*delta[0]-0.000651*delta[1]-0.000016*delta[2],-0.430891-0.001001*delta[0]-0.001449*delta[1]+0.000049*delta[2],-0.126469-0.000200*delta[0]-0.000461*delta[1]-0.000011*delta[2],-0.051551-0.000104*delta[0]-0.000169*delta[1]-0.000003*delta[2],-0.025111-0.000049*delta[0]-0.000081*delta[1]+0.000016*delta[2],-0.029984-0.000049*delta[0]-0.000120*delta[1]-0.000018*delta[2],-0.031462-0.000058*delta[0]-0.000120*delta[1]+0.000012*delta[2],-0.029620-0.000056*delta[0]-0.000130*delta[1]+0.000015*delta[2],-0.024289-0.000056*delta[0]-0.000096*delta[1]+0.000017*delta[2]
-0.044844-0.000084*delta[0]-0.000167*delta[1]-0.000009*delta[2],-0.057332-0.000198*delta[0]-0.000178*delta[1]-0.000030*delta[2],-0.046483-0.000117*delta[0]-0.000188*delta[1]+0.000002*delta[2],-0.026679-0.000047*delta[0]-0.000096*delta[1]-0.000007*delta[2],-0.047128-0.000150*delta[0]-0.000150*delta[1]-0.000012*delta[2],-0.092182-0.000265*delta[0]-0.000457*delta[1]+0.000004*delta[2],-0.186389-0.000257*delta[0]-0.000740*delta[1]-0.000023*delta[2],-0.226342-0.000557*delta[0]-0.000986*delta[1]-0.000064*delta[2],-0.125291-0.000315*delta[0]-0.000497*delta[1]-0.000130*delta[2],-0.026671-0.000053*delta[0]-0.000101*delta[1]-0.000014*delta[2],-0.067961-0.000152*delta[0]-0.000263*delta[1]+0.000016*delta[2],-0.093088-0.000205*delta[0]-0.000261*delta[1]+0.000015*delta[2],-0.091601-0.000194*delta[0]-0.000351*delta[1]-0.000059*delta[2],-0.065112-0.000129*delta[0]-0.000220*delta[1]-0.000048*delta[2],-0.026840-0.000074*delta[0]-0.000086*delta[1]-0.000011*delta[2],-0.031778-0.000038*delta[0]-0.000088*delta[1]+0.000006*delta[2],-0.033772-0.000058*delta[0]-0.000130*delta[1]+0.000002*delta[2],-0.013975-0.000030*delta[0]-0.000065*delta[1]+0.000004*delta[2],-0.015983-0.000022*delta[0]-0.000067*delta[1]-0.000012*delta[2],-0.017172-0.000038*delta[0]-0.000067*delta[1]+0.000004*delta[2],-0.017166-0.000036*delta[0]-0.000068*delta[1]-0.000009*delta[2],-0.042644-0.000088*delta[0]-0.000170*delta[1]+0.000024*delta[2],-0.074112-0.000164*delta[0]-0.000244*delta[1]-0.000032*delta[2],-0.128294-0.000340*delta[0]-0.000418*delta[1]-0.000046*delta[2],-0.026792-0.000051*delta[0]-0.000114*delta[1]+0.000007*delta[2],-0.014163-0.000036*delta[0]-0.000053*delta[1]+0.000003*delta[2],-0.018547-0.000043*delta[0]-0.000057*delta[1]-0.000006*delta[2],-0.025295-0.000056*delta[0]-0.000077*delta[1]-0.000012*delta[2],-0.012388-0.000029*delta[0]-0.000055*delta[1]-0.000010*delta[2],-0.013879-0.000024*delta[0]-0.000040*delta[1]-0.000002*delta[2],-0.014593-0.000025*delta[0]-0.000051*delta[1]-0.000006*delta[2],-0.031962-0.000075*delta[0]-0.000108*delta[1]+0.000016*delta[2],-0.058574-0.000142*delta[0]-0.000239*delta[1]-0.000012*delta[2],-0.120384-0.000226*delta[0]-0.000455*delta[1]+0.000099*delta[2],-0.229640-0.000414*delta[0]-0.000756*delta[1]-0.000054*delta[2],-0.211404-0.000504*delta[0]-0.000813*delta[1]+0.000101*delta[2],-0.012956-0.000021*delta[0]-0.000052*delta[1]+0.000001*delta[2],-0.015642-0.000043*delta[0]-0.000053*delta[1]-0.000005*delta[2],-0.018365-0.000039*delta[0]-0.000071*delta[1]-0.000005*delta[2],-0.020129-0.000041*delta[0]-0.000078*delta[1]+0.000003*delta[2],-0.020331-0.000042*delta[0]-0.000076*delta[1]-0.000007*delta[2],-0.037455-0.000072*delta[0]-0.000150*delta[1]+0.000018*delta[2],-0.110408-0.000226*delta[0]-0.000447*delta[1]-0.000125*delta[2],-0.143029-0.000288*delta[0]-0.000540*delta[1]+0.000031*delta[2],-0.106731-0.000227*delta[0]-0.000386*delta[1]+0.000026*delta[2],-0.015479-0.000038*delta[0]-0.000055*delta[1]+0.000004*delta[2],-0.019235-0.000049*delta[0]-0.000073*delta[1]-0.000012*delta[2],-0.022630-0.000062*delta[0]-0.000092*delta[1]-0.000002*delta[2],-0.025211-0.000039*delta[0]-0.000089*delta[1]-0.000004*delta[2],-0.024858-0.000077*delta[0]-0.000093*delta[1]-0.000013*delta[2]
-0.051362-0.000076*delta[0]-0.000193*delta[1]-0.000001*delta[2],-0.024175-0.000073*delta[0]-0.000086*delta[1]+0.000003*delta[2],-0.016632-0.000036*delta[0]-0.000061*delta[1]+0.000010*delta[2],-0.248329-0.000557*delta[0]-0.000996*delta[1]-0.000002*delta[2],-0.315855-0.000312*delta[0]-0.001414*delta[1]-0.000030*delta[2],-0.150844-0.000365*delta[0]-0.000689*delta[1]-0.000046*delta[2],-0.066707-0.000124*delta[0]-0.000258*delta[1]-0.000044*delta[2],-0.033891-0.000069*delta[0]-0.000112*delta[1]+0.000017*delta[2],-0.019686-0.000044*delta[0]-0.000066*delta[1]+0.000017*delta[2],-0.100263-0.000269*delta[0]-0.000331*delta[1]-0.000048*delta[2],-0.069215-0.000126*delta[0]-0.000266*delta[1]-0.000007*delta[2],-0.041867-0.000091*delta[0]-0.000173*delta[1]-0.000014*delta[2],-0.026160-0.000049*delta[0]-0.000091*delta[1]+0.000005*delta[2],-0.017289-0.000019*delta[0]-0.000057*delta[1]+0.000009*delta[2],-0.028597-0.000056*delta[0]-0.000104*delta[1]-0.000017*delta[2],-0.023788-0.000053*delta[0]-0.000096*delta[1]-0.000010*delta[2],-0.018703-0.000040*delta[0]-0.000074*delta[1]-0.000007*delta[2],-0.015572-0.000030*delta[0]-0.000056*delta[1]+0.000006*delta[2],-0.014756-0.000026*delta[0]-0.000057*delta[1]-0.000007*delta[2],-0.013073-0.000035*delta[0]-0.000056*delta[1]+0.000006*delta[2],-0.011214-0.000024*delta[0]-0.000041*delta[1]+0.000002*delta[2],-0.128139-0.000253*delta[0]-0.000431*delta[1]-0.000004*delta[2],-0.087696-0.000118*delta[0]-0.000352*delta[1]+0.000045*delta[2],-0.030005-0.000062*delta[0]-0.000116*delta[1]-0.000006*delta[2],-0.589088-0.001179*delta[0]-0.001767*delta[1]+0.000820*delta[2],-0.022733-0.000053*delta[0]-0.000085*delta[1]-0.000004*delta[2],-0.024425-0.000040*delta[0]-0.000103*delta[1]-0.000001*delta[2],-0.012670-0.000026*delta[0]-0.000050*delta[1]+0.000006*delta[2],-0.013670-0.000033*delta[0]-0.000054*delta[1]+0.000001*delta[2],-0.012913-0.000037*delta[0]-0.000055*delta[1]-0.000001*delta[2],-0.011536-0.000021*delta[0]-0.000036*delta[1]-0.000006*delta[2],-0.175922-0.000493*delta[0]-0.000585*delta[1]+0.000039*delta[2],-0.161219-0.000347*delta[0]-0.000640*delta[1]-0.000025*delta[2],-0.089974-0.000180*delta[0]-0.000316*delta[1]-0.000013*delta[2],-0.048096-0.000130*delta[0]-0.000196*delta[1]+0.000043*delta[2],-0.027928-0.000046*delta[0]-0.000090*delta[1]-0.000012*delta[2],-0.017902-0.000040*delta[0]-0.000059*delta[1]+0.000000*delta[2],-0.017981-0.000036*delta[0]-0.000062*delta[1]-0.000002*delta[2],-0.017028-0.000040*delta[0]-0.000061*delta[1]-0.000013*delta[2],-0.014893-0.000021*delta[0]-0.000051*delta[1]+0.000009*delta[2],-0.012603-0.000021*delta[0]-0.000058*delta[1]-0.000006*delta[2],-0.094888-0.000238*delta[0]-0.000384*delta[1]+0.000038*delta[2],-0.050703-0.000061*delta[0]-0.000197*delta[1]-0.000004*delta[2],-0.032087-0.000028*delta[0]-0.000110*delta[1]+0.000007*delta[2],-0.020810-0.000038*delta[0]-0.000092*delta[1]-0.000011*delta[2],-0.022010-0.000028*delta[0]-0.000089*delta[1]-0.000002*delta[2],-0.021866-0.000025*delta[0]-0.000087*delta[1]+0.000007*delta[2],-0.019687-0.000037*delta[0]-0.000066*delta[1]-0.000011*delta[2],-0.016925-0.000038*delta[0]-0.000068*delta[1]-0.000004*delta[2],-0.013709-0.000037*delta[0]-0.000043*delta[1]-0.000008*delta[2]
-0.032201-0.000075*delta[0]-0.000136*delta[1]-0.000025*delta[2],-0.047025-0.000097*delta[0]-0.000220*delta[1]+0.000010*delta[2],-0.043764-0.000086*delta[0]-0.000148*delta[1]-0.000003*delta[2],-0.020193-0.000053*delta[0]-0.000074*delta[1]-0.000005*delta[2],-0.032917-0.000063*delta[0]-0.000148*delta[1]-0.000007*delta[2],-0.058383-0.000125*delta[0]-0.000245*delta[1]+0.000005*delta[2],-0.112167-0.000202*delta[0]-0.000472*delta[1]+0.000015*delta[2],-0.180307-0.000477*delta[0]-0.000757*delta[1]-0.000089*delta[2],-0.151657-0.000391*delta[0]-0.000529*delta[1]-0.000013*delta[2],-0.019682-0.000053*delta[0]-0.000080*delta[1]+0.000012*delta[2],-0.044441-0.000117*delta[0]-0.000168*delta[1]+0.000018*delta[2],-0.062615-0.000161*delta[0]-0.000272*delta[1]+0.000009*delta[2],-0.073014-0.000175*delta[0]-0.000267*delta[1]+0.000003*delta[2],-0.063924-0.000128*delta[0]-0.000297*delta[1]-0.000032*delta[2],-0.021208-0.000047*delta[0]-0.000084*delta[1]+0.000021*delta[2],-0.025792-0.000095*delta[0]-0.000128*delta[1]-0.000012*delta[2],-0.028981-0.000066*delta[0]-0.000128*delta[1]-0.000004*delta[2],-0.012030-0.000032*delta[0]-0.000050*delta[1]-0.000000*delta[2],-0.014034-0.000030*delta[0]-0.000065*delta[1]+0.000006*delta[2],-0.015490-0.000028*delta[0]-0.000057*delta[1]-0.000001*delta[2],-0.016094-0.000037*delta[0]-0.000067*delta[1]+0.000000*delta[2],-0.032728-0.000049*delta[0]-0.000119*delta[1]+0.000006*delta[2],-0.056708-0.000102*delta[0]-0.000181*delta[1]+0.000049*delta[2],-0.148530-0.000289*delta[0]-0.000565*delta[1]+0.000022*delta[2],-0.020381-0.000046*delta[0]-0.000077*delta[1]+0.000011*delta[2],-0.011768-0.000025*delta[0]-0.000047*delta[1]+0.000001*delta[2],-0.015358-0.000047*delta[0]-0.000061*delta[1]-0.000007*delta[2],-0.024681-0.000046*delta[0]-0.000096*delta[1]+0.000017*delta[2],-0.010942-0.000029*delta[0]-0.000029*delta[1]-0.000003*delta[2],-0.012452-0.000024*delta[0]-0.000043*delta[1]-0.000004*delta[2],-0.013481-0.000034*delta[0]-0.000061*delta[1]-0.000009*delta[2],-0.023963-0.000051*delta[0]-0.000084*delta[1]+0.000004*delta[2],-0.042770-0.000080*delta[0]-0.000208*delta[1]+0.000009*delta[2],-0.090229-0.000256*delta[0]-0.000396*delta[1]-0.000002*delta[2],-0.241868-0.000521*delta[0]-0.000772*delta[1]-0.000047*delta[2],-0.447886-0.000979*delta[0]-0.002010*delta[1]+0.000090*delta[2],-0.011262-0.000029*delta[0]-0.000040*delta[1]-0.000000*delta[2],-0.013727-0.000038*delta[0]-0.000055*delta[1]+0.000006*delta[2],-0.016449-0.000039*delta[0]-0.000061*delta[1]+0.000014*delta[2],-0.018643-0.000056*delta[0]-0.000068*delta[1]+0.000010*delta[2],-0.019746-0.000045*delta[0]-0.000088*delta[1]+0.000011*delta[2],-0.029499-0.000077*delta[0]-0.000118*delta[1]+0.000009*delta[2],-0.099722-0.000215*delta[0]-0.000429*delta[1]+0.000007*delta[2],-0.180437-0.000514*delta[0]-0.000797*delta[1]+0.000133*delta[2],-0.181252-0.000588*delta[0]-0.000748*delta[1]+0.000154*delta[2],-0.013472-0.000022*delta[0]-0.000048*delta[1]-0.000003*delta[2],-0.017146-0.000033*delta[0]-0.000079*delta[1]+0.000009*delta[2],-0.020742-0.000049*delta[0]-0.000087*delta[1]-0.000003*delta[2],-0.024246-0.000058*delta[0]-0.000080*delta[1]+0.000011*delta[2],-0.025546-0.000076*delta[0]-0.000108*delta[1]+0.000006*delta[2]
-0.063404-0.000172*delta[0]-0.000221*delta[1]-0.000000*delta[2],-0.494284-0.000999*delta[0]-0.001861*delta[1]+0.000060*delta[2],-0.406541-0.000866*delta[0]-0.001611*delta[1]-0.000358*delta[2],-0.017503-0.000055*delta[0]-0.000068*delta[1]-0.000002*delta[2],-0.028379-0.000042*delta[0]-0.000118*delta[1]-0.000029*delta[2],-0.051868-0.000082*delta[0]-0.000220*delta[1]-0.000004*delta[2],-0.106190-0.000247*delta[0]-0.000390*delta[1]+0.000021*delta[2],-0.217532-0.000312*delta[0]-0.000928*delta[1]-0.000036*delta[2],-0.227924-0.000386*delta[0]-0.001003*delta[1]-0.000037*delta[2],-0.020180-0.000044*delta[0]-0.000085*delta[1]-0.000010*delta[2],-0.064292-0.000108*delta[0]-0.000235*delta[1]-0.000037*delta[2],-0.136849-0.000223*delta[0]-0.000570*delta[1]-0.000024*delta[2],-0.247934-0.000565*delta[0]-0.000953*delta[1]+0.000187*delta[2],-0.202480-0.000269*delta[0]-0.000894*delta[1]+0.000033*delta[2],-0.025482-0.000072*delta[0]-0.000114*delta[1]-0.000005*delta[2],-0.033490-0.000054*delta[0]-0.000151*delta[1]-0.000014*delta[2],-0.040348-0.000101*delta[0]-0.000163*delta[1]-0.000020*delta[2],-0.011737-0.000022*delta[0]-0.000044*delta[1]-0.000009*delta[2],-0.013891-0.000033*delta[0]-0.000056*delta[1]-0.000009*delta[2],-0.015689-0.000028*delta[0]-0.000056*delta[1]+0.000002*delta[2],-0.016714-0.000027*delta[0]-0.000072*delta[1]-0.000008*delta[2],-0.023575-0.000041*delta[0]-0.000097*delta[1]+0.000014*delta[2],-0.034316-0.000056*delta[0]-0.000143*delta[1]-0.000036*delta[2],-0.063489-0.000074*delta[0]-0.000238*delta[1]-0.000038*delta[2],-0.020292-0.000032*delta[0]-0.000074*delta[1]-0.000006*delta[2],-0.010665-0.000014*delta[0]-0.000040*delta[1]-0.000004*delta[2],-0.013502-0.000027*delta[0]-0.000056*delta[1]-0.000005*delta[2],-0.022001-0.000042*delta[0]-0.000079*delta[1]-0.000010*delta[2],-0.009705-0.000015*delta[0]-0.000044*delta[1]+0.000009*delta[2],-0.011019-0.000021*delta[0]-0.000043*delta[1]+0.000007*delta[2],-0.012023-0.000023*delta[0]-0.000053*delta[1]-0.000006*delta[2],-0.015761-0.000035*delta[0]-0.000066*delta[1]-0.000012*delta[2],-0.021493-0.000037*delta[0]-0.000085*delta[1]-0.000002*delta[2],-0.029301-0.000070*delta[0]-0.000102*delta[1]-0.000017*delta[2],-0.037980-0.000082*delta[0]-0.000148*delta[1]-0.000008*delta[2],-0.044238-0.000095*delta[0]-0.000203*delta[1]+0.000001*delta[2],-0.008722-0.000018*delta[0]-0.000039*delta[1]-0.000002*delta[2],-0.010213-0.000013*delta[0]-0.000045*delta[1]-0.000002*delta[2],-0.011901-0.000021*delta[0]-0.000056*delta[1]+0.000003*delta[2],-0.013188-0.000030*delta[0]-0.000058*delta[1]+0.000004*delta[2],-0.014138-0.000024*delta[0]-0.000064*delta[1]-0.000008*delta[2],-0.014860-0.000018*delta[0]-0.000054*delta[1]-0.000005*delta[2],-0.023822-0.000042*delta[0]-0.000087*delta[1]-0.000008*delta[2],-0.028130-0.000058*delta[0]-0.000129*delta[1]-0.000010*delta[2],-0.029632-0.000042*delta[0]-0.000122*delta[1]-0.000018*delta[2],-0.008996-0.000028*delta[0]-0.000034*delta[1]-0.000006*delta[2],-0.010533-0.000024*delta[0]-0.000042*delta[1]+0.000000*delta[2],-0.011958-0.000027*delta[0]-0.000050*delta[1]-0.000012*delta[2],-0.013289-0.000030*delta[0]-0.000051*delta[1]-0.000007*delta[2],-0.013936-0.000034*delta[0]-0.000055*delta[1]-0.000002*delta[2]
-0.041385-0.000093*delta[0]-0.000178*delta[1]-0.000014*delta[2],-0.024625-0.000037*delta[0]-0.000092*delta[1]-0.000011*delta[2],-0.017902-0.000045*delta[0]-0.000073*delta[1]-0.000005*delta[2],-0.121900-0.000203*delta[0]-0.000539*delta[1]+0.000056*delta[2],-0.198246-0.000431*delta[0]-0.000680*delta[1]+0.000081*delta[2],-0.161008-0.000349*delta[0]-0.000514*delta[1]+0.000028*delta[2],-0.086306-0.000155*delta[0]-0.000320*delta[1]-0.000030*delta[2],-0.044742-0.000093*delta[0]-0.000161*delta[1]+0.000007*delta[2],-0.025745-0.000037*delta[0]-0.000099*delta[1]+0.000010*delta[2],-0.056618-0.000090*delta[0]-0.000212*delta[1]+0.000021*delta[2],-0.057775-0.000089*delta[0]-0.000204*delta[1]+0.000030*delta[2],-0.041628-0.000066*delta[0]-0.000136*delta[1]-0.000012*delta[2],-0.028450-0.000043*delta[0]-0.000122*delta[1]-0.000008*delta[2],-0.019600-0.000042*delta[0]-0.000078*delta[1]+0.000009*delta[2],-0.024563-0.000039*delta[0]-0.000094*delta[1]+0.000010*delta[2],-0.022064-0.000032*delta[0]-0.000092*delta[1]-0.000008*delta[2],-0.018481-0.000044*delta[0]-0.000073*delta[1]-0.000003*delta[2],-0.014014-0.000030*delta[0]-0.000057*delta[1]+0.000003*delta[2],-0.013773-0.000023*delta[0]-0.000056*delta[1]-0.000010*delta[2],-0.012724-0.000025*delta[0]-0.000055*delta[1]+0.000002*delta[2],-0.011234-0.000018*delta[0]-0.000050*delta[1]+0.000007*delta[2],-0.161915-0.000316*delta[0]-0.000625*delta[1]-0.000003*delta[2],-0.135191-0.000334*delta[0]-0.000455*delta[1]+0.000019*delta[2],-0.041467-0.000083*delta[0]-0.000167*delta[1]+0.000006*delta[2],-0.158140-0.000339*delta[0]-0.000721*delta[1]+0.000141*delta[2],-0.019139-0.000032*delta[0]-0.000084*delta[1]+0.000008*delta[2],-0.021424-0.000032*delta[0]-0.000097*delta[1]+0.000009*delta[2],-0.013500-0.000023*delta[0]-0.000047*delta[1]-0.000005*delta[2],-0.012647-0.000018*delta[0]-0.000042*delta[1]-0.000004*delta[2],-0.012352-0.000024*delta[0]-0.000047*delta[1]-0.000004*delta[2],-0.011415-0.000019*delta[0]-0.000044*delta[1]+0.000010*delta[2],-0.262062-0.000744*delta[0]-0.000817*delta[1]-0.000026*delta[2],-0.458937-0.001143*delta[0]-0.001672*delta[1]+0.000212*delta[2],-0.214563-0.000448*delta[0]-0.000722*delta[1]+0.000065*delta[2],-0.082450-0.000115*delta[0]-0.000343*delta[1]-0.000002*delta[2],-0.039225-0.000065*delta[0]-0.000159*delta[1]-0.000015*delta[2],-0.016552-0.000029*delta[0]-0.000067*delta[1]-0.000008*delta[2],-0.017312-0.000027*delta[0]-0.000066*delta[1]+0.000002*delta[2],-0.017018-0.000023*delta[0]-0.000073*delta[1]+0.000009*delta[2],-0.015442-0.000011*delta[0]-0.000047*delta[1]+0.000005*delta[2],-0.013446-0.000021*delta[0]-0.000055*delta[1]+0.000004*delta[2],-0.140865-0.000300*delta[0]-0.000427*delta[1]-0.000002*delta[2],-0.085362-0.000154*delta[0]-0.000283*delta[1]+0.000044*delta[2],-0.047996-0.000074*delta[0]-0.000203*delta[1]+0.000017*delta[2],-0.028311-0.000066*delta[0]-0.000116*delta[1]-0.000003*delta[2],-0.021663-0.000037*delta[0]-0.000102*delta[1]-0.000025*delta[2],-0.022694-0.000043*delta[0]-0.000084*delta[1]-0.000005*delta[2],-0.021421-0.000029*delta[0]-0.000083*delta[1]-0.000001*delta[2],-0.018904-0.000026*delta[0]-0.000071*delta[1]-0.000010*delta[2],-0.015605-0.000025*delta[0]-0.000068*delta[1]+0.000011*delta[2]
-0.092228-0.000188*delta[0]-0.000370*delta[1]-0.000007*delta[2],-0.237931-0.000380*delta[0]-0.000985*delta[1]-0.000058*delta[2],-0.134195-0.000289*delta[0]-0.000608*delta[1]+0.000121*delta[2],-0.023428-0.000042*delta[0]-0.000092*delta[1]-0.000004*delta[2],-0.042838-0.000063*delta[0]-0.000175*delta[1]-0.000024*delta[2],-0.098335-0.000194*delta[0]-0.000403*delta[1]+0.000043*delta[2],-0.300411-0.000708*delta[0]-0.001219*delta[1]+0.000236*delta[2],-0.634468-0.000792*delta[0]-0.002880*delta[1]-0.000108*delta[2],-0.241466-0.000658*delta[0]-0.000844*delta[1]-0.000123*delta[2],-0.027567-0.000052*delta[0]-0.000109*delta[1]+0.000006*delta[2],-0.097150-0.000205*delta[0]-0.000332*delta[1]+0.000039*delta[2],-0.185075-0.000446*delta[0]-0.000702*delta[1]+0.000114*delta[2],-0.203387-0.000346*delta[0]-0.001013*delta[1]+0.000016*delta[2],-0.115303-0.000182*delta[0]-0.000517*delta[1]-0.000013*delta[2],-0.028151-0.000031*delta[0]-0.000118*delta[1]+0.000009*delta[2],-0.034438-0.000047*delta[0]-0.000142*delta[1]-0.000014*delta[2],-0.037679-0.000085*delta[0]-0.000156*delta[1]-0.000006*delta[2],-0.012554-0.000022*delta[0]-0.000056*delta[1]+0.000004*delta[2],-0.014449-0.000030*delta[0]-0.000060*delta[1]+0.000002*delta[2],-0.015656-0.000026*delta[0]-0.000068*delta[1]-0.000003*delta[2],-0.015970-0.000032*delta[0]-0.000065*delta[1]-0.000001*delta[2],-0.035459-0.000058*delta[0]-0.000181*delta[1]+0.000035*delta[2],-0.056279-0.000135*delta[0]-0.000260*delta[1]+0.000008*delta[2],-0.096581-0.000161*delta[0]-0.000443*delta[1]+0.000029*delta[2],-0.028132-0.000032*delta[0]-0.000115*delta[1]-0.000004*delta[2],-0.012258-0.000028*delta[0]-0.000055*delta[1]+0.000004*delta[2],-0.015361-0.000042*delta[0]-0.000068*delta[1]-0.000006*delta[2],-0.021087-0.000037*delta[0]-0.000080*delta[1]-0.000007*delta[2],-0.010466-0.000014*delta[0]-0.000038*delta[1]+0.000003*delta[2],-0.011629-0.000022*delta[0]-0.000043*delta[1]+0.000003*delta[2],-0.012288-0.000027*delta[0]-0.000054*delta[1]+0.000004*delta[2],-0.022204-0.000033*delta[0]-0.000097*delta[1]+0.000023*delta[2],-0.032107-0.000069*delta[0]-0.000142*delta[1]-0.000015*delta[2],-0.045745-0.000093*delta[0]-0.000187*delta[1]+0.000012*delta[2],-0.058851-0.000142*delta[0]-0.000252*delta[1]-0.000010*delta[2],-0.061686-0.000158*delta[0]-0.000271*delta[1]+0.000030*delta[2],-0.009919-0.000021*delta[0]-0.000038*delta[1]-0.000001*delta[2],-0.011550-0.000024*delta[0]-0.000049*delta[1]+0.000003*delta[2],-0.013190-0.000030*delta[0]-0.000063*delta[1]-0.000003*delta[2],-0.014215-0.000025*delta[0]-0.000063*delta[1]+0.000004*delta[2],-0.014637-0.000029*delta[0]-0.000052*delta[1]-0.000007*delta[2],-0.020135-0.000028*delta[0]-0.000093*delta[1]-0.000005*delta[2],-0.032896-0.000055*delta[0]-0.000142*delta[1]-0.000007*delta[2],-0.037089-0.000057*delta[0]-0.000159*delta[1]-0.000013*delta[2],-0.035605-0.000077*delta[0]-0.000159*delta[1]-0.000002*delta[2],-0.010589-0.000026*delta[0]-0.000046*delta[1]-0.000008*delta[2],-0.012314-0.000025*delta[0]-0.000057*delta[1]+0.000003*delta[2],-0.013796-0.000024*delta[0]-0.000052*delta[1]-0.000001*delta[2],-0.014907-0.000028*delta[0]-0.000064*delta[1]-0.000004*delta[2],-0.015001-0.000026*delta[0]-0.000061*delta[1]+0.000010*delta[2]
-0.018479-0.000040*delta[0]-0.000076*delta[1]+0.000002*delta[2],-0.012130-0.000019*delta[0]-0.000055*delta[1]+0.000002*delta[2],-0.009608-0.000022*delta[0]-0.000045*delta[1]-0.000004*delta[2],-0.065508-0.000135*delta[0]-0.000290*delta[1]+0.000009*delta[2],-0.055573-0.000096*delta[0]-0.000242*delta[1]+0.000028*delta[2],-0.039538-0.000045*delta[0]-0.000155*delta[1]+0.000027*delta[2],-0.027255-0.000049*delta[0]-0.000109*delta[1]+0.000011*delta[2],-0.018624-0.000027*delta[0]-0.000082*delta[1]-0.000001*delta[2],-0.013177-0.000014*delta[0]-0.000063*delta[1]+0.000002*delta[2],-0.030518-0.000054*delta[0]-0.000136*delta[1]+0.000014*delta[2],-0.022920-0.000029*delta[0]-0.000100*delta[1]-0.000004*delta[2],-0.017731-0.000035*delta[0]-0.000076*delta[1]+0.000006*delta[2],-0.013618-0.000020*delta[0]-0.000057*delta[1]+0.000002*delta[2],-0.010435-0.000010*delta[0]-0.000041*delta[1]+0.000005*delta[2],-0.014781-0.000016*delta[0]-0.000068*delta[1]+0.000002*delta[2],-0.012832-0.000020*delta[0]-0.000056*delta[1]+0.000009*delta[2],-0.010780-0.000016*delta[0]-0.000047*delta[1]+0.000002*delta[2],-0.010904-0.000005*delta[0]-0.000053*delta[1]-0.000002*delta[2],-0.010098-0.000011*delta[0]-0.000049*delta[1]-0.000001*delta[2],-0.008995-0.000022*delta[0]-0.000034*delta[1]+0.000001*delta[2],-0.007808-0.000012*delta[0]-0.000037*delta[1]-0.000002*delta[2],-0.070634-0.000099*delta[0]-0.000329*delta[1]-0.000005*delta[2],-0.046881-0.000033*delta[0]-0.000191*delta[1]+0.000008*delta[2],-0.019571-0.000054*delta[0]-0.000088*delta[1]-0.000005*delta[2],-0.069726-0.000158*delta[0]-0.000329*delta[1]+0.000069*delta[2],-0.016294-0.000039*delta[0]-0.000076*delta[1]-0.000006*delta[2],-0.016457-0.000031*delta[0]-0.000080*delta[1]-0.000010*delta[2],-0.008925-0.000015*delta[0]-0.000038*delta[1]+0.000005*delta[2],-0.010531-0.000021*delta[0]-0.000054*delta[1]+0.000006*delta[2],-0.009775-0.000019*delta[0]-0.000043*delta[1]+0.000002*delta[2],-0.008660-0.000018*delta[0]-0.000033*delta[1]-0.000007*delta[2],-0.557676-0.000765*delta[0]-0.002398*delta[1]-0.000343*delta[2],-0.161508-0.000263*delta[0]-0.000680*delta[1]-0.000075*delta[2],-0.060754-0.000085*delta[0]-0.000239*delta[1]+0.000027*delta[2],-0.030226-0.000060*delta[0]-0.000131*delta[1]+0.000005*delta[2],-0.017579-0.000042*delta[0]-0.000071*delta[1]-0.000003*delta[2],-0.015955-0.000030*delta[0]-0.000073*delta[1]+0.000006*delta[2],-0.015278-0.000022*delta[0]-0.000063*delta[1]+0.000002*delta[2],-0.013844-0.000031*delta[0]-0.000056*delta[1]-0.000000*delta[2],-0.011856-0.000018*delta[0]-0.000047*delta[1]+0.000002*delta[2],-0.009928-0.000021*delta[0]-0.000050*delta[1]-0.000001*delta[2],-0.238475-0.000386*delta[0]-0.000977*delta[1]+0.000202*delta[2],-0.042776-0.000079*delta[0]-0.000205*delta[1]+0.000009*delta[2],-0.024064-0.000039*delta[0]-0.000105*delta[1]+0.000002*delta[2],-0.015113-0.000031*delta[0]-0.000085*delta[1]-0.000014*delta[2],-0.023514-0.000034*delta[0]-0.000086*delta[1]+0.000006*delta[2],-0.021729-0.000051*delta[0]-0.000092*delta[1]+0.000012*delta[2],-0.018396-0.000041*delta[0]-0.000075*delta[1]+0.000012*delta[2],-0.015058-0.000028*delta[0]-0.000064*delta[1]-0.000001*delta[2],-0.011895-0.000024*delta[0]-0.000045*delta[1]-0.000008*delta[2]
-0.093433-0.000226*delta[0]-0.000353*delta[1]+0.000044*delta[2],-0.031105-0.000053*delta[0]-0.000112*delta[1]-0.000006*delta[2],-0.019537-0.000031*delta[0]-0.000070*delta[1]-0.000022*delta[2],-0.463151-0.001559*delta[0]-0.001757*delta[1]-0.000067*delta[2],-1.396874-0.002937*delta[0]-0.005237*delta[1]+0.001010*delta[2],-0.284239-0.000517*delta[0]-0.001140*delta[1]-0.000275*delta[2],-0.079589-0.000225*delta[0]-0.000340*delta[1]+0.000018*delta[2],-0.034871-0.000065*delta[0]-0.000128*delta[1]-0.000033*delta[2],-0.019323-0.000040*delta[0]-0.000075*delta[1]+0.000017*delta[2],-0.137946-0.000257*delta[0]-0.000531*delta[1]-0.000181*delta[2],-0.092554-0.000145*delta[0]-0.000399*delta[1]-0.000002*delta[2],-0.050602-0.000088*delta[0]-0.000213*delta[1]-0.000025*delta[2],-0.029414-0.000043*delta[0]-0.000098*delta[1]+0.000002*delta[2],-0.018711-0.000031*delta[0]-0.000072*delta[1]-0.000006*delta[2],-0.028660-0.000067*delta[0]-0.000131*delta[1]+0.000001*delta[2],-0.024127-0.000057*delta[0]-0.000091*delta[1]+0.000013*delta[2],-0.019131-0.000045*delta[0]-0.000085*delta[1]+0.000002*delta[2],-0.013844-0.000034*delta[0]-0.000051*delta[1]+0.000002*delta[2],-0.013364-0.000029*delta[0]-0.000050*delta[1]-0.000001*delta[2],-0.012103-0.000029*delta[0]-0.000049*delta[1]-0.000008*delta[2],-0.010577-0.000020*delta[0]-0.000042*delta[1]-0.000009*delta[2],-0.127094-0.000186*delta[0]-0.000439*delta[1]-0.000008*delta[2],-0.090329-0.000135*delta[0]-0.000373*delta[1]+0.000021*delta[2],-0.031667-0.000097*delta[0]-0.000146*delta[1]+0.000011*delta[2],-0.372008-0.000895*delta[0]-0.001520*delta[1]+0.000113*delta[2],-0.018605-0.000031*delta[0]-0.000070*delta[1]-0.000013*delta[2],-0.019917-0.000035*delta[0]-0.000086*delta[1]-0.000000*delta[2],-0.011678-0.000019*delta[0]-0.000053*delta[1]-0.000004*delta[2],-0.011583-0.000011*delta[0]-0.000047*delta[1]+0.000004*delta[2],-0.011123-0.000017*delta[0]-0.000053*delta[1]-0.000006*delta[2],-0.010150-0.000019*delta[0]-0.000033*delta[1]-0.000008*delta[2],-0.073579-0.000160*delta[0]-0.000301*delta[1]-0.000030*delta[2],-0.073829-0.000150*delta[0]-0.000333*delta[1]+0.000021*delta[2],-0.056601-0.000124*delta[0]-0.000273*delta[1]-0.000048*delta[2],-0.038211-0.000095*delta[0]-0.000153*delta[1]-0.000032*delta[2],-0.025355-0.000040*delta[0]-0.000114*delta[1]-0.000003*delta[2],-0.013540-0.000029*delta[0]-0.000045*delta[1]-0.000006*delta[2],-0.013689-0.000023*delta[0]-0.000053*delta[1]-0.000007*delta[2],-0.013243-0.000024*delta[0]-0.000053*delta[1]+0.000002*delta[2],-0.012057-0.000030*delta[0]-0.000039*delta[1]-0.000005*delta[2],-0.010643-0.000022*delta[0]-0.000040*delta[1]+0.000001*delta[2],-0.039819-0.000096*delta[0]-0.000188*delta[1]-0.000001*delta[2],-0.030611-0.000078*delta[0]-0.000096*delta[1]-0.000009*delta[2],-0.023559-0.000054*delta[0]-0.000091*delta[1]-0.000021*delta[2],-0.017350-0.000053*delta[0]-0.000079*delta[1]-0.000006*delta[2],-0.014939-0.000031*delta[0]-0.000055*delta[1]+0.000000*delta[2],-0.014922-0.000031*delta[0]-0.000072*delta[1]-0.000005*delta[2],-0.014045-0.000032*delta[0]-0.000063*delta[1]-0.000006*delta[2],-0.012701-0.000037*delta[0]-0.000044*delta[1]-0.000009*delta[2],-0.010899-0.000016*delta[0]-0.000038*delta[1]-0.000001*delta[2]
-0.038584-0.000069*delta[0]-0.000152*delta[1]+0.000005*delta[2],-0.037859-0.000096*delta[0]-0.000149*delta[1]-0.000019*delta[2],-0.030135-0.000068*delta[0]-0.000132*delta[1]+0.000022*delta[2],-0.037930-0.000095*delta[0]-0.000154*delta[1]+0.000000*delta[2],-0.071476-0.000082*delta[0]-0.000235*delta[1]-0.000008*delta[2],-0.141424-0.000284*delta[0]-0.000527*delta[1]-0.000010*delta[2],-0.217580-0.000449*delta[0]-0.000920*delta[1]+0.000172*delta[2],-0.155559-0.000419*delta[0]-0.000610*delta[1]+0.000149*delta[2],-0.077128-0.000151*delta[0]-0.000310*delta[1]-0.000042*delta[2],-0.028369-0.000074*delta[0]-0.000124*delta[1]-0.000003*delta[2],-0.053115-0.000141*delta[0]-0.000201*delta[1]-0.000053*delta[2],-0.056945-0.000132*delta[0]-0.000276*delta[1]+0.000024*delta[2],-0.048816-0.000116*delta[0]-0.000177*delta[1]+0.000014*delta[2],-0.036094-0.000082*delta[0]-0.000156*delta[1]+0.000009*delta[2],-0.021302-0.000051*delta[0]-0.000092*delta[1]-0.000007*delta[2],-0.022881-0.000054*delta[0]-0.000090*delta[1]+0.000001*delta[2],-0.022523-0.000053*delta[0]-0.000093*delta[1]-0.000004*delta[2],-0.011901-0.000023*delta[0]-0.000047*delta[1]-0.000003*delta[2],-0.012934-0.000028*delta[0]-0.000062*delta[1]+0.000000*delta[2],-0.013158-0.000022*delta[0]-0.000052*delta[1]+0.000009*delta[2],-0.012739-0.000031*delta[0]-0.000055*delta[1]+0.000006*delta[2],-0.078099-0.000178*delta[0]-0.000368*delta[1]+0.000026*delta[2],-0.170242-0.000255*delta[0]-0.000610*delta[1]-0.000100*delta[2],-0.168915-0.000441*delta[0]-0.000645*delta[1]+0.000027*delta[2],-0.039999-0.000087*delta[0]-0.000144*delta[1]-0.000011*delta[2],-0.013287-0.000026*delta[0]-0.000060*delta[1]+0.000000*delta[2],-0.016263-0.000041*delta[0]-0.000071*delta[1]-0.000010*delta[2],-0.017458-0.000040*delta[0]-0.000074*delta[1]-0.000008*delta[2],-0.010755-0.000024*delta[0]-0.000042*delta[1]-0.000001*delta[2],-0.011550-0.000020*delta[0]-0.000044*delta[1]+0.000002*delta[2],-0.011587-0.000027*delta[0]-0.000055*delta[1]+0.000002*delta[2],-0.050102-0.000133*delta[0]-0.000230*delta[1]+0.000032*delta[2],-0.124461-0.000357*delta[0]-0.000556*delta[1]+0.000015*delta[2],-0.458967-0.001081*delta[0]-0.001959*delta[1]+0.000110*delta[2],-0.794221-0.001169*delta[0]-0.003064*delta[1]-0.000781*delta[2],-0.217052-0.000560*delta[0]-0.000878*delta[1]+0.000125*delta[2],-0.012185-0.000023*delta[0]-0.000039*delta[1]-0.000002*delta[2],-0.013982-0.000028*delta[0]-0.000048*delta[1]+0.000008*delta[2],-0.015520-0.000045*delta[0]-0.000056*delta[1]-0.000003*delta[2],-0.015950-0.000041*delta[0]-0.000066*delta[1]-0.000001*delta[2],-0.015458-0.000033*delta[0]-0.000057*delta[1]-0.000011*delta[2],-0.053440-0.000101*delta[0]-0.000201*delta[1]+0.000022*delta[2],-0.135020-0.000202*delta[0]-0.000491*delta[1]+0.000156*delta[2],-0.124335-0.000244*delta[0]-0.000416*delta[1]-0.000046*delta[2],-0.075239-0.000210*delta[0]-0.000256*delta[1]-0.000008*delta[2],-0.015229-0.000046*delta[0]-0.000058*delta[1]-0.000008*delta[2],-0.018011-0.000039*delta[0]-0.000078*delta[1]+0.000002*delta[2],-0.019843-0.000037*delta[0]-0.000076*delta[1]+0.000007*delta[2],-0.020598-0.000048*delta[0]-0.000091*delta[1]-0.000006*delta[2],-0.019346-0.000042*delta[0]-0.000075*delta[1]+0.000009*delta[2]
-0.019217-0.000061*delta[0]-0.000078*delta[1]-0.000001*delta[2],-0.015615-0.000028*delta[0]-0.000055*delta[1]+0.000011*delta[2],-0.013011-0.000034*delta[0]-0.000049*delta[1]+0.000004*delta[2],-0.039504-0.000111*delta[0]-0.000139*delta[1]+0.000009*delta[2],-0.048943-0.000122*delta[0]-0.000179*delta[1]-0.000017*delta[2],-0.049801-0.000094*delta[0]-0.000233*delta[1]+0.000002*delta[2],-0.042648-0.000086*delta[0]-0.000128*delta[1]+0.000016*delta[2],-0.031864-0.000079*delta[0]-0.000143*delta[1]+0.000006*delta[2],-0.022593-0.000058*delta[0]-0.000093*delta[1]+0.000003*delta[2],-0.022698-0.000038*delta[0]-0.000095*delta[1]-0.000001*delta[2],-0.025253-0.000042*delta[0]-0.000112*delta[1]-0.000007*delta[2],-0.022539-0.000047*delta[0]-0.000102*delta[1]+0.000009*delta[2],-0.018830-0.000038*delta[0]-0.000074*delta[1]-0.000001*delta[2],-0.015060-0.000033*delta[0]-0.000055*delta[1]+0.000008*delta[2],-0.014741-0.000032*delta[0]-0.000055*delta[1]+0.000003*delta[2],-0.014271-0.000033*delta[0]-0.000054*delta[1]-0.000002*delta[2],-0.013025-0.000027*delta[0]-0.000059*delta[1]+0.000002*delta[2],-0.010363-0.000023*delta[0]-0.000037*delta[1]+0.000002*delta[2],-0.010411-0.000022*delta[0]-0.000039*delta[1]+0.000003*delta[2],-0.009944-0.000018*delta[0]-0.000037*delta[1]-0.000001*delta[2],-0.009175-0.000031*delta[0]-0.000037*delta[1]+0.000004*delta[2],-0.074620-0.000128*delta[0]-0.000324*delta[1]-0.000041*delta[2],-0.078715-0.000118*delta[0]-0.000326*delta[1]+0.000030*delta[2],-0.039815-0.000076*delta[0]-0.000156*delta[1]+0.000016*delta[2],-0.041394-0.000089*delta[0]-0.000154*delta[1]+0.000016*delta[2],-0.013287-0.000037*delta[0]-0.000063*delta[1]+0.000004*delta[2],-0.014926-0.000029*delta[0]-0.000045*delta[1]-0.000003*delta[2],-0.011609-0.000027*delta[0]-0.000052*delta[1]-0.000001*delta[2],-0.010038-0.000021*delta[0]-0.000038*delta[1]+0.000002*delta[2],-0.010046-0.000020*delta[0]-0.000035*delta[1]+0.000002*delta[2],-0.009562-0.000030*delta[0]-0.000036*delta[1]+0.000001*delta[2],-0.171601-0.000432*delta[0]-0.000737*delta[1]+0.000089*delta[2],-0.428199-0.000612*delta[0]-0.001553*delta[1]+0.000079*delta[2],-0.314373-0.000813*delta[0]-0.001264*delta[1]+0.000098*delta[2],-0.113887-0.000238*delta[0]-0.000514*delta[1]-0.000071*delta[2],-0.049493-0.000109*delta[0]-0.000195*delta[1]+0.000012*delta[2],-0.013743-0.000025*delta[0]-0.000049*delta[1]+0.000002*delta[2],-0.014614-0.000037*delta[0]-0.000062*delta[1]+0.000001*delta[2],-0.014748-0.000026*delta[0]-0.000061*delta[1]+0.000001*delta[2],-0.013954-0.000039*delta[0]-0.000047*delta[1]+0.000003*delta[2],-0.012519-0.000026*delta[0]-0.000057*delta[1]+0.000009*delta[2],-0.219378-0.000573*delta[0]-0.000912*delta[1]-0.000062*delta[2],-0.162443-0.000314*delta[0]-0.000631*delta[1]+0.000152*delta[2],-0.071710-0.000147*delta[0]-0.000236*delta[1]-0.000039*delta[2],-0.036468-0.000059*delta[0]-0.000140*delta[1]-0.000011*delta[2],-0.020211-0.000053*delta[0]-0.000092*delta[1]-0.000003*delta[2],-0.022135-0.000043*delta[0]-0.000075*delta[1]-0.000001*delta[2],-0.021715-0.000041*delta[0]-0.000093*delta[1]+0.000014*delta[2],-0.019976-0.000054*delta[0]-0.000076*delta[1]+0.000009*delta[2],-0.016787-0.000031*delta[0]-0.000058*delta[1]+0.000002*delta[2]
-0.061850-0.000136*delta[0]-0.000214*delta[1]+0.000045*delta[2],-0.099339-0.000232*delta[0]-0.000423*delta[1]+0.000016*delta[2],-0.073428-0.000147*delta[0]-0.000284*delta[1]+0.000010*delta[2],-0.019021-0.000033*delta[0]-0.000083*delta[1]+0.000006*delta[2],-0.036156-0.000064*delta[0]-0.000127*delta[1]-0.000031*delta[2],-0.092986-0.000148*delta[0]-0.000398*delta[1]+0.000015*delta[2],-0.564359-0.001092*delta[0]-0.001963*delta[1]-0.000459*delta[2],-11.364669-0.012115*delta[0]-0.041044*delta[1]+0.002458*delta[2],-0.258076-0.000401*delta[0]-0.001080*delta[1]+0.000060*delta[2],-0.026133-0.000049*delta[0]-0.000080*delta[1]+0.000008*delta[2],-0.071124-0.000161*delta[0]-0.000263*delta[1]-0.000035*delta[2],-0.104429-0.000230*delta[0]-0.000365*delta[1]-0.000009*delta[2],-0.107115-0.000157*delta[0]-0.000404*delta[1]+0.000073*delta[2],-0.075172-0.000172*delta[0]-0.000319*delta[1]+0.000033*delta[2],-0.023120-0.000045*delta[0]-0.000096*delta[1]+0.000006*delta[2],-0.027007-0.000041*delta[0]-0.000122*delta[1]+0.000004*delta[2],-0.028866-0.000073*delta[0]-0.000101*delta[1]-0.000002*delta[2],-0.011351-0.000025*delta[0]-0.000042*delta[1]-0.000003*delta[2],-0.012795-0.000024*delta[0]-0.000046*delta[1]+0.000003*delta[2],-0.013723-0.000017*delta[0]-0.000054*delta[1]-0.000003*delta[2],-0.013860-0.000029*delta[0]-0.000051*delta[1]+0.000007*delta[2],-0.045625-0.000115*delta[0]-0.000182*delta[1]-0.000003*delta[2],-0.088033-0.000220*delta[0]-0.000325*delta[1]+0.000006*delta[2],-0.216423-0.000399*delta[0]-0.000879*delta[1]+0.000160*delta[2],-0.028336-0.000036*delta[0]-0.000102*delta[1]+0.000014*delta[2],-0.011484-0.000025*delta[0]-0.000042*delta[1]+0.000011*delta[2],-0.014188-0.000030*delta[0]-0.000056*delta[1]+0.000010*delta[2],-0.018765-0.000037*delta[0]-0.000064*delta[1]-0.000004*delta[2],-0.009720-0.000024*delta[0]-0.000037*delta[1]-0.000005*delta[2],-0.010712-0.000029*delta[0]-0.000043*delta[1]+0.000002*delta[2],-0.011238-0.000017*delta[0]-0.000041*delta[1]+0.000011*delta[2],-0.027014-0.000060*delta[0]-0.000098*delta[1]-0.000004*delta[2],-0.043640-0.000045*delta[0]-0.000185*delta[1]+0.000008*delta[2],-0.072115-0.000144*delta[0]-0.000283*delta[1]+0.000030*delta[2],-0.106082-0.000302*delta[0]-0.000378*delta[1]+0.000090*delta[2],-0.109339-0.000168*delta[0]-0.000402*delta[1]+0.000065*delta[2],-0.009758-0.000018*delta[0]-0.000035*delta[1]+0.000002*delta[2],-0.011281-0.000021*delta[0]-0.000044*delta[1]+0.000008*delta[2],-0.012775-0.000033*delta[0]-0.000048*delta[1]+0.000003*delta[2],-0.013705-0.000023*delta[0]-0.000049*delta[1]+0.000019*delta[2],-0.014023-0.000021*delta[0]-0.000049*delta[1]+0.000011*delta[2],-0.024273-0.000043*delta[0]-0.000107*delta[1]+0.000022*delta[2],-0.043935-0.000079*delta[0]-0.000184*delta[1]-0.000024*delta[2],-0.050374-0.000108*delta[0]-0.000224*delta[1]-0.000004*delta[2],-0.046861-0.000081*delta[0]-0.000177*delta[1]-0.000017*delta[2],-0.010901-0.000017*delta[0]-0.000038*delta[1]+0.000007*delta[2],-0.012754-0.000035*delta[0]-0.000051*delta[1]+0.000000*delta[2],-0.014255-0.000027*delta[0]-0.000059*delta[1]+0.000009*delta[2],-0.015437-0.000023*delta[0]-0.000062*delta[1]-0.000011*delta[2],-0.015425-0.000018*delta[0]-0.000063*delta[1]-0.000008*delta[2]
-0.064097-0.000078*delta[0]-0.000287*delta[1]+0.000046*delta[2],-0.105484-0.000209*delta[0]-0.000457*delta[1]+0.000045*delta[2],-0.077183-0.000109*delta[0]-0.000272*delta[1]+0.000042*delta[2],-0.018803-0.000038*delta[0]-0.000080*delta[1]+0.000015*delta[2],-0.035399-0.000052*delta[0]-0.000150*delta[1]-0.000003*delta[2],-0.091722-0.000156*delta[0]-0.000336*delta[1]+0.000006*delta[2],-0.557027-0.001324*delta[0]-0.002092*delta[1]-0.000040*delta[2],-10.504226-0.023559*delta[0]-0.043876*delta[1]+0.003118*delta[2],-0.265959-0.000358*delta[0]-0.000912*delta[1]+0.000155*delta[2],-0.026252-0.000028*delta[0]-0.000090*delta[1]+0.000023*delta[2],-0.072203-0.000124*delta[0]-0.000314*delta[1]+0.000010*delta[2],-0.107448-0.000249*delta[0]-0.000359*delta[1]+0.000029*delta[2],-0.110800-0.000245*delta[0]-0.000330*delta[1]-0.000001*delta[2],-0.076971-0.000211*delta[0]-0.000324*delta[1]+0.000025*delta[2],-0.023186-0.000039*delta[0]-0.000108*delta[1]+0.000014*delta[2],-0.027352-0.000037*delta[0]-0.000111*delta[1]+0.000010*delta[2],-0.029188-0.000069*delta[0]-0.000104*delta[1]+0.000023*delta[2],-0.011350-0.000029*delta[0]-0.000046*delta[1]+0.000004*delta[2],-0.012793-0.000018*delta[0]-0.000040*delta[1]+0.000008*delta[2],-0.013734-0.000028*delta[0]-0.000049*delta[1]+0.000004*delta[2],-0.013890-0.000034*delta[0]-0.000062*delta[1]+0.000017*delta[2],-0.044832-0.000059*delta[0]-0.000179*delta[1]+0.000013*delta[2],-0.085167-0.000116*delta[0]-0.000380*delta[1]+0.000018*delta[2],-0.202397-0.000191*delta[0]-0.000849*delta[1]+0.000118*delta[2],-0.028375-0.000073*delta[0]-0.000120*delta[1]+0.000005*delta[2],-0.011487-0.000022*delta[0]-0.000035*delta[1]+0.000004*delta[2],-0.014180-0.000042*delta[0]-0.000059*delta[1]+0.000010*delta[2],-0.018741-0.000037*delta[0]-0.000073*delta[1]+0.000006*delta[2],-0.009716-0.000021*delta[0]-0.000040*delta[1]+0.000007*delta[2],-0.010691-0.000013*delta[0]-0.000044*delta[1]+0.000010*delta[2],-0.011188-0.000028*delta[0]-0.000048*delta[1]+0.000005*delta[2],-0.026500-0.000047*delta[0]-0.000105*delta[1]+0.000021*delta[2],-0.042089-0.000088*delta[0]-0.000185*delta[1]-0.000003*delta[2],-0.068385-0.000127*delta[0]-0.000253*delta[1]+0.000026*delta[2],-0.098295-0.000206*delta[0]-0.000382*delta[1]+0.000031*delta[2],-0.101888-0.000175*delta[0]-0.000306*delta[1]+0.000068*delta[2],-0.009668-0.000018*delta[0]-0.000045*delta[1]+0.000002*delta[2],-0.011235-0.000027*delta[0]-0.000049*delta[1]+0.000004*delta[2],-0.012684-0.000033*delta[0]-0.000047*delta[1]-0.000002*delta[2],-0.013625-0.000030*delta[0]-0.000045*delta[1]+0.000004*delta[2],-0.013908-0.000038*delta[0]-0.000053*delta[1]+0.000010*delta[2],-0.023558-0.000020*delta[0]-0.000099*delta[1]+0.000004*delta[2],-0.041892-0.000099*delta[0]-0.000139*delta[1]-0.000005*delta[2],-0.047832-0.000054*delta[0]-0.000146*delta[1]+0.000032*delta[2],-0.044954-0.000064*delta[0]-0.000176*delta[1]+0.000022*delta[2],-0.010793-0.000014*delta[0]-0.000044*delta[1]+0.000000*delta[2],-0.012560-0.000019*delta[0]-0.000046*delta[1]-0.000001*delta[2],-0.014062-0.000023*delta[0]-0.000056*delta[1]-0.000003*delta[2],-0.015159-0.000035*delta[0]-0.000063*delta[1]-0.000007*delta[2],-0.015216-0.000035*delta[0]-0.000063*delta[1]+0.000011*delta[2]
-0.028966-0.000070*delta[0]-0.000107*delta[1]-0.000023*delta[2],-0.021763-0.000046*delta[0]-0.000072*delta[1]+0.000000*delta[2],-0.017177-0.000044*delta[0]-0.000069*delta[1]-0.000000*delta[2],-0.063877-0.000184*delta[0]-0.000249*delta[1]-0.000015*delta[2],-0.098602-0.000266*delta[0]-0.000429*delta[1]-0.000119*delta[2],-0.108613-0.000286*delta[0]-0.000489*delta[1]-0.000086*delta[2],-0.082644-0.000167*delta[0]-0.000325*delta[1]-0.000050*delta[2],-0.050382-0.000109*delta[0]-0.000208*delta[1]-0.000017*delta[2],-0.030648-0.000075*delta[0]-0.000127*delta[1]-0.000009*delta[2],-0.032032-0.000086*delta[0]-0.000140*delta[1]+0.000002*delta[2],-0.038483-0.000122*delta[0]-0.000181*delta[1]-0.000031*delta[2],-0.033039-0.000097*delta[0]-0.000124*delta[1]-0.000030*delta[2],-0.025773-0.000061*delta[0]-0.000098*delta[1]+0.000000*delta[2],-0.019368-0.000039*delta[0]-0.000083*delta[1]-0.000012*delta[2],-0.018298-0.000041*delta[0]-0.000071*delta[1]-0.000024*delta[2],-0.017591-0.000049*delta[0]-0.000068*delta[1]-0.000015*delta[2],-0.015875-0.000047*delta[0]-0.000075*delta[1]-0.000007*delta[2],-0.011357-0.000028*delta[0]-0.000044*delta[1]-0.000002*delta[2],-0.011490-0.000030*delta[0]-0.000053*delta[1]-0.000004*delta[2],-0.011005-0.000019*delta[0]-0.000042*delta[1]+0.000008*delta[2],-0.010122-0.000021*delta[0]-0.000045*delta[1]+0.000000*delta[2],-0.155680-0.000469*delta[0]-0.000666*delta[1]-0.000105*delta[2],-0.184695-0.000427*delta[0]-0.000771*delta[1]-0.000069*delta[2],-0.058371-0.000118*delta[0]-0.000240*delta[1]+0.000045*delta[2],-0.064707-0.000192*delta[0]-0.000273*delta[1]-0.000050*delta[2],-0.014419-0.000029*delta[0]-0.000063*delta[1]-0.000013*delta[2],-0.016474-0.000050*delta[0]-0.000065*delta[1]-0.000005*delta[2],-0.012738-0.000021*delta[0]-0.000050*delta[1]-0.000011*delta[2],-0.010554-0.000023*delta[0]-0.000031*delta[1]-0.000002*delta[2],-0.010610-0.000033*delta[0]-0.000037*delta[1]-0.000004*delta[2],-0.010111-0.000020*delta[0]-0.000045*delta[1]-0.000002*delta[2],-0.171123-0.000382*delta[0]-0.000647*delta[1]+0.000040*delta[2],-2.794189-0.005456*delta[0]-0.013073*delta[1]-0.002731*delta[2],-1.459902-0.004407*delta[0]-0.005599*delta[1]-0.000631*delta[2],-0.141878-0.000299*delta[0]-0.000506*delta[1]-0.000019*delta[2],-0.048824-0.000124*delta[0]-0.000182*delta[1]-0.000023*delta[2],-0.013596-0.000043*delta[0]-0.000056*delta[1]-0.000012*delta[2],-0.014564-0.000050*delta[0]-0.000054*delta[1]-0.000006*delta[2],-0.014881-0.000022*delta[0]-0.000054*delta[1]-0.000002*delta[2],-0.014130-0.000035*delta[0]-0.000048*delta[1]-0.000012*delta[2],-0.012778-0.000030*delta[0]-0.000046*delta[1]-0.000007*delta[2],-0.136574-0.000174*delta[0]-0.000603*delta[1]+0.000014*delta[2],-0.132086-0.000262*delta[0]-0.000467*delta[1]+0.000005*delta[2],-0.070612-0.000128*delta[0]-0.000325*delta[1]-0.000042*delta[2],-0.038125-0.000076*delta[0]-0.000146*delta[1]-0.000017*delta[2],-0.018428-0.000053*delta[0]-0.000065*delta[1]-0.000021*delta[2],-0.020100-0.000048*delta[0]-0.000079*delta[1]+0.000001*delta[2],-0.019970-0.000049*delta[0]-0.000071*delta[1]+0.000005*delta[2],-0.018672-0.000052*delta[0]-0.000070*delta[1]-0.000014*delta[2],-0.016049-0.000034*delta[0]-0.000065*delta[1]-0.000010*delta[2]
-0.040301-0.000102*delta[0]-0.000142*delta[1]-0.000015*delta[2],-0.021618-0.000039*delta[0]-0.000099*delta[1]+0.000005*delta[2],-0.015474-0.000041*delta[0]-0.000073*delta[1]-0.000004*delta[2],-0.323600-0.000775*delta[0]-0.001268*delta[1]-0.000003*delta[2],-0.423928-0.000647*delta[0]-0.002106*delta[1]-0.000165*delta[2],-0.167517-0.000389*delta[0]-0.000777*delta[1]+0.000037*delta[2],-0.067977-0.000102*delta[0]-0.000235*delta[1]-0.000080*delta[2],-0.033624-0.000086*delta[0]-0.000100*delta[1]+0.000005*delta[2],-0.019674-0.000031*delta[0]-0.000077*delta[1]+0.000004*delta[2],-0.061198-0.000098*delta[0]-0.000281*delta[1]-0.000070*delta[2],-0.048173-0.000096*delta[0]-0.000207*delta[1]-0.000027*delta[2],-0.033298-0.000064*delta[0]-0.000119*delta[1]-0.000011*delta[2],-0.022801-0.000054*delta[0]-0.000088*delta[1]+0.000010*delta[2],-0.015930-0.000027*delta[0]-0.000045*delta[1]+0.000001*delta[2],-0.020782-0.000065*delta[0]-0.000092*delta[1]-0.000012*delta[2],-0.018195-0.000040*delta[0]-0.000073*delta[1]-0.000007*delta[2],-0.015092-0.000042*delta[0]-0.000065*delta[1]-0.000013*delta[2],-0.012043-0.000030*delta[0]-0.000046*delta[1]-0.000004*delta[2],-0.011597-0.000022*delta[0]-0.000045*delta[1]-0.000003*delta[2],-0.010550-0.000018*delta[0]-0.000044*delta[1]-0.000001*delta[2],-0.009317-0.000023*delta[0]-0.000042*delta[1]-0.000002*delta[2],-0.324384-0.000800*delta[0]-0.001011*delta[1]+0.000198*delta[2],-0.145302-0.000389*delta[0]-0.000573*delta[1]-0.000030*delta[2],-0.032094-0.000086*delta[0]-0.000124*delta[1]+0.000016*delta[2],-0.223220-0.000398*delta[0]-0.000920*delta[1]+0.000069*delta[2],-0.016833-0.000030*delta[0]-0.000070*delta[1]-0.000001*delta[2],-0.017791-0.000035*delta[0]-0.000058*delta[1]-0.000007*delta[2],-0.010706-0.000015*delta[0]-0.000042*delta[1]-0.000002*delta[2],-0.010754-0.000025*delta[0]-0.000044*delta[1]-0.000010*delta[2],-0.010312-0.000018*delta[0]-0.000041*delta[1]+0.000011*delta[2],-0.009380-0.000025*delta[0]-0.000042*delta[1]-0.000003*delta[2],-0.340233-0.000656*delta[0]-0.001420*delta[1]+0.000002*delta[2],-0.279326-0.000520*delta[0]-0.001147*delta[1]-0.000029*delta[2],-0.114880-0.000234*delta[0]-0.000532*delta[1]-0.000034*delta[2],-0.052290-0.000124*delta[0]-0.000192*delta[1]-0.000006*delta[2],-0.028218-0.000072*delta[0]-0.000128*delta[1]-0.000018*delta[2],-0.013941-0.000036*delta[0]-0.000050*delta[1]-0.000004*delta[2],-0.013978-0.000023*delta[0]-0.000050*delta[1]+0.000007*delta[2],-0.013461-0.000028*delta[0]-0.000056*delta[1]+0.000005*delta[2],-0.012103-0.000019*delta[0]-0.000051*delta[1]+0.000000*delta[2],-0.010538-0.000027*delta[0]-0.000047*delta[1]-0.000003*delta[2],-0.083136-0.000127*delta[0]-0.000301*delta[1]-0.000007*delta[2],-0.046836-0.000112*delta[0]-0.000203*delta[1]-0.000006*delta[2],-0.030613-0.000082*delta[0]-0.000127*delta[1]-0.000018*delta[2],-0.020237-0.000042*delta[0]-0.000083*delta[1]+0.000019*delta[2],-0.017381-0.000021*delta[0]-0.000076*delta[1]-0.000002*delta[2],-0.017314-0.000046*delta[0]-0.000052*delta[1]+0.000004*delta[2],-0.015883-0.000038*delta[0]-0.000072*delta[1]-0.000002*delta[2],-0.014115-0.000038*delta[0]-0.000055*delta[1]+0.000003*delta[2],-0.011816-0.000028*delta[0]-0.000047*delta[1]+0.000003*delta[2]
-0.025395-0.000027*delta[0]-0.000118*delta[1]+0.000003*delta[2],-0.028456-0.000076*delta[0]-0.000091*delta[1]-0.000001*delta[2],-0.025323-0.000069*delta[0]-0.000087*delta[1]+0.000025*delta[2],-0.026032-0.000061*delta[0]-0.000117*delta[1]+0.000014*delta[2],-0.041659-0.000106*delta[0]-0.000132*delta[1]+0.000018*delta[2],-0.067104-0.000172*delta[0]-0.000277*delta[1]+0.000025*delta[2],-0.100141-0.000169*delta[0]-0.000441*delta[1]+0.000048*delta[2],-0.103378-0.000206*delta[0]-0.000369*delta[1]+0.000060*delta[2],-0.073564-0.000142*delta[0]-0.000286*delta[1]+0.000003*delta[2],-0.019495-0.000035*delta[0]-0.000082*delta[1]+0.000012*delta[2],-0.033194-0.000093*delta[0]-0.000137*delta[1]+0.000025*delta[2],-0.037573-0.000103*delta[0]-0.000159*delta[1]+0.000020*delta[2],-0.036829-0.000093*delta[0]-0.000178*delta[1]-0.000025*delta[2],-0.031378-0.000033*delta[0]-0.000117*delta[1]+0.000018*delta[2],-0.016291-0.000033*delta[0]-0.000068*delta[1]-0.000000*delta[2],-0.018029-0.000023*delta[0]-0.000074*delta[1]+0.000005*delta[2],-0.018564-0.000038*delta[0]-0.000064*delta[1]+0.000017*delta[2],-0.010068-0.000019*delta[0]-0.000034*delta[1]+0.000008*delta[2],-0.011065-0.000021*delta[0]-0.000048*delta[1]+0.000003*delta[2],-0.011593-0.000019*delta[0]-0.000045*delta[1]+0.000001*delta[2],-0.011519-0.000027*delta[0]-0.000047*delta[1]+0.000009*delta[2],-0.051298-0.000120*delta[0]-0.000189*delta[1]-0.000018*delta[2],-0.101857-0.000186*delta[0]-0.000419*delta[1]+0.000024*delta[2],-0.187633-0.000399*delta[0]-0.000649*delta[1]+0.000044*delta[2],-0.026453-0.000047*delta[0]-0.000091*delta[1]+0.000008*delta[2],-0.010885-0.000023*delta[0]-0.000040*delta[1]+0.000002*delta[2],-0.013268-0.000027*delta[0]-0.000054*delta[1]+0.000007*delta[2],-0.016286-0.000022*delta[0]-0.000068*delta[1]+0.000009*delta[2],-0.009366-0.000014*delta[0]-0.000034*delta[1]+0.000009*delta[2],-0.010216-0.000015*delta[0]-0.000040*delta[1]+0.000006*delta[2],-0.010530-0.000017*delta[0]-0.000044*delta[1]+0.000003*delta[2],-0.025328-0.000057*delta[0]-0.000104*delta[1]+0.000012*delta[2],-0.057147-0.000064*delta[0]-0.000217*delta[1]+0.000023*delta[2],-0.210584-0.000262*delta[0]-0.000844*delta[1]-0.000048*delta[2],-16.045609-0.035227*delta[0]-0.061652*delta[1]+0.001837*delta[2],-0.695827-0.001229*delta[0]-0.002249*delta[1]-0.000159*delta[2],-0.010649-0.000017*delta[0]-0.000047*delta[1]+0.000003*delta[2],-0.012356-0.000023*delta[0]-0.000062*delta[1]+0.000006*delta[2],-0.013875-0.000030*delta[0]-0.000048*delta[1]+0.000003*delta[2],-0.014793-0.000028*delta[0]-0.000064*delta[1]+0.000005*delta[2],-0.014853-0.000025*delta[0]-0.000049*delta[1]+0.000007*delta[2],-0.043459-0.000086*delta[0]-0.000227*delta[1]+0.000007*delta[2],-0.151993-0.000381*delta[0]-0.000640*delta[1]-0.000053*delta[2],-0.192522-0.000334*delta[0]-0.000742*delta[1]+0.000064*delta[2],-0.122711-0.000247*delta[0]-0.000451*delta[1]+0.000027*delta[2],-0.013621-0.000025*delta[0]-0.000055*delta[1]-0.000004*delta[2],-0.016457-0.000032*delta[0]-0.000061*delta[1]+0.000004*delta[2],-0.018717-0.000031*delta[0]-0.000059*delta[1]+0.000002*delta[2],-0.020333-0.000052*delta[0]-0.000083*delta[1]+0.000018*delta[2],-0.019952-0.000050*delta[0]-0.000084*delta[1]-0.000013*delta[2]
-0.026616-0.000058*delta[0]-0.000120*delta[1]-0.000002*delta[2],-0.018444-0.000052*delta[0]-0.000080*delta[1]+0.000002*delta[2],-0.014381-0.000039*delta[0]-0.000065*delta[1]+0.000011*delta[2],-0.084787-0.000100*delta[0]-0.000379*delta[1]-0.000008*delta[2],-0.110123-0.000167*delta[0]-0.000475*delta[1]-0.000065*delta[2],-0.093817-0.000182*delta[0]-0.000436*delta[1]-0.000071*delta[2],-0.061369-0.000094*delta[0]-0.000278*delta[1]-0.000015*delta[2],-0.036924-0.000068*delta[0]-0.000165*delta[1]-0.000025*delta[2],-0.023302-0.000057*delta[0]-0.000093*delta[1]-0.000006*delta[2],-0.033643-0.000070*delta[0]-0.000148*delta[1]+0.000019*delta[2],-0.033564-0.000064*delta[0]-0.000145*delta[1]-0.000007*delta[2],-0.027278-0.000041*delta[0]-0.000125*delta[1]-0.000003*delta[2],-0.020926-0.000055*delta[0]-0.000087*delta[1]-0.000008*delta[2],-0.015729-0.000021*delta[0]-0.000064*delta[1]+0.000001*delta[2],-0.016843-0.000043*delta[0]-0.000075*delta[1]-0.000013*delta[2],-0.015629-0.000038*delta[0]-0.000073*delta[1]+0.000004*delta[2],-0.013773-0.000029*delta[0]-0.000060*delta[1]-0.000004*delta[2],-0.010762-0.000019*delta[0]-0.000040*delta[1]+0.000001*delta[2],-0.010620-0.000027*delta[0]-0.000041*delta[1]-0.000005*delta[2],-0.009960-0.000013*delta[0]-0.000043*delta[1]-0.000003*delta[2],-0.009007-0.000024*delta[0]-0.000035*delta[1]-0.000005*delta[2],-0.207265-0.000536*delta[0]-0.000827*delta[1]-0.000056*delta[2],-0.157351-0.000500*delta[0]-0.000733*delta[1]+0.000008*delta[2],-0.041122-0.000091*delta[0]-0.000123*delta[1]+0.000018*delta[2],-0.077494-0.000208*delta[0]-0.000347*delta[1]+0.000032*delta[2],-0.014381-0.000039*delta[0]-0.000064*delta[1]-0.000007*delta[2],-0.015715-0.000016*delta[0]-0.000070*delta[1]+0.000011*delta[2],-0.010932-0.000028*delta[0]-0.000050*delta[1]+0.000004*delta[2],-0.010023-0.000022*delta[0]-0.000042*delta[1]-0.000004*delta[2],-0.009872-0.000023*delta[0]-0.000042*delta[1]-0.000008*delta[2],-0.009197-0.000022*delta[0]-0.000036*delta[1]-0.000005*delta[2],-0.501626-0.001154*delta[0]-0.002416*delta[1]+0.000216*delta[2],-19.635853-0.046335*delta[0]-0.087992*delta[1]-0.002490*delta[2],-0.246102-0.000393*delta[0]-0.001096*delta[1]-0.000106*delta[2],-0.065028-0.000160*delta[0]-0.000290*delta[1]+0.000020*delta[2],-0.031417-0.000051*delta[0]-0.000146*delta[1]+0.000023*delta[2],-0.013367-0.000035*delta[0]-0.000042*delta[1]-0.000004*delta[2],-0.013846-0.000022*delta[0]-0.000062*delta[1]+0.000001*delta[2],-0.013641-0.000032*delta[0]-0.000055*delta[1]-0.000000*delta[2],-0.012579-0.000024*delta[0]-0.000050*delta[1]+0.000005*delta[2],-0.011152-0.000025*delta[0]-0.000051*delta[1]-0.000004*delta[2],-0.150071-0.000337*delta[0]-0.000641*delta[1]+0.000083*delta[2],-0.082200-0.000129*delta[0]-0.000337*delta[1]-0.000034*delta[2],-0.046054-0.000114*delta[0]-0.000222*delta[1]-0.000006*delta[2],-0.027210-0.000054*delta[0]-0.000119*delta[1]-0.000001*delta[2],-0.018241-0.000039*delta[0]-0.000083*delta[1]-0.000018*delta[2],-0.018943-0.000046*delta[0]-0.000069*delta[1]+0.000010*delta[2],-0.017959-0.000019*delta[0]-0.000082*delta[1]-0.000001*delta[2],-0.016223-0.000035*delta[0]-0.000067*delta[1]-0.000001*delta[2],-0.013626-0.000028*delta[0]-0.000049*delta[1]-0.000003*delta[2]
-0.026832-0.000064*delta[0]-0.000105*delta[1]-0.000000*delta[2],-0.026176-0.000063*delta[0]-0.000110*delta[1]-0.000005*delta[2],-0.022158-0.000057*delta[0]-0.000089*delta[1]-0.000001*delta[2],-0.034270-0.000068*delta[0]-0.000150*delta[1]-0.000016*delta[2],-0.055906-0.000086*delta[0]-0.000236*delta[1]-0.000019*delta[2],-0.085966-0.000213*delta[0]-0.000329*delta[1]+0.000019*delta[2],-0.106610-0.000197*delta[0]-0.000414*delta[1]-0.000021*delta[2],-0.085865-0.000216*delta[0]-0.000364*delta[1]+0.000004*delta[2],-0.054533-0.000085*delta[0]-0.000236*delta[1]-0.000059*delta[2],-0.022600-0.000053*delta[0]-0.000094*delta[1]+0.000001*delta[2],-0.035138-0.000073*delta[0]-0.000153*delta[1]-0.000015*delta[2],-0.036290-0.000099*delta[0]-0.000135*delta[1]-0.000035*delta[2],-0.032672-0.000067*delta[0]-0.000139*delta[1]-0.000001*delta[2],-0.026251-0.000054*delta[0]-0.000115*delta[1]-0.000015*delta[2],-0.016712-0.000034*delta[0]-0.000068*delta[1]-0.000000*delta[2],-0.017639-0.000032*delta[0]-0.000075*delta[1]-0.000002*delta[2],-0.017354-0.000041*delta[0]-0.000094*delta[1]-0.000012*delta[2],-0.010306-0.000017*delta[0]-0.000049*delta[1]-0.000010*delta[2],-0.011041-0.000018*delta[0]-0.000052*delta[1]+0.000007*delta[2],-0.011169-0.000022*delta[0]-0.000052*delta[1]-0.000006*delta[2],-0.010854-0.000025*delta[0]-0.000046*delta[1]+0.000004*delta[2],-0.077857-0.000235*delta[0]-0.000280*delta[1]-0.000054*delta[2],-0.157690-0.000288*delta[0]-0.000825*delta[1]-0.000092*delta[2],-0.139282-0.000327*delta[0]-0.000664*delta[1]-0.000078*delta[2],-0.034542-0.000065*delta[0]-0.000169*delta[1]+0.000001*delta[2],-0.011726-0.000028*delta[0]-0.000053*delta[1]+0.000003*delta[2],-0.014009-0.000030*delta[0]-0.000064*delta[1]+0.000001*delta[2],-0.014761-0.000032*delta[0]-0.000052*delta[1]+0.000001*delta[2],-0.009625-0.000020*delta[0]-0.000044*delta[1]-0.000006*delta[2],-0.010183-0.000022*delta[0]-0.000041*delta[1]+0.000003*delta[2],-0.010194-0.000028*delta[0]-0.000038*delta[1]-0.000002*delta[2],-0.032781-0.000098*delta[0]-0.000119*delta[1]-0.000008*delta[2],-0.095302-0.000154*delta[0]-0.000422*delta[1]-0.000063*delta[2],-1.045940-0.001858*delta[0]-0.004010*delta[1]-0.000235*delta[2],-11.567290-0.019489*delta[0]-0.054774*delta[1]-0.002208*delta[2],-0.181155-0.000543*delta[0]-0.000757*delta[1]-0.000093*delta[2],-0.011349-0.000027*delta[0]-0.000050*delta[1]-0.000006*delta[2],-0.012814-0.000040*delta[0]-0.000047*delta[1]-0.000010*delta[2],-0.013993-0.000026*delta[0]-0.000072*delta[1]+0.000002*delta[2],-0.014306-0.000034*delta[0]-0.000053*delta[1]-0.000001*delta[2],-0.013861-0.000019*delta[0]-0.000068*delta[1]-0.000004*delta[2],-0.061108-0.000089*delta[0]-0.000304*delta[1]-0.000020*delta[2],-0.168486-0.000334*delta[0]-0.000708*delta[1]-0.000133*delta[2],-0.141793-0.000409*delta[0]-0.000576*delta[1]-0.000097*delta[2],-0.078422-0.000134*delta[0]-0.000361*delta[1]-0.000084*delta[2],-0.014823-0.000039*delta[0]-0.000065*delta[1]+0.000002*delta[2],-0.017358-0.000023*delta[0]-0.000082*delta[1]+0.000001*delta[2],-0.018959-0.000039*delta[0]-0.000085*delta[1]-0.000011*delta[2],-0.019546-0.000055*delta[0]-0.000091*delta[1]-0.000009*delta[2],-0.018285-0.000036*delta[0]-0.000072*delta[1]-0.000012*delta[2]
-0.022540-0.000058*delta[0]-0.000092*delta[1]-0.000008*delta[2],-0.028798-0.000064*delta[0]-0.000121*delta[1]-0.000004*delta[2],-0.027403-0.000040*delta[0]-0.000120*delta[1]-0.000005*delta[2],-0.020072-0.000036*delta[0]-0.000105*delta[1]-0.000001*delta[2],-0.031075-0.000045*delta[0]-0.000137*delta[1]-0.000019*delta[2],-0.050242-0.000099*delta[0]-0.000255*delta[1]+0.000010*delta[2],-0.081854-0.000058*delta[0]-0.000306*delta[1]-0.000015*delta[2],-0.107152-0.000241*delta[0]-0.000425*delta[1]+0.000021*delta[2],-0.094554-0.000168*delta[0]-0.000362*delta[1]+0.000075*delta[2],-0.016148-0.000020*delta[0]-0.000068*delta[1]+0.000001*delta[2],-0.028573-0.000054*delta[0]-0.000109*delta[1]+0.000000*delta[2],-0.034707-0.000079*delta[0]-0.000138*delta[1]+0.000009*delta[2],-0.037498-0.000064*delta[0]-0.000133*delta[1]-0.000003*delta[2],-0.034727-0.000067*delta[0]-0.000113*delta[1]-0.000012*delta[2],-0.014852-0.000024*delta[0]-0.000061*delta[1]-0.000002*delta[2],-0.016930-0.000048*delta[0]-0.000056*delta[1]+0.000003*delta[2],-0.018259-0.000032*delta[0]-0.000077*delta[1]+0.000005*delta[2],-0.009285-0.000024*delta[0]-0.000039*delta[1]-0.000006*delta[2],-0.010414-0.000020*delta[0]-0.000048*delta[1]-0.000002*delta[2],-0.011228-0.000015*delta[0]-0.000043*delta[1]-0.000000*delta[2],-0.011530-0.000029*delta[0]-0.000052*delta[1]+0.000003*delta[2],-0.036184-0.000035*delta[0]-0.000141*delta[1]+0.000014*delta[2],-0.069186-0.000110*delta[0]-0.000287*delta[1]+0.000024*delta[2],-0.226330-0.000640*delta[0]-0.000840*delta[1]-0.000115*delta[2],-0.020264-0.000033*delta[0]-0.000087*delta[1]+0.000008*delta[2],-0.009599-0.000012*delta[0]-0.000046*delta[1]+0.000003*delta[2],-0.011866-0.000030*delta[0]-0.000053*delta[1]-0.000007*delta[2],-0.016692-0.000034*delta[0]-0.000076*delta[1]-0.000006*delta[2],-0.008665-0.000019*delta[0]-0.000036*delta[1]-0.000003*delta[2],-0.009597-0.000015*delta[0]-0.000046*delta[1]+0.000006*delta[2],-0.010168-0.000023*delta[0]-0.000039*delta[1]+0.000005*delta[2],-0.017556-0.000031*delta[0]-0.000073*delta[1]+0.000000*delta[2],-0.033158-0.000037*delta[0]-0.000115*delta[1]-0.000010*delta[2],-0.068498-0.000083*delta[0]-0.000263*delta[1]-0.000052*delta[2],-0.479513-0.000854*delta[0]-0.002040*delta[1]-0.000137*delta[2],-14.935964-0.036603*delta[0]-0.058625*delta[1]+0.003434*delta[2],-0.009480-0.000018*delta[0]-0.000037*delta[1]+0.000004*delta[2],-0.011144-0.000024*delta[0]-0.000039*delta[1]-0.000006*delta[2],-0.012773-0.000022*delta[0]-0.000049*delta[1]+0.000008*delta[2],-0.014003-0.000025*delta[0]-0.000062*delta[1]-0.000001*delta[2],-0.014645-0.000035*delta[0]-0.000067*delta[1]+0.000006*delta[2],-0.030679-0.000064*delta[0]-0.000122*delta[1]-0.000025*delta[2],-0.101309-0.000185*delta[0]-0.000437*delta[1]+0.000078*delta[2],-0.171791-0.000232*delta[0]-0.000851*delta[1]-0.000002*delta[2],-0.162862-0.000302*delta[0]-0.000787*delta[1]-0.000064*delta[2],-0.011813-0.000021*delta[0]-0.000046*delta[1]+0.000003*delta[2],-0.014466-0.000019*delta[0]-0.000060*delta[1]+0.000001*delta[2],-0.016928-0.000016*delta[0]-0.000073*delta[1]+0.000004*delta[2],-0.019204-0.000044*delta[0]-0.000084*delta[1]+0.000001*delta[2],-0.019748-0.000038*delta[0]-0.000084*delta[1]-0.000003*delta[2]
-0.047016-0.000111*delta[0]-0.000161*delta[1]-0.000006*delta[2],-0.020721-0.000052*delta[0]-0.000088*delta[1]-0.000006*delta[2],-0.014316-0.000035*delta[0]-0.000055*delta[1]-0.000002*delta[2],-12.755487-0.032310*delta[0]-0.041340*delta[1]-0.004641*delta[2],-0.621494-0.001607*delta[0]-0.002119*delta[1]-0.000405*delta[2],-0.098999-0.000249*delta[0]-0.000450*delta[1]-0.000005*delta[2],-0.039795-0.000094*delta[0]-0.000163*delta[1]+0.000012*delta[2],-0.021883-0.000059*delta[0]-0.000084*delta[1]+0.000002*delta[2],-0.014179-0.000034*delta[0]-0.000054*delta[1]-0.000007*delta[2],-0.082822-0.000196*delta[0]-0.000325*delta[1]+0.000019*delta[2],-0.047225-0.000122*delta[0]-0.000174*delta[1]-0.000039*delta[2],-0.030346-0.000084*delta[0]-0.000113*delta[1]-0.000015*delta[2],-0.020054-0.000051*delta[0]-0.000078*delta[1]-0.000006*delta[2],-0.013935-0.000034*delta[0]-0.000049*delta[1]-0.000001*delta[2],-0.020322-0.000038*delta[0]-0.000094*delta[1]-0.000013*delta[2],-0.017171-0.000033*delta[0]-0.000068*delta[1]+0.000011*delta[2],-0.013886-0.000047*delta[0]-0.000060*delta[1]-0.000001*delta[2],-0.011407-0.000027*delta[0]-0.000043*delta[1]-0.000000*delta[2],-0.010760-0.000025*delta[0]-0.000039*delta[1]+0.000005*delta[2],-0.009677-0.000023*delta[0]-0.000038*delta[1]+0.000001*delta[2],-0.008466-0.000023*delta[0]-0.000035*delta[1]+0.000004*delta[2],-0.196986-0.000357*delta[0]-0.000811*delta[1]+0.000159*delta[2],-0.087097-0.000192*delta[0]-0.000372*delta[1]+0.000114*delta[2],-0.024282-0.000044*delta[0]-0.000094*delta[1]+0.000009*delta[2],-0.295565-0.000929*delta[0]-0.001228*delta[1]+0.000163*delta[2],-0.016107-0.000026*delta[0]-0.000061*delta[1]+0.000000*delta[2],-0.016325-0.000039*delta[0]-0.000079*delta[1]-0.000008*delta[2],-0.009293-0.000022*delta[0]-0.000039*delta[1]+0.000003*delta[2],-0.009909-0.000015*delta[0]-0.000044*delta[1]-0.000000*delta[2],-0.009354-0.000024*delta[0]-0.000032*delta[1]+0.000002*delta[2],-0.008432-0.000022*delta[0]-0.000029*delta[1]+0.000002*delta[2],-0.117402-0.000293*delta[0]-0.000414*delta[1]-0.000007*delta[2],-0.088533-0.000221*delta[0]-0.000355*delta[1]-0.000048*delta[2],-0.054024-0.000147*delta[0]-0.000223*delta[1]+0.000022*delta[2],-0.032615-0.000052*delta[0]-0.000100*delta[1]+0.000003*delta[2],-0.020839-0.000048*delta[0]-0.000093*delta[1]-0.000001*delta[2],-0.012295-0.000026*delta[0]-0.000052*delta[1]-0.000007*delta[2],-0.012017-0.000025*delta[0]-0.000050*delta[1]-0.000000*delta[2],-0.011317-0.000025*delta[0]-0.000043*delta[1]-0.000007*delta[2],-0.010140-0.000033*delta[0]-0.000044*delta[1]-0.000003*delta[2],-0.008889-0.000017*delta[0]-0.000039*delta[1]+0.000002*delta[2],-0.043516-0.000096*delta[0]-0.000171*delta[1]+0.000002*delta[2],-0.027496-0.000050*delta[0]-0.000114*delta[1]+0.000017*delta[2],-0.020187-0.000046*delta[0]-0.000077*delta[1]-0.000013*delta[2],-0.014781-0.000030*delta[0]-0.000061*delta[1]+0.000004*delta[2],-0.014131-0.000040*delta[0]-0.000061*delta[1]-0.000002*delta[2],-0.013700-0.000031*delta[0]-0.000057*delta[1]-0.000001*delta[2],-0.012463-0.000035*delta[0]-0.000042*delta[1]-0.000007*delta[2],-0.011033-0.000026*delta[0]-0.000050*delta[1]+0.000008*delta[2],-0.009384-0.000026*delta[0]-0.000036*delta[1]+0.000001*delta[2]
-0.060085-0.000149*delta[0]-0.000202*delta[1]-0.000021*delta[2],-0.026574-0.000066*delta[0]-0.000127*delta[1]+0.000017*delta[2],-0.017852-0.000036*delta[0]-0.000075*delta[1]-0.000000*delta[2],-0.612692-0.001483*delta[0]-0.002118*delta[1]-0.000498*delta[2],-12.633017-0.021461*delta[0]-0.052122*delta[1]+0.001189*delta[2],-0.244092-0.000601*delta[0]-0.001002*delta[1]+0.000169*delta[2],-0.065191-0.000116*delta[0]-0.000272*delta[1]-0.000056*delta[2],-0.030844-0.000081*delta[0]-0.000123*delta[1]+0.000001*delta[2],-0.018483-0.000043*delta[0]-0.000075*delta[1]-0.000010*delta[2],-0.079659-0.000197*delta[0]-0.000275*delta[1]-0.000024*delta[2],-0.061270-0.000164*delta[0]-0.000298*delta[1]+0.000006*delta[2],-0.039710-0.000089*delta[0]-0.000160*delta[1]-0.000015*delta[2],-0.025678-0.000049*delta[0]-0.000111*delta[1]-0.000004*delta[2],-0.017347-0.000045*delta[0]-0.000066*delta[1]+0.000012*delta[2],-0.022272-0.000037*delta[0]-0.000095*delta[1]-0.000005*delta[2],-0.019464-0.000038*delta[0]-0.000059*delta[1]-0.000002*delta[2],-0.016048-0.000044*delta[0]-0.000071*delta[1]-0.000006*delta[2],-0.011788-0.000024*delta[0]-0.000040*delta[1]+0.000002*delta[2],-0.011382-0.000023*delta[0]-0.000045*delta[1]-0.000006*delta[2],-0.010474-0.000019*delta[0]-0.000037*delta[1]+0.000002*delta[2],-0.009290-0.000015*delta[0]-0.000048*delta[1]+0.000002*delta[2],-0.278126-0.000580*delta[0]-0.001013*delta[1]-0.000036*delta[2],-0.142616-0.000312*delta[0]-0.000556*delta[1]-0.000054*delta[2],-0.033781-0.000061*delta[0]-0.000132*delta[1]+0.000002*delta[2],-0.240908-0.000492*delta[0]-0.000934*delta[1]+0.000030*delta[2],-0.015810-0.000036*delta[0]-0.000050*delta[1]+0.000007*delta[2],-0.016733-0.000038*delta[0]-0.000058*delta[1]-0.000005*delta[2],-0.010509-0.000020*delta[0]-0.000038*delta[1]-0.000000*delta[2],-0.010168-0.000023*delta[0]-0.000040*delta[1]+0.000001*delta[2],-0.009806-0.000012*delta[0]-0.000043*delta[1]-0.000001*delta[2],-0.009005-0.000025*delta[0]-0.000040*delta[1]+0.000003*delta[2],-0.111293-0.000332*delta[0]-0.000374*delta[1]+0.000026*delta[2],-0.108932-0.000239*delta[0]-0.000494*delta[1]+0.000011*delta[2],-0.073585-0.000189*delta[0]-0.000287*delta[1]-0.000019*delta[2],-0.044193-0.000105*delta[0]-0.000171*delta[1]-0.000025*delta[2],-0.027293-0.000032*delta[0]-0.000118*delta[1]+0.000004*delta[2],-0.012251-0.000030*delta[0]-0.000049*delta[1]-0.000012*delta[2],-0.012303-0.000023*delta[0]-0.000051*delta[1]+0.000001*delta[2],-0.011967-0.000030*delta[0]-0.000041*delta[1]-0.000002*delta[2],-0.010987-0.000024*delta[0]-0.000045*delta[1]+0.000003*delta[2],-0.009759-0.000026*delta[0]-0.000039*delta[1]-0.000001*delta[2],-0.044894-0.000133*delta[0]-0.000177*delta[1]-0.000017*delta[2],-0.032962-0.000074*delta[0]-0.000157*delta[1]-0.000017*delta[2],-0.024685-0.000065*delta[0]-0.000103*delta[1]-0.000000*delta[2],-0.017905-0.000038*delta[0]-0.000070*delta[1]+0.000002*delta[2],-0.014106-0.000030*delta[0]-0.000058*delta[1]-0.000008*delta[2],-0.014106-0.000035*delta[0]-0.000059*delta[1]-0.000002*delta[2],-0.013263-0.000025*delta[0]-0.000062*delta[1]+0.000005*delta[2],-0.012060-0.000025*delta[0]-0.000048*delta[1]-0.000006*delta[2],-0.010418-0.000020*delta[0]-0.000041*delta[1]-0.000013*delta[2]
-0.048625-0.000119*delta[0]-0.000196*delta[1]+0.000043*delta[2],-0.021009-0.000046*delta[0]-0.000072*delta[1]-0.000002*delta[2],-0.014445-0.000031*delta[0]-0.000052*delta[1]+0.000004*delta[2],-20.215594-0.036721*delta[0]-0.075416*delta[1]-0.004951*delta[2],-0.624873-0.000737*delta[0]-0.002636*delta[1]-0.000078*delta[2],-0.096745-0.000199*delta[0]-0.000381*delta[1]+0.000013*delta[2],-0.039952-0.000090*delta[0]-0.000163*delta[1]-0.000040*delta[2],-0.021931-0.000046*delta[0]-0.000087*delta[1]-0.000014*delta[2],-0.014247-0.000027*delta[0]-0.000045*delta[1]-0.000007*delta[2],-0.085115-0.000128*delta[0]-0.000367*delta[1]+0.000034*delta[2],-0.048170-0.000060*delta[0]-0.000212*delta[1]+0.000026*delta[2],-0.030659-0.000086*delta[0]-0.000100*delta[1]-0.000005*delta[2],-0.020237-0.000037*delta[0]-0.000067*delta[1]-0.000004*delta[2],-0.014009-0.000036*delta[0]-0.000052*delta[1]-0.000002*delta[2],-0.020489-0.000042*delta[0]-0.000081*delta[1]-0.000013*delta[2],-0.017242-0.000038*delta[0]-0.000067*delta[1]-0.000004*delta[2],-0.014005-0.000043*delta[0]-0.000054*delta[1]+0.000000*delta[2],-0.011403-0.000022*delta[0]-0.000053*delta[1]-0.000001*delta[2],-0.010756-0.000028*delta[0]-0.000045*delta[1]-0.000005*delta[2],-0.009702-0.000024*delta[0]-0.000036*delta[1]+0.000004*delta[2],-0.008469-0.000024*delta[0]-0.000031*delta[1]+0.000003*delta[2],-0.187576-0.000338*delta[0]-0.000716*delta[1]+0.000005*delta[2],-0.085649-0.000115*delta[0]-0.000358*delta[1]-0.000043*delta[2],-0.024396-0.000043*delta[0]-0.000117*delta[1]+0.000027*delta[2],-0.291711-0.000285*delta[0]-0.000918*delta[1]+0.000067*delta[2],-0.016082-0.000028*delta[0]-0.000070*delta[1]+0.000009*delta[2],-0.016236-0.000035*delta[0]-0.000071*delta[1]+0.000007*delta[2],-0.009297-0.000017*delta[0]-0.000029*delta[1]-0.000002*delta[2],-0.009904-0.000017*delta[0]-0.000033*delta[1]+0.000008*delta[2],-0.009299-0.000026*delta[0]-0.000038*delta[1]+0.000002*delta[2],-0.008432-0.000016*delta[0]-0.000032*delta[1]-0.000004*delta[2],-0.108852-0.000125*delta[0]-0.000429*delta[1]-0.000014*delta[2],-0.083792-0.000167*delta[0]-0.000289*delta[1]+0.000001*delta[2],-0.052234-0.000126*delta[0]-0.000173*delta[1]-0.000013*delta[2],-0.032172-0.000041*delta[0]-0.000131*delta[1]-0.000025*delta[2],-0.020792-0.000052*delta[0]-0.000090*delta[1]-0.000007*delta[2],-0.012181-0.000028*delta[0]-0.000051*delta[1]+0.000001*delta[2],-0.011939-0.000021*delta[0]-0.000058*delta[1]-0.000010*delta[2],-0.011279-0.000027*delta[0]-0.000039*delta[1]-0.000009*delta[2],-0.010078-0.000021*delta[0]-0.000043*delta[1]+0.000002*delta[2],-0.008850-0.000018*delta[0]-0.000038*delta[1]+0.000000*delta[2],-0.041640-0.000110*delta[0]-0.000201*delta[1]+0.000004*delta[2],-0.026863-0.000052*delta[0]-0.000109*delta[1]-0.000018*delta[2],-0.019908-0.000040*delta[0]-0.000076*delta[1]-0.000001*delta[2],-0.014610-0.000021*delta[0]-0.000065*delta[1]-0.000003*delta[2],-0.013967-0.000039*delta[0]-0.000058*delta[1]-0.000005*delta[2],-0.013495-0.000026*delta[0]-0.000059*delta[1]-0.000002*delta[2],-0.012304-0.000023*delta[0]-0.000047*delta[1]-0.000005*delta[2],-0.010937-0.000028*delta[0]-0.000044*delta[1]+0.000001*delta[2],-0.009337-0.000023*delta[0]-0.000039*delta[1]-0.000004*delta[2]
-0.069891-0.000146*delta[0]-0.000260*delta[1]+0.000010*delta[2],-0.074783-0.000183*delta[0]-0.000327*delta[1]+0.000025*delta[2],-0.051032-0.000133*delta[0]-0.000172*delta[1]+0.000006*delta[2],-0.026092-0.000054*delta[0]-0.000101*delta[1]-0.000004*delta[2],-0.057663-0.000098*delta[0]-0.000207*delta[1]+0.000015*delta[2],-0.216524-0.000580*delta[0]-0.000826*delta[1]-0.000228*delta[2],-12.871787-0.024022*delta[0]-0.052823*delta[1]+0.007489*delta[2],-0.708000-0.001833*delta[0]-0.002610*delta[1]-0.000356*delta[2],-0.105067-0.000235*delta[0]-0.000346*delta[1]-0.000053*delta[2],-0.032392-0.000088*delta[0]-0.000139*delta[1]-0.000010*delta[2],-0.076949-0.000178*delta[0]-0.000289*delta[1]-0.000067*delta[2],-0.089692-0.000176*delta[0]-0.000389*delta[1]+0.000007*delta[2],-0.074141-0.000147*delta[0]-0.000252*delta[1]+0.000050*delta[2],-0.049592-0.000105*delta[0]-0.000207*delta[1]+0.000021*delta[2],-0.022771-0.000058*delta[0]-0.000093*delta[1]+0.000005*delta[2],-0.024922-0.000044*delta[0]-0.000086*delta[1]-0.000002*delta[2],-0.024760-0.000047*delta[0]-0.000093*delta[1]-0.000006*delta[2],-0.011159-0.000025*delta[0]-0.000044*delta[1]-0.000010*delta[2],-0.012209-0.000015*delta[0]-0.000044*delta[1]-0.000009*delta[2],-0.012632-0.000029*delta[0]-0.000052*delta[1]+0.000008*delta[2],-0.012358-0.000028*delta[0]-0.000040*delta[1]+0.000003*delta[2],-0.072566-0.000096*delta[0]-0.000294*delta[1]+0.000014*delta[2],-0.159644-0.000313*delta[0]-0.000520*delta[1]+0.000012*delta[2],-0.201146-0.000491*delta[0]-0.000620*delta[1]+0.000009*delta[2],-0.039572-0.000082*delta[0]-0.000167*delta[1]-0.000030*delta[2],-0.012004-0.000028*delta[0]-0.000040*delta[1]-0.000007*delta[2],-0.014443-0.000027*delta[0]-0.000064*delta[1]-0.000002*delta[2],-0.015973-0.000042*delta[0]-0.000062*delta[1]+0.000013*delta[2],-0.009603-0.000021*delta[0]-0.000038*delta[1]+0.000005*delta[2],-0.010270-0.000025*delta[0]-0.000035*delta[1]-0.000003*delta[2],-0.010415-0.000029*delta[0]-0.000041*delta[1]-0.000006*delta[2],-0.036344-0.000088*delta[0]-0.000132*delta[1]-0.000034*delta[2],-0.060082-0.000129*delta[0]-0.000216*delta[1]-0.000023*delta[2],-0.095435-0.000262*delta[0]-0.000432*delta[1]+0.000075*delta[2],-0.115031-0.000247*delta[0]-0.000460*delta[1]-0.000006*delta[2],-0.090681-0.000152*delta[0]-0.000383*delta[1]-0.000068*delta[2],-0.009980-0.000022*delta[0]-0.000037*delta[1]-0.000002*delta[2],-0.011279-0.000023*delta[0]-0.000044*delta[1]-0.000010*delta[2],-0.012418-0.000028*delta[0]-0.000059*delta[1]+0.000001*delta[2],-0.012793-0.000042*delta[0]-0.000051*delta[1]-0.000005*delta[2],-0.012648-0.000036*delta[0]-0.000041*delta[1]+0.000009*delta[2],-0.028393-0.000041*delta[0]-0.000108*delta[1]+0.000005*delta[2],-0.044736-0.000063*delta[0]-0.000148*delta[1]-0.000011*delta[2],-0.045786-0.000098*delta[0]-0.000170*delta[1]+0.000006*delta[2],-0.038530-0.000086*delta[0]-0.000137*delta[1]-0.000000*delta[2],-0.011332-0.000029*delta[0]-0.000046*delta[1]-0.000006*delta[2],-0.012878-0.000030*delta[0]-0.000052*delta[1]+0.000004*delta[2],-0.013889-0.000026*delta[0]-0.000054*delta[1]-0.000006*delta[2],-0.014380-0.000037*delta[0]-0.000056*delta[1]-0.000003*delta[2],-0.013943-0.000027*delta[0]-0.000045*delta[1]-0.000003*delta[2]
-0.027173-0.000051*delta[0]-0.000087*delta[1]-0.000007*delta[2],-0.018664-0.000034*delta[0]-0.000061*delta[1]+0.000011*delta[2],-0.014565-0.000039*delta[0]-0.000049*delta[1]+0.000002*delta[2],-0.089198-0.000205*delta[0]-0.000339*delta[1]+0.000021*delta[2],-0.118833-0.000209*delta[0]-0.000445*delta[1]-0.000002*delta[2],-0.100451-0.000207*delta[0]-0.000379*delta[1]-0.000029*delta[2],-0.064284-0.000146*delta[0]-0.000265*delta[1]+0.000001*delta[2],-0.038084-0.000061*delta[0]-0.000122*delta[1]+0.000003*delta[2],-0.023628-0.000051*delta[0]-0.000070*delta[1]-0.000001*delta[2],-0.033813-0.000071*delta[0]-0.000103*delta[1]+0.000005*delta[2],-0.033829-0.000074*delta[0]-0.000111*delta[1]+0.000006*delta[2],-0.027548-0.000056*delta[0]-0.000113*delta[1]-0.000001*delta[2],-0.021045-0.000060*delta[0]-0.000085*delta[1]-0.000011*delta[2],-0.015816-0.000033*delta[0]-0.000068*delta[1]+0.000007*delta[2],-0.016696-0.000024*delta[0]-0.000057*delta[1]-0.000002*delta[2],-0.015546-0.000029*delta[0]-0.000051*delta[1]-0.000015*delta[2],-0.013687-0.000035*delta[0]-0.000038*delta[1]+0.000006*delta[2],-0.010586-0.000021*delta[0]-0.000045*delta[1]-0.000004*delta[2],-0.010449-0.000020*delta[0]-0.000036*delta[1]+0.000001*delta[2],-0.009778-0.000020*delta[0]-0.000035*delta[1]+0.000009*delta[2],-0.008893-0.000024*delta[0]-0.000028*delta[1]+0.000005*delta[2],-0.242853-0.000408*delta[0]-0.000755*delta[1]+0.000157*delta[2],-0.177782-0.000408*delta[0]-0.000692*delta[1]-0.000128*delta[2],-0.042296-0.000064*delta[0]-0.000124*delta[1]+0.000015*delta[2],-0.078524-0.000228*delta[0]-0.000289*delta[1]-0.000006*delta[2],-0.014057-0.000031*delta[0]-0.000065*delta[1]-0.000012*delta[2],-0.015359-0.000029*delta[0]-0.000048*delta[1]+0.000006*delta[2],-0.010791-0.000024*delta[0]-0.000041*delta[1]+0.000003*delta[2],-0.009820-0.000021*delta[0]-0.000026*delta[1]-0.000005*delta[2],-0.009668-0.000020*delta[0]-0.000034*delta[1]-0.000002*delta[2],-0.009048-0.000021*delta[0]-0.000033*delta[1]+0.000004*delta[2],-0.565843-0.001262*delta[0]-0.002228*delta[1]-0.000158*delta[2],-11.866586-0.019822*delta[0]-0.038521*delta[1]-0.003829*delta[2],-0.256578-0.000513*delta[0]-0.000963*delta[1]+0.000026*delta[2],-0.067501-0.000153*delta[0]-0.000238*delta[1]+0.000054*delta[2],-0.031600-0.000077*delta[0]-0.000095*delta[1]+0.000008*delta[2],-0.013033-0.000029*delta[0]-0.000061*delta[1]+0.000014*delta[2],-0.013432-0.000022*delta[0]-0.000053*delta[1]-0.000013*delta[2],-0.013249-0.000026*delta[0]-0.000062*delta[1]+0.000013*delta[2],-0.012286-0.000036*delta[0]-0.000041*delta[1]-0.000003*delta[2],-0.010924-0.000017*delta[0]-0.000046*delta[1]+0.000002*delta[2],-0.132693-0.000259*delta[0]-0.000641*delta[1]+0.000028*delta[2],-0.077569-0.000109*delta[0]-0.000321*delta[1]+0.000012*delta[2],-0.044899-0.000076*delta[0]-0.000190*delta[1]-0.000021*delta[2],-0.026941-0.000043*delta[0]-0.000113*delta[1]-0.000001*delta[2],-0.017598-0.000038*delta[0]-0.000065*delta[1]-0.000004*delta[2],-0.018177-0.000035*delta[0]-0.000057*delta[1]+0.000003*delta[2],-0.017336-0.000025*delta[0]-0.000053*delta[1]-0.000002*delta[2],-0.015672-0.000032*delta[0]-0.000055*delta[1]+0.000005*delta[2],-0.013286-0.000030*delta[0]-0.000055*delta[1]-0.000001*delta[2]
-0.016101-0.000042*delta[0]-0.000064*delta[1]-0.000005*delta[2],-0.012533-0.000025*delta[0]-0.000049*delta[1]-0.000006*delta[2],-0.010463-0.000022*delta[0]-0.000038*delta[1]-0.000003*delta[2],-0.039903-0.000107*delta[0]-0.000160*delta[1]-0.000029*delta[2],-0.043426-0.000083*delta[0]-0.000155*delta[1]+0.000031*delta[2],-0.039397-0.000116*delta[0]-0.000168*delta[1]-0.000011*delta[2],-0.031770-0.000055*delta[0]-0.000111*delta[1]+0.000002*delta[2],-0.023571-0.000037*delta[0]-0.000104*delta[1]-0.000019*delta[2],-0.017216-0.000029*delta[0]-0.000062*delta[1]-0.000017*delta[2],-0.020216-0.000040*delta[0]-0.000079*delta[1]+0.000021*delta[2],-0.019936-0.000038*delta[0]-0.000069*delta[1]-0.000011*delta[2],-0.017406-0.000045*delta[0]-0.000070*delta[1]-0.000014*delta[2],-0.014460-0.000023*delta[0]-0.000060*delta[1]+0.000001*delta[2],-0.011762-0.000029*delta[0]-0.000047*delta[1]-0.000007*delta[2],-0.012243-0.000030*delta[0]-0.000049*delta[1]-0.000006*delta[2],-0.011539-0.000019*delta[0]-0.000040*delta[1]-0.000006*delta[2],-0.010447-0.000026*delta[0]-0.000042*delta[1]+0.000000*delta[2],-0.008955-0.000021*delta[0]-0.000032*delta[1]+0.000003*delta[2],-0.008780-0.000018*delta[0]-0.000029*delta[1]+0.000006*delta[2],-0.008282-0.000021*delta[0]-0.000038*delta[1]-0.000003*delta[2],-0.007580-0.000016*delta[0]-0.000028*delta[1]+0.000000*delta[2],-0.074336-0.000177*delta[0]-0.000275*delta[1]-0.000092*delta[2],-0.064472-0.000124*delta[0]-0.000231*delta[1]+0.000018*delta[2],-0.029506-0.000032*delta[0]-0.000109*delta[1]+0.000019*delta[2],-0.038174-0.000090*delta[0]-0.000152*delta[1]-0.000018*delta[2],-0.011876-0.000027*delta[0]-0.000053*delta[1]-0.000004*delta[2],-0.012777-0.000028*delta[0]-0.000052*delta[1]-0.000004*delta[2],-0.009248-0.000020*delta[0]-0.000038*delta[1]+0.000000*delta[2],-0.008740-0.000018*delta[0]-0.000035*delta[1]-0.000002*delta[2],-0.008580-0.000012*delta[0]-0.000035*delta[1]+0.000001*delta[2],-0.008035-0.000018*delta[0]-0.000031*delta[1]+0.000001*delta[2],-0.243459-0.000306*delta[0]-0.000970*delta[1]-0.000179*delta[2],-0.293056-0.000491*delta[0]-0.000850*delta[1]-0.000018*delta[2],-0.140937-0.000321*delta[0]-0.000490*delta[1]-0.000085*delta[2],-0.061951-0.000118*delta[0]-0.000220*delta[1]-0.000040*delta[2],-0.032120-0.000057*delta[0]-0.000117*delta[1]+0.000005*delta[2],-0.012284-0.000028*delta[0]-0.000048*delta[1]-0.000005*delta[2],-0.012548-0.000029*delta[0]-0.000050*delta[1]-0.000008*delta[2],-0.012273-0.000031*delta[0]-0.000041*delta[1]-0.000010*delta[2],-0.011338-0.000017*delta[0]-0.000045*delta[1]+0.000000*delta[2],-0.010048-0.000015*delta[0]-0.000041*delta[1]-0.000002*delta[2],-0.167000-0.000383*delta[0]-0.000642*delta[1]+0.000099*delta[2],-0.075837-0.000120*delta[0]-0.000311*delta[1]-0.000007*delta[2],-0.041700-0.000084*delta[0]-0.000162*delta[1]-0.000011*delta[2],-0.024926-0.000048*delta[0]-0.000111*delta[1]-0.000017*delta[2],-0.018011-0.000053*delta[0]-0.000067*delta[1]+0.000004*delta[2],-0.018580-0.000049*delta[0]-0.000076*delta[1]-0.000005*delta[2],-0.017458-0.000045*delta[0]-0.000073*delta[1]-0.000008*delta[2],-0.015678-0.000034*delta[0]-0.000062*delta[1]+0.000013*delta[2],-0.013091-0.000032*delta[0]-0.000043*delta[1]-0.000005*delta[2]
-0.021180-0.000059*delta[0]-0.000095*delta[1]-0.000003*delta[2],-0.015528-0.000018*delta[0]-0.000049*delta[1]+0.000003*delta[2],-0.012559-0.000030*delta[0]-0.000057*delta[1]-0.000002*delta[2],-0.060939-0.000142*delta[0]-0.000214*delta[1]-0.000029*delta[2],-0.072090-0.000120*delta[0]-0.000232*delta[1]+0.000010*delta[2],-0.063189-0.000154*delta[0]-0.000237*delta[1]-0.000011*delta[2],-0.046133-0.000078*delta[0]-0.000160*delta[1]+0.000002*delta[2],-0.030898-0.000070*delta[0]-0.000136*delta[1]-0.000002*delta[2],-0.020750-0.000036*delta[0]-0.000081*delta[1]+0.000001*delta[2],-0.026454-0.000051*delta[0]-0.000116*delta[1]-0.000012*delta[2],-0.026330-0.000044*delta[0]-0.000087*delta[1]+0.000001*delta[2],-0.022174-0.000047*delta[0]-0.000091*delta[1]-0.000017*delta[2],-0.017713-0.000024*delta[0]-0.000065*delta[1]+0.000006*delta[2],-0.013836-0.000030*delta[0]-0.000045*delta[1]+0.000002*delta[2],-0.014420-0.000031*delta[0]-0.000051*delta[1]-0.000002*delta[2],-0.013519-0.000028*delta[0]-0.000048*delta[1]+0.000007*delta[2],-0.012115-0.000029*delta[0]-0.000058*delta[1]-0.000005*delta[2],-0.009771-0.000017*delta[0]-0.000042*delta[1]+0.000004*delta[2],-0.009631-0.000023*delta[0]-0.000042*delta[1]-0.000003*delta[2],-0.009077-0.000022*delta[0]-0.000036*delta[1]+0.000002*delta[2],-0.008260-0.000015*delta[0]-0.000033*delta[1]+0.000005*delta[2],-0.140813-0.000294*delta[0]-0.000453*delta[1]+0.000005*delta[2],-0.112784-0.000247*delta[0]-0.000397*delta[1]+0.000002*delta[2],-0.036932-0.000093*delta[0]-0.000127*delta[1]+0.000000*delta[2],-0.055543-0.000119*delta[0]-0.000159*delta[1]-0.000041*delta[2],-0.012976-0.000026*delta[0]-0.000053*delta[1]+0.000001*delta[2],-0.014106-0.000025*delta[0]-0.000063*delta[1]+0.000002*delta[2],-0.010059-0.000023*delta[0]-0.000045*delta[1]-0.000011*delta[2],-0.009321-0.000016*delta[0]-0.000032*delta[1]+0.000012*delta[2],-0.009140-0.000021*delta[0]-0.000034*delta[1]-0.000004*delta[2],-0.008534-0.000020*delta[0]-0.000032*delta[1]-0.000005*delta[2],-0.603854-0.001674*delta[0]-0.002455*delta[1]-0.000340*delta[2],-1.553910-0.003313*delta[0]-0.005882*delta[1]-0.000587*delta[2],-0.243593-0.000551*delta[0]-0.000909*delta[1]-0.000162*delta[2],-0.069813-0.000134*delta[0]-0.000281*delta[1]-0.000047*delta[2],-0.032009-0.000072*delta[0]-0.000134*delta[1]+0.000003*delta[2],-0.012672-0.000029*delta[0]-0.000054*delta[1]+0.000002*delta[2],-0.012973-0.000026*delta[0]-0.000054*delta[1]-0.000010*delta[2],-0.012727-0.000021*delta[0]-0.000048*delta[1]-0.000009*delta[2],-0.011819-0.000024*delta[0]-0.000047*delta[1]+0.000002*delta[2],-0.010500-0.000024*delta[0]-0.000045*delta[1]-0.000004*delta[2],-0.159964-0.000320*delta[0]-0.000607*delta[1]+0.000044*delta[2],-0.080338-0.000223*delta[0]-0.000288*delta[1]+0.000025*delta[2],-0.044594-0.000089*delta[0]-0.000170*delta[1]+0.000027*delta[2],-0.026378-0.000054*delta[0]-0.000085*delta[1]+0.000009*delta[2],-0.017784-0.000036*delta[0]-0.000066*delta[1]+0.000006*delta[2],-0.018359-0.000040*delta[0]-0.000072*delta[1]-0.000006*delta[2],-0.017376-0.000048*delta[0]-0.000063*delta[1]+0.000004*delta[2],-0.015689-0.000036*delta[0]-0.000056*delta[1]-0.000005*delta[2],-0.013191-0.000033*delta[0]-0.000049*delta[1]+0.000006*delta[2]
-0.084808-0.000234*delta[0]-0.000272*delta[1]+0.000059*delta[2],-0.064031-0.000172*delta[0]-0.000235*delta[1]+0.000023*delta[2],-0.040820-0.000100*delta[0]-0.000176*delta[1]-0.000020*delta[2],-0.049317-0.000121*delta[0]-0.000217*delta[1]+0.000059*delta[2],-0.132835-0.000450*delta[0]-0.000486*delta[1]+0.000048*delta[2],-0.726711-0.001650*delta[0]-0.002965*delta[1]-0.000632*delta[2],-1.300647-0.002607*delta[0]-0.005336*delta[1]-0.000149*delta[2],-0.214349-0.000587*delta[0]-0.000881*delta[1]+0.000075*delta[2],-0.067909-0.000185*delta[0]-0.000280*delta[1]-0.000002*delta[2],-0.039601-0.000100*delta[0]-0.000167*delta[1]+0.000024*delta[2],-0.078215-0.000165*delta[0]-0.000329*delta[1]+0.000026*delta[2],-0.075306-0.000178*delta[0]-0.000268*delta[1]+0.000016*delta[2],-0.055294-0.000189*delta[0]-0.000219*delta[1]+0.000019*delta[2],-0.036491-0.000088*delta[0]-0.000152*delta[1]+0.000011*delta[2],-0.022054-0.000044*delta[0]-0.000081*delta[1]-0.000021*delta[2],-0.022762-0.000059*delta[0]-0.000069*delta[1]-0.000008*delta[2],-0.021528-0.000060*delta[0]-0.000072*delta[1]+0.000000*delta[2],-0.010770-0.000027*delta[0]-0.000042*delta[1]-0.000006*delta[2],-0.011394-0.000026*delta[0]-0.000047*delta[1]+0.000006*delta[2],-0.011403-0.000025*delta[0]-0.000044*delta[1]-0.000003*delta[2],-0.010947-0.000022*delta[0]-0.000039*delta[1]+0.000001*delta[2],-0.101879-0.000203*delta[0]-0.000440*delta[1]+0.000058*delta[2],-0.189269-0.000501*delta[0]-0.000613*delta[1]-0.000024*delta[2],-0.112436-0.000229*delta[0]-0.000489*delta[1]+0.000044*delta[2],-0.051969-0.000146*delta[0]-0.000221*delta[1]-0.000037*delta[2],-0.012009-0.000030*delta[0]-0.000049*delta[1]+0.000003*delta[2],-0.013926-0.000037*delta[0]-0.000053*delta[1]-0.000004*delta[2],-0.013388-0.000034*delta[0]-0.000052*delta[1]+0.000003*delta[2],-0.009176-0.000022*delta[0]-0.000036*delta[1]+0.000004*delta[2],-0.009520-0.000013*delta[0]-0.000029*delta[1]-0.000001*delta[2],-0.009442-0.000028*delta[0]-0.000036*delta[1]+0.000003*delta[2],-0.040644-0.000114*delta[0]-0.000145*delta[1]-0.000008*delta[2],-0.060366-0.000173*delta[0]-0.000239*delta[1]+0.000011*delta[2],-0.077332-0.000210*delta[0]-0.000313*delta[1]-0.000027*delta[2],-0.074030-0.000194*delta[0]-0.000281*delta[1]-0.000027*delta[2],-0.054926-0.000173*delta[0]-0.000186*delta[1]-0.000027*delta[2],-0.009667-0.000023*delta[0]-0.000029*delta[1]+0.000005*delta[2],-0.010526-0.000022*delta[0]-0.000047*delta[1]+0.000004*delta[2],-0.011257-0.000030*delta[0]-0.000047*delta[1]+0.000011*delta[2],-0.011259-0.000032*delta[0]-0.000044*delta[1]+0.000001*delta[2],-0.010887-0.000037*delta[0]-0.000038*delta[1]+0.000002*delta[2],-0.027031-0.000092*delta[0]-0.000108*delta[1]-0.000001*delta[2],-0.034694-0.000075*delta[0]-0.000151*delta[1]+0.000013*delta[2],-0.032767-0.000074*delta[0]-0.000132*delta[1]+0.000002*delta[2],-0.027025-0.000068*delta[0]-0.000116*delta[1]+0.000005*delta[2],-0.010735-0.000019*delta[0]-0.000042*delta[1]+0.000000*delta[2],-0.011818-0.000029*delta[0]-0.000046*delta[1]+0.000010*delta[2],-0.012290-0.000037*delta[0]-0.000046*delta[1]+0.000001*delta[2],-0.012293-0.000034*delta[0]-0.000051*delta[1]+0.000008*delta[2],-0.011650-0.000028*delta[0]-0.000051*delta[1]+0.000000*delta[2]
-0.021178-0.000041*delta[0]-0.000086*delta[1]+0.000008*delta[2],-0.015635-0.000018*delta[0]-0.000064*delta[1]-0.000007*delta[2],-0.012626-0.000001*delta[0]-0.000060*delta[1]-0.000003*delta[2],-0.064849-0.000099*delta[0]-0.000212*delta[1]+0.000021*delta[2],-0.078160-0.000135*delta[0]-0.000254*delta[1]+0.000023*delta[2],-0.068491-0.000172*delta[0]-0.000244*delta[1]+0.000018*delta[2],-0.048965-0.000074*delta[0]-0.000154*delta[1]-0.000039*delta[2],-0.032059-0.000054*delta[0]-0.000110*delta[1]+0.000017*delta[2],-0.021383-0.000046*delta[0]-0.000087*delta[1]-0.000009*delta[2],-0.025636-0.000053*delta[0]-0.000091*delta[1]+0.000012*delta[2],-0.025547-0.000038*delta[0]-0.000095*delta[1]+0.000021*delta[2],-0.021725-0.000030*delta[0]-0.000086*delta[1]-0.000003*delta[2],-0.017419-0.000050*delta[0]-0.000076*delta[1]+0.000005*delta[2],-0.013655-0.000012*delta[0]-0.000053*delta[1]+0.000002*delta[2],-0.013595-0.000019*delta[0]-0.000051*delta[1]+0.000009*delta[2],-0.012817-0.000027*delta[0]-0.000062*delta[1]-0.000006*delta[2],-0.011544-0.000026*delta[0]-0.000050*delta[1]+0.000005*delta[2],-0.009083-0.000022*delta[0]-0.000034*delta[1]-0.000005*delta[2],-0.009000-0.000017*delta[0]-0.000036*delta[1]-0.000002*delta[2],-0.008512-0.000019*delta[0]-0.000028*delta[1]-0.000005*delta[2],-0.007829-0.000011*delta[0]-0.000033*delta[1]-0.000004*delta[2],-0.192896-0.000384*delta[0]-0.000886*delta[1]+0.000044*delta[2],-0.144698-0.000314*delta[0]-0.000548*delta[1]+0.000028*delta[2],-0.039437-0.000056*delta[0]-0.000151*delta[1]-0.000009*delta[2],-0.053374-0.000097*delta[0]-0.000242*delta[1]-0.000004*delta[2],-0.011919-0.000019*delta[0]-0.000044*delta[1]-0.000009*delta[2],-0.012930-0.000024*delta[0]-0.000050*delta[1]-0.000005*delta[2],-0.009499-0.000016*delta[0]-0.000032*delta[1]-0.000005*delta[2],-0.008590-0.000022*delta[0]-0.000034*delta[1]-0.000001*delta[2],-0.008476-0.000012*delta[0]-0.000032*delta[1]-0.000000*delta[2],-0.007949-0.000007*delta[0]-0.000034*delta[1]+0.000000*delta[2],-0.534683-0.000929*delta[0]-0.002368*delta[1]-0.000168*delta[2],-1.278323-0.001693*delta[0]-0.005124*delta[1]+0.000201*delta[2],-0.245696-0.000234*delta[0]-0.001037*delta[1]-0.000132*delta[2],-0.071673-0.000146*delta[0]-0.000234*delta[1]+0.000041*delta[2],-0.033070-0.000080*delta[0]-0.000128*delta[1]-0.000001*delta[2],-0.011426-0.000023*delta[0]-0.000050*delta[1]+0.000006*delta[2],-0.011718-0.000016*delta[0]-0.000049*delta[1]+0.000006*delta[2],-0.011553-0.000017*delta[0]-0.000047*delta[1]+0.000006*delta[2],-0.010792-0.000027*delta[0]-0.000045*delta[1]+0.000001*delta[2],-0.009702-0.000022*delta[0]-0.000036*delta[1]+0.000003*delta[2],-0.109128-0.000161*delta[0]-0.000374*delta[1]+0.000045*delta[2],-0.066572-0.000075*delta[0]-0.000253*delta[1]-0.000034*delta[2],-0.040472-0.000069*delta[0]-0.000155*delta[1]+0.000000*delta[2],-0.025270-0.000035*delta[0]-0.000100*delta[1]+0.000003*delta[2],-0.015572-0.000017*delta[0]-0.000066*delta[1]-0.000004*delta[2],-0.016016-0.000019*delta[0]-0.000059*delta[1]-0.000005*delta[2],-0.015356-0.000041*delta[0]-0.000051*delta[1]+0.000002*delta[2],-0.014064-0.000019*delta[0]-0.000056*delta[1]-0.000012*delta[2],-0.012078-0.000014*delta[0]-0.000042*delta[1]-0.000005*delta[2]
-0.026986-0.000053*delta[0]-0.000120*delta[1]-0.000010*delta[2],-0.037981-0.000036*delta[0]-0.000184*delta[1]-0.000006*delta[2],-0.036465-0.000079*delta[0]-0.000139*delta[1]+0.000030*delta[2],-0.019925-0.000031*delta[0]-0.000081*delta[1]+0.000000*delta[2],-0.033218-0.000088*delta[0]-0.000139*delta[1]-0.000013*delta[2],-0.062005-0.000166*delta[0]-0.000241*delta[1]-0.000046*delta[2],-0.133858-0.000276*delta[0]-0.000540*delta[1]+0.000025*delta[2],-0.248940-0.000494*delta[0]-0.000997*delta[1]-0.000043*delta[2],-0.219040-0.000408*delta[0]-0.000778*delta[1]+0.000058*delta[2],-0.016127-0.000030*delta[0]-0.000067*delta[1]-0.000011*delta[2],-0.029668-0.000060*delta[0]-0.000116*delta[1]+0.000017*delta[2],-0.037128-0.000066*delta[0]-0.000144*delta[1]+0.000015*delta[2],-0.040864-0.000060*delta[0]-0.000173*delta[1]+0.000027*delta[2],-0.038380-0.000056*delta[0]-0.000139*delta[1]-0.000010*delta[2],-0.013611-0.000013*delta[0]-0.000049*delta[1]-0.000003*delta[2],-0.015451-0.000035*delta[0]-0.000070*delta[1]+0.000002*delta[2],-0.016771-0.000046*delta[0]-0.000063*delta[1]+0.000000*delta[2],-0.008001-0.000019*delta[0]-0.000034*delta[1]-0.000003*delta[2],-0.008902-0.000016*delta[0]-0.000038*delta[1]+0.000005*delta[2],-0.009536-0.000019*delta[0]-0.000036*delta[1]+0.000004*delta[2],-0.009839-0.000015*delta[0]-0.000044*delta[1]+0.000003*delta[2],-0.025056-0.000039*delta[0]-0.000099*delta[1]+0.000012*delta[2],-0.045017-0.000077*delta[0]-0.000188*delta[1]-0.000018*delta[2],-37.992703-0.098166*delta[0]-0.185164*delta[1]-0.016060*delta[2],-0.019753-0.000043*delta[0]-0.000087*delta[1]+0.000006*delta[2],-0.008200-0.000016*delta[0]-0.000040*delta[1]-0.000003*delta[2],-0.009825-0.000021*delta[0]-0.000039*delta[1]-0.000006*delta[2],-0.013402-0.000015*delta[0]-0.000052*delta[1]+0.000002*delta[2],-0.007213-0.000017*delta[0]-0.000028*delta[1]+0.000003*delta[2],-0.007892-0.000014*delta[0]-0.000039*delta[1]-0.000003*delta[2],-0.008308-0.000017*delta[0]-0.000034*delta[1]-0.000006*delta[2],-0.023347-0.000052*delta[0]-0.000106*delta[1]-0.000012*delta[2],-0.039841-0.000074*delta[0]-0.000208*delta[1]+0.000003*delta[2],-0.077411-0.000146*delta[0]-0.000354*delta[1]-0.000025*delta[2],-0.158873-0.000410*delta[0]-0.000734*delta[1]+0.000004*delta[2],-0.240621-0.000487*delta[0]-0.000869*delta[1]+0.000015*delta[2],-0.007553-0.000016*delta[0]-0.000026*delta[1]-0.000003*delta[2],-0.008621-0.000017*delta[0]-0.000035*delta[1]+0.000000*delta[2],-0.009671-0.000010*delta[0]-0.000047*delta[1]+0.000006*delta[2],-0.010450-0.000022*delta[0]-0.000043*delta[1]+0.000002*delta[2],-0.010875-0.000009*delta[0]-0.000040*delta[1]+0.000003*delta[2],-0.021193-0.000034*delta[0]-0.000083*delta[1]-0.000011*delta[2],-0.041360-0.000063*delta[0]-0.000181*delta[1]+0.000032*delta[2],-0.052599-0.000131*delta[0]-0.000260*delta[1]+0.000016*delta[2],-0.054175-0.000091*delta[0]-0.000194*delta[1]-0.000003*delta[2],-0.008829-0.000009*delta[0]-0.000044*delta[1]-0.000001*delta[2],-0.010272-0.000016*delta[0]-0.000040*delta[1]+0.000006*delta[2],-0.011530-0.000024*delta[0]-0.000047*delta[1]+0.000005*delta[2],-0.012676-0.000024*delta[0]-0.000057*delta[1]+0.000001*delta[2],-0.013054-0.000024*delta[0]-0.000053*delta[1]-0.000002*delta[2]
-0.053875-0.000109*delta[0]-0.000215*delta[1]-0.000008*delta[2],-0.044597-0.000089*delta[0]-0.000199*delta[1]-0.000003*delta[2],-0.031959-0.000071*delta[0]-0.000153*delta[1]+0.000001*delta[2],-0.053126-0.000137*delta[0]-0.000187*delta[1]-0.000021*delta[2],-0.126369-0.000306*delta[0]-0.000457*delta[1]+0.000019*delta[2],-0.374351-0.000922*delta[0]-0.001771*delta[1]+0.000009*delta[2],-0.460108-0.001584*delta[0]-0.001514*delta[1]-0.000065*delta[2],-0.165568-0.000382*delta[0]-0.000719*delta[1]-0.000084*delta[2],-0.066693-0.000154*delta[0]-0.000311*delta[1]-0.000041*delta[2],-0.031129-0.000079*delta[0]-0.000134*delta[1]-0.000011*delta[2],-0.050358-0.000099*delta[0]-0.000207*delta[1]+0.000029*delta[2],-0.048918-0.000145*delta[0]-0.000222*delta[1]-0.000065*delta[2],-0.039497-0.000075*delta[0]-0.000159*delta[1]-0.000003*delta[2],-0.028914-0.000069*delta[0]-0.000143*delta[1]-0.000006*delta[2],-0.017304-0.000036*delta[0]-0.000068*delta[1]-0.000004*delta[2],-0.017711-0.000042*delta[0]-0.000078*delta[1]-0.000018*delta[2],-0.016961-0.000035*delta[0]-0.000054*delta[1]+0.000006*delta[2],-0.009122-0.000028*delta[0]-0.000034*delta[1]-0.000002*delta[2],-0.009604-0.000022*delta[0]-0.000045*delta[1]+0.000007*delta[2],-0.009610-0.000024*delta[0]-0.000041*delta[1]+0.000001*delta[2],-0.009278-0.000025*delta[0]-0.000033*delta[1]+0.000004*delta[2],-0.134003-0.000257*delta[0]-0.000543*delta[1]-0.000076*delta[2],-0.331101-0.000849*delta[0]-0.001207*delta[1]+0.000017*delta[2],-0.140235-0.000353*delta[0]-0.000605*delta[1]+0.000045*delta[2],-0.044024-0.000090*delta[0]-0.000166*delta[1]+0.000019*delta[2],-0.010312-0.000029*delta[0]-0.000046*delta[1]+0.000002*delta[2],-0.011757-0.000032*delta[0]-0.000060*delta[1]-0.000004*delta[2],-0.011403-0.000028*delta[0]-0.000051*delta[1]+0.000002*delta[2],-0.007928-0.000022*delta[0]-0.000034*delta[1]-0.000000*delta[2],-0.008217-0.000018*delta[0]-0.000037*delta[1]-0.000000*delta[2],-0.008141-0.000020*delta[0]-0.000035*delta[1]-0.000006*delta[2],-0.043196-0.000112*delta[0]-0.000205*delta[1]+0.000023*delta[2],-0.065531-0.000179*delta[0]-0.000331*delta[1]-0.000013*delta[2],-0.085498-0.000226*delta[0]-0.000352*delta[1]+0.000008*delta[2],-0.079658-0.000138*delta[0]-0.000337*delta[1]+0.000038*delta[2],-0.057113-0.000127*delta[0]-0.000247*delta[1]+0.000036*delta[2],-0.008540-0.000022*delta[0]-0.000038*delta[1]-0.000003*delta[2],-0.009272-0.000024*delta[0]-0.000041*delta[1]-0.000004*delta[2],-0.009780-0.000027*delta[0]-0.000042*delta[1]+0.000001*delta[2],-0.009807-0.000018*delta[0]-0.000043*delta[1]+0.000004*delta[2],-0.009500-0.000022*delta[0]-0.000042*delta[1]+0.000001*delta[2],-0.026027-0.000041*delta[0]-0.000099*delta[1]-0.000017*delta[2],-0.032887-0.000074*delta[0]-0.000117*delta[1]-0.000003*delta[2],-0.030961-0.000064*delta[0]-0.000144*delta[1]+0.000009*delta[2],-0.025762-0.000053*delta[0]-0.000117*delta[1]-0.000001*delta[2],-0.009721-0.000017*delta[0]-0.000037*delta[1]-0.000001*delta[2],-0.010590-0.000030*delta[0]-0.000052*delta[1]-0.000015*delta[2],-0.010971-0.000022*delta[0]-0.000050*delta[1]+0.000000*delta[2],-0.011001-0.000032*delta[0]-0.000044*delta[1]+0.000007*delta[2],-0.010456-0.000023*delta[0]-0.000042*delta[1]-0.000004*delta[2]
-0.036876-0.000076*delta[0]-0.000159*delta[1]-0.000004*delta[2],-0.026977-0.000034*delta[0]-0.000119*delta[1]+0.000006*delta[2],-0.020389-0.000036*delta[0]-0.000096*delta[1]-0.000005*delta[2],-0.085045-0.000159*delta[0]-0.000337*delta[1]-0.000020*delta[2],-0.188181-0.000347*delta[0]-0.000902*delta[1]-0.000132*delta[2],-0.274931-0.000455*delta[0]-0.001108*delta[1]-0.000068*delta[2],-0.165322-0.000252*delta[0]-0.000691*delta[1]-0.000034*delta[2],-0.074343-0.000173*delta[0]-0.000317*delta[1]-0.000057*delta[2],-0.038736-0.000102*delta[0]-0.000164*delta[1]-0.000009*delta[2],-0.031439-0.000061*delta[0]-0.000136*delta[1]-0.000016*delta[2],-0.039163-0.000092*delta[0]-0.000168*delta[1]-0.000011*delta[2],-0.034411-0.000058*delta[0]-0.000157*delta[1]-0.000018*delta[2],-0.027006-0.000051*delta[0]-0.000106*delta[1]-0.000002*delta[2],-0.020255-0.000034*delta[0]-0.000091*delta[1]+0.000003*delta[2],-0.015682-0.000031*delta[0]-0.000069*delta[1]+0.000007*delta[2],-0.015328-0.000026*delta[0]-0.000067*delta[1]-0.000016*delta[2],-0.014156-0.000036*delta[0]-0.000060*delta[1]-0.000004*delta[2],-0.009025-0.000025*delta[0]-0.000036*delta[1]-0.000006*delta[2],-0.009163-0.000020*delta[0]-0.000030*delta[1]-0.000001*delta[2],-0.008950-0.000022*delta[0]-0.000035*delta[1]-0.000006*delta[2],-0.008436-0.000015*delta[0]-0.000036*delta[1]-0.000001*delta[2],-0.588654-0.001577*delta[0]-0.002195*delta[1]-0.000289*delta[2],-10.901151-0.020347*delta[0]-0.046127*delta[1]+0.000227*delta[2],-0.066045-0.000134*delta[0]-0.000309*delta[1]-0.000005*delta[2],-0.057607-0.000095*delta[0]-0.000247*delta[1]-0.000045*delta[2],-0.010882-0.000022*delta[0]-0.000042*delta[1]-0.000003*delta[2],-0.012093-0.000022*delta[0]-0.000048*delta[1]-0.000015*delta[2],-0.010316-0.000016*delta[0]-0.000041*delta[1]+0.000004*delta[2],-0.008040-0.000015*delta[0]-0.000034*delta[1]+0.000003*delta[2],-0.008115-0.000017*delta[0]-0.000038*delta[1]+0.000000*delta[2],-0.007877-0.000022*delta[0]-0.000035*delta[1]-0.000005*delta[2],-0.094944-0.000269*delta[0]-0.000436*delta[1]-0.000094*delta[2],-0.170723-0.000419*delta[0]-0.000822*delta[1]-0.000042*delta[2],-0.182534-0.000398*delta[0]-0.000697*delta[1]-0.000123*delta[2],-0.104793-0.000179*delta[0]-0.000421*delta[1]-0.000110*delta[2],-0.054487-0.000109*delta[0]-0.000222*delta[1]-0.000016*delta[2],-0.009373-0.000019*delta[0]-0.000034*delta[1]-0.000007*delta[2],-0.009948-0.000031*delta[0]-0.000040*delta[1]-0.000000*delta[2],-0.010171-0.000022*delta[0]-0.000042*delta[1]-0.000002*delta[2],-0.009878-0.000014*delta[0]-0.000041*delta[1]-0.000004*delta[2],-0.009346-0.000014*delta[0]-0.000039*delta[1]-0.000007*delta[2],-0.040814-0.000098*delta[0]-0.000172*delta[1]-0.000014*delta[2],-0.043479-0.000097*delta[0]-0.000167*delta[1]+0.000001*delta[2],-0.035476-0.000078*delta[0]-0.000142*delta[1]+0.000017*delta[2],-0.026241-0.000074*delta[0]-0.000116*delta[1]-0.000011*delta[2],-0.011330-0.000034*delta[0]-0.000040*delta[1]-0.000003*delta[2],-0.012070-0.000021*delta[0]-0.000050*delta[1]-0.000003*delta[2],-0.012126-0.000032*delta[0]-0.000055*delta[1]-0.000009*delta[2],-0.011738-0.000024*delta[0]-0.000047*delta[1]-0.000000*delta[2],-0.010787-0.000017*delta[0]-0.000042*delta[1]+0.000001*delta[2]
-0.026326-0.000069*delta[0]-0.000114*delta[1]+0.000017*delta[2],-0.036890-0.000076*delta[0]-0.000142*delta[1]-0.000009*delta[2],-0.035333-0.000082*delta[0]-0.000153*delta[1]-0.000001*delta[2],-0.019941-0.000038*delta[0]-0.000082*delta[1]+0.000008*delta[2],-0.033067-0.000063*delta[0]-0.000163*delta[1]+0.000005*delta[2],-0.061022-0.000139*delta[0]-0.000279*delta[1]-0.000026*delta[2],-0.128364-0.000287*delta[0]-0.000532*delta[1]+0.000037*delta[2],-0.227930-0.000431*delta[0]-0.001000*delta[1]-0.000088*delta[2],-0.203796-0.000404*delta[0]-0.000950*delta[1]-0.000032*delta[2],-0.015920-0.000033*delta[0]-0.000065*delta[1]-0.000013*delta[2],-0.028749-0.000050*delta[0]-0.000112*delta[1]+0.000007*delta[2],-0.035635-0.000054*delta[0]-0.000141*delta[1]-0.000019*delta[2],-0.039076-0.000072*delta[0]-0.000130*delta[1]+0.000023*delta[2],-0.036895-0.000069*delta[0]-0.000162*delta[1]-0.000033*delta[2],-0.013270-0.000019*delta[0]-0.000062*delta[1]-0.000003*delta[2],-0.015086-0.000028*delta[0]-0.000064*delta[1]-0.000007*delta[2],-0.016270-0.000042*delta[0]-0.000073*delta[1]+0.000002*delta[2],-0.007841-0.000015*delta[0]-0.000032*delta[1]+0.000003*delta[2],-0.008687-0.000015*delta[0]-0.000040*delta[1]-0.000001*delta[2],-0.009355-0.000020*delta[0]-0.000045*delta[1]-0.000005*delta[2],-0.009622-0.000020*delta[0]-0.000041*delta[1]-0.000004*delta[2],-0.025358-0.000046*delta[0]-0.000090*delta[1]-0.000020*delta[2],-0.052233-0.000085*delta[0]-0.000242*delta[1]-0.000017*delta[2],-23.470157-0.036107*delta[0]-0.099946*delta[1]-0.008338*delta[2],-0.019596-0.000022*delta[0]-0.000101*delta[1]-0.000007*delta[2],-0.008085-0.000016*delta[0]-0.000031*delta[1]+0.000002*delta[2],-0.009646-0.000026*delta[0]-0.000038*delta[1]-0.000007*delta[2],-0.013056-0.000027*delta[0]-0.000054*delta[1]+0.000003*delta[2],-0.007079-0.000018*delta[0]-0.000031*delta[1]-0.000003*delta[2],-0.007707-0.000013*delta[0]-0.000028*delta[1]+0.000001*delta[2],-0.008137-0.000016*delta[0]-0.000034*delta[1]-0.000001*delta[2],-0.023295-0.000042*delta[0]-0.000095*delta[1]+0.000024*delta[2],-0.039504-0.000075*delta[0]-0.000158*delta[1]-0.000037*delta[2],-0.075654-0.000169*delta[0]-0.000331*delta[1]+0.000018*delta[2],-0.151987-0.000329*delta[0]-0.000555*delta[1]+0.000118*delta[2],-0.223637-0.000591*delta[0]-0.000843*delta[1]-0.000035*delta[2],-0.007412-0.000017*delta[0]-0.000033*delta[1]+0.000000*delta[2],-0.008419-0.000020*delta[0]-0.000035*delta[1]-0.000003*delta[2],-0.009425-0.000022*delta[0]-0.000039*delta[1]+0.000003*delta[2],-0.010224-0.000026*delta[0]-0.000045*delta[1]-0.000005*delta[2],-0.010623-0.000013*delta[0]-0.000045*delta[1]-0.000007*delta[2],-0.020876-0.000034*delta[0]-0.000084*delta[1]-0.000002*delta[2],-0.040080-0.000087*delta[0]-0.000138*delta[1]-0.000010*delta[2],-0.050329-0.000092*delta[0]-0.000195*delta[1]+0.000023*delta[2],-0.051776-0.000085*delta[0]-0.000202*delta[1]-0.000008*delta[2],-0.008661-0.000013*delta[0]-0.000033*delta[1]-0.000002*delta[2],-0.010073-0.000011*delta[0]-0.000041*delta[1]+0.000003*delta[2],-0.011254-0.000021*delta[0]-0.000049*delta[1]+0.000001*delta[2],-0.012340-0.000017*delta[0]-0.000054*delta[1]+0.000004*delta[2],-0.012691-0.000033*delta[0]-0.000039*delta[1]+0.000000*delta[2]
0.010936+0.000019*delta[0]+0.000042*delta[1]+0.000004*delta[2],0.009633+0.000022*delta[0]+0.000034*delta[1]+0.000000*delta[2],0.008593+0.000019*delta[0]+0.000041*delta[1]+0.000008*delta[2],0.005838+0.000011*delta[0]+0.000021*delta[1]+0.000000*delta[2],0.006108+0.000011*delta[0]+0.000028*delta[1]+0.000000*delta[2],0.006182+0.000019*delta[0]+0.000028*delta[1]+0.000003*delta[2],0.006090+0.000012*delta[0]+0.000024*delta[1]-0.000001*delta[2],0.005903+0.000016*delta[0]+0.000022*delta[1]+0.000005*delta[2],0.005505+0.000015*delta[0]+0.000020*delta[1]+0.000005*delta[2],0.010412+0.000018*delta[0]+0.000042*delta[1]+0.000005*delta[2],0.010825+0.000016*delta[0]+0.000039*delta[1]+0.000002*delta[2],0.010400+0.000019*delta[0]+0.000039*delta[1]+0.000009*delta[2],0.009550+0.000025*delta[0]+0.000027*delta[1]+0.000010*delta[2],0.008470+0.000022*delta[0]+0.000031*delta[1]+0.000001*delta[2],0.019313+0.000050*delta[0]+0.000072*delta[1]+0.000005*delta[2],0.017905+0.000056*delta[0]+0.000063*delta[1]-0.000000*delta[2],0.015537+0.000035*delta[0]+0.000057*delta[1]+0.000004*delta[2],0.020051+0.000040*delta[0]+0.000079*delta[1]+0.000014*delta[2],0.019691+0.000068*delta[0]+0.000076*delta[1]+0.000011*delta[2],0.018019+0.000036*delta[0]+0.000072*delta[1]+0.000010*delta[2],0.015506+0.000034*delta[0]+0.000060*delta[1]+0.000009*delta[2],0.004585+0.000011*delta[0]+0.000020*delta[1]+0.000001*delta[2],0.004612+0.000013*delta[0]+0.000019*delta[1]+0.000002*delta[2],0.004459+0.000007*delta[0]+0.000019*delta[1]-0.000005*delta[2],0.007199+0.000019*delta[0]+0.000024*delta[1]+0.000001*delta[2],0.013817+0.000033*delta[0]+0.000064*delta[1]-0.000008*delta[2],0.014243+0.000037*delta[0]+0.000058*delta[1]+0.000004*delta[2],0.010541+0.000032*delta[0]+0.000037*delta[1]+0.000002*delta[2],0.015067+0.000021*delta[0]+0.000060*delta[1]+0.000015*delta[2],0.014901+0.000028*delta[0]+0.000057*delta[1]+0.000004*delta[2],0.013985+0.000029*delta[0]+0.000044*delta[1]+0.000006*delta[2],0.004489+0.000009*delta[0]+0.000019*delta[1]+0.000003*delta[2],0.004600+0.000011*delta[0]+0.000014*delta[1]+0.000002*delta[2],0.004610+0.000015*delta[0]+0.000020*delta[1]+0.000003*delta[2],0.004558+0.000011*delta[0]+0.000017*delta[1]+0.000001*delta[2],0.004445+0.000006*delta[0]+0.000015*delta[1]-0.000000*delta[2],0.009303+0.000017*delta[0]+0.000029*delta[1]+0.000006*delta[2],0.009694+0.000022*delta[0]+0.000040*delta[1]+0.000004*delta[2],0.009768+0.000022*delta[0]+0.000037*delta[1]-0.000002*delta[2],0.009400+0.000024*delta[0]+0.000038*delta[1]-0.000005*delta[2],0.008837+0.000019*delta[0]+0.000034*delta[1]+0.000001*delta[2],0.004904+0.000012*delta[0]+0.000020*delta[1]+0.000001*delta[2],0.004964+0.000010*delta[0]+0.000019*delta[1]+0.000001*delta[2],0.004861+0.000010*delta[0]+0.000021*delta[1]-0.000000*delta[2],0.004626+0.000013*delta[0]+0.000021*delta[1]-0.000002*delta[2],0.006737+0.000014*delta[0]+0.000026*delta[1]+0.000000*delta[2],0.006844+0.000016*delta[0]+0.000027*delta[1]+0.000003*delta[2],0.006820+0.000016*delta[0]+0.000027*delta[1]+0.000000*delta[2],0.006584+0.000019*delta[0]+0.000027*delta[1]+0.000002*delta[2],0.006265+0.000011*delta[0]+0.000027*delta[1]+0.000002*delta[2]
0.008663+0.000013*delta[0]+0.000027*delta[1]-0.000005*delta[2],0.006767+0.000009*delta[0]+0.000029*delta[1]-0.000008*delta[2],0.005856+0.000010*delta[0]+0.000020*delta[1]-0.000000*delta[2],0.005467+0.000014*delta[0]+0.000021*delta[1]-0.000004*delta[2],0.005407+0.000011*delta[0]+0.000021*delta[1]-0.000002*delta[2],0.005216+0.000012*delta[0]+0.000020*delta[1]-0.000001*delta[2],0.004904+0.000009*delta[0]+0.000015*delta[1]-0.000005*delta[2],0.004564+0.000010*delta[0]+0.000016*delta[1]-0.000003*delta[2],0.004145+0.000008*delta[0]+0.000011*delta[1]-0.000002*delta[2],0.009061+0.000015*delta[0]+0.000036*delta[1]-0.000010*delta[2],0.007957+0.000018*delta[0]+0.000025*delta[1]+0.000001*delta[2],0.007173+0.000012*delta[0]+0.000026*delta[1]-0.000008*delta[2],0.006316+0.000007*delta[0]+0.000027*delta[1]-0.000006*delta[2],0.005515+0.000016*delta[0]+0.000018*delta[1]-0.000001*delta[2],0.011128+0.000020*delta[0]+0.000041*delta[1]-0.000004*delta[2],0.009631+0.000022*delta[0]+0.000042*delta[1]-0.000010*delta[2],0.008180+0.000011*delta[0]+0.000026*delta[1]-0.000003*delta[2],0.010458+0.000022*delta[0]+0.000038*delta[1]-0.000004*delta[2],0.009507+0.000014*delta[0]+0.000032*delta[1]-0.000015*delta[2],0.008371+0.000014*delta[0]+0.000031*delta[1]-0.000002*delta[2],0.007247+0.000014*delta[0]+0.000025*delta[1]-0.000003*delta[2],0.004098+0.000011*delta[0]+0.000016*delta[1]-0.000001*delta[2],0.003964+0.000006*delta[0]+0.000016*delta[1]-0.000002*delta[2],0.003581+0.000010*delta[0]+0.000016*delta[1]-0.000001*delta[2],0.006379+0.000011*delta[0]+0.000026*delta[1]-0.000001*delta[2],0.009456+0.000015*delta[0]+0.000035*delta[1]-0.000004*delta[2],0.008868+0.000013*delta[0]+0.000036*delta[1]-0.000005*delta[2],0.005652+0.000009*delta[0]+0.000026*delta[1]-0.000002*delta[2],0.008417+0.000020*delta[0]+0.000032*delta[1]-0.000001*delta[2],0.007746+0.000015*delta[0]+0.000028*delta[1]+0.000002*delta[2],0.007022+0.000014*delta[0]+0.000020*delta[1]-0.000008*delta[2],0.003943+0.000007*delta[0]+0.000013*delta[1]-0.000001*delta[2],0.003871+0.000011*delta[0]+0.000013*delta[1]-0.000004*delta[2],0.003760+0.000007*delta[0]+0.000013*delta[1]-0.000001*delta[2],0.003591+0.000005*delta[0]+0.000012*delta[1]-0.000002*delta[2],0.003394+0.000008*delta[0]+0.000011*delta[1]-0.000000*delta[2],0.006404+0.000007*delta[0]+0.000024*delta[1]-0.000010*delta[2],0.006204+0.000012*delta[0]+0.000023*delta[1]-0.000002*delta[2],0.005910+0.000013*delta[0]+0.000020*delta[1]-0.000009*delta[2],0.005479+0.000013*delta[0]+0.000020*delta[1]-0.000002*delta[2],0.005046+0.000010*delta[0]+0.000018*delta[1]-0.000005*delta[2],0.003979+0.000006*delta[0]+0.000015*delta[1]-0.000002*delta[2],0.003758+0.000010*delta[0]+0.000017*delta[1]-0.000000*delta[2],0.003561+0.000007*delta[0]+0.000014*delta[1]-0.000002*delta[2],0.003328+0.000006*delta[0]+0.000011*delta[1]-0.000002*delta[2],0.004922+0.000007*delta[0]+0.000018*delta[1]-0.000001*delta[2],0.004754+0.000011*delta[0]+0.000019*delta[1]-0.000008*delta[2],0.004541+0.000010*delta[0]+0.000016*delta[1]-0.000006*delta[2],0.004255+0.000007*delta[0]+0.000016*delta[1]-0.000002*delta[2],0.003966+0.000009*delta[0]+0.000016*delta[1]-0.000000*delta[2]
0.004767+0.000007*delta[0]+0.000021*delta[1]+0.000001*delta[2],0.003899+0.000009*delta[0]+0.000015*delta[1]+0.000001*delta[2],0.003497+0.000007*delta[0]+0.000018*delta[1]-0.000003*delta[2],0.003516+0.000006*delta[0]+0.000013*delta[1]+0.000005*delta[2],0.003410+0.000008*delta[0]+0.000015*delta[1]+0.000001*delta[2],0.003266+0.000008*delta[0]+0.000013*delta[1]-0.000001*delta[2],0.003060+0.000006*delta[0]+0.000011*delta[1]+0.000000*delta[2],0.002869+0.000006*delta[0]+0.000013*delta[1]-0.000002*delta[2],0.002643+0.000004*delta[0]+0.000010*delta[1]-0.000000*delta[2],0.004932+0.000013*delta[0]+0.000018*delta[1]+0.000001*delta[2],0.004294+0.000010*delta[0]+0.000017*delta[1]+0.000001*delta[2],0.003949+0.000010*delta[0]+0.000016*delta[1]+0.000000*delta[2],0.003582+0.000008*delta[0]+0.000013*delta[1]+0.000000*delta[2],0.003222+0.000008*delta[0]+0.000014*delta[1]-0.000001*delta[2],0.005121+0.000010*delta[0]+0.000020*delta[1]-0.000003*delta[2],0.004625+0.000009*delta[0]+0.000021*delta[1]-0.000000*delta[2],0.004125+0.000011*delta[0]+0.000016*delta[1]+0.000000*delta[2],0.004761+0.000012*delta[0]+0.000019*delta[1]+0.000000*delta[2],0.004418+0.000009*delta[0]+0.000019*delta[1]-0.000001*delta[2],0.004058+0.000009*delta[0]+0.000016*delta[1]-0.000000*delta[2],0.003685+0.000009*delta[0]+0.000015*delta[1]-0.000000*delta[2],0.002738+0.000004*delta[0]+0.000011*delta[1]-0.000001*delta[2],0.002619+0.000006*delta[0]+0.000009*delta[1]+0.000000*delta[2],0.002367+0.000006*delta[0]+0.000010*delta[1]-0.000002*delta[2],0.003803+0.000005*delta[0]+0.000017*delta[1]-0.000000*delta[2],0.004605+0.000013*delta[0]+0.000015*delta[1]-0.000002*delta[2],0.004314+0.000010*delta[0]+0.000020*delta[1]-0.000001*delta[2],0.003085+0.000005*delta[0]+0.000013*delta[1]-0.000002*delta[2],0.004091+0.000009*delta[0]+0.000017*delta[1]-0.000000*delta[2],0.003823+0.000007*delta[0]+0.000017*delta[1]+0.000000*delta[2],0.003555+0.000008*delta[0]+0.000015*delta[1]-0.000002*delta[2],0.002582+0.000005*delta[0]+0.000013*delta[1]-0.000001*delta[2],0.002512+0.000004*delta[0]+0.000010*delta[1]-0.000001*delta[2],0.002420+0.000005*delta[0]+0.000010*delta[1]+0.000001*delta[2],0.002313+0.000005*delta[0]+0.000008*delta[1]+0.000002*delta[2],0.002198+0.000004*delta[0]+0.000009*delta[1]-0.000000*delta[2],0.003447+0.000005*delta[0]+0.000014*delta[1]-0.000001*delta[2],0.003304+0.000006*delta[0]+0.000013*delta[1]+0.000001*delta[2],0.003164+0.000008*delta[0]+0.000011*delta[1]+0.000001*delta[2],0.002965+0.000008*delta[0]+0.000012*delta[1]-0.000001*delta[2],0.002790+0.000003*delta[0]+0.000010*delta[1]+0.000001*delta[2],0.002496+0.000005*delta[0]+0.000009*delta[1]-0.000001*delta[2],0.002329+0.000004*delta[0]+0.000008*delta[1]-0.000001*delta[2],0.002226+0.000004*delta[0]+0.000010*delta[1]-0.000000*delta[2],0.002098+0.000003*delta[0]+0.000006*delta[1]-0.000001*delta[2],0.002835+0.000006*delta[0]+0.000011*delta[1]-0.000000*delta[2],0.002720+0.000005*delta[0]+0.000012*delta[1]-0.000001*delta[2],0.002598+0.000006*delta[0]+0.000011*delta[1]+0.000000*delta[2],0.002461+0.000004*delta[0]+0.000008*delta[1]+0.000002*delta[2],0.002321+0.000003*delta[0]+0.000009*delta[1]+0.000000*delta[2]
0.011682+0.000025*delta[0]+0.000045*delta[1]-0.000006*delta[2],0.007911+0.000020*delta[0]+0.000031*delta[1]+0.000003*delta[2],0.006529+0.000014*delta[0]+0.000030*delta[1]+0.000000*delta[2],0.008058+0.000021*delta[0]+0.000029*delta[1]-0.000001*delta[2],0.007653+0.000015*delta[0]+0.000032*delta[1]-0.000000*delta[2],0.007068+0.000013*delta[0]+0.000030*delta[1]-0.000001*delta[2],0.006352+0.000010*delta[0]+0.000025*delta[1]-0.000002*delta[2],0.005645+0.000011*delta[0]+0.000024*delta[1]-0.000003*delta[2],0.004914+0.000009*delta[0]+0.000025*delta[1]+0.000001*delta[2],0.015384+0.000058*delta[0]+0.000054*delta[1]+0.000007*delta[2],0.011358+0.000034*delta[0]+0.000047*delta[1]+0.000004*delta[2],0.009473+0.000017*delta[0]+0.000032*delta[1]-0.000012*delta[2],0.007768+0.000021*delta[0]+0.000034*delta[1]+0.000001*delta[2],0.006385+0.000011*delta[0]+0.000028*delta[1]-0.000002*delta[2],0.018406+0.000032*delta[0]+0.000080*delta[1]+0.000000*delta[2],0.013808+0.000028*delta[0]+0.000059*delta[1]+0.000004*delta[2],0.010448+0.000024*delta[0]+0.000048*delta[1]+0.000002*delta[2],0.019632+0.000049*delta[0]+0.000081*delta[1]-0.000019*delta[2],0.015418+0.000041*delta[0]+0.000054*delta[1]+0.000007*delta[2],0.011951+0.000027*delta[0]+0.000050*delta[1]+0.000000*delta[2],0.009321+0.000021*delta[0]+0.000033*delta[1]+0.000001*delta[2],0.005569+0.000011*delta[0]+0.000021*delta[1]-0.000001*delta[2],0.005247+0.000010*delta[0]+0.000020*delta[1]+0.000003*delta[2],0.004422+0.000006*delta[0]+0.000020*delta[1]-0.000001*delta[2],0.010042+0.000023*delta[0]+0.000042*delta[1]+0.000001*delta[2],0.020173+0.000044*delta[0]+0.000087*delta[1]+0.000005*delta[2],0.016787+0.000044*delta[0]+0.000067*delta[1]-0.000003*delta[2],0.007168+0.000017*delta[0]+0.000034*delta[1]-0.000003*delta[2],0.015230+0.000039*delta[0]+0.000055*delta[1]+0.000007*delta[2],0.012550+0.000035*delta[0]+0.000047*delta[1]+0.000001*delta[2],0.010211+0.000024*delta[0]+0.000041*delta[1]+0.000006*delta[2],0.005743+0.000013*delta[0]+0.000026*delta[1]-0.000000*delta[2],0.005462+0.000010*delta[0]+0.000022*delta[1]-0.000003*delta[2],0.005119+0.000009*delta[0]+0.000022*delta[1]-0.000000*delta[2],0.004742+0.000011*delta[0]+0.000014*delta[1]+0.000001*delta[2],0.004331+0.000008*delta[0]+0.000017*delta[1]+0.000002*delta[2],0.011776+0.000031*delta[0]+0.000058*delta[1]-0.000001*delta[2],0.010708+0.000024*delta[0]+0.000040*delta[1]+0.000002*delta[2],0.009476+0.000024*delta[0]+0.000037*delta[1]+0.000003*delta[2],0.008134+0.000021*delta[0]+0.000038*delta[1]-0.000001*delta[2],0.006966+0.000014*delta[0]+0.000030*delta[1]-0.000003*delta[2],0.006006+0.000011*delta[0]+0.000026*delta[1]-0.000001*delta[2],0.005249+0.000016*delta[0]+0.000025*delta[1]+0.000005*delta[2],0.004796+0.000011*delta[0]+0.000019*delta[1]-0.000001*delta[2],0.004288+0.000005*delta[0]+0.000019*delta[1]-0.000000*delta[2],0.008346+0.000018*delta[0]+0.000031*delta[1]+0.000001*delta[2],0.007681+0.000020*delta[0]+0.000029*delta[1]-0.000003*delta[2],0.006956+0.000015*delta[0]+0.000027*delta[1]+0.000001*delta[2],0.006165+0.000015*delta[0]+0.000025*delta[1]+0.000002*delta[2],0.005437+0.000015*delta[0]+0.000026*delta[1]+0.000002*delta[2]
0.003714+0.000005*delta[0]+0.000012*delta[1]+0.000000*delta[2],0.005091+0.000013*delta[0]+0.000020*delta[1]+0.000003*delta[2],0.005963+0.000010*delta[0]+0.000023*delta[1]-0.000006*delta[2],0.002205+0.000003*delta[0]+0.000008*delta[1]-0.000001*delta[2],0.002501+0.000004*delta[0]+0.000012*delta[1]-0.000001*delta[2],0.002843+0.000005*delta[0]+0.000013*delta[1]-0.000000*delta[2],0.003223+0.000007*delta[0]+0.000011*delta[1]-0.000001*delta[2],0.003647+0.000006*delta[0]+0.000016*delta[1]-0.000000*delta[2],0.004113+0.000009*delta[0]+0.000016*delta[1]-0.000002*delta[2],0.002726+0.000008*delta[0]+0.000012*delta[1]+0.000000*delta[2],0.003631+0.000007*delta[0]+0.000016*delta[1]+0.000000*delta[2],0.004216+0.000006*delta[0]+0.000013*delta[1]-0.000000*delta[2],0.004912+0.000012*delta[0]+0.000019*delta[1]-0.000000*delta[2],0.005709+0.000007*delta[0]+0.000027*delta[1]+0.000000*delta[2],0.003861+0.000006*delta[0]+0.000015*delta[1]-0.000002*delta[2],0.004553+0.000006*delta[0]+0.000018*delta[1]-0.000001*delta[2],0.005377+0.000009*delta[0]+0.000022*delta[1]-0.000001*delta[2],0.003303+0.000004*delta[0]+0.000014*delta[1]+0.000002*delta[2],0.003869+0.000009*delta[0]+0.000016*delta[1]+0.000003*delta[2],0.004568+0.000006*delta[0]+0.000021*delta[1]-0.000002*delta[2],0.005390+0.000015*delta[0]+0.000020*delta[1]-0.000004*delta[2],0.002225+0.000004*delta[0]+0.000010*delta[1]-0.000001*delta[2],0.002478+0.000003*delta[0]+0.000010*delta[1]+0.000000*delta[2],0.003069+0.000007*delta[0]+0.000012*delta[1]-0.000002*delta[2],0.002409+0.000005*delta[0]+0.000010*delta[1]-0.000001*delta[2],0.002634+0.000004*delta[0]+0.000011*delta[1]+0.000000*delta[2],0.002979+0.000003*delta[0]+0.000012*delta[1]+0.000000*delta[2],0.005245+0.000009*delta[0]+0.000020*delta[1]+0.000000*delta[2],0.003028+0.000006*delta[0]+0.000011*delta[1]-0.000000*delta[2],0.003485+0.000006*delta[0]+0.000014*delta[1]-0.000001*delta[2],0.004006+0.000008*delta[0]+0.000017*delta[1]+0.000000*delta[2],0.001983+0.000003*delta[0]+0.000008*delta[1]-0.000000*delta[2],0.002203+0.000005*delta[0]+0.000008*delta[1]+0.000000*delta[2],0.002443+0.000005*delta[0]+0.000010*delta[1]-0.000000*delta[2],0.002716+0.000005*delta[0]+0.000011*delta[1]-0.000000*delta[2],0.003022+0.000005*delta[0]+0.000011*delta[1]-0.000002*delta[2],0.002341+0.000004*delta[0]+0.000010*delta[1]-0.000002*delta[2],0.002647+0.000005*delta[0]+0.000010*delta[1]+0.000001*delta[2],0.003000+0.000007*delta[0]+0.000009*delta[1]-0.000000*delta[2],0.003397+0.000005*delta[0]+0.000013*delta[1]-0.000001*delta[2],0.003868+0.000008*delta[0]+0.000014*delta[1]-0.000002*delta[2],0.002079+0.000006*delta[0]+0.000009*delta[1]+0.000000*delta[2],0.002580+0.000006*delta[0]+0.000011*delta[1]-0.000002*delta[2],0.002856+0.000007*delta[0]+0.000011*delta[1]+0.000000*delta[2],0.003154+0.000006*delta[0]+0.000013*delta[1]-0.000002*delta[2],0.002145+0.000003*delta[0]+0.000010*delta[1]-0.000000*delta[2],0.002385+0.000006*delta[0]+0.000009*delta[1]-0.000000*delta[2],0.002667+0.000006*delta[0]+0.000011*delta[1]+0.000000*delta[2],0.002958+0.000006*delta[0]+0.000011*delta[1]-0.000001*delta[2],0.003291+0.000005*delta[0]+0.000012*delta[1]-0.000001*delta[2]
0.020135+0.000037*delta[0]+0.000082*delta[1]+0.000013*delta[2],0.026311+0.000047*delta[0]+0.000103*delta[1]+0.000004*delta[2],0.025979+0.000045*delta[0]+0.000098*delta[1]+0.000008*delta[2],0.007898+0.000011*delta[0]+0.000032*delta[1]+0.000005*delta[2],0.009299+0.000023*delta[0]+0.000038*delta[1]+0.000012*delta[2],0.010743+0.000034*delta[0]+0.000041*delta[1]+0.000014*delta[2],0.011973+0.000036*delta[0]+0.000035*delta[1]-0.000005*delta[2],0.012882+0.000033*delta[0]+0.000051*delta[1]+0.000001*delta[2],0.012866+0.000036*delta[0]+0.000056*delta[1]+0.000004*delta[2],0.013691+0.000026*delta[0]+0.000052*delta[1]+0.000000*delta[2],0.022756+0.000059*delta[0]+0.000107*delta[1]-0.000006*delta[2],0.027837+0.000053*delta[0]+0.000123*delta[1]-0.000010*delta[2],0.030933+0.000077*delta[0]+0.000110*delta[1]+0.000004*delta[2],0.030055+0.000074*delta[0]+0.000116*delta[1]-0.000003*delta[2],0.043872+0.000093*delta[0]+0.000156*delta[1]+0.000019*delta[2],0.071359+0.000098*delta[0]+0.000336*delta[1]+0.000020*delta[2],0.099707+0.000231*delta[0]+0.000411*delta[1]+0.000018*delta[2],0.030396+0.000079*delta[0]+0.000108*delta[1]-0.000003*delta[2],0.048486+0.000101*delta[0]+0.000221*delta[1]+0.000025*delta[2],0.075985+0.000228*delta[0]+0.000341*delta[1]+0.000046*delta[2],0.098154+0.000198*delta[0]+0.000379*delta[1]+0.000001*delta[2],0.007039+0.000015*delta[0]+0.000026*delta[1]+0.000006*delta[2],0.007762+0.000017*delta[0]+0.000026*delta[1]+0.000007*delta[2],0.008829+0.000014*delta[0]+0.000033*delta[1]+0.000005*delta[2],0.010144+0.000021*delta[0]+0.000045*delta[1]+0.000001*delta[2],0.016283+0.000041*delta[0]+0.000072*delta[1]-0.000013*delta[2],0.022212+0.000061*delta[0]+0.000101*delta[1]+0.000006*delta[2],0.052422+0.000102*delta[0]+0.000186*delta[1]-0.000022*delta[2],0.022460+0.000054*delta[0]+0.000080*delta[1]+0.000002*delta[2],0.030637+0.000087*delta[0]+0.000112*delta[1]-0.000006*delta[2],0.039814+0.000104*delta[0]+0.000132*delta[1]-0.000014*delta[2],0.006637+0.000012*delta[0]+0.000026*delta[1]-0.000001*delta[2],0.007528+0.000014*delta[0]+0.000033*delta[1]+0.000003*delta[2],0.008243+0.000016*delta[0]+0.000027*delta[1]+0.000003*delta[2],0.008971+0.000018*delta[0]+0.000033*delta[1]+0.000003*delta[2],0.009351+0.000024*delta[0]+0.000038*delta[1]-0.000000*delta[2],0.012418+0.000028*delta[0]+0.000046*delta[1]-0.000003*delta[2],0.015765+0.000037*delta[0]+0.000049*delta[1]-0.000000*delta[2],0.019771+0.000040*delta[0]+0.000083*delta[1]+0.000003*delta[2],0.023456+0.000062*delta[0]+0.000123*delta[1]+0.000006*delta[2],0.026482+0.000052*delta[0]+0.000093*delta[1]+0.000013*delta[2],0.007838+0.000019*delta[0]+0.000032*delta[1]-0.000004*delta[2],0.009831+0.000019*delta[0]+0.000036*delta[1]-0.000003*delta[2],0.010533+0.000022*delta[0]+0.000049*delta[1]-0.000002*delta[2],0.010697+0.000022*delta[0]+0.000044*delta[1]+0.000000*delta[2],0.009897+0.000027*delta[0]+0.000034*delta[1]+0.000010*delta[2],0.011630+0.000030*delta[0]+0.000047*delta[1]+0.000002*delta[2],0.013407+0.000027*delta[0]+0.000056*delta[1]+0.000015*delta[2],0.014902+0.000040*delta[0]+0.000061*delta[1]-0.000005*delta[2],0.015735+0.000029*delta[0]+0.000064*delta[1]-0.000010*delta[2]
0.007354+0.000012*delta[0]+0.000026*delta[1]+0.000000*delta[2],0.005048+0.000014*delta[0]+0.000023*delta[1]+0.000001*delta[2],0.004222+0.000010*delta[0]+0.000020*delta[1]-0.000001*delta[2],0.006264+0.000013*delta[0]+0.000026*delta[1]-0.000001*delta[2],0.005693+0.000011*delta[0]+0.000022*delta[1]-0.000000*delta[2],0.005088+0.000012*delta[0]+0.000024*delta[1]-0.000001*delta[2],0.004485+0.000008*delta[0]+0.000017*delta[1]-0.000001*delta[2],0.003950+0.000009*delta[0]+0.000013*delta[1]-0.000003*delta[2],0.003435+0.000006*delta[0]+0.000014*delta[1]-0.000001*delta[2],0.009476+0.000027*delta[0]+0.000037*delta[1]+0.000001*delta[2],0.006711+0.000017*delta[0]+0.000027*delta[1]-0.000003*delta[2],0.005642+0.000013*delta[0]+0.000025*delta[1]+0.000002*delta[2],0.004736+0.000012*delta[0]+0.000016*delta[1]-0.000001*delta[2],0.003985+0.000008*delta[0]+0.000017*delta[1]-0.000003*delta[2],0.008120+0.000013*delta[0]+0.000031*delta[1]-0.000000*delta[2],0.006594+0.000012*delta[0]+0.000024*delta[1]-0.000004*delta[2],0.005388+0.000008*delta[0]+0.000023*delta[1]+0.000004*delta[2],0.007735+0.000012*delta[0]+0.000026*delta[1]-0.000002*delta[2],0.006547+0.000012*delta[0]+0.000021*delta[1]-0.000002*delta[2],0.005530+0.000008*delta[0]+0.000019*delta[1]-0.000001*delta[2],0.004675+0.000014*delta[0]+0.000016*delta[1]-0.000003*delta[2],0.004388+0.000008*delta[0]+0.000021*delta[1]-0.000002*delta[2],0.004002+0.000007*delta[0]+0.000015*delta[1]-0.000001*delta[2],0.003260+0.000009*delta[0]+0.000013*delta[1]-0.000003*delta[2],0.006965+0.000015*delta[0]+0.000024*delta[1]-0.000003*delta[2],0.008725+0.000016*delta[0]+0.000040*delta[1]-0.000002*delta[2],0.007456+0.000018*delta[0]+0.000032*delta[1]-0.000003*delta[2],0.003912+0.000007*delta[0]+0.000013*delta[1]-0.000002*delta[2],0.006566+0.000009*delta[0]+0.000031*delta[1]+0.000001*delta[2],0.005667+0.000011*delta[0]+0.000022*delta[1]+0.000001*delta[2],0.004895+0.000014*delta[0]+0.000017*delta[1]-0.000002*delta[2],0.004349+0.000010*delta[0]+0.000018*delta[1]-0.000001*delta[2],0.004029+0.000006*delta[0]+0.000013*delta[1]-0.000001*delta[2],0.003704+0.000009*delta[0]+0.000015*delta[1]-0.000000*delta[2],0.003373+0.000006*delta[0]+0.000013*delta[1]-0.000001*delta[2],0.003054+0.000006*delta[0]+0.000012*delta[1]+0.000001*delta[2],0.006012+0.000011*delta[0]+0.000022*delta[1]-0.000001*delta[2],0.005416+0.000011*delta[0]+0.000021*delta[1]-0.000002*delta[2],0.004847+0.000008*delta[0]+0.000020*delta[1]-0.000001*delta[2],0.004276+0.000011*delta[0]+0.000021*delta[1]+0.000000*delta[2],0.003798+0.000006*delta[0]+0.000015*delta[1]-0.000002*delta[2],0.004157+0.000008*delta[0]+0.000020*delta[1]-0.000001*delta[2],0.003518+0.000008*delta[0]+0.000013*delta[1]-0.000001*delta[2],0.003195+0.000005*delta[0]+0.000012*delta[1]+0.000000*delta[2],0.002875+0.000007*delta[0]+0.000011*delta[1]-0.000001*delta[2],0.004823+0.000008*delta[0]+0.000018*delta[1]+0.000003*delta[2],0.004396+0.000009*delta[0]+0.000015*delta[1]-0.000003*delta[2],0.003980+0.000006*delta[0]+0.000015*delta[1]-0.000002*delta[2],0.003566+0.000009*delta[0]+0.000015*delta[1]-0.000003*delta[2],0.003196+0.000008*delta[0]+0.000013*delta[1]+0.000001*delta[2]
0.010798+0.000024*delta[0]+0.000044*delta[1]-0.000002*delta[2],0.008893+0.000011*delta[0]+0.000036*delta[1]+0.000002*delta[2],0.007746+0.000017*delta[0]+0.000033*delta[1]+0.000002*delta[2],0.006037+0.000011*delta[0]+0.000023*delta[1]-0.000001*delta[2],0.006126+0.000017*delta[0]+0.000022*delta[1]-0.000001*delta[2],0.006084+0.000010*delta[0]+0.000027*delta[1]-0.000003*delta[2],0.005843+0.000008*delta[0]+0.000021*delta[1]+0.000004*delta[2],0.005537+0.000006*delta[0]+0.000024*delta[1]-0.000005*delta[2],0.005116+0.000008*delta[0]+0.000021*delta[1]-0.000002*delta[2],0.009464+0.000027*delta[0]+0.000044*delta[1]+0.000006*delta[2],0.009076+0.000012*delta[0]+0.000038*delta[1]+0.000002*delta[2],0.008496+0.000010*delta[0]+0.000028*delta[1]+0.000003*delta[2],0.007672+0.000018*delta[0]+0.000029*delta[1]-0.000001*delta[2],0.006759+0.000010*delta[0]+0.000031*delta[1]+0.000001*delta[2],0.010843+0.000015*delta[0]+0.000043*delta[1]+0.000001*delta[2],0.010031+0.000011*delta[0]+0.000044*delta[1]+0.000011*delta[2],0.008911+0.000014*delta[0]+0.000033*delta[1]+0.000004*delta[2],0.008285+0.000016*delta[0]+0.000032*delta[1]-0.000006*delta[2],0.008077+0.000017*delta[0]+0.000032*delta[1]+0.000000*delta[2],0.007620+0.000017*delta[0]+0.000033*delta[1]-0.000006*delta[2],0.007006+0.000014*delta[0]+0.000029*delta[1]-0.000000*delta[2],0.004608+0.000004*delta[0]+0.000016*delta[1]-0.000003*delta[2],0.004560+0.000006*delta[0]+0.000018*delta[1]+0.000001*delta[2],0.004247+0.000009*delta[0]+0.000015*delta[1]-0.000000*delta[2],0.006643+0.000016*delta[0]+0.000026*delta[1]-0.000006*delta[2],0.007466+0.000013*delta[0]+0.000031*delta[1]+0.000002*delta[2],0.007426+0.000013*delta[0]+0.000029*delta[1]+0.000003*delta[2],0.005765+0.000010*delta[0]+0.000021*delta[1]-0.000004*delta[2],0.006584+0.000012*delta[0]+0.000026*delta[1]-0.000003*delta[2],0.006410+0.000012*delta[0]+0.000024*delta[1]+0.000001*delta[2],0.006116+0.000009*delta[0]+0.000019*delta[1]-0.000005*delta[2],0.004121+0.000006*delta[0]+0.000014*delta[1]-0.000000*delta[2],0.004129+0.000003*delta[0]+0.000017*delta[1]+0.000001*delta[2],0.004083+0.000008*delta[0]+0.000018*delta[1]-0.000002*delta[2],0.003999+0.000008*delta[0]+0.000017*delta[1]-0.000000*delta[2],0.003841+0.000005*delta[0]+0.000018*delta[1]+0.000002*delta[2],0.005164+0.000011*delta[0]+0.000017*delta[1]+0.000003*delta[2],0.005204+0.000009*delta[0]+0.000021*delta[1]-0.000001*delta[2],0.005161+0.000010*delta[0]+0.000021*delta[1]+0.000001*delta[2],0.004967+0.000008*delta[0]+0.000021*delta[1]-0.000004*delta[2],0.004746+0.000009*delta[0]+0.000019*delta[1]-0.000000*delta[2],0.003940+0.000005*delta[0]+0.000016*delta[1]-0.000001*delta[2],0.003887+0.000009*delta[0]+0.000015*delta[1]-0.000001*delta[2],0.003774+0.000007*delta[0]+0.000014*delta[1]-0.000001*delta[2],0.003602+0.000006*delta[0]+0.000015*delta[1]+0.000000*delta[2],0.004227+0.000009*delta[0]+0.000014*delta[1]-0.000000*delta[2],0.004198+0.000010*delta[0]+0.000015*delta[1]+0.000000*delta[2],0.004126+0.000007*delta[0]+0.000018*delta[1]-0.000004*delta[2],0.003988+0.000008*delta[0]+0.000017*delta[1]+0.000001*delta[2],0.003823+0.000010*delta[0]+0.000016*delta[1]+0.000000*delta[2]
0.005447+0.000006*delta[0]+0.000018*delta[1]-0.000001*delta[2],0.004162+0.000008*delta[0]+0.000018*delta[1]-0.000002*delta[2],0.003598+0.000007*delta[0]+0.000014*delta[1]-0.000001*delta[2],0.004417+0.000009*delta[0]+0.000019*delta[1]-0.000001*delta[2],0.004148+0.000008*delta[0]+0.000021*delta[1]+0.000002*delta[2],0.003842+0.000010*delta[0]+0.000014*delta[1]+0.000002*delta[2],0.003506+0.000009*delta[0]+0.000015*delta[1]-0.000001*delta[2],0.003182+0.000008*delta[0]+0.000015*delta[1]+0.000000*delta[2],0.002864+0.000008*delta[0]+0.000011*delta[1]+0.000002*delta[2],0.005990+0.000011*delta[0]+0.000023*delta[1]-0.000002*delta[2],0.004798+0.000010*delta[0]+0.000017*delta[1]-0.000002*delta[2],0.004277+0.000008*delta[0]+0.000017*delta[1]-0.000003*delta[2],0.003765+0.000007*delta[0]+0.000013*delta[1]+0.000002*delta[2],0.003289+0.000009*delta[0]+0.000011*delta[1]-0.000001*delta[2],0.005358+0.000008*delta[0]+0.000023*delta[1]-0.000002*delta[2],0.004707+0.000006*delta[0]+0.000020*delta[1]-0.000001*delta[2],0.004079+0.000008*delta[0]+0.000015*delta[1]+0.000003*delta[2],0.004738+0.000013*delta[0]+0.000019*delta[1]-0.000002*delta[2],0.004306+0.000007*delta[0]+0.000016*delta[1]+0.000001*delta[2],0.003871+0.000010*delta[0]+0.000014*delta[1]-0.000004*delta[2],0.003473+0.000007*delta[0]+0.000015*delta[1]-0.000002*delta[2],0.003316+0.000010*delta[0]+0.000013*delta[1]-0.000001*delta[2],0.003098+0.000006*delta[0]+0.000013*delta[1]+0.000000*delta[2],0.002647+0.000008*delta[0]+0.000012*delta[1]-0.000001*delta[2],0.004641+0.000010*delta[0]+0.000017*delta[1]+0.000002*delta[2],0.004982+0.000013*delta[0]+0.000020*delta[1]+0.000001*delta[2],0.004547+0.000009*delta[0]+0.000020*delta[1]+0.000003*delta[2],0.002984+0.000005*delta[0]+0.000013*delta[1]-0.000001*delta[2],0.004084+0.000007*delta[0]+0.000014*delta[1]+0.000001*delta[2],0.003731+0.000008*delta[0]+0.000014*delta[1]-0.000001*delta[2],0.003388+0.000005*delta[0]+0.000014*delta[1]+0.000001*delta[2],0.003112+0.000004*delta[0]+0.000013*delta[1]-0.000001*delta[2],0.002949+0.000003*delta[0]+0.000011*delta[1]+0.000000*delta[2],0.002777+0.000006*delta[0]+0.000011*delta[1]-0.000001*delta[2],0.002601+0.000005*delta[0]+0.000012*delta[1]-0.000001*delta[2],0.002425+0.000006*delta[0]+0.000010*delta[1]+0.000001*delta[2],0.003653+0.000007*delta[0]+0.000016*delta[1]-0.000000*delta[2],0.003433+0.000007*delta[0]+0.000013*delta[1]+0.000001*delta[2],0.003212+0.000006*delta[0]+0.000013*delta[1]+0.000001*delta[2],0.002967+0.000007*delta[0]+0.000013*delta[1]+0.000001*delta[2],0.002744+0.000006*delta[0]+0.000013*delta[1]-0.000002*delta[2],0.002881+0.000007*delta[0]+0.000011*delta[1]+0.000002*delta[2],0.002577+0.000006*delta[0]+0.000011*delta[1]-0.000002*delta[2],0.002406+0.000004*delta[0]+0.000009*delta[1]-0.000001*delta[2],0.002242+0.000003*delta[0]+0.000011*delta[1]-0.000000*delta[2],0.003070+0.000006*delta[0]+0.000011*delta[1]+0.000003*delta[2],0.002895+0.000005*delta[0]+0.000012*delta[1]-0.000002*delta[2],0.002708+0.000004*delta[0]+0.000010*delta[1]-0.000003*delta[2],0.002522+0.000007*delta[0]+0.000009*delta[1]-0.000000*delta[2],0.002341+0.000004*delta[0]+0.000010*delta[1]-0.000001*delta[2]
0.004543+0.000008*delta[0]+0.000021*delta[1]+0.000003*delta[2],0.004040+0.000006*delta[0]+0.000015*delta[1]+0.000000*delta[2],0.003733+0.000006*delta[0]+0.000013*delta[1]+0.000000*delta[2],0.003157+0.000003*delta[0]+0.000011*delta[1]-0.000001*delta[2],0.003159+0.000005*delta[0]+0.000012*delta[1]-0.000002*delta[2],0.003127+0.000006*delta[0]+0.000012*delta[1]-0.000001*delta[2],0.003028+0.000003*delta[0]+0.000013*delta[1]+0.000001*delta[2],0.002906+0.000005*delta[0]+0.000011*delta[1]-0.000001*delta[2],0.002744+0.000004*delta[0]+0.000012*delta[1]-0.000000*delta[2],0.004139+0.000008*delta[0]+0.000021*delta[1]+0.000003*delta[2],0.003943+0.000008*delta[0]+0.000016*delta[1]+0.000000*delta[2],0.003776+0.000007*delta[0]+0.000017*delta[1]-0.000001*delta[2],0.003560+0.000006*delta[0]+0.000015*delta[1]+0.000001*delta[2],0.003301+0.000005*delta[0]+0.000013*delta[1]+0.000001*delta[2],0.004261+0.000007*delta[0]+0.000017*delta[1]-0.000000*delta[2],0.004052+0.000007*delta[0]+0.000015*delta[1]-0.000003*delta[2],0.003807+0.000004*delta[0]+0.000016*delta[1]-0.000000*delta[2],0.003587+0.000004*delta[0]+0.000015*delta[1]-0.000002*delta[2],0.003511+0.000008*delta[0]+0.000012*delta[1]+0.000002*delta[2],0.003384+0.000005*delta[0]+0.000013*delta[1]+0.000000*delta[2],0.003228+0.000006*delta[0]+0.000013*delta[1]-0.000000*delta[2],0.002583+0.000004*delta[0]+0.000012*delta[1]-0.000001*delta[2],0.002546+0.000004*delta[0]+0.000010*delta[1]+0.000000*delta[2],0.002400+0.000004*delta[0]+0.000010*delta[1]-0.000000*delta[2],0.003294+0.000006*delta[0]+0.000011*delta[1]+0.000001*delta[2],0.003394+0.000007*delta[0]+0.000012*delta[1]-0.000000*delta[2],0.003331+0.000004*delta[0]+0.000013*delta[1]-0.000001*delta[2],0.002813+0.000008*delta[0]+0.000012*delta[1]-0.000002*delta[2],0.003078+0.000007*delta[0]+0.000012*delta[1]-0.000000*delta[2],0.003004+0.000005*delta[0]+0.000010*delta[1]-0.000000*delta[2],0.002899+0.000006*delta[0]+0.000011*delta[1]+0.000000*delta[2],0.002312+0.000004*delta[0]+0.000009*delta[1]-0.000000*delta[2],0.002295+0.000004*delta[0]+0.000010*delta[1]+0.000001*delta[2],0.002273+0.000004*delta[0]+0.000009*delta[1]+0.000002*delta[2],0.002230+0.000003*delta[0]+0.000009*delta[1]-0.000001*delta[2],0.002165+0.000004*delta[0]+0.000011*delta[1]+0.000000*delta[2],0.002589+0.000005*delta[0]+0.000011*delta[1]+0.000001*delta[2],0.002580+0.000004*delta[0]+0.000011*delta[1]+0.000000*delta[2],0.002546+0.000006*delta[0]+0.000011*delta[1]-0.000000*delta[2],0.002483+0.000004*delta[0]+0.000011*delta[1]-0.000000*delta[2],0.002403+0.000003*delta[0]+0.000011*delta[1]-0.000000*delta[2],0.002170+0.000003*delta[0]+0.000009*delta[1]-0.000001*delta[2],0.002125+0.000003*delta[0]+0.000008*delta[1]-0.000001*delta[2],0.002082+0.000003*delta[0]+0.000008*delta[1]+0.000000*delta[2],0.002013+0.000003*delta[0]+0.000007*delta[1]-0.000002*delta[2],0.002225+0.000003*delta[0]+0.000009*delta[1]-0.000000*delta[2],0.002208+0.000004*delta[0]+0.000008*delta[1]+0.000001*delta[2],0.002167+0.000004*delta[0]+0.000009*delta[1]-0.000000*delta[2],0.002116+0.000005*delta[0]+0.000010*delta[1]+0.000002*delta[2],0.002042+0.000005*delta[0]+0.000008*delta[1]+0.000001*delta[2]
0.032641+0.000036*delta[0]+0.000130*delta[1]-0.000024*delta[2],0.016113+0.000031*delta[0]+0.000063*delta[1]+0.000011*delta[2],0.011788+0.000034*delta[0]+0.000035*delta[1]-0.000008*delta[2],0.017917+0.000030*delta[0]+0.000060*delta[1]-0.000002*delta[2],0.017343+0.000059*delta[0]+0.000069*delta[1]-0.000024*delta[2],0.015578+0.000033*delta[0]+0.000059*delta[1]-0.000003*delta[2],0.013253+0.000017*delta[0]+0.000045*delta[1]-0.000002*delta[2],0.011048+0.000025*delta[0]+0.000044*delta[1]-0.000005*delta[2],0.008883+0.000020*delta[0]+0.000032*delta[1]-0.000002*delta[2],0.055459+0.000106*delta[0]+0.000201*delta[1]+0.000011*delta[2],0.032012+0.000055*delta[0]+0.000091*delta[1]+0.000013*delta[2],0.022482+0.000048*delta[0]+0.000077*delta[1]+0.000016*delta[2],0.015831+0.000032*delta[0]+0.000066*delta[1]-0.000011*delta[2],0.011491+0.000029*delta[0]+0.000039*delta[1]+0.000001*delta[2],0.057698+0.000098*delta[0]+0.000211*delta[1]-0.000005*delta[2],0.032597+0.000072*delta[0]+0.000098*delta[1]+0.000016*delta[2],0.020075+0.000033*delta[0]+0.000078*delta[1]-0.000009*delta[2],0.036521+0.000064*delta[0]+0.000132*delta[1]-0.000000*delta[2],0.027868+0.000064*delta[0]+0.000116*delta[1]-0.000004*delta[2],0.020289+0.000024*delta[0]+0.000068*delta[1]-0.000000*delta[2],0.014793+0.000022*delta[0]+0.000056*delta[1]-0.000020*delta[2],0.010980+0.000023*delta[0]+0.000042*delta[1]-0.000005*delta[2],0.010199+0.000020*delta[0]+0.000035*delta[1]-0.000002*delta[2],0.008014+0.000016*delta[0]+0.000031*delta[1]-0.000005*delta[2],0.025822+0.000042*delta[0]+0.000079*delta[1]-0.000003*delta[2],0.045134+0.000054*delta[0]+0.000177*delta[1]+0.000004*delta[2],0.038471+0.000052*delta[0]+0.000129*delta[1]+0.000014*delta[2],0.011688+0.000009*delta[0]+0.000047*delta[1]-0.000005*delta[2],0.024217+0.000026*delta[0]+0.000095*delta[1]-0.000009*delta[2],0.019869+0.000022*delta[0]+0.000082*delta[1]-0.000014*delta[2],0.015752+0.000037*delta[0]+0.000059*delta[1]-0.000004*delta[2],0.011101+0.000031*delta[0]+0.000046*delta[1]+0.000001*delta[2],0.010658+0.000020*delta[0]+0.000033*delta[1]-0.000004*delta[2],0.009816+0.000014*delta[0]+0.000037*delta[1]-0.000005*delta[2],0.008830+0.000019*delta[0]+0.000033*delta[1]+0.000007*delta[2],0.007745+0.000018*delta[0]+0.000035*delta[1]-0.000007*delta[2],0.019655+0.000035*delta[0]+0.000073*delta[1]-0.000002*delta[2],0.018311+0.000038*delta[0]+0.000079*delta[1]-0.000005*delta[2],0.016184+0.000028*delta[0]+0.000068*delta[1]-0.000011*delta[2],0.013484+0.000024*delta[0]+0.000050*delta[1]+0.000003*delta[2],0.011068+0.000017*delta[0]+0.000049*delta[1]+0.000001*delta[2],0.011512+0.000018*delta[0]+0.000051*delta[1]-0.000003*delta[2],0.009814+0.000011*delta[0]+0.000033*delta[1]-0.000007*delta[2],0.008624+0.000023*delta[0]+0.000038*delta[1]-0.000001*delta[2],0.007409+0.000015*delta[0]+0.000032*delta[1]+0.000002*delta[2],0.014144+0.000036*delta[0]+0.000059*delta[1]-0.000005*delta[2],0.013189+0.000012*delta[0]+0.000042*delta[1]-0.000002*delta[2],0.011847+0.000022*delta[0]+0.000038*delta[1]-0.000002*delta[2],0.010235+0.000019*delta[0]+0.000042*delta[1]-0.000005*delta[2],0.008691+0.000018*delta[0]+0.000031*delta[1]-0.000003*delta[2]
0.011368+0.000023*delta[0]+0.000051*delta[1]+0.000010*delta[2],0.007985+0.000008*delta[0]+0.000025*delta[1]-0.000000*delta[2],0.006614+0.000012*delta[0]+0.000028*delta[1]+0.000005*delta[2],0.007392+0.000012*delta[0]+0.000026*delta[1]+0.000007*delta[2],0.007104+0.000015*delta[0]+0.000029*delta[1]-0.000003*delta[2],0.006678+0.000011*delta[0]+0.000021*delta[1]+0.000002*delta[2],0.006095+0.000011*delta[0]+0.000031*delta[1]+0.000003*delta[2],0.005461+0.000008*delta[0]+0.000025*delta[1]-0.000001*delta[2],0.004820+0.000010*delta[0]+0.000020*delta[1]+0.000001*delta[2],0.011982+0.000028*delta[0]+0.000051*delta[1]-0.000005*delta[2],0.009612+0.000014*delta[0]+0.000045*delta[1]+0.000002*delta[2],0.008324+0.000013*delta[0]+0.000033*delta[1]+0.000002*delta[2],0.007075+0.000013*delta[0]+0.000029*delta[1]+0.000002*delta[2],0.005939+0.000015*delta[0]+0.000026*delta[1]+0.000001*delta[2],0.011351+0.000014*delta[0]+0.000054*delta[1]-0.000001*delta[2],0.009606+0.000015*delta[0]+0.000042*delta[1]+0.000014*delta[2],0.008006+0.000015*delta[0]+0.000031*delta[1]-0.000001*delta[2],0.008977+0.000017*delta[0]+0.000037*delta[1]+0.000003*delta[2],0.008136+0.000019*delta[0]+0.000035*delta[1]+0.000002*delta[2],0.007205+0.000018*delta[0]+0.000033*delta[1]-0.000005*delta[2],0.006272+0.000007*delta[0]+0.000023*delta[1]-0.000002*delta[2],0.005271+0.000008*delta[0]+0.000026*delta[1]-0.000003*delta[2],0.004970+0.000011*delta[0]+0.000023*delta[1]+0.000000*delta[2],0.004273+0.000008*delta[0]+0.000019*delta[1]-0.000002*delta[2],0.008209+0.000022*delta[0]+0.000029*delta[1]+0.000004*delta[2],0.009078+0.000014*delta[0]+0.000041*delta[1]+0.000003*delta[2],0.008443+0.000019*delta[0]+0.000040*delta[1]+0.000001*delta[2],0.005242+0.000011*delta[0]+0.000022*delta[1]+0.000003*delta[2],0.007143+0.000011*delta[0]+0.000036*delta[1]-0.000000*delta[2],0.006573+0.000002*delta[0]+0.000029*delta[1]-0.000002*delta[2],0.005946+0.000014*delta[0]+0.000021*delta[1]+0.000002*delta[2],0.004829+0.000011*delta[0]+0.000019*delta[1]+0.000002*delta[2],0.004664+0.000009*delta[0]+0.000020*delta[1]+0.000002*delta[2],0.004431+0.000008*delta[0]+0.000018*delta[1]-0.000001*delta[2],0.004176+0.000008*delta[0]+0.000018*delta[1]+0.000003*delta[2],0.003876+0.000010*delta[0]+0.000014*delta[1]+0.000001*delta[2],0.005990+0.000015*delta[0]+0.000024*delta[1]-0.000002*delta[2],0.005752+0.000010*delta[0]+0.000028*delta[1]+0.000003*delta[2],0.005458+0.000012*delta[0]+0.000024*delta[1]+0.000003*delta[2],0.005008+0.000013*delta[0]+0.000020*delta[1]+0.000000*delta[2],0.004607+0.000008*delta[0]+0.000016*delta[1]+0.000000*delta[2],0.004521+0.000008*delta[0]+0.000018*delta[1]+0.000000*delta[2],0.004144+0.000010*delta[0]+0.000019*delta[1]+0.000002*delta[2],0.003886+0.000007*delta[0]+0.000014*delta[1]-0.000001*delta[2],0.003592+0.000007*delta[0]+0.000015*delta[1]-0.000002*delta[2],0.004867+0.000009*delta[0]+0.000020*delta[1]+0.000000*delta[2],0.004665+0.000010*delta[0]+0.000019*delta[1]-0.000002*delta[2],0.004411+0.000014*delta[0]+0.000019*delta[1]+0.000000*delta[2],0.004113+0.000010*delta[0]+0.000018*delta[1]-0.000000*delta[2],0.003797+0.000009*delta[0]+0.000019*delta[1]+0.000000*delta[2]
0.044081+0.000085*delta[0]+0.000154*delta[1]-0.000011*delta[2],0.061151+0.000152*delta[0]+0.000281*delta[1]-0.000020*delta[2],0.051698+0.000073*delta[0]+0.000210*delta[1]+0.000006*delta[2],0.012369+0.000025*delta[0]+0.000056*delta[1]-0.000005*delta[2],0.015414+0.000027*delta[0]+0.000060*delta[1]+0.000004*delta[2],0.018673+0.000029*delta[0]+0.000073*delta[1]-0.000003*delta[2],0.021362+0.000021*delta[0]+0.000077*delta[1]-0.000007*delta[2],0.022806+0.000053*delta[0]+0.000097*delta[1]-0.000003*delta[2],0.021528+0.000046*delta[0]+0.000087*delta[1]-0.000011*delta[2],0.023212+0.000048*delta[0]+0.000082*delta[1]+0.000005*delta[2],0.053250+0.000089*delta[0]+0.000216*delta[1]+0.000030*delta[2],0.074061+0.000148*delta[0]+0.000267*delta[1]-0.000025*delta[2],0.078925+0.000126*delta[0]+0.000317*delta[1]+0.000017*delta[2],0.061379+0.000134*delta[0]+0.000254*delta[1]-0.000026*delta[2],0.096305+0.000248*delta[0]+0.000475*delta[1]+0.000017*delta[2],0.263803+0.000408*delta[0]+0.001196*delta[1]-0.000102*delta[2],0.462191+0.000803*delta[0]+0.002053*delta[1]+0.000191*delta[2],0.035220+0.000083*delta[0]+0.000169*delta[1]+0.000012*delta[2],0.053149+0.000111*delta[0]+0.000232*delta[1]-0.000029*delta[2],0.071581+0.000160*delta[0]+0.000315*delta[1]-0.000019*delta[2],0.075138+0.000194*delta[0]+0.000349*delta[1]-0.000017*delta[2],0.010833+0.000014*delta[0]+0.000052*delta[1]-0.000005*delta[2],0.012211+0.000028*delta[0]+0.000048*delta[1]-0.000001*delta[2],0.013824+0.000032*delta[0]+0.000059*delta[1]-0.000006*delta[2],0.016507+0.000027*delta[0]+0.000075*delta[1]-0.000016*delta[2],0.021052+0.000040*delta[0]+0.000087*delta[1]-0.000007*delta[2],0.030607+0.000056*delta[0]+0.000129*delta[1]-0.000018*delta[2],0.060197+0.000113*delta[0]+0.000266*delta[1]-0.000002*delta[2],0.024222+0.000070*delta[0]+0.000112*delta[1]+0.000002*delta[2],0.031072+0.000069*delta[0]+0.000126*delta[1]-0.000002*delta[2],0.036423+0.000062*delta[0]+0.000112*delta[1]+0.000005*delta[2],0.009877+0.000017*delta[0]+0.000043*delta[1]-0.000006*delta[2],0.011451+0.000030*delta[0]+0.000049*delta[1]+0.000010*delta[2],0.012839+0.000027*delta[0]+0.000046*delta[1]+0.000001*delta[2],0.014027+0.000017*delta[0]+0.000068*delta[1]+0.000003*delta[2],0.014408+0.000026*delta[0]+0.000055*delta[1]-0.000011*delta[2],0.014924+0.000027*delta[0]+0.000071*delta[1]-0.000002*delta[2],0.019092+0.000029*delta[0]+0.000092*delta[1]+0.000009*delta[2],0.023817+0.000042*delta[0]+0.000098*delta[1]+0.000001*delta[2],0.027372+0.000084*delta[0]+0.000106*delta[1]+0.000012*delta[2],0.029028+0.000066*delta[0]+0.000122*delta[1]-0.000016*delta[2],0.011446+0.000019*delta[0]+0.000045*delta[1]-0.000001*delta[2],0.014925+0.000030*delta[0]+0.000059*delta[1]-0.000005*delta[2],0.015793+0.000019*delta[0]+0.000070*delta[1]-0.000008*delta[2],0.015601+0.000028*delta[0]+0.000062*delta[1]-0.000006*delta[2],0.012494+0.000026*delta[0]+0.000044*delta[1]-0.000004*delta[2],0.014847+0.000024*delta[0]+0.000064*delta[1]+0.000006*delta[2],0.017037+0.000042*delta[0]+0.000072*delta[1]-0.000002*delta[2],0.018587+0.000038*delta[0]+0.000079*delta[1]+0.000012*delta[2],0.018862+0.000034*delta[0]+0.000079*delta[1]-0.000005*delta[2]
0.056555+0.000088*delta[0]+0.000152*delta[1]-0.000011*delta[2],0.060148+0.000124*delta[0]+0.000159*delta[1]+0.000007*delta[2],0.044898+0.000119*delta[0]+0.000172*delta[1]-0.000021*delta[2],0.014606+0.000023*delta[0]+0.000051*delta[1]+0.000007*delta[2],0.017998+0.000034*delta[0]+0.000053*delta[1]+0.000003*delta[2],0.021404+0.000050*delta[0]+0.000073*delta[1]+0.000001*delta[2],0.023414+0.000049*delta[0]+0.000096*delta[1]-0.000009*delta[2],0.023516+0.000042*delta[0]+0.000080*delta[1]-0.000012*delta[2],0.020965+0.000024*delta[0]+0.000079*delta[1]-0.000019*delta[2],0.031046+0.000043*delta[0]+0.000113*delta[1]-0.000005*delta[2],0.072180+0.000134*delta[0]+0.000275*delta[1]-0.000043*delta[2],0.089009+0.000139*delta[0]+0.000321*delta[1]-0.000039*delta[2],0.076920+0.000135*delta[0]+0.000320*delta[1]+0.000002*delta[2],0.051716+0.000104*delta[0]+0.000149*delta[1]+0.000020*delta[2],0.190434+0.000320*delta[0]+0.000757*delta[1]+0.000107*delta[2],0.554798+0.000991*delta[0]+0.001741*delta[1]-0.000310*delta[2],0.379524+0.000821*delta[0]+0.001276*delta[1]-0.000008*delta[2],0.044499+0.000082*delta[0]+0.000151*delta[1]-0.000008*delta[2],0.063545+0.000109*delta[0]+0.000236*delta[1]-0.000017*delta[2],0.074055+0.000112*delta[0]+0.000292*delta[1]-0.000057*delta[2],0.064627+0.000096*delta[0]+0.000224*delta[1]-0.000015*delta[2],0.012119+0.000022*delta[0]+0.000042*delta[1]-0.000003*delta[2],0.013414+0.000021*delta[0]+0.000048*delta[1]-0.000000*delta[2],0.014240+0.000025*delta[0]+0.000041*delta[1]+0.000005*delta[2],0.020325+0.000034*delta[0]+0.000083*delta[1]-0.000020*delta[2],0.027246+0.000072*delta[0]+0.000070*delta[1]-0.000006*delta[2],0.040233+0.000093*delta[0]+0.000142*delta[1]-0.000019*delta[2],0.050929+0.000144*delta[0]+0.000160*delta[1]+0.000028*delta[2],0.028500+0.000050*delta[0]+0.000126*delta[1]-0.000006*delta[2],0.034909+0.000047*delta[0]+0.000111*delta[1]+0.000002*delta[2],0.037690+0.000066*delta[0]+0.000120*delta[1]-0.000039*delta[2],0.011179+0.000024*delta[0]+0.000045*delta[1]-0.000005*delta[2],0.012812+0.000017*delta[0]+0.000045*delta[1]+0.000001*delta[2],0.014110+0.000020*delta[0]+0.000042*delta[1]-0.000000*delta[2],0.014875+0.000034*delta[0]+0.000057*delta[1]-0.000003*delta[2],0.014691+0.000030*delta[0]+0.000054*delta[1]+0.000002*delta[2],0.017713+0.000027*delta[0]+0.000057*delta[1]-0.000024*delta[2],0.022177+0.000038*delta[0]+0.000088*delta[1]-0.000004*delta[2],0.026945+0.000054*delta[0]+0.000097*delta[1]-0.000021*delta[2],0.028968+0.000034*delta[0]+0.000107*delta[1]-0.000014*delta[2],0.028511+0.000025*delta[0]+0.000097*delta[1]-0.000014*delta[2],0.013017+0.000026*delta[0]+0.000050*delta[1]+0.000001*delta[2],0.016165+0.000045*delta[0]+0.000049*delta[1]+0.000005*delta[2],0.016483+0.000035*delta[0]+0.000055*delta[1]-0.000003*delta[2],0.015557+0.000017*delta[0]+0.000055*delta[1]+0.000006*delta[2],0.014377+0.000029*delta[0]+0.000048*delta[1]-0.000004*delta[2],0.016799+0.000027*delta[0]+0.000060*delta[1]-0.000004*delta[2],0.018795+0.000048*delta[0]+0.000078*delta[1]-0.000018*delta[2],0.019541+0.000043*delta[0]+0.000070*delta[1]-0.000015*delta[2],0.018945+0.000054*delta[0]+0.000061*delta[1]+0.000017*delta[2]
0.030176+0.000045*delta[0]+0.000095*delta[1]+0.000031*delta[2],0.063183+0.000142*delta[0]+0.000264*delta[1]-0.000006*delta[2],0.073199+0.000144*delta[0]+0.000234*delta[1]+0.000013*delta[2],0.009824+0.000016*delta[0]+0.000030*delta[1]-0.000004*delta[2],0.012560+0.000016*delta[0]+0.000041*delta[1]+0.000007*delta[2],0.015950+0.000032*delta[0]+0.000075*delta[1]+0.000005*delta[2],0.019702+0.000017*delta[0]+0.000069*delta[1]-0.000009*delta[2],0.023419+0.000057*delta[0]+0.000084*delta[1]+0.000004*delta[2],0.025036+0.000052*delta[0]+0.000112*delta[1]+0.000006*delta[2],0.015110+0.000022*delta[0]+0.000056*delta[1]+0.000013*delta[2],0.034326+0.000046*delta[0]+0.000112*delta[1]+0.000034*delta[2],0.055306+0.000103*delta[0]+0.000203*delta[1]+0.000040*delta[2],0.083825+0.000159*delta[0]+0.000332*delta[1]-0.000015*delta[2],0.096198+0.000237*delta[0]+0.000352*delta[1]+0.000034*delta[2],0.038007+0.000084*delta[0]+0.000140*delta[1]-0.000011*delta[2],0.079885+0.000090*delta[0]+0.000268*delta[1]-0.000032*delta[2],0.212877+0.000385*delta[0]+0.000845*delta[1]-0.000010*delta[2],0.021094+0.000039*delta[0]+0.000064*delta[1]-0.000004*delta[2],0.031573+0.000083*delta[0]+0.000129*delta[1]+0.000000*delta[2],0.047329+0.000111*delta[0]+0.000144*delta[1]-0.000008*delta[2],0.065790+0.000118*delta[0]+0.000203*delta[1]+0.000039*delta[2],0.009511+0.000016*delta[0]+0.000030*delta[1]-0.000003*delta[2],0.011233+0.000016*delta[0]+0.000041*delta[1]-0.000000*delta[2],0.014482+0.000026*delta[0]+0.000055*delta[1]+0.000002*delta[2],0.012281+0.000018*delta[0]+0.000049*delta[1]-0.000003*delta[2],0.013601+0.000027*delta[0]+0.000050*delta[1]+0.000000*delta[2],0.018957+0.000040*delta[0]+0.000072*delta[1]+0.000012*delta[2],0.068928+0.000108*delta[0]+0.000242*delta[1]+0.000011*delta[2],0.016562+0.000025*delta[0]+0.000058*delta[1]+0.000004*delta[2],0.021975+0.000039*delta[0]+0.000081*delta[1]-0.000006*delta[2],0.028296+0.000051*delta[0]+0.000091*delta[1]+0.000014*delta[2],0.008420+0.000018*delta[0]+0.000034*delta[1]-0.000003*delta[2],0.010056+0.000014*delta[0]+0.000043*delta[1]+0.000004*delta[2],0.011844+0.000020*delta[0]+0.000048*delta[1]-0.000001*delta[2],0.013692+0.000022*delta[0]+0.000041*delta[1]-0.000008*delta[2],0.015181+0.000018*delta[0]+0.000053*delta[1]+0.000005*delta[2],0.011025+0.000026*delta[0]+0.000037*delta[1]+0.000004*delta[2],0.014119+0.000023*delta[0]+0.000060*delta[1]+0.000002*delta[2],0.018280+0.000028*delta[0]+0.000068*delta[1]-0.000006*delta[2],0.022645+0.000047*delta[0]+0.000089*delta[1]+0.000020*delta[2],0.027086+0.000032*delta[0]+0.000102*delta[1]+0.000013*delta[2],0.009657+0.000019*delta[0]+0.000040*delta[1]+0.000002*delta[2],0.013779+0.000023*delta[0]+0.000054*delta[1]-0.000009*delta[2],0.015733+0.000024*delta[0]+0.000056*delta[1]-0.000001*delta[2],0.016854+0.000027*delta[0]+0.000064*delta[1]-0.000010*delta[2],0.009794+0.000019*delta[0]+0.000035*delta[1]+0.000002*delta[2],0.011934+0.000022*delta[0]+0.000040*delta[1]+0.000002*delta[2],0.014368+0.000028*delta[0]+0.000062*delta[1]+0.000002*delta[2],0.016778+0.000017*delta[0]+0.000057*delta[1]-0.000010*delta[2],0.018723+0.000029*delta[0]+0.000056*delta[1]-0.000002*delta[2]
0.066186+0.000131*delta[0]+0.000215*delta[1]-0.000021*delta[2],0.071886+0.000126*delta[0]+0.000212*delta[1]-0.000014*delta[2],0.050954+0.000140*delta[0]+0.000201*delta[1]+0.000007*delta[2],0.015373+0.000027*delta[0]+0.000052*delta[1]-0.000004*delta[2],0.019249+0.000043*delta[0]+0.000059*delta[1]-0.000013*delta[2],0.023145+0.000047*delta[0]+0.000077*delta[1]-0.000011*delta[2],0.025528+0.000068*delta[0]+0.000081*delta[1]+0.000004*delta[2],0.025653+0.000049*delta[0]+0.000081*delta[1]-0.000018*delta[2],0.022760+0.000057*delta[0]+0.000064*delta[1]-0.000005*delta[2],0.032484+0.000071*delta[0]+0.000117*delta[1]+0.000007*delta[2],0.082644+0.000146*delta[0]+0.000290*delta[1]+0.000002*delta[2],0.105570+0.000154*delta[0]+0.000373*delta[1]-0.000018*delta[2],0.089117+0.000231*delta[0]+0.000235*delta[1]-0.000057*delta[2],0.056948+0.000088*delta[0]+0.000221*delta[1]-0.000008*delta[2],0.172028+0.000449*delta[0]+0.000569*delta[1]-0.000043*delta[2],0.435375+0.000720*delta[0]+0.001332*delta[1]-0.000026*delta[2],0.327681+0.000575*delta[0]+0.001087*delta[1]-0.000087*delta[2],0.039270+0.000128*delta[0]+0.000132*delta[1]-0.000008*delta[2],0.053797+0.000131*delta[0]+0.000180*delta[1]-0.000016*delta[2],0.061665+0.000154*delta[0]+0.000220*delta[1]-0.000017*delta[2],0.055434+0.000106*delta[0]+0.000171*delta[1]-0.000027*delta[2],0.012792+0.000026*delta[0]+0.000047*delta[1]-0.000003*delta[2],0.014237+0.000027*delta[0]+0.000045*delta[1]-0.000003*delta[2],0.015106+0.000030*delta[0]+0.000047*delta[1]-0.000010*delta[2],0.021294+0.000038*delta[0]+0.000075*delta[1]+0.000011*delta[2],0.025527+0.000077*delta[0]+0.000088*delta[1]-0.000003*delta[2],0.037129+0.000071*delta[0]+0.000117*delta[1]+0.000014*delta[2],0.046828+0.000087*delta[0]+0.000168*delta[1]+0.000024*delta[2],0.025656+0.000051*delta[0]+0.000087*delta[1]-0.000011*delta[2],0.030881+0.000080*delta[0]+0.000104*delta[1]-0.000013*delta[2],0.033085+0.000081*delta[0]+0.000103*delta[1]-0.000019*delta[2],0.011537+0.000027*delta[0]+0.000044*delta[1]-0.000009*delta[2],0.013325+0.000025*delta[0]+0.000048*delta[1]+0.000004*delta[2],0.014735+0.000029*delta[0]+0.000053*delta[1]+0.000015*delta[2],0.015537+0.000035*delta[0]+0.000053*delta[1]+0.000007*delta[2],0.015308+0.000038*delta[0]+0.000055*delta[1]-0.000004*delta[2],0.016709+0.000040*delta[0]+0.000063*delta[1]-0.000011*delta[2],0.020704+0.000051*delta[0]+0.000058*delta[1]-0.000006*delta[2],0.024805+0.000060*delta[0]+0.000082*delta[1]+0.000001*delta[2],0.026650+0.000051*delta[0]+0.000090*delta[1]-0.000026*delta[2],0.026347+0.000043*delta[0]+0.000103*delta[1]+0.000001*delta[2],0.013193+0.000024*delta[0]+0.000038*delta[1]-0.000003*delta[2],0.016448+0.000042*delta[0]+0.000056*delta[1]-0.000009*delta[2],0.016796+0.000037*delta[0]+0.000063*delta[1]-0.000017*delta[2],0.015897+0.000024*delta[0]+0.000056*delta[1]+0.000007*delta[2],0.013830+0.000028*delta[0]+0.000048*delta[1]+0.000003*delta[2],0.016121+0.000037*delta[0]+0.000056*delta[1]-0.000001*delta[2],0.017945+0.000028*delta[0]+0.000053*delta[1]-0.000014*delta[2],0.018633+0.000049*delta[0]+0.000054*delta[1]+0.000010*delta[2],0.018166+0.000051*delta[0]+0.000056*delta[1]-0.000007*delta[2]
0.002625+0.000006*delta[0]+0.000010*delta[1]-0.000001*delta[2],0.002234+0.000005*delta[0]+0.000011*delta[1]-0.000000*delta[2],0.002050+0.000004*delta[0]+0.000008*delta[1]-0.000000*delta[2],0.002228+0.000005*delta[0]+0.000009*delta[1]+0.000001*delta[2],0.002138+0.000005*delta[0]+0.000010*delta[1]+0.000001*delta[2],0.002045+0.000004*delta[0]+0.000009*delta[1]-0.000000*delta[2],0.001924+0.000005*delta[0]+0.000008*delta[1]-0.000001*delta[2],0.001811+0.000006*delta[0]+0.000007*delta[1]+0.000000*delta[2],0.001691+0.000003*delta[0]+0.000007*delta[1]-0.000001*delta[2],0.002631+0.000007*delta[0]+0.000012*delta[1]-0.000001*delta[2],0.002332+0.000006*delta[0]+0.000011*delta[1]+0.000000*delta[2],0.002174+0.000004*delta[0]+0.000010*delta[1]+0.000001*delta[2],0.002016+0.000005*delta[0]+0.000009*delta[1]+0.000001*delta[2],0.001862+0.000004*delta[0]+0.000008*delta[1]+0.000000*delta[2],0.002406+0.000006*delta[0]+0.000010*delta[1]-0.000001*delta[2],0.002239+0.000006*delta[0]+0.000010*delta[1]+0.000001*delta[2],0.002068+0.000005*delta[0]+0.000008*delta[1]-0.000001*delta[2],0.002127+0.000003*delta[0]+0.000009*delta[1]+0.000000*delta[2],0.002028+0.000006*delta[0]+0.000005*delta[1]-0.000001*delta[2],0.001912+0.000004*delta[0]+0.000007*delta[1]-0.000001*delta[2],0.001799+0.000004*delta[0]+0.000007*delta[1]-0.000001*delta[2],0.001834+0.000004*delta[0]+0.000007*delta[1]-0.000001*delta[2],0.001746+0.000004*delta[0]+0.000007*delta[1]+0.000001*delta[2],0.001573+0.000004*delta[0]+0.000006*delta[1]-0.000001*delta[2],0.002225+0.000007*delta[0]+0.000010*delta[1]+0.000001*delta[2],0.002166+0.000004*delta[0]+0.000009*delta[1]-0.000001*delta[2],0.002060+0.000004*delta[0]+0.000007*delta[1]+0.000001*delta[2],0.001613+0.000003*delta[0]+0.000007*delta[1]+0.000000*delta[2],0.001895+0.000003*delta[0]+0.000007*delta[1]+0.000000*delta[2],0.001806+0.000005*delta[0]+0.000007*delta[1]+0.000001*delta[2],0.001712+0.000004*delta[0]+0.000006*delta[1]-0.000000*delta[2],0.001687+0.000005*delta[0]+0.000007*delta[1]+0.000001*delta[2],0.001628+0.000003*delta[0]+0.000007*delta[1]-0.000000*delta[2],0.001552+0.000003*delta[0]+0.000007*delta[1]+0.000000*delta[2],0.001489+0.000003*delta[0]+0.000005*delta[1]+0.000000*delta[2],0.001424+0.000003*delta[0]+0.000005*delta[1]-0.000000*delta[2],0.001737+0.000003*delta[0]+0.000007*delta[1]-0.000001*delta[2],0.001673+0.000004*delta[0]+0.000007*delta[1]-0.000000*delta[2],0.001611+0.000003*delta[0]+0.000007*delta[1]+0.000001*delta[2],0.001537+0.000003*delta[0]+0.000007*delta[1]-0.000001*delta[2],0.001469+0.000004*delta[0]+0.000006*delta[1]-0.000000*delta[2],0.001531+0.000003*delta[0]+0.000006*delta[1]+0.000000*delta[2],0.001427+0.000004*delta[0]+0.000005*delta[1]-0.000001*delta[2],0.001371+0.000002*delta[0]+0.000007*delta[1]+0.000000*delta[2],0.001306+0.000003*delta[0]+0.000005*delta[1]-0.000000*delta[2],0.001541+0.000003*delta[0]+0.000006*delta[1]-0.000001*delta[2],0.001476+0.000003*delta[0]+0.000006*delta[1]-0.000001*delta[2],0.001421+0.000002*delta[0]+0.000006*delta[1]-0.000001*delta[2],0.001358+0.000003*delta[0]+0.000005*delta[1]-0.000001*delta[2],0.001298+0.000002*delta[0]+0.000006*delta[1]+0.000001*delta[2]
0.007487+0.000015*delta[0]+0.000033*delta[1]-0.000000*delta[2],0.011912+0.000026*delta[0]+0.000048*delta[1]-0.000005*delta[2],0.015030+0.000030*delta[0]+0.000064*delta[1]-0.000003*delta[2],0.003817+0.000011*delta[0]+0.000014*delta[1]+0.000001*delta[2],0.004507+0.000006*delta[0]+0.000019*delta[1]-0.000002*delta[2],0.005307+0.000011*delta[0]+0.000019*delta[1]+0.000001*delta[2],0.006241+0.000012*delta[0]+0.000022*delta[1]+0.000001*delta[2],0.007324+0.000018*delta[0]+0.000031*delta[1]-0.000005*delta[2],0.008463+0.000017*delta[0]+0.000036*delta[1]+0.000003*delta[2],0.004745+0.000008*delta[0]+0.000018*delta[1]-0.000002*delta[2],0.007006+0.000013*delta[0]+0.000032*delta[1]+0.000005*delta[2],0.008603+0.000012*delta[0]+0.000034*delta[1]-0.000005*delta[2],0.010568+0.000020*delta[0]+0.000043*delta[1]+0.000000*delta[2],0.012802+0.000027*delta[0]+0.000050*delta[1]+0.000005*delta[2],0.006840+0.000014*delta[0]+0.000022*delta[1]-0.000004*delta[2],0.008398+0.000012*delta[0]+0.000033*delta[1]-0.000000*delta[2],0.010333+0.000021*delta[0]+0.000043*delta[1]-0.000007*delta[2],0.005037+0.000010*delta[0]+0.000018*delta[1]+0.000000*delta[2],0.005981+0.000008*delta[0]+0.000025*delta[1]-0.000005*delta[2],0.007146+0.000018*delta[0]+0.000030*delta[1]-0.000002*delta[2],0.008476+0.000014*delta[0]+0.000039*delta[1]-0.000002*delta[2],0.003886+0.000009*delta[0]+0.000014*delta[1]-0.000002*delta[2],0.004433+0.000007*delta[0]+0.000016*delta[1]-0.000003*delta[2],0.005752+0.000009*delta[0]+0.000023*delta[1]-0.000001*delta[2],0.004158+0.000010*delta[0]+0.000016*delta[1]-0.000003*delta[2],0.003992+0.000008*delta[0]+0.000015*delta[1]-0.000000*delta[2],0.004618+0.000010*delta[0]+0.000023*delta[1]-0.000003*delta[2],0.008537+0.000023*delta[0]+0.000033*delta[1]+0.000003*delta[2],0.004372+0.000008*delta[0]+0.000015*delta[1]-0.000003*delta[2],0.005050+0.000007*delta[0]+0.000019*delta[1]-0.000001*delta[2],0.005826+0.000011*delta[0]+0.000025*delta[1]+0.000002*delta[2],0.003263+0.000006*delta[0]+0.000011*delta[1]+0.000000*delta[2],0.003695+0.000007*delta[0]+0.000013*delta[1]-0.000000*delta[2],0.004197+0.000009*delta[0]+0.000016*delta[1]+0.000001*delta[2],0.004753+0.000008*delta[0]+0.000020*delta[1]-0.000001*delta[2],0.005350+0.000011*delta[0]+0.000021*delta[1]-0.000003*delta[2],0.003378+0.000008*delta[0]+0.000011*delta[1]+0.000001*delta[2],0.003850+0.000009*delta[0]+0.000015*delta[1]+0.000001*delta[2],0.004406+0.000009*delta[0]+0.000019*delta[1]+0.000001*delta[2],0.005005+0.000012*delta[0]+0.000021*delta[1]+0.000000*delta[2],0.005688+0.000008*delta[0]+0.000023*delta[1]-0.000003*delta[2],0.003301+0.000005*delta[0]+0.000013*delta[1]-0.000002*delta[2],0.004209+0.000009*delta[0]+0.000017*delta[1]-0.000003*delta[2],0.004745+0.000010*delta[0]+0.000021*delta[1]-0.000005*delta[2],0.005274+0.000010*delta[0]+0.000023*delta[1]-0.000001*delta[2],0.003124+0.000007*delta[0]+0.000013*delta[1]-0.000002*delta[2],0.003499+0.000005*delta[0]+0.000015*delta[1]+0.000000*delta[2],0.003906+0.000006*delta[0]+0.000015*delta[1]+0.000002*delta[2],0.004352+0.000010*delta[0]+0.000019*delta[1]+0.000002*delta[2],0.004820+0.000012*delta[0]+0.000018*delta[1]+0.000002*delta[2]
0.006375+0.000011*delta[0]+0.000029*delta[1]-0.000001*delta[2],0.005754+0.000011*delta[0]+0.000022*delta[1]-0.000004*delta[2],0.005296+0.000009*delta[0]+0.000021*delta[1]-0.000002*delta[2],0.004102+0.000004*delta[0]+0.000015*delta[1]+0.000000*delta[2],0.004170+0.000006*delta[0]+0.000017*delta[1]+0.000000*delta[2],0.004187+0.000009*delta[0]+0.000012*delta[1]+0.000002*delta[2],0.004108+0.000009*delta[0]+0.000019*delta[1]-0.000000*delta[2],0.003954+0.000007*delta[0]+0.000012*delta[1]+0.000000*delta[2],0.003747+0.000008*delta[0]+0.000015*delta[1]+0.000001*delta[2],0.005385+0.000011*delta[0]+0.000017*delta[1]-0.000004*delta[2],0.005331+0.000012*delta[0]+0.000023*delta[1]-0.000004*delta[2],0.005150+0.000011*delta[0]+0.000018*delta[1]-0.000001*delta[2],0.004855+0.000008*delta[0]+0.000023*delta[1]-0.000001*delta[2],0.004511+0.000007*delta[0]+0.000018*delta[1]+0.000001*delta[2],0.005435+0.000013*delta[0]+0.000023*delta[1]-0.000005*delta[2],0.005248+0.000007*delta[0]+0.000017*delta[1]-0.000002*delta[2],0.004966+0.000010*delta[0]+0.000016*delta[1]+0.000002*delta[2],0.004213+0.000012*delta[0]+0.000011*delta[1]+0.000001*delta[2],0.004202+0.000010*delta[0]+0.000017*delta[1]+0.000002*delta[2],0.004103+0.000004*delta[0]+0.000013*delta[1]-0.000000*delta[2],0.003944+0.000012*delta[0]+0.000018*delta[1]-0.000002*delta[2],0.003361+0.000008*delta[0]+0.000014*delta[1]-0.000001*delta[2],0.003346+0.000007*delta[0]+0.000013*delta[1]-0.000003*delta[2],0.003204+0.000007*delta[0]+0.000013*delta[1]-0.000000*delta[2],0.004213+0.000011*delta[0]+0.000014*delta[1]-0.000001*delta[2],0.003963+0.000008*delta[0]+0.000016*delta[1]-0.000000*delta[2],0.003963+0.000009*delta[0]+0.000018*delta[1]+0.000001*delta[2],0.003504+0.000007*delta[0]+0.000015*delta[1]+0.000003*delta[2],0.003536+0.000005*delta[0]+0.000014*delta[1]-0.000001*delta[2],0.003510+0.000006*delta[0]+0.000015*delta[1]-0.000001*delta[2],0.003442+0.000008*delta[0]+0.000015*delta[1]-0.000001*delta[2],0.002895+0.000006*delta[0]+0.000011*delta[1]+0.000000*delta[2],0.002921+0.000007*delta[0]+0.000011*delta[1]-0.000000*delta[2],0.002909+0.000003*delta[0]+0.000011*delta[1]+0.000002*delta[2],0.002870+0.000005*delta[0]+0.000013*delta[1]+0.000000*delta[2],0.002806+0.000006*delta[0]+0.000011*delta[1]-0.000000*delta[2],0.002979+0.000006*delta[0]+0.000011*delta[1]+0.000002*delta[2],0.002996+0.000005*delta[0]+0.000012*delta[1]+0.000001*delta[2],0.003002+0.000004*delta[0]+0.000012*delta[1]+0.000002*delta[2],0.002949+0.000006*delta[0]+0.000014*delta[1]-0.000003*delta[2],0.002901+0.000005*delta[0]+0.000011*delta[1]-0.000000*delta[2],0.002654+0.000004*delta[0]+0.000012*delta[1]+0.000001*delta[2],0.002653+0.000006*delta[0]+0.000011*delta[1]-0.000000*delta[2],0.002618+0.000005*delta[0]+0.000009*delta[1]+0.000002*delta[2],0.002545+0.000004*delta[0]+0.000010*delta[1]+0.000002*delta[2],0.002580+0.000006*delta[0]+0.000009*delta[1]+0.000001*delta[2],0.002585+0.000006*delta[0]+0.000009*delta[1]+0.000000*delta[2],0.002560+0.000004*delta[0]+0.000010*delta[1]-0.000003*delta[2],0.002524+0.000004*delta[0]+0.000009*delta[1]-0.000001*delta[2],0.002466+0.000006*delta[0]+0.000009*delta[1]+0.000002*delta[2]
0.012604+0.000021*delta[0]+0.000060*delta[1]+0.000003*delta[2],0.014786+0.000027*delta[0]+0.000065*delta[1]+0.000003*delta[2],0.014581+0.000026*delta[0]+0.000065*delta[1]+0.000010*delta[2],0.005754+0.000009*delta[0]+0.000023*delta[1]-0.000001*delta[2],0.006486+0.000014*delta[0]+0.000027*delta[1]+0.000001*delta[2],0.007140+0.000014*delta[0]+0.000030*delta[1]+0.000004*delta[2],0.007682+0.000019*delta[0]+0.000034*delta[1]-0.000000*delta[2],0.008019+0.000017*delta[0]+0.000037*delta[1]+0.000001*delta[2],0.008020+0.000013*delta[0]+0.000033*delta[1]-0.000001*delta[2],0.007988+0.000019*delta[0]+0.000036*delta[1]-0.000002*delta[2],0.010199+0.000017*delta[0]+0.000043*delta[1]+0.000003*delta[2],0.011107+0.000019*delta[0]+0.000043*delta[1]+0.000003*delta[2],0.011490+0.000021*delta[0]+0.000052*delta[1]+0.000001*delta[2],0.011297+0.000020*delta[0]+0.000046*delta[1]-0.000001*delta[2],0.009872+0.000022*delta[0]+0.000048*delta[1]-0.000007*delta[2],0.010775+0.000013*delta[0]+0.000050*delta[1]+0.000003*delta[2],0.011269+0.000021*delta[0]+0.000051*delta[1]-0.000003*delta[2],0.006562+0.000008*delta[0]+0.000023*delta[1]+0.000003*delta[2],0.007153+0.000014*delta[0]+0.000027*delta[1]+0.000002*delta[2],0.007662+0.000011*delta[0]+0.000034*delta[1]+0.000005*delta[2],0.007916+0.000008*delta[0]+0.000033*delta[1]-0.000000*delta[2],0.005108+0.000009*delta[0]+0.000025*delta[1]+0.000002*delta[2],0.005445+0.000011*delta[0]+0.000021*delta[1]+0.000005*delta[2],0.005929+0.000011*delta[0]+0.000027*delta[1]+0.000001*delta[2],0.006171+0.000010*delta[0]+0.000027*delta[1]+0.000002*delta[2],0.005554+0.000009*delta[0]+0.000021*delta[1]+0.000002*delta[2],0.006074+0.000010*delta[0]+0.000022*delta[1]-0.000001*delta[2],0.007175+0.000008*delta[0]+0.000028*delta[1]-0.000000*delta[2],0.005306+0.000012*delta[0]+0.000026*delta[1]+0.000003*delta[2],0.005687+0.000008*delta[0]+0.000025*delta[1]-0.000003*delta[2],0.005948+0.000013*delta[0]+0.000028*delta[1]+0.000001*delta[2],0.004166+0.000006*delta[0]+0.000017*delta[1]+0.000000*delta[2],0.004478+0.000003*delta[0]+0.000019*delta[1]-0.000002*delta[2],0.004769+0.000011*delta[0]+0.000018*delta[1]+0.000001*delta[2],0.004995+0.000012*delta[0]+0.000014*delta[1]+0.000001*delta[2],0.005126+0.000007*delta[0]+0.000022*delta[1]+0.000001*delta[2],0.004171+0.000006*delta[0]+0.000019*delta[1]-0.000000*delta[2],0.004494+0.000013*delta[0]+0.000020*delta[1]+0.000002*delta[2],0.004814+0.000005*delta[0]+0.000019*delta[1]-0.000001*delta[2],0.005008+0.000006*delta[0]+0.000021*delta[1]+0.000001*delta[2],0.005184+0.000007*delta[0]+0.000019*delta[1]+0.000004*delta[2],0.003930+0.000008*delta[0]+0.000018*delta[1]+0.000004*delta[2],0.004413+0.000009*delta[0]+0.000019*delta[1]+0.000000*delta[2],0.004596+0.000009*delta[0]+0.000018*delta[1]+0.000002*delta[2],0.004640+0.000007*delta[0]+0.000021*delta[1]-0.000002*delta[2],0.003662+0.000005*delta[0]+0.000016*delta[1]+0.000003*delta[2],0.003891+0.000007*delta[0]+0.000018*delta[1]+0.000000*delta[2],0.004074+0.000008*delta[0]+0.000015*delta[1]+0.000002*delta[2],0.004209+0.000008*delta[0]+0.000018*delta[1]+0.000002*delta[2],0.004277+0.000010*delta[0]+0.000018*delta[1]+0.000003*delta[2]
0.097885+0.000158*delta[0]+0.000401*delta[1]-0.000066*delta[2],0.346572+0.000473*delta[0]+0.001358*delta[1]-0.000025*delta[2],0.176063+0.000331*delta[0]+0.000673*delta[1]-0.000035*delta[2],0.016778+0.000017*delta[0]+0.000066*delta[1]-0.000001*delta[2],0.023264+0.000033*delta[0]+0.000098*delta[1]-0.000011*delta[2],0.031978+0.000041*delta[0]+0.000136*delta[1]-0.000015*delta[2],0.040897+0.000073*delta[0]+0.000208*delta[1]-0.000015*delta[2],0.045974+0.000088*delta[0]+0.000178*delta[1]+0.000029*delta[2],0.041758+0.000070*delta[0]+0.000182*delta[1]+0.000019*delta[2],0.026897+0.000061*delta[0]+0.000117*delta[1]-0.000012*delta[2],0.097779+0.000140*delta[0]+0.000404*delta[1]-0.000002*delta[2],0.213087+0.000448*delta[0]+0.000772*delta[1]-0.000198*delta[2],0.264114+0.000378*delta[0]+0.001030*delta[1]+0.000060*delta[2],0.139797+0.000230*delta[0]+0.000544*delta[1]+0.000007*delta[2],0.059622+0.000128*delta[0]+0.000205*delta[1]-0.000017*delta[2],0.098765+0.000196*delta[0]+0.000420*delta[1]-0.000029*delta[2],0.126270+0.000298*delta[0]+0.000529*delta[1]+0.000063*delta[2],0.020250+0.000036*delta[0]+0.000069*delta[1]-0.000003*delta[2],0.025572+0.000053*delta[0]+0.000098*delta[1]-0.000008*delta[2],0.029692+0.000071*delta[0]+0.000109*delta[1]+0.000004*delta[2],0.030929+0.000075*delta[0]+0.000125*delta[1]-0.000012*delta[2],0.015658+0.000031*delta[0]+0.000062*delta[1]-0.000006*delta[2],0.018848+0.000035*delta[0]+0.000090*delta[1]+0.000001*delta[2],0.022863+0.000038*delta[0]+0.000095*delta[1]-0.000015*delta[2],0.021226+0.000043*delta[0]+0.000087*delta[1]+0.000002*delta[2],0.015956+0.000028*delta[0]+0.000062*delta[1]+0.000002*delta[2],0.021257+0.000030*delta[0]+0.000105*delta[1]-0.000000*delta[2],0.034167+0.000083*delta[0]+0.000133*delta[1]+0.000003*delta[2],0.015077+0.000022*delta[0]+0.000057*delta[1]+0.000008*delta[2],0.017658+0.000030*delta[0]+0.000064*delta[1]-0.000008*delta[2],0.019420+0.000042*delta[0]+0.000066*delta[1]-0.000007*delta[2],0.012537+0.000027*delta[0]+0.000060*delta[1]-0.000001*delta[2],0.015150+0.000028*delta[0]+0.000051*delta[1]-0.000002*delta[2],0.017886+0.000038*delta[0]+0.000059*delta[1]+0.000004*delta[2],0.020047+0.000062*delta[0]+0.000072*delta[1]-0.000010*delta[2],0.020813+0.000032*delta[0]+0.000077*delta[1]+0.000004*delta[2],0.011567+0.000024*delta[0]+0.000041*delta[1]+0.000003*delta[2],0.013863+0.000021*delta[0]+0.000050*delta[1]-0.000005*delta[2],0.016432+0.000033*delta[0]+0.000068*delta[1]+0.000005*delta[2],0.018138+0.000025*delta[0]+0.000071*delta[1]-0.000005*delta[2],0.019056+0.000039*delta[0]+0.000087*delta[1]+0.000008*delta[2],0.013033+0.000026*delta[0]+0.000045*delta[1]-0.000007*delta[2],0.017781+0.000034*delta[0]+0.000062*delta[1]-0.000001*delta[2],0.019207+0.000050*delta[0]+0.000075*delta[1]+0.000009*delta[2],0.018997+0.000038*delta[0]+0.000079*delta[1]+0.000006*delta[2],0.010636+0.000022*delta[0]+0.000041*delta[1]+0.000008*delta[2],0.012337+0.000023*delta[0]+0.000049*delta[1]+0.000004*delta[2],0.013946+0.000020*delta[0]+0.000053*delta[1]+0.000003*delta[2],0.015086+0.000043*delta[0]+0.000069*delta[1]+0.000001*delta[2],0.015352+0.000028*delta[0]+0.000061*delta[1]+0.000001*delta[2]
0.503218+0.001475*delta[0]+0.001987*delta[1]-0.000058*delta[2],0.090673+0.000244*delta[0]+0.000308*delta[1]+0.000010*delta[2],0.042109+0.000109*delta[0]+0.000174*delta[1]+0.000004*delta[2],0.030194+0.000062*delta[0]+0.000123*delta[1]+0.000010*delta[2],0.039821+0.000073*delta[0]+0.000159*delta[1]+0.000017*delta[2],0.046567+0.000096*delta[0]+0.000179*delta[1]+0.000060*delta[2],0.044483+0.000101*delta[0]+0.000170*delta[1]-0.000032*delta[2],0.036360+0.000058*delta[0]+0.000163*delta[1]-0.000011*delta[2],0.026444+0.000044*delta[0]+0.000104*delta[1]-0.000009*delta[2],0.084278+0.000211*delta[0]+0.000410*delta[1]+0.000008*delta[2],0.264319+0.000369*delta[0]+0.001182*delta[1]+0.000038*delta[2],0.162628+0.000348*delta[0]+0.000688*delta[1]+0.000017*delta[2],0.074283+0.000156*delta[0]+0.000298*delta[1]+0.000028*delta[2],0.037908+0.000077*delta[0]+0.000141*delta[1]-0.000001*delta[2],0.097311+0.000252*delta[0]+0.000435*delta[1]+0.000038*delta[2],0.087250+0.000147*delta[0]+0.000401*delta[1]+0.000013*delta[2],0.058829+0.000118*delta[0]+0.000182*delta[1]-0.000023*delta[2],0.024593+0.000051*delta[0]+0.000083*delta[1]-0.000011*delta[2],0.026194+0.000058*delta[0]+0.000107*delta[1]-0.000011*delta[2],0.024741+0.000056*delta[0]+0.000110*delta[1]+0.000003*delta[2],0.021443+0.000038*delta[0]+0.000079*delta[1]-0.000011*delta[2],0.021463+0.000042*delta[0]+0.000084*delta[1]+0.000011*delta[2],0.022783+0.000035*delta[0]+0.000084*delta[1]+0.000024*delta[2],0.019980+0.000038*delta[0]+0.000074*delta[1]-0.000002*delta[2],0.042569+0.000086*delta[0]+0.000179*delta[1]-0.000008*delta[2],0.023963+0.000034*delta[0]+0.000084*delta[1]-0.000007*delta[2],0.029101+0.000052*delta[0]+0.000118*delta[1]+0.000005*delta[2],0.020936+0.000038*delta[0]+0.000078*delta[1]-0.000004*delta[2],0.017360+0.000044*delta[0]+0.000060*delta[1]+0.000008*delta[2],0.017884+0.000039*delta[0]+0.000068*delta[1]-0.000009*delta[2],0.017095+0.000032*delta[0]+0.000062*delta[1]+0.000004*delta[2],0.017149+0.000035*delta[0]+0.000083*delta[1]+0.000006*delta[2],0.019203+0.000038*delta[0]+0.000079*delta[1]-0.000009*delta[2],0.020060+0.000043*delta[0]+0.000067*delta[1]-0.000004*delta[2],0.019408+0.000040*delta[0]+0.000071*delta[1]-0.000002*delta[2],0.017434+0.000029*delta[0]+0.000059*delta[1]-0.000008*delta[2],0.014494+0.000035*delta[0]+0.000066*delta[1]-0.000006*delta[2],0.016103+0.000026*delta[0]+0.000056*delta[1]+0.000008*delta[2],0.017037+0.000036*delta[0]+0.000071*delta[1]+0.000004*delta[2],0.016419+0.000027*delta[0]+0.000073*delta[1]+0.000007*delta[2],0.015210+0.000030*delta[0]+0.000064*delta[1]-0.000013*delta[2],0.016478+0.000028*delta[0]+0.000054*delta[1]-0.000007*delta[2],0.017987+0.000045*delta[0]+0.000068*delta[1]-0.000003*delta[2],0.016891+0.000043*delta[0]+0.000059*delta[1]-0.000004*delta[2],0.014920+0.000045*delta[0]+0.000060*delta[1]+0.000010*delta[2],0.012970+0.000023*delta[0]+0.000060*delta[1]-0.000006*delta[2],0.013947+0.000019*delta[0]+0.000050*delta[1]+0.000000*delta[2],0.014179+0.000034*delta[0]+0.000057*delta[1]+0.000007*delta[2],0.013763+0.000027*delta[0]+0.000042*delta[1]+0.000001*delta[2],0.012670+0.000024*delta[0]+0.000055*delta[1]+0.000004*delta[2]
0.097223+0.000165*delta[0]+0.000341*delta[1]-0.000021*delta[2],0.387322+0.000642*delta[0]+0.001654*delta[1]-0.000021*delta[2],0.190281+0.000349*delta[0]+0.000820*delta[1]-0.000021*delta[2],0.016600+0.000029*delta[0]+0.000057*delta[1]-0.000000*delta[2],0.022865+0.000025*delta[0]+0.000106*delta[1]+0.000003*delta[2],0.031326+0.000038*delta[0]+0.000133*delta[1]-0.000009*delta[2],0.039761+0.000059*delta[0]+0.000163*delta[1]+0.000022*delta[2],0.045074+0.000080*delta[0]+0.000183*delta[1]+0.000014*delta[2],0.041176+0.000102*delta[0]+0.000133*delta[1]+0.000008*delta[2],0.026094+0.000034*delta[0]+0.000102*delta[1]+0.000003*delta[2],0.087465+0.000153*delta[0]+0.000290*delta[1]-0.000006*delta[2],0.171015+0.000469*delta[0]+0.000692*delta[1]-0.000003*delta[2],0.208402+0.000388*delta[0]+0.000851*delta[1]-0.000129*delta[2],0.124098+0.000242*delta[0]+0.000437*delta[1]-0.000002*delta[2],0.051331+0.000082*delta[0]+0.000151*delta[1]-0.000017*delta[2],0.078343+0.000147*delta[0]+0.000319*delta[1]-0.000052*delta[2],0.096282+0.000187*delta[0]+0.000387*delta[1]+0.000009*delta[2],0.018374+0.000020*delta[0]+0.000055*delta[1]-0.000009*delta[2],0.022715+0.000041*delta[0]+0.000090*delta[1]-0.000006*delta[2],0.026011+0.000041*delta[0]+0.000097*delta[1]-0.000018*delta[2],0.027108+0.000053*delta[0]+0.000104*delta[1]-0.000015*delta[2],0.015462+0.000037*delta[0]+0.000062*delta[1]+0.000007*delta[2],0.018491+0.000021*delta[0]+0.000061*delta[1]-0.000000*delta[2],0.022486+0.000054*delta[0]+0.000081*delta[1]-0.000002*delta[2],0.020405+0.000044*delta[0]+0.000081*delta[1]-0.000007*delta[2],0.014784+0.000021*delta[0]+0.000058*delta[1]-0.000002*delta[2],0.019263+0.000028*delta[0]+0.000076*delta[1]-0.000022*delta[2],0.029662+0.000080*delta[0]+0.000121*delta[1]-0.000017*delta[2],0.013753+0.000034*delta[0]+0.000050*delta[1]-0.000008*delta[2],0.015900+0.000033*delta[0]+0.000069*delta[1]+0.000006*delta[2],0.017357+0.000044*delta[0]+0.000050*delta[1]-0.000004*delta[2],0.012054+0.000031*delta[0]+0.000054*delta[1]-0.000004*delta[2],0.014552+0.000018*delta[0]+0.000056*delta[1]-0.000011*delta[2],0.017026+0.000030*delta[0]+0.000054*delta[1]-0.000001*delta[2],0.019066+0.000038*delta[0]+0.000069*delta[1]-0.000007*delta[2],0.019836+0.000035*delta[0]+0.000089*delta[1]-0.000004*delta[2],0.010702+0.000026*delta[0]+0.000045*delta[1]+0.000006*delta[2],0.012638+0.000021*delta[0]+0.000049*delta[1]-0.000001*delta[2],0.014818+0.000041*delta[0]+0.000056*delta[1]-0.000001*delta[2],0.016206+0.000036*delta[0]+0.000066*delta[1]+0.000004*delta[2],0.016985+0.000042*delta[0]+0.000063*delta[1]+0.000001*delta[2],0.012218+0.000021*delta[0]+0.000053*delta[1]-0.000001*delta[2],0.016445+0.000030*delta[0]+0.000061*delta[1]-0.000010*delta[2],0.017704+0.000035*delta[0]+0.000064*delta[1]+0.000011*delta[2],0.017593+0.000037*delta[0]+0.000075*delta[1]-0.000003*delta[2],0.009859+0.000022*delta[0]+0.000036*delta[1]-0.000005*delta[2],0.011316+0.000023*delta[0]+0.000048*delta[1]+0.000000*delta[2],0.012632+0.000022*delta[0]+0.000046*delta[1]-0.000003*delta[2],0.013606+0.000038*delta[0]+0.000046*delta[1]+0.000009*delta[2],0.013857+0.000038*delta[0]+0.000064*delta[1]-0.000001*delta[2]
0.040161+0.000074*delta[0]+0.000136*delta[1]-0.000005*delta[2],0.243214+0.000420*delta[0]+0.000927*delta[1]-0.000100*delta[2],0.545600+0.001741*delta[0]+0.002085*delta[1]+0.000187*delta[2],0.012006+0.000036*delta[0]+0.000044*delta[1]+0.000004*delta[2],0.016603+0.000032*delta[0]+0.000061*delta[1]+0.000003*delta[2],0.023420+0.000039*delta[0]+0.000094*delta[1]-0.000005*delta[2],0.033047+0.000068*delta[0]+0.000130*delta[1]+0.000016*delta[2],0.045094+0.000110*delta[0]+0.000186*delta[1]+0.000023*delta[2],0.052120+0.000135*delta[0]+0.000203*delta[1]+0.000016*delta[2],0.015271+0.000034*delta[0]+0.000048*delta[1]+0.000001*delta[2],0.042350+0.000063*delta[0]+0.000169*delta[1]+0.000001*delta[2],0.087360+0.000170*delta[0]+0.000295*delta[1]-0.000034*delta[2],0.206535+0.000417*delta[0]+0.000746*delta[1]+0.000132*delta[2],0.322081+0.000658*delta[0]+0.001092*delta[1]+0.000120*delta[2],0.030630+0.000071*delta[0]+0.000128*delta[1]+0.000012*delta[2],0.049989+0.000082*delta[0]+0.000175*delta[1]+0.000005*delta[2],0.081235+0.000152*delta[0]+0.000309*delta[1]-0.000016*delta[2],0.014419+0.000030*delta[0]+0.000058*delta[1]+0.000002*delta[2],0.018684+0.000056*delta[0]+0.000082*delta[1]+0.000014*delta[2],0.023407+0.000049*delta[0]+0.000076*delta[1]+0.000010*delta[2],0.027728+0.000077*delta[0]+0.000094*delta[1]-0.000001*delta[2],0.012791+0.000026*delta[0]+0.000046*delta[1]+0.000007*delta[2],0.016076+0.000051*delta[0]+0.000067*delta[1]+0.000015*delta[2],0.023537+0.000042*delta[0]+0.000088*delta[1]-0.000002*delta[2],0.014166+0.000040*delta[0]+0.000049*delta[1]+0.000003*delta[2],0.011122+0.000031*delta[0]+0.000044*delta[1]-0.000000*delta[2],0.014578+0.000029*delta[0]+0.000052*delta[1]+0.000010*delta[2],0.034518+0.000093*delta[0]+0.000118*delta[1]+0.000018*delta[2],0.011516+0.000017*delta[0]+0.000048*delta[1]-0.000000*delta[2],0.013907+0.000028*delta[0]+0.000057*delta[1]+0.000007*delta[2],0.016298+0.000035*delta[0]+0.000067*delta[1]-0.000003*delta[2],0.010050+0.000022*delta[0]+0.000039*delta[1]-0.000001*delta[2],0.012551+0.000027*delta[0]+0.000049*delta[1]+0.000002*delta[2],0.015488+0.000030*delta[0]+0.000063*delta[1]-0.000006*delta[2],0.018810+0.000044*delta[0]+0.000071*delta[1]+0.000006*delta[2],0.021714+0.000041*delta[0]+0.000093*delta[1]+0.000012*delta[2],0.008916+0.000022*delta[0]+0.000042*delta[1]+0.000001*delta[2],0.010858+0.000021*delta[0]+0.000043*delta[1]+0.000002*delta[2],0.013244+0.000030*delta[0]+0.000042*delta[1]-0.000005*delta[2],0.015524+0.000039*delta[0]+0.000050*delta[1]-0.000004*delta[2],0.017655+0.000035*delta[0]+0.000068*delta[1]+0.000003*delta[2],0.010504+0.000017*delta[0]+0.000032*delta[1]-0.000002*delta[2],0.015758+0.000034*delta[0]+0.000060*delta[1]+0.000001*delta[2],0.018455+0.000041*delta[0]+0.000086*delta[1]-0.000014*delta[2],0.020261+0.000056*delta[0]+0.000088*delta[1]+0.000002*delta[2],0.008500+0.000020*delta[0]+0.000029*delta[1]-0.000005*delta[2],0.010107+0.000021*delta[0]+0.000034*delta[1]-0.000000*delta[2],0.011832+0.000030*delta[0]+0.000049*delta[1]-0.000004*delta[2],0.013520+0.000025*delta[0]+0.000057*delta[1]-0.000003*delta[2],0.014824+0.000029*delta[0]+0.000064*delta[1]-0.000015*delta[2]
0.059384+0.000059*delta[0]+0.000201*delta[1]-0.000042*delta[2],0.370334+0.000654*delta[0]+0.001238*delta[1]-0.000036*delta[2],0.361499+0.000809*delta[0]+0.001260*delta[1]-0.000051*delta[2],0.013819+0.000029*delta[0]+0.000056*delta[1]+0.000001*delta[2],0.018997+0.000030*delta[0]+0.000059*delta[1]+0.000015*delta[2],0.026537+0.000047*delta[0]+0.000107*delta[1]-0.000015*delta[2],0.035583+0.000088*delta[0]+0.000127*delta[1]+0.000000*delta[2],0.044190+0.000073*delta[0]+0.000161*delta[1]+0.000007*delta[2],0.045461+0.000099*delta[0]+0.000138*delta[1]-0.000013*delta[2],0.019493+0.000027*delta[0]+0.000054*delta[1]+0.000004*delta[2],0.055940+0.000043*delta[0]+0.000216*delta[1]-0.000014*delta[2],0.109038+0.000180*delta[0]+0.000438*delta[1]+0.000033*delta[2],0.183399+0.000405*delta[0]+0.000547*delta[1]+0.000067*delta[2],0.165438+0.000289*delta[0]+0.000526*delta[1]+0.000061*delta[2],0.036054+0.000069*delta[0]+0.000146*delta[1]+0.000003*delta[2],0.055158+0.000075*delta[0]+0.000259*delta[1]-0.000019*delta[2],0.076622+0.000117*delta[0]+0.000305*delta[1]-0.000052*delta[2],0.015184+0.000033*delta[0]+0.000052*delta[1]+0.000010*delta[2],0.018976+0.000036*delta[0]+0.000063*delta[1]+0.000025*delta[2],0.022672+0.000045*delta[0]+0.000082*delta[1]-0.000010*delta[2],0.025053+0.000053*delta[0]+0.000086*delta[1]-0.000001*delta[2],0.013796+0.000034*delta[0]+0.000043*delta[1]-0.000006*delta[2],0.016936+0.000031*delta[0]+0.000058*delta[1]-0.000005*delta[2],0.022480+0.000034*delta[0]+0.000082*delta[1]-0.000003*delta[2],0.016388+0.000018*delta[0]+0.000050*delta[1]-0.000005*delta[2],0.012103+0.000017*delta[0]+0.000043*delta[1]-0.000007*delta[2],0.015601+0.000032*delta[0]+0.000058*delta[1]+0.000000*delta[2],0.028663+0.000046*delta[0]+0.000096*delta[1]-0.000029*delta[2],0.011803+0.000025*delta[0]+0.000033*delta[1]-0.000008*delta[2],0.013851+0.000025*delta[0]+0.000050*delta[1]-0.000000*delta[2],0.015524+0.000033*delta[0]+0.000058*delta[1]-0.000000*delta[2],0.010635+0.000019*delta[0]+0.000037*delta[1]-0.000000*delta[2],0.013001+0.000023*delta[0]+0.000053*delta[1]-0.000006*delta[2],0.015579+0.000023*delta[0]+0.000064*delta[1]-0.000010*delta[2],0.018033+0.000043*delta[0]+0.000057*delta[1]+0.000001*delta[2],0.019693+0.000039*delta[0]+0.000066*delta[1]-0.000001*delta[2],0.009198+0.000027*delta[0]+0.000035*delta[1]+0.000001*delta[2],0.010914+0.000016*delta[0]+0.000045*delta[1]-0.000002*delta[2],0.012927+0.000008*delta[0]+0.000046*delta[1]-0.000005*delta[2],0.014577+0.000038*delta[0]+0.000056*delta[1]+0.000010*delta[2],0.015774+0.000022*delta[0]+0.000059*delta[1]-0.000005*delta[2],0.010747+0.000019*delta[0]+0.000036*delta[1]-0.000004*delta[2],0.015015+0.000032*delta[0]+0.000062*delta[1]-0.000001*delta[2],0.016834+0.000026*delta[0]+0.000067*delta[1]+0.000000*delta[2],0.017583+0.000024*delta[0]+0.000061*delta[1]-0.000000*delta[2],0.008611+0.000014*delta[0]+0.000031*delta[1]+0.000004*delta[2],0.009980+0.000026*delta[0]+0.000040*delta[1]-0.000004*delta[2],0.011337+0.000032*delta[0]+0.000036*delta[1]-0.000001*delta[2],0.012496+0.000022*delta[0]+0.000051*delta[1]+0.000000*delta[2],0.013212+0.000024*delta[0]+0.000059*delta[1]+0.000002*delta[2]
0.649977+0.001595*delta[0]+0.002485*delta[1]-0.000158*delta[2],0.054417+0.000108*delta[0]+0.000271*delta[1]-0.000027*delta[2],0.027869+0.000037*delta[0]+0.000109*delta[1]+0.000001*delta[2],0.042181+0.000098*delta[0]+0.000145*delta[1]+0.000002*delta[2],0.053697+0.000087*delta[0]+0.000241*delta[1]+0.000001*delta[2],0.056362+0.000121*delta[0]+0.000243*delta[1]+0.000033*delta[2],0.046587+0.000107*delta[0]+0.000191*delta[1]+0.000006*delta[2],0.034109+0.000104*delta[0]+0.000136*delta[1]-0.000014*delta[2],0.023354+0.000048*delta[0]+0.000077*delta[1]+0.000012*delta[2],0.163232+0.000248*delta[0]+0.000747*delta[1]+0.000047*delta[2],0.281697+0.000599*delta[0]+0.001113*delta[1]-0.000003*delta[2],0.112018+0.000155*delta[0]+0.000418*delta[1]+0.000050*delta[2],0.049881+0.000090*delta[0]+0.000194*delta[1]-0.000018*delta[2],0.026817+0.000051*delta[0]+0.000093*delta[1]-0.000014*delta[2],0.084455+0.000126*delta[0]+0.000318*delta[1]-0.000090*delta[2],0.063663+0.000134*delta[0]+0.000258*delta[1]-0.000011*delta[2],0.041625+0.000115*delta[0]+0.000186*delta[1]-0.000013*delta[2],0.023597+0.000043*delta[0]+0.000087*delta[1]-0.000011*delta[2],0.023591+0.000048*delta[0]+0.000084*delta[1]-0.000002*delta[2],0.021172+0.000049*delta[0]+0.000082*delta[1]-0.000035*delta[2],0.017794+0.000027*delta[0]+0.000069*delta[1]-0.000008*delta[2],0.025728+0.000040*delta[0]+0.000082*delta[1]+0.000008*delta[2],0.025811+0.000052*delta[0]+0.000086*delta[1]-0.000003*delta[2],0.019795+0.000022*delta[0]+0.000096*delta[1]+0.000008*delta[2],0.063038+0.000151*delta[0]+0.000245*delta[1]+0.000032*delta[2],0.026205+0.000053*delta[0]+0.000105*delta[1]+0.000008*delta[2],0.030152+0.000059*delta[0]+0.000119*delta[1]-0.000005*delta[2],0.017487+0.000040*delta[0]+0.000066*delta[1]-0.000021*delta[2],0.016951+0.000034*delta[0]+0.000072*delta[1]-0.000007*delta[2],0.016725+0.000036*delta[0]+0.000060*delta[1]+0.000008*delta[2],0.015352+0.000028*delta[0]+0.000059*delta[1]+0.000007*delta[2],0.020667+0.000022*delta[0]+0.000097*delta[1]+0.000002*delta[2],0.022325+0.000028*delta[0]+0.000092*delta[1]-0.000004*delta[2],0.021997+0.000048*delta[0]+0.000084*delta[1]+0.000009*delta[2],0.020083+0.000039*delta[0]+0.000072*delta[1]+0.000005*delta[2],0.017127+0.000037*delta[0]+0.000052*delta[1]-0.000006*delta[2],0.015373+0.000031*delta[0]+0.000067*delta[1]-0.000002*delta[2],0.016338+0.000047*delta[0]+0.000057*delta[1]+0.000007*delta[2],0.016512+0.000038*delta[0]+0.000068*delta[1]-0.000011*delta[2],0.015368+0.000029*delta[0]+0.000062*delta[1]-0.000001*delta[2],0.013769+0.000030*delta[0]+0.000061*delta[1]+0.000007*delta[2],0.018893+0.000034*delta[0]+0.000082*delta[1]-0.000004*delta[2],0.018732+0.000026*delta[0]+0.000081*delta[1]+0.000003*delta[2],0.016827+0.000018*delta[0]+0.000070*delta[1]-0.000002*delta[2],0.014218+0.000023*delta[0]+0.000051*delta[1]-0.000005*delta[2],0.013920+0.000033*delta[0]+0.000062*delta[1]+0.000003*delta[2],0.014496+0.000019*delta[0]+0.000055*delta[1]-0.000007*delta[2],0.014209+0.000032*delta[0]+0.000055*delta[1]-0.000003*delta[2],0.013301+0.000030*delta[0]+0.000049*delta[1]-0.000008*delta[2],0.011866+0.000025*delta[0]+0.000051*delta[1]+0.000005*delta[2]
0.219499+0.000461*delta[0]+0.000909*delta[1]+0.000146*delta[2],0.414442+0.000950*delta[0]+0.001690*delta[1]-0.000298*delta[2],0.118479+0.000245*delta[0]+0.000455*delta[1]+0.000033*delta[2],0.021874+0.000047*delta[0]+0.000089*delta[1]-0.000002*delta[2],0.031320+0.000082*delta[0]+0.000128*delta[1]-0.000006*delta[2],0.043297+0.000109*delta[0]+0.000184*delta[1]+0.000043*delta[2],0.052671+0.000093*delta[0]+0.000137*delta[1]-0.000016*delta[2],0.053044+0.000085*delta[0]+0.000154*delta[1]+0.000012*delta[2],0.042410+0.000109*delta[0]+0.000166*delta[1]+0.000024*delta[2],0.037376+0.000076*delta[0]+0.000140*delta[1]-0.000005*delta[2],0.164664+0.000174*delta[0]+0.000560*delta[1]-0.000031*delta[2],0.298215+0.000521*delta[0]+0.001067*delta[1]+0.000223*delta[2],0.204328+0.000405*delta[0]+0.000838*delta[1]+0.000129*delta[2],0.089191+0.000236*delta[0]+0.000360*delta[1]+0.000030*delta[2],0.062755+0.000106*delta[0]+0.000193*delta[1]-0.000017*delta[2],0.083691+0.000179*delta[0]+0.000292*delta[1]+0.000035*delta[2],0.081970+0.000126*delta[0]+0.000211*delta[1]+0.000032*delta[2],0.019600+0.000028*delta[0]+0.000080*delta[1]+0.000017*delta[2],0.023104+0.000054*delta[0]+0.000085*delta[1]-0.000003*delta[2],0.024910+0.000033*delta[0]+0.000071*delta[1]+0.000018*delta[2],0.024290+0.000031*delta[0]+0.000090*delta[1]+0.000007*delta[2],0.019314+0.000024*delta[0]+0.000078*delta[1]-0.000000*delta[2],0.022906+0.000044*delta[0]+0.000094*delta[1]-0.000007*delta[2],0.025198+0.000028*delta[0]+0.000106*delta[1]-0.000007*delta[2],0.027774+0.000039*delta[0]+0.000102*delta[1]+0.000020*delta[2],0.016990+0.000025*delta[0]+0.000066*delta[1]-0.000000*delta[2],0.021868+0.000054*delta[0]+0.000078*delta[1]+0.000013*delta[2],0.026377+0.000056*delta[0]+0.000112*delta[1]-0.000001*delta[2],0.014583+0.000038*delta[0]+0.000062*delta[1]-0.000001*delta[2],0.016264+0.000033*delta[0]+0.000066*delta[1]+0.000011*delta[2],0.016918+0.000040*delta[0]+0.000064*delta[1]+0.000003*delta[2],0.014705+0.000025*delta[0]+0.000055*delta[1]-0.000009*delta[2],0.017802+0.000039*delta[0]+0.000071*delta[1]+0.000005*delta[2],0.020420+0.000052*delta[0]+0.000081*delta[1]+0.000022*delta[2],0.021952+0.000035*delta[0]+0.000075*delta[1]+0.000007*delta[2],0.021563+0.000038*delta[0]+0.000068*delta[1]+0.000003*delta[2],0.011790+0.000015*delta[0]+0.000052*delta[1]+0.000007*delta[2],0.013720+0.000024*delta[0]+0.000054*delta[1]-0.000003*delta[2],0.015589+0.000034*delta[0]+0.000047*delta[1]+0.000007*delta[2],0.016441+0.000026*delta[0]+0.000056*delta[1]-0.000004*delta[2],0.016461+0.000022*delta[0]+0.000067*delta[1]+0.000011*delta[2],0.014465+0.000026*delta[0]+0.000056*delta[1]-0.000003*delta[2],0.018682+0.000032*delta[0]+0.000068*delta[1]-0.000008*delta[2],0.019257+0.000038*delta[0]+0.000066*delta[1]-0.000001*delta[2],0.018253+0.000048*delta[0]+0.000066*delta[1]+0.000004*delta[2],0.010981+0.000021*delta[0]+0.000044*delta[1]-0.000003*delta[2],0.012443+0.000022*delta[0]+0.000046*delta[1]+0.000009*delta[2],0.013538+0.000025*delta[0]+0.000043*delta[1]-0.000002*delta[2],0.014075+0.000015*delta[0]+0.000048*delta[1]-0.000004*delta[2],0.013832+0.000031*delta[0]+0.000049*delta[1]-0.000001*delta[2]
0.039385+0.000070*delta[0]+0.000192*delta[1]+0.000000*delta[2],0.257353+0.000319*delta[0]+0.001043*delta[1]-0.000111*delta[2],0.660164+0.001089*delta[0]+0.003010*delta[1]-0.000189*delta[2],0.011970+0.000034*delta[0]+0.000052*delta[1]-0.000004*delta[2],0.016513+0.000040*delta[0]+0.000075*delta[1]-0.000006*delta[2],0.023396+0.000043*delta[0]+0.000094*delta[1]-0.000003*delta[2],0.033044+0.000069*delta[0]+0.000152*delta[1]-0.000015*delta[2],0.045045+0.000116*delta[0]+0.000204*delta[1]-0.000012*delta[2],0.052542+0.000116*delta[0]+0.000233*delta[1]-0.000052*delta[2],0.015243+0.000045*delta[0]+0.000070*delta[1]-0.000010*delta[2],0.041182+0.000093*delta[0]+0.000164*delta[1]-0.000008*delta[2],0.081792+0.000099*delta[0]+0.000365*delta[1]-0.000009*delta[2],0.177289+0.000482*delta[0]+0.000679*delta[1]-0.000012*delta[2],0.262373+0.000580*delta[0]+0.001175*delta[1]+0.000159*delta[2],0.028597+0.000065*delta[0]+0.000138*delta[1]-0.000000*delta[2],0.044738+0.000102*delta[0]+0.000189*delta[1]+0.000005*delta[2],0.068857+0.000189*delta[0]+0.000238*delta[1]-0.000003*delta[2],0.013528+0.000033*delta[0]+0.000061*delta[1]-0.000012*delta[2],0.017289+0.000038*delta[0]+0.000073*delta[1]+0.000001*delta[2],0.021403+0.000037*delta[0]+0.000100*delta[1]+0.000008*delta[2],0.024869+0.000061*delta[0]+0.000110*delta[1]-0.000001*delta[2],0.012729+0.000024*delta[0]+0.000062*delta[1]-0.000008*delta[2],0.015995+0.000042*delta[0]+0.000061*delta[1]+0.000006*delta[2],0.023596+0.000045*delta[0]+0.000112*delta[1]+0.000015*delta[2],0.013932+0.000021*delta[0]+0.000060*delta[1]+0.000003*delta[2],0.010631+0.000017*delta[0]+0.000048*delta[1]-0.000005*delta[2],0.013815+0.000027*delta[0]+0.000057*delta[1]-0.000007*delta[2],0.030497+0.000071*delta[0]+0.000116*delta[1]+0.000010*delta[2],0.010874+0.000024*delta[0]+0.000052*delta[1]-0.000006*delta[2],0.013014+0.000025*delta[0]+0.000055*delta[1]+0.000000*delta[2],0.015004+0.000046*delta[0]+0.000052*delta[1]-0.000006*delta[2],0.009882+0.000023*delta[0]+0.000049*delta[1]-0.000011*delta[2],0.012325+0.000024*delta[0]+0.000058*delta[1]-0.000004*delta[2],0.015198+0.000029*delta[0]+0.000068*delta[1]+0.000008*delta[2],0.018381+0.000034*delta[0]+0.000078*delta[1]-0.000003*delta[2],0.021152+0.000043*delta[0]+0.000091*delta[1]+0.000004*delta[2],0.008481+0.000016*delta[0]+0.000041*delta[1]+0.000002*delta[2],0.010238+0.000019*delta[0]+0.000039*delta[1]+0.000003*delta[2],0.012323+0.000034*delta[0]+0.000054*delta[1]-0.000002*delta[2],0.014320+0.000037*delta[0]+0.000058*delta[1]-0.000003*delta[2],0.016176+0.000021*delta[0]+0.000075*delta[1]-0.000005*delta[2],0.010184+0.000021*delta[0]+0.000041*delta[1]-0.000004*delta[2],0.015064+0.000032*delta[0]+0.000063*delta[1]-0.000003*delta[2],0.017624+0.000041*delta[0]+0.000057*delta[1]-0.000020*delta[2],0.019205+0.000042*delta[0]+0.000089*delta[1]-0.000006*delta[2],0.008117+0.000024*delta[0]+0.000042*delta[1]+0.000004*delta[2],0.009544+0.000020*delta[0]+0.000037*delta[1]+0.000000*delta[2],0.011121+0.000021*delta[0]+0.000048*delta[1]-0.000008*delta[2],0.012612+0.000023*delta[0]+0.000068*delta[1]+0.000008*delta[2],0.013752+0.000041*delta[0]+0.000057*delta[1]-0.000007*delta[2]
0.486605+0.000704*delta[0]+0.001675*delta[1]-0.000028*delta[2],0.094765+0.000145*delta[0]+0.000386*delta[1]-0.000011*delta[2],0.043327+0.000108*delta[0]+0.000146*delta[1]-0.000025*delta[2],0.029117+0.000053*delta[0]+0.000108*delta[1]+0.000005*delta[2],0.038147+0.000067*delta[0]+0.000143*delta[1]+0.000044*delta[2],0.044589+0.000064*delta[0]+0.000197*delta[1]-0.000009*delta[2],0.043139+0.000086*delta[0]+0.000178*delta[1]+0.000010*delta[2],0.035622+0.000087*delta[0]+0.000173*delta[1]-0.000028*delta[2],0.026358+0.000034*delta[0]+0.000091*delta[1]-0.000005*delta[2],0.069198+0.000133*delta[0]+0.000306*delta[1]+0.000043*delta[2],0.164483+0.000464*delta[0]+0.000662*delta[1]+0.000078*delta[2],0.120930+0.000194*delta[0]+0.000505*delta[1]-0.000060*delta[2],0.065863+0.000112*delta[0]+0.000297*delta[1]+0.000008*delta[2],0.036680+0.000077*delta[0]+0.000139*delta[1]-0.000008*delta[2],0.064427+0.000168*delta[0]+0.000288*delta[1]-0.000056*delta[2],0.060662+0.000123*delta[0]+0.000239*delta[1]-0.000027*delta[2],0.045953+0.000094*delta[0]+0.000173*delta[1]-0.000017*delta[2],0.019860+0.000039*delta[0]+0.000072*delta[1]+0.000011*delta[2],0.021049+0.000042*delta[0]+0.000091*delta[1]-0.000013*delta[2],0.020255+0.000028*delta[0]+0.000095*delta[1]-0.000002*delta[2],0.018121+0.000041*delta[0]+0.000083*delta[1]-0.000003*delta[2],0.020805+0.000023*delta[0]+0.000068*delta[1]-0.000011*delta[2],0.022199+0.000032*delta[0]+0.000093*delta[1]+0.000004*delta[2],0.019679+0.000036*delta[0]+0.000072*delta[1]-0.000004*delta[2],0.037509+0.000079*delta[0]+0.000152*delta[1]-0.000025*delta[2],0.019490+0.000038*delta[0]+0.000074*delta[1]-0.000006*delta[2],0.022915+0.000035*delta[0]+0.000077*delta[1]-0.000007*delta[2],0.017888+0.000028*delta[0]+0.000079*delta[1]-0.000005*delta[2],0.014428+0.000015*delta[0]+0.000054*delta[1]-0.000001*delta[2],0.014845+0.000029*delta[0]+0.000064*delta[1]+0.000003*delta[2],0.014327+0.000028*delta[0]+0.000061*delta[1]-0.000005*delta[2],0.015892+0.000033*delta[0]+0.000066*delta[1]+0.000001*delta[2],0.017732+0.000012*delta[0]+0.000075*delta[1]-0.000002*delta[2],0.018436+0.000025*delta[0]+0.000057*delta[1]+0.000001*delta[2],0.017989+0.000018*delta[0]+0.000071*delta[1]-0.000001*delta[2],0.016388+0.000024*delta[0]+0.000062*delta[1]-0.000012*delta[2],0.012230+0.000017*delta[0]+0.000051*delta[1]+0.000003*delta[2],0.013388+0.000026*delta[0]+0.000061*delta[1]-0.000001*delta[2],0.014081+0.000034*delta[0]+0.000064*delta[1]+0.000002*delta[2],0.013708+0.000022*delta[0]+0.000058*delta[1]-0.000011*delta[2],0.012914+0.000032*delta[0]+0.000056*delta[1]-0.000003*delta[2],0.014525+0.000012*delta[0]+0.000061*delta[1]-0.000004*delta[2],0.015802+0.000024*delta[0]+0.000063*delta[1]+0.000002*delta[2],0.015057+0.000019*delta[0]+0.000058*delta[1]-0.000005*delta[2],0.013465+0.000032*delta[0]+0.000049*delta[1]-0.000001*delta[2],0.011050+0.000026*delta[0]+0.000036*delta[1]+0.000002*delta[2],0.011790+0.000014*delta[0]+0.000049*delta[1]-0.000006*delta[2],0.011963+0.000020*delta[0]+0.000047*delta[1]+0.000009*delta[2],0.011720+0.000018*delta[0]+0.000044*delta[1]-0.000002*delta[2],0.010938+0.000021*delta[0]+0.000042*delta[1]-0.000005*delta[2]
0.243185+0.000476*delta[0]+0.000959*delta[1]-0.000175*delta[2],0.529961+0.000881*delta[0]+0.002409*delta[1]-0.000336*delta[2],0.120908+0.000222*delta[0]+0.000491*delta[1]-0.000062*delta[2],0.022959+0.000053*delta[0]+0.000069*delta[1]-0.000003*delta[2],0.033488+0.000080*delta[0]+0.000114*delta[1]+0.000009*delta[2],0.047834+0.000079*delta[0]+0.000209*delta[1]+0.000017*delta[2],0.059454+0.000085*delta[0]+0.000211*delta[1]-0.000001*delta[2],0.059546+0.000129*delta[0]+0.000258*delta[1]+0.000030*delta[2],0.046326+0.000114*delta[0]+0.000172*delta[1]-0.000004*delta[2],0.037697+0.000065*delta[0]+0.000179*delta[1]+0.000004*delta[2],0.178987+0.000313*delta[0]+0.000757*delta[1]+0.000057*delta[2],0.342943+0.000835*delta[0]+0.001491*delta[1]-0.000039*delta[2],0.223629+0.000441*delta[0]+0.000953*delta[1]+0.000023*delta[2],0.091940+0.000180*delta[0]+0.000363*delta[1]+0.000058*delta[2],0.058549+0.000107*delta[0]+0.000178*delta[1]+0.000021*delta[2],0.076426+0.000182*delta[0]+0.000240*delta[1]+0.000019*delta[2],0.075405+0.000177*delta[0]+0.000336*delta[1]+0.000039*delta[2],0.018789+0.000047*delta[0]+0.000078*delta[1]+0.000006*delta[2],0.021947+0.000039*delta[0]+0.000084*delta[1]+0.000008*delta[2],0.023574+0.000071*delta[0]+0.000099*delta[1]-0.000006*delta[2],0.023025+0.000043*delta[0]+0.000075*delta[1]-0.000002*delta[2],0.020575+0.000033*delta[0]+0.000086*delta[1]-0.000014*delta[2],0.024640+0.000036*delta[0]+0.000083*delta[1]-0.000021*delta[2],0.027333+0.000056*delta[0]+0.000108*delta[1]-0.000012*delta[2],0.028889+0.000075*delta[0]+0.000124*delta[1]+0.000020*delta[2],0.016631+0.000033*delta[0]+0.000056*delta[1]-0.000002*delta[2],0.021226+0.000055*delta[0]+0.000082*delta[1]+0.000006*delta[2],0.025430+0.000054*delta[0]+0.000126*delta[1]-0.000014*delta[2],0.014099+0.000034*delta[0]+0.000060*delta[1]+0.000002*delta[2],0.015675+0.000019*delta[0]+0.000066*delta[1]-0.000007*delta[2],0.016274+0.000032*delta[0]+0.000065*delta[1]+0.000001*delta[2],0.015410+0.000027*delta[0]+0.000066*delta[1]+0.000002*delta[2],0.018704+0.000046*delta[0]+0.000077*delta[1]-0.000005*delta[2],0.021670+0.000033*delta[0]+0.000101*delta[1]-0.000011*delta[2],0.023369+0.000050*delta[0]+0.000099*delta[1]+0.000016*delta[2],0.022958+0.000082*delta[0]+0.000101*delta[1]+0.000010*delta[2],0.011649+0.000031*delta[0]+0.000050*delta[1]+0.000001*delta[2],0.013541+0.000024*delta[0]+0.000056*delta[1]+0.000005*delta[2],0.015337+0.000023*delta[0]+0.000064*delta[1]-0.000001*delta[2],0.016094+0.000028*delta[0]+0.000070*delta[1]+0.000001*delta[2],0.016142+0.000025*delta[0]+0.000064*delta[1]+0.000003*delta[2],0.014953+0.000030*delta[0]+0.000062*delta[1]-0.000012*delta[2],0.019491+0.000027*delta[0]+0.000075*delta[1]-0.000014*delta[2],0.020103+0.000038*delta[0]+0.000078*delta[1]-0.000004*delta[2],0.018967+0.000046*delta[0]+0.000087*delta[1]-0.000003*delta[2],0.010968+0.000009*delta[0]+0.000042*delta[1]-0.000003*delta[2],0.012389+0.000025*delta[0]+0.000050*delta[1]+0.000003*delta[2],0.013517+0.000030*delta[0]+0.000057*delta[1]+0.000000*delta[2],0.014088+0.000038*delta[0]+0.000067*delta[1]+0.000003*delta[2],0.013792+0.000033*delta[0]+0.000042*delta[1]+0.000007*delta[2]
0.058819+0.000101*delta[0]+0.000214*delta[1]+0.000049*delta[2],0.422109+0.000792*delta[0]+0.001525*delta[1]-0.000022*delta[2],0.425568+0.000681*delta[0]+0.001647*delta[1]+0.000108*delta[2],0.013962+0.000045*delta[0]+0.000055*delta[1]+0.000007*delta[2],0.019342+0.000046*delta[0]+0.000084*delta[1]+0.000001*delta[2],0.027220+0.000061*delta[0]+0.000097*delta[1]-0.000003*delta[2],0.037066+0.000129*delta[0]+0.000154*delta[1]+0.000010*delta[2],0.046678+0.000097*delta[0]+0.000201*delta[1]-0.000022*delta[2],0.048121+0.000096*delta[0]+0.000213*delta[1]-0.000016*delta[2],0.019197+0.000030*delta[0]+0.000089*delta[1]-0.000007*delta[2],0.052724+0.000102*delta[0]+0.000215*delta[1]+0.000037*delta[2],0.096790+0.000204*delta[0]+0.000440*delta[1]+0.000033*delta[2],0.152849+0.000367*delta[0]+0.000586*delta[1]-0.000052*delta[2],0.142343+0.000304*delta[0]+0.000462*delta[1]-0.000090*delta[2],0.031368+0.000050*delta[0]+0.000147*delta[1]+0.000002*delta[2],0.045096+0.000090*delta[0]+0.000182*delta[1]+0.000017*delta[2],0.058591+0.000088*delta[0]+0.000207*delta[1]+0.000020*delta[2],0.013647+0.000033*delta[0]+0.000061*delta[1]+0.000007*delta[2],0.016637+0.000022*delta[0]+0.000067*delta[1]+0.000006*delta[2],0.019522+0.000048*delta[0]+0.000080*delta[1]-0.000000*delta[2],0.021371+0.000057*delta[0]+0.000086*delta[1]+0.000005*delta[2],0.014140+0.000027*delta[0]+0.000069*delta[1]-0.000000*delta[2],0.017427+0.000039*delta[0]+0.000078*delta[1]+0.000010*delta[2],0.023560+0.000060*delta[0]+0.000096*delta[1]-0.000002*delta[2],0.016194+0.000044*delta[0]+0.000075*delta[1]+0.000017*delta[2],0.011177+0.000022*delta[0]+0.000051*delta[1]-0.000004*delta[2],0.014135+0.000027*delta[0]+0.000056*delta[1]+0.000001*delta[2],0.024388+0.000039*delta[0]+0.000093*delta[1]-0.000000*delta[2],0.010674+0.000015*delta[0]+0.000045*delta[1]-0.000003*delta[2],0.012370+0.000023*delta[0]+0.000052*delta[1]+0.000001*delta[2],0.013720+0.000022*delta[0]+0.000052*delta[1]+0.000005*delta[2],0.010607+0.000019*delta[0]+0.000045*delta[1]+0.000002*delta[2],0.012974+0.000030*delta[0]+0.000061*delta[1]-0.000004*delta[2],0.015550+0.000036*delta[0]+0.000051*delta[1]+0.000007*delta[2],0.017984+0.000044*delta[0]+0.000078*delta[1]+0.000005*delta[2],0.019731+0.000046*delta[0]+0.000089*delta[1]+0.000006*delta[2],0.008548+0.000017*delta[0]+0.000041*delta[1]-0.000002*delta[2],0.010012+0.000022*delta[0]+0.000042*delta[1]+0.000001*delta[2],0.011692+0.000017*delta[0]+0.000055*delta[1]+0.000001*delta[2],0.013041+0.000024*delta[0]+0.000054*delta[1]-0.000008*delta[2],0.014097+0.000023*delta[0]+0.000056*delta[1]-0.000002*delta[2],0.010454+0.000016*delta[0]+0.000035*delta[1]+0.000004*delta[2],0.014453+0.000029*delta[0]+0.000057*delta[1]+0.000002*delta[2],0.016161+0.000035*delta[0]+0.000053*delta[1]-0.000006*delta[2],0.016834+0.000026*delta[0]+0.000069*delta[1]+0.000001*delta[2],0.008067+0.000017*delta[0]+0.000034*delta[1]+0.000001*delta[2],0.009306+0.000010*delta[0]+0.000039*delta[1]-0.000000*delta[2],0.010427+0.000030*delta[0]+0.000044*delta[1]+0.000005*delta[2],0.011453+0.000031*delta[0]+0.000052*delta[1]-0.000003*delta[2],0.012022+0.000022*delta[0]+0.000054*delta[1]-0.000002*delta[2]
0.102155+0.000152*delta[0]+0.000363*delta[1]-0.000006*delta[2],0.717366+0.001431*delta[0]+0.003474*delta[1]+0.000129*delta[2],0.253253+0.000441*delta[0]+0.001264*delta[1]-0.000178*delta[2],0.017361+0.000021*delta[0]+0.000091*delta[1]+0.000002*delta[2],0.024680+0.000039*delta[0]+0.000098*delta[1]+0.000018*delta[2],0.035080+0.000087*delta[0]+0.000137*delta[1]+0.000012*delta[2],0.046239+0.000054*delta[0]+0.000215*delta[1]-0.000033*delta[2],0.053436+0.000086*delta[0]+0.000240*delta[1]-0.000036*delta[2],0.048501+0.000103*delta[0]+0.000183*delta[1]-0.000006*delta[2],0.025478+0.000031*delta[0]+0.000112*delta[1]-0.000011*delta[2],0.080366+0.000151*delta[0]+0.000338*delta[1]-0.000005*delta[2],0.147967+0.000252*delta[0]+0.000628*delta[1]-0.000102*delta[2],0.177214+0.000345*delta[0]+0.000690*delta[1]-0.000069*delta[2],0.114174+0.000214*delta[0]+0.000510*delta[1]-0.000072*delta[2],0.038770+0.000077*delta[0]+0.000158*delta[1]-0.000012*delta[2],0.052863+0.000095*delta[0]+0.000249*delta[1]-0.000028*delta[2],0.061305+0.000101*delta[0]+0.000248*delta[1]-0.000046*delta[2],0.015085+0.000030*delta[0]+0.000065*delta[1]-0.000000*delta[2],0.017971+0.000032*delta[0]+0.000093*delta[1]+0.000002*delta[2],0.020210+0.000038*delta[0]+0.000089*delta[1]-0.000019*delta[2],0.020932+0.000045*delta[0]+0.000094*delta[1]-0.000019*delta[2],0.016799+0.000019*delta[0]+0.000078*delta[1]+0.000003*delta[2],0.020532+0.000047*delta[0]+0.000090*delta[1]+0.000007*delta[2],0.025455+0.000041*delta[0]+0.000103*delta[1]-0.000007*delta[2],0.020536+0.000026*delta[0]+0.000110*delta[1]-0.000007*delta[2],0.012883+0.000022*delta[0]+0.000055*delta[1]+0.000003*delta[2],0.016218+0.000022*delta[0]+0.000065*delta[1]+0.000000*delta[2],0.023455+0.000050*delta[0]+0.000102*delta[1]-0.000023*delta[2],0.011636+0.000014*delta[0]+0.000054*delta[1]-0.000005*delta[2],0.013131+0.000031*delta[0]+0.000053*delta[1]-0.000003*delta[2],0.014129+0.000021*delta[0]+0.000058*delta[1]-0.000001*delta[2],0.012394+0.000018*delta[0]+0.000052*delta[1]-0.000004*delta[2],0.015055+0.000027*delta[0]+0.000060*delta[1]-0.000002*delta[2],0.017775+0.000039*delta[0]+0.000089*delta[1]+0.000000*delta[2],0.019960+0.000033*delta[0]+0.000090*delta[1]-0.000007*delta[2],0.020829+0.000048*delta[0]+0.000094*delta[1]+0.000003*delta[2],0.009460+0.000015*delta[0]+0.000036*delta[1]+0.000000*delta[2],0.010966+0.000027*delta[0]+0.000033*delta[1]-0.000003*delta[2],0.012592+0.000028*delta[0]+0.000053*delta[1]+0.000000*delta[2],0.013645+0.000017*delta[0]+0.000056*delta[1]-0.000007*delta[2],0.014208+0.000019*delta[0]+0.000068*delta[1]+0.000008*delta[2],0.011908+0.000020*delta[0]+0.000043*delta[1]-0.000007*delta[2],0.016002+0.000035*delta[0]+0.000053*delta[1]-0.000008*delta[2],0.017217+0.000031*delta[0]+0.000084*delta[1]+0.000006*delta[2],0.017179+0.000037*delta[0]+0.000065*delta[1]-0.000009*delta[2],0.008917+0.000016*delta[0]+0.000035*delta[1]-0.000003*delta[2],0.010143+0.000012*delta[0]+0.000038*delta[1]-0.000000*delta[2],0.011202+0.000011*delta[0]+0.000046*delta[1]+0.000003*delta[2],0.011996+0.000021*delta[0]+0.000053*delta[1]-0.000005*delta[2],0.012198+0.000019*delta[0]+0.000061*delta[1]-0.000001*delta[2]
0.036840+0.000067*delta[0]+0.000128*delta[1]-0.000011*delta[2],0.313802+0.000572*delta[0]+0.001074*delta[1]+0.000087*delta[2],1.417235+0.003097*delta[0]+0.005688*delta[1]+0.000688*delta[2],0.012334+0.000021*delta[0]+0.000047*delta[1]-0.000009*delta[2],0.017300+0.000046*delta[0]+0.000069*delta[1]+0.000007*delta[2],0.025119+0.000077*delta[0]+0.000106*delta[1]+0.000001*delta[2],0.036910+0.000061*delta[0]+0.000159*delta[1]+0.000008*delta[2],0.052501+0.000164*delta[0]+0.000219*delta[1]-0.000050*delta[2],0.063374+0.000082*delta[0]+0.000250*delta[1]-0.000058*delta[2],0.015124+0.000029*delta[0]+0.000058*delta[1]+0.000010*delta[2],0.040003+0.000068*delta[0]+0.000124*delta[1]+0.000010*delta[2],0.077001+0.000169*delta[0]+0.000259*delta[1]+0.000010*delta[2],0.155969+0.000255*delta[0]+0.000563*delta[1]+0.000139*delta[2],0.222453+0.000396*delta[0]+0.000777*delta[1]-0.000073*delta[2],0.024862+0.000060*delta[0]+0.000110*delta[1]-0.000006*delta[2],0.036313+0.000071*delta[0]+0.000125*delta[1]+0.000024*delta[2],0.050834+0.000091*delta[0]+0.000194*delta[1]-0.000012*delta[2],0.011937+0.000022*delta[0]+0.000049*delta[1]+0.000000*delta[2],0.014798+0.000028*delta[0]+0.000052*delta[1]+0.000012*delta[2],0.017778+0.000024*delta[0]+0.000065*delta[1]-0.000003*delta[2],0.020289+0.000045*delta[0]+0.000083*delta[1]-0.000009*delta[2],0.013578+0.000020*delta[0]+0.000057*delta[1]-0.000001*delta[2],0.017465+0.000030*delta[0]+0.000068*delta[1]+0.000011*delta[2],0.026635+0.000070*delta[0]+0.000114*delta[1]-0.000017*delta[2],0.014129+0.000020*delta[0]+0.000045*delta[1]+0.000006*delta[2],0.009782+0.000014*delta[0]+0.000039*delta[1]-0.000004*delta[2],0.012457+0.000025*delta[0]+0.000058*delta[1]-0.000010*delta[2],0.024916+0.000041*delta[0]+0.000093*delta[1]-0.000001*delta[2],0.009705+0.000028*delta[0]+0.000036*delta[1]-0.000001*delta[2],0.011378+0.000023*delta[0]+0.000043*delta[1]-0.000001*delta[2],0.012873+0.000036*delta[0]+0.000054*delta[1]-0.000002*delta[2],0.010149+0.000021*delta[0]+0.000039*delta[1]-0.000003*delta[2],0.012732+0.000031*delta[0]+0.000042*delta[1]-0.000004*delta[2],0.015873+0.000038*delta[0]+0.000062*delta[1]+0.000006*delta[2],0.019335+0.000049*delta[0]+0.000084*delta[1]+0.000008*delta[2],0.022357+0.000044*delta[0]+0.000092*delta[1]-0.000013*delta[2],0.007840+0.000014*delta[0]+0.000027*delta[1]+0.000001*delta[2],0.009336+0.000022*delta[0]+0.000037*delta[1]-0.000005*delta[2],0.011051+0.000019*delta[0]+0.000042*delta[1]-0.000007*delta[2],0.012638+0.000021*delta[0]+0.000054*delta[1]+0.000000*delta[2],0.014073+0.000023*delta[0]+0.000050*delta[1]+0.000004*delta[2],0.010076+0.000027*delta[0]+0.000039*delta[1]+0.000003*delta[2],0.014853+0.000046*delta[0]+0.000059*delta[1]+0.000004*delta[2],0.017361+0.000040*delta[0]+0.000069*delta[1]+0.000002*delta[2],0.019053+0.000034*delta[0]+0.000077*delta[1]+0.000009*delta[2],0.007604+0.000016*delta[0]+0.000027*delta[1]+0.000000*delta[2],0.008880+0.000016*delta[0]+0.000034*delta[1]+0.000008*delta[2],0.010188+0.000014*delta[0]+0.000042*delta[1]-0.000001*delta[2],0.011455+0.000026*delta[0]+0.000055*delta[1]+0.000015*delta[2],0.012457+0.000038*delta[0]+0.000048*delta[1]-0.000001*delta[2]
0.025921+0.000047*delta[0]+0.000105*delta[1]+0.000025*delta[2],0.125661+0.000238*delta[0]+0.000448*delta[1]-0.000122*delta[2],0.466814+0.001045*delta[0]+0.001807*delta[1]-0.000103*delta[2],0.010030+0.000020*delta[0]+0.000043*delta[1]-0.000008*delta[2],0.013646+0.000022*delta[0]+0.000061*delta[1]+0.000002*delta[2],0.019315+0.000039*delta[0]+0.000085*delta[1]-0.000006*delta[2],0.027680+0.000040*delta[0]+0.000114*delta[1]-0.000012*delta[2],0.039863+0.000073*delta[0]+0.000170*delta[1]-0.000010*delta[2],0.052270+0.000092*delta[0]+0.000220*delta[1]-0.000022*delta[2],0.011997+0.000018*delta[0]+0.000051*delta[1]-0.000017*delta[2],0.027800+0.000048*delta[0]+0.000114*delta[1]-0.000027*delta[2],0.047902+0.000069*delta[0]+0.000245*delta[1]-0.000013*delta[2],0.090068+0.000189*delta[0]+0.000392*delta[1]-0.000023*delta[2],0.156116+0.000302*delta[0]+0.000682*delta[1]-0.000055*delta[2],0.019538+0.000037*delta[0]+0.000081*delta[1]-0.000014*delta[2],0.027969+0.000074*delta[0]+0.000114*delta[1]+0.000004*delta[2],0.040084+0.000090*delta[0]+0.000172*delta[1]-0.000015*delta[2],0.010320+0.000020*delta[0]+0.000041*delta[1]-0.000005*delta[2],0.012874+0.000024*delta[0]+0.000061*delta[1]-0.000001*delta[2],0.015708+0.000034*delta[0]+0.000056*delta[1]-0.000011*delta[2],0.018586+0.000038*delta[0]+0.000072*delta[1]+0.000006*delta[2],0.011240+0.000019*delta[0]+0.000050*delta[1]+0.000001*delta[2],0.014393+0.000030*delta[0]+0.000062*delta[1]-0.000006*delta[2],0.022737+0.000033*delta[0]+0.000095*delta[1]-0.000002*delta[2],0.011320+0.000017*delta[0]+0.000047*delta[1]-0.000000*delta[2],0.008345+0.000021*delta[0]+0.000037*delta[1]-0.000005*delta[2],0.010522+0.000012*delta[0]+0.000042*delta[1]-0.000002*delta[2],0.022888+0.000020*delta[0]+0.000080*delta[1]-0.000002*delta[2],0.008533+0.000018*delta[0]+0.000037*delta[1]-0.000001*delta[2],0.010092+0.000024*delta[0]+0.000040*delta[1]-0.000008*delta[2],0.011679+0.000025*delta[0]+0.000043*delta[1]-0.000003*delta[2],0.008561+0.000017*delta[0]+0.000035*delta[1]-0.000003*delta[2],0.010651+0.000026*delta[0]+0.000047*delta[1]+0.000001*delta[2],0.013283+0.000023*delta[0]+0.000057*delta[1]-0.000009*delta[2],0.016285+0.000036*delta[0]+0.000067*delta[1]+0.000007*delta[2],0.019454+0.000041*delta[0]+0.000087*delta[1]-0.000014*delta[2],0.006881+0.000010*delta[0]+0.000031*delta[1]-0.000002*delta[2],0.008186+0.000011*delta[0]+0.000034*delta[1]-0.000004*delta[2],0.009748+0.000016*delta[0]+0.000044*delta[1]+0.000001*delta[2],0.011258+0.000026*delta[0]+0.000038*delta[1]-0.000010*delta[2],0.012841+0.000028*delta[0]+0.000050*delta[1]+0.000004*delta[2],0.008592+0.000019*delta[0]+0.000037*delta[1]+0.000001*delta[2],0.012712+0.000025*delta[0]+0.000046*delta[1]-0.000007*delta[2],0.015142+0.000016*delta[0]+0.000063*delta[1]-0.000003*delta[2],0.017160+0.000038*delta[0]+0.000064*delta[1]-0.000015*delta[2],0.006655+0.000013*delta[0]+0.000028*delta[1]+0.000001*delta[2],0.007817+0.000023*delta[0]+0.000038*delta[1]+0.000001*delta[2],0.009015+0.000017*delta[0]+0.000038*delta[1]-0.000001*delta[2],0.010287+0.000023*delta[0]+0.000040*delta[1]+0.000001*delta[2],0.011388+0.000025*delta[0]+0.000046*delta[1]-0.000002*delta[2]
0.042255+0.000083*delta[0]+0.000151*delta[1]+0.000002*delta[2],0.015742+0.000041*delta[0]+0.000056*delta[1]+0.000010*delta[2],0.010795+0.000015*delta[0]+0.000047*delta[1]+0.000001*delta[2],0.034019+0.000065*delta[0]+0.000126*delta[1]-0.000001*delta[2],0.029488+0.000054*delta[0]+0.000088*delta[1]+0.000007*delta[2],0.023351+0.000050*delta[0]+0.000073*delta[1]-0.000001*delta[2],0.017589+0.000016*delta[0]+0.000079*delta[1]-0.000012*delta[2],0.013252+0.000026*delta[0]+0.000058*delta[1]+0.000006*delta[2],0.010021+0.000021*delta[0]+0.000039*delta[1]-0.000004*delta[2],0.070214+0.000091*delta[0]+0.000283*delta[1]+0.000045*delta[2],0.031092+0.000051*delta[0]+0.000117*delta[1]+0.000027*delta[2],0.020635+0.000030*delta[0]+0.000087*delta[1]+0.000013*delta[2],0.014247+0.000032*delta[0]+0.000055*delta[1]+0.000003*delta[2],0.010242+0.000013*delta[0]+0.000040*delta[1]-0.000003*delta[2],0.023790+0.000047*delta[0]+0.000113*delta[1]-0.000011*delta[2],0.017787+0.000026*delta[0]+0.000072*delta[1]-0.000002*delta[2],0.013266+0.000029*delta[0]+0.000050*delta[1]+0.000005*delta[2],0.013158+0.000017*delta[0]+0.000052*delta[1]-0.000005*delta[2],0.011639+0.000020*delta[0]+0.000043*delta[1]-0.000004*delta[2],0.009968+0.000024*delta[0]+0.000031*delta[1]+0.000001*delta[2],0.008395+0.000016*delta[0]+0.000028*delta[1]+0.000003*delta[2],0.017260+0.000028*delta[0]+0.000072*delta[1]-0.000003*delta[2],0.014713+0.000029*delta[0]+0.000063*delta[1]-0.000003*delta[2],0.009993+0.000022*delta[0]+0.000036*delta[1]+0.000002*delta[2],0.037026+0.000094*delta[0]+0.000148*delta[1]-0.000003*delta[2],0.016909+0.000041*delta[0]+0.000054*delta[1]+0.000003*delta[2],0.015668+0.000024*delta[0]+0.000067*delta[1]+0.000005*delta[2],0.007796+0.000017*delta[0]+0.000030*delta[1]-0.000003*delta[2],0.010248+0.000019*delta[0]+0.000041*delta[1]-0.000005*delta[2],0.009240+0.000024*delta[0]+0.000042*delta[1]+0.000002*delta[2],0.008109+0.000016*delta[0]+0.000028*delta[1]-0.000005*delta[2],0.014528+0.000026*delta[0]+0.000054*delta[1]-0.000007*delta[2],0.013351+0.000028*delta[0]+0.000057*delta[1]-0.000009*delta[2],0.011745+0.000025*delta[0]+0.000047*delta[1]+0.000008*delta[2],0.010037+0.000026*delta[0]+0.000043*delta[1]+0.000003*delta[2],0.008469+0.000020*delta[0]+0.000035*delta[1]+0.000001*delta[2],0.010162+0.000015*delta[0]+0.000043*delta[1]+0.000001*delta[2],0.009674+0.000022*delta[0]+0.000037*delta[1]-0.000002*delta[2],0.008920+0.000020*delta[0]+0.000040*delta[1]-0.000008*delta[2],0.007898+0.000017*delta[0]+0.000034*delta[1]-0.000003*delta[2],0.006949+0.000014*delta[0]+0.000026*delta[1]-0.000001*delta[2],0.011558+0.000028*delta[0]+0.000038*delta[1]+0.000000*delta[2],0.009442+0.000015*delta[0]+0.000047*delta[1]-0.000006*delta[2],0.008226+0.000018*delta[0]+0.000036*delta[1]+0.000001*delta[2],0.007021+0.000016*delta[0]+0.000027*delta[1]-0.000000*delta[2],0.009097+0.000014*delta[0]+0.000036*delta[1]+0.000004*delta[2],0.008559+0.000018*delta[0]+0.000038*delta[1]-0.000003*delta[2],0.007829+0.000011*delta[0]+0.000034*delta[1]+0.000002*delta[2],0.007035+0.000011*delta[0]+0.000027*delta[1]+0.000009*delta[2],0.006193+0.000008*delta[0]+0.000028*delta[1]-0.000000*delta[2]
1.056545+0.001760*delta[0]+0.004454*delta[1]+0.000302*delta[2],0.100926+0.000265*delta[0]+0.000378*delta[1]-0.000026*delta[2],0.042137+0.000104*delta[0]+0.000214*delta[1]-0.000009*delta[2],0.034969+0.000112*delta[0]+0.000163*delta[1]-0.000020*delta[2],0.048650+0.000123*delta[0]+0.000230*delta[1]+0.000001*delta[2],0.059377+0.000104*delta[0]+0.000293*delta[1]-0.000009*delta[2],0.056334+0.000072*delta[0]+0.000256*delta[1]-0.000017*delta[2],0.044029+0.000103*delta[0]+0.000192*delta[1]+0.000008*delta[2],0.030465+0.000083*delta[0]+0.000135*delta[1]+0.000004*delta[2],0.072727+0.000183*delta[0]+0.000284*delta[1]+0.000021*delta[2],0.184923+0.000306*delta[0]+0.000879*delta[1]+0.000002*delta[2],0.130155+0.000263*delta[0]+0.000527*delta[1]+0.000074*delta[2],0.068080+0.000129*delta[0]+0.000239*delta[1]-0.000012*delta[2],0.037184+0.000095*delta[0]+0.000169*delta[1]+0.000016*delta[2],0.051214+0.000100*delta[0]+0.000197*delta[1]+0.000029*delta[2],0.048852+0.000107*delta[0]+0.000198*delta[1]+0.000001*delta[2],0.039049+0.000099*delta[0]+0.000199*delta[1]+0.000003*delta[2],0.017285+0.000026*delta[0]+0.000069*delta[1]+0.000006*delta[2],0.018223+0.000050*delta[0]+0.000081*delta[1]+0.000006*delta[2],0.017684+0.000045*delta[0]+0.000075*delta[1]+0.000007*delta[2],0.016031+0.000041*delta[0]+0.000068*delta[1]-0.000005*delta[2],0.025301+0.000037*delta[0]+0.000122*delta[1]+0.000012*delta[2],0.027286+0.000046*delta[0]+0.000109*delta[1]-0.000006*delta[2],0.023357+0.000051*delta[0]+0.000100*delta[1]+0.000002*delta[2],0.042832+0.000088*delta[0]+0.000172*delta[1]+0.000020*delta[2],0.017675+0.000034*delta[0]+0.000080*delta[1]-0.000006*delta[2],0.020629+0.000047*delta[0]+0.000099*delta[1]+0.000005*delta[2],0.016527+0.000028*delta[0]+0.000076*delta[1]-0.000002*delta[2],0.012975+0.000027*delta[0]+0.000062*delta[1]-0.000003*delta[2],0.013292+0.000030*delta[0]+0.000052*delta[1]-0.000001*delta[2],0.012895+0.000033*delta[0]+0.000057*delta[1]-0.000005*delta[2],0.018039+0.000037*delta[0]+0.000085*delta[1]-0.000010*delta[2],0.020314+0.000042*delta[0]+0.000080*delta[1]-0.000005*delta[2],0.021256+0.000033*delta[0]+0.000091*delta[1]+0.000001*delta[2],0.020588+0.000035*delta[0]+0.000094*delta[1]+0.000002*delta[2],0.018446+0.000034*delta[0]+0.000079*delta[1]+0.000009*delta[2],0.011528+0.000034*delta[0]+0.000048*delta[1]-0.000002*delta[2],0.012542+0.000031*delta[0]+0.000062*delta[1]+0.000002*delta[2],0.013138+0.000029*delta[0]+0.000061*delta[1]-0.000002*delta[2],0.012852+0.000025*delta[0]+0.000056*delta[1]+0.000006*delta[2],0.012162+0.000022*delta[0]+0.000052*delta[1]+0.000001*delta[2],0.015545+0.000033*delta[0]+0.000064*delta[1]+0.000004*delta[2],0.017049+0.000030*delta[0]+0.000081*delta[1]-0.000004*delta[2],0.016173+0.000022*delta[0]+0.000066*delta[1]+0.000003*delta[2],0.014394+0.000035*delta[0]+0.000063*delta[1]+0.000000*delta[2],0.010753+0.000022*delta[0]+0.000043*delta[1]-0.000000*delta[2],0.011488+0.000018*delta[0]+0.000056*delta[1]+0.000007*delta[2],0.011695+0.000030*delta[0]+0.000043*delta[1]+0.000002*delta[2],0.011447+0.000025*delta[0]+0.000055*delta[1]+0.000011*delta[2],0.010689+0.000028*delta[0]+0.000048*delta[1]+0.000003*delta[2]
0.094726+0.000224*delta[0]+0.000352*delta[1]-0.000030*delta[2],0.500215+0.001127*delta[0]+0.001904*delta[1]-0.000461*delta[2],0.225769+0.000495*delta[0]+0.000849*delta[1]+0.000034*delta[2],0.016997+0.000038*delta[0]+0.000064*delta[1]+0.000004*delta[2],0.023951+0.000054*delta[0]+0.000113*delta[1]+0.000013*delta[2],0.033887+0.000068*delta[0]+0.000138*delta[1]-0.000020*delta[2],0.044355+0.000088*delta[0]+0.000153*delta[1]-0.000008*delta[2],0.051124+0.000133*delta[0]+0.000192*delta[1]-0.000022*delta[2],0.046927+0.000091*delta[0]+0.000220*delta[1]+0.000013*delta[2],0.024343+0.000065*delta[0]+0.000109*delta[1]+0.000009*delta[2],0.067871+0.000116*delta[0]+0.000224*delta[1]-0.000009*delta[2],0.110829+0.000347*delta[0]+0.000357*delta[1]+0.000040*delta[2],0.128448+0.000261*delta[0]+0.000478*delta[1]-0.000003*delta[2],0.092620+0.000204*delta[0]+0.000392*delta[1]+0.000082*delta[2],0.033077+0.000078*delta[0]+0.000130*delta[1]+0.000022*delta[2],0.042882+0.000102*delta[0]+0.000168*delta[1]-0.000006*delta[2],0.048492+0.000145*delta[0]+0.000206*delta[1]-0.000007*delta[2],0.013539+0.000028*delta[0]+0.000048*delta[1]-0.000005*delta[2],0.015892+0.000028*delta[0]+0.000051*delta[1]+0.000004*delta[2],0.017617+0.000036*delta[0]+0.000077*delta[1]+0.000009*delta[2],0.018250+0.000044*delta[0]+0.000058*delta[1]+0.000008*delta[2],0.016525+0.000036*delta[0]+0.000049*delta[1]+0.000002*delta[2],0.020054+0.000037*delta[0]+0.000087*delta[1]+0.000006*delta[2],0.024934+0.000068*delta[0]+0.000106*delta[1]+0.000009*delta[2],0.019460+0.000039*delta[0]+0.000079*delta[1]+0.000003*delta[2],0.011770+0.000021*delta[0]+0.000056*delta[1]+0.000009*delta[2],0.014540+0.000028*delta[0]+0.000055*delta[1]-0.000006*delta[2],0.020337+0.000045*delta[0]+0.000080*delta[1]+0.000000*delta[2],0.010542+0.000025*delta[0]+0.000040*delta[1]+0.000011*delta[2],0.011760+0.000024*delta[0]+0.000051*delta[1]-0.000006*delta[2],0.012606+0.000037*delta[0]+0.000056*delta[1]-0.000001*delta[2],0.011895+0.000025*delta[0]+0.000050*delta[1]-0.000001*delta[2],0.014344+0.000023*delta[0]+0.000059*delta[1]+0.000005*delta[2],0.016846+0.000037*delta[0]+0.000058*delta[1]+0.000012*delta[2],0.018889+0.000059*delta[0]+0.000090*delta[1]+0.000007*delta[2],0.019628+0.000049*delta[0]+0.000073*delta[1]+0.000010*delta[2],0.008668+0.000020*delta[0]+0.000037*delta[1]-0.000002*delta[2],0.009986+0.000024*delta[0]+0.000042*delta[1]-0.000004*delta[2],0.011269+0.000024*delta[0]+0.000043*delta[1]+0.000007*delta[2],0.012156+0.000024*delta[0]+0.000044*delta[1]-0.000004*delta[2],0.012668+0.000031*delta[0]+0.000048*delta[1]+0.000003*delta[2],0.011144+0.000022*delta[0]+0.000042*delta[1]+0.000006*delta[2],0.014675+0.000042*delta[0]+0.000065*delta[1]+0.000006*delta[2],0.015867+0.000037*delta[0]+0.000065*delta[1]-0.000006*delta[2],0.015826+0.000038*delta[0]+0.000066*delta[1]-0.000003*delta[2],0.008213+0.000023*delta[0]+0.000036*delta[1]-0.000002*delta[2],0.009263+0.000017*delta[0]+0.000033*delta[1]+0.000005*delta[2],0.010100+0.000019*delta[0]+0.000043*delta[1]+0.000004*delta[2],0.010790+0.000026*delta[0]+0.000048*delta[1]+0.000006*delta[2],0.010948+0.000024*delta[0]+0.000055*delta[1]-0.000007*delta[2]
1.183620+0.002534*delta[0]+0.004818*delta[1]-0.000123*delta[2],0.052418+0.000175*delta[0]+0.000193*delta[1]-0.000047*delta[2],0.026160+0.000064*delta[0]+0.000116*delta[1]-0.000008*delta[2],0.049777+0.000131*delta[0]+0.000192*delta[1]+0.000010*delta[2],0.067103+0.000148*delta[0]+0.000275*delta[1]+0.000023*delta[2],0.071757+0.000193*delta[0]+0.000309*delta[1]+0.000009*delta[2],0.056614+0.000139*delta[0]+0.000205*delta[1]-0.000040*delta[2],0.039132+0.000100*delta[0]+0.000163*delta[1]-0.000008*delta[2],0.025721+0.000066*delta[0]+0.000104*delta[1]+0.000000*delta[2],0.129114+0.000212*delta[0]+0.000394*delta[1]-0.000113*delta[2],0.202101+0.000429*delta[0]+0.000777*delta[1]+0.000005*delta[2],0.098624+0.000168*delta[0]+0.000361*delta[1]-0.000058*delta[2],0.048407+0.000108*delta[0]+0.000193*delta[1]-0.000040*delta[2],0.027204+0.000058*delta[0]+0.000126*delta[1]-0.000002*delta[2],0.051742+0.000129*delta[0]+0.000177*delta[1]-0.000052*delta[2],0.043626+0.000084*delta[0]+0.000183*delta[1]-0.000010*delta[2],0.032412+0.000083*delta[0]+0.000130*delta[1]-0.000000*delta[2],0.017909+0.000046*delta[0]+0.000069*delta[1]-0.000006*delta[2],0.017945+0.000044*delta[0]+0.000085*delta[1]+0.000002*delta[2],0.016600+0.000048*delta[0]+0.000062*delta[1]+0.000010*delta[2],0.014577+0.000035*delta[0]+0.000052*delta[1]-0.000003*delta[2],0.030435+0.000092*delta[0]+0.000131*delta[1]-0.000001*delta[2],0.030544+0.000057*delta[0]+0.000115*delta[1]-0.000010*delta[2],0.022454+0.000068*delta[0]+0.000099*delta[1]-0.000001*delta[2],0.063721+0.000124*delta[0]+0.000261*delta[1]-0.000007*delta[2],0.020032+0.000041*delta[0]+0.000086*delta[1]+0.000009*delta[2],0.022438+0.000062*delta[0]+0.000081*delta[1]-0.000004*delta[2],0.014823+0.000024*delta[0]+0.000059*delta[1]-0.000006*delta[2],0.013428+0.000030*delta[0]+0.000051*delta[1]+0.000003*delta[2],0.013317+0.000033*delta[0]+0.000051*delta[1]+0.000001*delta[2],0.012451+0.000012*delta[0]+0.000044*delta[1]-0.000010*delta[2],0.021877+0.000064*delta[0]+0.000083*delta[1]-0.000004*delta[2],0.023677+0.000051*delta[0]+0.000092*delta[1]-0.000001*delta[2],0.023371+0.000063*delta[0]+0.000092*delta[1]-0.000005*delta[2],0.021242+0.000055*delta[0]+0.000092*delta[1]+0.000004*delta[2],0.017942+0.000035*delta[0]+0.000090*delta[1]-0.000003*delta[2],0.012617+0.000033*delta[0]+0.000048*delta[1]+0.000001*delta[2],0.013332+0.000033*delta[0]+0.000044*delta[1]-0.000007*delta[2],0.013498+0.000030*delta[0]+0.000054*delta[1]-0.000005*delta[2],0.012757+0.000037*delta[0]+0.000054*delta[1]-0.000000*delta[2],0.011650+0.000038*delta[0]+0.000051*delta[1]-0.000001*delta[2],0.018082+0.000037*delta[0]+0.000082*delta[1]+0.000000*delta[2],0.018087+0.000049*delta[0]+0.000062*delta[1]+0.000001*delta[2],0.016347+0.000034*delta[0]+0.000061*delta[1]-0.000001*delta[2],0.013858+0.000037*delta[0]+0.000056*delta[1]+0.000003*delta[2],0.011915+0.000034*delta[0]+0.000043*delta[1]+0.000011*delta[2],0.012330+0.000031*delta[0]+0.000052*delta[1]-0.000001*delta[2],0.012159+0.000025*delta[0]+0.000040*delta[1]-0.000003*delta[2],0.011532+0.000031*delta[0]+0.000048*delta[1]-0.000008*delta[2],0.010478+0.000026*delta[0]+0.000043*delta[1]+0.000001*delta[2]
0.015521+0.000026*delta[0]+0.000064*delta[1]+0.000008*delta[2],0.018970+0.000050*delta[0]+0.000066*delta[1]-0.000004*delta[2],0.018657+0.000028*delta[0]+0.000077*delta[1]+0.000013*delta[2],0.006913+0.000014*delta[0]+0.000030*delta[1]-0.000001*delta[2],0.007926+0.000021*delta[0]+0.000025*delta[1]+0.000004*delta[2],0.008938+0.000024*delta[0]+0.000033*delta[1]+0.000001*delta[2],0.009703+0.000013*delta[0]+0.000035*delta[1]+0.000006*delta[2],0.010176+0.000019*delta[0]+0.000035*delta[1]+0.000004*delta[2],0.010223+0.000023*delta[0]+0.000042*delta[1]+0.000010*delta[2],0.008953+0.000010*delta[0]+0.000033*delta[1]+0.000001*delta[2],0.011828+0.000009*delta[0]+0.000043*delta[1]-0.000005*delta[2],0.013029+0.000033*delta[0]+0.000044*delta[1]-0.000001*delta[2],0.013500+0.000028*delta[0]+0.000047*delta[1]-0.000008*delta[2],0.013270+0.000026*delta[0]+0.000054*delta[1]+0.000008*delta[2],0.009950+0.000016*delta[0]+0.000038*delta[1]-0.000000*delta[2],0.010857+0.000024*delta[0]+0.000043*delta[1]+0.000002*delta[2],0.011343+0.000020*delta[0]+0.000045*delta[1]+0.000002*delta[2],0.006170+0.000012*delta[0]+0.000020*delta[1]+0.000003*delta[2],0.006721+0.000015*delta[0]+0.000025*delta[1]+0.000002*delta[2],0.007172+0.000016*delta[0]+0.000024*delta[1]-0.000001*delta[2],0.007415+0.000009*delta[0]+0.000029*delta[1]-0.000005*delta[2],0.006251+0.000010*delta[0]+0.000025*delta[1]-0.000009*delta[2],0.006773+0.000011*delta[0]+0.000026*delta[1]+0.000001*delta[2],0.007473+0.000014*delta[0]+0.000022*delta[1]+0.000000*delta[2],0.007125+0.000010*delta[0]+0.000024*delta[1]+0.000000*delta[2],0.005463+0.000009*delta[0]+0.000023*delta[1]+0.000001*delta[2],0.005973+0.000010*delta[0]+0.000019*delta[1]-0.000002*delta[2],0.007084+0.000014*delta[0]+0.000022*delta[1]+0.000000*delta[2],0.005038+0.000011*delta[0]+0.000019*delta[1]+0.000003*delta[2],0.005365+0.000009*delta[0]+0.000021*delta[1]+0.000006*delta[2],0.005607+0.000014*delta[0]+0.000020*delta[1]+0.000007*delta[2],0.004854+0.000009*delta[0]+0.000019*delta[1]+0.000004*delta[2],0.005259+0.000010*delta[0]+0.000023*delta[1]+0.000003*delta[2],0.005658+0.000012*delta[0]+0.000020*delta[1]-0.000000*delta[2],0.005958+0.000014*delta[0]+0.000024*delta[1]-0.000003*delta[2],0.006126+0.000014*delta[0]+0.000024*delta[1]+0.000000*delta[2],0.004128+0.000011*delta[0]+0.000015*delta[1]-0.000000*delta[2],0.004434+0.000006*delta[0]+0.000016*delta[1]+0.000001*delta[2],0.004760+0.000014*delta[0]+0.000017*delta[1]+0.000002*delta[2],0.004960+0.000011*delta[0]+0.000018*delta[1]-0.000002*delta[2],0.005102+0.000011*delta[0]+0.000019*delta[1]+0.000001*delta[2],0.004388+0.000007*delta[0]+0.000014*delta[1]+0.000005*delta[2],0.004996+0.000010*delta[0]+0.000019*delta[1]+0.000002*delta[2],0.005208+0.000010*delta[0]+0.000021*delta[1]+0.000001*delta[2],0.005268+0.000006*delta[0]+0.000021*delta[1]+0.000005*delta[2],0.003744+0.000008*delta[0]+0.000013*delta[1]+0.000003*delta[2],0.003999+0.000008*delta[0]+0.000017*delta[1]-0.000000*delta[2],0.004171+0.000007*delta[0]+0.000018*delta[1]+0.000001*delta[2],0.004319+0.000011*delta[0]+0.000015*delta[1]+0.000002*delta[2],0.004393+0.000009*delta[0]+0.000019*delta[1]+0.000003*delta[2]
0.011788+0.000030*delta[0]+0.000048*delta[1]-0.000001*delta[2],0.016017+0.000028*delta[0]+0.000072*delta[1]-0.000007*delta[2],0.017296+0.000037*delta[0]+0.000067*delta[1]-0.000006*delta[2],0.005587+0.000017*delta[0]+0.000025*delta[1]-0.000000*delta[2],0.006454+0.000012*delta[0]+0.000028*delta[1]+0.000006*delta[2],0.007430+0.000013*delta[0]+0.000032*delta[1]+0.000002*delta[2],0.008294+0.000020*delta[0]+0.000030*delta[1]+0.000007*delta[2],0.009083+0.000019*delta[0]+0.000041*delta[1]+0.000002*delta[2],0.009578+0.000016*delta[0]+0.000039*delta[1]-0.000007*delta[2],0.006982+0.000014*delta[0]+0.000034*delta[1]+0.000003*delta[2],0.009582+0.000024*delta[0]+0.000040*delta[1]+0.000011*delta[2],0.010874+0.000019*delta[0]+0.000045*delta[1]+0.000000*delta[2],0.011969+0.000026*delta[0]+0.000043*delta[1]-0.000001*delta[2],0.012547+0.000027*delta[0]+0.000050*delta[1]-0.000003*delta[2],0.008208+0.000017*delta[0]+0.000031*delta[1]+0.000001*delta[2],0.009218+0.000022*delta[0]+0.000037*delta[1]-0.000003*delta[2],0.010127+0.000027*delta[0]+0.000045*delta[1]-0.000001*delta[2],0.005322+0.000010*delta[0]+0.000025*delta[1]-0.000000*delta[2],0.005942+0.000015*delta[0]+0.000027*delta[1]+0.000003*delta[2],0.006475+0.000013*delta[0]+0.000027*delta[1]+0.000002*delta[2],0.006941+0.000016*delta[0]+0.000026*delta[1]+0.000003*delta[2],0.005307+0.000012*delta[0]+0.000021*delta[1]+0.000002*delta[2],0.005860+0.000010*delta[0]+0.000020*delta[1]-0.000001*delta[2],0.006862+0.000012*delta[0]+0.000029*delta[1]-0.000010*delta[2],0.005767+0.000013*delta[0]+0.000024*delta[1]-0.000001*delta[2],0.004607+0.000012*delta[0]+0.000023*delta[1]+0.000000*delta[2],0.005107+0.000009*delta[0]+0.000020*delta[1]-0.000002*delta[2],0.006798+0.000014*delta[0]+0.000030*delta[1]-0.000004*delta[2],0.004447+0.000009*delta[0]+0.000015*delta[1]-0.000003*delta[2],0.004812+0.000011*delta[0]+0.000018*delta[1]-0.000002*delta[2],0.005152+0.000009*delta[0]+0.000021*delta[1]-0.000002*delta[2],0.004148+0.000008*delta[0]+0.000018*delta[1]+0.000001*delta[2],0.004592+0.000013*delta[0]+0.000018*delta[1]+0.000001*delta[2],0.004997+0.000014*delta[0]+0.000021*delta[1]+0.000001*delta[2],0.005391+0.000012*delta[0]+0.000021*delta[1]-0.000001*delta[2],0.005716+0.000017*delta[0]+0.000023*delta[1]+0.000002*delta[2],0.003615+0.000008*delta[0]+0.000017*delta[1]+0.000001*delta[2],0.003939+0.000011*delta[0]+0.000020*delta[1]+0.000001*delta[2],0.004280+0.000012*delta[0]+0.000019*delta[1]-0.000001*delta[2],0.004566+0.000011*delta[0]+0.000020*delta[1]-0.000001*delta[2],0.004826+0.000011*delta[0]+0.000019*delta[1]-0.000000*delta[2],0.003844+0.000011*delta[0]+0.000016*delta[1]+0.000001*delta[2],0.004519+0.000008*delta[0]+0.000022*delta[1]+0.000003*delta[2],0.004827+0.000011*delta[0]+0.000019*delta[1]-0.000001*delta[2],0.005018+0.000008*delta[0]+0.000022*delta[1]+0.000002*delta[2],0.003324+0.000008*delta[0]+0.000015*delta[1]+0.000001*delta[2],0.003561+0.000009*delta[0]+0.000014*delta[1]-0.000001*delta[2],0.003787+0.000009*delta[0]+0.000014*delta[1]-0.000002*delta[2],0.004001+0.000007*delta[0]+0.000016*delta[1]-0.000004*delta[2],0.004163+0.000008*delta[0]+0.000013*delta[1]+0.000002*delta[2]
0.102653+0.000198*delta[0]+0.000438*delta[1]+0.000030*delta[2],2.414453+0.003717*delta[0]+0.011052*delta[1]-0.000192*delta[2],0.303620+0.000442*delta[0]+0.001293*delta[1]+0.000045*delta[2],0.019614+0.000016*delta[0]+0.000088*delta[1]-0.000009*delta[2],0.029513+0.000039*delta[0]+0.000107*delta[1]-0.000018*delta[2],0.045699+0.000116*delta[0]+0.000204*delta[1]-0.000003*delta[2],0.066373+0.000123*delta[0]+0.000273*delta[1]-0.000011*delta[2],0.080512+0.000106*delta[0]+0.000331*delta[1]-0.000021*delta[2],0.069622+0.000069*delta[0]+0.000265*delta[1]-0.000021*delta[2],0.026188+0.000045*delta[0]+0.000098*delta[1]-0.000008*delta[2],0.089174+0.000145*delta[0]+0.000376*delta[1]+0.000036*delta[2],0.177819+0.000160*delta[0]+0.000724*delta[1]-0.000103*delta[2],0.215525+0.000382*delta[0]+0.000893*delta[1]-0.000085*delta[2],0.127185+0.000290*delta[0]+0.000545*delta[1]+0.000157*delta[2],0.034374+0.000049*delta[0]+0.000142*delta[1]-0.000008*delta[2],0.044744+0.000111*delta[0]+0.000214*delta[1]-0.000000*delta[2],0.050794+0.000145*delta[0]+0.000165*delta[1]-0.000023*delta[2],0.013729+0.000029*delta[0]+0.000062*delta[1]-0.000002*delta[2],0.016178+0.000028*delta[0]+0.000067*delta[1]+0.000007*delta[2],0.017934+0.000046*delta[0]+0.000082*delta[1]+0.000006*delta[2],0.018529+0.000033*delta[0]+0.000082*delta[1]+0.000002*delta[2],0.020252+0.000031*delta[0]+0.000082*delta[1]+0.000002*delta[2],0.025812+0.000054*delta[0]+0.000093*delta[1]-0.000012*delta[2],0.033644+0.000038*delta[0]+0.000148*delta[1]-0.000004*delta[2],0.022585+0.000045*delta[0]+0.000090*delta[1]-0.000006*delta[2],0.012309+0.000023*delta[0]+0.000055*delta[1]-0.000002*delta[2],0.015418+0.000030*delta[0]+0.000075*delta[1]+0.000008*delta[2],0.021798+0.000035*delta[0]+0.000083*delta[1]+0.000000*delta[2],0.010884+0.000026*delta[0]+0.000044*delta[1]-0.000001*delta[2],0.012143+0.000025*delta[0]+0.000053*delta[1]+0.000001*delta[2],0.012979+0.000018*delta[0]+0.000049*delta[1]+0.000013*delta[2],0.014139+0.000023*delta[0]+0.000043*delta[1]+0.000009*delta[2],0.017722+0.000022*delta[0]+0.000077*delta[1]-0.000008*delta[2],0.021456+0.000052*delta[0]+0.000090*delta[1]+0.000006*delta[2],0.024606+0.000063*delta[0]+0.000086*delta[1]+0.000007*delta[2],0.025865+0.000054*delta[0]+0.000121*delta[1]-0.000001*delta[2],0.009241+0.000020*delta[0]+0.000040*delta[1]+0.000002*delta[2],0.010705+0.000027*delta[0]+0.000046*delta[1]+0.000004*delta[2],0.012196+0.000026*delta[0]+0.000052*delta[1]-0.000004*delta[2],0.013205+0.000028*delta[0]+0.000049*delta[1]+0.000002*delta[2],0.013692+0.000023*delta[0]+0.000050*delta[1]+0.000004*delta[2],0.013203+0.000010*delta[0]+0.000065*delta[1]+0.000001*delta[2],0.018185+0.000028*delta[0]+0.000085*delta[1]+0.000004*delta[2],0.019873+0.000034*delta[0]+0.000090*delta[1]+0.000016*delta[2],0.019633+0.000043*delta[0]+0.000080*delta[1]-0.000009*delta[2],0.009011+0.000016*delta[0]+0.000032*delta[1]+0.000003*delta[2],0.010219+0.000023*delta[0]+0.000037*delta[1]-0.000002*delta[2],0.011325+0.000023*delta[0]+0.000047*delta[1]-0.000002*delta[2],0.012141+0.000026*delta[0]+0.000056*delta[1]+0.000004*delta[2],0.012307+0.000015*delta[0]+0.000046*delta[1]+0.000006*delta[2]
0.683962+0.001488*delta[0]+0.002618*delta[1]+0.000129*delta[2],0.057656+0.000151*delta[0]+0.000182*delta[1]-0.000005*delta[2],0.028328+0.000050*delta[0]+0.000116*delta[1]-0.000000*delta[2],0.046410+0.000101*delta[0]+0.000162*delta[1]+0.000007*delta[2],0.061488+0.000167*delta[0]+0.000231*delta[1]+0.000026*delta[2],0.065884+0.000104*delta[0]+0.000250*delta[1]-0.000017*delta[2],0.053248+0.000120*delta[0]+0.000159*delta[1]+0.000008*delta[2],0.037615+0.000092*delta[0]+0.000101*delta[1]+0.000016*delta[2],0.025236+0.000071*delta[0]+0.000083*delta[1]+0.000014*delta[2],0.102525+0.000240*delta[0]+0.000382*delta[1]+0.000059*delta[2],0.148399+0.000359*delta[0]+0.000431*delta[1]-0.000013*delta[2],0.085168+0.000153*delta[0]+0.000309*delta[1]-0.000007*delta[2],0.045835+0.000112*delta[0]+0.000139*delta[1]+0.000012*delta[2],0.026902+0.000043*delta[0]+0.000070*delta[1]+0.000002*delta[2],0.044248+0.000116*delta[0]+0.000159*delta[1]-0.000003*delta[2],0.038333+0.000087*delta[0]+0.000136*delta[1]+0.000025*delta[2],0.029593+0.000065*delta[0]+0.000110*delta[1]+0.000020*delta[2],0.016260+0.000033*delta[0]+0.000057*delta[1]-0.000005*delta[2],0.016369+0.000039*delta[0]+0.000059*delta[1]+0.000001*delta[2],0.015299+0.000035*delta[0]+0.000058*delta[1]-0.000003*delta[2],0.013589+0.000035*delta[0]+0.000050*delta[1]-0.000008*delta[2],0.029050+0.000037*delta[0]+0.000105*delta[1]-0.000014*delta[2],0.029159+0.000066*delta[0]+0.000096*delta[1]+0.000003*delta[2],0.021794+0.000052*delta[0]+0.000077*delta[1]+0.000012*delta[2],0.055241+0.000127*delta[0]+0.000169*delta[1]+0.000030*delta[2],0.017975+0.000039*delta[0]+0.000066*delta[1]-0.000007*delta[2],0.019998+0.000051*delta[0]+0.000076*delta[1]-0.000014*delta[2],0.013793+0.000026*delta[0]+0.000054*delta[1]+0.000013*delta[2],0.012338+0.000023*delta[0]+0.000039*delta[1]+0.000003*delta[2],0.012250+0.000018*delta[0]+0.000047*delta[1]-0.000001*delta[2],0.011540+0.000023*delta[0]+0.000039*delta[1]-0.000005*delta[2],0.020328+0.000041*delta[0]+0.000074*delta[1]+0.000005*delta[2],0.021960+0.000050*delta[0]+0.000077*delta[1]+0.000006*delta[2],0.021759+0.000052*delta[0]+0.000065*delta[1]+0.000008*delta[2],0.019882+0.000044*delta[0]+0.000057*delta[1]+0.000005*delta[2],0.017101+0.000045*delta[0]+0.000063*delta[1]-0.000003*delta[2],0.011532+0.000028*delta[0]+0.000046*delta[1]+0.000005*delta[2],0.012133+0.000022*delta[0]+0.000036*delta[1]+0.000004*delta[2],0.012301+0.000022*delta[0]+0.000053*delta[1]+0.000006*delta[2],0.011709+0.000037*delta[0]+0.000040*delta[1]-0.000005*delta[2],0.010780+0.000021*delta[0]+0.000039*delta[1]+0.000001*delta[2],0.016490+0.000030*delta[0]+0.000055*delta[1]+0.000012*delta[2],0.016594+0.000030*delta[0]+0.000056*delta[1]+0.000003*delta[2],0.015149+0.000032*delta[0]+0.000050*delta[1]+0.000004*delta[2],0.013077+0.000029*delta[0]+0.000048*delta[1]+0.000005*delta[2],0.010888+0.000022*delta[0]+0.000040*delta[1]+0.000004*delta[2],0.011253+0.000021*delta[0]+0.000041*delta[1]-0.000000*delta[2],0.011135+0.000033*delta[0]+0.000041*delta[1]+0.000003*delta[2],0.010619+0.000025*delta[0]+0.000041*delta[1]-0.000004*delta[2],0.009705+0.000020*delta[0]+0.000032*delta[1]+0.000007*delta[2]
0.014005+0.000022*delta[0]+0.000054*delta[1]-0.000003*delta[2],0.022646+0.000034*delta[0]+0.000076*delta[1]-0.000005*delta[2],0.026669+0.000061*delta[0]+0.000124*delta[1]-0.000018*delta[2],0.006187+0.000016*delta[0]+0.000026*delta[1]-0.000002*delta[2],0.007396+0.000013*delta[0]+0.000028*delta[1]-0.000001*delta[2],0.008869+0.000014*delta[0]+0.000037*delta[1]+0.000012*delta[2],0.010364+0.000018*delta[0]+0.000043*delta[1]+0.000001*delta[2],0.011926+0.000020*delta[0]+0.000053*delta[1]-0.000006*delta[2],0.013131+0.000030*delta[0]+0.000058*delta[1]+0.000001*delta[2],0.007684+0.000013*delta[0]+0.000027*delta[1]-0.000004*delta[2],0.011533+0.000021*delta[0]+0.000049*delta[1]-0.000010*delta[2],0.013960+0.000029*delta[0]+0.000049*delta[1]-0.000002*delta[2],0.016350+0.000032*delta[0]+0.000068*delta[1]-0.000006*delta[2],0.018175+0.000025*delta[0]+0.000078*delta[1]+0.000004*delta[2],0.009498+0.000016*delta[0]+0.000038*delta[1]-0.000000*delta[2],0.011196+0.000025*delta[0]+0.000046*delta[1]+0.000002*delta[2],0.012874+0.000023*delta[0]+0.000042*delta[1]+0.000000*delta[2],0.005937+0.000011*delta[0]+0.000025*delta[1]-0.000004*delta[2],0.006800+0.000015*delta[0]+0.000030*delta[1]+0.000002*delta[2],0.007654+0.000016*delta[0]+0.000038*delta[1]-0.000003*delta[2],0.008415+0.000014*delta[0]+0.000036*delta[1]+0.000002*delta[2],0.006131+0.000011*delta[0]+0.000023*delta[1]+0.000001*delta[2],0.006979+0.000016*delta[0]+0.000033*delta[1]-0.000003*delta[2],0.008732+0.000014*delta[0]+0.000038*delta[1]+0.000005*delta[2],0.006471+0.000015*delta[0]+0.000026*delta[1]-0.000004*delta[2],0.005033+0.000009*delta[0]+0.000021*delta[1]-0.000001*delta[2],0.005758+0.000013*delta[0]+0.000023*delta[1]-0.000001*delta[2],0.008591+0.000021*delta[0]+0.000032*delta[1]+0.000001*delta[2],0.004947+0.000006*delta[0]+0.000019*delta[1]+0.000001*delta[2],0.005506+0.000011*delta[0]+0.000025*delta[1]+0.000002*delta[2],0.005966+0.000012*delta[0]+0.000023*delta[1]-0.000003*delta[2],0.004742+0.000008*delta[0]+0.000020*delta[1]+0.000002*delta[2],0.005358+0.000009*delta[0]+0.000021*delta[1]+0.000002*delta[2],0.005991+0.000009*delta[0]+0.000027*delta[1]+0.000002*delta[2],0.006672+0.000016*delta[0]+0.000027*delta[1]-0.000004*delta[2],0.007251+0.000015*delta[0]+0.000026*delta[1]+0.000001*delta[2],0.004009+0.000012*delta[0]+0.000016*delta[1]+0.000001*delta[2],0.004457+0.000008*delta[0]+0.000018*delta[1]-0.000000*delta[2],0.004947+0.000013*delta[0]+0.000022*delta[1]+0.000003*delta[2],0.005356+0.000009*delta[0]+0.000024*delta[1]+0.000001*delta[2],0.005791+0.000010*delta[0]+0.000017*delta[1]-0.000002*delta[2],0.004426+0.000006*delta[0]+0.000017*delta[1]-0.000002*delta[2],0.005459+0.000014*delta[0]+0.000024*delta[1]-0.000002*delta[2],0.005943+0.000015*delta[0]+0.000025*delta[1]+0.000001*delta[2],0.006339+0.000011*delta[0]+0.000025*delta[1]-0.000002*delta[2],0.003719+0.000009*delta[0]+0.000017*delta[1]-0.000002*delta[2],0.004079+0.000008*delta[0]+0.000014*delta[1]-0.000003*delta[2],0.004433+0.000005*delta[0]+0.000015*delta[1]-0.000000*delta[2],0.004747+0.000010*delta[0]+0.000016*delta[1]+0.000000*delta[2],0.005037+0.000009*delta[0]+0.000019*delta[1]-0.000003*delta[2]
0.668748+0.001469*delta[0]+0.002364*delta[1]-0.000355*delta[2],0.100889+0.000145*delta[0]+0.000447*delta[1]-0.000019*delta[2],0.043222+0.000073*delta[0]+0.000170*delta[1]-0.000022*delta[2],0.036753+0.000083*delta[0]+0.000169*delta[1]+0.000028*delta[2],0.052525+0.000100*delta[0]+0.000255*delta[1]+0.000017*delta[2],0.065441+0.000141*delta[0]+0.000287*delta[1]+0.000030*delta[2],0.061757+0.000203*delta[0]+0.000255*delta[1]+0.000031*delta[2],0.047143+0.000104*delta[0]+0.000197*delta[1]+0.000029*delta[2],0.032090+0.000060*delta[0]+0.000131*delta[1]+0.000007*delta[2],0.063973+0.000078*delta[0]+0.000235*delta[1]+0.000010*delta[2],0.139878+0.000286*delta[0]+0.000609*delta[1]-0.000034*delta[2],0.106767+0.000238*delta[0]+0.000409*delta[1]-0.000009*delta[2],0.061558+0.000121*delta[0]+0.000220*delta[1]-0.000007*delta[2],0.035560+0.000076*delta[0]+0.000139*delta[1]+0.000008*delta[2],0.039949+0.000100*delta[0]+0.000187*delta[1]-0.000027*delta[2],0.038660+0.000088*delta[0]+0.000147*delta[1]+0.000003*delta[2],0.032414+0.000079*delta[0]+0.000100*delta[1]-0.000004*delta[2],0.014913+0.000043*delta[0]+0.000071*delta[1]-0.000004*delta[2],0.015635+0.000033*delta[0]+0.000057*delta[1]-0.000006*delta[2],0.015229+0.000021*delta[0]+0.000061*delta[1]-0.000011*delta[2],0.014046+0.000027*delta[0]+0.000053*delta[1]-0.000001*delta[2],0.027424+0.000053*delta[0]+0.000106*delta[1]+0.000012*delta[2],0.029628+0.000042*delta[0]+0.000104*delta[1]-0.000023*delta[2],0.025006+0.000056*delta[0]+0.000104*delta[1]+0.000014*delta[2],0.041707+0.000074*delta[0]+0.000175*delta[1]+0.000006*delta[2],0.015454+0.000026*delta[0]+0.000071*delta[1]+0.000005*delta[2],0.017718+0.000033*delta[0]+0.000085*delta[1]+0.000015*delta[2],0.014727+0.000021*delta[0]+0.000065*delta[1]+0.000004*delta[2],0.011418+0.000024*delta[0]+0.000045*delta[1]-0.000001*delta[2],0.011693+0.000021*delta[0]+0.000050*delta[1]-0.000003*delta[2],0.011373+0.000020*delta[0]+0.000041*delta[1]+0.000009*delta[2],0.018290+0.000037*delta[0]+0.000085*delta[1]+0.000005*delta[2],0.020784+0.000054*delta[0]+0.000092*delta[1]-0.000003*delta[2],0.021807+0.000048*delta[0]+0.000084*delta[1]+0.000021*delta[2],0.020984+0.000038*delta[0]+0.000092*delta[1]-0.000002*delta[2],0.018794+0.000031*delta[0]+0.000079*delta[1]-0.000007*delta[2],0.010385+0.000018*delta[0]+0.000048*delta[1]-0.000001*delta[2],0.011235+0.000022*delta[0]+0.000042*delta[1]-0.000011*delta[2],0.011725+0.000023*delta[0]+0.000054*delta[1]+0.000003*delta[2],0.011504+0.000022*delta[0]+0.000049*delta[1]+0.000005*delta[2],0.010946+0.000023*delta[0]+0.000049*delta[1]+0.000003*delta[2],0.015141+0.000030*delta[0]+0.000064*delta[1]-0.000018*delta[2],0.016526+0.000040*delta[0]+0.000075*delta[1]+0.000006*delta[2],0.015721+0.000034*delta[0]+0.000064*delta[1]+0.000004*delta[2],0.014065+0.000025*delta[0]+0.000059*delta[1]+0.000002*delta[2],0.009889+0.000021*delta[0]+0.000041*delta[1]-0.000005*delta[2],0.010542+0.000023*delta[0]+0.000043*delta[1]+0.000002*delta[2],0.010671+0.000018*delta[0]+0.000038*delta[1]-0.000000*delta[2],0.010500+0.000017*delta[0]+0.000043*delta[1]+0.000002*delta[2],0.009862+0.000014*delta[0]+0.000050*delta[1]-0.000000*delta[2]
0.015221+0.000024*delta[0]+0.000057*delta[1]+0.000007*delta[2],0.013541+0.000029*delta[0]+0.000048*delta[1]-0.000000*delta[2],0.011768+0.000024*delta[0]+0.000046*delta[1]-0.000002*delta[2],0.007935+0.000012*delta[0]+0.000032*delta[1]+0.000002*delta[2],0.008518+0.000013*delta[0]+0.000034*delta[1]+0.000002*delta[2],0.008797+0.000015*delta[0]+0.000037*delta[1]-0.000002*delta[2],0.008685+0.000009*delta[0]+0.000042*delta[1]+0.000003*delta[2],0.008326+0.000010*delta[0]+0.000038*delta[1]+0.000002*delta[2],0.007711+0.000013*delta[0]+0.000038*delta[1]+0.000001*delta[2],0.010391+0.000016*delta[0]+0.000045*delta[1]-0.000002*delta[2],0.011160+0.000022*delta[0]+0.000050*delta[1]-0.000004*delta[2],0.010893+0.000017*delta[0]+0.000051*delta[1]+0.000004*delta[2],0.010085+0.000008*delta[0]+0.000041*delta[1]+0.000001*delta[2],0.009019+0.000009*delta[0]+0.000030*delta[1]-0.000005*delta[2],0.009472+0.000004*delta[0]+0.000035*delta[1]+0.000000*delta[2],0.009296+0.000017*delta[0]+0.000032*delta[1]-0.000006*delta[2],0.008808+0.000012*delta[0]+0.000040*delta[1]-0.000006*delta[2],0.006022+0.000008*delta[0]+0.000027*delta[1]+0.000001*delta[2],0.006126+0.000010*delta[0]+0.000023*delta[1]-0.000001*delta[2],0.006104+0.000009*delta[0]+0.000026*delta[1]-0.000001*delta[2],0.005902+0.000013*delta[0]+0.000030*delta[1]-0.000001*delta[2],0.006515+0.000010*delta[0]+0.000021*delta[1]+0.000000*delta[2],0.006579+0.000013*delta[0]+0.000028*delta[1]+0.000001*delta[2],0.006328+0.000014*delta[0]+0.000025*delta[1]-0.000002*delta[2],0.007931+0.000013*delta[0]+0.000036*delta[1]+0.000001*delta[2],0.005790+0.000014*delta[0]+0.000023*delta[1]+0.000000*delta[2],0.006015+0.000010*delta[0]+0.000025*delta[1]+0.000002*delta[2],0.005507+0.000012*delta[0]+0.000022*delta[1]-0.000004*delta[2],0.004903+0.000009*delta[0]+0.000021*delta[1]+0.000002*delta[2],0.004917+0.000012*delta[0]+0.000019*delta[1]-0.000002*delta[2],0.004880+0.000011*delta[0]+0.000020*delta[1]-0.000002*delta[2],0.005099+0.000007*delta[0]+0.000021*delta[1]+0.000000*delta[2],0.005266+0.000009*delta[0]+0.000024*delta[1]+0.000000*delta[2],0.005324+0.000013*delta[0]+0.000025*delta[1]-0.000001*delta[2],0.005279+0.000006*delta[0]+0.000020*delta[1]+0.000001*delta[2],0.005159+0.000011*delta[0]+0.000020*delta[1]+0.000005*delta[2],0.004191+0.000007*delta[0]+0.000015*delta[1]-0.000002*delta[2],0.004308+0.000009*delta[0]+0.000019*delta[1]+0.000001*delta[2],0.004405+0.000008*delta[0]+0.000018*delta[1]+0.000002*delta[2],0.004367+0.000011*delta[0]+0.000019*delta[1]+0.000000*delta[2],0.004300+0.000004*delta[0]+0.000017*delta[1]-0.000003*delta[2],0.004408+0.000007*delta[0]+0.000020*delta[1]+0.000003*delta[2],0.004535+0.000009*delta[0]+0.000021*delta[1]+0.000001*delta[2],0.004509+0.000007*delta[0]+0.000013*delta[1]-0.000002*delta[2],0.004361+0.000009*delta[0]+0.000017*delta[1]+0.000001*delta[2],0.003755+0.000004*delta[0]+0.000014*delta[1]+0.000002*delta[2],0.003820+0.000009*delta[0]+0.000016*delta[1]-0.000001*delta[2],0.003840+0.000007*delta[0]+0.000014*delta[1]+0.000001*delta[2],0.003818+0.000009*delta[0]+0.000016*delta[1]-0.000001*delta[2],0.003731+0.000008*delta[0]+0.000016*delta[1]-0.000002*delta[2]
0.228075+0.000503*delta[0]+0.000826*delta[1]+0.000023*delta[2],0.597051+0.001291*delta[0]+0.002592*delta[1]+0.000094*delta[2],0.123126+0.000243*delta[0]+0.000587*delta[1]-0.000030*delta[2],0.025758+0.000037*delta[0]+0.000106*delta[1]-0.000018*delta[2],0.040313+0.000055*delta[0]+0.000174*delta[1]-0.000013*delta[2],0.063637+0.000132*delta[0]+0.000309*delta[1]+0.000013*delta[2],0.085403+0.000204*delta[0]+0.000349*delta[1]-0.000021*delta[2],0.085783+0.000230*delta[0]+0.000295*delta[1]-0.000104*delta[2],0.061564+0.000158*delta[0]+0.000278*delta[1]+0.000028*delta[2],0.035421+0.000065*delta[0]+0.000150*delta[1]-0.000000*delta[2],0.124363+0.000365*delta[0]+0.000516*delta[1]-0.000020*delta[2],0.188547+0.000450*delta[0]+0.000852*delta[1]+0.000072*delta[2],0.146744+0.000268*delta[0]+0.000562*delta[1]-0.000037*delta[2],0.077534+0.000226*delta[0]+0.000270*delta[1]+0.000007*delta[2],0.035914+0.000075*delta[0]+0.000148*delta[1]+0.000018*delta[2],0.042228+0.000086*delta[0]+0.000178*delta[1]+0.000009*delta[2],0.042458+0.000115*delta[0]+0.000186*delta[1]+0.000018*delta[2],0.013902+0.000041*delta[0]+0.000064*delta[1]-0.000001*delta[2],0.015694+0.000036*delta[0]+0.000062*delta[1]+0.000004*delta[2],0.016590+0.000037*delta[0]+0.000070*delta[1]-0.000005*delta[2],0.016413+0.000042*delta[0]+0.000057*delta[1]-0.000009*delta[2],0.025160+0.000055*delta[0]+0.000111*delta[1]-0.000023*delta[2],0.031428+0.000061*delta[0]+0.000114*delta[1]-0.000008*delta[2],0.035624+0.000084*delta[0]+0.000147*delta[1]-0.000017*delta[2],0.029286+0.000057*delta[0]+0.000131*delta[1]-0.000005*delta[2],0.013241+0.000030*delta[0]+0.000062*delta[1]+0.000002*delta[2],0.016140+0.000041*delta[0]+0.000079*delta[1]-0.000001*delta[2],0.018739+0.000033*delta[0]+0.000081*delta[1]-0.000001*delta[2],0.010921+0.000023*delta[0]+0.000042*delta[1]+0.000005*delta[2],0.011836+0.000033*delta[0]+0.000045*delta[1]-0.000011*delta[2],0.012213+0.000031*delta[0]+0.000047*delta[1]-0.000006*delta[2],0.016712+0.000038*delta[0]+0.000071*delta[1]-0.000009*delta[2],0.020644+0.000048*delta[0]+0.000071*delta[1]+0.000002*delta[2],0.024278+0.000074*delta[0]+0.000105*delta[1]+0.000002*delta[2],0.026309+0.000085*delta[0]+0.000117*delta[1]-0.000004*delta[2],0.025836+0.000038*delta[0]+0.000107*delta[1]+0.000019*delta[2],0.009632+0.000020*delta[0]+0.000039*delta[1]+0.000001*delta[2],0.010883+0.000023*delta[0]+0.000048*delta[1]-0.000009*delta[2],0.012082+0.000033*delta[0]+0.000048*delta[1]-0.000004*delta[2],0.012607+0.000032*delta[0]+0.000055*delta[1]-0.000001*delta[2],0.012663+0.000041*delta[0]+0.000054*delta[1]-0.000004*delta[2],0.014703+0.000043*delta[0]+0.000067*delta[1]-0.000007*delta[2],0.019102+0.000038*delta[0]+0.000074*delta[1]-0.000003*delta[2],0.019757+0.000037*delta[0]+0.000089*delta[1]-0.000003*delta[2],0.018769+0.000032*delta[0]+0.000080*delta[1]-0.000009*delta[2],0.009446+0.000021*delta[0]+0.000041*delta[1]-0.000000*delta[2],0.010520+0.000016*delta[0]+0.000049*delta[1]-0.000007*delta[2],0.011336+0.000030*delta[0]+0.000045*delta[1]-0.000003*delta[2],0.011772+0.000022*delta[0]+0.000054*delta[1]+0.000001*delta[2],0.011601+0.000025*delta[0]+0.000052*delta[1]-0.000007*delta[2]
0.004344+0.000007*delta[0]+0.000016*delta[1]-0.000002*delta[2],0.007060+0.000016*delta[0]+0.000030*delta[1]+0.000002*delta[2],0.009424+0.000020*delta[0]+0.000046*delta[1]-0.000005*delta[2],0.002821+0.000009*delta[0]+0.000012*delta[1]-0.000001*delta[2],0.003347+0.000006*delta[0]+0.000013*delta[1]+0.000001*delta[2],0.004079+0.000012*delta[0]+0.000019*delta[1]+0.000003*delta[2],0.005003+0.000008*delta[0]+0.000023*delta[1]-0.000003*delta[2],0.006193+0.000016*delta[0]+0.000024*delta[1]+0.000000*delta[2],0.007873+0.000018*delta[0]+0.000026*delta[1]+0.000003*delta[2],0.003054+0.000005*delta[0]+0.000010*delta[1]+0.000002*delta[2],0.004473+0.000010*delta[0]+0.000016*delta[1]+0.000004*delta[2],0.005545+0.000018*delta[0]+0.000020*delta[1]+0.000002*delta[2],0.007032+0.000019*delta[0]+0.000028*delta[1]-0.000000*delta[2],0.009091+0.000019*delta[0]+0.000035*delta[1]+0.000003*delta[2],0.004021+0.000008*delta[0]+0.000016*delta[1]-0.000002*delta[2],0.004874+0.000015*delta[0]+0.000020*delta[1]-0.000003*delta[2],0.006028+0.000013*delta[0]+0.000023*delta[1]+0.000003*delta[2],0.003121+0.000007*delta[0]+0.000012*delta[1]-0.000001*delta[2],0.003679+0.000004*delta[0]+0.000012*delta[1]-0.000002*delta[2],0.004356+0.000006*delta[0]+0.000016*delta[1]-0.000001*delta[2],0.005213+0.000008*delta[0]+0.000022*delta[1]+0.000001*delta[2],0.003297+0.000005*delta[0]+0.000011*delta[1]+0.000002*delta[2],0.003874+0.000009*delta[0]+0.000016*delta[1]-0.000001*delta[2],0.005690+0.000010*delta[0]+0.000024*delta[1]-0.000002*delta[2],0.003029+0.000006*delta[0]+0.000011*delta[1]+0.000000*delta[2],0.002616+0.000007*delta[0]+0.000009*delta[1]-0.000000*delta[2],0.003046+0.000007*delta[0]+0.000011*delta[1]+0.000000*delta[2],0.006000+0.000015*delta[0]+0.000027*delta[1]+0.000005*delta[2],0.002891+0.000008*delta[0]+0.000014*delta[1]-0.000000*delta[2],0.003338+0.000006*delta[0]+0.000015*delta[1]-0.000002*delta[2],0.003886+0.000009*delta[0]+0.000016*delta[1]-0.000001*delta[2],0.002751+0.000007*delta[0]+0.000011*delta[1]-0.000001*delta[2],0.003216+0.000009*delta[0]+0.000014*delta[1]+0.000002*delta[2],0.003765+0.000006*delta[0]+0.000015*delta[1]-0.000002*delta[2],0.004478+0.000011*delta[0]+0.000014*delta[1]-0.000000*delta[2],0.005380+0.000016*delta[0]+0.000022*delta[1]-0.000001*delta[2],0.002426+0.000004*delta[0]+0.000009*delta[1]-0.000001*delta[2],0.002770+0.000007*delta[0]+0.000012*delta[1]-0.000001*delta[2],0.003213+0.000008*delta[0]+0.000013*delta[1]-0.000000*delta[2],0.003713+0.000009*delta[0]+0.000013*delta[1]-0.000000*delta[2],0.004299+0.000010*delta[0]+0.000017*delta[1]+0.000001*delta[2],0.002785+0.000007*delta[0]+0.000008*delta[1]+0.000000*delta[2],0.003788+0.000007*delta[0]+0.000013*delta[1]+0.000004*delta[2],0.004465+0.000009*delta[0]+0.000016*delta[1]+0.000003*delta[2],0.005301+0.000012*delta[0]+0.000021*delta[1]+0.000002*delta[2],0.002418+0.000006*delta[0]+0.000009*delta[1]-0.000001*delta[2],0.002750+0.000006*delta[0]+0.000010*delta[1]+0.000001*delta[2],0.003142+0.000007*delta[0]+0.000013*delta[1]-0.000002*delta[2],0.003592+0.000008*delta[0]+0.000015*delta[1]-0.000003*delta[2],0.004111+0.000010*delta[0]+0.000017*delta[1]-0.000001*delta[2]
0.057317+0.000124*delta[0]+0.000278*delta[1]+0.000049*delta[2],0.043346+0.000052*delta[0]+0.000181*delta[1]-0.000033*delta[2],0.030354+0.000060*delta[0]+0.000126*delta[1]+0.000010*delta[2],0.018587+0.000033*delta[0]+0.000068*delta[1]+0.000009*delta[2],0.022309+0.000039*delta[0]+0.000097*delta[1]-0.000004*delta[2],0.025100+0.000030*delta[0]+0.000076*delta[1]+0.000005*delta[2],0.024982+0.000034*delta[0]+0.000120*delta[1]+0.000013*delta[2],0.022692+0.000013*delta[0]+0.000086*delta[1]+0.000006*delta[2],0.019054+0.000045*delta[0]+0.000076*delta[1]-0.000003*delta[2],0.024137+0.000040*delta[0]+0.000095*delta[1]-0.000003*delta[2],0.031652+0.000069*delta[0]+0.000136*delta[1]-0.000011*delta[2],0.030322+0.000042*delta[0]+0.000132*delta[1]+0.000007*delta[2],0.025800+0.000046*delta[0]+0.000106*delta[1]+0.000009*delta[2],0.020432+0.000045*delta[0]+0.000086*delta[1]-0.000013*delta[2],0.017846+0.000030*delta[0]+0.000068*delta[1]-0.000005*delta[2],0.017897+0.000030*delta[0]+0.000070*delta[1]-0.000002*delta[2],0.016666+0.000039*delta[0]+0.000059*delta[1]-0.000009*delta[2],0.008990+0.000021*delta[0]+0.000030*delta[1]-0.000002*delta[2],0.009329+0.000014*delta[0]+0.000039*delta[1]-0.000010*delta[2],0.009309+0.000025*delta[0]+0.000038*delta[1]+0.000006*delta[2],0.008973+0.000004*delta[0]+0.000041*delta[1]-0.000002*delta[2],0.015148+0.000017*delta[0]+0.000065*delta[1]-0.000004*delta[2],0.016000+0.000030*delta[0]+0.000074*delta[1]-0.000006*delta[2],0.014900+0.000037*delta[0]+0.000061*delta[1]+0.000006*delta[2],0.018046+0.000032*delta[0]+0.000080*delta[1]+0.000005*delta[2],0.008960+0.000013*delta[0]+0.000037*delta[1]-0.000003*delta[2],0.009703+0.000017*delta[0]+0.000040*delta[1]+0.000006*delta[2],0.009060+0.000019*delta[0]+0.000033*delta[1]+0.000000*delta[2],0.007132+0.000015*delta[0]+0.000028*delta[1]-0.000000*delta[2],0.007271+0.000013*delta[0]+0.000032*delta[1]-0.000002*delta[2],0.007200+0.000014*delta[0]+0.000027*delta[1]+0.000001*delta[2],0.010292+0.000023*delta[0]+0.000046*delta[1]+0.000001*delta[2],0.011161+0.000019*delta[0]+0.000049*delta[1]-0.000004*delta[2],0.011573+0.000020*delta[0]+0.000055*delta[1]+0.000001*delta[2],0.011500+0.000025*delta[0]+0.000049*delta[1]+0.000001*delta[2],0.010944+0.000018*delta[0]+0.000041*delta[1]+0.000001*delta[2],0.006345+0.000014*delta[0]+0.000025*delta[1]+0.000002*delta[2],0.006705+0.000006*delta[0]+0.000027*delta[1]-0.000003*delta[2],0.006936+0.000008*delta[0]+0.000030*delta[1]+0.000002*delta[2],0.006902+0.000007*delta[0]+0.000021*delta[1]-0.000001*delta[2],0.006766+0.000014*delta[0]+0.000029*delta[1]+0.000003*delta[2],0.008332+0.000016*delta[0]+0.000030*delta[1]-0.000003*delta[2],0.008947+0.000017*delta[0]+0.000034*delta[1]+0.000003*delta[2],0.008833+0.000020*delta[0]+0.000036*delta[1]-0.000002*delta[2],0.008358+0.000015*delta[0]+0.000034*delta[1]+0.000004*delta[2],0.005969+0.000013*delta[0]+0.000027*delta[1]-0.000000*delta[2],0.006213+0.000006*delta[0]+0.000024*delta[1]+0.000004*delta[2],0.006302+0.000009*delta[0]+0.000023*delta[1]-0.000003*delta[2],0.006270+0.000011*delta[0]+0.000024*delta[1]+0.000006*delta[2],0.006098+0.000012*delta[0]+0.000027*delta[1]-0.000002*delta[2]
0.024176+0.000061*delta[0]+0.000103*delta[1]+0.000002*delta[2],0.016259+0.000024*delta[0]+0.000070*delta[1]+0.000007*delta[2],0.012638+0.000026*delta[0]+0.000055*delta[1]+0.000004*delta[2],0.014778+0.000040*delta[0]+0.000068*delta[1]-0.000003*delta[2],0.015187+0.000036*delta[0]+0.000050*delta[1]+0.000007*delta[2],0.014726+0.000039*delta[0]+0.000053*delta[1]+0.000000*delta[2],0.013217+0.000026*delta[0]+0.000058*delta[1]-0.000006*delta[2],0.011526+0.000039*delta[0]+0.000043*delta[1]+0.000003*delta[2],0.009739+0.000021*delta[0]+0.000045*delta[1]+0.000007*delta[2],0.017517+0.000033*delta[0]+0.000086*delta[1]+0.000006*delta[2],0.016133+0.000032*delta[0]+0.000068*delta[1]+0.000001*delta[2],0.014183+0.000032*delta[0]+0.000059*delta[1]+0.000005*delta[2],0.011902+0.000024*delta[0]+0.000048*delta[1]+0.000007*delta[2],0.009842+0.000026*delta[0]+0.000033*delta[1]+0.000005*delta[2],0.011231+0.000022*delta[0]+0.000057*delta[1]-0.000001*delta[2],0.010403+0.000029*delta[0]+0.000049*delta[1]-0.000006*delta[2],0.009292+0.000023*delta[0]+0.000043*delta[1]-0.000004*delta[2],0.006632+0.000011*delta[0]+0.000027*delta[1]-0.000001*delta[2],0.006556+0.000013*delta[0]+0.000027*delta[1]-0.000003*delta[2],0.006282+0.000012*delta[0]+0.000026*delta[1]-0.000005*delta[2],0.005884+0.000015*delta[0]+0.000021*delta[1]+0.000000*delta[2],0.011032+0.000024*delta[0]+0.000047*delta[1]+0.000002*delta[2],0.010569+0.000030*delta[0]+0.000044*delta[1]+0.000002*delta[2],0.008816+0.000021*delta[0]+0.000035*delta[1]-0.000004*delta[2],0.013447+0.000018*delta[0]+0.000064*delta[1]+0.000010*delta[2],0.007126+0.000014*delta[0]+0.000030*delta[1]+0.000003*delta[2],0.007165+0.000016*delta[0]+0.000028*delta[1]+0.000000*delta[2],0.005705+0.000012*delta[0]+0.000020*delta[1]+0.000004*delta[2],0.005422+0.000011*delta[0]+0.000022*delta[1]-0.000000*delta[2],0.005322+0.000016*delta[0]+0.000020*delta[1]+0.000001*delta[2],0.005079+0.000013*delta[0]+0.000022*delta[1]-0.000000*delta[2],0.008039+0.000020*delta[0]+0.000032*delta[1]+0.000004*delta[2],0.008037+0.000018*delta[0]+0.000030*delta[1]-0.000002*delta[2],0.007806+0.000024*delta[0]+0.000032*delta[1]-0.000002*delta[2],0.007376+0.000020*delta[0]+0.000028*delta[1]+0.000002*delta[2],0.006785+0.000018*delta[0]+0.000028*delta[1]+0.000003*delta[2],0.005042+0.000011*delta[0]+0.000026*delta[1]-0.000000*delta[2],0.005075+0.000014*delta[0]+0.000019*delta[1]+0.000001*delta[2],0.005054+0.000012*delta[0]+0.000021*delta[1]+0.000004*delta[2],0.004862+0.000013*delta[0]+0.000017*delta[1]-0.000002*delta[2],0.004631+0.000011*delta[0]+0.000018*delta[1]+0.000004*delta[2],0.006268+0.000016*delta[0]+0.000027*delta[1]-0.000002*delta[2],0.006077+0.000015*delta[0]+0.000023*delta[1]-0.000000*delta[2],0.005767+0.000009*delta[0]+0.000024*delta[1]+0.000000*delta[2],0.005368+0.000014*delta[0]+0.000022*delta[1]-0.000001*delta[2],0.004696+0.000010*delta[0]+0.000017*delta[1]-0.000000*delta[2],0.004676+0.000011*delta[0]+0.000019*delta[1]-0.000001*delta[2],0.004584+0.000006*delta[0]+0.000018*delta[1]-0.000002*delta[2],0.004441+0.000008*delta[0]+0.000019*delta[1]+0.000004*delta[2],0.004205+0.000011*delta[0]+0.000016*delta[1]-0.000004*delta[2]
0.016627+0.000026*delta[0]+0.000060*delta[1]-0.000014*delta[2],0.014627+0.000039*delta[0]+0.000059*delta[1]-0.000000*delta[2],0.012514+0.000023*delta[0]+0.000054*delta[1]+0.000001*delta[2],0.010874+0.000014*delta[0]+0.000046*delta[1]-0.000006*delta[2],0.011825+0.000025*delta[0]+0.000047*delta[1]+0.000000*delta[2],0.012291+0.000023*delta[0]+0.000047*delta[1]-0.000003*delta[2],0.012003+0.000021*delta[0]+0.000049*delta[1]+0.000003*delta[2],0.011183+0.000020*delta[0]+0.000053*delta[1]-0.000009*delta[2],0.010079+0.000025*delta[0]+0.000035*delta[1]-0.000004*delta[2],0.010972+0.000024*delta[0]+0.000042*delta[1]-0.000002*delta[2],0.011777+0.000031*delta[0]+0.000041*delta[1]-0.000006*delta[2],0.011371+0.000022*delta[0]+0.000047*delta[1]-0.000004*delta[2],0.010441+0.000022*delta[0]+0.000046*delta[1]+0.000005*delta[2],0.009290+0.000019*delta[0]+0.000035*delta[1]-0.000004*delta[2],0.007876+0.000014*delta[0]+0.000037*delta[1]-0.000001*delta[2],0.007770+0.000014*delta[0]+0.000028*delta[1]-0.000002*delta[2],0.007471+0.000022*delta[0]+0.000036*delta[1]+0.000002*delta[2],0.004859+0.000012*delta[0]+0.000025*delta[1]-0.000002*delta[2],0.004946+0.000013*delta[0]+0.000023*delta[1]+0.000001*delta[2],0.004928+0.000013*delta[0]+0.000023*delta[1]+0.000001*delta[2],0.004810+0.000013*delta[0]+0.000021*delta[1]-0.000002*delta[2],0.009628+0.000021*delta[0]+0.000040*delta[1]-0.000001*delta[2],0.009742+0.000019*delta[0]+0.000034*delta[1]-0.000001*delta[2],0.009025+0.000017*delta[0]+0.000037*delta[1]+0.000003*delta[2],0.009533+0.000018*delta[0]+0.000039*delta[1]+0.000000*delta[2],0.005046+0.000009*delta[0]+0.000023*delta[1]+0.000002*delta[2],0.005219+0.000010*delta[0]+0.000024*delta[1]-0.000001*delta[2],0.004888+0.000007*delta[0]+0.000023*delta[1]+0.000001*delta[2],0.004074+0.000009*delta[0]+0.000015*delta[1]-0.000001*delta[2],0.004097+0.000007*delta[0]+0.000022*delta[1]-0.000002*delta[2],0.004051+0.000008*delta[0]+0.000018*delta[1]-0.000001*delta[2],0.006676+0.000016*delta[0]+0.000026*delta[1]+0.000002*delta[2],0.006944+0.000019*delta[0]+0.000026*delta[1]+0.000001*delta[2],0.006980+0.000014*delta[0]+0.000026*delta[1]+0.000007*delta[2],0.006872+0.000012*delta[0]+0.000027*delta[1]+0.000005*delta[2],0.006585+0.000018*delta[0]+0.000028*delta[1]-0.000002*delta[2],0.003818+0.000008*delta[0]+0.000014*delta[1]-0.000000*delta[2],0.003909+0.000005*delta[0]+0.000013*delta[1]+0.000001*delta[2],0.003989+0.000012*delta[0]+0.000016*delta[1]+0.000000*delta[2],0.003959+0.000007*delta[0]+0.000018*delta[1]+0.000000*delta[2],0.003904+0.000010*delta[0]+0.000016*delta[1]+0.000001*delta[2],0.005172+0.000008*delta[0]+0.000015*delta[1]-0.000003*delta[2],0.005309+0.000014*delta[0]+0.000022*delta[1]-0.000004*delta[2],0.005250+0.000010*delta[0]+0.000022*delta[1]+0.000001*delta[2],0.005046+0.000008*delta[0]+0.000019*delta[1]+0.000000*delta[2],0.003667+0.000005*delta[0]+0.000014*delta[1]-0.000000*delta[2],0.003743+0.000007*delta[0]+0.000012*delta[1]-0.000001*delta[2],0.003756+0.000009*delta[0]+0.000014*delta[1]-0.000000*delta[2],0.003731+0.000009*delta[0]+0.000016*delta[1]+0.000001*delta[2],0.003645+0.000006*delta[0]+0.000014*delta[1]+0.000000*delta[2]
0.010000+0.000023*delta[0]+0.000049*delta[1]+0.000005*delta[2],0.007110+0.000020*delta[0]+0.000028*delta[1]-0.000003*delta[2],0.005962+0.000008*delta[0]+0.000018*delta[1]-0.000003*delta[2],0.012018+0.000016*delta[0]+0.000047*delta[1]-0.000005*delta[2],0.010976+0.000019*delta[0]+0.000041*delta[1]-0.000006*delta[2],0.009663+0.000020*delta[0]+0.000035*delta[1]+0.000001*delta[2],0.008397+0.000018*delta[0]+0.000038*delta[1]-0.000002*delta[2],0.007121+0.000017*delta[0]+0.000030*delta[1]+0.000002*delta[2],0.005942+0.000013*delta[0]+0.000025*delta[1]+0.000004*delta[2],0.017600+0.000031*delta[0]+0.000086*delta[1]+0.000003*delta[2],0.012654+0.000027*delta[0]+0.000047*delta[1]-0.000003*delta[2],0.010224+0.000028*delta[0]+0.000038*delta[1]-0.000004*delta[2],0.008306+0.000014*delta[0]+0.000036*delta[1]-0.000008*delta[2],0.006734+0.000013*delta[0]+0.000028*delta[1]-0.000003*delta[2],0.018164+0.000041*delta[0]+0.000073*delta[1]+0.000005*delta[2],0.013820+0.000026*delta[0]+0.000056*delta[1]-0.000008*delta[2],0.010574+0.000024*delta[0]+0.000039*delta[1]+0.000003*delta[2],0.029353+0.000078*delta[0]+0.000130*delta[1]-0.000015*delta[2],0.020126+0.000039*delta[0]+0.000085*delta[1]+0.000007*delta[2],0.014149+0.000038*delta[0]+0.000050*delta[1]-0.000000*delta[2],0.010275+0.000029*delta[0]+0.000042*delta[1]+0.000010*delta[2],0.009080+0.000016*delta[0]+0.000041*delta[1]+0.000003*delta[2],0.008223+0.000016*delta[0]+0.000032*delta[1]-0.000001*delta[2],0.006304+0.000014*delta[0]+0.000026*delta[1]-0.000007*delta[2],0.017254+0.000039*delta[0]+0.000060*delta[1]-0.000002*delta[2],0.069893+0.000121*delta[0]+0.000227*delta[1]+0.000001*delta[2],0.044889+0.000093*delta[0]+0.000150*delta[1]-0.000025*delta[2],0.009086+0.000023*delta[0]+0.000040*delta[1]+0.000005*delta[2],0.037222+0.000092*delta[0]+0.000147*delta[1]-0.000012*delta[2],0.023656+0.000040*delta[0]+0.000092*delta[1]-0.000013*delta[2],0.015677+0.000035*delta[0]+0.000061*delta[1]+0.000002*delta[2],0.013378+0.000039*delta[0]+0.000040*delta[1]+0.000003*delta[2],0.011929+0.000021*delta[0]+0.000046*delta[1]-0.000008*delta[2],0.010200+0.000025*delta[0]+0.000032*delta[1]+0.000000*delta[2],0.008707+0.000019*delta[0]+0.000036*delta[1]+0.000001*delta[2],0.007258+0.000013*delta[0]+0.000027*delta[1]-0.000001*delta[2],0.136331+0.000289*delta[0]+0.000495*delta[1]+0.000066*delta[2],0.051201+0.000083*delta[0]+0.000182*delta[1]-0.000045*delta[2],0.026267+0.000063*delta[0]+0.000110*delta[1]-0.000028*delta[2],0.015652+0.000041*delta[0]+0.000058*delta[1]+0.000000*delta[2],0.010406+0.000027*delta[0]+0.000043*delta[1]+0.000001*delta[2],0.021142+0.000035*delta[0]+0.000090*delta[1]+0.000001*delta[2],0.013203+0.000030*delta[0]+0.000050*delta[1]+0.000001*delta[2],0.010207+0.000027*delta[0]+0.000036*delta[1]+0.000001*delta[2],0.008011+0.000017*delta[0]+0.000024*delta[1]+0.000003*delta[2],0.110497+0.000252*delta[0]+0.000503*delta[1]-0.000048*delta[2],0.047218+0.000105*delta[0]+0.000183*delta[1]+0.000023*delta[2],0.025200+0.000071*delta[0]+0.000102*delta[1]+0.000017*delta[2],0.015735+0.000037*delta[0]+0.000057*delta[1]+0.000003*delta[2],0.010973+0.000018*delta[0]+0.000044*delta[1]-0.000006*delta[2]
0.012679+0.000030*delta[0]+0.000056*delta[1]-0.000001*delta[2],0.008040+0.000014*delta[0]+0.000037*delta[1]+0.000006*delta[2],0.006485+0.000013*delta[0]+0.000027*delta[1]+0.000001*delta[2],0.014720+0.000022*delta[0]+0.000054*delta[1]-0.000009*delta[2],0.012887+0.000021*delta[0]+0.000053*delta[1]+0.000004*delta[2],0.010903+0.000026*delta[0]+0.000035*delta[1]-0.000003*delta[2],0.009122+0.000017*delta[0]+0.000042*delta[1]-0.000001*delta[2],0.007520+0.000014*delta[0]+0.000031*delta[1]-0.000006*delta[2],0.006107+0.000011*delta[0]+0.000026*delta[1]-0.000001*delta[2],0.026155+0.000053*delta[0]+0.000115*delta[1]+0.000012*delta[2],0.015332+0.000035*delta[0]+0.000060*delta[1]-0.000013*delta[2],0.011659+0.000021*delta[0]+0.000050*delta[1]+0.000005*delta[2],0.008932+0.000019*delta[0]+0.000037*delta[1]-0.000001*delta[2],0.006966+0.000010*delta[0]+0.000029*delta[1]-0.000003*delta[2],0.022965+0.000036*delta[0]+0.000097*delta[1]-0.000005*delta[2],0.015499+0.000033*delta[0]+0.000075*delta[1]+0.000001*delta[2],0.010998+0.000037*delta[0]+0.000048*delta[1]-0.000005*delta[2],0.033858+0.000075*delta[0]+0.000127*delta[1]-0.000009*delta[2],0.020411+0.000024*delta[0]+0.000095*delta[1]-0.000015*delta[2],0.013393+0.000017*delta[0]+0.000040*delta[1]+0.000011*delta[2],0.009440+0.000027*delta[0]+0.000037*delta[1]-0.000004*delta[2],0.009834+0.000025*delta[0]+0.000042*delta[1]-0.000009*delta[2],0.008656+0.000020*delta[0]+0.000030*delta[1]-0.000005*delta[2],0.006378+0.000012*delta[0]+0.000030*delta[1]-0.000005*delta[2],0.021917+0.000025*delta[0]+0.000094*delta[1]-0.000009*delta[2],0.113673+0.000194*delta[0]+0.000447*delta[1]+0.000010*delta[2],0.043553+0.000066*delta[0]+0.000157*delta[1]-0.000023*delta[2],0.007189+0.000013*delta[0]+0.000026*delta[1]+0.000000*delta[2],0.035435+0.000060*delta[0]+0.000110*delta[1]+0.000006*delta[2],0.021198+0.000033*delta[0]+0.000090*delta[1]+0.000012*delta[2],0.013713+0.000035*delta[0]+0.000059*delta[1]-0.000006*delta[2],0.013477+0.000018*delta[0]+0.000049*delta[1]+0.000006*delta[2],0.011747+0.000016*delta[0]+0.000043*delta[1]+0.000006*delta[2],0.009912+0.000017*delta[0]+0.000042*delta[1]-0.000004*delta[2],0.008354+0.000012*delta[0]+0.000032*delta[1]-0.000003*delta[2],0.006926+0.000007*delta[0]+0.000029*delta[1]+0.000002*delta[2],0.077112+0.000150*delta[0]+0.000266*delta[1]-0.000038*delta[2],0.039268+0.000059*delta[0]+0.000168*delta[1]-0.000001*delta[2],0.022732+0.000036*delta[0]+0.000103*delta[1]-0.000017*delta[2],0.014667+0.000025*delta[0]+0.000055*delta[1]+0.000002*delta[2],0.010406+0.000022*delta[0]+0.000035*delta[1]-0.000008*delta[2],0.018018+0.000024*delta[0]+0.000070*delta[1]+0.000005*delta[2],0.011488+0.000020*delta[0]+0.000046*delta[1]+0.000005*delta[2],0.009044+0.000021*delta[0]+0.000034*delta[1]+0.000008*delta[2],0.007197+0.000015*delta[0]+0.000029*delta[1]+0.000004*delta[2],0.047748+0.000093*delta[0]+0.000199*delta[1]+0.000026*delta[2],0.029660+0.000057*delta[0]+0.000103*delta[1]-0.000015*delta[2],0.019412+0.000036*delta[0]+0.000066*delta[1]+0.000007*delta[2],0.013505+0.000028*delta[0]+0.000062*delta[1]+0.000001*delta[2],0.009823+0.000015*delta[0]+0.000034*delta[1]-0.000002*delta[2]
0.008825+0.000014*delta[0]+0.000035*delta[1]+0.000003*delta[2],0.005479+0.000007*delta[0]+0.000020*delta[1]-0.000003*delta[2],0.004468+0.000007*delta[0]+0.000016*delta[1]-0.000001*delta[2],0.010262+0.000015*delta[0]+0.000050*delta[1]+0.000002*delta[2],0.008598+0.000015*delta[0]+0.000031*delta[1]-0.000003*delta[2],0.007151+0.000015*delta[0]+0.000032*delta[1]+0.000003*delta[2],0.005920+0.000009*delta[0]+0.000020*delta[1]+0.000001*delta[2],0.004938+0.000006*delta[0]+0.000018*delta[1]-0.000001*delta[2],0.004086+0.000009*delta[0]+0.000014*delta[1]-0.000001*delta[2],0.016201+0.000026*delta[0]+0.000063*delta[1]-0.000011*delta[2],0.008985+0.000023*delta[0]+0.000034*delta[1]+0.000002*delta[2],0.006993+0.000012*delta[0]+0.000027*delta[1]+0.000000*delta[2],0.005506+0.000006*delta[0]+0.000023*delta[1]+0.000001*delta[2],0.004427+0.000007*delta[0]+0.000013*delta[1]+0.000002*delta[2],0.009881+0.000005*delta[0]+0.000039*delta[1]-0.000008*delta[2],0.007196+0.000009*delta[0]+0.000030*delta[1]-0.000008*delta[2],0.005585+0.000010*delta[0]+0.000020*delta[1]+0.000001*delta[2],0.012989+0.000022*delta[0]+0.000058*delta[1]+0.000002*delta[2],0.009402+0.000019*delta[0]+0.000036*delta[1]-0.000001*delta[2],0.007063+0.000009*delta[0]+0.000025*delta[1]-0.000001*delta[2],0.005520+0.000008*delta[0]+0.000017*delta[1]-0.000000*delta[2],0.006581+0.000008*delta[0]+0.000022*delta[1]+0.000002*delta[2],0.005729+0.000008*delta[0]+0.000022*delta[1]+0.000003*delta[2],0.004221+0.000006*delta[0]+0.000019*delta[1]-0.000000*delta[2],0.012590+0.000021*delta[0]+0.000052*delta[1]-0.000002*delta[2],0.020910+0.000032*delta[0]+0.000080*delta[1]+0.000007*delta[2],0.014343+0.000025*delta[0]+0.000060*delta[1]+0.000005*delta[2],0.004637+0.000006*delta[0]+0.000015*delta[1]-0.000002*delta[2],0.012126+0.000017*delta[0]+0.000041*delta[1]+0.000002*delta[2],0.009025+0.000016*delta[0]+0.000029*delta[1]-0.000002*delta[2],0.006950+0.000014*delta[0]+0.000022*delta[1]+0.000002*delta[2],0.007684+0.000008*delta[0]+0.000028*delta[1]-0.000001*delta[2],0.006639+0.000014*delta[0]+0.000025*delta[1]+0.000000*delta[2],0.005680+0.000010*delta[0]+0.000022*delta[1]-0.000001*delta[2],0.004896+0.000007*delta[0]+0.000017*delta[1]+0.000002*delta[2],0.004193+0.000009*delta[0]+0.000015*delta[1]-0.000001*delta[2],0.014457+0.000022*delta[0]+0.000049*delta[1]+0.000001*delta[2],0.011086+0.000007*delta[0]+0.000039*delta[1]-0.000006*delta[2],0.008636+0.000018*delta[0]+0.000031*delta[1]+0.000004*delta[2],0.006782+0.000015*delta[0]+0.000030*delta[1]+0.000002*delta[2],0.005502+0.000008*delta[0]+0.000020*delta[1]-0.000001*delta[2],0.007947+0.000013*delta[0]+0.000028*delta[1]+0.000000*delta[2],0.005691+0.000006*delta[0]+0.000024*delta[1]-0.000002*delta[2],0.004795+0.000009*delta[0]+0.000016*delta[1]+0.000000*delta[2],0.004065+0.000007*delta[0]+0.000014*delta[1]-0.000001*delta[2],0.011133+0.000029*delta[0]+0.000045*delta[1]+0.000010*delta[2],0.008873+0.000013*delta[0]+0.000031*delta[1]+0.000001*delta[2],0.007221+0.000014*delta[0]+0.000027*delta[1]+0.000003*delta[2],0.005883+0.000010*delta[0]+0.000020*delta[1]+0.000001*delta[2],0.004852+0.000009*delta[0]+0.000020*delta[1]+0.000001*delta[2]
0.010444+0.000015*delta[0]+0.000044*delta[1]+0.000012*delta[2],0.007311+0.000015*delta[0]+0.000029*delta[1]+0.000002*delta[2],0.006071+0.000014*delta[0]+0.000023*delta[1]-0.000001*delta[2],0.013646+0.000037*delta[0]+0.000050*delta[1]+0.000003*delta[2],0.012337+0.000025*delta[0]+0.000050*delta[1]+0.000000*delta[2],0.010682+0.000027*delta[0]+0.000043*delta[1]-0.000001*delta[2],0.009085+0.000018*delta[0]+0.000038*delta[1]+0.000007*delta[2],0.007597+0.000011*delta[0]+0.000029*delta[1]+0.000004*delta[2],0.006282+0.000011*delta[0]+0.000028*delta[1]-0.000001*delta[2],0.018904+0.000046*delta[0]+0.000074*delta[1]+0.000010*delta[2],0.013239+0.000028*delta[0]+0.000058*delta[1]+0.000013*delta[2],0.010687+0.000016*delta[0]+0.000047*delta[1]+0.000008*delta[2],0.008549+0.000024*delta[0]+0.000030*delta[1]+0.000004*delta[2],0.006878+0.000011*delta[0]+0.000029*delta[1]-0.000004*delta[2],0.017720+0.000036*delta[0]+0.000071*delta[1]-0.000004*delta[2],0.013519+0.000031*delta[0]+0.000047*delta[1]-0.000003*delta[2],0.010425+0.000029*delta[0]+0.000047*delta[1]-0.000000*delta[2],0.025496+0.000049*delta[0]+0.000088*delta[1]+0.000011*delta[2],0.018306+0.000042*delta[0]+0.000072*delta[1]+0.000005*delta[2],0.013335+0.000031*delta[0]+0.000060*delta[1]-0.000005*delta[2],0.009868+0.000027*delta[0]+0.000040*delta[1]-0.000001*delta[2],0.010346+0.000020*delta[0]+0.000048*delta[1]+0.000003*delta[2],0.009196+0.000019*delta[0]+0.000034*delta[1]+0.000007*delta[2],0.006845+0.000010*delta[0]+0.000031*delta[1]-0.000001*delta[2],0.019741+0.000050*delta[0]+0.000081*delta[1]+0.000008*delta[2],0.058979+0.000149*delta[0]+0.000238*delta[1]+0.000008*delta[2],0.040676+0.000076*delta[0]+0.000158*delta[1]+0.000021*delta[2],0.009055+0.000018*delta[0]+0.000033*delta[1]+0.000004*delta[2],0.030871+0.000065*delta[0]+0.000115*delta[1]-0.000007*delta[2],0.021158+0.000031*delta[0]+0.000081*delta[1]-0.000007*delta[2],0.014694+0.000027*delta[0]+0.000065*delta[1]+0.000007*delta[2],0.015984+0.000029*delta[0]+0.000063*delta[1]-0.000010*delta[2],0.013930+0.000030*delta[0]+0.000061*delta[1]-0.000004*delta[2],0.011650+0.000029*delta[0]+0.000046*delta[1]-0.000002*delta[2],0.009661+0.000023*delta[0]+0.000035*delta[1]+0.000007*delta[2],0.007897+0.000018*delta[0]+0.000032*delta[1]+0.000004*delta[2],0.109636+0.000239*delta[0]+0.000323*delta[1]+0.000092*delta[2],0.050634+0.000072*delta[0]+0.000177*delta[1]+0.000018*delta[2],0.027542+0.000046*delta[0]+0.000116*delta[1]+0.000007*delta[2],0.016828+0.000042*delta[0]+0.000060*delta[1]-0.000007*delta[2],0.011205+0.000023*delta[0]+0.000044*delta[1]-0.000002*delta[2],0.026362+0.000026*delta[0]+0.000101*delta[1]-0.000015*delta[2],0.014939+0.000034*delta[0]+0.000045*delta[1]-0.000006*delta[2],0.011212+0.000014*delta[0]+0.000047*delta[1]-0.000008*delta[2],0.008547+0.000014*delta[0]+0.000027*delta[1]+0.000002*delta[2],0.105694+0.000187*delta[0]+0.000355*delta[1]+0.000072*delta[2],0.041901+0.000070*delta[0]+0.000175*delta[1]+0.000023*delta[2],0.022654+0.000048*delta[0]+0.000089*delta[1]+0.000003*delta[2],0.014503+0.000028*delta[0]+0.000049*delta[1]-0.000003*delta[2],0.010112+0.000026*delta[0]+0.000040*delta[1]+0.000008*delta[2]
0.015479+0.000031*delta[0]+0.000062*delta[1]-0.000007*delta[2],0.009072+0.000021*delta[0]+0.000032*delta[1]+0.000005*delta[2],0.007164+0.000016*delta[0]+0.000028*delta[1]+0.000004*delta[2],0.017183+0.000033*delta[0]+0.000061*delta[1]+0.000006*delta[2],0.014868+0.000036*delta[0]+0.000066*delta[1]+0.000001*delta[2],0.012364+0.000028*delta[0]+0.000047*delta[1]-0.000004*delta[2],0.010123+0.000017*delta[0]+0.000039*delta[1]+0.000002*delta[2],0.008226+0.000011*delta[0]+0.000025*delta[1]-0.000001*delta[2],0.006600+0.000012*delta[0]+0.000032*delta[1]+0.000003*delta[2],0.035628+0.000063*delta[0]+0.000120*delta[1]-0.000018*delta[2],0.018193+0.000037*delta[0]+0.000072*delta[1]+0.000003*delta[2],0.013226+0.000031*delta[0]+0.000055*delta[1]+0.000004*delta[2],0.009789+0.000020*delta[0]+0.000044*delta[1]-0.000003*delta[2],0.007503+0.000018*delta[0]+0.000028*delta[1]-0.000003*delta[2],0.026474+0.000047*delta[0]+0.000110*delta[1]-0.000009*delta[2],0.016530+0.000027*delta[0]+0.000075*delta[1]+0.000011*delta[2],0.011308+0.000031*delta[0]+0.000041*delta[1]-0.000003*delta[2],0.036521+0.000097*delta[0]+0.000149*delta[1]-0.000004*delta[2],0.021823+0.000050*delta[0]+0.000075*delta[1]-0.000001*delta[2],0.014118+0.000029*delta[0]+0.000054*delta[1]-0.000005*delta[2],0.009897+0.000026*delta[0]+0.000042*delta[1]-0.000000*delta[2],0.010727+0.000026*delta[0]+0.000046*delta[1]+0.000000*delta[2],0.009366+0.000022*delta[0]+0.000034*delta[1]+0.000001*delta[2],0.006796+0.000010*delta[0]+0.000026*delta[1]+0.000004*delta[2],0.026313+0.000057*delta[0]+0.000113*delta[1]-0.000020*delta[2],0.123273+0.000331*delta[0]+0.000443*delta[1]-0.000039*delta[2],0.046842+0.000119*delta[0]+0.000169*delta[1]-0.000017*delta[2],0.007445+0.000021*delta[0]+0.000027*delta[1]-0.000001*delta[2],0.034087+0.000065*delta[0]+0.000130*delta[1]+0.000016*delta[2],0.021458+0.000051*delta[0]+0.000080*delta[1]-0.000004*delta[2],0.014283+0.000036*delta[0]+0.000049*delta[1]-0.000003*delta[2],0.014007+0.000024*delta[0]+0.000040*delta[1]+0.000016*delta[2],0.012191+0.000021*delta[0]+0.000042*delta[1]+0.000011*delta[2],0.010323+0.000017*delta[0]+0.000040*delta[1]-0.000000*delta[2],0.008661+0.000018*delta[0]+0.000030*delta[1]+0.000001*delta[2],0.007172+0.000007*delta[0]+0.000025*delta[1]+0.000002*delta[2],0.055816+0.000119*delta[0]+0.000224*delta[1]-0.000006*delta[2],0.034447+0.000064*delta[0]+0.000124*delta[1]-0.000035*delta[2],0.022217+0.000062*delta[0]+0.000089*delta[1]+0.000002*delta[2],0.014980+0.000035*delta[0]+0.000057*delta[1]+0.000003*delta[2],0.010845+0.000023*delta[0]+0.000045*delta[1]+0.000008*delta[2],0.017377+0.000029*delta[0]+0.000062*delta[1]+0.000001*delta[2],0.011391+0.000025*delta[0]+0.000043*delta[1]-0.000003*delta[2],0.009075+0.000017*delta[0]+0.000036*delta[1]-0.000004*delta[2],0.007265+0.000014*delta[0]+0.000029*delta[1]+0.000002*delta[2],0.035260+0.000085*delta[0]+0.000160*delta[1]+0.000011*delta[2],0.024747+0.000054*delta[0]+0.000106*delta[1]-0.000031*delta[2],0.017588+0.000039*delta[0]+0.000071*delta[1]+0.000010*delta[2],0.012797+0.000026*delta[0]+0.000052*delta[1]-0.000000*delta[2],0.009570+0.000015*delta[0]+0.000032*delta[1]-0.000002*delta[2]
0.009725+0.000022*delta[0]+0.000040*delta[1]-0.000001*delta[2],0.007198+0.000014*delta[0]+0.000029*delta[1]+0.000001*delta[2],0.006121+0.000017*delta[0]+0.000030*delta[1]+0.000001*delta[2],0.012739+0.000028*delta[0]+0.000058*delta[1]+0.000007*delta[2],0.011858+0.000027*delta[0]+0.000048*delta[1]+0.000001*delta[2],0.010585+0.000020*delta[0]+0.000042*delta[1]+0.000001*delta[2],0.009201+0.000020*delta[0]+0.000032*delta[1]-0.000005*delta[2],0.007842+0.000016*delta[0]+0.000031*delta[1]-0.000006*delta[2],0.006564+0.000010*delta[0]+0.000024*delta[1]+0.000002*delta[2],0.016146+0.000034*delta[0]+0.000068*delta[1]+0.000002*delta[2],0.012539+0.000019*delta[0]+0.000054*delta[1]-0.000002*delta[2],0.010474+0.000018*delta[0]+0.000046*delta[1]+0.000004*delta[2],0.008631+0.000017*delta[0]+0.000035*delta[1]-0.000000*delta[2],0.007084+0.000012*delta[0]+0.000031*delta[1]+0.000002*delta[2],0.015866+0.000029*delta[0]+0.000065*delta[1]-0.000009*delta[2],0.012925+0.000028*delta[0]+0.000069*delta[1]+0.000005*delta[2],0.010340+0.000023*delta[0]+0.000040*delta[1]+0.000001*delta[2],0.022066+0.000036*delta[0]+0.000067*delta[1]+0.000007*delta[2],0.017301+0.000024*delta[0]+0.000062*delta[1]-0.000010*delta[2],0.013244+0.000025*delta[0]+0.000055*delta[1]-0.000001*delta[2],0.010178+0.000021*delta[0]+0.000039*delta[1]-0.000004*delta[2],0.010396+0.000016*delta[0]+0.000036*delta[1]+0.000002*delta[2],0.009457+0.000019*delta[0]+0.000048*delta[1]-0.000004*delta[2],0.007217+0.000017*delta[0]+0.000035*delta[1]-0.000003*delta[2],0.017959+0.000026*delta[0]+0.000066*delta[1]+0.000009*delta[2],0.041399+0.000063*delta[0]+0.000151*delta[1]-0.000041*delta[2],0.034647+0.000073*delta[0]+0.000179*delta[1]+0.000022*delta[2],0.009956+0.000019*delta[0]+0.000040*delta[1]+0.000001*delta[2],0.027824+0.000061*delta[0]+0.000101*delta[1]-0.000011*delta[2],0.020901+0.000042*delta[0]+0.000088*delta[1]-0.000006*delta[2],0.015270+0.000040*delta[0]+0.000065*delta[1]+0.000009*delta[2],0.016673+0.000033*delta[0]+0.000078*delta[1]+0.000004*delta[2],0.014940+0.000025*delta[0]+0.000064*delta[1]+0.000003*delta[2],0.012723+0.000026*delta[0]+0.000054*delta[1]-0.000005*delta[2],0.010608+0.000023*delta[0]+0.000037*delta[1]-0.000005*delta[2],0.008692+0.000021*delta[0]+0.000033*delta[1]+0.000001*delta[2],0.095066+0.000239*delta[0]+0.000357*delta[1]+0.000061*delta[2],0.056038+0.000151*delta[0]+0.000194*delta[1]-0.000034*delta[2],0.032899+0.000083*delta[0]+0.000140*delta[1]-0.000009*delta[2],0.020658+0.000049*delta[0]+0.000099*delta[1]+0.000016*delta[2],0.013651+0.000026*delta[0]+0.000052*delta[1]+0.000006*delta[2],0.031188+0.000076*delta[0]+0.000136*delta[1]-0.000001*delta[2],0.017640+0.000034*delta[0]+0.000073*delta[1]-0.000004*delta[2],0.013024+0.000032*delta[0]+0.000055*delta[1]-0.000000*delta[2],0.009797+0.000014*delta[0]+0.000040*delta[1]-0.000004*delta[2],0.237181+0.000358*delta[0]+0.000951*delta[1]-0.000119*delta[2],0.071249+0.000183*delta[0]+0.000317*delta[1]+0.000021*delta[2],0.032458+0.000062*delta[0]+0.000117*delta[1]+0.000008*delta[2],0.018336+0.000044*delta[0]+0.000075*delta[1]-0.000014*delta[2],0.011844+0.000027*delta[0]+0.000046*delta[1]-0.000000*delta[2]
0.013096+0.000031*delta[0]+0.000044*delta[1]+0.000006*delta[2],0.008550+0.000020*delta[0]+0.000031*delta[1]-0.000002*delta[2],0.006956+0.000014*delta[0]+0.000028*delta[1]+0.000006*delta[2],0.016619+0.000045*delta[0]+0.000064*delta[1]-0.000001*delta[2],0.014837+0.000031*delta[0]+0.000059*delta[1]+0.000004*delta[2],0.012643+0.000027*delta[0]+0.000046*delta[1]-0.000003*delta[2],0.010464+0.000022*delta[0]+0.000042*delta[1]+0.000008*delta[2],0.008587+0.000018*delta[0]+0.000029*delta[1]+0.000003*delta[2],0.006966+0.000012*delta[0]+0.000027*delta[1]+0.000004*delta[2],0.026502+0.000059*delta[0]+0.000094*delta[1]-0.000009*delta[2],0.016757+0.000026*delta[0]+0.000061*delta[1]+0.000007*delta[2],0.012834+0.000025*delta[0]+0.000044*delta[1]-0.000005*delta[2],0.009938+0.000010*delta[0]+0.000047*delta[1]-0.000001*delta[2],0.007719+0.000019*delta[0]+0.000029*delta[1]+0.000001*delta[2],0.023636+0.000038*delta[0]+0.000080*delta[1]+0.000015*delta[2],0.016749+0.000033*delta[0]+0.000056*delta[1]-0.000005*delta[2],0.012212+0.000030*delta[0]+0.000047*delta[1]-0.000005*delta[2],0.033505+0.000063*delta[0]+0.000124*delta[1]-0.000012*delta[2],0.022286+0.000035*delta[0]+0.000080*delta[1]+0.000012*delta[2],0.015301+0.000027*delta[0]+0.000054*delta[1]+0.000004*delta[2],0.010947+0.000020*delta[0]+0.000039*delta[1]-0.000010*delta[2],0.011670+0.000025*delta[0]+0.000044*delta[1]-0.000001*delta[2],0.010271+0.000012*delta[0]+0.000031*delta[1]-0.000006*delta[2],0.007469+0.000011*delta[0]+0.000026*delta[1]-0.000004*delta[2],0.025682+0.000039*delta[0]+0.000086*delta[1]-0.000015*delta[2],0.107990+0.000158*delta[0]+0.000312*delta[1]+0.000018*delta[2],0.059061+0.000124*delta[0]+0.000252*delta[1]-0.000021*delta[2],0.009346+0.000016*delta[0]+0.000038*delta[1]+0.000002*delta[2],0.037799+0.000087*delta[0]+0.000147*delta[1]-0.000013*delta[2],0.024363+0.000039*delta[0]+0.000114*delta[1]+0.000009*delta[2],0.016129+0.000040*delta[0]+0.000054*delta[1]-0.000001*delta[2],0.017572+0.000036*delta[0]+0.000074*delta[1]+0.000017*delta[2],0.015197+0.000028*delta[0]+0.000055*delta[1]+0.000004*delta[2],0.012610+0.000026*delta[0]+0.000038*delta[1]+0.000003*delta[2],0.010376+0.000022*delta[0]+0.000042*delta[1]-0.000003*delta[2],0.008420+0.000017*delta[0]+0.000030*delta[1]-0.000004*delta[2],0.129421+0.000207*delta[0]+0.000391*delta[1]-0.000019*delta[2],0.056356+0.000100*delta[0]+0.000218*delta[1]-0.000037*delta[2],0.029660+0.000044*delta[0]+0.000115*delta[1]-0.000015*delta[2],0.017849+0.000036*delta[0]+0.000075*delta[1]+0.000004*delta[2],0.011996+0.000023*delta[0]+0.000050*delta[1]+0.000003*delta[2],0.027288+0.000024*delta[0]+0.000109*delta[1]-0.000004*delta[2],0.015553+0.000021*delta[0]+0.000061*delta[1]-0.000000*delta[2],0.011664+0.000019*delta[0]+0.000043*delta[1]-0.000004*delta[2],0.008873+0.000017*delta[0]+0.000028*delta[1]-0.000003*delta[2],0.106713+0.000244*delta[0]+0.000454*delta[1]+0.000004*delta[2],0.049279+0.000068*delta[0]+0.000188*delta[1]+0.000010*delta[2],0.027222+0.000062*delta[0]+0.000085*delta[1]-0.000018*delta[2],0.017022+0.000023*delta[0]+0.000068*delta[1]-0.000010*delta[2],0.011630+0.000022*delta[0]+0.000043*delta[1]+0.000002*delta[2]
0.014132+0.000031*delta[0]+0.000051*delta[1]+0.000003*delta[2],0.008966+0.000016*delta[0]+0.000038*delta[1]+0.000002*delta[2],0.007249+0.000021*delta[0]+0.000027*delta[1]+0.000004*delta[2],0.017417+0.000037*delta[0]+0.000070*delta[1]-0.000003*delta[2],0.015446+0.000045*delta[0]+0.000069*delta[1]+0.000007*delta[2],0.013063+0.000032*delta[0]+0.000049*delta[1]+0.000003*delta[2],0.010818+0.000022*delta[0]+0.000034*delta[1]+0.000001*delta[2],0.008841+0.000021*delta[0]+0.000036*delta[1]+0.000001*delta[2],0.007107+0.000021*delta[0]+0.000028*delta[1]+0.000002*delta[2],0.029566+0.000060*delta[0]+0.000110*delta[1]-0.000002*delta[2],0.017927+0.000036*delta[0]+0.000066*delta[1]-0.000006*delta[2],0.013599+0.000027*delta[0]+0.000058*delta[1]+0.000005*delta[2],0.010367+0.000022*delta[0]+0.000042*delta[1]-0.000000*delta[2],0.007978+0.000016*delta[0]+0.000030*delta[1]-0.000001*delta[2],0.026111+0.000053*delta[0]+0.000100*delta[1]+0.000003*delta[2],0.017933+0.000035*delta[0]+0.000076*delta[1]-0.000003*delta[2],0.012766+0.000019*delta[0]+0.000050*delta[1]+0.000002*delta[2],0.037049+0.000088*delta[0]+0.000152*delta[1]+0.000017*delta[2],0.023899+0.000036*delta[0]+0.000103*delta[1]+0.000004*delta[2],0.016029+0.000037*delta[0]+0.000068*delta[1]+0.000009*delta[2],0.011302+0.000041*delta[0]+0.000046*delta[1]-0.000004*delta[2],0.011895+0.000025*delta[0]+0.000051*delta[1]+0.000001*delta[2],0.010453+0.000026*delta[0]+0.000043*delta[1]-0.000000*delta[2],0.007586+0.000021*delta[0]+0.000035*delta[1]-0.000001*delta[2],0.027353+0.000065*delta[0]+0.000107*delta[1]+0.000003*delta[2],0.138451+0.000157*delta[0]+0.000558*delta[1]-0.000046*delta[2],0.066234+0.000218*delta[0]+0.000301*delta[1]-0.000013*delta[2],0.009293+0.000013*delta[0]+0.000037*delta[1]+0.000004*delta[2],0.040422+0.000094*delta[0]+0.000137*delta[1]+0.000007*delta[2],0.025365+0.000043*delta[0]+0.000115*delta[1]-0.000003*delta[2],0.016605+0.000038*delta[0]+0.000081*delta[1]+0.000000*delta[2],0.017497+0.000038*delta[0]+0.000070*delta[1]+0.000002*delta[2],0.015192+0.000025*delta[0]+0.000067*delta[1]+0.000014*delta[2],0.012646+0.000028*delta[0]+0.000053*delta[1]+0.000001*delta[2],0.010434+0.000018*delta[0]+0.000039*delta[1]+0.000002*delta[2],0.008473+0.000020*delta[0]+0.000034*delta[1]-0.000003*delta[2],0.127351+0.000279*delta[0]+0.000481*delta[1]-0.000050*delta[2],0.057101+0.000129*delta[0]+0.000188*delta[1]+0.000017*delta[2],0.030387+0.000083*delta[0]+0.000116*delta[1]+0.000002*delta[2],0.018346+0.000036*delta[0]+0.000066*delta[1]+0.000006*delta[2],0.012351+0.000020*delta[0]+0.000052*delta[1]+0.000005*delta[2],0.026312+0.000050*delta[0]+0.000128*delta[1]-0.000002*delta[2],0.015385+0.000045*delta[0]+0.000071*delta[1]+0.000002*delta[2],0.011592+0.000026*delta[0]+0.000049*delta[1]+0.000001*delta[2],0.008892+0.000010*delta[0]+0.000040*delta[1]+0.000001*delta[2],0.091874+0.000166*delta[0]+0.000418*delta[1]+0.000010*delta[2],0.047036+0.000068*delta[0]+0.000166*delta[1]+0.000027*delta[2],0.027228+0.000069*delta[0]+0.000121*delta[1]+0.000025*delta[2],0.017354+0.000051*delta[0]+0.000064*delta[1]+0.000011*delta[2],0.011878+0.000027*delta[0]+0.000043*delta[1]+0.000007*delta[2]
0.016966+0.000038*delta[0]+0.000064*delta[1]-0.000008*delta[2],0.009554+0.000016*delta[0]+0.000037*delta[1]-0.000002*delta[2],0.007430+0.000013*delta[0]+0.000033*delta[1]-0.000002*delta[2],0.018883+0.000034*delta[0]+0.000074*delta[1]-0.000000*delta[2],0.016207+0.000034*delta[0]+0.000075*delta[1]-0.000013*delta[2],0.013287+0.000028*delta[0]+0.000059*delta[1]+0.000014*delta[2],0.010733+0.000016*delta[0]+0.000042*delta[1]-0.000004*delta[2],0.008619+0.000017*delta[0]+0.000034*delta[1]-0.000002*delta[2],0.006882+0.000015*delta[0]+0.000029*delta[1]+0.000004*delta[2],0.041598+0.000077*delta[0]+0.000171*delta[1]+0.000019*delta[2],0.019683+0.000039*delta[0]+0.000088*delta[1]-0.000003*delta[2],0.013966+0.000025*delta[0]+0.000064*delta[1]+0.000001*delta[2],0.010200+0.000023*delta[0]+0.000049*delta[1]+0.000002*delta[2],0.007686+0.000011*delta[0]+0.000029*delta[1]+0.000001*delta[2],0.026984+0.000053*delta[0]+0.000108*delta[1]-0.000005*delta[2],0.016418+0.000039*delta[0]+0.000071*delta[1]+0.000012*delta[2],0.011180+0.000023*delta[0]+0.000052*delta[1]-0.000003*delta[2],0.035853+0.000067*delta[0]+0.000167*delta[1]-0.000010*delta[2],0.021940+0.000038*delta[0]+0.000094*delta[1]-0.000017*delta[2],0.014453+0.000014*delta[0]+0.000054*delta[1]-0.000002*delta[2],0.010180+0.000020*delta[0]+0.000041*delta[1]-0.000005*delta[2],0.011433+0.000022*delta[0]+0.000039*delta[1]+0.000000*delta[2],0.009923+0.000025*delta[0]+0.000038*delta[1]-0.000002*delta[2],0.007076+0.000017*delta[0]+0.000026*delta[1]-0.000003*delta[2],0.029472+0.000047*delta[0]+0.000112*delta[1]-0.000021*delta[2],0.118337+0.000220*delta[0]+0.000472*delta[1]+0.000019*delta[2],0.049902+0.000090*delta[0]+0.000183*delta[1]+0.000015*delta[2],0.007840+0.000023*delta[0]+0.000033*delta[1]+0.000003*delta[2],0.031982+0.000060*delta[0]+0.000139*delta[1]+0.000003*delta[2],0.020804+0.000048*delta[0]+0.000084*delta[1]-0.000010*delta[2],0.014163+0.000026*delta[0]+0.000060*delta[1]+0.000004*delta[2],0.014726+0.000029*delta[0]+0.000049*delta[1]-0.000006*delta[2],0.012734+0.000023*delta[0]+0.000056*delta[1]-0.000006*delta[2],0.010698+0.000013*delta[0]+0.000040*delta[1]-0.000004*delta[2],0.008963+0.000025*delta[0]+0.000039*delta[1]-0.000002*delta[2],0.007358+0.000014*delta[0]+0.000029*delta[1]-0.000003*delta[2],0.048147+0.000105*delta[0]+0.000178*delta[1]+0.000005*delta[2],0.031723+0.000066*delta[0]+0.000123*delta[1]+0.000007*delta[2],0.021282+0.000044*delta[0]+0.000072*delta[1]+0.000002*delta[2],0.014741+0.000032*delta[0]+0.000060*delta[1]-0.000007*delta[2],0.010734+0.000013*delta[0]+0.000039*delta[1]+0.000003*delta[2],0.017645+0.000037*delta[0]+0.000051*delta[1]-0.000006*delta[2],0.011577+0.000021*delta[0]+0.000049*delta[1]+0.000002*delta[2],0.009177+0.000022*delta[0]+0.000042*delta[1]-0.000004*delta[2],0.007361+0.000017*delta[0]+0.000030*delta[1]+0.000004*delta[2],0.031971+0.000063*delta[0]+0.000121*delta[1]-0.000023*delta[2],0.023183+0.000027*delta[0]+0.000089*delta[1]-0.000000*delta[2],0.016865+0.000036*delta[0]+0.000065*delta[1]-0.000006*delta[2],0.012494+0.000024*delta[0]+0.000035*delta[1]-0.000001*delta[2],0.009481+0.000024*delta[0]+0.000036*delta[1]+0.000002*delta[2]
0.003140+0.000006*delta[0]+0.000013*delta[1]+0.000000*delta[2],0.002249+0.000005*delta[0]+0.000010*delta[1]-0.000001*delta[2],0.001949+0.000004*delta[0]+0.000009*delta[1]+0.000001*delta[2],0.004449+0.000010*delta[0]+0.000017*delta[1]+0.000001*delta[2],0.003710+0.000007*delta[0]+0.000013*delta[1]+0.000000*delta[2],0.003143+0.000006*delta[0]+0.000012*delta[1]+0.000001*delta[2],0.002675+0.000007*delta[0]+0.000009*delta[1]-0.000001*delta[2],0.002284+0.000006*delta[0]+0.000010*delta[1]-0.000001*delta[2],0.001953+0.000005*delta[0]+0.000007*delta[1]-0.000000*delta[2],0.004610+0.000008*delta[0]+0.000017*delta[1]+0.000003*delta[2],0.003104+0.000009*delta[0]+0.000013*delta[1]+0.000001*delta[2],0.002617+0.000006*delta[0]+0.000010*delta[1]-0.000000*delta[2],0.002217+0.000004*delta[0]+0.000009*delta[1]+0.000002*delta[2],0.001899+0.000005*delta[0]+0.000006*delta[1]+0.000001*delta[2],0.002828+0.000008*delta[0]+0.000010*delta[1]+0.000001*delta[2],0.002430+0.000004*delta[0]+0.000009*delta[1]+0.000002*delta[2],0.002147+0.000004*delta[0]+0.000007*delta[1]-0.000000*delta[2],0.003748+0.000009*delta[0]+0.000015*delta[1]-0.000002*delta[2],0.003093+0.000006*delta[0]+0.000012*delta[1]+0.000001*delta[2],0.002596+0.000005*delta[0]+0.000011*delta[1]-0.000001*delta[2],0.002215+0.000004*delta[0]+0.000008*delta[1]+0.000000*delta[2],0.003328+0.000008*delta[0]+0.000012*delta[1]+0.000003*delta[2],0.002862+0.000006*delta[0]+0.000010*delta[1]-0.000001*delta[2],0.002153+0.000004*delta[0]+0.000009*delta[1]-0.000000*delta[2],0.004545+0.000009*delta[0]+0.000021*delta[1]+0.000002*delta[2],0.004832+0.000012*delta[0]+0.000023*delta[1]+0.000003*delta[2],0.003898+0.000010*delta[0]+0.000017*delta[1]+0.000004*delta[2],0.001954+0.000004*delta[0]+0.000007*delta[1]+0.000000*delta[2],0.003694+0.000010*delta[0]+0.000015*delta[1]+0.000001*delta[2],0.003056+0.000003*delta[0]+0.000013*delta[1]+0.000001*delta[2],0.002584+0.000007*delta[0]+0.000010*delta[1]-0.000001*delta[2],0.003817+0.000011*delta[0]+0.000017*delta[1]+0.000001*delta[2],0.003240+0.000007*delta[0]+0.000013*delta[1]+0.000003*delta[2],0.002789+0.000004*delta[0]+0.000008*delta[1]+0.000000*delta[2],0.002427+0.000004*delta[0]+0.000009*delta[1]+0.000001*delta[2],0.002109+0.000004*delta[0]+0.000008*delta[1]+0.000000*delta[2],0.004507+0.000011*delta[0]+0.000015*delta[1]+0.000001*delta[2],0.003739+0.000008*delta[0]+0.000015*delta[1]+0.000002*delta[2],0.003131+0.000006*delta[0]+0.000013*delta[1]+0.000002*delta[2],0.002657+0.000004*delta[0]+0.000013*delta[1]-0.000000*delta[2],0.002303+0.000005*delta[0]+0.000009*delta[1]+0.000001*delta[2],0.003637+0.000004*delta[0]+0.000015*delta[1]+0.000001*delta[2],0.002662+0.000005*delta[0]+0.000011*delta[1]+0.000002*delta[2],0.002298+0.000003*delta[0]+0.000008*delta[1]-0.000000*delta[2],0.001995+0.000005*delta[0]+0.000008*delta[1]+0.000001*delta[2],0.004145+0.000009*delta[0]+0.000015*delta[1]+0.000003*delta[2],0.003459+0.000005*delta[0]+0.000013*delta[1]+0.000002*delta[2],0.002935+0.000005*delta[0]+0.000010*delta[1]+0.000001*delta[2],0.002518+0.000006*delta[0]+0.000010*delta[1]+0.000001*delta[2],0.002177+0.000004*delta[0]+0.000009*delta[1]-0.000000*delta[2]
0.013020+0.000026*delta[0]+0.000058*delta[1]+0.000008*delta[2],0.008511+0.000015*delta[0]+0.000039*delta[1]-0.000001*delta[2],0.006923+0.000018*delta[0]+0.000029*delta[1]+0.000001*delta[2],0.017106+0.000031*delta[0]+0.000064*delta[1]+0.000013*delta[2],0.015195+0.000035*delta[0]+0.000067*delta[1]+0.000019*delta[2],0.012833+0.000020*delta[0]+0.000057*delta[1]+0.000001*delta[2],0.010642+0.000019*delta[0]+0.000043*delta[1]-0.000007*delta[2],0.008693+0.000020*delta[0]+0.000039*delta[1]-0.000005*delta[2],0.007019+0.000014*delta[0]+0.000031*delta[1]+0.000003*delta[2],0.026345+0.000037*delta[0]+0.000109*delta[1]-0.000004*delta[2],0.016675+0.000045*delta[0]+0.000071*delta[1]-0.000009*delta[2],0.012800+0.000024*delta[0]+0.000056*delta[1]-0.000000*delta[2],0.009874+0.000027*delta[0]+0.000031*delta[1]-0.000000*delta[2],0.007692+0.000012*delta[0]+0.000034*delta[1]-0.000002*delta[2],0.022679+0.000015*delta[0]+0.000091*delta[1]-0.000016*delta[2],0.016242+0.000021*delta[0]+0.000075*delta[1]+0.000003*delta[2],0.011974+0.000018*delta[0]+0.000052*delta[1]+0.000005*delta[2],0.030830+0.000064*delta[0]+0.000123*delta[1]+0.000002*delta[2],0.021236+0.000049*delta[0]+0.000081*delta[1]-0.000005*delta[2],0.014813+0.000030*delta[0]+0.000061*delta[1]+0.000005*delta[2],0.010742+0.000026*delta[0]+0.000042*delta[1]-0.000000*delta[2],0.012089+0.000013*delta[0]+0.000049*delta[1]-0.000004*delta[2],0.010600+0.000027*delta[0]+0.000046*delta[1]-0.000001*delta[2],0.007615+0.000017*delta[0]+0.000033*delta[1]+0.000002*delta[2],0.026452+0.000048*delta[0]+0.000091*delta[1]+0.000008*delta[2],0.092095+0.000348*delta[0]+0.000340*delta[1]+0.000055*delta[2],0.054404+0.000098*delta[0]+0.000247*delta[1]-0.000004*delta[2],0.009385+0.000024*delta[0]+0.000035*delta[1]+0.000009*delta[2],0.034804+0.000076*delta[0]+0.000168*delta[1]+0.000005*delta[2],0.023123+0.000047*delta[0]+0.000106*delta[1]+0.000003*delta[2],0.015649+0.000037*delta[0]+0.000059*delta[1]-0.000003*delta[2],0.018588+0.000045*delta[0]+0.000072*delta[1]+0.000005*delta[2],0.015987+0.000026*delta[0]+0.000057*delta[1]-0.000004*delta[2],0.013120+0.000028*delta[0]+0.000051*delta[1]+0.000003*delta[2],0.010702+0.000018*delta[0]+0.000045*delta[1]-0.000003*delta[2],0.008594+0.000016*delta[0]+0.000035*delta[1]-0.000000*delta[2],0.116619+0.000191*delta[0]+0.000500*delta[1]-0.000052*delta[2],0.054058+0.000096*delta[0]+0.000230*delta[1]+0.000021*delta[2],0.029422+0.000063*delta[0]+0.000129*delta[1]+0.000004*delta[2],0.017854+0.000033*delta[0]+0.000077*delta[1]+0.000000*delta[2],0.011994+0.000023*delta[0]+0.000042*delta[1]-0.000006*delta[2],0.029561+0.000061*delta[0]+0.000139*delta[1]-0.000012*delta[2],0.016192+0.000034*delta[0]+0.000065*delta[1]-0.000002*delta[2],0.011914+0.000027*delta[0]+0.000051*delta[1]+0.000001*delta[2],0.009024+0.000018*delta[0]+0.000039*delta[1]+0.000004*delta[2],0.112577+0.000220*delta[0]+0.000419*delta[1]+0.000054*delta[2],0.049840+0.000132*delta[0]+0.000170*delta[1]-0.000021*delta[2],0.027048+0.000049*delta[0]+0.000097*delta[1]+0.000007*delta[2],0.016865+0.000043*delta[0]+0.000070*delta[1]+0.000009*delta[2],0.011421+0.000027*delta[0]+0.000045*delta[1]-0.000011*delta[2]
0.009385+0.000019*delta[0]+0.000035*delta[1]-0.000002*delta[2],0.006986+0.000021*delta[0]+0.000031*delta[1]-0.000001*delta[2],0.005972+0.000010*delta[0]+0.000027*delta[1]-0.000000*delta[2],0.012889+0.000037*delta[0]+0.000052*delta[1]+0.000010*delta[2],0.011989+0.000023*delta[0]+0.000049*delta[1]+0.000008*delta[2],0.010666+0.000020*delta[0]+0.000055*delta[1]+0.000003*delta[2],0.009268+0.000016*delta[0]+0.000037*delta[1]+0.000003*delta[2],0.007873+0.000015*delta[0]+0.000028*delta[1]+0.000003*delta[2],0.006564+0.000011*delta[0]+0.000030*delta[1]-0.000000*delta[2],0.015407+0.000025*delta[0]+0.000056*delta[1]+0.000001*delta[2],0.012042+0.000026*delta[0]+0.000049*delta[1]+0.000002*delta[2],0.010117+0.000017*delta[0]+0.000043*delta[1]-0.000002*delta[2],0.008380+0.000021*delta[0]+0.000031*delta[1]+0.000004*delta[2],0.006902+0.000010*delta[0]+0.000033*delta[1]+0.000003*delta[2],0.014414+0.000025*delta[0]+0.000045*delta[1]+0.000002*delta[2],0.011911+0.000031*delta[0]+0.000042*delta[1]+0.000006*delta[2],0.009717+0.000025*delta[0]+0.000035*delta[1]-0.000001*delta[2],0.018817+0.000036*delta[0]+0.000071*delta[1]+0.000002*delta[2],0.015226+0.000020*delta[0]+0.000069*delta[1]+0.000003*delta[2],0.012029+0.000019*delta[0]+0.000056*delta[1]-0.000005*delta[2],0.009464+0.000027*delta[0]+0.000044*delta[1]+0.000000*delta[2],0.010834+0.000024*delta[0]+0.000047*delta[1]-0.000002*delta[2],0.009834+0.000024*delta[0]+0.000047*delta[1]+0.000001*delta[2],0.007394+0.000016*delta[0]+0.000030*delta[1]-0.000000*delta[2],0.017857+0.000036*delta[0]+0.000075*delta[1]-0.000004*delta[2],0.033531+0.000059*delta[0]+0.000147*delta[1]-0.000005*delta[2],0.029157+0.000059*delta[0]+0.000130*delta[1]-0.000018*delta[2],0.009501+0.000019*delta[0]+0.000032*delta[1]-0.000005*delta[2],0.023097+0.000060*delta[0]+0.000097*delta[1]+0.000010*delta[2],0.018143+0.000036*delta[0]+0.000062*delta[1]-0.000005*delta[2],0.013795+0.000024*delta[0]+0.000061*delta[1]+0.000001*delta[2],0.017916+0.000044*delta[0]+0.000078*delta[1]+0.000001*delta[2],0.015912+0.000042*delta[0]+0.000066*delta[1]-0.000004*delta[2],0.013340+0.000020*delta[0]+0.000049*delta[1]+0.000005*delta[2],0.011019+0.000015*delta[0]+0.000046*delta[1]+0.000002*delta[2],0.008925+0.000012*delta[0]+0.000031*delta[1]+0.000003*delta[2],0.067541+0.000163*delta[0]+0.000263*delta[1]-0.000005*delta[2],0.045209+0.000074*delta[0]+0.000166*delta[1]-0.000009*delta[2],0.029151+0.000070*delta[0]+0.000141*delta[1]+0.000022*delta[2],0.019249+0.000043*delta[0]+0.000070*delta[1]-0.000021*delta[2],0.013191+0.000028*delta[0]+0.000058*delta[1]+0.000001*delta[2],0.034546+0.000086*delta[0]+0.000151*delta[1]-0.000002*delta[2],0.018497+0.000046*delta[0]+0.000084*delta[1]+0.000002*delta[2],0.013386+0.000032*delta[0]+0.000054*delta[1]+0.000012*delta[2],0.009969+0.000021*delta[0]+0.000040*delta[1]-0.000008*delta[2],0.180339+0.000502*delta[0]+0.000680*delta[1]+0.000092*delta[2],0.070149+0.000178*delta[0]+0.000261*delta[1]+0.000013*delta[2],0.034112+0.000073*delta[0]+0.000129*delta[1]-0.000001*delta[2],0.019501+0.000040*delta[0]+0.000081*delta[1]+0.000003*delta[2],0.012413+0.000032*delta[0]+0.000047*delta[1]-0.000003*delta[2]
0.012089+0.000031*delta[0]+0.000045*delta[1]+0.000003*delta[2],0.008109+0.000022*delta[0]+0.000032*delta[1]+0.000001*delta[2],0.006638+0.000014*delta[0]+0.000027*delta[1]-0.000003*delta[2],0.016836+0.000040*delta[0]+0.000069*delta[1]-0.000005*delta[2],0.014937+0.000029*delta[0]+0.000052*delta[1]+0.000005*delta[2],0.012556+0.000024*delta[0]+0.000056*delta[1]+0.000008*delta[2],0.010448+0.000010*delta[0]+0.000038*delta[1]+0.000005*delta[2],0.008550+0.000021*delta[0]+0.000028*delta[1]-0.000003*delta[2],0.006886+0.000014*delta[0]+0.000023*delta[1]-0.000004*delta[2],0.023751+0.000038*delta[0]+0.000089*delta[1]+0.000015*delta[2],0.015530+0.000030*delta[0]+0.000055*delta[1]+0.000000*delta[2],0.012090+0.000031*delta[0]+0.000051*delta[1]+0.000006*delta[2],0.009430+0.000023*delta[0]+0.000029*delta[1]-0.000001*delta[2],0.007417+0.000020*delta[0]+0.000031*delta[1]-0.000002*delta[2],0.019964+0.000050*delta[0]+0.000072*delta[1]-0.000005*delta[2],0.014864+0.000026*delta[0]+0.000063*delta[1]+0.000005*delta[2],0.011220+0.000026*delta[0]+0.000039*delta[1]+0.000010*delta[2],0.026230+0.000057*delta[0]+0.000081*delta[1]+0.000017*delta[2],0.018919+0.000038*delta[0]+0.000079*delta[1]-0.000010*delta[2],0.013675+0.000030*delta[0]+0.000046*delta[1]-0.000011*delta[2],0.010153+0.000014*delta[0]+0.000036*delta[1]-0.000001*delta[2],0.012218+0.000021*delta[0]+0.000055*delta[1]-0.000002*delta[2],0.010700+0.000028*delta[0]+0.000038*delta[1]-0.000005*delta[2],0.007634+0.000013*delta[0]+0.000024*delta[1]+0.000000*delta[2],0.025258+0.000065*delta[0]+0.000094*delta[1]-0.000003*delta[2],0.067137+0.000125*delta[0]+0.000260*delta[1]+0.000011*delta[2],0.045008+0.000102*delta[0]+0.000175*delta[1]-0.000011*delta[2],0.009239+0.000017*delta[0]+0.000030*delta[1]-0.000006*delta[2],0.030042+0.000052*delta[0]+0.000140*delta[1]-0.000013*delta[2],0.020931+0.000031*delta[0]+0.000074*delta[1]+0.000002*delta[2],0.014647+0.000025*delta[0]+0.000057*delta[1]-0.000005*delta[2],0.019613+0.000052*delta[0]+0.000071*delta[1]+0.000009*delta[2],0.016572+0.000013*delta[0]+0.000063*delta[1]+0.000009*delta[2],0.013497+0.000037*delta[0]+0.000054*delta[1]-0.000001*delta[2],0.010876+0.000010*delta[0]+0.000034*delta[1]+0.000003*delta[2],0.008686+0.000015*delta[0]+0.000039*delta[1]-0.000001*delta[2],0.098080+0.000255*delta[0]+0.000374*delta[1]+0.000083*delta[2],0.049702+0.000101*delta[0]+0.000169*delta[1]+0.000028*delta[2],0.028300+0.000052*delta[0]+0.000111*delta[1]+0.000003*delta[2],0.017518+0.000048*delta[0]+0.000057*delta[1]+0.000009*delta[2],0.011857+0.000020*delta[0]+0.000041*delta[1]+0.000003*delta[2],0.032326+0.000031*delta[0]+0.000089*delta[1]-0.000009*delta[2],0.016773+0.000041*delta[0]+0.000064*delta[1]+0.000003*delta[2],0.012151+0.000028*delta[0]+0.000052*delta[1]+0.000011*delta[2],0.009105+0.000021*delta[0]+0.000033*delta[1]+0.000001*delta[2],0.121089+0.000257*delta[0]+0.000445*delta[1]-0.000014*delta[2],0.048645+0.000115*delta[0]+0.000198*delta[1]+0.000027*delta[2],0.025933+0.000046*delta[0]+0.000080*delta[1]-0.000004*delta[2],0.016041+0.000037*delta[0]+0.000065*delta[1]+0.000012*delta[2],0.010840+0.000023*delta[0]+0.000043*delta[1]+0.000003*delta[2]
0.001636+0.000003*delta[0]+0.000007*delta[1]-0.000000*delta[2],0.001276+0.000001*delta[0]+0.000005*delta[1]-0.000001*delta[2],0.001146+0.000002*delta[0]+0.000005*delta[1]+0.000000*delta[2],0.002228+0.000003*delta[0]+0.000009*delta[1]-0.000000*delta[2],0.001929+0.000004*delta[0]+0.000008*delta[1]-0.000000*delta[2],0.001694+0.000003*delta[0]+0.000007*delta[1]-0.000000*delta[2],0.001497+0.000002*delta[0]+0.000006*delta[1]-0.000001*delta[2],0.001308+0.000003*delta[0]+0.000005*delta[1]+0.000000*delta[2],0.001154+0.000002*delta[0]+0.000005*delta[1]-0.000001*delta[2],0.002198+0.000006*delta[0]+0.000009*delta[1]+0.000000*delta[2],0.001654+0.000003*delta[0]+0.000007*delta[1]-0.000001*delta[2],0.001453+0.000003*delta[0]+0.000006*delta[1]-0.000001*delta[2],0.001285+0.000003*delta[0]+0.000005*delta[1]+0.000000*delta[2],0.001140+0.000002*delta[0]+0.000004*delta[1]+0.000001*delta[2],0.001730+0.000003*delta[0]+0.000007*delta[1]-0.000001*delta[2],0.001515+0.000003*delta[0]+0.000006*delta[1]-0.000001*delta[2],0.001336+0.000002*delta[0]+0.000005*delta[1]-0.000001*delta[2],0.001867+0.000002*delta[0]+0.000008*delta[1]-0.000002*delta[2],0.001624+0.000003*delta[0]+0.000007*delta[1]+0.000002*delta[2],0.001416+0.000003*delta[0]+0.000007*delta[1]+0.000000*delta[2],0.001255+0.000003*delta[0]+0.000006*delta[1]+0.000000*delta[2],0.001890+0.000003*delta[0]+0.000009*delta[1]+0.000001*delta[2],0.001662+0.000002*delta[0]+0.000007*delta[1]-0.000000*delta[2],0.001295+0.000002*delta[0]+0.000005*delta[1]-0.000000*delta[2],0.002297+0.000006*delta[0]+0.000011*delta[1]-0.000000*delta[2],0.002410+0.000004*delta[0]+0.000011*delta[1]-0.000001*delta[2],0.001996+0.000002*delta[0]+0.000008*delta[1]-0.000001*delta[2],0.001173+0.000003*delta[0]+0.000004*delta[1]-0.000000*delta[2],0.001883+0.000003*delta[0]+0.000006*delta[1]-0.000002*delta[2],0.001631+0.000003*delta[0]+0.000007*delta[1]-0.000000*delta[2],0.001416+0.000002*delta[0]+0.000006*delta[1]-0.000000*delta[2],0.002161+0.000004*delta[0]+0.000008*delta[1]-0.000000*delta[2],0.001866+0.000003*delta[0]+0.000007*delta[1]+0.000000*delta[2],0.001645+0.000003*delta[0]+0.000006*delta[1]+0.000001*delta[2],0.001448+0.000002*delta[0]+0.000007*delta[1]-0.000000*delta[2],0.001276+0.000004*delta[0]+0.000005*delta[1]+0.000000*delta[2],0.002179+0.000004*delta[0]+0.000009*delta[1]-0.000000*delta[2],0.001885+0.000003*delta[0]+0.000008*delta[1]-0.000000*delta[2],0.001640+0.000003*delta[0]+0.000008*delta[1]+0.000000*delta[2],0.001422+0.000002*delta[0]+0.000006*delta[1]-0.000000*delta[2],0.001260+0.000002*delta[0]+0.000005*delta[1]-0.000000*delta[2],0.002022+0.000004*delta[0]+0.000009*delta[1]+0.000000*delta[2],0.001527+0.000001*delta[0]+0.000006*delta[1]-0.000001*delta[2],0.001331+0.000002*delta[0]+0.000005*delta[1]+0.000000*delta[2],0.001176+0.000002*delta[0]+0.000005*delta[1]-0.000000*delta[2],0.002079+0.000004*delta[0]+0.000010*delta[1]+0.000002*delta[2],0.001762+0.000002*delta[0]+0.000007*delta[1]-0.000001*delta[2],0.001557+0.000003*delta[0]+0.000007*delta[1]+0.000000*delta[2],0.001379+0.000002*delta[0]+0.000006*delta[1]-0.000000*delta[2],0.001210+0.000003*delta[0]+0.000004*delta[1]-0.000000*delta[2]
0.013834+0.000030*delta[0]+0.000058*delta[1]-0.000000*delta[2],0.008857+0.000020*delta[0]+0.000036*delta[1]-0.000001*delta[2],0.007150+0.000018*delta[0]+0.000028*delta[1]-0.000001*delta[2],0.018906+0.000049*delta[0]+0.000074*delta[1]-0.000002*delta[2],0.016560+0.000050*delta[0]+0.000061*delta[1]-0.000001*delta[2],0.013785+0.000023*delta[0]+0.000057*delta[1]+0.000001*delta[2],0.011321+0.000019*delta[0]+0.000044*delta[1]+0.000004*delta[2],0.009135+0.000022*delta[0]+0.000039*delta[1]-0.000005*delta[2],0.007289+0.000012*delta[0]+0.000032*delta[1]+0.000007*delta[2],0.029141+0.000061*delta[0]+0.000115*delta[1]+0.000019*delta[2],0.017741+0.000039*delta[0]+0.000053*delta[1]+0.000006*delta[2],0.013388+0.000020*delta[0]+0.000047*delta[1]+0.000004*delta[2],0.010230+0.000023*delta[0]+0.000036*delta[1]-0.000008*delta[2],0.007905+0.000014*delta[0]+0.000035*delta[1]-0.000004*delta[2],0.023411+0.000032*delta[0]+0.000096*delta[1]-0.000001*delta[2],0.016663+0.000044*delta[0]+0.000065*delta[1]-0.000006*delta[2],0.012161+0.000028*delta[0]+0.000047*delta[1]-0.000002*delta[2],0.030036+0.000072*delta[0]+0.000111*delta[1]+0.000005*delta[2],0.020894+0.000038*delta[0]+0.000093*delta[1]-0.000005*delta[2],0.014693+0.000022*delta[0]+0.000062*delta[1]-0.000003*delta[2],0.010696+0.000031*delta[0]+0.000040*delta[1]+0.000004*delta[2],0.013106+0.000030*delta[0]+0.000056*delta[1]-0.000009*delta[2],0.011364+0.000020*delta[0]+0.000036*delta[1]+0.000002*delta[2],0.007977+0.000017*delta[0]+0.000041*delta[1]-0.000002*delta[2],0.029654+0.000076*delta[0]+0.000128*delta[1]+0.000007*delta[2],0.089907+0.000182*delta[0]+0.000341*delta[1]+0.000016*delta[2],0.054139+0.000144*delta[0]+0.000230*delta[1]+0.000024*delta[2],0.009428+0.000023*delta[0]+0.000039*delta[1]-0.000005*delta[2],0.032932+0.000062*delta[0]+0.000113*delta[1]+0.000021*delta[2],0.022367+0.000042*delta[0]+0.000086*delta[1]-0.000007*delta[2],0.015367+0.000026*delta[0]+0.000054*delta[1]+0.000004*delta[2],0.020512+0.000067*delta[0]+0.000064*delta[1]-0.000001*delta[2],0.017323+0.000049*delta[0]+0.000066*delta[1]+0.000002*delta[2],0.014011+0.000026*delta[0]+0.000057*delta[1]-0.000008*delta[2],0.011298+0.000023*delta[0]+0.000050*delta[1]+0.000005*delta[2],0.008960+0.000015*delta[0]+0.000035*delta[1]-0.000002*delta[2],0.101824+0.000195*delta[0]+0.000433*delta[1]-0.000064*delta[2],0.051760+0.000072*delta[0]+0.000197*delta[1]-0.000006*delta[2],0.029268+0.000069*delta[0]+0.000105*delta[1]+0.000002*delta[2],0.018020+0.000025*delta[0]+0.000064*delta[1]+0.000006*delta[2],0.012226+0.000032*delta[0]+0.000055*delta[1]+0.000005*delta[2],0.032465+0.000073*delta[0]+0.000132*delta[1]+0.000004*delta[2],0.017028+0.000042*delta[0]+0.000057*delta[1]-0.000004*delta[2],0.012369+0.000024*delta[0]+0.000053*delta[1]+0.000011*delta[2],0.009252+0.000026*delta[0]+0.000037*delta[1]-0.000001*delta[2],0.106346+0.000255*delta[0]+0.000379*delta[1]-0.000009*delta[2],0.049410+0.000096*delta[0]+0.000171*delta[1]+0.000021*delta[2],0.027302+0.000061*delta[0]+0.000117*delta[1]+0.000014*delta[2],0.017093+0.000028*delta[0]+0.000060*delta[1]+0.000007*delta[2],0.011548+0.000027*delta[0]+0.000041*delta[1]-0.000002*delta[2]
0.005497+0.000014*delta[0]+0.000024*delta[1]-0.000002*delta[2],0.004232+0.000008*delta[0]+0.000018*delta[1]-0.000002*delta[2],0.003688+0.000008*delta[0]+0.000017*delta[1]+0.000000*delta[2],0.008270+0.000015*delta[0]+0.000042*delta[1]-0.000000*delta[2],0.007381+0.000015*delta[0]+0.000029*delta[1]-0.000001*delta[2],0.006436+0.000007*delta[0]+0.000027*delta[1]-0.000002*delta[2],0.005604+0.000010*delta[0]+0.000026*delta[1]+0.000003*delta[2],0.004815+0.000011*delta[0]+0.000018*delta[1]-0.000001*delta[2],0.004124+0.000008*delta[0]+0.000020*delta[1]+0.000003*delta[2],0.008477+0.000015*delta[0]+0.000041*delta[1]+0.000011*delta[2],0.006509+0.000014*delta[0]+0.000028*delta[1]-0.000001*delta[2],0.005603+0.000012*delta[0]+0.000027*delta[1]+0.000003*delta[2],0.004799+0.000011*delta[0]+0.000019*delta[1]+0.000001*delta[2],0.004100+0.000007*delta[0]+0.000018*delta[1]-0.000001*delta[2],0.007140+0.000017*delta[0]+0.000029*delta[1]-0.000002*delta[2],0.006132+0.000015*delta[0]+0.000021*delta[1]-0.000003*delta[2],0.005236+0.000008*delta[0]+0.000021*delta[1]-0.000002*delta[2],0.008682+0.000014*delta[0]+0.000031*delta[1]-0.000005*delta[2],0.007318+0.000012*delta[0]+0.000028*delta[1]-0.000001*delta[2],0.006096+0.000011*delta[0]+0.000028*delta[1]+0.000001*delta[2],0.005106+0.000008*delta[0]+0.000026*delta[1]+0.000000*delta[2],0.007200+0.000015*delta[0]+0.000028*delta[1]+0.000002*delta[2],0.006356+0.000009*delta[0]+0.000025*delta[1]+0.000002*delta[2],0.004754+0.000010*delta[0]+0.000021*delta[1]+0.000002*delta[2],0.009919+0.000025*delta[0]+0.000048*delta[1]+0.000003*delta[2],0.013359+0.000029*delta[0]+0.000050*delta[1]-0.000004*delta[2],0.011416+0.000021*delta[0]+0.000041*delta[1]-0.000004*delta[2],0.005142+0.000011*delta[0]+0.000021*delta[1]+0.000001*delta[2],0.010067+0.000026*delta[0]+0.000039*delta[1]+0.000002*delta[2],0.008334+0.000016*delta[0]+0.000036*delta[1]+0.000005*delta[2],0.006776+0.000017*delta[0]+0.000024*delta[1]-0.000001*delta[2],0.011303+0.000027*delta[0]+0.000049*delta[1]+0.000004*delta[2],0.009507+0.000020*delta[0]+0.000041*delta[1]+0.000000*delta[2],0.007920+0.000020*delta[0]+0.000028*delta[1]+0.000005*delta[2],0.006595+0.000009*delta[0]+0.000022*delta[1]-0.000001*delta[2],0.005457+0.000010*delta[0]+0.000023*delta[1]+0.000003*delta[2],0.019081+0.000040*delta[0]+0.000085*delta[1]-0.000010*delta[2],0.014522+0.000029*delta[0]+0.000062*delta[1]-0.000011*delta[2],0.011095+0.000022*delta[0]+0.000043*delta[1]+0.000000*delta[2],0.008522+0.000017*delta[0]+0.000029*delta[1]+0.000002*delta[2],0.006612+0.000010*delta[0]+0.000033*delta[1]+0.000002*delta[2],0.016014+0.000040*delta[0]+0.000058*delta[1]-0.000014*delta[2],0.009295+0.000024*delta[0]+0.000035*delta[1]-0.000005*delta[2],0.007186+0.000018*delta[0]+0.000027*delta[1]+0.000003*delta[2],0.005725+0.000015*delta[0]+0.000024*delta[1]+0.000005*delta[2],0.027125+0.000050*delta[0]+0.000115*delta[1]+0.000002*delta[2],0.018398+0.000045*delta[0]+0.000067*delta[1]-0.000003*delta[2],0.012867+0.000023*delta[0]+0.000062*delta[1]+0.000002*delta[2],0.009347+0.000022*delta[0]+0.000035*delta[1]-0.000000*delta[2],0.006959+0.000018*delta[0]+0.000030*delta[1]+0.000004*delta[2]
0.017015+0.000037*delta[0]+0.000068*delta[1]+0.000009*delta[2],0.010104+0.000024*delta[0]+0.000045*delta[1]+0.000001*delta[2],0.007946+0.000017*delta[0]+0.000037*delta[1]-0.000001*delta[2],0.022539+0.000040*delta[0]+0.000083*delta[1]+0.000005*delta[2],0.019464+0.000035*delta[0]+0.000073*delta[1]+0.000009*delta[2],0.015854+0.000024*delta[0]+0.000065*delta[1]+0.000004*delta[2],0.012687+0.000025*delta[0]+0.000058*delta[1]-0.000003*delta[2],0.010030+0.000018*delta[0]+0.000044*delta[1]+0.000002*delta[2],0.007871+0.000019*delta[0]+0.000030*delta[1]+0.000005*delta[2],0.041114+0.000094*delta[0]+0.000192*delta[1]+0.000031*delta[2],0.021735+0.000057*delta[0]+0.000086*delta[1]-0.000011*delta[2],0.015551+0.000022*delta[0]+0.000069*delta[1]+0.000000*delta[2],0.011395+0.000023*delta[0]+0.000041*delta[1]-0.000006*delta[2],0.008569+0.000017*delta[0]+0.000031*delta[1]-0.000000*delta[2],0.029528+0.000047*delta[0]+0.000126*delta[1]-0.000018*delta[2],0.019456+0.000043*delta[0]+0.000080*delta[1]-0.000008*delta[2],0.013500+0.000033*delta[0]+0.000055*delta[1]-0.000003*delta[2],0.035304+0.000029*delta[0]+0.000141*delta[1]-0.000025*delta[2],0.023482+0.000068*delta[0]+0.000110*delta[1]+0.000014*delta[2],0.016021+0.000026*delta[0]+0.000065*delta[1]-0.000012*delta[2],0.011441+0.000014*delta[0]+0.000044*delta[1]+0.000002*delta[2],0.014344+0.000029*delta[0]+0.000055*delta[1]-0.000002*delta[2],0.012351+0.000029*delta[0]+0.000056*delta[1]-0.000003*delta[2],0.008518+0.000021*delta[0]+0.000036*delta[1]-0.000007*delta[2],0.037914+0.000085*delta[0]+0.000148*delta[1]+0.000001*delta[2],0.131209+0.000214*delta[0]+0.000548*delta[1]-0.000178*delta[2],0.066971+0.000185*delta[0]+0.000215*delta[1]-0.000008*delta[2],0.009561+0.000009*delta[0]+0.000041*delta[1]+0.000001*delta[2],0.035105+0.000067*delta[0]+0.000143*delta[1]-0.000001*delta[2],0.023555+0.000017*delta[0]+0.000096*delta[1]-0.000001*delta[2],0.016076+0.000025*delta[0]+0.000073*delta[1]-0.000002*delta[2],0.021497+0.000055*delta[0]+0.000104*delta[1]-0.000006*delta[2],0.018205+0.000033*delta[0]+0.000075*delta[1]-0.000013*delta[2],0.014689+0.000029*delta[0]+0.000067*delta[1]+0.000001*delta[2],0.011799+0.000023*delta[0]+0.000053*delta[1]-0.000005*delta[2],0.009313+0.000019*delta[0]+0.000035*delta[1]+0.000000*delta[2],0.086450+0.000183*delta[0]+0.000349*delta[1]-0.000005*delta[2],0.049129+0.000070*delta[0]+0.000212*delta[1]-0.000014*delta[2],0.029387+0.000082*delta[0]+0.000142*delta[1]-0.000022*delta[2],0.018656+0.000032*delta[0]+0.000080*delta[1]-0.000002*delta[2],0.012822+0.000022*delta[0]+0.000054*delta[1]+0.000002*delta[2],0.031224+0.000064*delta[0]+0.000110*delta[1]+0.000005*delta[2],0.017063+0.000043*delta[0]+0.000064*delta[1]+0.000004*delta[2],0.012518+0.000018*delta[0]+0.000048*delta[1]-0.000006*delta[2],0.009426+0.000016*delta[0]+0.000035*delta[1]-0.000003*delta[2],0.073104+0.000125*delta[0]+0.000226*delta[1]-0.000030*delta[2],0.042646+0.000084*delta[0]+0.000216*delta[1]-0.000050*delta[2],0.026196+0.000050*delta[0]+0.000108*delta[1]+0.000005*delta[2],0.017259+0.000030*delta[0]+0.000056*delta[1]+0.000003*delta[2],0.012029+0.000018*delta[0]+0.000049*delta[1]-0.000005*delta[2]
0.016487+0.000026*delta[0]+0.000048*delta[1]-0.000005*delta[2],0.009919+0.000020*delta[0]+0.000039*delta[1]-0.000003*delta[2],0.007811+0.000014*delta[0]+0.000033*delta[1]-0.000004*delta[2],0.023275+0.000048*delta[0]+0.000094*delta[1]-0.000002*delta[2],0.019906+0.000039*delta[0]+0.000100*delta[1]-0.000003*delta[2],0.016110+0.000041*delta[0]+0.000063*delta[1]+0.000002*delta[2],0.012862+0.000019*delta[0]+0.000052*delta[1]-0.000002*delta[2],0.010107+0.000021*delta[0]+0.000033*delta[1]+0.000007*delta[2],0.007873+0.000017*delta[0]+0.000032*delta[1]-0.000003*delta[2],0.039299+0.000076*delta[0]+0.000148*delta[1]-0.000020*delta[2],0.021102+0.000055*delta[0]+0.000077*delta[1]+0.000012*delta[2],0.015272+0.000031*delta[0]+0.000058*delta[1]+0.000006*delta[2],0.011196+0.000020*delta[0]+0.000049*delta[1]-0.000005*delta[2],0.008459+0.000018*delta[0]+0.000037*delta[1]-0.000002*delta[2],0.027391+0.000064*delta[0]+0.000118*delta[1]+0.000018*delta[2],0.018552+0.000039*delta[0]+0.000085*delta[1]-0.000002*delta[2],0.013124+0.000017*delta[0]+0.000058*delta[1]-0.000009*delta[2],0.031664+0.000048*delta[0]+0.000153*delta[1]-0.000010*delta[2],0.021863+0.000039*delta[0]+0.000084*delta[1]-0.000008*delta[2],0.015286+0.000023*delta[0]+0.000062*delta[1]-0.000004*delta[2],0.011096+0.000019*delta[0]+0.000054*delta[1]+0.000002*delta[2],0.015008+0.000025*delta[0]+0.000057*delta[1]+0.000006*delta[2],0.012817+0.000024*delta[0]+0.000048*delta[1]+0.000003*delta[2],0.008705+0.000021*delta[0]+0.000032*delta[1]-0.000005*delta[2],0.038848+0.000077*delta[0]+0.000167*delta[1]-0.000011*delta[2],0.104222+0.000208*delta[0]+0.000409*delta[1]+0.000072*delta[2],0.060002+0.000132*delta[0]+0.000288*delta[1]+0.000016*delta[2],0.009649+0.000021*delta[0]+0.000037*delta[1]+0.000003*delta[2],0.032152+0.000073*delta[0]+0.000133*delta[1]-0.000006*delta[2],0.022265+0.000046*delta[0]+0.000085*delta[1]-0.000002*delta[2],0.015446+0.000036*delta[0]+0.000066*delta[1]+0.000001*delta[2],0.023274+0.000029*delta[0]+0.000109*delta[1]+0.000007*delta[2],0.019360+0.000041*delta[0]+0.000082*delta[1]+0.000010*delta[2],0.015435+0.000037*delta[0]+0.000068*delta[1]-0.000001*delta[2],0.012234+0.000035*delta[0]+0.000054*delta[1]+0.000000*delta[2],0.009566+0.000019*delta[0]+0.000042*delta[1]+0.000008*delta[2],0.081973+0.000195*delta[0]+0.000326*delta[1]+0.000010*delta[2],0.047359+0.000066*delta[0]+0.000150*delta[1]+0.000025*delta[2],0.028704+0.000049*delta[0]+0.000105*delta[1]-0.000018*delta[2],0.018393+0.000037*delta[0]+0.000065*delta[1]+0.000016*delta[2],0.012679+0.000030*delta[0]+0.000056*delta[1]+0.000003*delta[2],0.034767+0.000072*delta[0]+0.000144*delta[1]-0.000018*delta[2],0.017854+0.000032*delta[0]+0.000075*delta[1]-0.000008*delta[2],0.012897+0.000037*delta[0]+0.000051*delta[1]+0.000005*delta[2],0.009580+0.000025*delta[0]+0.000039*delta[1]+0.000005*delta[2],0.079789+0.000145*delta[0]+0.000338*delta[1]+0.000031*delta[2],0.044527+0.000092*delta[0]+0.000199*delta[1]-0.000003*delta[2],0.026697+0.000042*delta[0]+0.000106*delta[1]+0.000013*delta[2],0.017392+0.000037*delta[0]+0.000076*delta[1]+0.000000*delta[2],0.012013+0.000035*delta[0]+0.000051*delta[1]+0.000003*delta[2]
0.001170+0.000003*delta[0]+0.000004*delta[1]+0.000001*delta[2],0.000000,0.000000,0.001549+0.000004*delta[0]+0.000006*delta[1]+0.000001*delta[2],0.001360+0.000003*delta[0]+0.000005*delta[1]+0.000001*delta[2],0.001215+0.000002*delta[0]+0.000004*delta[1]-0.000000*delta[2],0.001091+0.000002*delta[0]+0.000005*delta[1]-0.000000*delta[2],0.000000,0.000000,0.001514+0.000003*delta[0]+0.000005*delta[1]+0.000000*delta[2],0.001186+0.000002*delta[0]+0.000005*delta[1]-0.000000*delta[2],0.001059+0.000002*delta[0]+0.000004*delta[1]-0.000000*delta[2],0.000000,0.000000,0.001229+0.000002*delta[0]+0.000004*delta[1]+0.000000*delta[2],0.001100+0.000002*delta[0]+0.000005*delta[1]+0.000000*delta[2],0.000000,0.001315+0.000003*delta[0]+0.000006*delta[1]+0.000000*delta[2],0.001166+0.000002*delta[0]+0.000005*delta[1]+0.000000*delta[2],0.001039+0.000002*delta[0]+0.000004*delta[1]+0.000000*delta[2],0.000000,0.001359+0.000003*delta[0]+0.000005*delta[1]+0.000001*delta[2],0.001210+0.000002*delta[0]+0.000005*delta[1]+0.000000*delta[2],0.000000,0.001589+0.000004*delta[0]+0.000006*delta[1]-0.000000*delta[2],0.001649+0.000003*delta[0]+0.000008*delta[1]+0.000001*delta[2],0.001413+0.000003*delta[0]+0.000005*delta[1]+0.000001*delta[2],0.000000,0.001334+0.000002*delta[0]+0.000005*delta[1]+0.000000*delta[2],0.001179+0.000002*delta[0]+0.000004*delta[1]+0.000001*delta[2],0.001043+0.000002*delta[0]+0.000004*delta[1]+0.000000*delta[2],0.001514+0.000003*delta[0]+0.000006*delta[1]-0.000001*delta[2],0.001330+0.000002*delta[0]+0.000005*delta[1]-0.000001*delta[2],0.001190+0.000002*delta[0]+0.000005*delta[1]-0.000000*delta[2],0.001063+0.000002*delta[0]+0.000003*delta[1]+0.000000*delta[2],0.000000,0.001540+0.000002*delta[0]+0.000007*delta[1]+0.000000*delta[2],0.001350+0.000004*delta[0]+0.000005*delta[1]+0.000000*delta[2],0.001194+0.000003*delta[0]+0.000004*delta[1]+0.000000*delta[2],0.001055+0.000003*delta[0]+0.000003*delta[1]-0.000000*delta[2],0.000942+0.000002*delta[0]+0.000004*delta[1]+0.000000*delta[2],0.001402+0.000003*delta[0]+0.000005*delta[1]+0.000000*delta[2],0.001087+0.000003*delta[0]+0.000005*delta[1]-0.000000*delta[2],0.000969+0.000002*delta[0]+0.000004*delta[1]+0.000001*delta[2],0.000000,0.001510+0.000003*delta[0]+0.000005*delta[1]+0.000001*delta[2],0.001305+0.000002*delta[0]+0.000004*delta[1]+0.000000*delta[2],0.001156+0.000002*delta[0]+0.000004*delta[1]-0.000000*delta[2],0.001028+0.000002*delta[0]+0.000004*delta[1]+0.000001*delta[2],0.000904+0.000002*delta[0]+0.000004*delta[1]-0.000000*delta[2]
0.003803+0.000008*delta[0]+0.000016*delta[1]-0.000001*delta[2],0.002657+0.000006*delta[0]+0.000009*delta[1]-0.000000*delta[2],0.002272+0.000005*delta[0]+0.000009*delta[1]+0.000000*delta[2],0.005967+0.000018*delta[0]+0.000023*delta[1]+0.000002*delta[2],0.004806+0.000010*delta[0]+0.000020*delta[1]-0.000001*delta[2],0.003940+0.000009*delta[0]+0.000012*delta[1]+0.000000*delta[2],0.003288+0.000007*delta[0]+0.000013*delta[1]+0.000000*delta[2],0.002732+0.000005*delta[0]+0.000010*delta[1]+0.000002*delta[2],0.002293+0.000005*delta[0]+0.000007*delta[1]+0.000001*delta[2],0.005870+0.000016*delta[0]+0.000022*delta[1]+0.000003*delta[2],0.003763+0.000007*delta[0]+0.000016*delta[1]+0.000002*delta[2],0.003106+0.000008*delta[0]+0.000011*delta[1]-0.000000*delta[2],0.002606+0.000006*delta[0]+0.000010*delta[1]+0.000001*delta[2],0.002211+0.000006*delta[0]+0.000010*delta[1]+0.000001*delta[2],0.003999+0.000009*delta[0]+0.000016*delta[1]+0.000001*delta[2],0.003278+0.000008*delta[0]+0.000014*delta[1]-0.000000*delta[2],0.002738+0.000007*delta[0]+0.000009*delta[1]+0.000002*delta[2],0.004542+0.000010*delta[0]+0.000015*delta[1]-0.000002*delta[2],0.003707+0.000006*delta[0]+0.000015*delta[1]-0.000000*delta[2],0.003073+0.000008*delta[0]+0.000011*delta[1]+0.000001*delta[2],0.002588+0.000007*delta[0]+0.000011*delta[1]-0.000000*delta[2],0.004431+0.000010*delta[0]+0.000018*delta[1]-0.000002*delta[2],0.003712+0.000009*delta[0]+0.000016*delta[1]-0.000000*delta[2],0.002649+0.000008*delta[0]+0.000010*delta[1]+0.000000*delta[2],0.006140+0.000015*delta[0]+0.000024*delta[1]-0.000001*delta[2],0.006559+0.000015*delta[0]+0.000021*delta[1]-0.000001*delta[2],0.004956+0.000014*delta[0]+0.000016*delta[1]-0.000001*delta[2],0.002297+0.000006*delta[0]+0.000009*delta[1]-0.000001*delta[2],0.004520+0.000009*delta[0]+0.000015*delta[1]+0.000001*delta[2],0.003684+0.000007*delta[0]+0.000012*delta[1]-0.000002*delta[2],0.003037+0.000007*delta[0]+0.000012*delta[1]+0.000000*delta[2],0.005370+0.000009*delta[0]+0.000022*delta[1]+0.000001*delta[2],0.004408+0.000011*delta[0]+0.000017*delta[1]+0.000004*delta[2],0.003667+0.000010*delta[0]+0.000014*delta[1]-0.000001*delta[2],0.003087+0.000009*delta[0]+0.000011*delta[1]-0.000001*delta[2],0.002614+0.000005*delta[0]+0.000009*delta[1]+0.000000*delta[2],0.005888+0.000015*delta[0]+0.000022*delta[1]-0.000002*delta[2],0.004734+0.000011*delta[0]+0.000018*delta[1]-0.000001*delta[2],0.003844+0.000011*delta[0]+0.000017*delta[1]+0.000004*delta[2],0.003165+0.000005*delta[0]+0.000013*delta[1]-0.000002*delta[2],0.002692+0.000008*delta[0]+0.000010*delta[1]+0.000000*delta[2],0.005078+0.000011*delta[0]+0.000020*delta[1]+0.000002*delta[2],0.003412+0.000008*delta[0]+0.000013*delta[1]-0.000001*delta[2],0.002856+0.000008*delta[0]+0.000011*delta[1]-0.000001*delta[2],0.002406+0.000007*delta[0]+0.000008*delta[1]-0.000001*delta[2],0.005622+0.000016*delta[0]+0.000021*delta[1]-0.000000*delta[2],0.004480+0.000010*delta[0]+0.000017*delta[1]+0.000000*delta[2],0.003692+0.000005*delta[0]+0.000015*delta[1]-0.000001*delta[2],0.003087+0.000006*delta[0]+0.000013*delta[1]+0.000001*delta[2],0.002597+0.000004*delta[0]+0.000010*delta[1]-0.000000*delta[2]
0.001574+0.000002*delta[0]+0.000007*delta[1]-0.000001*delta[2],0.001228+0.000003*delta[0]+0.000005*delta[1]+0.000000*delta[2],0.001098+0.000002*delta[0]+0.000005*delta[1]-0.000000*delta[2],0.002165+0.000003*delta[0]+0.000008*delta[1]+0.000001*delta[2],0.001864+0.000005*delta[0]+0.000006*delta[1]+0.000000*delta[2],0.001627+0.000005*delta[0]+0.000007*delta[1]-0.000001*delta[2],0.001439+0.000003*delta[0]+0.000006*delta[1]+0.000000*delta[2],0.001259+0.000003*delta[0]+0.000005*delta[1]-0.000001*delta[2],0.001100+0.000002*delta[0]+0.000004*delta[1]+0.000000*delta[2],0.002070+0.000004*delta[0]+0.000008*delta[1]-0.000001*delta[2],0.001555+0.000004*delta[0]+0.000006*delta[1]+0.000001*delta[2],0.001365+0.000003*delta[0]+0.000006*delta[1]-0.000000*delta[2],0.001207+0.000002*delta[0]+0.000004*delta[1]+0.000000*delta[2],0.001074+0.000002*delta[0]+0.000004*delta[1]-0.000000*delta[2],0.001636+0.000002*delta[0]+0.000007*delta[1]-0.000000*delta[2],0.001438+0.000003*delta[0]+0.000007*delta[1]+0.000001*delta[2],0.001266+0.000003*delta[0]+0.000004*delta[1]+0.000001*delta[2],0.001788+0.000002*delta[0]+0.000007*delta[1]+0.000000*delta[2],0.001551+0.000003*delta[0]+0.000006*delta[1]+0.000001*delta[2],0.001361+0.000002*delta[0]+0.000006*delta[1]-0.000000*delta[2],0.001208+0.000003*delta[0]+0.000004*delta[1]-0.000000*delta[2],0.001848+0.000002*delta[0]+0.000008*delta[1]-0.000001*delta[2],0.001624+0.000004*delta[0]+0.000006*delta[1]+0.000001*delta[2],0.001254+0.000002*delta[0]+0.000005*delta[1]-0.000001*delta[2],0.002162+0.000005*delta[0]+0.000008*delta[1]+0.000001*delta[2],0.002261+0.000003*delta[0]+0.000011*delta[1]-0.000000*delta[2],0.001884+0.000004*delta[0]+0.000006*delta[1]+0.000000*delta[2],0.001112+0.000002*delta[0]+0.000005*delta[1]-0.000001*delta[2],0.001777+0.000005*delta[0]+0.000006*delta[1]-0.000001*delta[2],0.001543+0.000003*delta[0]+0.000006*delta[1]-0.000001*delta[2],0.001346+0.000003*delta[0]+0.000006*delta[1]+0.000000*delta[2],0.002053+0.000004*delta[0]+0.000009*delta[1]-0.000001*delta[2],0.001782+0.000003*delta[0]+0.000008*delta[1]+0.000000*delta[2],0.001570+0.000003*delta[0]+0.000006*delta[1]+0.000001*delta[2],0.001387+0.000003*delta[0]+0.000005*delta[1]-0.000000*delta[2],0.001225+0.000004*delta[0]+0.000005*delta[1]+0.000001*delta[2],0.002082+0.000005*delta[0]+0.000007*delta[1]-0.000000*delta[2],0.001818+0.000003*delta[0]+0.000007*delta[1]+0.000001*delta[2],0.001584+0.000003*delta[0]+0.000006*delta[1]-0.000001*delta[2],0.001387+0.000004*delta[0]+0.000005*delta[1]+0.000000*delta[2],0.001239+0.000002*delta[0]+0.000005*delta[1]+0.000001*delta[2],0.001910+0.000003*delta[0]+0.000007*delta[1]-0.000001*delta[2],0.001456+0.000003*delta[0]+0.000005*delta[1]+0.000000*delta[2],0.001283+0.000003*delta[0]+0.000005*delta[1]+0.000001*delta[2],0.001134+0.000003*delta[0]+0.000004*delta[1]+0.000000*delta[2],0.002029+0.000003*delta[0]+0.000008*delta[1]-0.000000*delta[2],0.001746+0.000004*delta[0]+0.000007*delta[1]-0.000000*delta[2],0.001541+0.000002*delta[0]+0.000006*delta[1]-0.000000*delta[2],0.001362+0.000003*delta[0]+0.000005*delta[1]+0.000000*delta[2],0.001197+0.000002*delta[0]+0.000005*delta[1]+0.000000*delta[2]
0.002803+0.000006*delta[0]+0.000011*delta[1]-0.000000*delta[2],0.002165+0.000004*delta[0]+0.000008*delta[1]-0.000000*delta[2],0.001914+0.000003*delta[0]+0.000009*delta[1]-0.000001*delta[2],0.004322+0.000009*delta[0]+0.000017*delta[1]+0.000003*delta[2],0.003696+0.000010*delta[0]+0.000013*delta[1]+0.000001*delta[2],0.003191+0.000008*delta[0]+0.000015*delta[1]+0.000002*delta[2],0.002765+0.000005*delta[0]+0.000010*delta[1]-0.000002*delta[2],0.002387+0.000005*delta[0]+0.000009*delta[1]+0.000001*delta[2],0.002072+0.000003*delta[0]+0.000009*delta[1]-0.000001*delta[2],0.004027+0.000006*delta[0]+0.000017*delta[1]+0.000002*delta[2],0.003010+0.000006*delta[0]+0.000013*delta[1]-0.000001*delta[2],0.002617+0.000004*delta[0]+0.000010*delta[1]-0.000000*delta[2],0.002288+0.000005*delta[0]+0.000008*delta[1]+0.000000*delta[2],0.002001+0.000003*delta[0]+0.000009*delta[1]+0.000000*delta[2],0.003090+0.000005*delta[0]+0.000012*delta[1]-0.000001*delta[2],0.002693+0.000006*delta[0]+0.000012*delta[1]-0.000000*delta[2],0.002353+0.000006*delta[0]+0.000008*delta[1]+0.000000*delta[2],0.003398+0.000010*delta[0]+0.000011*delta[1]-0.000000*delta[2],0.002937+0.000006*delta[0]+0.000010*delta[1]+0.000002*delta[2],0.002537+0.000004*delta[0]+0.000009*delta[1]+0.000001*delta[2],0.002210+0.000006*delta[0]+0.000010*delta[1]+0.000001*delta[2],0.003742+0.000006*delta[0]+0.000017*delta[1]+0.000001*delta[2],0.003229+0.000008*delta[0]+0.000015*delta[1]-0.000000*delta[2],0.002397+0.000007*delta[0]+0.000011*delta[1]-0.000000*delta[2],0.004579+0.000009*delta[0]+0.000018*delta[1]-0.000001*delta[2],0.004704+0.000010*delta[0]+0.000018*delta[1]+0.000001*delta[2],0.004011+0.000010*delta[0]+0.000016*delta[1]+0.000000*delta[2],0.002182+0.000005*delta[0]+0.000007*delta[1]-0.000002*delta[2],0.003599+0.000008*delta[0]+0.000012*delta[1]+0.000002*delta[2],0.003098+0.000006*delta[0]+0.000011*delta[1]+0.000001*delta[2],0.002639+0.000006*delta[0]+0.000011*delta[1]+0.000001*delta[2],0.004883+0.000007*delta[0]+0.000018*delta[1]-0.000003*delta[2],0.004043+0.000009*delta[0]+0.000017*delta[1]-0.000004*delta[2],0.003419+0.000008*delta[0]+0.000013*delta[1]+0.000001*delta[2],0.002898+0.000009*delta[0]+0.000010*delta[1]+0.000001*delta[2],0.002456+0.000007*delta[0]+0.000009*delta[1]-0.000001*delta[2],0.005031+0.000013*delta[0]+0.000020*delta[1]-0.000003*delta[2],0.004178+0.000013*delta[0]+0.000015*delta[1]+0.000001*delta[2],0.003491+0.000007*delta[0]+0.000012*delta[1]+0.000000*delta[2],0.002950+0.000006*delta[0]+0.000011*delta[1]-0.000001*delta[2],0.002497+0.000005*delta[0]+0.000010*delta[1]-0.000000*delta[2],0.004910+0.000012*delta[0]+0.000020*delta[1]-0.000001*delta[2],0.003261+0.000007*delta[0]+0.000013*delta[1]+0.000000*delta[2],0.002707+0.000006*delta[0]+0.000011*delta[1]-0.000000*delta[2],0.002307+0.000005*delta[0]+0.000008*delta[1]+0.000002*delta[2],0.005564+0.000009*delta[0]+0.000022*delta[1]+0.000003*delta[2],0.004488+0.000007*delta[0]+0.000018*delta[1]-0.000003*delta[2],0.003687+0.000009*delta[0]+0.000015*delta[1]+0.000001*delta[2],0.003046+0.000007*delta[0]+0.000012*delta[1]-0.000001*delta[2],0.002538+0.000004*delta[0]+0.000011*delta[1]+0.000002*delta[2]
0.006092+0.000012*delta[0]+0.000021*delta[1]-0.000004*delta[2],0.004021+0.000009*delta[0]+0.000016*delta[1]-0.000000*delta[2],0.003342+0.000007*delta[0]+0.000014*delta[1]+0.000003*delta[2],0.011076+0.000028*delta[0]+0.000043*delta[1]-0.000006*delta[2],0.008399+0.000008*delta[0]+0.000036*delta[1]-0.000001*delta[2],0.006551+0.000017*delta[0]+0.000027*delta[1]+0.000001*delta[2],0.005252+0.000009*delta[0]+0.000023*delta[1]-0.000003*delta[2],0.004209+0.000010*delta[0]+0.000017*delta[1]+0.000000*delta[2],0.003411+0.000009*delta[0]+0.000012*delta[1]-0.000001*delta[2],0.010922+0.000028*delta[0]+0.000034*delta[1]+0.000006*delta[2],0.006315+0.000016*delta[0]+0.000024*delta[1]-0.000002*delta[2],0.004973+0.000010*delta[0]+0.000021*delta[1]-0.000001*delta[2],0.004045+0.000008*delta[0]+0.000016*delta[1]-0.000001*delta[2],0.003316+0.000009*delta[0]+0.000013*delta[1]-0.000001*delta[2],0.006646+0.000013*delta[0]+0.000026*delta[1]+0.000004*delta[2],0.005279+0.000013*delta[0]+0.000022*delta[1]-0.000000*delta[2],0.004295+0.000012*delta[0]+0.000016*delta[1]+0.000000*delta[2],0.007082+0.000015*delta[0]+0.000027*delta[1]-0.000001*delta[2],0.005665+0.000012*delta[0]+0.000019*delta[1]+0.000001*delta[2],0.004610+0.000010*delta[0]+0.000018*delta[1]-0.000001*delta[2],0.003813+0.000009*delta[0]+0.000016*delta[1]-0.000002*delta[2],0.007763+0.000016*delta[0]+0.000030*delta[1]-0.000005*delta[2],0.006165+0.000015*delta[0]+0.000022*delta[1]+0.000004*delta[2],0.004089+0.000011*delta[0]+0.000017*delta[1]-0.000002*delta[2],0.012004+0.000031*delta[0]+0.000050*delta[1]-0.000011*delta[2],0.011682+0.000028*delta[0]+0.000052*delta[1]+0.000004*delta[2],0.008768+0.000018*delta[0]+0.000026*delta[1]-0.000003*delta[2],0.003510+0.000010*delta[0]+0.000012*delta[1]-0.000001*delta[2],0.007084+0.000014*delta[0]+0.000025*delta[1]-0.000004*delta[2],0.005667+0.000014*delta[0]+0.000023*delta[1]+0.000000*delta[2],0.004579+0.000012*delta[0]+0.000017*delta[1]+0.000000*delta[2],0.010412+0.000020*delta[0]+0.000044*delta[1]-0.000001*delta[2],0.007871+0.000017*delta[0]+0.000034*delta[1]-0.000002*delta[2],0.006176+0.000013*delta[0]+0.000021*delta[1]-0.000001*delta[2],0.004960+0.000010*delta[0]+0.000022*delta[1]+0.000000*delta[2],0.004007+0.000009*delta[0]+0.000017*delta[1]+0.000002*delta[2],0.010459+0.000020*delta[0]+0.000045*delta[1]-0.000003*delta[2],0.008007+0.000019*delta[0]+0.000028*delta[1]+0.000003*delta[2],0.006267+0.000013*delta[0]+0.000025*delta[1]-0.000000*delta[2],0.004996+0.000009*delta[0]+0.000021*delta[1]-0.000003*delta[2],0.004085+0.000009*delta[0]+0.000017*delta[1]+0.000004*delta[2],0.009556+0.000016*delta[0]+0.000039*delta[1]-0.000003*delta[2],0.005522+0.000010*delta[0]+0.000018*delta[1]+0.000002*delta[2],0.004384+0.000012*delta[0]+0.000018*delta[1]+0.000002*delta[2],0.003561+0.000009*delta[0]+0.000014*delta[1]+0.000000*delta[2],0.010663+0.000024*delta[0]+0.000039*delta[1]+0.000004*delta[2],0.007947+0.000010*delta[0]+0.000030*delta[1]-0.000000*delta[2],0.006198+0.000012*delta[0]+0.000027*delta[1]+0.000001*delta[2],0.004923+0.000012*delta[0]+0.000018*delta[1]-0.000003*delta[2],0.003950+0.000009*delta[0]+0.000016*delta[1]+0.000002*delta[2]
0.007886+0.000015*delta[0]+0.000032*delta[1]-0.000005*delta[2],0.004805+0.000008*delta[0]+0.000023*delta[1]-0.000003*delta[2],0.003911+0.000010*delta[0]+0.000018*delta[1]-0.000001*delta[2],0.015168+0.000023*delta[0]+0.000066*delta[1]-0.000008*delta[2],0.011002+0.000018*delta[0]+0.000050*delta[1]+0.000002*delta[2],0.008245+0.000014*delta[0]+0.000033*delta[1]+0.000004*delta[2],0.006427+0.000013*delta[0]+0.000027*delta[1]+0.000003*delta[2],0.005008+0.000012*delta[0]+0.000020*delta[1]-0.000006*delta[2],0.003969+0.000007*delta[0]+0.000017*delta[1]-0.000002*delta[2],0.015131+0.000033*delta[0]+0.000066*delta[1]-0.000020*delta[2],0.007606+0.000010*delta[0]+0.000031*delta[1]-0.000001*delta[2],0.005813+0.000013*delta[0]+0.000020*delta[1]+0.000004*delta[2],0.004572+0.000004*delta[0]+0.000018*delta[1]-0.000003*delta[2],0.003700+0.000009*delta[0]+0.000014*delta[1]-0.000002*delta[2],0.008480+0.000009*delta[0]+0.000035*delta[1]-0.000003*delta[2],0.006479+0.000010*delta[0]+0.000025*delta[1]-0.000004*delta[2],0.005060+0.000010*delta[0]+0.000021*delta[1]-0.000004*delta[2],0.008817+0.000017*delta[0]+0.000038*delta[1]-0.000000*delta[2],0.006952+0.000018*delta[0]+0.000030*delta[1]-0.000001*delta[2],0.005538+0.000015*delta[0]+0.000022*delta[1]+0.000001*delta[2],0.004523+0.000008*delta[0]+0.000019*delta[1]+0.000000*delta[2],0.009501+0.000026*delta[0]+0.000037*delta[1]-0.000002*delta[2],0.007454+0.000016*delta[0]+0.000031*delta[1]-0.000002*delta[2],0.004782+0.000007*delta[0]+0.000020*delta[1]-0.000004*delta[2],0.016048+0.000035*delta[0]+0.000075*delta[1]-0.000003*delta[2],0.015213+0.000017*delta[0]+0.000068*delta[1]-0.000015*delta[2],0.011063+0.000023*delta[0]+0.000056*delta[1]-0.000007*delta[2],0.004062+0.000006*delta[0]+0.000015*delta[1]+0.000000*delta[2],0.008447+0.000014*delta[0]+0.000038*delta[1]+0.000008*delta[2],0.006707+0.000010*delta[0]+0.000028*delta[1]-0.000002*delta[2],0.005354+0.000012*delta[0]+0.000026*delta[1]-0.000003*delta[2],0.012327+0.000020*delta[0]+0.000056*delta[1]+0.000011*delta[2],0.009339+0.000019*delta[0]+0.000033*delta[1]-0.000008*delta[2],0.007257+0.000011*delta[0]+0.000027*delta[1]-0.000005*delta[2],0.005793+0.000008*delta[0]+0.000021*delta[1]-0.000000*delta[2],0.004669+0.000007*delta[0]+0.000020*delta[1]-0.000001*delta[2],0.012066+0.000030*delta[0]+0.000044*delta[1]-0.000004*delta[2],0.009321+0.000016*delta[0]+0.000033*delta[1]-0.000001*delta[2],0.007304+0.000012*delta[0]+0.000032*delta[1]-0.000003*delta[2],0.005782+0.000008*delta[0]+0.000025*delta[1]-0.000002*delta[2],0.004713+0.000008*delta[0]+0.000016*delta[1]-0.000002*delta[2],0.011277+0.000012*delta[0]+0.000050*delta[1]-0.000001*delta[2],0.006610+0.000011*delta[0]+0.000030*delta[1]-0.000001*delta[2],0.005257+0.000010*delta[0]+0.000019*delta[1]-0.000001*delta[2],0.004240+0.000007*delta[0]+0.000019*delta[1]-0.000003*delta[2],0.011757+0.000019*delta[0]+0.000049*delta[1]-0.000009*delta[2],0.008977+0.000019*delta[0]+0.000043*delta[1]-0.000002*delta[2],0.007014+0.000013*delta[0]+0.000031*delta[1]+0.000000*delta[2],0.005614+0.000006*delta[0]+0.000022*delta[1]+0.000000*delta[2],0.004533+0.000009*delta[0]+0.000017*delta[1]-0.000003*delta[2]
0.007466+0.000017*delta[0]+0.000026*delta[1]-0.000002*delta[2],0.005191+0.000008*delta[0]+0.000018*delta[1]+0.000000*delta[2],0.004360+0.000006*delta[0]+0.000017*delta[1]+0.000000*delta[2],0.014493+0.000030*delta[0]+0.000057*delta[1]-0.000009*delta[2],0.011632+0.000018*delta[0]+0.000041*delta[1]-0.000001*delta[2],0.009288+0.000016*delta[0]+0.000032*delta[1]-0.000005*delta[2],0.007494+0.000013*delta[0]+0.000026*delta[1]-0.000001*delta[2],0.006009+0.000017*delta[0]+0.000023*delta[1]+0.000006*delta[2],0.004898+0.000008*delta[0]+0.000015*delta[1]+0.000001*delta[2],0.013141+0.000019*delta[0]+0.000048*delta[1]-0.000002*delta[2],0.008604+0.000017*delta[0]+0.000033*delta[1]-0.000003*delta[2],0.006950+0.000015*delta[0]+0.000024*delta[1]+0.000005*delta[2],0.005661+0.000013*delta[0]+0.000019*delta[1]-0.000004*delta[2],0.004653+0.000010*delta[0]+0.000019*delta[1]-0.000001*delta[2],0.008561+0.000017*delta[0]+0.000037*delta[1]-0.000005*delta[2],0.007012+0.000015*delta[0]+0.000031*delta[1]-0.000001*delta[2],0.005782+0.000011*delta[0]+0.000024*delta[1]+0.000004*delta[2],0.009007+0.000029*delta[0]+0.000030*delta[1]-0.000004*delta[2],0.007471+0.000012*delta[0]+0.000029*delta[1]-0.000002*delta[2],0.006156+0.000009*delta[0]+0.000025*delta[1]-0.000006*delta[2],0.005114+0.000008*delta[0]+0.000018*delta[1]+0.000000*delta[2],0.011388+0.000019*delta[0]+0.000037*delta[1]-0.000001*delta[2],0.009173+0.000027*delta[0]+0.000031*delta[1]-0.000002*delta[2],0.005964+0.000012*delta[0]+0.000021*delta[1]-0.000000*delta[2],0.017063+0.000041*delta[0]+0.000062*delta[1]+0.000004*delta[2],0.015294+0.000034*delta[0]+0.000050*delta[1]+0.000002*delta[2],0.012505+0.000026*delta[0]+0.000045*delta[1]+0.000003*delta[2],0.005115+0.000009*delta[0]+0.000016*delta[1]-0.000001*delta[2],0.009571+0.000022*delta[0]+0.000037*delta[1]-0.000004*delta[2],0.007869+0.000011*delta[0]+0.000030*delta[1]+0.000002*delta[2],0.006379+0.000007*delta[0]+0.000026*delta[1]-0.000009*delta[2],0.019434+0.000034*delta[0]+0.000067*delta[1]-0.000006*delta[2],0.014196+0.000021*delta[0]+0.000059*delta[1]+0.000009*delta[2],0.010552+0.000018*delta[0]+0.000029*delta[1]-0.000007*delta[2],0.008067+0.000019*delta[0]+0.000032*delta[1]+0.000007*delta[2],0.006270+0.000018*delta[0]+0.000024*delta[1]-0.000003*delta[2],0.017321+0.000040*delta[0]+0.000061*delta[1]+0.000002*delta[2],0.013218+0.000025*delta[0]+0.000048*delta[1]-0.000004*delta[2],0.010138+0.000019*delta[0]+0.000037*delta[1]+0.000005*delta[2],0.007849+0.000015*delta[0]+0.000030*delta[1]-0.000004*delta[2],0.006192+0.000011*delta[0]+0.000022*delta[1]+0.000003*delta[2],0.021193+0.000033*delta[0]+0.000086*delta[1]-0.000011*delta[2],0.009588+0.000012*delta[0]+0.000043*delta[1]-0.000004*delta[2],0.007005+0.000013*delta[0]+0.000028*delta[1]-0.000003*delta[2],0.005412+0.000010*delta[0]+0.000019*delta[1]-0.000000*delta[2],0.023317+0.000032*delta[0]+0.000107*delta[1]-0.000004*delta[2],0.016047+0.000032*delta[0]+0.000065*delta[1]+0.000005*delta[2],0.011448+0.000014*delta[0]+0.000050*delta[1]-0.000003*delta[2],0.008478+0.000014*delta[0]+0.000034*delta[1]+0.000003*delta[2],0.006355+0.000014*delta[0]+0.000023*delta[1]+0.000003*delta[2]
0.005387+0.000000*delta[0]+0.000020*delta[1]-0.000002*delta[2],0.003702+0.000006*delta[0]+0.000016*delta[1]+0.000003*delta[2],0.003136+0.000005*delta[0]+0.000013*delta[1]-0.000001*delta[2],0.009847+0.000023*delta[0]+0.000040*delta[1]-0.000002*delta[2],0.007669+0.000015*delta[0]+0.000026*delta[1]+0.000003*delta[2],0.006063+0.000012*delta[0]+0.000030*delta[1]+0.000003*delta[2],0.004929+0.000008*delta[0]+0.000022*delta[1]+0.000000*delta[2],0.004018+0.000006*delta[0]+0.000018*delta[1]+0.000003*delta[2],0.003305+0.000004*delta[0]+0.000014*delta[1]+0.000001*delta[2],0.009186+0.000014*delta[0]+0.000039*delta[1]-0.000003*delta[2],0.005722+0.000008*delta[0]+0.000028*delta[1]-0.000004*delta[2],0.004658+0.000008*delta[0]+0.000022*delta[1]-0.000001*delta[2],0.003838+0.000009*delta[0]+0.000019*delta[1]-0.000003*delta[2],0.003204+0.000008*delta[0]+0.000015*delta[1]-0.000000*delta[2],0.005851+0.000014*delta[0]+0.000021*delta[1]+0.000003*delta[2],0.004782+0.000008*delta[0]+0.000022*delta[1]-0.000000*delta[2],0.003967+0.000008*delta[0]+0.000016*delta[1]-0.000001*delta[2],0.006169+0.000016*delta[0]+0.000029*delta[1]+0.000001*delta[2],0.005083+0.000012*delta[0]+0.000021*delta[1]+0.000002*delta[2],0.004205+0.000008*delta[0]+0.000019*delta[1]-0.000005*delta[2],0.003531+0.000010*delta[0]+0.000014*delta[1]+0.000000*delta[2],0.007395+0.000012*delta[0]+0.000028*delta[1]-0.000003*delta[2],0.005907+0.000013*delta[0]+0.000031*delta[1]+0.000003*delta[2],0.003958+0.000007*delta[0]+0.000017*delta[1]+0.000000*delta[2],0.010639+0.000017*delta[0]+0.000047*delta[1]-0.000000*delta[2],0.009838+0.000027*delta[0]+0.000045*delta[1]+0.000001*delta[2],0.007743+0.000015*delta[0]+0.000038*delta[1]+0.000006*delta[2],0.003387+0.000007*delta[0]+0.000014*delta[1]-0.000000*delta[2],0.006313+0.000014*delta[0]+0.000026*delta[1]-0.000001*delta[2],0.005171+0.000007*delta[0]+0.000026*delta[1]+0.000001*delta[2],0.004243+0.000009*delta[0]+0.000018*delta[1]+0.000000*delta[2],0.010158+0.000019*delta[0]+0.000047*delta[1]+0.000003*delta[2],0.007653+0.000019*delta[0]+0.000035*delta[1]-0.000001*delta[2],0.005998+0.000011*delta[0]+0.000029*delta[1]+0.000004*delta[2],0.004783+0.000009*delta[0]+0.000020*delta[1]+0.000002*delta[2],0.003865+0.000008*delta[0]+0.000017*delta[1]-0.000001*delta[2],0.009569+0.000018*delta[0]+0.000046*delta[1]-0.000001*delta[2],0.007439+0.000013*delta[0]+0.000030*delta[1]-0.000001*delta[2],0.005916+0.000011*delta[0]+0.000028*delta[1]+0.000002*delta[2],0.004743+0.000010*delta[0]+0.000021*delta[1]-0.000001*delta[2],0.003907+0.000005*delta[0]+0.000015*delta[1]-0.000002*delta[2],0.008746+0.000020*delta[0]+0.000037*delta[1]-0.000007*delta[2],0.005017+0.000012*delta[0]+0.000016*delta[1]-0.000001*delta[2],0.003980+0.000009*delta[0]+0.000016*delta[1]-0.000002*delta[2],0.003240+0.000007*delta[0]+0.000014*delta[1]+0.000002*delta[2],0.010382+0.000010*delta[0]+0.000044*delta[1]-0.000007*delta[2],0.007749+0.000010*delta[0]+0.000035*delta[1]-0.000011*delta[2],0.006001+0.000013*delta[0]+0.000023*delta[1]-0.000001*delta[2],0.004773+0.000011*delta[0]+0.000020*delta[1]-0.000001*delta[2],0.003799+0.000005*delta[0]+0.000017*delta[1]+0.000001*delta[2]
0.006281+0.000009*delta[0]+0.000023*delta[1]-0.000001*delta[2],0.003958+0.000007*delta[0]+0.000016*delta[1]-0.000002*delta[2],0.003221+0.000005*delta[0]+0.000015*delta[1]+0.000000*delta[2],0.010039+0.000021*delta[0]+0.000040*delta[1]+0.000000*delta[2],0.007904+0.000016*delta[0]+0.000026*delta[1]+0.000001*delta[2],0.006246+0.000019*delta[0]+0.000021*delta[1]+0.000005*delta[2],0.005033+0.000010*delta[0]+0.000019*delta[1]+0.000002*delta[2],0.004116+0.000007*delta[0]+0.000020*delta[1]+0.000001*delta[2],0.003401+0.000005*delta[0]+0.000016*delta[1]-0.000000*delta[2],0.010847+0.000023*delta[0]+0.000046*delta[1]-0.000001*delta[2],0.006162+0.000012*delta[0]+0.000023*delta[1]-0.000000*delta[2],0.004879+0.000012*delta[0]+0.000017*delta[1]+0.000001*delta[2],0.003923+0.000006*delta[0]+0.000015*delta[1]+0.000001*delta[2],0.003222+0.000007*delta[0]+0.000014*delta[1]+0.000002*delta[2],0.006413+0.000011*delta[0]+0.000024*delta[1]+0.000002*delta[2],0.005125+0.000011*delta[0]+0.000018*delta[1]+0.000002*delta[2],0.004135+0.000008*delta[0]+0.000014*delta[1]+0.000003*delta[2],0.005986+0.000009*delta[0]+0.000028*delta[1]-0.000002*delta[2],0.005002+0.000008*delta[0]+0.000025*delta[1]+0.000001*delta[2],0.004198+0.000007*delta[0]+0.000018*delta[1]-0.000001*delta[2],0.003558+0.000010*delta[0]+0.000012*delta[1]-0.000000*delta[2],0.006456+0.000015*delta[0]+0.000025*delta[1]+0.000002*delta[2],0.005348+0.000011*delta[0]+0.000021*delta[1]+0.000002*delta[2],0.003730+0.000009*delta[0]+0.000016*delta[1]-0.000001*delta[2],0.009746+0.000020*delta[0]+0.000039*delta[1]+0.000006*delta[2],0.008302+0.000014*delta[0]+0.000033*delta[1]-0.000003*delta[2],0.006762+0.000013*delta[0]+0.000030*delta[1]-0.000005*delta[2],0.003204+0.000007*delta[0]+0.000012*delta[1]-0.000001*delta[2],0.005381+0.000010*delta[0]+0.000022*delta[1]-0.000002*delta[2],0.004555+0.000008*delta[0]+0.000018*delta[1]+0.000000*delta[2],0.003870+0.000006*delta[0]+0.000015*delta[1]-0.000001*delta[2],0.006847+0.000013*delta[0]+0.000030*delta[1]+0.000005*delta[2],0.005714+0.000008*delta[0]+0.000020*delta[1]-0.000001*delta[2],0.004804+0.000009*delta[0]+0.000016*delta[1]+0.000000*delta[2],0.004078+0.000009*delta[0]+0.000017*delta[1]-0.000000*delta[2],0.003472+0.000007*delta[0]+0.000014*delta[1]-0.000001*delta[2],0.006171+0.000014*delta[0]+0.000028*delta[1]+0.000005*delta[2],0.005270+0.000013*delta[0]+0.000021*delta[1]+0.000006*delta[2],0.004517+0.000015*delta[0]+0.000017*delta[1]+0.000002*delta[2],0.003863+0.000007*delta[0]+0.000014*delta[1]-0.000000*delta[2],0.003333+0.000006*delta[0]+0.000012*delta[1]-0.000001*delta[2],0.005843+0.000010*delta[0]+0.000022*delta[1]-0.000002*delta[2],0.004226+0.000010*delta[0]+0.000017*delta[1]+0.000002*delta[2],0.003627+0.000006*delta[0]+0.000017*delta[1]+0.000000*delta[2],0.003112+0.000006*delta[0]+0.000011*delta[1]-0.000001*delta[2],0.005589+0.000010*delta[0]+0.000020*delta[1]+0.000000*delta[2],0.004812+0.000008*delta[0]+0.000018*delta[1]+0.000001*delta[2],0.004141+0.000010*delta[0]+0.000016*delta[1]+0.000000*delta[2],0.003568+0.000010*delta[0]+0.000013*delta[1]+0.000002*delta[2],0.003096+0.000005*delta[0]+0.000011*delta[1]+0.000002*delta[2]
0.024706+0.000061*delta[0]+0.000101*delta[1]+0.000013*delta[2],0.011098+0.000023*delta[0]+0.000037*delta[1]-0.000000*delta[2],0.008141+0.000013*delta[0]+0.000032*delta[1]-0.000006*delta[2],0.074125+0.000113*delta[0]+0.000271*delta[1]+0.000007*delta[2],0.043430+0.000102*delta[0]+0.000154*delta[1]-0.000008*delta[2],0.026333+0.000047*delta[0]+0.000097*delta[1]-0.000009*delta[2],0.017282+0.000031*delta[0]+0.000068*delta[1]+0.000017*delta[2],0.011790+0.000025*delta[0]+0.000045*delta[1]-0.000000*delta[2],0.008360+0.000018*delta[0]+0.000032*delta[1]+0.000001*delta[2],0.098776+0.000214*delta[0]+0.000418*delta[1]-0.000012*delta[2],0.024005+0.000046*delta[0]+0.000084*delta[1]+0.000012*delta[2],0.014932+0.000027*delta[0]+0.000056*delta[1]-0.000001*delta[2],0.010325+0.000022*delta[0]+0.000033*delta[1]-0.000002*delta[2],0.007517+0.000016*delta[0]+0.000027*delta[1]-0.000002*delta[2],0.022806+0.000051*delta[0]+0.000094*delta[1]+0.000010*delta[2],0.015912+0.000035*delta[0]+0.000060*delta[1]+0.000009*delta[2],0.011482+0.000025*delta[0]+0.000039*delta[1]+0.000000*delta[2],0.016419+0.000028*delta[0]+0.000061*delta[1]-0.000005*delta[2],0.013273+0.000026*delta[0]+0.000052*delta[1]-0.000003*delta[2],0.010505+0.000029*delta[0]+0.000036*delta[1]+0.000003*delta[2],0.008359+0.000015*delta[0]+0.000031*delta[1]+0.000002*delta[2],0.027650+0.000063*delta[0]+0.000097*delta[1]+0.000010*delta[2],0.019867+0.000044*delta[0]+0.000068*delta[1]-0.000011*delta[2],0.010620+0.000018*delta[0]+0.000036*delta[1]-0.000002*delta[2],0.112553+0.000249*delta[0]+0.000410*delta[1]+0.000041*delta[2],0.031406+0.000053*delta[0]+0.000096*delta[1]+0.000006*delta[2],0.025039+0.000064*delta[0]+0.000111*delta[1]+0.000001*delta[2],0.007995+0.000017*delta[0]+0.000031*delta[1]+0.000003*delta[2],0.014294+0.000034*delta[0]+0.000060*delta[1]-0.000005*delta[2],0.011789+0.000033*delta[0]+0.000045*delta[1]-0.000002*delta[2],0.009475+0.000021*delta[0]+0.000032*delta[1]+0.000001*delta[2],0.037669+0.000069*delta[0]+0.000133*delta[1]+0.000025*delta[2],0.026708+0.000035*delta[0]+0.000082*delta[1]-0.000019*delta[2],0.018944+0.000044*delta[0]+0.000078*delta[1]+0.000002*delta[2],0.013702+0.000031*delta[0]+0.000053*delta[1]+0.000010*delta[2],0.010155+0.000028*delta[0]+0.000033*delta[1]-0.000005*delta[2],0.020170+0.000061*delta[0]+0.000072*delta[1]-0.000011*delta[2],0.016803+0.000023*delta[0]+0.000057*delta[1]+0.000010*delta[2],0.013685+0.000027*delta[0]+0.000054*delta[1]-0.000005*delta[2],0.010827+0.000019*delta[0]+0.000034*delta[1]-0.000009*delta[2],0.008649+0.000013*delta[0]+0.000031*delta[1]+0.000002*delta[2],0.030485+0.000043*delta[0]+0.000121*delta[1]-0.000005*delta[2],0.015795+0.000029*delta[0]+0.000060*delta[1]+0.000008*delta[2],0.011684+0.000010*delta[0]+0.000044*delta[1]-0.000001*delta[2],0.008768+0.000019*delta[0]+0.000028*delta[1]-0.000005*delta[2],0.020742+0.000034*delta[0]+0.000090*delta[1]+0.000009*delta[2],0.016886+0.000032*delta[0]+0.000064*delta[1]-0.000007*delta[2],0.013405+0.000016*delta[0]+0.000052*delta[1]-0.000011*delta[2],0.010629+0.000026*delta[0]+0.000038*delta[1]+0.000007*delta[2],0.008385+0.000014*delta[0]+0.000032*delta[1]+0.000003*delta[2]
0.025462+0.000046*delta[0]+0.000093*delta[1]-0.000009*delta[2],0.011180+0.000026*delta[0]+0.000045*delta[1]-0.000003*delta[2],0.008139+0.000015*delta[0]+0.000037*delta[1]+0.000002*delta[2],0.082652+0.000219*delta[0]+0.000356*delta[1]-0.000042*delta[2],0.046285+0.000109*delta[0]+0.000226*delta[1]+0.000012*delta[2],0.027408+0.000109*delta[0]+0.000115*delta[1]+0.000008*delta[2],0.017624+0.000043*delta[0]+0.000085*delta[1]+0.000003*delta[2],0.011901+0.000026*delta[0]+0.000048*delta[1]-0.000005*delta[2],0.008420+0.000015*delta[0]+0.000032*delta[1]+0.000000*delta[2],0.103309+0.000230*delta[0]+0.000467*delta[1]-0.000030*delta[2],0.024023+0.000044*delta[0]+0.000089*delta[1]-0.000006*delta[2],0.014805+0.000031*delta[0]+0.000054*delta[1]-0.000003*delta[2],0.010268+0.000016*delta[0]+0.000039*delta[1]-0.000003*delta[2],0.007457+0.000010*delta[0]+0.000035*delta[1]-0.000000*delta[2],0.022498+0.000045*delta[0]+0.000093*delta[1]+0.000004*delta[2],0.015829+0.000040*delta[0]+0.000067*delta[1]-0.000019*delta[2],0.011448+0.000029*delta[0]+0.000044*delta[1]-0.000005*delta[2],0.015683+0.000043*delta[0]+0.000055*delta[1]-0.000000*delta[2],0.012827+0.000025*delta[0]+0.000056*delta[1]-0.000000*delta[2],0.010286+0.000019*delta[0]+0.000042*delta[1]-0.000006*delta[2],0.008222+0.000021*delta[0]+0.000030*delta[1]-0.000005*delta[2],0.028910+0.000031*delta[0]+0.000128*delta[1]-0.000013*delta[2],0.020514+0.000035*delta[0]+0.000075*delta[1]-0.000006*delta[2],0.010836+0.000022*delta[0]+0.000048*delta[1]-0.000009*delta[2],0.115181+0.000267*delta[0]+0.000418*delta[1]+0.000033*delta[2],0.028939+0.000049*delta[0]+0.000129*delta[1]-0.000022*delta[2],0.023524+0.000048*delta[0]+0.000102*delta[1]+0.000007*delta[2],0.007904+0.000014*delta[0]+0.000032*delta[1]+0.000002*delta[2],0.013590+0.000031*delta[0]+0.000047*delta[1]+0.000001*delta[2],0.011282+0.000027*delta[0]+0.000045*delta[1]-0.000003*delta[2],0.009223+0.000024*delta[0]+0.000041*delta[1]-0.000002*delta[2],0.037804+0.000076*delta[0]+0.000172*delta[1]-0.000003*delta[2],0.026824+0.000066*delta[0]+0.000101*delta[1]-0.000019*delta[2],0.019035+0.000031*delta[0]+0.000076*delta[1]-0.000005*delta[2],0.013763+0.000020*delta[0]+0.000043*delta[1]+0.000002*delta[2],0.010220+0.000023*delta[0]+0.000043*delta[1]+0.000005*delta[2],0.018670+0.000046*delta[0]+0.000084*delta[1]-0.000013*delta[2],0.015758+0.000030*delta[0]+0.000072*delta[1]+0.000003*delta[2],0.013012+0.000023*delta[0]+0.000054*delta[1]-0.000006*delta[2],0.010402+0.000024*delta[0]+0.000040*delta[1]+0.000006*delta[2],0.008412+0.000024*delta[0]+0.000036*delta[1]-0.000001*delta[2],0.029185+0.000047*delta[0]+0.000118*delta[1]-0.000017*delta[2],0.015560+0.000019*delta[0]+0.000066*delta[1]-0.000008*delta[2],0.011530+0.000032*delta[0]+0.000047*delta[1]-0.000004*delta[2],0.008692+0.000019*delta[0]+0.000031*delta[1]-0.000007*delta[2],0.019095+0.000037*delta[0]+0.000079*delta[1]-0.000006*delta[2],0.015789+0.000016*delta[0]+0.000063*delta[1]-0.000014*delta[2],0.012748+0.000021*delta[0]+0.000046*delta[1]-0.000011*delta[2],0.010251+0.000026*delta[0]+0.000041*delta[1]+0.000007*delta[2],0.008162+0.000019*delta[0]+0.000034*delta[1]-0.000001*delta[2]
0.014889+0.000030*delta[0]+0.000052*delta[1]-0.000003*delta[2],0.009797+0.000017*delta[0]+0.000041*delta[1]-0.000001*delta[2],0.007883+0.000018*delta[0]+0.000033*delta[1]+0.000003*delta[2],0.037735+0.000078*delta[0]+0.000129*delta[1]+0.000035*delta[2],0.031166+0.000070*delta[0]+0.000140*delta[1]-0.000019*delta[2],0.023649+0.000039*delta[0]+0.000094*delta[1]-0.000008*delta[2],0.017732+0.000038*delta[0]+0.000082*delta[1]-0.000003*delta[2],0.013180+0.000035*delta[0]+0.000051*delta[1]+0.000009*delta[2],0.009843+0.000020*delta[0]+0.000037*delta[1]+0.000000*delta[2],0.027623+0.000048*delta[0]+0.000120*delta[1]-0.000008*delta[2],0.018895+0.000025*delta[0]+0.000063*delta[1]+0.000007*delta[2],0.014530+0.000029*delta[0]+0.000061*delta[1]+0.000017*delta[2],0.011236+0.000017*delta[0]+0.000041*delta[1]-0.000004*delta[2],0.008769+0.000015*delta[0]+0.000030*delta[1]-0.000005*delta[2],0.015197+0.000040*delta[0]+0.000054*delta[1]-0.000001*delta[2],0.012604+0.000020*delta[0]+0.000065*delta[1]-0.000001*delta[2],0.010296+0.000027*delta[0]+0.000042*delta[1]-0.000005*delta[2],0.012980+0.000035*delta[0]+0.000049*delta[1]+0.000009*delta[2],0.011412+0.000021*delta[0]+0.000048*delta[1]-0.000002*delta[2],0.009661+0.000018*delta[0]+0.000042*delta[1]-0.000001*delta[2],0.008092+0.000018*delta[0]+0.000043*delta[1]-0.000004*delta[2],0.031349+0.000073*delta[0]+0.000122*delta[1]-0.000002*delta[2],0.023931+0.000044*delta[0]+0.000088*delta[1]-0.000004*delta[2],0.013109+0.000031*delta[0]+0.000050*delta[1]-0.000007*delta[2],0.049723+0.000103*delta[0]+0.000220*delta[1]-0.000008*delta[2],0.021760+0.000028*delta[0]+0.000090*delta[1]-0.000001*delta[2],0.020480+0.000066*delta[0]+0.000078*delta[1]+0.000015*delta[2],0.008810+0.000023*delta[0]+0.000034*delta[1]-0.000005*delta[2],0.013117+0.000022*delta[0]+0.000060*delta[1]-0.000003*delta[2],0.011527+0.000026*delta[0]+0.000049*delta[1]-0.000004*delta[2],0.009698+0.000023*delta[0]+0.000040*delta[1]+0.000001*delta[2],0.090663+0.000205*delta[0]+0.000422*delta[1]+0.000031*delta[2],0.054817+0.000133*delta[0]+0.000249*delta[1]+0.000034*delta[2],0.032850+0.000092*delta[0]+0.000130*delta[1]+0.000017*delta[2],0.020898+0.000056*delta[0]+0.000076*delta[1]-0.000009*delta[2],0.014038+0.000029*delta[0]+0.000054*delta[1]+0.000001*delta[2],0.023477+0.000062*delta[0]+0.000087*delta[1]+0.000002*delta[2],0.020504+0.000053*delta[0]+0.000089*delta[1]+0.000003*delta[2],0.016980+0.000043*delta[0]+0.000079*delta[1]-0.000010*delta[2],0.013449+0.000026*delta[0]+0.000062*delta[1]-0.000018*delta[2],0.010601+0.000017*delta[0]+0.000041*delta[1]-0.000001*delta[2],0.129492+0.000278*delta[0]+0.000604*delta[1]-0.000060*delta[2],0.023694+0.000060*delta[0]+0.000107*delta[1]+0.000001*delta[2],0.014876+0.000031*delta[0]+0.000055*delta[1]-0.000008*delta[2],0.009382+0.000022*delta[0]+0.000031*delta[1]+0.000007*delta[2],0.038927+0.000079*delta[0]+0.000135*delta[1]+0.000006*delta[2],0.030969+0.000102*delta[0]+0.000104*delta[1]+0.000001*delta[2],0.022760+0.000055*delta[0]+0.000089*delta[1]-0.000017*delta[2],0.016754+0.000047*delta[0]+0.000056*delta[1]+0.000010*delta[2],0.012241+0.000021*delta[0]+0.000055*delta[1]-0.000000*delta[2]
0.020551+0.000041*delta[0]+0.000091*delta[1]-0.000003*delta[2],0.011236+0.000023*delta[0]+0.000057*delta[1]+0.000001*delta[2],0.008546+0.000022*delta[0]+0.000034*delta[1]+0.000002*delta[2],0.072015+0.000117*delta[0]+0.000313*delta[1]+0.000000*delta[2],0.046763+0.000106*delta[0]+0.000239*delta[1]+0.000017*delta[2],0.029457+0.000031*delta[0]+0.000091*delta[1]-0.000004*delta[2],0.019513+0.000042*delta[0]+0.000085*delta[1]-0.000002*delta[2],0.013423+0.000021*delta[0]+0.000059*delta[1]-0.000006*delta[2],0.009569+0.000020*delta[0]+0.000035*delta[1]+0.000003*delta[2],0.053822+0.000107*delta[0]+0.000263*delta[1]-0.000067*delta[2],0.024708+0.000042*delta[0]+0.000090*delta[1]-0.000018*delta[2],0.016838+0.000041*delta[0]+0.000061*delta[1]-0.000002*delta[2],0.012004+0.000023*delta[0]+0.000048*delta[1]-0.000003*delta[2],0.008877+0.000018*delta[0]+0.000036*delta[1]+0.000002*delta[2],0.019357+0.000056*delta[0]+0.000084*delta[1]+0.000013*delta[2],0.014767+0.000036*delta[0]+0.000061*delta[1]+0.000007*delta[2],0.011337+0.000024*delta[0]+0.000046*delta[1]+0.000002*delta[2],0.014861+0.000018*delta[0]+0.000060*delta[1]+0.000002*delta[2],0.012547+0.000027*delta[0]+0.000056*delta[1]+0.000001*delta[2],0.010248+0.000025*delta[0]+0.000048*delta[1]-0.000002*delta[2],0.008353+0.000015*delta[0]+0.000039*delta[1]+0.000000*delta[2],0.036984+0.000082*delta[0]+0.000154*delta[1]+0.000010*delta[2],0.025599+0.000046*delta[0]+0.000105*delta[1]-0.000010*delta[2],0.012599+0.000023*delta[0]+0.000050*delta[1]+0.000005*delta[2],0.113575+0.000211*delta[0]+0.000525*delta[1]-0.000080*delta[2],0.027500+0.000034*delta[0]+0.000129*delta[1]+0.000009*delta[2],0.023968+0.000048*delta[0]+0.000102*delta[1]+0.000009*delta[2],0.008607+0.000020*delta[0]+0.000031*delta[1]+0.000001*delta[2],0.013996+0.000029*delta[0]+0.000061*delta[1]-0.000006*delta[2],0.011855+0.000023*delta[0]+0.000043*delta[1]-0.000002*delta[2],0.009742+0.000017*delta[0]+0.000041*delta[1]-0.000001*delta[2],0.084147+0.000131*delta[0]+0.000401*delta[1]-0.000008*delta[2],0.046961+0.000125*delta[0]+0.000219*delta[1]-0.000015*delta[2],0.027958+0.000053*delta[0]+0.000116*delta[1]+0.000010*delta[2],0.018108+0.000043*delta[0]+0.000067*delta[1]+0.000001*delta[2],0.012343+0.000033*delta[0]+0.000054*delta[1]-0.000002*delta[2],0.023018+0.000055*delta[0]+0.000084*delta[1]+0.000014*delta[2],0.019443+0.000042*delta[0]+0.000078*delta[1]-0.000006*delta[2],0.015718+0.000018*delta[0]+0.000073*delta[1]-0.000001*delta[2],0.012377+0.000027*delta[0]+0.000046*delta[1]-0.000002*delta[2],0.009756+0.000019*delta[0]+0.000046*delta[1]-0.000000*delta[2],0.074361+0.000169*delta[0]+0.000285*delta[1]-0.000000*delta[2],0.023079+0.000029*delta[0]+0.000101*delta[1]-0.000012*delta[2],0.014905+0.000026*delta[0]+0.000065*delta[1]-0.000009*delta[2],0.010310+0.000026*delta[0]+0.000039*delta[1]-0.000000*delta[2],0.030125+0.000059*delta[0]+0.000106*delta[1]+0.000022*delta[2],0.023882+0.000049*delta[0]+0.000112*delta[1]+0.000027*delta[2],0.018002+0.000042*delta[0]+0.000071*delta[1]-0.000010*delta[2],0.013652+0.000021*delta[0]+0.000052*delta[1]-0.000004*delta[2],0.010308+0.000024*delta[0]+0.000042*delta[1]-0.000003*delta[2]
0.015271+0.000033*delta[0]+0.000063*delta[1]+0.000008*delta[2],0.009979+0.000023*delta[0]+0.000045*delta[1]+0.000003*delta[2],0.008023+0.000016*delta[0]+0.000043*delta[1]-0.000002*delta[2],0.041848+0.000114*delta[0]+0.000165*delta[1]+0.000027*delta[2],0.033915+0.000059*delta[0]+0.000134*delta[1]+0.000030*delta[2],0.025228+0.000045*delta[0]+0.000111*delta[1]-0.000002*delta[2],0.018550+0.000036*delta[0]+0.000078*delta[1]+0.000017*delta[2],0.013579+0.000029*delta[0]+0.000046*delta[1]-0.000003*delta[2],0.010102+0.000018*delta[0]+0.000041*delta[1]+0.000005*delta[2],0.028267+0.000049*delta[0]+0.000115*delta[1]-0.000023*delta[2],0.019184+0.000026*delta[0]+0.000080*delta[1]+0.000003*delta[2],0.014690+0.000031*delta[0]+0.000058*delta[1]+0.000008*delta[2],0.011324+0.000034*delta[0]+0.000045*delta[1]+0.000010*delta[2],0.008819+0.000019*delta[0]+0.000040*delta[1]+0.000008*delta[2],0.014876+0.000036*delta[0]+0.000062*delta[1]+0.000001*delta[2],0.012422+0.000041*delta[0]+0.000046*delta[1]+0.000003*delta[2],0.010221+0.000034*delta[0]+0.000042*delta[1]+0.000004*delta[2],0.012353+0.000038*delta[0]+0.000054*delta[1]+0.000005*delta[2],0.010929+0.000017*delta[0]+0.000046*delta[1]-0.000002*delta[2],0.009318+0.000017*delta[0]+0.000036*delta[1]+0.000009*delta[2],0.007891+0.000019*delta[0]+0.000032*delta[1]+0.000000*delta[2],0.035052+0.000066*delta[0]+0.000158*delta[1]+0.000005*delta[2],0.026086+0.000047*delta[0]+0.000093*delta[1]+0.000019*delta[2],0.013665+0.000036*delta[0]+0.000059*delta[1]-0.000006*delta[2],0.053354+0.000089*delta[0]+0.000199*delta[1]+0.000016*delta[2],0.020382+0.000043*delta[0]+0.000103*delta[1]+0.000006*delta[2],0.019354+0.000044*delta[0]+0.000083*delta[1]+0.000005*delta[2],0.008638+0.000018*delta[0]+0.000033*delta[1]-0.000006*delta[2],0.012346+0.000024*delta[0]+0.000062*delta[1]+0.000005*delta[2],0.010945+0.000027*delta[0]+0.000037*delta[1]-0.000005*delta[2],0.009268+0.000019*delta[0]+0.000042*delta[1]-0.000002*delta[2],0.111726+0.000187*delta[0]+0.000476*delta[1]+0.000016*delta[2],0.061768+0.000109*delta[0]+0.000268*delta[1]+0.000009*delta[2],0.034916+0.000082*delta[0]+0.000132*delta[1]+0.000023*delta[2],0.021584+0.000054*delta[0]+0.000091*delta[1]+0.000011*delta[2],0.014159+0.000044*delta[0]+0.000053*delta[1]+0.000003*delta[2],0.021397+0.000051*delta[0]+0.000072*delta[1]-0.000002*delta[2],0.018898+0.000032*delta[0]+0.000076*delta[1]+0.000008*delta[2],0.015936+0.000034*delta[0]+0.000063*delta[1]+0.000012*delta[2],0.012813+0.000032*delta[0]+0.000056*delta[1]+0.000008*delta[2],0.010207+0.000029*delta[0]+0.000045*delta[1]+0.000001*delta[2],0.125850+0.000224*delta[0]+0.000529*delta[1]-0.000044*delta[2],0.023645+0.000044*delta[0]+0.000094*delta[1]-0.000003*delta[2],0.015028+0.000037*delta[0]+0.000065*delta[1]+0.000011*delta[2],0.009804+0.000030*delta[0]+0.000042*delta[1]+0.000003*delta[2],0.034281+0.000061*delta[0]+0.000150*delta[1]-0.000011*delta[2],0.028034+0.000051*delta[0]+0.000116*delta[1]-0.000003*delta[2],0.021185+0.000061*delta[0]+0.000105*delta[1]-0.000000*delta[2],0.015941+0.000038*delta[0]+0.000061*delta[1]+0.000011*delta[2],0.011832+0.000022*delta[0]+0.000051*delta[1]-0.000002*delta[2]
0.024203+0.000044*delta[0]+0.000106*delta[1]-0.000006*delta[2],0.011073+0.000023*delta[0]+0.000043*delta[1]+0.000005*delta[2],0.008131+0.000019*delta[0]+0.000044*delta[1]-0.000001*delta[2],0.102895+0.000215*delta[0]+0.000501*delta[1]+0.000033*delta[2],0.050347+0.000098*delta[0]+0.000211*delta[1]-0.000003*delta[2],0.028044+0.000044*delta[0]+0.000136*delta[1]+0.000015*delta[2],0.017521+0.000029*delta[0]+0.000078*delta[1]+0.000002*delta[2],0.011592+0.000020*delta[0]+0.000058*delta[1]+0.000007*delta[2],0.008138+0.000016*delta[0]+0.000039*delta[1]-0.000002*delta[2],0.084756+0.000179*delta[0]+0.000362*delta[1]-0.000024*delta[2],0.024188+0.000044*delta[0]+0.000110*delta[1]-0.000015*delta[2],0.015313+0.000029*delta[0]+0.000068*delta[1]-0.000001*delta[2],0.010576+0.000022*delta[0]+0.000050*delta[1]+0.000008*delta[2],0.007741+0.000018*delta[0]+0.000034*delta[1]+0.000005*delta[2],0.019757+0.000047*delta[0]+0.000080*delta[1]-0.000003*delta[2],0.014421+0.000019*delta[0]+0.000080*delta[1]+0.000003*delta[2],0.010779+0.000029*delta[0]+0.000048*delta[1]+0.000004*delta[2],0.013790+0.000030*delta[0]+0.000054*delta[1]-0.000001*delta[2],0.011540+0.000017*delta[0]+0.000055*delta[1]+0.000005*delta[2],0.009427+0.000013*delta[0]+0.000047*delta[1]+0.000013*delta[2],0.007680+0.000017*delta[0]+0.000039*delta[1]+0.000002*delta[2],0.033888+0.000085*delta[0]+0.000142*delta[1]+0.000004*delta[2],0.022682+0.000053*delta[0]+0.000089*delta[1]+0.000004*delta[2],0.011170+0.000028*delta[0]+0.000048*delta[1]+0.000004*delta[2],0.103496+0.000222*delta[0]+0.000527*delta[1]+0.000110*delta[2],0.024502+0.000052*delta[0]+0.000103*delta[1]+0.000008*delta[2],0.020608+0.000032*delta[0]+0.000096*delta[1]+0.000000*delta[2],0.007594+0.000013*delta[0]+0.000034*delta[1]-0.000001*delta[2],0.012194+0.000019*delta[0]+0.000056*delta[1]+0.000005*delta[2],0.010294+0.000025*delta[0]+0.000047*delta[1]+0.000008*delta[2],0.008526+0.000014*delta[0]+0.000047*delta[1]-0.000002*delta[2],0.047384+0.000107*delta[0]+0.000216*delta[1]-0.000019*delta[2],0.030969+0.000057*delta[0]+0.000128*delta[1]+0.000015*delta[2],0.020743+0.000030*delta[0]+0.000109*delta[1]+0.000007*delta[2],0.014500+0.000029*delta[0]+0.000056*delta[1]+0.000011*delta[2],0.010509+0.000024*delta[0]+0.000042*delta[1]+0.000009*delta[2],0.017106+0.000046*delta[0]+0.000078*delta[1]+0.000011*delta[2],0.014584+0.000028*delta[0]+0.000062*delta[1]-0.000002*delta[2],0.012223+0.000022*delta[0]+0.000061*delta[1]+0.000011*delta[2],0.009866+0.000026*delta[0]+0.000044*delta[1]-0.000008*delta[2],0.008060+0.000015*delta[0]+0.000034*delta[1]+0.000002*delta[2],0.032890+0.000079*delta[0]+0.000117*delta[1]+0.000015*delta[2],0.016286+0.000026*delta[0]+0.000065*delta[1]+0.000005*delta[2],0.011936+0.000023*delta[0]+0.000045*delta[1]+0.000003*delta[2],0.008889+0.000013*delta[0]+0.000041*delta[1]-0.000007*delta[2],0.018490+0.000026*delta[0]+0.000084*delta[1]-0.000005*delta[2],0.015383+0.000031*delta[0]+0.000063*delta[1]-0.000002*delta[2],0.012440+0.000028*delta[0]+0.000050*delta[1]+0.000003*delta[2],0.010004+0.000023*delta[0]+0.000045*delta[1]-0.000003*delta[2],0.008013+0.000014*delta[0]+0.000034*delta[1]+0.000000*delta[2]
0.025191+0.000066*delta[0]+0.000094*delta[1]-0.000009*delta[2],0.011233+0.000022*delta[0]+0.000041*delta[1]-0.000001*delta[2],0.008186+0.000010*delta[0]+0.000033*delta[1]-0.000002*delta[2],0.121576+0.000293*delta[0]+0.000359*delta[1]+0.000012*delta[2],0.053816+0.000146*delta[0]+0.000188*delta[1]-0.000016*delta[2],0.028676+0.000055*delta[0]+0.000124*delta[1]-0.000003*delta[2],0.017640+0.000025*delta[0]+0.000073*delta[1]-0.000003*delta[2],0.011540+0.000020*delta[0]+0.000037*delta[1]+0.000001*delta[2],0.008058+0.000012*delta[0]+0.000036*delta[1]-0.000002*delta[2],0.086627+0.000171*delta[0]+0.000313*delta[1]-0.000019*delta[2],0.024602+0.000038*delta[0]+0.000082*delta[1]-0.000004*delta[2],0.015457+0.000039*delta[0]+0.000058*delta[1]-0.000003*delta[2],0.010731+0.000025*delta[0]+0.000041*delta[1]+0.000006*delta[2],0.007808+0.000021*delta[0]+0.000033*delta[1]+0.000001*delta[2],0.019107+0.000040*delta[0]+0.000072*delta[1]-0.000012*delta[2],0.014154+0.000029*delta[0]+0.000052*delta[1]-0.000007*delta[2],0.010624+0.000018*delta[0]+0.000042*delta[1]+0.000001*delta[2],0.012989+0.000025*delta[0]+0.000050*delta[1]+0.000002*delta[2],0.010946+0.000025*delta[0]+0.000043*delta[1]+0.000003*delta[2],0.009070+0.000019*delta[0]+0.000036*delta[1]+0.000002*delta[2],0.007479+0.000019*delta[0]+0.000029*delta[1]-0.000001*delta[2],0.036021+0.000037*delta[0]+0.000129*delta[1]+0.000015*delta[2],0.023605+0.000030*delta[0]+0.000106*delta[1]+0.000004*delta[2],0.011390+0.000025*delta[0]+0.000040*delta[1]-0.000015*delta[2],0.090749+0.000159*delta[0]+0.000427*delta[1]-0.000008*delta[2],0.022030+0.000030*delta[0]+0.000087*delta[1]+0.000001*delta[2],0.018894+0.000028*delta[0]+0.000070*delta[1]-0.000015*delta[2],0.007420+0.000015*delta[0]+0.000027*delta[1]-0.000002*delta[2],0.011352+0.000023*delta[0]+0.000047*delta[1]-0.000004*delta[2],0.009720+0.000016*delta[0]+0.000040*delta[1]-0.000003*delta[2],0.008171+0.000017*delta[0]+0.000029*delta[1]+0.000002*delta[2],0.046215+0.000115*delta[0]+0.000175*delta[1]-0.000007*delta[2],0.030710+0.000085*delta[0]+0.000100*delta[1]-0.000017*delta[2],0.020713+0.000051*delta[0]+0.000066*delta[1]+0.000000*delta[2],0.014549+0.000038*delta[0]+0.000054*delta[1]-0.000007*delta[2],0.010533+0.000012*delta[0]+0.000037*delta[1]-0.000008*delta[2],0.015340+0.000027*delta[0]+0.000051*delta[1]+0.000003*delta[2],0.013369+0.000028*delta[0]+0.000060*delta[1]-0.000002*delta[2],0.011350+0.000021*delta[0]+0.000036*delta[1]-0.000000*delta[2],0.009361+0.000019*delta[0]+0.000035*delta[1]-0.000005*delta[2],0.007709+0.000018*delta[0]+0.000031*delta[1]-0.000003*delta[2],0.029992+0.000052*delta[0]+0.000110*delta[1]-0.000010*delta[2],0.015742+0.000022*delta[0]+0.000059*delta[1]+0.000001*delta[2],0.011683+0.000020*delta[0]+0.000036*delta[1]+0.000003*delta[2],0.008784+0.000019*delta[0]+0.000032*delta[1]-0.000001*delta[2],0.016459+0.000039*delta[0]+0.000064*delta[1]-0.000005*delta[2],0.013986+0.000018*delta[0]+0.000061*delta[1]+0.000004*delta[2],0.011548+0.000025*delta[0]+0.000043*delta[1]-0.000005*delta[2],0.009469+0.000015*delta[0]+0.000036*delta[1]-0.000006*delta[2],0.007677+0.000016*delta[0]+0.000023*delta[1]-0.000001*delta[2]
0.003277+0.000008*delta[0]+0.000015*delta[1]-0.000001*delta[2],0.002438+0.000003*delta[0]+0.000010*delta[1]+0.000001*delta[2],0.002120+0.000006*delta[0]+0.000009*delta[1]-0.000000*delta[2],0.005540+0.000012*delta[0]+0.000024*delta[1]+0.000000*delta[2],0.004546+0.000012*delta[0]+0.000018*delta[1]+0.000001*delta[2],0.003793+0.000005*delta[0]+0.000015*delta[1]+0.000000*delta[2],0.003216+0.000009*delta[0]+0.000013*delta[1]+0.000000*delta[2],0.002714+0.000008*delta[0]+0.000011*delta[1]-0.000001*delta[2],0.002318+0.000003*delta[0]+0.000011*delta[1]+0.000000*delta[2],0.004793+0.000010*delta[0]+0.000019*delta[1]+0.000002*delta[2],0.003419+0.000006*delta[0]+0.000014*delta[1]+0.000000*delta[2],0.002912+0.000004*delta[0]+0.000013*delta[1]-0.000001*delta[2],0.002518+0.000007*delta[0]+0.000010*delta[1]-0.000001*delta[2],0.002179+0.000005*delta[0]+0.000010*delta[1]+0.000001*delta[2],0.003314+0.000009*delta[0]+0.000013*delta[1]-0.000002*delta[2],0.002872+0.000007*delta[0]+0.000012*delta[1]+0.000001*delta[2],0.002495+0.000004*delta[0]+0.000011*delta[1]-0.000000*delta[2],0.003383+0.000008*delta[0]+0.000016*delta[1]+0.000000*delta[2],0.002944+0.000006*delta[0]+0.000013*delta[1]+0.000002*delta[2],0.002567+0.000005*delta[0]+0.000010*delta[1]-0.000001*delta[2],0.002247+0.000005*delta[0]+0.000010*delta[1]+0.000000*delta[2],0.004707+0.000009*delta[0]+0.000018*delta[1]+0.000001*delta[2],0.003884+0.000011*delta[0]+0.000015*delta[1]-0.000001*delta[2],0.002739+0.000004*delta[0]+0.000013*delta[1]+0.000000*delta[2],0.005631+0.000011*delta[0]+0.000024*delta[1]-0.000004*delta[2],0.004788+0.000010*delta[0]+0.000020*delta[1]+0.000000*delta[2],0.004082+0.000007*delta[0]+0.000015*delta[1]-0.000004*delta[2],0.002237+0.000004*delta[0]+0.000010*delta[1]-0.000001*delta[2],0.003473+0.000010*delta[0]+0.000014*delta[1]-0.000002*delta[2],0.003019+0.000006*delta[0]+0.000012*delta[1]+0.000001*delta[2],0.002598+0.000007*delta[0]+0.000010*delta[1]-0.000000*delta[2],0.005915+0.000012*delta[0]+0.000020*delta[1]-0.000000*delta[2],0.004682+0.000012*delta[0]+0.000017*delta[1]-0.000000*delta[2],0.003807+0.000007*delta[0]+0.000017*delta[1]-0.000003*delta[2],0.003126+0.000008*delta[0]+0.000011*delta[1]-0.000002*delta[2],0.002604+0.000006*delta[0]+0.000012*delta[1]+0.000001*delta[2],0.004828+0.000012*delta[0]+0.000020*delta[1]-0.000003*delta[2],0.004082+0.000011*delta[0]+0.000016*delta[1]-0.000002*delta[2],0.003444+0.000006*delta[0]+0.000014*delta[1]-0.000002*delta[2],0.002935+0.000005*delta[0]+0.000012*delta[1]-0.000000*delta[2],0.002518+0.000006*delta[0]+0.000010*delta[1]-0.000002*delta[2],0.005124+0.000010*delta[0]+0.000022*delta[1]-0.000006*delta[2],0.003327+0.000011*delta[0]+0.000015*delta[1]+0.000000*delta[2],0.002764+0.000007*delta[0]+0.000010*delta[1]+0.000002*delta[2],0.002341+0.000004*delta[0]+0.000009*delta[1]-0.000001*delta[2],0.005436+0.000010*delta[0]+0.000024*delta[1]-0.000008*delta[2],0.004439+0.000011*delta[0]+0.000021*delta[1]+0.000004*delta[2],0.003697+0.000007*delta[0]+0.000018*delta[1]-0.000002*delta[2],0.003098+0.000008*delta[0]+0.000014*delta[1]+0.000001*delta[2],0.002595+0.000005*delta[0]+0.000010*delta[1]+0.000001*delta[2]
0.020653+0.000031*delta[0]+0.000080*delta[1]-0.000015*delta[2],0.010533+0.000024*delta[0]+0.000037*delta[1]+0.000000*delta[2],0.007892+0.000013*delta[0]+0.000033*delta[1]+0.000003*delta[2],0.104104+0.000268*delta[0]+0.000379*delta[1]+0.000033*delta[2],0.048729+0.000114*delta[0]+0.000212*delta[1]+0.000031*delta[2],0.026975+0.000074*delta[0]+0.000106*delta[1]+0.000005*delta[2],0.016921+0.000030*delta[0]+0.000066*delta[1]-0.000011*delta[2],0.011221+0.000022*delta[0]+0.000043*delta[1]-0.000008*delta[2],0.007941+0.000013*delta[0]+0.000034*delta[1]-0.000004*delta[2],0.056471+0.000147*delta[0]+0.000244*delta[1]+0.000021*delta[2],0.021985+0.000037*delta[0]+0.000083*delta[1]+0.000009*delta[2],0.014737+0.000028*delta[0]+0.000054*delta[1]+0.000003*delta[2],0.010495+0.000019*delta[0]+0.000039*delta[1]-0.000007*delta[2],0.007794+0.000018*delta[0]+0.000028*delta[1]-0.000005*delta[2],0.016483+0.000031*delta[0]+0.000067*delta[1]-0.000006*delta[2],0.012627+0.000021*delta[0]+0.000039*delta[1]+0.000001*delta[2],0.009772+0.000018*delta[0]+0.000036*delta[1]-0.000000*delta[2],0.011952+0.000027*delta[0]+0.000057*delta[1]+0.000007*delta[2],0.010189+0.000015*delta[0]+0.000038*delta[1]-0.000003*delta[2],0.008528+0.000013*delta[0]+0.000036*delta[1]-0.000003*delta[2],0.007058+0.000013*delta[0]+0.000033*delta[1]+0.000002*delta[2],0.038843+0.000076*delta[0]+0.000176*delta[1]+0.000004*delta[2],0.024278+0.000038*delta[0]+0.000107*delta[1]-0.000010*delta[2],0.011188+0.000023*delta[0]+0.000049*delta[1]-0.000006*delta[2],0.109419+0.000199*delta[0]+0.000450*delta[1]-0.000046*delta[2],0.020490+0.000032*delta[0]+0.000081*delta[1]-0.000004*delta[2],0.017766+0.000033*delta[0]+0.000066*delta[1]-0.000013*delta[2],0.007190+0.000012*delta[0]+0.000033*delta[1]-0.000004*delta[2],0.010901+0.000029*delta[0]+0.000047*delta[1]+0.000006*delta[2],0.009349+0.000019*delta[0]+0.000045*delta[1]-0.000004*delta[2],0.007887+0.000020*delta[0]+0.000033*delta[1]+0.000002*delta[2],0.065652+0.000110*delta[0]+0.000261*delta[1]-0.000029*delta[2],0.036498+0.000061*delta[0]+0.000131*delta[1]-0.000020*delta[2],0.022399+0.000036*delta[0]+0.000094*delta[1]+0.000005*delta[2],0.014865+0.000029*delta[0]+0.000061*delta[1]+0.000003*delta[2],0.010457+0.000027*delta[0]+0.000047*delta[1]-0.000001*delta[2],0.015924+0.000030*delta[0]+0.000063*delta[1]-0.000006*delta[2],0.013719+0.000023*delta[0]+0.000058*delta[1]+0.000009*delta[2],0.011515+0.000026*delta[0]+0.000046*delta[1]+0.000006*delta[2],0.009413+0.000019*delta[0]+0.000039*delta[1]-0.000002*delta[2],0.007722+0.000013*delta[0]+0.000032*delta[1]-0.000003*delta[2],0.040179+0.000092*delta[0]+0.000190*delta[1]-0.000027*delta[2],0.017402+0.000034*delta[0]+0.000068*delta[1]+0.000012*delta[2],0.012291+0.000025*delta[0]+0.000057*delta[1]+0.000003*delta[2],0.008964+0.000014*delta[0]+0.000040*delta[1]-0.000012*delta[2],0.018575+0.000046*delta[0]+0.000069*delta[1]+0.000004*delta[2],0.015424+0.000020*delta[0]+0.000061*delta[1]-0.000013*delta[2],0.012398+0.000016*delta[0]+0.000056*delta[1]-0.000004*delta[2],0.009999+0.000021*delta[0]+0.000048*delta[1]+0.000002*delta[2],0.007966+0.000010*delta[0]+0.000030*delta[1]+0.000006*delta[2]
0.015705+0.000038*delta[0]+0.000054*delta[1]+0.000004*delta[2],0.009630+0.000017*delta[0]+0.000031*delta[1]+0.000007*delta[2],0.007650+0.000013*delta[0]+0.000027*delta[1]+0.000003*delta[2],0.056989+0.000133*delta[0]+0.000186*delta[1]-0.000007*delta[2],0.039167+0.000091*delta[0]+0.000140*delta[1]+0.000004*delta[2],0.025969+0.000050*delta[0]+0.000101*delta[1]+0.000010*delta[2],0.017839+0.000030*delta[0]+0.000065*delta[1]+0.000004*delta[2],0.012614+0.000030*delta[0]+0.000050*delta[1]+0.000005*delta[2],0.009219+0.000015*delta[0]+0.000040*delta[1]+0.000000*delta[2],0.031190+0.000072*delta[0]+0.000120*delta[1]-0.000007*delta[2],0.018559+0.000038*delta[0]+0.000052*delta[1]+0.000000*delta[2],0.013819+0.000040*delta[0]+0.000052*delta[1]+0.000003*delta[2],0.010435+0.000028*delta[0]+0.000035*delta[1]+0.000006*delta[2],0.008054+0.000016*delta[0]+0.000029*delta[1]+0.000001*delta[2],0.013787+0.000034*delta[0]+0.000053*delta[1]+0.000000*delta[2],0.011326+0.000018*delta[0]+0.000037*delta[1]+0.000002*delta[2],0.009226+0.000022*delta[0]+0.000035*delta[1]-0.000006*delta[2],0.010974+0.000017*delta[0]+0.000046*delta[1]+0.000001*delta[2],0.009610+0.000025*delta[0]+0.000031*delta[1]+0.000001*delta[2],0.008221+0.000017*delta[0]+0.000027*delta[1]-0.000007*delta[2],0.006951+0.000017*delta[0]+0.000020*delta[1]+0.000000*delta[2],0.040250+0.000061*delta[0]+0.000143*delta[1]-0.000035*delta[2],0.026536+0.000064*delta[0]+0.000110*delta[1]-0.000020*delta[2],0.012561+0.000023*delta[0]+0.000047*delta[1]-0.000003*delta[2],0.063642+0.000153*delta[0]+0.000251*delta[1]+0.000043*delta[2],0.018083+0.000032*delta[0]+0.000071*delta[1]+0.000008*delta[2],0.016647+0.000046*delta[0]+0.000058*delta[1]+0.000004*delta[2],0.007487+0.000022*delta[0]+0.000029*delta[1]-0.000001*delta[2],0.010661+0.000029*delta[0]+0.000041*delta[1]-0.000001*delta[2],0.009388+0.000015*delta[0]+0.000033*delta[1]-0.000004*delta[2],0.007977+0.000011*delta[0]+0.000029*delta[1]+0.000001*delta[2],0.119896+0.000235*delta[0]+0.000437*delta[1]-0.000050*delta[2],0.052222+0.000100*delta[0]+0.000193*delta[1]-0.000004*delta[2],0.027943+0.000054*delta[0]+0.000111*delta[1]-0.000007*delta[2],0.017129+0.000049*delta[0]+0.000062*delta[1]+0.000004*delta[2],0.011381+0.000026*delta[0]+0.000037*delta[1]-0.000012*delta[2],0.017183+0.000037*delta[0]+0.000069*delta[1]+0.000002*delta[2],0.015045+0.000031*delta[0]+0.000062*delta[1]-0.000002*delta[2],0.012734+0.000028*delta[0]+0.000048*delta[1]-0.000008*delta[2],0.010380+0.000027*delta[0]+0.000039*delta[1]+0.000002*delta[2],0.008447+0.000017*delta[0]+0.000029*delta[1]-0.000001*delta[2],0.081368+0.000187*delta[0]+0.000383*delta[1]+0.000034*delta[2],0.021486+0.000047*delta[0]+0.000078*delta[1]-0.000005*delta[2],0.013887+0.000027*delta[0]+0.000045*delta[1]+0.000007*delta[2],0.009575+0.000021*delta[0]+0.000034*delta[1]-0.000001*delta[2],0.024220+0.000058*delta[0]+0.000076*delta[1]-0.000003*delta[2],0.019844+0.000035*delta[0]+0.000073*delta[1]-0.000000*delta[2],0.015628+0.000031*delta[0]+0.000061*delta[1]-0.000006*delta[2],0.012220+0.000026*delta[0]+0.000045*delta[1]-0.000002*delta[2],0.009443+0.000021*delta[0]+0.000031*delta[1]-0.000009*delta[2]
0.016587+0.000022*delta[0]+0.000054*delta[1]+0.000001*delta[2],0.010583+0.000016*delta[0]+0.000043*delta[1]+0.000003*delta[2],0.008407+0.000017*delta[0]+0.000037*delta[1]+0.000006*delta[2],0.058620+0.000110*delta[0]+0.000258*delta[1]+0.000012*delta[2],0.044609+0.000083*delta[0]+0.000176*delta[1]+0.000028*delta[2],0.030772+0.000082*delta[0]+0.000133*delta[1]+0.000016*delta[2],0.021320+0.000043*delta[0]+0.000091*delta[1]+0.000002*delta[2],0.014955+0.000030*delta[0]+0.000059*delta[1]-0.000006*delta[2],0.010801+0.000022*delta[0]+0.000045*delta[1]-0.000004*delta[2],0.030215+0.000064*delta[0]+0.000140*delta[1]+0.000007*delta[2],0.020177+0.000055*delta[0]+0.000078*delta[1]-0.000000*delta[2],0.015359+0.000027*delta[0]+0.000050*delta[1]-0.000002*delta[2],0.011752+0.000020*delta[0]+0.000047*delta[1]+0.000002*delta[2],0.009058+0.000020*delta[0]+0.000034*delta[1]-0.000002*delta[2],0.014217+0.000021*delta[0]+0.000066*delta[1]+0.000005*delta[2],0.011962+0.000016*delta[0]+0.000042*delta[1]-0.000005*delta[2],0.009898+0.000022*delta[0]+0.000041*delta[1]-0.000001*delta[2],0.010988+0.000017*delta[0]+0.000034*delta[1]-0.000001*delta[2],0.009862+0.000020*delta[0]+0.000044*delta[1]-0.000006*delta[2],0.008600+0.000023*delta[0]+0.000033*delta[1]+0.000000*delta[2],0.007380+0.000013*delta[0]+0.000035*delta[1]+0.000000*delta[2],0.050108+0.000094*delta[0]+0.000191*delta[1]-0.000020*delta[2],0.033545+0.000073*delta[0]+0.000134*delta[1]+0.000025*delta[2],0.015225+0.000015*delta[0]+0.000064*delta[1]-0.000002*delta[2],0.064913+0.000142*delta[0]+0.000249*delta[1]-0.000004*delta[2],0.017335+0.000031*delta[0]+0.000060*delta[1]+0.000001*delta[2],0.016642+0.000040*delta[0]+0.000064*delta[1]-0.000000*delta[2],0.008173+0.000019*delta[0]+0.000037*delta[1]-0.000000*delta[2],0.010709+0.000018*delta[0]+0.000045*delta[1]+0.000004*delta[2],0.009641+0.000019*delta[0]+0.000035*delta[1]+0.000003*delta[2],0.008363+0.000016*delta[0]+0.000028*delta[1]+0.000002*delta[2],0.221104+0.000496*delta[0]+0.000855*delta[1]+0.000167*delta[2],0.082719+0.000186*delta[0]+0.000362*delta[1]-0.000021*delta[2],0.039200+0.000101*delta[0]+0.000152*delta[1]+0.000030*delta[2],0.022197+0.000052*delta[0]+0.000080*delta[1]+0.000009*delta[2],0.013992+0.000041*delta[0]+0.000051*delta[1]+0.000010*delta[2],0.016928+0.000024*delta[0]+0.000064*delta[1]-0.000003*delta[2],0.015429+0.000021*delta[0]+0.000061*delta[1]-0.000005*delta[2],0.013468+0.000031*delta[0]+0.000046*delta[1]-0.000002*delta[2],0.011174+0.000025*delta[0]+0.000059*delta[1]-0.000002*delta[2],0.009253+0.000022*delta[0]+0.000037*delta[1]+0.000004*delta[2],0.144635+0.000356*delta[0]+0.000426*delta[1]-0.000065*delta[2],0.029091+0.000060*delta[0]+0.000116*delta[1]-0.000010*delta[2],0.017627+0.000045*delta[0]+0.000061*delta[1]-0.000000*delta[2],0.011664+0.000018*delta[0]+0.000047*delta[1]+0.000005*delta[2],0.024967+0.000036*delta[0]+0.000109*delta[1]-0.000005*delta[2],0.021675+0.000046*delta[0]+0.000095*delta[1]+0.000005*delta[2],0.017357+0.000029*delta[0]+0.000067*delta[1]-0.000005*delta[2],0.013807+0.000021*delta[0]+0.000072*delta[1]+0.000003*delta[2],0.010719+0.000028*delta[0]+0.000037*delta[1]+0.000004*delta[2]
0.003438+0.000009*delta[0]+0.000014*delta[1]+0.000001*delta[2],0.002693+0.000003*delta[0]+0.000010*delta[1]-0.000001*delta[2],0.002381+0.000005*delta[0]+0.000009*delta[1]-0.000001*delta[2],0.005953+0.000014*delta[0]+0.000018*delta[1]+0.000001*delta[2],0.005119+0.000011*delta[0]+0.000025*delta[1]-0.000002*delta[2],0.004397+0.000008*delta[0]+0.000019*delta[1]+0.000002*delta[2],0.003785+0.000008*delta[0]+0.000016*delta[1]-0.000001*delta[2],0.003252+0.000004*delta[0]+0.000011*delta[1]-0.000000*delta[2],0.002824+0.000005*delta[0]+0.000010*delta[1]+0.000001*delta[2],0.004821+0.000007*delta[0]+0.000018*delta[1]-0.000001*delta[2],0.003760+0.000006*delta[0]+0.000011*delta[1]-0.000001*delta[2],0.003284+0.000007*delta[0]+0.000014*delta[1]+0.000004*delta[2],0.002880+0.000006*delta[0]+0.000012*delta[1]-0.000001*delta[2],0.002531+0.000004*delta[0]+0.000008*delta[1]-0.000002*delta[2],0.003509+0.000007*delta[0]+0.000013*delta[1]-0.000000*delta[2],0.003127+0.000007*delta[0]+0.000011*delta[1]-0.000001*delta[2],0.002776+0.000007*delta[0]+0.000012*delta[1]+0.000001*delta[2],0.003571+0.000004*delta[0]+0.000012*delta[1]-0.000001*delta[2],0.003210+0.000005*delta[0]+0.000013*delta[1]+0.000002*delta[2],0.002850+0.000005*delta[0]+0.000011*delta[1]-0.000001*delta[2],0.002530+0.000005*delta[0]+0.000011*delta[1]-0.000001*delta[2],0.005622+0.000007*delta[0]+0.000022*delta[1]+0.000003*delta[2],0.004763+0.000008*delta[0]+0.000017*delta[1]-0.000005*delta[2],0.003457+0.000007*delta[0]+0.000013*delta[1]-0.000001*delta[2],0.006026+0.000012*delta[0]+0.000020*delta[1]+0.000002*delta[2],0.004905+0.000010*delta[0]+0.000019*delta[1]-0.000002*delta[2],0.004429+0.000010*delta[0]+0.000015*delta[1]-0.000000*delta[2],0.002640+0.000005*delta[0]+0.000009*delta[1]-0.000001*delta[2],0.003777+0.000007*delta[0]+0.000014*delta[1]-0.000000*delta[2],0.003375+0.000007*delta[0]+0.000011*delta[1]-0.000001*delta[2],0.002966+0.000007*delta[0]+0.000011*delta[1]-0.000000*delta[2],0.007909+0.000020*delta[0]+0.000029*delta[1]+0.000000*delta[2],0.006415+0.000013*delta[0]+0.000028*delta[1]+0.000003*delta[2],0.005231+0.000009*delta[0]+0.000016*delta[1]-0.000002*delta[2],0.004300+0.000005*delta[0]+0.000017*delta[1]-0.000002*delta[2],0.003583+0.000007*delta[0]+0.000014*delta[1]-0.000002*delta[2],0.005495+0.000012*delta[0]+0.000019*delta[1]-0.000002*delta[2],0.004789+0.000007*delta[0]+0.000022*delta[1]+0.000000*delta[2],0.004144+0.000007*delta[0]+0.000014*delta[1]+0.000001*delta[2],0.003568+0.000007*delta[0]+0.000013*delta[1]-0.000003*delta[2],0.003084+0.000005*delta[0]+0.000013*delta[1]+0.000001*delta[2],0.007897+0.000011*delta[0]+0.000033*delta[1]-0.000004*delta[2],0.005035+0.000011*delta[0]+0.000021*delta[1]-0.000003*delta[2],0.004109+0.000005*delta[0]+0.000015*delta[1]+0.000001*delta[2],0.003402+0.000003*delta[0]+0.000012*delta[1]-0.000002*delta[2],0.006908+0.000014*delta[0]+0.000026*delta[1]-0.000001*delta[2],0.005802+0.000013*delta[0]+0.000027*delta[1]+0.000002*delta[2],0.004855+0.000008*delta[0]+0.000020*delta[1]+0.000001*delta[2],0.004094+0.000007*delta[0]+0.000014*delta[1]-0.000002*delta[2],0.003434+0.000007*delta[0]+0.000015*delta[1]+0.000000*delta[2]
0.021884+0.000051*delta[0]+0.000085*delta[1]+0.000011*delta[2],0.010854+0.000018*delta[0]+0.000044*delta[1]-0.000002*delta[2],0.008053+0.000012*delta[0]+0.000033*delta[1]+0.000001*delta[2],0.136878+0.000250*delta[0]+0.000615*delta[1]+0.000038*delta[2],0.050689+0.000128*delta[0]+0.000211*delta[1]-0.000009*delta[2],0.026210+0.000043*delta[0]+0.000095*delta[1]-0.000013*delta[2],0.016185+0.000020*delta[0]+0.000065*delta[1]+0.000005*delta[2],0.010603+0.000016*delta[0]+0.000042*delta[1]+0.000003*delta[2],0.007594+0.000015*delta[0]+0.000032*delta[1]-0.000001*delta[2],0.056357+0.000067*delta[0]+0.000222*delta[1]+0.000031*delta[2],0.022181+0.000036*delta[0]+0.000088*delta[1]+0.000001*delta[2],0.014907+0.000020*delta[0]+0.000069*delta[1]+0.000001*delta[2],0.010641+0.000022*delta[0]+0.000042*delta[1]+0.000005*delta[2],0.007868+0.000015*delta[0]+0.000033*delta[1]+0.000005*delta[2],0.015419+0.000038*delta[0]+0.000061*delta[1]-0.000011*delta[2],0.012082+0.000022*delta[0]+0.000054*delta[1]+0.000006*delta[2],0.009470+0.000017*delta[0]+0.000042*delta[1]+0.000005*delta[2],0.010681+0.000016*delta[0]+0.000040*delta[1]+0.000001*delta[2],0.009308+0.000016*delta[0]+0.000034*delta[1]+0.000003*delta[2],0.007917+0.000020*delta[0]+0.000029*delta[1]+0.000004*delta[2],0.006669+0.000013*delta[0]+0.000025*delta[1]+0.000005*delta[2],0.044497+0.000071*delta[0]+0.000189*delta[1]+0.000016*delta[2],0.026106+0.000044*delta[0]+0.000110*delta[1]-0.000011*delta[2],0.011320+0.000006*delta[0]+0.000054*delta[1]+0.000003*delta[2],0.109944+0.000213*delta[0]+0.000447*delta[1]+0.000010*delta[2],0.017273+0.000038*delta[0]+0.000065*delta[1]-0.000001*delta[2],0.015408+0.000033*delta[0]+0.000072*delta[1]+0.000001*delta[2],0.006838+0.000011*delta[0]+0.000027*delta[1]-0.000000*delta[2],0.009625+0.000021*delta[0]+0.000039*delta[1]+0.000003*delta[2],0.008432+0.000010*delta[0]+0.000041*delta[1]+0.000001*delta[2],0.007186+0.000008*delta[0]+0.000031*delta[1]-0.000001*delta[2],0.063891+0.000081*delta[0]+0.000269*delta[1]+0.000014*delta[2],0.036455+0.000080*delta[0]+0.000150*delta[1]-0.000000*delta[2],0.022594+0.000034*delta[0]+0.000083*delta[1]-0.000008*delta[2],0.015059+0.000037*delta[0]+0.000058*delta[1]+0.000007*delta[2],0.010621+0.000026*delta[0]+0.000039*delta[1]+0.000004*delta[2],0.013202+0.000019*delta[0]+0.000067*delta[1]+0.000009*delta[2],0.011681+0.000013*delta[0]+0.000047*delta[1]+0.000004*delta[2],0.010101+0.000014*delta[0]+0.000049*delta[1]+0.000003*delta[2],0.008466+0.000019*delta[0]+0.000029*delta[1]+0.000006*delta[2],0.007107+0.000011*delta[0]+0.000032*delta[1]-0.000003*delta[2],0.033458+0.000064*delta[0]+0.000137*delta[1]+0.000011*delta[2],0.016381+0.000026*delta[0]+0.000057*delta[1]+0.000002*delta[2],0.011941+0.000016*delta[0]+0.000048*delta[1]+0.000006*delta[2],0.008874+0.000014*delta[0]+0.000041*delta[1]-0.000003*delta[2],0.015039+0.000033*delta[0]+0.000072*delta[1]+0.000019*delta[2],0.012949+0.000010*delta[0]+0.000059*delta[1]+0.000000*delta[2],0.010800+0.000021*delta[0]+0.000045*delta[1]-0.000000*delta[2],0.008979+0.000017*delta[0]+0.000033*delta[1]+0.000001*delta[2],0.007318+0.000014*delta[0]+0.000030*delta[1]-0.000003*delta[2]
0.005202+0.000016*delta[0]+0.000023*delta[1]+0.000003*delta[2],0.003389+0.000008*delta[0]+0.000016*delta[1]+0.000002*delta[2],0.002799+0.000006*delta[0]+0.000011*delta[1]+0.000001*delta[2],0.008747+0.000019*delta[0]+0.000031*delta[1]+0.000000*delta[2],0.006526+0.000013*delta[0]+0.000030*delta[1]+0.000001*delta[2],0.004977+0.000008*delta[0]+0.000023*delta[1]+0.000004*delta[2],0.003999+0.000007*delta[0]+0.000017*delta[1]+0.000001*delta[2],0.003278+0.000007*delta[0]+0.000013*delta[1]-0.000001*delta[2],0.002743+0.000005*delta[0]+0.000012*delta[1]+0.000001*delta[2],0.008531+0.000017*delta[0]+0.000036*delta[1]-0.000001*delta[2],0.005028+0.000015*delta[0]+0.000024*delta[1]+0.000002*delta[2],0.004013+0.000009*delta[0]+0.000018*delta[1]+0.000000*delta[2],0.003307+0.000007*delta[0]+0.000014*delta[1]-0.000001*delta[2],0.002768+0.000005*delta[0]+0.000011*delta[1]+0.000001*delta[2],0.005047+0.000005*delta[0]+0.000023*delta[1]-0.000001*delta[2],0.004168+0.000010*delta[0]+0.000016*delta[1]+0.000002*delta[2],0.003463+0.000007*delta[0]+0.000014*delta[1]+0.000001*delta[2],0.004646+0.000011*delta[0]+0.000019*delta[1]+0.000000*delta[2],0.003960+0.000007*delta[0]+0.000016*delta[1]+0.000002*delta[2],0.003402+0.000005*delta[0]+0.000015*delta[1]+0.000003*delta[2],0.002923+0.000009*delta[0]+0.000013*delta[1]-0.000001*delta[2],0.006719+0.000011*delta[0]+0.000029*delta[1]+0.000004*delta[2],0.005312+0.000013*delta[0]+0.000022*delta[1]+0.000001*delta[2],0.003440+0.000008*delta[0]+0.000017*delta[1]-0.000001*delta[2],0.008049+0.000017*delta[0]+0.000033*delta[1]-0.000003*delta[2],0.006683+0.000005*delta[0]+0.000032*delta[1]+0.000001*delta[2],0.005532+0.000016*delta[0]+0.000025*delta[1]-0.000001*delta[2],0.002793+0.000007*delta[0]+0.000012*delta[1]-0.000000*delta[2],0.004375+0.000006*delta[0]+0.000018*delta[1]+0.000002*delta[2],0.003752+0.000005*delta[0]+0.000017*delta[1]-0.000001*delta[2],0.003221+0.000007*delta[0]+0.000013*delta[1]-0.000001*delta[2],0.008128+0.000020*delta[0]+0.000040*delta[1]+0.000002*delta[2],0.006305+0.000007*delta[0]+0.000033*delta[1]-0.000004*delta[2],0.005016+0.000008*delta[0]+0.000023*delta[1]+0.000002*delta[2],0.004087+0.000008*delta[0]+0.000018*delta[1]-0.000001*delta[2],0.003376+0.000008*delta[0]+0.000015*delta[1]-0.000000*delta[2],0.005558+0.000013*delta[0]+0.000022*delta[1]+0.000000*delta[2],0.004719+0.000009*delta[0]+0.000021*delta[1]+0.000001*delta[2],0.004031+0.000010*delta[0]+0.000016*delta[1]+0.000002*delta[2],0.003454+0.000005*delta[0]+0.000015*delta[1]+0.000002*delta[2],0.002980+0.000007*delta[0]+0.000011*delta[1]+0.000001*delta[2],0.006700+0.000011*delta[0]+0.000026*delta[1]-0.000005*delta[2],0.004416+0.000008*delta[0]+0.000019*delta[1]+0.000002*delta[2],0.003672+0.000009*delta[0]+0.000013*delta[1]+0.000001*delta[2],0.003060+0.000004*delta[0]+0.000013*delta[1]+0.000002*delta[2],0.005638+0.000011*delta[0]+0.000029*delta[1]+0.000005*delta[2],0.004743+0.000008*delta[0]+0.000020*delta[1]-0.000002*delta[2],0.004033+0.000006*delta[0]+0.000019*delta[1]-0.000000*delta[2],0.003448+0.000006*delta[0]+0.000014*delta[1]-0.000002*delta[2],0.002927+0.000005*delta[0]+0.000012*delta[1]-0.000001*delta[2]
0.007582+0.000021*delta[0]+0.000025*delta[1]-0.000005*delta[2],0.005108+0.000013*delta[0]+0.000022*delta[1]-0.000006*delta[2],0.004232+0.000012*delta[0]+0.000015*delta[1]-0.000004*delta[2],0.019237+0.000041*delta[0]+0.000070*delta[1]-0.000003*delta[2],0.013833+0.000032*delta[0]+0.000063*delta[1]-0.000010*delta[2],0.010286+0.000030*delta[0]+0.000038*delta[1]-0.000009*delta[2],0.007857+0.000018*delta[0]+0.000033*delta[1]+0.000006*delta[2],0.006095+0.000014*delta[0]+0.000024*delta[1]-0.000003*delta[2],0.004853+0.000011*delta[0]+0.000020*delta[1]-0.000000*delta[2],0.012844+0.000032*delta[0]+0.000043*delta[1]-0.000008*delta[2],0.008129+0.000018*delta[0]+0.000031*delta[1]-0.000002*delta[2],0.006503+0.000016*delta[0]+0.000025*delta[1]-0.000005*delta[2],0.005288+0.000011*delta[0]+0.000021*delta[1]+0.000003*delta[2],0.004347+0.000012*delta[0]+0.000020*delta[1]-0.000001*delta[2],0.006885+0.000016*delta[0]+0.000034*delta[1]+0.000003*delta[2],0.005810+0.000015*delta[0]+0.000024*delta[1]+0.000002*delta[2],0.004883+0.000009*delta[0]+0.000020*delta[1]+0.000002*delta[2],0.006184+0.000011*delta[0]+0.000024*delta[1]+0.000005*delta[2],0.005394+0.000012*delta[0]+0.000020*delta[1]+0.000001*delta[2],0.004656+0.000012*delta[0]+0.000019*delta[1]-0.000001*delta[2],0.004009+0.000010*delta[0]+0.000018*delta[1]-0.000002*delta[2],0.014830+0.000025*delta[0]+0.000050*delta[1]+0.000001*delta[2],0.010649+0.000032*delta[0]+0.000043*delta[1]+0.000004*delta[2],0.006115+0.000003*delta[0]+0.000025*delta[1]-0.000003*delta[2],0.018396+0.000065*delta[0]+0.000062*delta[1]+0.000001*delta[2],0.009540+0.000014*delta[0]+0.000039*delta[1]+0.000003*delta[2],0.008302+0.000011*delta[0]+0.000030*delta[1]-0.000003*delta[2],0.004158+0.000013*delta[0]+0.000017*delta[1]-0.000000*delta[2],0.006151+0.000014*delta[0]+0.000022*delta[1]-0.000003*delta[2],0.005370+0.000011*delta[0]+0.000020*delta[1]+0.000000*delta[2],0.004598+0.000015*delta[0]+0.000018*delta[1]+0.000005*delta[2],0.021359+0.000045*delta[0]+0.000088*delta[1]-0.000007*delta[2],0.013589+0.000032*delta[0]+0.000049*delta[1]-0.000001*delta[2],0.009424+0.000023*delta[0]+0.000041*delta[1]+0.000000*delta[2],0.006913+0.000019*delta[0]+0.000034*delta[1]-0.000004*delta[2],0.005265+0.000012*delta[0]+0.000020*delta[1]+0.000003*delta[2],0.009246+0.000018*delta[0]+0.000035*delta[1]+0.000001*delta[2],0.007834+0.000015*delta[0]+0.000026*delta[1]-0.000005*delta[2],0.006621+0.000016*delta[0]+0.000027*delta[1]+0.000002*delta[2],0.005550+0.000015*delta[0]+0.000018*delta[1]+0.000000*delta[2],0.004653+0.000011*delta[0]+0.000017*delta[1]+0.000001*delta[2],0.017249+0.000031*delta[0]+0.000083*delta[1]+0.000008*delta[2],0.008428+0.000020*delta[0]+0.000028*delta[1]-0.000001*delta[2],0.006450+0.000017*delta[0]+0.000028*delta[1]+0.000008*delta[2],0.004993+0.000008*delta[0]+0.000020*delta[1]-0.000001*delta[2],0.011555+0.000031*delta[0]+0.000045*delta[1]-0.000001*delta[2],0.009370+0.000020*delta[0]+0.000037*delta[1]-0.000002*delta[2],0.007567+0.000016*delta[0]+0.000027*delta[1]-0.000002*delta[2],0.006179+0.000011*delta[0]+0.000023*delta[1]+0.000004*delta[2],0.005022+0.000009*delta[0]+0.000024*delta[1]+0.000002*delta[2]
0.007593+0.000012*delta[0]+0.000031*delta[1]-0.000002*delta[2],0.004601+0.000010*delta[0]+0.000020*delta[1]-0.000000*delta[2],0.003677+0.000009*delta[0]+0.000015*delta[1]+0.000002*delta[2],0.013634+0.000030*delta[0]+0.000056*delta[1]+0.000005*delta[2],0.010150+0.000018*delta[0]+0.000045*delta[1]+0.000001*delta[2],0.007687+0.000018*delta[0]+0.000027*delta[1]+0.000002*delta[2],0.005992+0.000011*delta[0]+0.000019*delta[1]-0.000002*delta[2],0.004777+0.000011*delta[0]+0.000021*delta[1]+0.000001*delta[2],0.003897+0.000009*delta[0]+0.000015*delta[1]+0.000001*delta[2],0.012513+0.000029*delta[0]+0.000050*delta[1]+0.000002*delta[2],0.007096+0.000013*delta[0]+0.000027*delta[1]-0.000004*delta[2],0.005553+0.000013*delta[0]+0.000019*delta[1]+0.000004*delta[2],0.004449+0.000008*delta[0]+0.000016*delta[1]+0.000001*delta[2],0.003638+0.000007*delta[0]+0.000013*delta[1]+0.000003*delta[2],0.006455+0.000013*delta[0]+0.000025*delta[1]-0.000004*delta[2],0.005289+0.000012*delta[0]+0.000025*delta[1]+0.000000*delta[2],0.004334+0.000008*delta[0]+0.000016*delta[1]-0.000001*delta[2],0.005291+0.000011*delta[0]+0.000017*delta[1]+0.000003*delta[2],0.004617+0.000006*delta[0]+0.000019*delta[1]-0.000000*delta[2],0.003974+0.000006*delta[0]+0.000015*delta[1]+0.000001*delta[2],0.003436+0.000007*delta[0]+0.000015*delta[1]+0.000001*delta[2],0.008620+0.000018*delta[0]+0.000037*delta[1]+0.000001*delta[2],0.006831+0.000013*delta[0]+0.000026*delta[1]+0.000004*delta[2],0.004461+0.000007*delta[0]+0.000018*delta[1]+0.000002*delta[2],0.011922+0.000022*delta[0]+0.000038*delta[1]-0.000003*delta[2],0.007256+0.000007*delta[0]+0.000028*delta[1]-0.000001*delta[2],0.006222+0.000010*delta[0]+0.000027*delta[1]+0.000000*delta[2],0.003269+0.000008*delta[0]+0.000013*delta[1]+0.000000*delta[2],0.004744+0.000010*delta[0]+0.000018*delta[1]-0.000001*delta[2],0.004145+0.000009*delta[0]+0.000018*delta[1]+0.000003*delta[2],0.003605+0.000008*delta[0]+0.000014*delta[1]+0.000003*delta[2],0.008730+0.000021*delta[0]+0.000041*delta[1]+0.000008*delta[2],0.007106+0.000013*delta[0]+0.000030*delta[1]-0.000006*delta[2],0.005833+0.000013*delta[0]+0.000022*delta[1]+0.000004*delta[2],0.004840+0.000009*delta[0]+0.000017*delta[1]+0.000003*delta[2],0.004049+0.000009*delta[0]+0.000017*delta[1]-0.000000*delta[2],0.005482+0.000012*delta[0]+0.000024*delta[1]-0.000001*delta[2],0.004832+0.000006*delta[0]+0.000018*delta[1]+0.000001*delta[2],0.004274+0.000010*delta[0]+0.000017*delta[1]+0.000003*delta[2],0.003713+0.000009*delta[0]+0.000015*delta[1]-0.000000*delta[2],0.003270+0.000006*delta[0]+0.000013*delta[1]-0.000000*delta[2],0.006639+0.000013*delta[0]+0.000030*delta[1]-0.000005*delta[2],0.004781+0.000011*delta[0]+0.000021*delta[1]+0.000005*delta[2],0.004058+0.000007*delta[0]+0.000012*delta[1]+0.000001*delta[2],0.003476+0.000007*delta[0]+0.000013*delta[1]+0.000002*delta[2],0.005302+0.000009*delta[0]+0.000020*delta[1]+0.000003*delta[2],0.004658+0.000014*delta[0]+0.000019*delta[1]+0.000002*delta[2],0.004083+0.000011*delta[0]+0.000014*delta[1]+0.000002*delta[2],0.003577+0.000008*delta[0]+0.000012*delta[1]+0.000001*delta[2],0.003130+0.000007*delta[0]+0.000011*delta[1]+0.000001*delta[2]
0.009036+0.000014*delta[0]+0.000040*delta[1]+0.000000*delta[2],0.006167+0.000012*delta[0]+0.000024*delta[1]+0.000003*delta[2],0.005119+0.000007*delta[0]+0.000019*delta[1]-0.000000*delta[2],0.027841+0.000071*delta[0]+0.000124*delta[1]+0.000005*delta[2],0.019992+0.000037*delta[0]+0.000078*delta[1]-0.000001*delta[2],0.014414+0.000025*delta[0]+0.000066*delta[1]-0.000003*delta[2],0.010782+0.000020*delta[0]+0.000042*delta[1]+0.000004*delta[2],0.008197+0.000013*delta[0]+0.000034*delta[1]-0.000002*delta[2],0.006397+0.000012*delta[0]+0.000027*delta[1]+0.000004*delta[2],0.014252+0.000025*delta[0]+0.000061*delta[1]-0.000002*delta[2],0.009700+0.000016*delta[0]+0.000037*delta[1]+0.000006*delta[2],0.007836+0.000013*delta[0]+0.000032*delta[1]-0.000001*delta[2],0.006401+0.000017*delta[0]+0.000021*delta[1]+0.000000*delta[2],0.005282+0.000011*delta[0]+0.000021*delta[1]-0.000001*delta[2],0.007285+0.000011*delta[0]+0.000023*delta[1]+0.000001*delta[2],0.006326+0.000016*delta[0]+0.000029*delta[1]+0.000002*delta[2],0.005442+0.000017*delta[0]+0.000022*delta[1]-0.000002*delta[2],0.006019+0.000010*delta[0]+0.000020*delta[1]+0.000002*delta[2],0.005443+0.000009*delta[0]+0.000025*delta[1]+0.000000*delta[2],0.004831+0.000005*delta[0]+0.000020*delta[1]+0.000002*delta[2],0.004266+0.000011*delta[0]+0.000017*delta[1]+0.000001*delta[2],0.024733+0.000062*delta[0]+0.000114*delta[1]-0.000002*delta[2],0.016421+0.000023*delta[0]+0.000061*delta[1]-0.000002*delta[2],0.008442+0.000014*delta[0]+0.000032*delta[1]-0.000003*delta[2],0.023043+0.000046*delta[0]+0.000111*delta[1]-0.000002*delta[2],0.008796+0.000017*delta[0]+0.000034*delta[1]-0.000007*delta[2],0.008120+0.000019*delta[0]+0.000042*delta[1]+0.000003*delta[2],0.004588+0.000008*delta[0]+0.000014*delta[1]-0.000000*delta[2],0.005880+0.000014*delta[0]+0.000030*delta[1]+0.000000*delta[2],0.005305+0.000010*delta[0]+0.000021*delta[1]+0.000001*delta[2],0.004696+0.000011*delta[0]+0.000020*delta[1]+0.000003*delta[2],0.041656+0.000072*delta[0]+0.000180*delta[1]-0.000019*delta[2],0.023737+0.000045*delta[0]+0.000088*delta[1]-0.000008*delta[2],0.014858+0.000042*delta[0]+0.000053*delta[1]-0.000003*delta[2],0.010131+0.000014*delta[0]+0.000047*delta[1]+0.000003*delta[2],0.007426+0.000016*delta[0]+0.000033*delta[1]+0.000000*delta[2],0.008497+0.000013*delta[0]+0.000036*delta[1]+0.000003*delta[2],0.007617+0.000013*delta[0]+0.000030*delta[1]-0.000005*delta[2],0.006720+0.000009*delta[0]+0.000030*delta[1]+0.000001*delta[2],0.005826+0.000008*delta[0]+0.000029*delta[1]-0.000001*delta[2],0.005012+0.000009*delta[0]+0.000024*delta[1]-0.000001*delta[2],0.026024+0.000034*delta[0]+0.000123*delta[1]+0.000006*delta[2],0.012356+0.000023*delta[0]+0.000047*delta[1]+0.000004*delta[2],0.009123+0.000021*delta[0]+0.000038*delta[1]+0.000002*delta[2],0.006939+0.000016*delta[0]+0.000028*delta[1]+0.000002*delta[2],0.010977+0.000022*delta[0]+0.000046*delta[1]-0.000000*delta[2],0.009529+0.000020*delta[0]+0.000046*delta[1]-0.000001*delta[2],0.008038+0.000019*delta[0]+0.000033*delta[1]+0.000008*delta[2],0.006800+0.000016*delta[0]+0.000027*delta[1]-0.000004*delta[2],0.005654+0.000010*delta[0]+0.000025*delta[1]+0.000001*delta[2]
0.004010+0.000006*delta[0]+0.000013*delta[1]+0.000000*delta[2],0.002779+0.000004*delta[0]+0.000008*delta[1]-0.000001*delta[2],0.002332+0.000004*delta[0]+0.000010*delta[1]-0.000001*delta[2],0.006356+0.000013*delta[0]+0.000024*delta[1]-0.000003*delta[2],0.004977+0.000010*delta[0]+0.000018*delta[1]+0.000004*delta[2],0.003953+0.000010*delta[0]+0.000017*delta[1]+0.000002*delta[2],0.003214+0.000007*delta[0]+0.000011*delta[1]-0.000001*delta[2],0.002735+0.000007*delta[0]+0.000010*delta[1]+0.000001*delta[2],0.002369+0.000006*delta[0]+0.000007*delta[1]+0.000001*delta[2],0.005869+0.000010*delta[0]+0.000021*delta[1]+0.000001*delta[2],0.003862+0.000006*delta[0]+0.000014*delta[1]+0.000001*delta[2],0.003190+0.000007*delta[0]+0.000011*delta[1]+0.000000*delta[2],0.002695+0.000006*delta[0]+0.000009*delta[1]-0.000000*delta[2],0.002300+0.000006*delta[0]+0.000009*delta[1]-0.000000*delta[2],0.003584+0.000006*delta[0]+0.000016*delta[1]-0.000000*delta[2],0.003065+0.000006*delta[0]+0.000012*delta[1]+0.000003*delta[2],0.002625+0.000006*delta[0]+0.000009*delta[1]+0.000001*delta[2],0.003245+0.000009*delta[0]+0.000015*delta[1]-0.000000*delta[2],0.002849+0.000005*delta[0]+0.000011*delta[1]-0.000002*delta[2],0.002507+0.000005*delta[0]+0.000010*delta[1]+0.000001*delta[2],0.002218+0.000005*delta[0]+0.000009*delta[1]-0.000002*delta[2],0.004699+0.000010*delta[0]+0.000019*delta[1]-0.000001*delta[2],0.003864+0.000007*delta[0]+0.000015*delta[1]-0.000001*delta[2],0.002653+0.000007*delta[0]+0.000008*delta[1]+0.000001*delta[2],0.006188+0.000015*delta[0]+0.000027*delta[1]+0.000002*delta[2],0.004423+0.000010*delta[0]+0.000017*delta[1]-0.000001*delta[2],0.003820+0.000009*delta[0]+0.000016*delta[1]+0.000002*delta[2],0.002159+0.000003*delta[0]+0.000009*delta[1]+0.000001*delta[2],0.003088+0.000009*delta[0]+0.000012*delta[1]+0.000000*delta[2],0.002718+0.000005*delta[0]+0.000011*delta[1]+0.000001*delta[2],0.002393+0.000005*delta[0]+0.000010*delta[1]-0.000001*delta[2],0.005928+0.000012*delta[0]+0.000022*delta[1]+0.000002*delta[2],0.004732+0.000009*delta[0]+0.000018*delta[1]-0.000001*delta[2],0.003841+0.000010*delta[0]+0.000011*delta[1]-0.000003*delta[2],0.003192+0.000006*delta[0]+0.000012*delta[1]+0.000000*delta[2],0.002692+0.000007*delta[0]+0.000010*delta[1]-0.000001*delta[2],0.003829+0.000009*delta[0]+0.000013*delta[1]+0.000002*delta[2],0.003347+0.000009*delta[0]+0.000014*delta[1]+0.000002*delta[2],0.002943+0.000009*delta[0]+0.000014*delta[1]+0.000001*delta[2],0.002579+0.000006*delta[0]+0.000011*delta[1]+0.000000*delta[2],0.002274+0.000003*delta[0]+0.000009*delta[1]-0.000000*delta[2],0.004896+0.000011*delta[0]+0.000017*delta[1]+0.000004*delta[2],0.003406+0.000007*delta[0]+0.000013*delta[1]-0.000000*delta[2],0.002901+0.000006*delta[0]+0.000012*delta[1]+0.000002*delta[2],0.002471+0.000007*delta[0]+0.000009*delta[1]-0.000000*delta[2],0.003971+0.000010*delta[0]+0.000015*delta[1]-0.000003*delta[2],0.003434+0.000007*delta[0]+0.000013*delta[1]+0.000002*delta[2],0.002995+0.000007*delta[0]+0.000010*delta[1]-0.000001*delta[2],0.002616+0.000007*delta[0]+0.000010*delta[1]-0.000001*delta[2],0.002277+0.000006*delta[0]+0.000009*delta[1]+0.000001*delta[2]
0.005692+0.000010*delta[0]+0.000023*delta[1]-0.000004*delta[2],0.003987+0.000009*delta[0]+0.000017*delta[1]-0.000001*delta[2],0.003355+0.000005*delta[0]+0.000012*delta[1]+0.000001*delta[2],0.013010+0.000031*delta[0]+0.000046*delta[1]-0.000005*delta[2],0.009668+0.000016*delta[0]+0.000046*delta[1]+0.000005*delta[2],0.007402+0.000014*delta[0]+0.000027*delta[1]-0.000004*delta[2],0.005834+0.000012*delta[0]+0.000020*delta[1]+0.000006*delta[2],0.004684+0.000010*delta[0]+0.000020*delta[1]-0.000001*delta[2],0.003846+0.000008*delta[0]+0.000014*delta[1]-0.000002*delta[2],0.008636+0.000025*delta[0]+0.000032*delta[1]-0.000006*delta[2],0.005821+0.000009*delta[0]+0.000021*delta[1]-0.000001*delta[2],0.004790+0.000009*delta[0]+0.000019*delta[1]+0.000002*delta[2],0.003994+0.000004*delta[0]+0.000014*delta[1]+0.000001*delta[2],0.003373+0.000002*delta[0]+0.000014*delta[1]-0.000003*delta[2],0.004848+0.000007*delta[0]+0.000014*delta[1]-0.000001*delta[2],0.004186+0.000007*delta[0]+0.000016*delta[1]+0.000004*delta[2],0.003611+0.000009*delta[0]+0.000012*delta[1]+0.000002*delta[2],0.004256+0.000006*delta[0]+0.000014*delta[1]-0.000001*delta[2],0.003784+0.000007*delta[0]+0.000014*delta[1]-0.000001*delta[2],0.003340+0.000005*delta[0]+0.000013*delta[1]-0.000002*delta[2],0.002957+0.000006*delta[0]+0.000011*delta[1]-0.000001*delta[2],0.010322+0.000026*delta[0]+0.000031*delta[1]+0.000006*delta[2],0.007518+0.000014*delta[0]+0.000023*delta[1]-0.000003*delta[2],0.004567+0.000006*delta[0]+0.000021*delta[1]-0.000003*delta[2],0.011492+0.000021*delta[0]+0.000034*delta[1]+0.000009*delta[2],0.006075+0.000007*delta[0]+0.000024*delta[1]-0.000002*delta[2],0.005386+0.000009*delta[0]+0.000021*delta[1]-0.000001*delta[2],0.003064+0.000007*delta[0]+0.000010*delta[1]-0.000001*delta[2],0.004158+0.000005*delta[0]+0.000015*delta[1]+0.000002*delta[2],0.003710+0.000005*delta[0]+0.000012*delta[1]-0.000001*delta[2],0.003262+0.000005*delta[0]+0.000014*delta[1]+0.000001*delta[2],0.013116+0.000021*delta[0]+0.000046*delta[1]+0.000004*delta[2],0.009271+0.000012*delta[0]+0.000038*delta[1]-0.000004*delta[2],0.006775+0.000016*delta[0]+0.000027*delta[1]+0.000002*delta[2],0.005189+0.000010*delta[0]+0.000018*delta[1]+0.000002*delta[2],0.004172+0.000007*delta[0]+0.000014*delta[1]-0.000001*delta[2],0.005724+0.000012*delta[0]+0.000019*delta[1]-0.000003*delta[2],0.005031+0.000010*delta[0]+0.000019*delta[1]+0.000003*delta[2],0.004392+0.000009*delta[0]+0.000018*delta[1]+0.000002*delta[2],0.003814+0.000005*delta[0]+0.000014*delta[1]-0.000000*delta[2],0.003306+0.000005*delta[0]+0.000014*delta[1]+0.000001*delta[2],0.010427+0.000026*delta[0]+0.000030*delta[1]+0.000004*delta[2],0.006175+0.000011*delta[0]+0.000024*delta[1]-0.000003*delta[2],0.004963+0.000008*delta[0]+0.000018*delta[1]+0.000001*delta[2],0.004006+0.000004*delta[0]+0.000015*delta[1]+0.000003*delta[2],0.006763+0.000012*delta[0]+0.000032*delta[1]-0.000002*delta[2],0.005776+0.000008*delta[0]+0.000023*delta[1]+0.000003*delta[2],0.004908+0.000004*delta[0]+0.000018*delta[1]-0.000002*delta[2],0.004201+0.000008*delta[0]+0.000015*delta[1]-0.000003*delta[2],0.003561+0.000008*delta[0]+0.000015*delta[1]+0.000002*delta[2]
0.005198+0.000009*delta[0]+0.000020*delta[1]-0.000002*delta[2],0.003565+0.000005*delta[0]+0.000016*delta[1]+0.000002*delta[2],0.002991+0.000004*delta[0]+0.000014*delta[1]-0.000002*delta[2],0.010289+0.000017*delta[0]+0.000044*delta[1]-0.000004*delta[2],0.007614+0.000017*delta[0]+0.000034*delta[1]+0.000001*delta[2],0.005861+0.000008*delta[0]+0.000024*delta[1]-0.000003*delta[2],0.004632+0.000005*delta[0]+0.000019*delta[1]-0.000000*delta[2],0.003781+0.000007*delta[0]+0.000015*delta[1]-0.000002*delta[2],0.003174+0.000005*delta[0]+0.000014*delta[1]+0.000000*delta[2],0.007922+0.000013*delta[0]+0.000036*delta[1]+0.000003*delta[2],0.005139+0.000010*delta[0]+0.000023*delta[1]+0.000004*delta[2],0.004209+0.000009*delta[0]+0.000017*delta[1]-0.000001*delta[2],0.003498+0.000007*delta[0]+0.000013*delta[1]+0.000001*delta[2],0.002960+0.000006*delta[0]+0.000013*delta[1]+0.000000*delta[2],0.004421+0.000011*delta[0]+0.000018*delta[1]-0.000000*delta[2],0.003788+0.000004*delta[0]+0.000017*delta[1]-0.000003*delta[2],0.003256+0.000006*delta[0]+0.000014*delta[1]-0.000001*delta[2],0.003893+0.000009*delta[0]+0.000016*delta[1]-0.000002*delta[2],0.003436+0.000007*delta[0]+0.000013*delta[1]-0.000003*delta[2],0.003021+0.000004*delta[0]+0.000013*delta[1]+0.000000*delta[2],0.002662+0.000005*delta[0]+0.000012*delta[1]+0.000000*delta[2],0.006853+0.000013*delta[0]+0.000029*delta[1]+0.000001*delta[2],0.005149+0.000008*delta[0]+0.000023*delta[1]+0.000000*delta[2],0.003431+0.000011*delta[0]+0.000013*delta[1]+0.000001*delta[2],0.009514+0.000017*delta[0]+0.000045*delta[1]-0.000003*delta[2],0.005476+0.000008*delta[0]+0.000026*delta[1]+0.000000*delta[2],0.004802+0.000009*delta[0]+0.000020*delta[1]+0.000000*delta[2],0.002692+0.000006*delta[0]+0.000011*delta[1]-0.000000*delta[2],0.003743+0.000008*delta[0]+0.000017*delta[1]+0.000001*delta[2],0.003305+0.000005*delta[0]+0.000013*delta[1]+0.000001*delta[2],0.002901+0.000008*delta[0]+0.000012*delta[1]-0.000001*delta[2],0.009270+0.000014*delta[0]+0.000038*delta[1]-0.000005*delta[2],0.006925+0.000006*delta[0]+0.000029*delta[1]+0.000001*delta[2],0.005330+0.000011*delta[0]+0.000018*delta[1]+0.000001*delta[2],0.004246+0.000009*delta[0]+0.000017*delta[1]+0.000001*delta[2],0.003489+0.000006*delta[0]+0.000014*delta[1]-0.000002*delta[2],0.004897+0.000009*delta[0]+0.000022*delta[1]-0.000003*delta[2],0.004281+0.000008*delta[0]+0.000018*delta[1]-0.000001*delta[2],0.003734+0.000008*delta[0]+0.000014*delta[1]-0.000002*delta[2],0.003258+0.000004*delta[0]+0.000014*delta[1]-0.000000*delta[2],0.002842+0.000006*delta[0]+0.000012*delta[1]+0.000001*delta[2],0.007549+0.000014*delta[0]+0.000030*delta[1]+0.000004*delta[2],0.004818+0.000008*delta[0]+0.000021*delta[1]-0.000003*delta[2],0.003974+0.000007*delta[0]+0.000019*delta[1]-0.000003*delta[2],0.003304+0.000006*delta[0]+0.000014*delta[1]-0.000000*delta[2],0.005427+0.000008*delta[0]+0.000025*delta[1]-0.000001*delta[2],0.004659+0.000009*delta[0]+0.000024*delta[1]-0.000004*delta[2],0.003992+0.000007*delta[0]+0.000016*delta[1]+0.000001*delta[2],0.003445+0.000007*delta[0]+0.000014*delta[1]-0.000003*delta[2],0.002969+0.000008*delta[0]+0.000014*delta[1]-0.000001*delta[2]
0.006755+0.000008*delta[0]+0.000027*delta[1]-0.000001*delta[2],0.004364+0.000012*delta[0]+0.000019*delta[1]-0.000000*delta[2],0.003566+0.000004*delta[0]+0.000016*delta[1]-0.000000*delta[2],0.013923+0.000029*delta[0]+0.000063*delta[1]+0.000008*delta[2],0.009995+0.000016*delta[0]+0.000046*delta[1]-0.000001*delta[2],0.007385+0.000015*delta[0]+0.000033*delta[1]+0.000010*delta[2],0.005637+0.000005*delta[0]+0.000024*delta[1]-0.000001*delta[2],0.004552+0.000006*delta[0]+0.000022*delta[1]-0.000001*delta[2],0.003756+0.000008*delta[0]+0.000016*delta[1]-0.000000*delta[2],0.010173+0.000012*delta[0]+0.000045*delta[1]+0.000009*delta[2],0.006308+0.000015*delta[0]+0.000029*delta[1]-0.000003*delta[2],0.005065+0.000011*delta[0]+0.000021*delta[1]+0.000001*delta[2],0.004162+0.000011*delta[0]+0.000019*delta[1]+0.000002*delta[2],0.003465+0.000008*delta[0]+0.000015*delta[1]-0.000001*delta[2],0.005183+0.000008*delta[0]+0.000020*delta[1]-0.000004*delta[2],0.004409+0.000006*delta[0]+0.000019*delta[1]-0.000002*delta[2],0.003759+0.000008*delta[0]+0.000014*delta[1]-0.000001*delta[2],0.004237+0.000010*delta[0]+0.000017*delta[1]-0.000001*delta[2],0.003756+0.000007*delta[0]+0.000016*delta[1]-0.000001*delta[2],0.003330+0.000007*delta[0]+0.000013*delta[1]+0.000001*delta[2],0.002942+0.000007*delta[0]+0.000012*delta[1]+0.000001*delta[2],0.009424+0.000027*delta[0]+0.000039*delta[1]-0.000000*delta[2],0.007116+0.000013*delta[0]+0.000031*delta[1]-0.000002*delta[2],0.004397+0.000007*delta[0]+0.000017*delta[1]+0.000000*delta[2],0.011539+0.000028*delta[0]+0.000048*delta[1]-0.000004*delta[2],0.005819+0.000011*delta[0]+0.000027*delta[1]+0.000001*delta[2],0.005148+0.000013*delta[0]+0.000019*delta[1]+0.000001*delta[2],0.002926+0.000005*delta[0]+0.000010*delta[1]-0.000002*delta[2],0.003901+0.000009*delta[0]+0.000015*delta[1]-0.000000*delta[2],0.003491+0.000005*delta[0]+0.000015*delta[1]+0.000000*delta[2],0.003088+0.000006*delta[0]+0.000013*delta[1]-0.000002*delta[2],0.010615+0.000020*delta[0]+0.000044*delta[1]+0.000000*delta[2],0.008161+0.000012*delta[0]+0.000037*delta[1]+0.000001*delta[2],0.006406+0.000015*delta[0]+0.000026*delta[1]+0.000004*delta[2],0.005140+0.000011*delta[0]+0.000022*delta[1]-0.000005*delta[2],0.004206+0.000009*delta[0]+0.000017*delta[1]+0.000000*delta[2],0.004812+0.000008*delta[0]+0.000021*delta[1]-0.000005*delta[2],0.004290+0.000008*delta[0]+0.000016*delta[1]-0.000001*delta[2],0.003828+0.000006*delta[0]+0.000014*delta[1]-0.000003*delta[2],0.003361+0.000007*delta[0]+0.000013*delta[1]-0.000002*delta[2],0.002982+0.000005*delta[0]+0.000014*delta[1]+0.000000*delta[2],0.007485+0.000014*delta[0]+0.000032*delta[1]-0.000003*delta[2],0.005101+0.000012*delta[0]+0.000022*delta[1]+0.000001*delta[2],0.004277+0.000008*delta[0]+0.000017*delta[1]-0.000002*delta[2],0.003583+0.000007*delta[0]+0.000015*delta[1]-0.000004*delta[2],0.005057+0.000010*delta[0]+0.000026*delta[1]-0.000002*delta[2],0.004471+0.000009*delta[0]+0.000020*delta[1]-0.000003*delta[2],0.003929+0.000008*delta[0]+0.000015*delta[1]-0.000002*delta[2],0.003450+0.000008*delta[0]+0.000017*delta[1]+0.000000*delta[2],0.003013+0.000005*delta[0]+0.000014*delta[1]-0.000003*delta[2]
0.005765+0.000013*delta[0]+0.000020*delta[1]+0.000001*delta[2],0.003856+0.000011*delta[0]+0.000016*delta[1]-0.000000*delta[2],0.003189+0.000007*delta[0]+0.000012*delta[1]-0.000000*delta[2],0.011125+0.000019*delta[0]+0.000043*delta[1]+0.000003*delta[2],0.008287+0.000020*delta[0]+0.000030*delta[1]+0.000001*delta[2],0.006330+0.000014*delta[0]+0.000021*delta[1]+0.000001*delta[2],0.004939+0.000009*delta[0]+0.000019*delta[1]+0.000001*delta[2],0.004054+0.000009*delta[0]+0.000014*delta[1]+0.000000*delta[2],0.003382+0.000008*delta[0]+0.000012*delta[1]+0.000001*delta[2],0.008323+0.000020*delta[0]+0.000033*delta[1]+0.000006*delta[2],0.005371+0.000008*delta[0]+0.000020*delta[1]+0.000004*delta[2],0.004413+0.000010*delta[0]+0.000017*delta[1]-0.000003*delta[2],0.003658+0.000009*delta[0]+0.000012*delta[1]+0.000003*delta[2],0.003074+0.000006*delta[0]+0.000012*delta[1]+0.000000*delta[2],0.004491+0.000011*delta[0]+0.000018*delta[1]-0.000001*delta[2],0.003845+0.000008*delta[0]+0.000016*delta[1]+0.000001*delta[2],0.003317+0.000009*delta[0]+0.000014*delta[1]+0.000000*delta[2],0.003695+0.000010*delta[0]+0.000013*delta[1]+0.000004*delta[2],0.003317+0.000005*delta[0]+0.000013*delta[1]-0.000001*delta[2],0.002939+0.000006*delta[0]+0.000011*delta[1]+0.000001*delta[2],0.002617+0.000005*delta[0]+0.000009*delta[1]+0.000002*delta[2],0.007898+0.000020*delta[0]+0.000030*delta[1]-0.000003*delta[2],0.006103+0.000017*delta[0]+0.000023*delta[1]+0.000000*delta[2],0.003926+0.000009*delta[0]+0.000015*delta[1]-0.000001*delta[2],0.009260+0.000018*delta[0]+0.000033*delta[1]-0.000002*delta[2],0.004981+0.000008*delta[0]+0.000018*delta[1]+0.000002*delta[2],0.004420+0.000009*delta[0]+0.000017*delta[1]-0.000001*delta[2],0.002605+0.000008*delta[0]+0.000007*delta[1]+0.000002*delta[2],0.003429+0.000006*delta[0]+0.000015*delta[1]+0.000002*delta[2],0.003085+0.000006*delta[0]+0.000011*delta[1]-0.000002*delta[2],0.002726+0.000004*delta[0]+0.000011*delta[1]+0.000000*delta[2],0.008568+0.000019*delta[0]+0.000031*delta[1]+0.000007*delta[2],0.006794+0.000015*delta[0]+0.000025*delta[1]-0.000003*delta[2],0.005445+0.000009*delta[0]+0.000019*delta[1]+0.000000*delta[2],0.004456+0.000012*delta[0]+0.000014*delta[1]+0.000002*delta[2],0.003704+0.000006*delta[0]+0.000011*delta[1]+0.000000*delta[2],0.004152+0.000008*delta[0]+0.000015*delta[1]+0.000004*delta[2],0.003711+0.000004*delta[0]+0.000013*delta[1]+0.000000*delta[2],0.003343+0.000005*delta[0]+0.000015*delta[1]+0.000001*delta[2],0.002956+0.000005*delta[0]+0.000010*delta[1]+0.000002*delta[2],0.002641+0.000008*delta[0]+0.000009*delta[1]+0.000000*delta[2],0.006209+0.000014*delta[0]+0.000022*delta[1]+0.000002*delta[2],0.004374+0.000010*delta[0]+0.000011*delta[1]+0.000002*delta[2],0.003719+0.000008*delta[0]+0.000015*delta[1]+0.000002*delta[2],0.003169+0.000009*delta[0]+0.000012*delta[1]+0.000000*delta[2],0.004343+0.000008*delta[0]+0.000017*delta[1]+0.000003*delta[2],0.003876+0.000009*delta[0]+0.000018*delta[1]+0.000003*delta[2],0.003414+0.000007*delta[0]+0.000011*delta[1]-0.000003*delta[2],0.003024+0.000003*delta[0]+0.000010*delta[1]+0.000002*delta[2],0.002658+0.000007*delta[0]+0.000010*delta[1]+0.000001*delta[2]
0.006205+0.000011*delta[0]+0.000020*delta[1]-0.000001*delta[2],0.004184+0.000011*delta[0]+0.000016*delta[1]+0.000003*delta[2],0.003479+0.000010*delta[0]+0.000014*delta[1]-0.000002*delta[2],0.011826+0.000025*delta[0]+0.000042*delta[1]-0.000009*delta[2],0.009072+0.000014*delta[0]+0.000042*delta[1]-0.000000*delta[2],0.007078+0.000018*delta[0]+0.000032*delta[1]-0.000002*delta[2],0.005587+0.000013*delta[0]+0.000020*delta[1]+0.000002*delta[2],0.004541+0.000012*delta[0]+0.000013*delta[1]+0.000001*delta[2],0.003799+0.000006*delta[0]+0.000016*delta[1]+0.000001*delta[2],0.008311+0.000023*delta[0]+0.000032*delta[1]+0.000001*delta[2],0.005617+0.000007*delta[0]+0.000018*delta[1]+0.000002*delta[2],0.004641+0.000009*delta[0]+0.000016*delta[1]-0.000001*delta[2],0.003880+0.000009*delta[0]+0.000015*delta[1]-0.000002*delta[2],0.003287+0.000005*delta[0]+0.000015*delta[1]+0.000002*delta[2],0.004439+0.000006*delta[0]+0.000018*delta[1]-0.000000*delta[2],0.003862+0.000008*delta[0]+0.000017*delta[1]-0.000002*delta[2],0.003359+0.000006*delta[0]+0.000013*delta[1]+0.000001*delta[2],0.003503+0.000007*delta[0]+0.000013*delta[1]-0.000003*delta[2],0.003185+0.000007*delta[0]+0.000013*delta[1]-0.000002*delta[2],0.002884+0.000007*delta[0]+0.000012*delta[1]+0.000000*delta[2],0.002596+0.000005*delta[0]+0.000009*delta[1]-0.000002*delta[2],0.008857+0.000016*delta[0]+0.000034*delta[1]-0.000000*delta[2],0.006891+0.000022*delta[0]+0.000027*delta[1]-0.000001*delta[2],0.004453+0.000007*delta[0]+0.000018*delta[1]+0.000002*delta[2],0.009298+0.000025*delta[0]+0.000030*delta[1]-0.000007*delta[2],0.004559+0.000009*delta[0]+0.000016*delta[1]-0.000000*delta[2],0.004164+0.000011*delta[0]+0.000014*delta[1]+0.000001*delta[2],0.002613+0.000006*delta[0]+0.000010*delta[1]-0.000001*delta[2],0.003216+0.000007*delta[0]+0.000010*delta[1]-0.000003*delta[2],0.002929+0.000005*delta[0]+0.000011*delta[1]+0.000000*delta[2],0.002648+0.000007*delta[0]+0.000011*delta[1]+0.000002*delta[2],0.008577+0.000023*delta[0]+0.000029*delta[1]-0.000004*delta[2],0.006960+0.000013*delta[0]+0.000023*delta[1]+0.000007*delta[2],0.005725+0.000014*delta[0]+0.000021*delta[1]+0.000001*delta[2],0.004709+0.000011*delta[0]+0.000020*delta[1]+0.000002*delta[2],0.003938+0.000014*delta[0]+0.000015*delta[1]-0.000001*delta[2],0.003779+0.000004*delta[0]+0.000017*delta[1]+0.000000*delta[2],0.003463+0.000008*delta[0]+0.000016*delta[1]+0.000001*delta[2],0.003162+0.000009*delta[0]+0.000011*delta[1]+0.000001*delta[2],0.002846+0.000007*delta[0]+0.000009*delta[1]-0.000001*delta[2],0.002579+0.000006*delta[0]+0.000010*delta[1]+0.000001*delta[2],0.005949+0.000013*delta[0]+0.000028*delta[1]-0.000001*delta[2],0.004371+0.000012*delta[0]+0.000019*delta[1]-0.000005*delta[2],0.003780+0.000008*delta[0]+0.000012*delta[1]-0.000002*delta[2],0.003252+0.000005*delta[0]+0.000012*delta[1]+0.000001*delta[2],0.003955+0.000004*delta[0]+0.000014*delta[1]-0.000001*delta[2],0.003586+0.000008*delta[0]+0.000012*delta[1]-0.000001*delta[2],0.003241+0.000008*delta[0]+0.000014*delta[1]+0.000002*delta[2],0.002919+0.000007*delta[0]+0.000011*delta[1]+0.000001*delta[2],0.002598+0.000007*delta[0]+0.000010*delta[1]+0.000000*delta[2]
0.011271+0.000018*delta[0]+0.000038*delta[1]-0.000001*delta[2],0.019082+0.000032*delta[0]+0.000074*delta[1]-0.000003*delta[2],0.024286+0.000046*delta[0]+0.000107*delta[1]-0.000015*delta[2],0.006819+0.000019*delta[0]+0.000023*delta[1]+0.000003*delta[2],0.008789+0.000014*delta[0]+0.000035*delta[1]-0.000003*delta[2],0.011483+0.000026*delta[0]+0.000050*delta[1]+0.000006*delta[2],0.015332+0.000031*delta[0]+0.000050*delta[1]+0.000007*delta[2],0.020935+0.000030*delta[0]+0.000070*delta[1]-0.000010*delta[2],0.027742+0.000049*delta[0]+0.000109*delta[1]+0.000004*delta[2],0.007538+0.000012*delta[0]+0.000039*delta[1]-0.000007*delta[2],0.013573+0.000025*delta[0]+0.000059*delta[1]+0.000003*delta[2],0.019051+0.000030*delta[0]+0.000085*delta[1]+0.000001*delta[2],0.027444+0.000051*delta[0]+0.000104*delta[1]+0.000006*delta[2],0.039339+0.000076*delta[0]+0.000158*delta[1]-0.000035*delta[2],0.012132+0.000024*delta[0]+0.000044*delta[1]+0.000007*delta[2],0.016745+0.000042*delta[0]+0.000062*delta[1]+0.000005*delta[2],0.023707+0.000058*delta[0]+0.000091*delta[1]+0.000000*delta[2],0.009487+0.000019*delta[0]+0.000039*delta[1]-0.000002*delta[2],0.012536+0.000014*delta[0]+0.000050*delta[1]-0.000003*delta[2],0.016645+0.000031*delta[0]+0.000070*delta[1]-0.000023*delta[2],0.022186+0.000047*delta[0]+0.000092*delta[1]+0.000009*delta[2],0.008375+0.000019*delta[0]+0.000039*delta[1]-0.000001*delta[2],0.010820+0.000019*delta[0]+0.000048*delta[1]+0.000007*delta[2],0.018597+0.000022*delta[0]+0.000077*delta[1]-0.000003*delta[2],0.007225+0.000020*delta[0]+0.000032*delta[1]-0.000001*delta[2],0.006718+0.000013*delta[0]+0.000026*delta[1]+0.000008*delta[2],0.009390+0.000020*delta[0]+0.000041*delta[1]+0.000004*delta[2],0.042785+0.000107*delta[0]+0.000190*delta[1]+0.000034*delta[2],0.009192+0.000015*delta[0]+0.000040*delta[1]+0.000005*delta[2],0.012005+0.000023*delta[0]+0.000046*delta[1]-0.000003*delta[2],0.015740+0.000043*delta[0]+0.000068*delta[1]+0.000000*delta[2],0.007695+0.000019*delta[0]+0.000034*delta[1]-0.000000*delta[2],0.010152+0.000008*delta[0]+0.000038*delta[1]-0.000002*delta[2],0.013726+0.000034*delta[0]+0.000059*delta[1]+0.000011*delta[2],0.019324+0.000029*delta[0]+0.000076*delta[1]+0.000025*delta[2],0.027872+0.000048*delta[0]+0.000123*delta[1]+0.000019*delta[2],0.007571+0.000016*delta[0]+0.000034*delta[1]+0.000002*delta[2],0.009989+0.000021*delta[0]+0.000031*delta[1]+0.000004*delta[2],0.013690+0.000030*delta[0]+0.000063*delta[1]+0.000003*delta[2],0.019483+0.000051*delta[0]+0.000062*delta[1]-0.000008*delta[2],0.028589+0.000062*delta[0]+0.000121*delta[1]+0.000012*delta[2],0.009167+0.000022*delta[0]+0.000041*delta[1]-0.000002*delta[2],0.019114+0.000044*delta[0]+0.000070*delta[1]-0.000002*delta[2],0.030540+0.000060*delta[0]+0.000114*delta[1]+0.000009*delta[2],0.052685+0.000142*delta[0]+0.000196*delta[1]+0.000005*delta[2],0.008027+0.000020*delta[0]+0.000030*delta[1]+0.000000*delta[2],0.010895+0.000025*delta[0]+0.000047*delta[1]+0.000006*delta[2],0.015261+0.000018*delta[0]+0.000061*delta[1]-0.000008*delta[2],0.022742+0.000040*delta[0]+0.000079*delta[1]+0.000008*delta[2],0.036063+0.000074*delta[0]+0.000125*delta[1]+0.000003*delta[2]
0.011854+0.000013*delta[0]+0.000042*delta[1]-0.000006*delta[2],0.021123+0.000043*delta[0]+0.000094*delta[1]+0.000009*delta[2],0.027739+0.000055*delta[0]+0.000102*delta[1]+0.000026*delta[2],0.006934+0.000013*delta[0]+0.000025*delta[1]-0.000001*delta[2],0.009061+0.000019*delta[0]+0.000037*delta[1]+0.000001*delta[2],0.012036+0.000028*delta[0]+0.000054*delta[1]+0.000002*delta[2],0.016518+0.000037*delta[0]+0.000062*delta[1]-0.000003*delta[2],0.023413+0.000046*delta[0]+0.000092*delta[1]-0.000014*delta[2],0.032633+0.000045*delta[0]+0.000146*delta[1]+0.000027*delta[2],0.007603+0.000014*delta[0]+0.000025*delta[1]-0.000000*delta[2],0.013997+0.000032*delta[0]+0.000053*delta[1]-0.000000*delta[2],0.020062+0.000046*delta[0]+0.000074*delta[1]+0.000000*delta[2],0.029966+0.000054*delta[0]+0.000095*delta[1]+0.000006*delta[2],0.045277+0.000105*delta[0]+0.000183*delta[1]+0.000000*delta[2],0.012103+0.000031*delta[0]+0.000044*delta[1]-0.000013*delta[2],0.016721+0.000034*delta[0]+0.000069*delta[1]-0.000007*delta[2],0.023988+0.000059*delta[0]+0.000091*delta[1]-0.000015*delta[2],0.009164+0.000018*delta[0]+0.000031*delta[1]+0.000005*delta[2],0.011975+0.000017*delta[0]+0.000045*delta[1]-0.000001*delta[2],0.015873+0.000036*delta[0]+0.000072*delta[1]+0.000004*delta[2],0.020814+0.000049*delta[0]+0.000072*delta[1]-0.000018*delta[2],0.008688+0.000016*delta[0]+0.000035*delta[1]-0.000003*delta[2],0.011399+0.000034*delta[0]+0.000047*delta[1]-0.000007*delta[2],0.020739+0.000053*delta[0]+0.000078*delta[1]-0.000001*delta[2],0.007131+0.000015*delta[0]+0.000030*delta[1]+0.000004*delta[2],0.006681+0.000011*delta[0]+0.000029*delta[1]-0.000004*delta[2],0.009176+0.000014*delta[0]+0.000039*delta[1]-0.000007*delta[2],0.039008+0.000107*delta[0]+0.000143*delta[1]+0.000048*delta[2],0.008799+0.000018*delta[0]+0.000035*delta[1]+0.000001*delta[2],0.011347+0.000027*delta[0]+0.000049*delta[1]+0.000004*delta[2],0.014630+0.000035*delta[0]+0.000044*delta[1]-0.000013*delta[2],0.007782+0.000014*delta[0]+0.000033*delta[1]-0.000001*delta[2],0.010354+0.000020*delta[0]+0.000043*delta[1]-0.000002*delta[2],0.014204+0.000029*delta[0]+0.000060*delta[1]+0.000001*delta[2],0.020407+0.000042*delta[0]+0.000088*delta[1]-0.000003*delta[2],0.030643+0.000090*delta[0]+0.000119*delta[1]-0.000017*delta[2],0.007347+0.000010*delta[0]+0.000031*delta[1]-0.000000*delta[2],0.009549+0.000010*delta[0]+0.000033*delta[1]+0.000004*delta[2],0.012927+0.000021*delta[0]+0.000054*delta[1]-0.000002*delta[2],0.017895+0.000040*delta[0]+0.000074*delta[1]-0.000010*delta[2],0.025310+0.000044*delta[0]+0.000117*delta[1]+0.000010*delta[2],0.009014+0.000014*delta[0]+0.000029*delta[1]-0.000004*delta[2],0.018829+0.000040*delta[0]+0.000081*delta[1]+0.000003*delta[2],0.030564+0.000067*delta[0]+0.000125*delta[1]-0.000004*delta[2],0.053974+0.000111*delta[0]+0.000211*delta[1]+0.000040*delta[2],0.007860+0.000012*delta[0]+0.000034*delta[1]+0.000001*delta[2],0.010498+0.000020*delta[0]+0.000034*delta[1]+0.000006*delta[2],0.014464+0.000027*delta[0]+0.000058*delta[1]-0.000006*delta[2],0.020843+0.000054*delta[0]+0.000080*delta[1]+0.000002*delta[2],0.031140+0.000071*delta[0]+0.000126*delta[1]+0.000018*delta[2]
0.016301+0.000026*delta[0]+0.000064*delta[1]+0.000002*delta[2],0.027454+0.000047*delta[0]+0.000140*delta[1]+0.000002*delta[2],0.032760+0.000077*delta[0]+0.000118*delta[1]-0.000015*delta[2],0.009049+0.000019*delta[0]+0.000039*delta[1]+0.000003*delta[2],0.011891+0.000025*delta[0]+0.000060*delta[1]+0.000004*delta[2],0.015806+0.000026*delta[0]+0.000066*delta[1]+0.000000*delta[2],0.021293+0.000020*delta[0]+0.000091*delta[1]-0.000022*delta[2],0.028317+0.000050*delta[0]+0.000104*delta[1]-0.000004*delta[2],0.034400+0.000070*delta[0]+0.000165*delta[1]-0.000018*delta[2],0.010708+0.000019*delta[0]+0.000041*delta[1]+0.000006*delta[2],0.021352+0.000067*delta[0]+0.000066*delta[1]-0.000001*delta[2],0.031542+0.000077*delta[0]+0.000135*delta[1]+0.000012*delta[2],0.046567+0.000092*delta[0]+0.000185*delta[1]+0.000011*delta[2],0.062848+0.000150*delta[0]+0.000213*delta[1]-0.000046*delta[2],0.019358+0.000032*delta[0]+0.000074*delta[1]-0.000002*delta[2],0.028702+0.000064*delta[0]+0.000107*delta[1]-0.000025*delta[2],0.043774+0.000109*delta[0]+0.000191*delta[1]-0.000002*delta[2],0.014081+0.000023*delta[0]+0.000054*delta[1]-0.000006*delta[2],0.019536+0.000047*delta[0]+0.000069*delta[1]-0.000004*delta[2],0.027183+0.000064*delta[0]+0.000097*delta[1]-0.000033*delta[2],0.036490+0.000087*delta[0]+0.000128*delta[1]-0.000021*delta[2],0.010763+0.000020*delta[0]+0.000040*delta[1]-0.000003*delta[2],0.013884+0.000033*delta[0]+0.000049*delta[1]-0.000000*delta[2],0.022281+0.000050*delta[0]+0.000072*delta[1]+0.000003*delta[2],0.010320+0.000023*delta[0]+0.000041*delta[1]-0.000002*delta[2],0.009577+0.000018*delta[0]+0.000034*delta[1]-0.000005*delta[2],0.014187+0.000020*delta[0]+0.000068*delta[1]+0.000005*delta[2],0.091963+0.000143*delta[0]+0.000323*delta[1]+0.000008*delta[2],0.013440+0.000015*delta[0]+0.000058*delta[1]+0.000000*delta[2],0.018221+0.000057*delta[0]+0.000069*delta[1]+0.000006*delta[2],0.024527+0.000056*delta[0]+0.000096*delta[1]+0.000012*delta[2],0.010237+0.000015*delta[0]+0.000039*delta[1]+0.000004*delta[2],0.013664+0.000025*delta[0]+0.000049*delta[1]+0.000002*delta[2],0.018577+0.000035*delta[0]+0.000059*delta[1]+0.000005*delta[2],0.025908+0.000051*delta[0]+0.000085*delta[1]-0.000022*delta[2],0.035030+0.000080*delta[0]+0.000112*delta[1]-0.000023*delta[2],0.010762+0.000024*delta[0]+0.000045*delta[1]+0.000001*delta[2],0.014935+0.000034*delta[0]+0.000050*delta[1]-0.000008*delta[2],0.021828+0.000060*delta[0]+0.000105*delta[1]-0.000002*delta[2],0.033096+0.000070*delta[0]+0.000114*delta[1]+0.000000*delta[2],0.050901+0.000095*delta[0]+0.000239*delta[1]+0.000023*delta[2],0.013272+0.000028*delta[0]+0.000056*delta[1]-0.000005*delta[2],0.029746+0.000078*delta[0]+0.000124*delta[1]+0.000015*delta[2],0.047357+0.000062*delta[0]+0.000205*delta[1]+0.000033*delta[2],0.073756+0.000172*delta[0]+0.000330*delta[1]-0.000033*delta[2],0.011566+0.000026*delta[0]+0.000042*delta[1]-0.000001*delta[2],0.016452+0.000031*delta[0]+0.000065*delta[1]-0.000005*delta[2],0.024428+0.000045*delta[0]+0.000094*delta[1]+0.000006*delta[2],0.038697+0.000060*delta[0]+0.000155*delta[1]-0.000004*delta[2],0.062955+0.000182*delta[0]+0.000266*delta[1]+0.000023*delta[2]
0.018037+0.000046*delta[0]+0.000084*delta[1]+0.000010*delta[2],0.033766+0.000083*delta[0]+0.000117*delta[1]-0.000005*delta[2],0.042703+0.000102*delta[0]+0.000212*delta[1]+0.000032*delta[2],0.009771+0.000018*delta[0]+0.000037*delta[1]+0.000005*delta[2],0.013407+0.000031*delta[0]+0.000049*delta[1]-0.000001*delta[2],0.018862+0.000045*delta[0]+0.000086*delta[1]-0.000001*delta[2],0.027690+0.000047*delta[0]+0.000136*delta[1]-0.000014*delta[2],0.041328+0.000079*delta[0]+0.000182*delta[1]+0.000028*delta[2],0.056695+0.000106*delta[0]+0.000251*delta[1]+0.000006*delta[2],0.010880+0.000026*delta[0]+0.000048*delta[1]+0.000001*delta[2],0.022930+0.000033*delta[0]+0.000112*delta[1]+0.000013*delta[2],0.035633+0.000072*delta[0]+0.000144*delta[1]+0.000009*delta[2],0.057233+0.000131*delta[0]+0.000247*delta[1]+0.000011*delta[2],0.085142+0.000213*delta[0]+0.000357*delta[1]+0.000062*delta[2],0.017928+0.000039*delta[0]+0.000085*delta[1]+0.000014*delta[2],0.025658+0.000046*delta[0]+0.000107*delta[1]-0.000005*delta[2],0.037204+0.000052*delta[0]+0.000163*delta[1]-0.000003*delta[2],0.012045+0.000009*delta[0]+0.000042*delta[1]+0.000006*delta[2],0.015821+0.000038*delta[0]+0.000063*delta[1]+0.000004*delta[2],0.020473+0.000031*delta[0]+0.000093*delta[1]+0.000009*delta[2],0.025672+0.000076*delta[0]+0.000119*delta[1]+0.000000*delta[2],0.012566+0.000032*delta[0]+0.000048*delta[1]+0.000003*delta[2],0.017130+0.000030*delta[0]+0.000072*delta[1]+0.000013*delta[2],0.032690+0.000052*delta[0]+0.000132*delta[1]+0.000004*delta[2],0.010149+0.000013*delta[0]+0.000036*delta[1]-0.000004*delta[2],0.009208+0.000021*delta[0]+0.000040*delta[1]+0.000014*delta[2],0.012946+0.000028*delta[0]+0.000062*delta[1]+0.000001*delta[2],0.052297+0.000152*delta[0]+0.000220*delta[1]-0.000007*delta[2],0.011255+0.000010*delta[0]+0.000058*delta[1]+0.000004*delta[2],0.014413+0.000027*delta[0]+0.000060*delta[1]+0.000002*delta[2],0.018018+0.000050*delta[0]+0.000076*delta[1],0.011054+0.000023*delta[0]+0.000045*delta[1]+0.000008*delta[2],0.015521+0.000036*delta[0]+0.000070*delta[1]+0.000007*delta[2],0.022587+0.000055*delta[0]+0.000084*delta[1]-0.000002*delta[2],0.034668+0.000068*delta[0]+0.000156*delta[1]+0.000017*delta[2],0.054387+0.000104*delta[0]+0.000255*delta[1]+0.000025*delta[2],0.009728+0.000020*delta[0]+0.000040*delta[1]+0.000004*delta[2],0.012840+0.000033*delta[0]+0.000057*delta[1]-0.000010*delta[2],0.017455+0.000044*delta[0]+0.000072*delta[1]+0.000006*delta[2],0.023898+0.000026*delta[0]+0.000100*delta[1]+0.000020*delta[2],0.031921+0.000080*delta[0]+0.000122*delta[1]-0.000003*delta[2],0.013418+0.000031*delta[0]+0.000059*delta[1]-0.000008*delta[2],0.032638+0.000072*delta[0]+0.000146*delta[1]+0.000006*delta[2],0.058237+0.000120*delta[0]+0.000248*delta[1]+0.000021*delta[2],0.109857+0.000187*delta[0]+0.000425*delta[1]+0.000098*delta[2],0.010671+0.000025*delta[0]+0.000044*delta[1]+0.000003*delta[2],0.014525+0.000041*delta[0]+0.000068*delta[1]-0.000008*delta[2],0.020163+0.000040*delta[0]+0.000092*delta[1]+0.000001*delta[2],0.028888+0.000076*delta[0]+0.000140*delta[1]-0.000013*delta[2],0.040375+0.000130*delta[0]+0.000176*delta[1]+0.000020*delta[2]
0.018685+0.000033*delta[0]+0.000076*delta[1]+0.000009*delta[2],0.029230+0.000050*delta[0]+0.000116*delta[1]+0.000008*delta[2],0.032270+0.000083*delta[0]+0.000134*delta[1]-0.000002*delta[2],0.010683+0.000018*delta[0]+0.000045*delta[1]+0.000002*delta[2],0.014172+0.000037*delta[0]+0.000058*delta[1]+0.000003*delta[2],0.018937+0.000054*delta[0]+0.000072*delta[1]+0.000002*delta[2],0.025275+0.000057*delta[0]+0.000085*delta[1]+0.000008*delta[2],0.032478+0.000082*delta[0]+0.000132*delta[1]+0.000002*delta[2],0.036699+0.000058*delta[0]+0.000151*delta[1]+0.000043*delta[2],0.012815+0.000037*delta[0]+0.000052*delta[1]+0.000002*delta[2],0.025996+0.000066*delta[0]+0.000104*delta[1]+0.000007*delta[2],0.037775+0.000091*delta[0]+0.000163*delta[1]-0.000001*delta[2],0.052411+0.000096*delta[0]+0.000197*delta[1]+0.000003*delta[2],0.061648+0.000161*delta[0]+0.000235*delta[1]+0.000024*delta[2],0.023193+0.000052*delta[0]+0.000080*delta[1]+0.000007*delta[2],0.033884+0.000067*delta[0]+0.000152*delta[1]-0.000004*delta[2],0.048558+0.000098*delta[0]+0.000187*delta[1]-0.000025*delta[2],0.016429+0.000044*delta[0]+0.000056*delta[1]+0.000006*delta[2],0.022480+0.000057*delta[0]+0.000091*delta[1]-0.000024*delta[2],0.030075+0.000061*delta[0]+0.000101*delta[1]-0.000003*delta[2],0.037655+0.000104*delta[0]+0.000145*delta[1]+0.000007*delta[2],0.012675+0.000028*delta[0]+0.000046*delta[1]+0.000002*delta[2],0.016383+0.000033*delta[0]+0.000075*delta[1]+0.000011*delta[2],0.025281+0.000050*delta[0]+0.000068*delta[1]+0.000027*delta[2],0.012533+0.000035*delta[0]+0.000041*delta[1]+0.000003*delta[2],0.011736+0.000017*delta[0]+0.000050*delta[1]+0.000010*delta[2],0.017580+0.000037*delta[0]+0.000078*delta[1]+0.000002*delta[2],0.093510+0.000185*delta[0]+0.000338*delta[1]+0.000031*delta[2],0.015629+0.000024*delta[0]+0.000065*delta[1]-0.000007*delta[2],0.021029+0.000040*delta[0]+0.000071*delta[1]-0.000008*delta[2],0.027401+0.000046*delta[0]+0.000107*delta[1]-0.000011*delta[2],0.012425+0.000027*delta[0]+0.000044*delta[1]+0.000001*delta[2],0.016950+0.000043*delta[0]+0.000065*delta[1]-0.000007*delta[2],0.023416+0.000051*delta[0]+0.000076*delta[1]+0.000006*delta[2],0.032660+0.000052*delta[0]+0.000137*delta[1]+0.000017*delta[2],0.042610+0.000097*delta[0]+0.000161*delta[1]-0.000005*delta[2],0.013055+0.000028*delta[0]+0.000048*delta[1]+0.000004*delta[2],0.018477+0.000026*delta[0]+0.000093*delta[1]+0.000000*delta[2],0.027475+0.000042*delta[0]+0.000085*delta[1]+0.000003*delta[2],0.041616+0.000093*delta[0]+0.000178*delta[1]-0.000017*delta[2],0.060919+0.000147*delta[0]+0.000213*delta[1]+0.000031*delta[2],0.016994+0.000024*delta[0]+0.000063*delta[1]-0.000013*delta[2],0.042038+0.000066*delta[0]+0.000168*delta[1]-0.000006*delta[2],0.069819+0.000165*delta[0]+0.000246*delta[1]+0.000024*delta[2],0.103125+0.000176*delta[0]+0.000320*delta[1]+0.000074*delta[2],0.014338+0.000024*delta[0]+0.000052*delta[1]+0.000001*delta[2],0.021101+0.000055*delta[0]+0.000077*delta[1]-0.000007*delta[2],0.032697+0.000076*delta[0]+0.000109*delta[1]+0.000020*delta[2],0.053731+0.000143*delta[0]+0.000214*delta[1]-0.000015*delta[2],0.085236+0.000097*delta[0]+0.000286*delta[1]+0.000017*delta[2]
0.021057+0.000041*delta[0]+0.000068*delta[1]+0.000009*delta[2],0.036307+0.000089*delta[0]+0.000135*delta[1]-0.000025*delta[2],0.041538+0.000077*delta[0]+0.000189*delta[1]+0.000014*delta[2],0.011810+0.000032*delta[0]+0.000044*delta[1]+0.000003*delta[2],0.016502+0.000037*delta[0]+0.000067*delta[1]-0.000001*delta[2],0.023653+0.000030*delta[0]+0.000103*delta[1]+0.000018*delta[2],0.034896+0.000072*delta[0]+0.000149*delta[1]+0.000001*delta[2],0.050530+0.000072*delta[0]+0.000206*delta[1]-0.000010*delta[2],0.062153+0.000125*delta[0]+0.000306*delta[1]+0.000004*delta[2],0.013193+0.000027*delta[0]+0.000054*delta[1]+0.000002*delta[2],0.028599+0.000032*delta[0]+0.000119*delta[1]+0.000004*delta[2],0.044088+0.000123*delta[0]+0.000161*delta[1]-0.000019*delta[2],0.065734+0.000123*delta[0]+0.000273*delta[1]+0.000022*delta[2],0.082028+0.000110*delta[0]+0.000330*delta[1]-0.000005*delta[2],0.020988+0.000038*delta[0]+0.000078*delta[1]-0.000011*delta[2],0.029493+0.000064*delta[0]+0.000109*delta[1]+0.000022*delta[2],0.040326+0.000091*delta[0]+0.000176*delta[1]-0.000020*delta[2],0.013597+0.000030*delta[0]+0.000046*delta[1]+0.000017*delta[2],0.017575+0.000025*delta[0]+0.000075*delta[1]+0.000004*delta[2],0.022046+0.000037*delta[0]+0.000115*delta[1]+0.000007*delta[2],0.026135+0.000066*delta[0]+0.000126*delta[1]+0.000003*delta[2],0.015256+0.000028*delta[0]+0.000050*delta[1]+0.000008*delta[2],0.021109+0.000037*delta[0]+0.000104*delta[1]-0.000005*delta[2],0.039205+0.000080*delta[0]+0.000168*delta[1]-0.000017*delta[2],0.012581+0.000026*delta[0]+0.000057*delta[1]-0.000001*delta[2],0.010868+0.000018*delta[0]+0.000049*delta[1]+0.000007*delta[2],0.015396+0.000040*delta[0]+0.000060*delta[1]+0.000004*delta[2],0.052458+0.000108*delta[0]+0.000217*delta[1]-0.000017*delta[2],0.012665+0.000030*delta[0]+0.000046*delta[1]+0.000011*delta[2],0.016001+0.000032*delta[0]+0.000063*delta[1]-0.000007*delta[2],0.019404+0.000051*delta[0]+0.000078*delta[1]+0.000019*delta[2],0.013755+0.000025*delta[0]+0.000066*delta[1]+0.000002*delta[2],0.019950+0.000018*delta[0]+0.000083*delta[1]+0.000016*delta[2],0.030109+0.000042*delta[0]+0.000138*delta[1]+0.000008*delta[2],0.048113+0.000115*delta[0]+0.000210*delta[1]-0.000007*delta[2],0.074563+0.000137*delta[0]+0.000285*delta[1]-0.000005*delta[2],0.011440+0.000024*delta[0]+0.000053*delta[1]+0.000009*delta[2],0.015167+0.000027*delta[0]+0.000057*delta[1]+0.000000*delta[2],0.020705+0.000041*delta[0]+0.000080*delta[1]+0.000009*delta[2],0.027794+0.000047*delta[0]+0.000111*delta[1]-0.000003*delta[2],0.035348+0.000074*delta[0]+0.000148*delta[1]+0.000018*delta[2],0.017231+0.000044*delta[0]+0.000075*delta[1]-0.000007*delta[2],0.048709+0.000085*delta[0]+0.000182*delta[1]+0.000061*delta[2],0.096552+0.000205*delta[0]+0.000407*delta[1]+0.000005*delta[2],0.186811+0.000339*delta[0]+0.000850*delta[1]-0.000125*delta[2],0.012871+0.000028*delta[0]+0.000050*delta[1]-0.000003*delta[2],0.017859+0.000040*delta[0]+0.000072*delta[1]+0.000004*delta[2],0.025110+0.000054*delta[0]+0.000105*delta[1]-0.000002*delta[2],0.036134+0.000082*delta[0]+0.000148*delta[1]+0.000003*delta[2],0.048165+0.000090*delta[0]+0.000199*delta[1]+0.000008*delta[2]
0.021318+0.000064*delta[0]+0.000097*delta[1]+0.000003*delta[2],0.037249+0.000075*delta[0]+0.000174*delta[1]-0.000016*delta[2],0.042964+0.000084*delta[0]+0.000181*delta[1]-0.000009*delta[2],0.010841+0.000031*delta[0]+0.000039*delta[1]-0.000006*delta[2],0.014605+0.000034*delta[0]+0.000065*delta[1]+0.000005*delta[2],0.019894+0.000066*delta[0]+0.000088*delta[1]-0.000006*delta[2],0.027210+0.000067*delta[0]+0.000113*delta[1]+0.000009*delta[2],0.036212+0.000075*delta[0]+0.000147*delta[1]-0.000017*delta[2],0.042211+0.000110*delta[0]+0.000162*delta[1]+0.000010*delta[2],0.013264+0.000034*delta[0]+0.000057*delta[1]-0.000003*delta[2],0.029391+0.000088*delta[0]+0.000092*delta[1]+0.000010*delta[2],0.046506+0.000100*delta[0]+0.000213*delta[1]+0.000005*delta[2],0.072212+0.000140*delta[0]+0.000246*delta[1]+0.000051*delta[2],0.092883+0.000235*delta[0]+0.000389*delta[1]-0.000006*delta[2],0.025765+0.000082*delta[0]+0.000108*delta[1]+0.000008*delta[2],0.040598+0.000088*delta[0]+0.000162*delta[1]-0.000022*delta[2],0.065127+0.000169*delta[0]+0.000297*delta[1]+0.000024*delta[2],0.017046+0.000045*delta[0]+0.000064*delta[1]-0.000002*delta[2],0.023977+0.000058*delta[0]+0.000113*delta[1]+0.000001*delta[2],0.033280+0.000082*delta[0]+0.000133*delta[1]+0.000010*delta[2],0.043429+0.000120*delta[0]+0.000204*delta[1]-0.000003*delta[2],0.012683+0.000026*delta[0]+0.000053*delta[1]-0.000009*delta[2],0.016476+0.000040*delta[0]+0.000064*delta[1]+0.000007*delta[2],0.025925+0.000063*delta[0]+0.000112*delta[1]-0.000001*delta[2],0.012662+0.000020*delta[0]+0.000059*delta[1]-0.000005*delta[2],0.011665+0.000023*delta[0]+0.000047*delta[1]-0.000001*delta[2],0.017657+0.000053*delta[0]+0.000070*delta[1]-0.000008*delta[2],0.114705+0.000349*delta[0]+0.000583*delta[1]+0.000007*delta[2],0.015703+0.000036*delta[0]+0.000062*delta[1]-0.000014*delta[2],0.021310+0.000058*delta[0]+0.000078*delta[1]+0.000004*delta[2],0.028199+0.000060*delta[0]+0.000139*delta[1]-0.000014*delta[2],0.012013+0.000028*delta[0]+0.000054*delta[1]+0.000003*delta[2],0.016242+0.000050*delta[0]+0.000059*delta[1]+0.000001*delta[2],0.022195+0.000056*delta[0]+0.000120*delta[1]+0.000002*delta[2],0.030733+0.000091*delta[0]+0.000111*delta[1]-0.000000*delta[2],0.039878+0.000078*delta[0]+0.000171*delta[1]+0.000020*delta[2],0.012625+0.000029*delta[0]+0.000069*delta[1]+0.000001*delta[2],0.017651+0.000036*delta[0]+0.000071*delta[1]+0.000001*delta[2],0.025865+0.000090*delta[0]+0.000105*delta[1]+0.000002*delta[2],0.038396+0.000107*delta[0]+0.000165*delta[1]-0.000006*delta[2],0.055670+0.000157*delta[0]+0.000231*delta[1]+0.000015*delta[2],0.015843+0.000034*delta[0]+0.000070*delta[1]-0.000011*delta[2],0.035820+0.000073*delta[0]+0.000153*delta[1]-0.000009*delta[2],0.055275+0.000120*delta[0]+0.000204*delta[1]-0.000022*delta[2],0.076671+0.000205*delta[0]+0.000335*delta[1]+0.000014*delta[2],0.013520+0.000033*delta[0]+0.000068*delta[1]-0.000001*delta[2],0.019208+0.000052*delta[0]+0.000095*delta[1]+0.000013*delta[2],0.028299+0.000077*delta[0]+0.000119*delta[1]-0.000004*delta[2],0.042856+0.000131*delta[0]+0.000184*delta[1]+0.000039*delta[2],0.061933+0.000140*delta[0]+0.000228*delta[1]-0.000039*delta[2]
0.026766+0.000040*delta[0]+0.000100*delta[1]-0.000027*delta[2],0.063621+0.000133*delta[0]+0.000295*delta[1]-0.000017*delta[2],0.084783+0.000168*delta[0]+0.000366*delta[1]-0.000032*delta[2],0.011757+0.000020*delta[0]+0.000049*delta[1]-0.000004*delta[2],0.016769+0.000037*delta[0]+0.000072*delta[1]-0.000001*delta[2],0.025070+0.000044*delta[0]+0.000111*delta[1]-0.000038*delta[2],0.039427+0.000077*delta[0]+0.000132*delta[1]-0.000006*delta[2],0.064006+0.000111*delta[0]+0.000267*delta[1]+0.000032*delta[2],0.088097+0.000203*delta[0]+0.000282*delta[1]-0.000038*delta[2],0.013069+0.000030*delta[0]+0.000056*delta[1]+0.000008*delta[2],0.033438+0.000085*delta[0]+0.000144*delta[1]-0.000005*delta[2],0.063177+0.000124*delta[0]+0.000248*delta[1]-0.000046*delta[2],0.135926+0.000276*delta[0]+0.000558*delta[1]-0.000085*delta[2],0.255157+0.000647*delta[0]+0.000919*delta[1]-0.000166*delta[2],0.024204+0.000055*delta[0]+0.000103*delta[1]-0.000012*delta[2],0.037480+0.000065*delta[0]+0.000144*delta[1]-0.000023*delta[2],0.059284+0.000108*delta[0]+0.000253*delta[1]+0.000029*delta[2],0.014055+0.000027*delta[0]+0.000055*delta[1]+0.000003*delta[2],0.018672+0.000040*delta[0]+0.000066*delta[1]-0.000017*delta[2],0.024175+0.000042*delta[0]+0.000069*delta[1]-0.000011*delta[2],0.029834+0.000060*delta[0]+0.000107*delta[1]-0.000004*delta[2],0.014884+0.000024*delta[0]+0.000064*delta[1]-0.000006*delta[2],0.020697+0.000050*delta[0]+0.000075*delta[1]+0.000003*delta[2],0.039163+0.000076*delta[0]+0.000141*delta[1]-0.000037*delta[2],0.012379+0.000033*delta[0]+0.000048*delta[1]-0.000006*delta[2],0.010863+0.000025*delta[0]+0.000041*delta[1]-0.000012*delta[2],0.015339+0.000044*delta[0]+0.000067*delta[1]-0.000014*delta[2],0.057461+0.000137*delta[0]+0.000203*delta[1]-0.000039*delta[2],0.012483+0.000036*delta[0]+0.000052*delta[1]+0.000008*delta[2],0.015885+0.000024*delta[0]+0.000060*delta[1]-0.000002*delta[2],0.019487+0.000025*delta[0]+0.000080*delta[1]+0.000014*delta[2],0.012620+0.000023*delta[0]+0.000053*delta[1]+0.000001*delta[2],0.017706+0.000023*delta[0]+0.000081*delta[1]-0.000011*delta[2],0.025510+0.000047*delta[0]+0.000101*delta[1]+0.000002*delta[2],0.037936+0.000094*delta[0]+0.000160*delta[1]+0.000026*delta[2],0.054897+0.000124*delta[0]+0.000184*delta[1]-0.000040*delta[2],0.010538+0.000019*delta[0]+0.000046*delta[1]+0.000003*delta[2],0.013755+0.000029*delta[0]+0.000051*delta[1]+0.000004*delta[2],0.018421+0.000045*delta[0]+0.000064*delta[1]-0.000011*delta[2],0.024128+0.000055*delta[0]+0.000090*delta[1]-0.000009*delta[2],0.030381+0.000066*delta[0]+0.000101*delta[1]+0.000020*delta[2],0.015171+0.000027*delta[0]+0.000070*delta[1]-0.000002*delta[2],0.033733+0.000073*delta[0]+0.000148*delta[1]-0.000029*delta[2],0.052177+0.000072*delta[0]+0.000245*delta[1]+0.000011*delta[2],0.074069+0.000122*delta[0]+0.000278*delta[1]-0.000049*delta[2],0.011271+0.000022*delta[0]+0.000056*delta[1]-0.000001*delta[2],0.014874+0.000030*delta[0]+0.000061*delta[1]-0.000008*delta[2],0.019704+0.000039*delta[0]+0.000071*delta[1]+0.000001*delta[2],0.026031+0.000039*delta[0]+0.000112*delta[1]-0.000004*delta[2],0.032537+0.000079*delta[0]+0.000134*delta[1]+0.000002*delta[2]
0.047704+0.000098*delta[0]+0.000217*delta[1]-0.000017*delta[2],0.093735+0.000183*delta[0]+0.000484*delta[1]-0.000016*delta[2],0.084951+0.000168*delta[0]+0.000345*delta[1]-0.000033*delta[2],0.017424+0.000025*delta[0]+0.000074*delta[1]+0.000001*delta[2],0.025924+0.000041*delta[0]+0.000121*delta[1]+0.000011*delta[2],0.039613+0.000065*delta[0]+0.000181*delta[1]+0.000018*delta[2],0.059962+0.000093*delta[0]+0.000220*delta[1]+0.000015*delta[2],0.079705+0.000131*delta[0]+0.000370*delta[1]+0.000002*delta[2],0.074983+0.000116*delta[0]+0.000343*delta[1]+0.000017*delta[2],0.021732+0.000052*delta[0]+0.000089*delta[1]+0.000005*delta[2],0.075817+0.000140*delta[0]+0.000374*delta[1]+0.000010*delta[2],0.178049+0.000384*delta[0]+0.000797*delta[1]+0.000024*delta[2],0.329969+0.000646*delta[0]+0.001459*delta[1]-0.000009*delta[2],0.214618+0.000342*delta[0]+0.000875*delta[1]+0.000009*delta[2],0.045336+0.000092*delta[0]+0.000177*delta[1]-0.000021*delta[2],0.074836+0.000122*delta[0]+0.000307*delta[1]-0.000025*delta[2],0.108070+0.000247*delta[0]+0.000404*delta[1]-0.000010*delta[2],0.020658+0.000041*delta[0]+0.000084*delta[1]-0.000015*delta[2],0.027285+0.000066*delta[0]+0.000119*delta[1]+0.000028*delta[2],0.033578+0.000067*delta[0]+0.000141*delta[1]-0.000016*delta[2],0.036831+0.000080*delta[0]+0.000152*delta[1]-0.000001*delta[2],0.020131+0.000028*delta[0]+0.000094*delta[1]-0.000017*delta[2],0.027069+0.000040*delta[0]+0.000118*delta[1]+0.000009*delta[2],0.040202+0.000051*delta[0]+0.000219*delta[1]+0.000009*delta[2],0.020846+0.000038*delta[0]+0.000088*delta[1]-0.000005*delta[2],0.016441+0.000025*delta[0]+0.000065*delta[1]+0.000002*delta[2],0.024415+0.000033*delta[0]+0.000100*delta[1]+0.000001*delta[2],0.064871+0.000145*delta[0]+0.000243*delta[1]+0.000015*delta[2],0.017378+0.000038*delta[0]+0.000074*delta[1]+0.000005*delta[2],0.021670+0.000032*delta[0]+0.000076*delta[1]-0.000006*delta[2],0.025199+0.000052*delta[0]+0.000110*delta[1]-0.000011*delta[2],0.017593+0.000028*delta[0]+0.000074*delta[1]-0.000001*delta[2],0.024589+0.000032*delta[0]+0.000106*delta[1]-0.000002*delta[2],0.034415+0.000082*delta[0]+0.000153*delta[1]+0.000018*delta[2],0.046064+0.000047*delta[0]+0.000180*delta[1]+0.000027*delta[2],0.052965+0.000111*delta[0]+0.000216*delta[1]-0.000000*delta[2],0.014825+0.000023*delta[0]+0.000059*delta[1]+0.000008*delta[2],0.019679+0.000023*delta[0]+0.000079*delta[1]+0.000013*delta[2],0.026073+0.000043*delta[0]+0.000108*delta[1]+0.000016*delta[2],0.032337+0.000054*delta[0]+0.000140*delta[1]-0.000007*delta[2],0.036281+0.000052*delta[0]+0.000164*delta[1]-0.000023*delta[2],0.021971+0.000048*delta[0]+0.000109*delta[1]+0.000002*delta[2],0.046418+0.000043*delta[0]+0.000202*delta[1]+0.000008*delta[2],0.060319+0.000073*delta[0]+0.000278*delta[1]-0.000009*delta[2],0.062279+0.000103*delta[0]+0.000283*delta[1]-0.000004*delta[2],0.015689+0.000027*delta[0]+0.000064*delta[1]+0.000006*delta[2],0.020806+0.000026*delta[0]+0.000099*delta[1]+0.000008*delta[2],0.026745+0.000046*delta[0]+0.000125*delta[1]-0.000011*delta[2],0.032972+0.000067*delta[0]+0.000149*delta[1]-0.000002*delta[2],0.035765+0.000082*delta[0]+0.000158*delta[1]-0.000021*delta[2]
0.048259+0.000082*delta[0]+0.000178*delta[1]-0.000010*delta[2],0.096566+0.000203*delta[0]+0.000460*delta[1]-0.000115*delta[2],0.087191+0.000180*delta[0]+0.000408*delta[1]+0.000048*delta[2],0.017636+0.000038*delta[0]+0.000055*delta[1]+0.000005*delta[2],0.026444+0.000069*delta[0]+0.000126*delta[1]-0.000021*delta[2],0.040881+0.000084*delta[0]+0.000169*delta[1]-0.000028*delta[2],0.063212+0.000163*delta[0]+0.000232*delta[1]+0.000007*delta[2],0.085280+0.000230*delta[0]+0.000376*delta[1]-0.000016*delta[2],0.079841+0.000209*delta[0]+0.000301*delta[1]-0.000037*delta[2],0.021687+0.000036*delta[0]+0.000088*delta[1]-0.000002*delta[2],0.076619+0.000200*delta[0]+0.000275*delta[1]+0.000019*delta[2],0.182151+0.000381*delta[0]+0.000775*delta[1]+0.000073*delta[2],0.342884+0.000897*delta[0]+0.001604*delta[1]+0.000059*delta[2],0.221228+0.000401*delta[0]+0.000833*delta[1]-0.000114*delta[2],0.044104+0.000093*delta[0]+0.000147*delta[1]+0.000010*delta[2],0.071562+0.000142*delta[0]+0.000266*delta[1]-0.000045*delta[2],0.101278+0.000259*delta[0]+0.000396*delta[1]+0.000010*delta[2],0.020111+0.000036*delta[0]+0.000083*delta[1]-0.000007*delta[2],0.026513+0.000052*delta[0]+0.000105*delta[1]-0.000012*delta[2],0.032301+0.000090*delta[0]+0.000159*delta[1]-0.000046*delta[2],0.035183+0.000062*delta[0]+0.000148*delta[1]-0.000018*delta[2],0.020724+0.000040*delta[0]+0.000096*delta[1]-0.000006*delta[2],0.028046+0.000069*delta[0]+0.000111*delta[1]-0.000042*delta[2],0.042220+0.000080*delta[0]+0.000177*delta[1]-0.000001*delta[2],0.020898+0.000046*delta[0]+0.000083*delta[1]+0.000008*delta[2],0.016257+0.000040*delta[0]+0.000073*delta[1]+0.000010*delta[2],0.023924+0.000060*delta[0]+0.000113*delta[1]-0.000018*delta[2],0.061307+0.000156*delta[0]+0.000294*delta[1]-0.000008*delta[2],0.016991+0.000040*delta[0]+0.000075*delta[1]-0.000002*delta[2],0.021020+0.000044*delta[0]+0.000074*delta[1]-0.000004*delta[2],0.024365+0.000073*delta[0]+0.000106*delta[1]-0.000027*delta[2],0.017885+0.000047*delta[0]+0.000089*delta[1]-0.000017*delta[2],0.025241+0.000056*delta[0]+0.000103*delta[1]+0.000019*delta[2],0.035527+0.000066*delta[0]+0.000147*delta[1]-0.000025*delta[2],0.048040+0.000098*delta[0]+0.000168*delta[1]-0.000016*delta[2],0.055481+0.000077*delta[0]+0.000217*delta[1]-0.000036*delta[2],0.014607+0.000035*delta[0]+0.000062*delta[1]+0.000005*delta[2],0.019237+0.000036*delta[0]+0.000080*delta[1]-0.000003*delta[2],0.025330+0.000047*delta[0]+0.000095*delta[1]-0.000010*delta[2],0.031122+0.000068*delta[0]+0.000125*delta[1]-0.000038*delta[2],0.034846+0.000102*delta[0]+0.000153*delta[1]-0.000010*delta[2],0.022226+0.000054*delta[0]+0.000085*delta[1]-0.000008*delta[2],0.047337+0.000126*delta[0]+0.000168*delta[1]+0.000012*delta[2],0.061666+0.000122*delta[0]+0.000248*delta[1]-0.000008*delta[2],0.064066+0.000152*delta[0]+0.000191*delta[1]-0.000048*delta[2],0.015488+0.000045*delta[0]+0.000063*delta[1]+0.000009*delta[2],0.020423+0.000041*delta[0]+0.000078*delta[1]-0.000005*delta[2],0.026204+0.000045*delta[0]+0.000095*delta[1]-0.000005*delta[2],0.031986+0.000085*delta[0]+0.000114*delta[1]-0.000001*delta[2],0.034791+0.000069*delta[0]+0.000141*delta[1]-0.000026*delta[2]
0.048887+0.000118*delta[0]+0.000217*delta[1]+0.000005*delta[2],0.099796+0.000221*delta[0]+0.000353*delta[1]-0.000061*delta[2],0.089541+0.000197*delta[0]+0.000358*delta[1]+0.000006*delta[2],0.017821+0.000018*delta[0]+0.000072*delta[1]+0.000009*delta[2],0.026955+0.000047*delta[0]+0.000115*delta[1]+0.000011*delta[2],0.042161+0.000093*delta[0]+0.000162*delta[1]+0.000005*delta[2],0.066571+0.000095*delta[0]+0.000340*delta[1]+0.000037*delta[2],0.091349+0.000108*delta[0]+0.000392*delta[1]-0.000028*delta[2],0.085393+0.000148*delta[0]+0.000283*delta[1]-0.000027*delta[2],0.021746+0.000042*delta[0]+0.000097*delta[1]-0.000003*delta[2],0.076760+0.000199*delta[0]+0.000245*delta[1]-0.000029*delta[2],0.184488+0.000441*delta[0]+0.000897*delta[1]-0.000078*delta[2],0.352954+0.000923*delta[0]+0.001312*delta[1]-0.000067*delta[2],0.226377+0.000334*delta[0]+0.000789*delta[1]+0.000063*delta[2],0.042884+0.000107*delta[0]+0.000172*delta[1]-0.000024*delta[2],0.068271+0.000138*delta[0]+0.000265*delta[1]+0.000035*delta[2],0.095132+0.000166*delta[0]+0.000350*delta[1]+0.000006*delta[2],0.019600+0.000045*delta[0]+0.000069*delta[1]+0.000015*delta[2],0.025615+0.000049*delta[0]+0.000090*delta[1]-0.000001*delta[2],0.031040+0.000065*delta[0]+0.000121*delta[1]+0.000009*delta[2],0.033759+0.000087*delta[0]+0.000124*delta[1]-0.000001*delta[2],0.021133+0.000040*delta[0]+0.000089*delta[1]+0.000006*delta[2],0.028918+0.000050*delta[0]+0.000134*delta[1]+0.000006*delta[2],0.044440+0.000093*delta[0]+0.000180*delta[1]+0.000002*delta[2],0.020829+0.000045*delta[0]+0.000073*delta[1]-0.000007*delta[2],0.016008+0.000024*delta[0]+0.000070*delta[1]+0.000000*delta[2],0.023398+0.000045*delta[0]+0.000082*delta[1]-0.000016*delta[2],0.058022+0.000158*delta[0]+0.000263*delta[1]-0.000003*delta[2],0.016610+0.000033*delta[0]+0.000058*delta[1]-0.000003*delta[2],0.020415+0.000043*delta[0]+0.000086*delta[1]+0.000004*delta[2],0.023555+0.000048*delta[0]+0.000087*delta[1]+0.000001*delta[2],0.018107+0.000049*delta[0]+0.000073*delta[1]+0.000006*delta[2],0.025736+0.000047*delta[0]+0.000095*delta[1]+0.000011*delta[2],0.036639+0.000068*delta[0]+0.000163*delta[1]+0.000006*delta[2],0.049844+0.000115*delta[0]+0.000227*delta[1]-0.000006*delta[2],0.058199+0.000112*delta[0]+0.000188*delta[1]+0.000045*delta[2],0.014368+0.000023*delta[0]+0.000055*delta[1]+0.000003*delta[2],0.018801+0.000035*delta[0]+0.000070*delta[1]-0.000009*delta[2],0.024566+0.000049*delta[0]+0.000083*delta[1]+0.000007*delta[2],0.029925+0.000036*delta[0]+0.000103*delta[1]-0.000030*delta[2],0.033497+0.000073*delta[0]+0.000139*delta[1]+0.000000*delta[2],0.022439+0.000030*delta[0]+0.000109*delta[1]-0.000007*delta[2],0.047968+0.000087*delta[0]+0.000242*delta[1]-0.000005*delta[2],0.062918+0.000088*delta[0]+0.000272*delta[1]-0.000027*delta[2],0.065472+0.000106*delta[0]+0.000285*delta[1]+0.000049*delta[2],0.015282+0.000031*delta[0]+0.000062*delta[1]-0.000015*delta[2],0.020078+0.000043*delta[0]+0.000074*delta[1]+0.000017*delta[2],0.025591+0.000035*delta[0]+0.000085*delta[1]-0.000015*delta[2],0.031189+0.000081*delta[0]+0.000120*delta[1]-0.000016*delta[2],0.033735+0.000059*delta[0]+0.000140*delta[1]+0.000011*delta[2]
0.049336+0.000093*delta[0]+0.000199*delta[1]-0.000032*delta[2],0.102240+0.000180*delta[0]+0.000453*delta[1]-0.000016*delta[2],0.091527+0.000187*delta[0]+0.000451*delta[1]-0.000006*delta[2],0.018015+0.000035*delta[0]+0.000084*delta[1]-0.000007*delta[2],0.027491+0.000053*delta[0]+0.000115*delta[1]+0.000001*delta[2],0.043500+0.000080*delta[0]+0.000191*delta[1]+0.000000*delta[2],0.070114+0.000124*delta[0]+0.000297*delta[1]+0.000019*delta[2],0.098251+0.000181*delta[0]+0.000416*delta[1]+0.000011*delta[2],0.091554+0.000267*delta[0]+0.000311*delta[1]+0.000000*delta[2],0.021703+0.000054*delta[0]+0.000083*delta[1]-0.000017*delta[2],0.076960+0.000188*delta[0]+0.000309*delta[1]-0.000002*delta[2],0.186921+0.000322*delta[0]+0.000878*delta[1]-0.000163*delta[2],0.361446+0.000978*delta[0]+0.001213*delta[1]+0.000241*delta[2],0.229597+0.000465*delta[0]+0.001031*delta[1]-0.000082*delta[2],0.041504+0.000069*delta[0]+0.000167*delta[1]-0.000017*delta[2],0.065064+0.000131*delta[0]+0.000278*delta[1]-0.000032*delta[2],0.089277+0.000244*delta[0]+0.000385*delta[1]-0.000021*delta[2],0.019073+0.000034*delta[0]+0.000065*delta[1]-0.000013*delta[2],0.024605+0.000075*delta[0]+0.000120*delta[1]+0.000009*delta[2],0.029655+0.000047*delta[0]+0.000143*delta[1]+0.000005*delta[2],0.032346+0.000055*delta[0]+0.000167*delta[1]+0.000007*delta[2],0.021605+0.000039*delta[0]+0.000101*delta[1]+0.000006*delta[2],0.029785+0.000065*delta[0]+0.000147*delta[1]-0.000017*delta[2],0.046645+0.000107*delta[0]+0.000213*delta[1]-0.000005*delta[2],0.020739+0.000026*delta[0]+0.000094*delta[1]-0.000004*delta[2],0.015748+0.000027*delta[0]+0.000080*delta[1]-0.000017*delta[2],0.022832+0.000042*delta[0]+0.000120*delta[1]-0.000004*delta[2],0.054887+0.000117*delta[0]+0.000239*delta[1]-0.000022*delta[2],0.016143+0.000029*delta[0]+0.000057*delta[1]+0.000010*delta[2],0.019811+0.000045*delta[0]+0.000087*delta[1]-0.000007*delta[2],0.022682+0.000062*delta[0]+0.000095*delta[1]-0.000020*delta[2],0.018347+0.000018*delta[0]+0.000076*delta[1]-0.000012*delta[2],0.026322+0.000055*delta[0]+0.000120*delta[1]+0.000006*delta[2],0.037784+0.000116*delta[0]+0.000134*delta[1]-0.000009*delta[2],0.051967+0.000120*delta[0]+0.000212*delta[1]+0.000017*delta[2],0.060955+0.000138*delta[0]+0.000238*delta[1]+0.000009*delta[2],0.014123+0.000032*delta[0]+0.000065*delta[1]-0.000017*delta[2],0.018369+0.000037*delta[0]+0.000085*delta[1]+0.000004*delta[2],0.023819+0.000053*delta[0]+0.000110*delta[1]-0.000012*delta[2],0.028960+0.000071*delta[0]+0.000130*delta[1]-0.000006*delta[2],0.032167+0.000044*delta[0]+0.000157*delta[1]-0.000021*delta[2],0.022506+0.000048*delta[0]+0.000089*delta[1]+0.000001*delta[2],0.048561+0.000097*delta[0]+0.000188*delta[1]-0.000013*delta[2],0.064224+0.000131*delta[0]+0.000217*delta[1]+0.000026*delta[2],0.066797+0.000117*delta[0]+0.000314*delta[1]-0.000039*delta[2],0.015081+0.000026*delta[0]+0.000059*delta[1]+0.000008*delta[2],0.019724+0.000032*delta[0]+0.000093*delta[1]+0.000000*delta[2],0.025045+0.000063*delta[0]+0.000142*delta[1]-0.000002*delta[2],0.030352+0.000071*delta[0]+0.000136*delta[1]+0.000001*delta[2],0.032877+0.000071*delta[0]+0.000157*delta[1]-0.000011*delta[2]
0.048311+0.000119*delta[0]+0.000195*delta[1]-0.000013*delta[2],0.097058+0.000211*delta[0]+0.000400*delta[1]-0.000033*delta[2],0.087593+0.000230*delta[0]+0.000287*delta[1]+0.000013*delta[2],0.017190+0.000026*delta[0]+0.000060*delta[1]+0.000005*delta[2],0.025376+0.000044*delta[0]+0.000117*delta[1]-0.000001*delta[2],0.038383+0.000080*delta[0]+0.000146*delta[1]-0.000007*delta[2],0.057124+0.000127*delta[0]+0.000222*delta[1]+0.000049*delta[2],0.075169+0.000132*delta[0]+0.000329*delta[1]-0.000011*delta[2],0.071145+0.000110*delta[0]+0.000243*delta[1]-0.000040*delta[2],0.021637+0.000054*delta[0]+0.000095*delta[1]+0.000006*delta[2],0.076709+0.000183*delta[0]+0.000246*delta[1]+0.000020*delta[2],0.184665+0.000239*delta[0]+0.000810*delta[1]+0.000057*delta[2],0.355471+0.000806*delta[0]+0.001379*delta[1]+0.000139*delta[2],0.227642+0.000373*delta[0]+0.000916*delta[1]-0.000103*delta[2],0.047279+0.000101*delta[0]+0.000208*delta[1]-0.000027*delta[2],0.080642+0.000130*delta[0]+0.000294*delta[1]+0.000031*delta[2],0.120220+0.000390*delta[0]+0.000418*delta[1]-0.000007*delta[2],0.021330+0.000064*delta[0]+0.000069*delta[1]-0.000017*delta[2],0.028413+0.000056*delta[0]+0.000106*delta[1]-0.000027*delta[2],0.035288+0.000085*delta[0]+0.000144*delta[1]+0.000005*delta[2],0.038842+0.000073*delta[0]+0.000163*delta[1]-0.000038*delta[2],0.019519+0.000045*delta[0]+0.000080*delta[1]-0.000012*delta[2],0.026063+0.000043*delta[0]+0.000123*delta[1]-0.000016*delta[2],0.038204+0.000059*delta[0]+0.000146*delta[1]-0.000004*delta[2],0.020891+0.000042*delta[0]+0.000089*delta[1]-0.000003*delta[2],0.016680+0.000046*delta[0]+0.000064*delta[1]+0.000002*delta[2],0.024867+0.000055*delta[0]+0.000108*delta[1]-0.000001*delta[2],0.068536+0.000158*delta[0]+0.000245*delta[1]+0.000001*delta[2],0.017803+0.000043*delta[0]+0.000065*delta[1]+0.000003*delta[2],0.022337+0.000059*delta[0]+0.000082*delta[1]+0.000013*delta[2],0.026104+0.000059*delta[0]+0.000110*delta[1]-0.000007*delta[2],0.017163+0.000041*delta[0]+0.000071*delta[1]+0.000009*delta[2],0.023729+0.000062*delta[0]+0.000105*delta[1]+0.000001*delta[2],0.032669+0.000073*delta[0]+0.000136*delta[1]-0.000010*delta[2],0.043091+0.000075*delta[0]+0.000161*delta[1]+0.000015*delta[2],0.049228+0.000128*delta[0]+0.000155*delta[1]+0.000012*delta[2],0.014931+0.000027*delta[0]+0.000066*delta[1]-0.000005*delta[2],0.019805+0.000053*delta[0]+0.000075*delta[1]-0.000009*delta[2],0.026371+0.000064*delta[0]+0.000104*delta[1]-0.000004*delta[2],0.032774+0.000070*delta[0]+0.000119*delta[1]-0.000001*delta[2],0.037037+0.000069*delta[0]+0.000141*delta[1]-0.000021*delta[2],0.021376+0.000039*delta[0]+0.000086*delta[1]-0.000012*delta[2],0.043767+0.000067*delta[0]+0.000208*delta[1]-0.000002*delta[2],0.055981+0.000095*delta[0]+0.000229*delta[1]+0.000031*delta[2],0.057757+0.000051*delta[0]+0.000241*delta[1]+0.000005*delta[2],0.015639+0.000023*delta[0]+0.000068*delta[1]-0.000004*delta[2],0.020714+0.000043*delta[0]+0.000075*delta[1]+0.000009*delta[2],0.026531+0.000033*delta[0]+0.000107*delta[1]+0.000001*delta[2],0.032632+0.000061*delta[0]+0.000124*delta[1]-0.000006*delta[2],0.035572+0.000092*delta[0]+0.000130*delta[1]-0.000007*delta[2]
0.049186+0.000066*delta[0]+0.000190*delta[1]+0.000007*delta[2],0.100302+0.000173*delta[0]+0.000444*delta[1]+0.000013*delta[2],0.090508+0.000163*delta[0]+0.000358*delta[1]-0.000030*delta[2],0.017403+0.000030*delta[0]+0.000062*delta[1]+0.000007*delta[2],0.025887+0.000040*delta[0]+0.000109*delta[1]+0.000007*delta[2],0.039674+0.000065*delta[0]+0.000149*delta[1]-0.000008*delta[2],0.060014+0.000134*delta[0]+0.000263*delta[1]+0.000003*delta[2],0.080119+0.000177*delta[0]+0.000255*delta[1]-0.000012*delta[2],0.075906+0.000110*delta[0]+0.000316*delta[1]+0.000046*delta[2],0.021638+0.000024*delta[0]+0.000082*delta[1]-0.000007*delta[2],0.077184+0.000230*delta[0]+0.000368*delta[1]-0.000003*delta[2],0.189850+0.000513*delta[0]+0.000804*delta[1]-0.000044*delta[2],0.377169+0.000803*delta[0]+0.001440*delta[1]-0.000005*delta[2],0.236443+0.000422*delta[0]+0.000980*delta[1]+0.000169*delta[2],0.046081+0.000084*delta[0]+0.000196*delta[1]-0.000024*delta[2],0.076863+0.000172*delta[0]+0.000340*delta[1]-0.000008*delta[2],0.112635+0.000186*delta[0]+0.000373*delta[1]-0.000053*delta[2],0.020742+0.000035*delta[0]+0.000079*delta[1]+0.000015*delta[2],0.027399+0.000058*delta[0]+0.000087*delta[1]-0.000011*delta[2],0.033894+0.000064*delta[0]+0.000130*delta[1]-0.000010*delta[2],0.037056+0.000043*delta[0]+0.000148*delta[1]-0.000000*delta[2],0.020027+0.000038*delta[0]+0.000077*delta[1]-0.000001*delta[2],0.026931+0.000047*delta[0]+0.000116*delta[1]+0.000002*delta[2],0.039993+0.000088*delta[0]+0.000169*delta[1]-0.000013*delta[2],0.020881+0.000050*delta[0]+0.000089*delta[1]+0.000001*delta[2],0.016415+0.000037*delta[0]+0.000064*delta[1]+0.000003*delta[2],0.024277+0.000049*delta[0]+0.000075*delta[1]-0.000005*delta[2],0.064504+0.000142*delta[0]+0.000323*delta[1]+0.000007*delta[2],0.017314+0.000044*delta[0]+0.000077*delta[1]+0.000001*delta[2],0.021620+0.000035*delta[0]+0.000098*delta[1]+0.000013*delta[2],0.025122+0.000042*delta[0]+0.000090*delta[1]-0.000019*delta[2],0.017367+0.000030*delta[0]+0.000067*delta[1]+0.000015*delta[2],0.024274+0.000047*delta[0]+0.000085*delta[1]+0.000008*delta[2],0.033681+0.000090*delta[0]+0.000110*delta[1]+0.000011*delta[2],0.044773+0.000098*delta[0]+0.000168*delta[1]-0.000019*delta[2],0.051584+0.000098*delta[0]+0.000191*delta[1]-0.000003*delta[2],0.014707+0.000031*delta[0]+0.000068*delta[1]-0.000003*delta[2],0.019450+0.000042*delta[0]+0.000076*delta[1]+0.000007*delta[2],0.025684+0.000048*delta[0]+0.000089*delta[1]-0.000012*delta[2],0.031553+0.000057*delta[0]+0.000120*delta[1]-0.000001*delta[2],0.035581+0.000087*delta[0]+0.000151*delta[1]+0.000006*delta[2],0.021574+0.000040*delta[0]+0.000095*delta[1]+0.000005*delta[2],0.044386+0.000057*delta[0]+0.000145*delta[1]+0.000012*delta[2],0.057465+0.000152*delta[0]+0.000256*delta[1]+0.000053*delta[2],0.059284+0.000132*delta[0]+0.000291*delta[1]+0.000033*delta[2],0.015435+0.000026*delta[0]+0.000061*delta[1]-0.000008*delta[2],0.020345+0.000036*delta[0]+0.000062*delta[1]-0.000003*delta[2],0.026102+0.000072*delta[0]+0.000097*delta[1]-0.000004*delta[2],0.031875+0.000068*delta[0]+0.000118*delta[1]+0.000014*delta[2],0.034625+0.000041*delta[0]+0.000146*delta[1]+0.000022*delta[2]
0.049666+0.000071*delta[0]+0.000257*delta[1]-0.000032*delta[2],0.103680+0.000210*delta[0]+0.000513*delta[1]-0.000052*delta[2],0.093117+0.000192*delta[0]+0.000364*delta[1]-0.000074*delta[2],0.017609+0.000038*delta[0]+0.000091*delta[1]+0.000011*delta[2],0.026453+0.000067*delta[0]+0.000096*delta[1]-0.000008*delta[2],0.040905+0.000114*delta[0]+0.000187*delta[1]+0.000005*delta[2],0.063325+0.000151*delta[0]+0.000254*delta[1]-0.000029*delta[2],0.085816+0.000179*delta[0]+0.000340*delta[1]+0.000001*delta[2],0.080749+0.000121*delta[0]+0.000312*delta[1]-0.000016*delta[2],0.021636+0.000048*delta[0]+0.000096*delta[1]-0.000015*delta[2],0.077787+0.000119*delta[0]+0.000316*delta[1]-0.000026*delta[2],0.193871+0.000213*delta[0]+0.000865*delta[1]-0.000180*delta[2],0.393472+0.000328*delta[0]+0.001644*delta[1]-0.000479*delta[2],0.243864+0.000696*delta[0]+0.000966*delta[1]-0.000112*delta[2],0.044697+0.000088*delta[0]+0.000226*delta[1]-0.000030*delta[2],0.073204+0.000113*delta[0]+0.000323*delta[1]-0.000016*delta[2],0.105178+0.000217*delta[0]+0.000465*delta[1]-0.000120*delta[2],0.020133+0.000045*delta[0]+0.000076*delta[1]-0.000003*delta[2],0.026457+0.000050*delta[0]+0.000132*delta[1]+0.000005*delta[2],0.032366+0.000074*delta[0]+0.000165*delta[1]-0.000037*delta[2],0.035411+0.000042*delta[0]+0.000158*delta[1]-0.000023*delta[2],0.020457+0.000049*delta[0]+0.000079*delta[1]-0.000011*delta[2],0.027738+0.000035*delta[0]+0.000119*delta[1]-0.000007*delta[2],0.041953+0.000069*delta[0]+0.000167*delta[1]-0.000019*delta[2],0.020871+0.000051*delta[0]+0.000102*delta[1]+0.000010*delta[2],0.016230+0.000030*delta[0]+0.000067*delta[1]+0.000011*delta[2],0.023792+0.000058*delta[0]+0.000090*delta[1]-0.000003*delta[2],0.060866+0.000182*delta[0]+0.000251*delta[1]-0.000025*delta[2],0.016920+0.000046*delta[0]+0.000075*delta[1]-0.000002*delta[2],0.020927+0.000016*delta[0]+0.000085*delta[1]-0.000003*delta[2],0.024233+0.000037*delta[0]+0.000115*delta[1]+0.000001*delta[2],0.017613+0.000028*delta[0]+0.000082*delta[1]-0.000003*delta[2],0.024766+0.000037*delta[0]+0.000100*delta[1]-0.000004*delta[2],0.034568+0.000071*delta[0]+0.000141*delta[1]+0.000011*delta[2],0.046434+0.000055*delta[0]+0.000218*delta[1]+0.000013*delta[2],0.053657+0.000099*delta[0]+0.000211*delta[1]-0.000014*delta[2],0.014475+0.000033*delta[0]+0.000072*delta[1]-0.000002*delta[2],0.018930+0.000037*delta[0]+0.000094*delta[1]+0.000004*delta[2],0.024870+0.000065*delta[0]+0.000092*delta[1]-0.000007*delta[2],0.030452+0.000052*delta[0]+0.000142*delta[1]+0.000001*delta[2],0.034158+0.000083*delta[0]+0.000154*delta[1]+0.000006*delta[2],0.021778+0.000045*delta[0]+0.000094*delta[1]-0.000001*delta[2],0.045177+0.000091*delta[0]+0.000186*delta[1]-0.000009*delta[2],0.058498+0.000110*delta[0]+0.000247*delta[1]-0.000052*delta[2],0.060615+0.000093*delta[0]+0.000228*delta[1]+0.000019*delta[2],0.015241+0.000030*delta[0]+0.000064*delta[1]-0.000003*delta[2],0.019966+0.000045*delta[0]+0.000088*delta[1]+0.000003*delta[2],0.025453+0.000042*delta[0]+0.000098*delta[1]+0.000004*delta[2],0.030980+0.000075*delta[0]+0.000171*delta[1]-0.000028*delta[2],0.033734+0.000055*delta[0]+0.000144*delta[1]+0.000003*delta[2]
0.035517+0.000098*delta[0]+0.000140*delta[1]-0.000017*delta[2],0.041220+0.000054*delta[0]+0.000187*delta[1]-0.000012*delta[2],0.035163+0.000082*delta[0]+0.000154*delta[1]-0.000007*delta[2],0.019314+0.000036*delta[0]+0.000089*delta[1]+0.000000*delta[2],0.026723+0.000040*delta[0]+0.000106*delta[1]-0.000011*delta[2],0.035814+0.000064*delta[0]+0.000130*delta[1]+0.000002*delta[2],0.044377+0.000093*delta[0]+0.000154*delta[1]-0.000016*delta[2],0.046519+0.000113*delta[0]+0.000141*delta[1]-0.000029*delta[2],0.039244+0.000075*delta[0]+0.000182*delta[1]-0.000003*delta[2],0.026605+0.000034*delta[0]+0.000128*delta[1]-0.000013*delta[2],0.064659+0.000173*delta[0]+0.000275*delta[1]-0.000002*delta[2],0.085801+0.000190*delta[0]+0.000219*delta[1]-0.000003*delta[2],0.083224+0.000171*delta[0]+0.000264*delta[1]-0.000040*delta[2],0.059408+0.000162*delta[0]+0.000257*delta[1]+0.000011*delta[2],0.050884+0.000087*delta[0]+0.000207*delta[1]-0.000030*delta[2],0.069292+0.000155*delta[0]+0.000280*delta[1]-0.000022*delta[2],0.074874+0.000127*delta[0]+0.000320*delta[1]-0.000094*delta[2],0.027432+0.000039*delta[0]+0.000101*delta[1]-0.000009*delta[2],0.035334+0.000072*delta[0]+0.000143*delta[1]-0.000016*delta[2],0.040247+0.000061*delta[0]+0.000145*delta[1]-0.000005*delta[2],0.038985+0.000054*delta[0]+0.000161*delta[1]-0.000012*delta[2],0.021027+0.000038*delta[0]+0.000099*delta[1]-0.000011*delta[2],0.026246+0.000029*delta[0]+0.000096*delta[1]-0.000011*delta[2],0.031132+0.000091*delta[0]+0.000151*delta[1]-0.000003*delta[2],0.026395+0.000059*delta[0]+0.000103*delta[1]-0.000037*delta[2],0.022910+0.000043*delta[0]+0.000096*delta[1]-0.000018*delta[2],0.036985+0.000048*delta[0]+0.000186*delta[1]+0.000009*delta[2],0.068588+0.000134*delta[0]+0.000255*delta[1]-0.000008*delta[2],0.024452+0.000051*delta[0]+0.000106*delta[1]-0.000001*delta[2],0.030589+0.000035*delta[0]+0.000106*delta[1]-0.000002*delta[2],0.033793+0.000071*delta[0]+0.000149*delta[1]-0.000008*delta[2],0.022177+0.000059*delta[0]+0.000095*delta[1]+0.000004*delta[2],0.030989+0.000046*delta[0]+0.000129*delta[1]-0.000010*delta[2],0.041057+0.000080*delta[0]+0.000141*delta[1]-0.000012*delta[2],0.049430+0.000102*delta[0]+0.000224*delta[1]-0.000027*delta[2],0.048597+0.000058*delta[0]+0.000201*delta[1]-0.000011*delta[2],0.022882+0.000042*delta[0]+0.000111*delta[1]-0.000014*delta[2],0.032940+0.000060*delta[0]+0.000136*delta[1]-0.000029*delta[2],0.046552+0.000076*delta[0]+0.000217*delta[1]+0.000002*delta[2],0.057336+0.000191*delta[0]+0.000253*delta[1]-0.000062*delta[2],0.057384+0.000142*delta[0]+0.000231*delta[1]-0.000008*delta[2],0.035192+0.000076*delta[0]+0.000130*delta[1]-0.000040*delta[2],0.084863+0.000159*delta[0]+0.000326*delta[1]-0.000051*delta[2],0.097376+0.000192*delta[0]+0.000456*delta[1]-0.000133*delta[2],0.076579+0.000116*delta[0]+0.000302*delta[1]-0.000027*delta[2],0.026180+0.000051*delta[0]+0.000127*delta[1]+0.000019*delta[2],0.039031+0.000072*delta[0]+0.000164*delta[1]+0.000015*delta[2],0.055624+0.000101*delta[0]+0.000260*delta[1]+0.000008*delta[2],0.070025+0.000170*delta[0]+0.000284*delta[1]-0.000033*delta[2],0.066599+0.000082*delta[0]+0.000287*delta[1]-0.000008*delta[2]
0.035896+0.000034*delta[0]+0.000169*delta[1]-0.000009*delta[2],0.041956+0.000061*delta[0]+0.000174*delta[1]+0.000019*delta[2],0.035707+0.000090*delta[0]+0.000147*delta[1]+0.000010*delta[2],0.018374+0.000049*delta[0]+0.000056*delta[1]+0.000013*delta[2],0.025027+0.000071*delta[0]+0.000110*delta[1]-0.000008*delta[2],0.032987+0.000088*delta[0]+0.000122*delta[1]-0.000027*delta[2],0.040138+0.000063*delta[0]+0.000183*delta[1]+0.000010*delta[2],0.042112+0.000093*delta[0]+0.000163*delta[1]+0.000020*delta[2],0.036090+0.000070*delta[0]+0.000153*delta[1]+0.000002*delta[2],0.026780+0.000053*delta[0]+0.000104*delta[1]-0.000011*delta[2],0.065549+0.000134*delta[0]+0.000253*delta[1]-0.000047*delta[2],0.088469+0.000241*delta[0]+0.000265*delta[1]-0.000007*delta[2],0.086438+0.000216*delta[0]+0.000334*delta[1]-0.000042*delta[2],0.061039+0.000151*delta[0]+0.000227*delta[1]+0.000006*delta[2],0.058715+0.000168*delta[0]+0.000237*delta[1]+0.000016*delta[2],0.084794+0.000137*delta[0]+0.000267*delta[1]+0.000029*delta[2],0.092793+0.000254*delta[0]+0.000323*delta[1]-0.000032*delta[2],0.030709+0.000046*delta[0]+0.000109*delta[1]-0.000015*delta[2],0.041024+0.000069*delta[0]+0.000166*delta[1]-0.000006*delta[2],0.047864+0.000121*delta[0]+0.000181*delta[1]+0.000019*delta[2],0.046210+0.000080*delta[0]+0.000177*delta[1]+0.000016*delta[2],0.019279+0.000052*delta[0]+0.000067*delta[1]+0.000004*delta[2],0.023696+0.000039*delta[0]+0.000087*delta[1]+0.000016*delta[2],0.027779+0.000065*delta[0]+0.000113*delta[1]+0.000015*delta[2],0.025627+0.000050*delta[0]+0.000100*delta[1]-0.000019*delta[2],0.024120+0.000058*delta[0]+0.000090*delta[1]-0.000003*delta[2],0.040610+0.000097*delta[0]+0.000170*delta[1]-0.000031*delta[2],0.083040+0.000176*delta[0]+0.000299*delta[1]+0.000033*delta[2],0.027020+0.000041*delta[0]+0.000109*delta[1]+0.000016*delta[2],0.034672+0.000049*delta[0]+0.000158*delta[1]+0.000001*delta[2],0.039154+0.000111*delta[0]+0.000153*delta[1]+0.000016*delta[2],0.020339+0.000064*delta[0]+0.000074*delta[1]-0.000003*delta[2],0.027410+0.000042*delta[0]+0.000098*delta[1]+0.000003*delta[2],0.035210+0.000052*delta[0]+0.000163*delta[1]-0.000005*delta[2],0.041584+0.000088*delta[0]+0.000190*delta[1]+0.000002*delta[2],0.041131+0.000124*delta[0]+0.000167*delta[1]-0.000036*delta[2],0.023940+0.000056*delta[0]+0.000090*delta[1]-0.000008*delta[2],0.035230+0.000103*delta[0]+0.000138*delta[1]-0.000029*delta[2],0.051619+0.000139*delta[0]+0.000167*delta[1]+0.000013*delta[2],0.065453+0.000115*delta[0]+0.000252*delta[1]-0.000032*delta[2],0.065943+0.000149*delta[0]+0.000275*delta[1]+0.000030*delta[2],0.031656+0.000097*delta[0]+0.000131*delta[1]+0.000002*delta[2],0.067505+0.000163*delta[0]+0.000260*delta[1]+0.000007*delta[2],0.075926+0.000149*delta[0]+0.000308*delta[1]-0.000047*delta[2],0.062988+0.000167*delta[0]+0.000252*delta[1]+0.000001*delta[2],0.026322+0.000049*delta[0]+0.000096*delta[1]+0.000003*delta[2],0.039646+0.000092*delta[0]+0.000158*delta[1]-0.000014*delta[2],0.056836+0.000097*delta[0]+0.000206*delta[1]-0.000011*delta[2],0.071742+0.000149*delta[0]+0.000285*delta[1]-0.000008*delta[2],0.068523+0.000128*delta[0]+0.000264*delta[1]-0.000037*delta[2]
0.043009+0.000090*delta[0]+0.000185*delta[1]+0.000001*delta[2],0.052835+0.000065*delta[0]+0.000205*delta[1]-0.000011*delta[2],0.043727+0.000053*delta[0]+0.000201*delta[1]+0.000005*delta[2],0.018313+0.000033*delta[0]+0.000074*delta[1]+0.000002*delta[2],0.025156+0.000035*delta[0]+0.000101*delta[1]-0.000007*delta[2],0.033525+0.000054*delta[0]+0.000142*delta[1]+0.000026*delta[2],0.041232+0.000061*delta[0]+0.000158*delta[1]+0.000010*delta[2],0.043890+0.000097*delta[0]+0.000187*delta[1]+0.000036*delta[2],0.037615+0.000070*delta[0]+0.000157*delta[1]+0.000015*delta[2],0.028278+0.000045*delta[0]+0.000113*delta[1]-0.000002*delta[2],0.081049+0.000105*delta[0]+0.000301*delta[1]+0.000008*delta[2],0.122143+0.000167*delta[0]+0.000513*delta[1]-0.000002*delta[2],0.120622+0.000279*delta[0]+0.000548*delta[1]+0.000007*delta[2],0.077693+0.000176*delta[0]+0.000289*delta[1]+0.000057*delta[2],0.074996+0.000103*delta[0]+0.000276*delta[1]+0.000027*delta[2],0.127719+0.000177*delta[0]+0.000629*delta[1]-0.000008*delta[2],0.149810+0.000206*delta[0]+0.000542*delta[1]+0.000084*delta[2],0.033163+0.000112*delta[0]+0.000125*delta[1]+0.000003*delta[2],0.046250+0.000114*delta[0]+0.000157*delta[1]+0.000004*delta[2],0.055917+0.000141*delta[0]+0.000217*delta[1]+0.000034*delta[2],0.054576+0.000129*delta[0]+0.000266*delta[1]-0.000046*delta[2],0.018555+0.000026*delta[0]+0.000064*delta[1]+0.000007*delta[2],0.022594+0.000025*delta[0]+0.000083*delta[1]+0.000004*delta[2],0.026754+0.000054*delta[0]+0.000097*delta[1]+0.000012*delta[2],0.025667+0.000018*delta[0]+0.000117*delta[1]+0.000008*delta[2],0.024336+0.000056*delta[0]+0.000101*delta[1]-0.000016*delta[2],0.041754+0.000078*delta[0]+0.000186*delta[1]+0.000032*delta[2],0.094996+0.000213*delta[0]+0.000443*delta[1]+0.000067*delta[2],0.027629+0.000053*delta[0]+0.000091*delta[1]+0.000004*delta[2],0.035955+0.000067*delta[0]+0.000157*delta[1]+0.000020*delta[2],0.041114+0.000083*delta[0]+0.000191*delta[1]+0.000013*delta[2],0.018637+0.000040*delta[0]+0.000074*delta[1]+0.000011*delta[2],0.024646+0.000031*delta[0]+0.000094*delta[1]-0.000015*delta[2],0.031017+0.000049*delta[0]+0.000120*delta[1]-0.000007*delta[2],0.036236+0.000078*delta[0]+0.000118*delta[1]-0.000008*delta[2],0.036313+0.000077*delta[0]+0.000122*delta[1]+0.000028*delta[2],0.022722+0.000034*delta[0]+0.000088*delta[1]+0.000007*delta[2],0.032786+0.000075*delta[0]+0.000137*delta[1]+0.000000*delta[2],0.047336+0.000148*delta[0]+0.000209*delta[1]+0.000031*delta[2],0.059501+0.000097*delta[0]+0.000227*delta[1]-0.000012*delta[2],0.061129+0.000030*delta[0]+0.000268*delta[1]-0.000004*delta[2],0.026967+0.000034*delta[0]+0.000114*delta[1]-0.000022*delta[2],0.050524+0.000095*delta[0]+0.000194*delta[1]-0.000017*delta[2],0.056279+0.000113*delta[0]+0.000258*delta[1]+0.000035*delta[2],0.049632+0.000083*delta[0]+0.000212*delta[1]-0.000010*delta[2],0.023494+0.000028*delta[0]+0.000091*delta[1]+0.000008*delta[2],0.033311+0.000070*delta[0]+0.000138*delta[1]-0.000005*delta[2],0.045270+0.000078*delta[0]+0.000186*delta[1]+0.000046*delta[2],0.055050+0.000135*delta[0]+0.000185*delta[1]-0.000007*delta[2],0.053825+0.000111*delta[0]+0.000196*delta[1]+0.000001*delta[2]
0.065739+0.000168*delta[0]+0.000283*delta[1]-0.000001*delta[2],0.098335+0.000161*delta[0]+0.000374*delta[1]+0.000075*delta[2],0.071750+0.000245*delta[0]+0.000286*delta[1]+0.000010*delta[2],0.023077+0.000046*delta[0]+0.000092*delta[1]+0.000023*delta[2],0.036214+0.000095*delta[0]+0.000140*delta[1]-0.000003*delta[2],0.058003+0.000141*delta[0]+0.000280*delta[1]-0.000011*delta[2],0.087451+0.000131*delta[0]+0.000369*delta[1]+0.000005*delta[2],0.100318+0.000239*delta[0]+0.000372*delta[1]+0.000024*delta[2],0.074995+0.000148*delta[0]+0.000339*delta[1]-0.000016*delta[2],0.029767+0.000048*delta[0]+0.000101*delta[1]-0.000014*delta[2],0.128390+0.000293*delta[0]+0.000500*delta[1]+0.000066*delta[2],0.294786+0.000516*delta[0]+0.001005*delta[1]-0.000085*delta[2],0.298354+0.000541*delta[0]+0.001318*delta[1]+0.000025*delta[2],0.129056+0.000421*delta[0]+0.000515*delta[1]+0.000124*delta[2],0.053587+0.000085*delta[0]+0.000252*delta[1]+0.000033*delta[2],0.077940+0.000145*delta[0]+0.000315*delta[1]+0.000004*delta[2],0.088828+0.000231*delta[0]+0.000348*delta[1]+0.000011*delta[2],0.021915+0.000054*delta[0]+0.000075*delta[1]+0.000016*delta[2],0.027302+0.000055*delta[0]+0.000112*delta[1]+0.000008*delta[2],0.030934+0.000069*delta[0]+0.000101*delta[1]+0.000000*delta[2],0.030949+0.000056*delta[0]+0.000148*delta[1]-0.000012*delta[2],0.026259+0.000045*delta[0]+0.000093*delta[1]+0.000013*delta[2],0.035469+0.000037*delta[0]+0.000138*delta[1]-0.000013*delta[2],0.046852+0.000122*delta[0]+0.000165*delta[1]+0.000009*delta[2],0.028280+0.000064*delta[0]+0.000119*delta[1]-0.000015*delta[2],0.019340+0.000037*delta[0]+0.000090*delta[1]-0.000002*delta[2],0.028267+0.000062*delta[0]+0.000109*delta[1]-0.000004*delta[2],0.047957+0.000083*delta[0]+0.000204*delta[1]-0.000011*delta[2],0.018123+0.000036*delta[0]+0.000069*delta[1]+0.000005*delta[2],0.021587+0.000042*delta[0]+0.000082*delta[1]-0.000003*delta[2],0.023447+0.000053*delta[0]+0.000089*delta[1]+0.000011*delta[2],0.022802+0.000054*delta[0]+0.000082*delta[1]+0.000008*delta[2],0.032861+0.000093*delta[0]+0.000117*delta[1]+0.000035*delta[2],0.045788+0.000094*delta[0]+0.000196*delta[1]+0.000015*delta[2],0.058167+0.000090*delta[0]+0.000278*delta[1]+0.000023*delta[2],0.058748+0.000155*delta[0]+0.000227*delta[1]+0.000001*delta[2],0.016483+0.000033*delta[0]+0.000063*delta[1]+0.000005*delta[2],0.021326+0.000035*delta[0]+0.000083*delta[1]-0.000010*delta[2],0.026908+0.000058*delta[0]+0.000102*delta[1]+0.000017*delta[2],0.030777+0.000071*delta[0]+0.000123*delta[1]+0.000011*delta[2],0.031725+0.000072*delta[0]+0.000131*delta[1]-0.000004*delta[2],0.028343+0.000055*delta[0]+0.000108*delta[1]+0.000022*delta[2],0.058297+0.000132*delta[0]+0.000245*delta[1]+0.000015*delta[2],0.067829+0.000179*delta[0]+0.000277*delta[1]+0.000003*delta[2],0.059735+0.000144*delta[0]+0.000213*delta[1]+0.000027*delta[2],0.017785+0.000037*delta[0]+0.000063*delta[1]-0.000005*delta[2],0.022992+0.000050*delta[0]+0.000102*delta[1]+0.000006*delta[2],0.028154+0.000054*delta[0]+0.000100*delta[1]+0.000015*delta[2],0.032276+0.000062*delta[0]+0.000109*delta[1]+0.000010*delta[2],0.032200+0.000052*delta[0]+0.000143*delta[1]+0.000021*delta[2]
0.066481+0.000091*delta[0]+0.000265*delta[1]+0.000016*delta[2],0.100486+0.000156*delta[0]+0.000391*delta[1]-0.000076*delta[2],0.072752+0.000098*delta[0]+0.000315*delta[1]-0.000051*delta[2],0.023361+0.000055*delta[0]+0.000087*delta[1]-0.000006*delta[2],0.037127+0.000090*delta[0]+0.000137*delta[1]+0.000008*delta[2],0.060628+0.000087*delta[0]+0.000247*delta[1]-0.000043*delta[2],0.093021+0.000127*delta[0]+0.000362*delta[1]-0.000008*delta[2],0.108355+0.000191*delta[0]+0.000392*delta[1]-0.000074*delta[2],0.079472+0.000105*delta[0]+0.000354*delta[1]+0.000021*delta[2],0.029768+0.000055*delta[0]+0.000120*delta[1]-0.000035*delta[2],0.128719+0.000264*delta[0]+0.000476*delta[1]-0.000070*delta[2],0.297234+0.000731*delta[0]+0.001222*delta[1]-0.000162*delta[2],0.300904+0.000397*delta[0]+0.001473*delta[1]+0.000035*delta[2],0.129922+0.000274*delta[0]+0.000508*delta[1]-0.000019*delta[2],0.051446+0.000087*delta[0]+0.000201*delta[1]-0.000056*delta[2],0.073770+0.000060*delta[0]+0.000343*delta[1]+0.000043*delta[2],0.083555+0.000237*delta[0]+0.000394*delta[1]-0.000064*delta[2],0.021247+0.000048*delta[0]+0.000097*delta[1]-0.000000*delta[2],0.026250+0.000047*delta[0]+0.000115*delta[1]-0.000019*delta[2],0.029716+0.000065*delta[0]+0.000117*delta[1]+0.000013*delta[2],0.029770+0.000071*delta[0]+0.000112*delta[1]+0.000010*delta[2],0.027011+0.000045*delta[0]+0.000107*delta[1]-0.000031*delta[2],0.036956+0.000030*delta[0]+0.000168*delta[1]-0.000045*delta[2],0.049074+0.000055*delta[0]+0.000238*delta[1]+0.000047*delta[2],0.028294+0.000045*delta[0]+0.000132*delta[1]-0.000016*delta[2],0.018858+0.000031*delta[0]+0.000082*delta[1]+0.000001*delta[2],0.027364+0.000050*delta[0]+0.000109*delta[1]+0.000018*delta[2],0.045744+0.000088*delta[0]+0.000205*delta[1]-0.000013*delta[2],0.017623+0.000035*delta[0]+0.000076*delta[1]+0.000008*delta[2],0.020821+0.000030*delta[0]+0.000088*delta[1]-0.000007*delta[2],0.022661+0.000038*delta[0]+0.000103*delta[1]-0.000017*delta[2],0.023128+0.000051*delta[0]+0.000101*delta[1]-0.000009*delta[2],0.033687+0.000053*delta[0]+0.000139*delta[1]-0.000019*delta[2],0.047464+0.000075*delta[0]+0.000224*delta[1]-0.000023*delta[2],0.060880+0.000060*delta[0]+0.000264*delta[1]-0.000019*delta[2],0.061708+0.000090*delta[0]+0.000218*delta[1]-0.000042*delta[2],0.016234+0.000031*delta[0]+0.000060*delta[1]-0.000012*delta[2],0.020730+0.000044*delta[0]+0.000101*delta[1]+0.000009*delta[2],0.026020+0.000062*delta[0]+0.000114*delta[1]+0.000003*delta[2],0.029600+0.000051*delta[0]+0.000127*delta[1]-0.000013*delta[2],0.030535+0.000076*delta[0]+0.000107*delta[1]-0.000006*delta[2],0.028635+0.000048*delta[0]+0.000114*delta[1]-0.000008*delta[2],0.059060+0.000111*delta[0]+0.000238*delta[1]+0.000015*delta[2],0.069126+0.000126*delta[0]+0.000320*delta[1]-0.000031*delta[2],0.060721+0.000137*delta[0]+0.000266*delta[1]+0.000016*delta[2],0.017501+0.000043*delta[0]+0.000068*delta[1]-0.000016*delta[2],0.022459+0.000038*delta[0]+0.000107*delta[1]+0.000001*delta[2],0.027602+0.000052*delta[0]+0.000116*delta[1]-0.000022*delta[2],0.031276+0.000032*delta[0]+0.000148*delta[1]+0.000005*delta[2],0.031286+0.000070*delta[0]+0.000119*delta[1]-0.000027*delta[2]
0.063934+0.000124*delta[0]+0.000277*delta[1]-0.000013*delta[2],0.093578+0.000207*delta[0]+0.000388*delta[1]+0.000007*delta[2],0.069324+0.000163*delta[0]+0.000257*delta[1]+0.000002*delta[2],0.021609+0.000048*delta[0]+0.000083*delta[1]+0.000010*delta[2],0.032550+0.000084*delta[0]+0.000132*delta[1]-0.000004*delta[2],0.049053+0.000085*delta[0]+0.000200*delta[1]-0.000001*delta[2],0.068364+0.000135*delta[0]+0.000288*delta[1]-0.000055*delta[2],0.076684+0.000129*delta[0]+0.000310*delta[1]-0.000025*delta[2],0.060950+0.000098*delta[0]+0.000214*delta[1]-0.000054*delta[2],0.029680+0.000047*delta[0]+0.000124*delta[1]+0.000001*delta[2],0.127263+0.000206*delta[0]+0.000527*delta[1]+0.000052*delta[2],0.292326+0.000618*delta[0]+0.001184*delta[1]+0.000034*delta[2],0.297341+0.000491*delta[0]+0.000917*delta[1]+0.000010*delta[2],0.129199+0.000262*delta[0]+0.000575*delta[1]+0.000019*delta[2],0.063828+0.000114*delta[0]+0.000260*delta[1]+0.000032*delta[2],0.101607+0.000211*delta[0]+0.000416*delta[1]+0.000037*delta[2],0.119908+0.000259*delta[0]+0.000388*delta[1]-0.000089*delta[2],0.024916+0.000039*delta[0]+0.000094*delta[1]-0.000024*delta[2],0.031925+0.000057*delta[0]+0.000117*delta[1]-0.000007*delta[2],0.036972+0.000070*delta[0]+0.000149*delta[1]-0.000003*delta[2],0.037039+0.000090*delta[0]+0.000166*delta[1]+0.000008*delta[2],0.023292+0.000049*delta[0]+0.000090*delta[1]+0.000008*delta[2],0.030201+0.000069*delta[0]+0.000109*delta[1]-0.000001*delta[2],0.038190+0.000091*delta[0]+0.000183*delta[1]-0.000001*delta[2],0.028165+0.000067*delta[0]+0.000122*delta[1]+0.000006*delta[2],0.020806+0.000052*delta[0]+0.000101*delta[1]+0.000005*delta[2],0.031426+0.000075*delta[0]+0.000102*delta[1]+0.000007*delta[2],0.058039+0.000120*delta[0]+0.000232*delta[1]-0.000053*delta[2],0.020226+0.000035*delta[0]+0.000076*delta[1]-0.000008*delta[2],0.024646+0.000066*delta[0]+0.000086*delta[1]+0.000017*delta[2],0.027229+0.000067*delta[0]+0.000096*delta[1]+0.000009*delta[2],0.020910+0.000044*delta[0]+0.000083*delta[1]-0.000003*delta[2],0.028995+0.000065*delta[0]+0.000092*delta[1]+0.000011*delta[2],0.038545+0.000064*delta[0]+0.000173*delta[1]-0.000006*delta[2],0.047092+0.000107*delta[0]+0.000173*delta[1]+0.000005*delta[2],0.047837+0.000083*delta[0]+0.000205*delta[1]-0.000050*delta[2],0.017716+0.000036*delta[0]+0.000076*delta[1]-0.000007*delta[2],0.023397+0.000055*delta[0]+0.000096*delta[1]+0.000012*delta[2],0.030145+0.000066*delta[0]+0.000129*delta[1]-0.000001*delta[2],0.035105+0.000068*delta[0]+0.000144*delta[1]+0.000011*delta[2],0.036346+0.000065*delta[0]+0.000131*delta[1]-0.000004*delta[2],0.026658+0.000041*delta[0]+0.000108*delta[1]-0.000006*delta[2],0.051389+0.000137*delta[0]+0.000207*delta[1]-0.000003*delta[2],0.058670+0.000101*delta[0]+0.000237*delta[1]-0.000028*delta[2],0.052540+0.000151*delta[0]+0.000215*delta[1]+0.000021*delta[2],0.018612+0.000030*delta[0]+0.000058*delta[1]-0.000002*delta[2],0.024270+0.000049*delta[0]+0.000065*delta[1]-0.000003*delta[2],0.030284+0.000081*delta[0]+0.000130*delta[1]-0.000006*delta[2],0.034795+0.000048*delta[0]+0.000123*delta[1]-0.000002*delta[2],0.034576+0.000072*delta[0]+0.000163*delta[1]+0.000021*delta[2]
0.065150+0.000166*delta[0]+0.000241*delta[1]-0.000010*delta[2],0.097063+0.000172*delta[0]+0.000418*delta[1]+0.000010*delta[2],0.071210+0.000198*delta[0]+0.000302*delta[1]-0.000010*delta[2],0.021994+0.000042*delta[0]+0.000098*delta[1]-0.000007*delta[2],0.033451+0.000087*delta[0]+0.000128*delta[1]+0.000007*delta[2],0.051230+0.000132*delta[0]+0.000202*delta[1]+0.000015*delta[2],0.072769+0.000089*delta[0]+0.000279*delta[1]-0.000008*delta[2],0.081851+0.000168*delta[0]+0.000289*delta[1]+0.000020*delta[2],0.064320+0.000148*delta[0]+0.000255*delta[1]-0.000039*delta[2],0.029876+0.000068*delta[0]+0.000113*delta[1]+0.000020*delta[2],0.129426+0.000265*delta[0]+0.000465*delta[1]-0.000089*delta[2],0.305018+0.000521*delta[0]+0.001233*delta[1]-0.000070*delta[2],0.310753+0.000613*delta[0]+0.001312*delta[1]+0.000069*delta[2],0.131730+0.000213*delta[0]+0.000541*delta[1]+0.000040*delta[2],0.061293+0.000114*delta[0]+0.000230*delta[1]-0.000036*delta[2],0.095827+0.000213*delta[0]+0.000366*delta[1]-0.000029*delta[2],0.112173+0.000265*delta[0]+0.000413*delta[1]+0.000069*delta[2],0.024072+0.000048*delta[0]+0.000094*delta[1]-0.000001*delta[2],0.030773+0.000069*delta[0]+0.000126*delta[1]-0.000011*delta[2],0.035351+0.000085*delta[0]+0.000147*delta[1]-0.000000*delta[2],0.035440+0.000112*delta[0]+0.000142*delta[1]+0.000015*delta[2],0.023907+0.000043*delta[0]+0.000094*delta[1]+0.000007*delta[2],0.031373+0.000050*delta[0]+0.000111*delta[1]+0.000013*delta[2],0.040040+0.000030*delta[0]+0.000130*delta[1]-0.000023*delta[2],0.028297+0.000047*delta[0]+0.000113*delta[1]-0.000006*delta[2],0.020406+0.000033*delta[0]+0.000095*delta[1]-0.000003*delta[2],0.030546+0.000074*delta[0]+0.000146*delta[1]-0.000008*delta[2],0.055134+0.000093*delta[0]+0.000212*delta[1]-0.000004*delta[2],0.019760+0.000042*delta[0]+0.000095*delta[1]-0.000009*delta[2],0.023759+0.000046*delta[0]+0.000110*delta[1]-0.000018*delta[2],0.026158+0.000072*delta[0]+0.000096*delta[1]+0.000003*delta[2],0.021247+0.000046*delta[0]+0.000091*delta[1]-0.000005*delta[2],0.029654+0.000038*delta[0]+0.000125*delta[1]+0.000012*delta[2],0.039951+0.000080*delta[0]+0.000186*delta[1]+0.000003*delta[2],0.049270+0.000106*delta[0]+0.000207*delta[1]+0.000011*delta[2],0.050090+0.000077*delta[0]+0.000209*delta[1]+0.000015*delta[2],0.017336+0.000036*delta[0]+0.000073*delta[1]+0.000009*delta[2],0.022757+0.000029*delta[0]+0.000095*delta[1]-0.000007*delta[2],0.029182+0.000081*delta[0]+0.000119*delta[1]+0.000016*delta[2],0.033809+0.000070*delta[0]+0.000126*delta[1]+0.000001*delta[2],0.034907+0.000063*delta[0]+0.000171*delta[1]+0.000001*delta[2],0.026956+0.000059*delta[0]+0.000127*delta[1]-0.000003*delta[2],0.052448+0.000102*delta[0]+0.000198*delta[1]+0.000000*delta[2],0.060034+0.000101*delta[0]+0.000253*delta[1]-0.000019*delta[2],0.053688+0.000102*delta[0]+0.000216*delta[1]-0.000070*delta[2],0.018243+0.000051*delta[0]+0.000067*delta[1]-0.000007*delta[2],0.023870+0.000052*delta[0]+0.000095*delta[1]-0.000001*delta[2],0.029655+0.000065*delta[0]+0.000127*delta[1]-0.000008*delta[2],0.033857+0.000059*delta[0]+0.000142*delta[1]+0.000006*delta[2],0.033737+0.000080*delta[0]+0.000123*delta[1]+0.000004*delta[2]
0.066394+0.000096*delta[0]+0.000228*delta[1]-0.000028*delta[2],0.100002+0.000219*delta[0]+0.000350*delta[1]+0.000022*delta[2],0.072650+0.000183*delta[0]+0.000276*delta[1]+0.000015*delta[2],0.022296+0.000045*delta[0]+0.000085*delta[1]+0.000011*delta[2],0.034305+0.000053*delta[0]+0.000132*delta[1]+0.000024*delta[2],0.053358+0.000096*delta[0]+0.000206*delta[1]+0.000002*delta[2],0.077384+0.000167*delta[0]+0.000247*delta[1]+0.000021*delta[2],0.087798+0.000225*delta[0]+0.000330*delta[1]+0.000010*delta[2],0.067717+0.000118*delta[0]+0.000269*delta[1]+0.000032*delta[2],0.029750+0.000067*delta[0]+0.000115*delta[1]+0.000001*delta[2],0.131062+0.000161*delta[0]+0.000434*delta[1]+0.000001*delta[2],0.316147+0.000734*delta[0]+0.001214*delta[1]+0.000405*delta[2],0.323054+0.000420*delta[0]+0.001280*delta[1]-0.000055*delta[2],0.133972+0.000333*delta[0]+0.000527*delta[1]-0.000021*delta[2],0.058987+0.000127*delta[0]+0.000241*delta[1]+0.000002*delta[2],0.090034+0.000134*delta[0]+0.000335*delta[1]-0.000044*delta[2],0.104936+0.000211*delta[0]+0.000425*delta[1]+0.000053*delta[2],0.023349+0.000052*delta[0]+0.000081*delta[1]-0.000007*delta[2],0.029564+0.000049*delta[0]+0.000136*delta[1]-0.000000*delta[2],0.033887+0.000079*delta[0]+0.000123*delta[1]-0.000012*delta[2],0.033835+0.000082*delta[0]+0.000123*delta[1]-0.000008*delta[2],0.024640+0.000055*delta[0]+0.000102*delta[1]+0.000001*delta[2],0.032610+0.000061*delta[0]+0.000103*delta[1]+0.000001*delta[2],0.042102+0.000071*delta[0]+0.000179*delta[1]-0.000005*delta[2],0.028396+0.000055*delta[0]+0.000107*delta[1]-0.000017*delta[2],0.019946+0.000037*delta[0]+0.000070*delta[1]-0.000014*delta[2],0.029747+0.000061*delta[0]+0.000097*delta[1]-0.000020*delta[2],0.052515+0.000148*delta[0]+0.000163*delta[1]+0.000011*delta[2],0.019117+0.000043*delta[0]+0.000077*delta[1]-0.000013*delta[2],0.022981+0.000038*delta[0]+0.000088*delta[1]+0.000013*delta[2],0.025263+0.000059*delta[0]+0.000097*delta[1]-0.000004*delta[2],0.021663+0.000049*delta[0]+0.000089*delta[1]+0.000004*delta[2],0.030559+0.000085*delta[0]+0.000121*delta[1]-0.000010*delta[2],0.041404+0.000059*delta[0]+0.000123*delta[1]+0.000009*delta[2],0.051348+0.000081*delta[0]+0.000198*delta[1]+0.000017*delta[2],0.052173+0.000123*delta[0]+0.000199*delta[1]+0.000017*delta[2],0.016976+0.000041*delta[0]+0.000068*delta[1]+0.000001*delta[2],0.022136+0.000032*delta[0]+0.000085*delta[1]+0.000011*delta[2],0.028222+0.000053*delta[0]+0.000093*delta[1]-0.000002*delta[2],0.032490+0.000090*delta[0]+0.000122*delta[1]-0.000001*delta[2],0.033578+0.000091*delta[0]+0.000129*delta[1]+0.000017*delta[2],0.027320+0.000049*delta[0]+0.000122*delta[1]-0.000007*delta[2],0.053436+0.000136*delta[0]+0.000198*delta[1]+0.000021*delta[2],0.061506+0.000141*delta[0]+0.000219*delta[1]+0.000003*delta[2],0.054712+0.000113*delta[0]+0.000191*delta[1]+0.000013*delta[2],0.018006+0.000027*delta[0]+0.000069*delta[1]-0.000015*delta[2],0.023294+0.000051*delta[0]+0.000104*delta[1]+0.000015*delta[2],0.028856+0.000067*delta[0]+0.000094*delta[1]-0.000023*delta[2],0.033047+0.000066*delta[0]+0.000124*delta[1]+0.000001*delta[2],0.032830+0.000061*delta[0]+0.000140*delta[1]+0.000011*delta[2]
0.067361+0.000093*delta[0]+0.000283*delta[1]+0.000019*delta[2],0.103021+0.000245*delta[0]+0.000427*delta[1]-0.000017*delta[2],0.074137+0.000168*delta[0]+0.000239*delta[1]-0.000005*delta[2],0.022610+0.000051*delta[0]+0.000099*delta[1]-0.000004*delta[2],0.035269+0.000082*delta[0]+0.000164*delta[1]-0.000041*delta[2],0.055646+0.000134*delta[0]+0.000224*delta[1]-0.000027*delta[2],0.082250+0.000216*delta[0]+0.000298*delta[1]+0.000012*delta[2],0.094214+0.000194*delta[0]+0.000306*delta[1]-0.000018*delta[2],0.071609+0.000160*delta[0]+0.000231*delta[1]-0.000063*delta[2],0.029640+0.000073*delta[0]+0.000093*delta[1]-0.000023*delta[2],0.132077+0.000303*delta[0]+0.000523*delta[1]+0.000030*delta[2],0.326016+0.000743*delta[0]+0.001381*delta[1]-0.000043*delta[2],0.332375+0.000589*delta[0]+0.001316*delta[1]+0.000041*delta[2],0.135728+0.000116*delta[0]+0.000503*delta[1]-0.000018*delta[2],0.056675+0.000138*delta[0]+0.000260*delta[1]+0.000016*delta[2],0.085013+0.000226*delta[0]+0.000350*delta[1]+0.000049*delta[2],0.097978+0.000289*delta[0]+0.000427*delta[1]+0.000035*delta[2],0.022586+0.000031*delta[0]+0.000091*delta[1]-0.000016*delta[2],0.028411+0.000048*delta[0]+0.000134*delta[1]-0.000005*delta[2],0.032374+0.000073*delta[0]+0.000137*delta[1]-0.000006*delta[2],0.032484+0.000100*delta[0]+0.000128*delta[1]-0.000023*delta[2],0.025273+0.000063*delta[0]+0.000092*delta[1]-0.000006*delta[2],0.033775+0.000079*delta[0]+0.000154*delta[1]-0.000016*delta[2],0.044000+0.000084*delta[0]+0.000192*delta[1]-0.000015*delta[2],0.028372+0.000062*delta[0]+0.000099*delta[1]-0.000003*delta[2],0.019553+0.000050*delta[0]+0.000097*delta[1]+0.000000*delta[2],0.028779+0.000078*delta[0]+0.000115*delta[1]-0.000002*delta[2],0.050045+0.000116*delta[0]+0.000173*delta[1]-0.000023*delta[2],0.018591+0.000035*delta[0]+0.000084*delta[1]+0.000003*delta[2],0.022164+0.000054*delta[0]+0.000092*delta[1]-0.000002*delta[2],0.024240+0.000047*delta[0]+0.000096*delta[1]-0.000001*delta[2],0.022024+0.000048*delta[0]+0.000074*delta[1]+0.000003*delta[2],0.031333+0.000048*delta[0]+0.000133*delta[1]-0.000028*delta[2],0.042911+0.000101*delta[0]+0.000161*delta[1]+0.000013*delta[2],0.053659+0.000080*delta[0]+0.000247*delta[1]-0.000039*delta[2],0.054542+0.000110*delta[0]+0.000223*delta[1]+0.000008*delta[2],0.016659+0.000035*delta[0]+0.000069*delta[1]+0.000001*delta[2],0.021556+0.000038*delta[0]+0.000086*delta[1]-0.000001*delta[2],0.027253+0.000074*delta[0]+0.000067*delta[1]-0.000016*delta[2],0.031312+0.000045*delta[0]+0.000115*delta[1]-0.000020*delta[2],0.032367+0.000069*delta[0]+0.000151*delta[1]-0.000003*delta[2],0.027432+0.000048*delta[0]+0.000109*delta[1]-0.000023*delta[2],0.054132+0.000099*delta[0]+0.000193*delta[1]-0.000003*delta[2],0.062755+0.000140*delta[0]+0.000246*delta[1]-0.000068*delta[2],0.055764+0.000130*delta[0]+0.000218*delta[1]-0.000003*delta[2],0.017692+0.000031*delta[0]+0.000078*delta[1]-0.000012*delta[2],0.022858+0.000048*delta[0]+0.000095*delta[1]-0.000015*delta[2],0.028089+0.000053*delta[0]+0.000129*delta[1]+0.000004*delta[2],0.032022+0.000073*delta[0]+0.000131*delta[1]-0.000006*delta[2],0.032013+0.000047*delta[0]+0.000133*delta[1]-0.000006*delta[2]
0.049006+0.000134*delta[0]+0.000191*delta[1]-0.000022*delta[2],0.047059+0.000105*delta[0]+0.000163*delta[1]+0.000015*delta[2],0.035815+0.000060*delta[0]+0.000139*delta[1]+0.000004*delta[2],0.022632+0.000034*delta[0]+0.000086*delta[1]-0.000007*delta[2],0.030918+0.000046*delta[0]+0.000097*delta[1]-0.000009*delta[2],0.039597+0.000088*delta[0]+0.000145*delta[1]+0.000002*delta[2],0.044871+0.000068*delta[0]+0.000141*delta[1]+0.000031*delta[2],0.042685+0.000083*delta[0]+0.000150*delta[1]-0.000039*delta[2],0.033450+0.000084*delta[0]+0.000112*delta[1]+0.000009*delta[2],0.037942+0.000088*delta[0]+0.000127*delta[1]-0.000028*delta[2],0.104932+0.000203*delta[0]+0.000382*delta[1]-0.000102*delta[2],0.124244+0.000220*delta[0]+0.000440*delta[1]+0.000083*delta[2],0.092650+0.000243*delta[0]+0.000363*delta[1]+0.000070*delta[2],0.054918+0.000112*delta[0]+0.000214*delta[1]-0.000005*delta[2],0.093721+0.000172*delta[0]+0.000504*delta[1]-0.000048*delta[2],0.125764+0.000218*delta[0]+0.000466*delta[1]-0.000047*delta[2],0.106768+0.000200*delta[0]+0.000425*delta[1]+0.000016*delta[2],0.038022+0.000072*delta[0]+0.000144*delta[1]+0.000014*delta[2],0.048502+0.000097*delta[0]+0.000217*delta[1]-0.000014*delta[2],0.051267+0.000090*delta[0]+0.000209*delta[1]-0.000028*delta[2],0.044075+0.000078*delta[0]+0.000183*delta[1]-0.000023*delta[2],0.021710+0.000034*delta[0]+0.000081*delta[1]-0.000002*delta[2],0.025630+0.000044*delta[0]+0.000118*delta[1]-0.000000*delta[2],0.026646+0.000041*delta[0]+0.000111*delta[1]-0.000022*delta[2],0.034497+0.000112*delta[0]+0.000149*delta[1]-0.000024*delta[2],0.031831+0.000046*delta[0]+0.000099*delta[1]+0.000002*delta[2],0.055442+0.000092*delta[0]+0.000214*delta[1]-0.000012*delta[2],0.063596+0.000197*delta[0]+0.000282*delta[1]-0.000004*delta[2],0.031115+0.000086*delta[0]+0.000125*delta[1]-0.000031*delta[2],0.037841+0.000081*delta[0]+0.000172*delta[1]-0.000008*delta[2],0.039161+0.000068*delta[0]+0.000156*delta[1]+0.000032*delta[2],0.023136+0.000059*delta[0]+0.000105*delta[1]-0.000001*delta[2],0.029949+0.000060*delta[0]+0.000129*delta[1]+0.000007*delta[2],0.036252+0.000070*delta[0]+0.000154*delta[1]-0.000013*delta[2],0.039008+0.000095*delta[0]+0.000136*delta[1]-0.000012*delta[2],0.035497+0.000065*delta[0]+0.000150*delta[1]-0.000017*delta[2],0.028011+0.000066*delta[0]+0.000094*delta[1]+0.000010*delta[2],0.039850+0.000095*delta[0]+0.000154*delta[1]-0.000003*delta[2],0.053883+0.000072*delta[0]+0.000235*delta[1]-0.000011*delta[2],0.059103+0.000098*delta[0]+0.000253*delta[1]-0.000005*delta[2],0.052763+0.000055*delta[0]+0.000201*delta[1]-0.000022*delta[2],0.035166+0.000048*delta[0]+0.000116*delta[1]-0.000006*delta[2],0.059804+0.000093*delta[0]+0.000255*delta[1]-0.000037*delta[2],0.057789+0.000104*delta[0]+0.000211*delta[1]-0.000018*delta[2],0.044523+0.000096*delta[0]+0.000187*delta[1]-0.000009*delta[2],0.029574+0.000057*delta[0]+0.000111*delta[1]+0.000008*delta[2],0.041584+0.000064*delta[0]+0.000146*delta[1]-0.000029*delta[2],0.052620+0.000115*delta[0]+0.000229*delta[1]-0.000006*delta[2],0.056543+0.000164*delta[0]+0.000228*delta[1]+0.000017*delta[2],0.048329+0.000141*delta[0]+0.000183*delta[1]+0.000002*delta[2]
0.082805+0.000180*delta[0]+0.000300*delta[1]-0.000048*delta[2],0.081899+0.000219*delta[0]+0.000253*delta[1]+0.000009*delta[2],0.053348+0.000092*delta[0]+0.000195*delta[1]-0.000042*delta[2],0.028058+0.000068*delta[0]+0.000107*delta[1]-0.000005*delta[2],0.043154+0.000083*delta[0]+0.000189*delta[1]+0.000012*delta[2],0.063898+0.000176*delta[0]+0.000236*delta[1]-0.000005*delta[2],0.079958+0.000100*delta[0]+0.000322*delta[1]-0.000084*delta[2],0.074096+0.000164*delta[0]+0.000328*delta[1]-0.000073*delta[2],0.051041+0.000101*delta[0]+0.000202*delta[1]+0.000002*delta[2],0.042942+0.000109*delta[0]+0.000123*delta[1]-0.000009*delta[2],0.220406+0.000357*delta[0]+0.000898*delta[1]-0.000313*delta[2],0.346910+0.000589*delta[0]+0.001450*delta[1]+0.000010*delta[2],0.185968+0.000379*delta[0]+0.000710*delta[1]-0.000139*delta[2],0.077302+0.000160*delta[0]+0.000332*delta[1]+0.000021*delta[2],0.079415+0.000168*delta[0]+0.000295*delta[1]-0.000059*delta[2],0.105063+0.000160*delta[0]+0.000472*delta[1]-0.000043*delta[2],0.094950+0.000146*delta[0]+0.000342*delta[1]-0.000036*delta[2],0.027322+0.000035*delta[0]+0.000106*delta[1]-0.000015*delta[2],0.033163+0.000069*delta[0]+0.000129*delta[1]+0.000003*delta[2],0.035178+0.000093*delta[0]+0.000117*delta[1]-0.000018*delta[2],0.032185+0.000067*delta[0]+0.000128*delta[1]+0.000001*delta[2],0.028149+0.000051*delta[0]+0.000115*delta[1]-0.000005*delta[2],0.035452+0.000097*delta[0]+0.000157*delta[1]-0.000017*delta[2],0.037761+0.000047*delta[0]+0.000120*delta[1]-0.000011*delta[2],0.040015+0.000083*delta[0]+0.000168*delta[1]-0.000014*delta[2],0.025387+0.000050*delta[0]+0.000093*delta[1]-0.000005*delta[2],0.038220+0.000062*delta[0]+0.000169*delta[1]-0.000002*delta[2],0.044545+0.000080*delta[0]+0.000109*delta[1]-0.000062*delta[2],0.022084+0.000043*delta[0]+0.000090*delta[1]-0.000006*delta[2],0.025393+0.000029*delta[0]+0.000096*delta[1]-0.000026*delta[2],0.026238+0.000048*delta[0]+0.000093*delta[1]-0.000009*delta[2],0.026146+0.000055*delta[0]+0.000102*delta[1]-0.000004*delta[2],0.035805+0.000089*delta[0]+0.000120*delta[1]-0.000027*delta[2],0.045522+0.000104*delta[0]+0.000185*delta[1]+0.000027*delta[2],0.050514+0.000081*delta[0]+0.000226*delta[1]+0.000042*delta[2],0.045281+0.000063*delta[0]+0.000190*delta[1]-0.000010*delta[2],0.020406+0.000049*delta[0]+0.000078*delta[1]-0.000012*delta[2],0.026245+0.000055*delta[0]+0.000109*delta[1]-0.000014*delta[2],0.032121+0.000075*delta[0]+0.000133*delta[1]+0.000020*delta[2],0.034408+0.000067*delta[0]+0.000139*delta[1]-0.000017*delta[2],0.032625+0.000090*delta[0]+0.000125*delta[1]-0.000004*delta[2],0.033477+0.000071*delta[0]+0.000132*delta[1]-0.000021*delta[2],0.057921+0.000148*delta[0]+0.000219*delta[1]-0.000012*delta[2],0.057451+0.000084*delta[0]+0.000249*delta[1]-0.000017*delta[2],0.045327+0.000110*delta[0]+0.000159*delta[1]-0.000019*delta[2],0.021542+0.000043*delta[0]+0.000079*delta[1]+0.000007*delta[2],0.027430+0.000054*delta[0]+0.000097*delta[1]-0.000009*delta[2],0.032284+0.000066*delta[0]+0.000124*delta[1]-0.000008*delta[2],0.034316+0.000077*delta[0]+0.000145*delta[1]+0.000007*delta[2],0.031405+0.000077*delta[0]+0.000131*delta[1]+0.000003*delta[2]
0.085036+0.000161*delta[0]+0.000357*delta[1]-0.000004*delta[2],0.084005+0.000203*delta[0]+0.000280*delta[1]+0.000048*delta[2],0.054296+0.000109*delta[0]+0.000212*delta[1]-0.000033*delta[2],0.028797+0.000062*delta[0]+0.000098*delta[1]-0.000009*delta[2],0.044860+0.000095*delta[0]+0.000203*delta[1]+0.000022*delta[2],0.067681+0.000115*delta[0]+0.000279*delta[1]+0.000005*delta[2],0.085713+0.000247*delta[0]+0.000310*delta[1]+0.000047*delta[2],0.078941+0.000191*delta[0]+0.000332*delta[1]-0.000029*delta[2],0.053255+0.000152*delta[0]+0.000177*delta[1]-0.000037*delta[2],0.043109+0.000103*delta[0]+0.000158*delta[1]-0.000035*delta[2],0.226573+0.000337*delta[0]+0.001005*delta[1]-0.000034*delta[2],0.361746+0.001044*delta[0]+0.001275*delta[1]+0.000035*delta[2],0.190561+0.000431*delta[0]+0.000705*delta[1]+0.000023*delta[2],0.077912+0.000163*delta[0]+0.000338*delta[1]+0.000052*delta[2],0.075297+0.000145*delta[0]+0.000305*delta[1]-0.000046*delta[2],0.098401+0.000208*delta[0]+0.000441*delta[1]+0.000008*delta[2],0.090005+0.000202*delta[0]+0.000297*delta[1]-0.000066*delta[2],0.026501+0.000042*delta[0]+0.000104*delta[1]+0.000009*delta[2],0.031819+0.000077*delta[0]+0.000144*delta[1]-0.000007*delta[2],0.033588+0.000045*delta[0]+0.000137*delta[1]+0.000010*delta[2],0.030943+0.000066*delta[0]+0.000123*delta[1]-0.000014*delta[2],0.029219+0.000059*delta[0]+0.000096*delta[1]-0.000034*delta[2],0.037015+0.000038*delta[0]+0.000141*delta[1]-0.000010*delta[2],0.039522+0.000080*delta[0]+0.000162*delta[1]-0.000020*delta[2],0.040334+0.000085*delta[0]+0.000157*delta[1]+0.000025*delta[2],0.024798+0.000047*delta[0]+0.000102*delta[1]+0.000019*delta[2],0.036879+0.000077*delta[0]+0.000154*delta[1]-0.000007*delta[2],0.042955+0.000123*delta[0]+0.000202*delta[1]+0.000009*delta[2],0.021336+0.000061*delta[0]+0.000083*delta[1]+0.000001*delta[2],0.024511+0.000045*delta[0]+0.000105*delta[1]-0.000007*delta[2],0.025302+0.000055*delta[0]+0.000105*delta[1]-0.000001*delta[2],0.026717+0.000071*delta[0]+0.000112*delta[1]+0.000002*delta[2],0.037104+0.000073*delta[0]+0.000162*delta[1]+0.000007*delta[2],0.047364+0.000104*delta[0]+0.000172*delta[1]+0.000014*delta[2],0.052877+0.000091*delta[0]+0.000203*delta[1]+0.000005*delta[2],0.047069+0.000124*delta[0]+0.000211*delta[1]-0.000024*delta[2],0.019961+0.000047*delta[0]+0.000070*delta[1]-0.000015*delta[2],0.025401+0.000054*delta[0]+0.000090*delta[1]-0.000010*delta[2],0.031027+0.000080*delta[0]+0.000113*delta[1]-0.000001*delta[2],0.033110+0.000088*delta[0]+0.000129*delta[1]-0.000023*delta[2],0.031421+0.000068*delta[0]+0.000109*delta[1]-0.000009*delta[2],0.033992+0.000081*delta[0]+0.000112*delta[1]+0.000018*delta[2],0.059128+0.000123*delta[0]+0.000205*delta[1]-0.000030*delta[2],0.058804+0.000123*delta[0]+0.000184*delta[1]-0.000002*delta[2],0.046214+0.000082*delta[0]+0.000170*delta[1]-0.000036*delta[2],0.021260+0.000047*delta[0]+0.000094*delta[1]-0.000018*delta[2],0.026853+0.000060*delta[0]+0.000104*delta[1]-0.000014*delta[2],0.031487+0.000078*delta[0]+0.000112*delta[1]-0.000027*delta[2],0.033425+0.000095*delta[0]+0.000120*delta[1]-0.000001*delta[2],0.030629+0.000082*delta[0]+0.000114*delta[1]-0.000012*delta[2]
0.086802+0.000130*delta[0]+0.000319*delta[1]-0.000025*delta[2],0.086283+0.000170*delta[0]+0.000330*delta[1]-0.000028*delta[2],0.055246+0.000071*delta[0]+0.000227*delta[1]-0.000033*delta[2],0.029425+0.000069*delta[0]+0.000131*delta[1]-0.000003*delta[2],0.046499+0.000070*delta[0]+0.000183*delta[1]+0.000005*delta[2],0.071655+0.000157*delta[0]+0.000324*delta[1]+0.000026*delta[2],0.092134+0.000162*delta[0]+0.000442*delta[1]+0.000015*delta[2],0.084299+0.000145*delta[0]+0.000307*delta[1]-0.000052*delta[2],0.055658+0.000100*delta[0]+0.000210*delta[1]+0.000002*delta[2],0.043062+0.000079*delta[0]+0.000157*delta[1]-0.000018*delta[2],0.231482+0.000614*delta[0]+0.001070*delta[1]+0.000004*delta[2],0.373064+0.000683*delta[0]+0.001488*delta[1]+0.000069*delta[2],0.194301+0.000395*delta[0]+0.000787*delta[1]-0.000110*delta[2],0.078412+0.000168*delta[0]+0.000297*delta[1]-0.000017*delta[2],0.071815+0.000096*delta[0]+0.000261*delta[1]-0.000035*delta[2],0.092485+0.000187*delta[0]+0.000369*delta[1]+0.000006*delta[2],0.085186+0.000236*delta[0]+0.000293*delta[1]+0.000016*delta[2],0.025584+0.000060*delta[0]+0.000113*delta[1]+0.000032*delta[2],0.030557+0.000049*delta[0]+0.000144*delta[1]-0.000024*delta[2],0.032216+0.000046*delta[0]+0.000127*delta[1]-0.000024*delta[2],0.029802+0.000061*delta[0]+0.000143*delta[1]+0.000003*delta[2],0.030269+0.000048*delta[0]+0.000129*delta[1]+0.000011*delta[2],0.038754+0.000073*delta[0]+0.000142*delta[1]-0.000003*delta[2],0.041317+0.000090*delta[0]+0.000170*delta[1]-0.000012*delta[2],0.040809+0.000094*delta[0]+0.000173*delta[1]+0.000005*delta[2],0.024096+0.000040*delta[0]+0.000110*delta[1]-0.000017*delta[2],0.035607+0.000080*delta[0]+0.000129*delta[1]-0.000013*delta[2],0.041374+0.000078*delta[0]+0.000160*delta[1]-0.000020*delta[2],0.020670+0.000038*delta[0]+0.000082*delta[1]-0.000005*delta[2],0.023629+0.000058*delta[0]+0.000083*delta[1]+0.000001*delta[2],0.024297+0.000069*delta[0]+0.000101*delta[1]+0.000001*delta[2],0.027312+0.000044*delta[0]+0.000112*delta[1]-0.000013*delta[2],0.038248+0.000060*delta[0]+0.000194*delta[1]+0.000030*delta[2],0.049523+0.000053*delta[0]+0.000217*delta[1]+0.000057*delta[2],0.055282+0.000098*delta[0]+0.000189*delta[1]-0.000040*delta[2],0.049079+0.000107*delta[0]+0.000182*delta[1]-0.000021*delta[2],0.019511+0.000038*delta[0]+0.000082*delta[1]-0.000016*delta[2],0.024720+0.000056*delta[0]+0.000102*delta[1]+0.000004*delta[2],0.029877+0.000047*delta[0]+0.000158*delta[1]-0.000006*delta[2],0.031885+0.000073*delta[0]+0.000122*delta[1]-0.000012*delta[2],0.030407+0.000079*delta[0]+0.000127*delta[1]-0.000005*delta[2],0.034477+0.000084*delta[0]+0.000141*delta[1]-0.000013*delta[2],0.060439+0.000070*delta[0]+0.000235*delta[1]+0.000042*delta[2],0.060071+0.000137*delta[0]+0.000271*delta[1]-0.000053*delta[2],0.047051+0.000122*delta[0]+0.000172*delta[1]-0.000021*delta[2],0.020787+0.000039*delta[0]+0.000099*delta[1]-0.000003*delta[2],0.026337+0.000038*delta[0]+0.000109*delta[1]-0.000016*delta[2],0.030674+0.000057*delta[0]+0.000140*delta[1]-0.000022*delta[2],0.032477+0.000081*delta[0]+0.000134*delta[1]-0.000003*delta[2],0.029909+0.000077*delta[0]+0.000130*delta[1]-0.000010*delta[2]
0.088501+0.000208*delta[0]+0.000377*delta[1]-0.000040*delta[2],0.088026+0.000167*delta[0]+0.000384*delta[1]+0.000069*delta[2],0.055918+0.000132*delta[0]+0.000235*delta[1]+0.000020*delta[2],0.029947+0.000075*delta[0]+0.000124*delta[1]+0.000005*delta[2],0.048262+0.000074*delta[0]+0.000193*delta[1]-0.000004*delta[2],0.075830+0.000164*delta[0]+0.000360*delta[1]-0.000053*delta[2],0.098955+0.000175*delta[0]+0.000423*delta[1]-0.000005*delta[2],0.089994+0.000194*delta[0]+0.000392*delta[1]+0.000062*delta[2],0.058160+0.000122*delta[0]+0.000270*delta[1]+0.000037*delta[2],0.043022+0.000083*delta[0]+0.000188*delta[1]-0.000025*delta[2],0.233247+0.000500*delta[0]+0.001288*delta[1]+0.000067*delta[2],0.380135+0.000707*delta[0]+0.001420*delta[1]+0.000130*delta[2],0.196577+0.000310*delta[0]+0.000811*delta[1]+0.000117*delta[2],0.078749+0.000138*delta[0]+0.000360*delta[1]+0.000015*delta[2],0.068136+0.000171*delta[0]+0.000271*delta[1]+0.000038*delta[2],0.087094+0.000152*delta[0]+0.000472*delta[1]-0.000020*delta[2],0.080367+0.000183*delta[0]+0.000326*delta[1]-0.000011*delta[2],0.024650+0.000044*delta[0]+0.000123*delta[1]+0.000003*delta[2],0.029264+0.000064*delta[0]+0.000125*delta[1]+0.000006*delta[2],0.030809+0.000052*delta[0]+0.000128*delta[1]+0.000009*delta[2],0.028701+0.000053*delta[0]+0.000121*delta[1]-0.000016*delta[2],0.031388+0.000063*delta[0]+0.000132*delta[1]-0.000011*delta[2],0.040529+0.000083*delta[0]+0.000175*delta[1]+0.000013*delta[2],0.043360+0.000082*delta[0]+0.000172*delta[1]+0.000002*delta[2],0.040712+0.000057*delta[0]+0.000177*delta[1]-0.000010*delta[2],0.023522+0.000052*delta[0]+0.000106*delta[1]+0.000015*delta[2],0.034174+0.000058*delta[0]+0.000141*delta[1]+0.000018*delta[2],0.039656+0.000102*delta[0]+0.000166*delta[1]+0.000020*delta[2],0.019979+0.000045*delta[0]+0.000103*delta[1]-0.000008*delta[2],0.022811+0.000052*delta[0]+0.000089*delta[1]+0.000006*delta[2],0.023437+0.000040*delta[0]+0.000097*delta[1]+0.000002*delta[2],0.027918+0.000053*delta[0]+0.000119*delta[1]+0.000010*delta[2],0.039465+0.000109*delta[0]+0.000135*delta[1]-0.000004*delta[2],0.051612+0.000103*delta[0]+0.000249*delta[1]+0.000019*delta[2],0.057769+0.000077*delta[0]+0.000288*delta[1]+0.000031*delta[2],0.050997+0.000127*delta[0]+0.000229*delta[1]-0.000017*delta[2],0.019058+0.000034*delta[0]+0.000078*delta[1]+0.000010*delta[2],0.023899+0.000054*delta[0]+0.000096*delta[1]-0.000001*delta[2],0.028798+0.000054*delta[0]+0.000130*delta[1]-0.000003*delta[2],0.030709+0.000063*delta[0]+0.000136*delta[1]-0.000003*delta[2],0.029328+0.000047*delta[0]+0.000146*delta[1]+0.000018*delta[2],0.034742+0.000080*delta[0]+0.000163*delta[1]+0.000010*delta[2],0.061189+0.000094*delta[0]+0.000251*delta[1]-0.000035*delta[2],0.061132+0.000154*delta[0]+0.000276*delta[1]+0.000006*delta[2],0.047767+0.000140*delta[0]+0.000208*delta[1]+0.000019*delta[2],0.020493+0.000041*delta[0]+0.000079*delta[1]+0.000001*delta[2],0.025622+0.000051*delta[0]+0.000100*delta[1]+0.000014*delta[2],0.029823+0.000079*delta[0]+0.000138*delta[1]-0.000003*delta[2],0.031616+0.000068*delta[0]+0.000133*delta[1]+0.000010*delta[2],0.029109+0.000056*delta[0]+0.000112*delta[1]+0.000007*delta[2]
0.087252+0.000174*delta[0]+0.000355*delta[1]+0.000107*delta[2],0.086903+0.000184*delta[0]+0.000352*delta[1]-0.000027*delta[2],0.055435+0.000094*delta[0]+0.000197*delta[1]-0.000001*delta[2],0.028015+0.000047*delta[0]+0.000119*delta[1]-0.000008*delta[2],0.043218+0.000051*delta[0]+0.000160*delta[1]+0.000022*delta[2],0.064023+0.000141*delta[0]+0.000266*delta[1]-0.000006*delta[2],0.080358+0.000186*delta[0]+0.000357*delta[1]-0.000036*delta[2],0.074870+0.000185*delta[0]+0.000321*delta[1]+0.000057*delta[2],0.051433+0.000085*delta[0]+0.000190*delta[1]-0.000007*delta[2],0.042977+0.000116*delta[0]+0.000192*delta[1]+0.000014*delta[2],0.237951+0.000258*delta[0]+0.000988*delta[1]-0.000143*delta[2],0.396700+0.000889*delta[0]+0.001551*delta[1]+0.000296*delta[2],0.201624+0.000336*delta[0]+0.000830*delta[1]-0.000070*delta[2],0.079560+0.000096*delta[0]+0.000336*delta[1]-0.000015*delta[2],0.081773+0.000159*delta[0]+0.000289*delta[1]-0.000011*delta[2],0.109154+0.000203*delta[0]+0.000451*delta[1]+0.000010*delta[2],0.098951+0.000180*delta[0]+0.000420*delta[1]-0.000034*delta[2],0.027419+0.000060*delta[0]+0.000117*delta[1]+0.000013*delta[2],0.033218+0.000070*delta[0]+0.000135*delta[1]-0.000010*delta[2],0.035223+0.000094*delta[0]+0.000142*delta[1]+0.000011*delta[2],0.032370+0.000053*delta[0]+0.000153*delta[1]+0.000009*delta[2],0.027957+0.000062*delta[0]+0.000131*delta[1]-0.000021*delta[2],0.035156+0.000096*delta[0]+0.000168*delta[1]+0.000011*delta[2],0.037516+0.000074*delta[0]+0.000138*delta[1]-0.000018*delta[2],0.039856+0.000076*delta[0]+0.000163*delta[1]-0.000001*delta[2],0.025231+0.000054*delta[0]+0.000100*delta[1]-0.000003*delta[2],0.037837+0.000067*delta[0]+0.000158*delta[1]+0.000012*delta[2],0.044517+0.000093*delta[0]+0.000161*delta[1]+0.000027*delta[2],0.021869+0.000035*delta[0]+0.000100*delta[1]-0.000001*delta[2],0.025229+0.000056*delta[0]+0.000067*delta[1]-0.000008*delta[2],0.026034+0.000053*delta[0]+0.000115*delta[1]-0.000003*delta[2],0.025652+0.000069*delta[0]+0.000104*delta[1]-0.000014*delta[2],0.034992+0.000070*delta[0]+0.000117*delta[1]-0.000046*delta[2],0.044329+0.000092*delta[0]+0.000179*delta[1]-0.000017*delta[2],0.048890+0.000099*delta[0]+0.000210*delta[1]+0.000064*delta[2],0.044151+0.000101*delta[0]+0.000167*delta[1]-0.000012*delta[2],0.020089+0.000039*delta[0]+0.000087*delta[1]+0.000003*delta[2],0.025692+0.000042*delta[0]+0.000091*delta[1]+0.000009*delta[2],0.031457+0.000082*delta[0]+0.000143*delta[1]+0.000029*delta[2],0.033654+0.000072*delta[0]+0.000101*delta[1]-0.000010*delta[2],0.032006+0.000058*delta[0]+0.000127*delta[1]+0.000022*delta[2],0.032398+0.000068*delta[0]+0.000143*delta[1]-0.000001*delta[2],0.054979+0.000140*delta[0]+0.000235*delta[1]-0.000017*delta[2],0.054699+0.000110*delta[0]+0.000220*delta[1]-0.000024*delta[2],0.043796+0.000100*delta[0]+0.000213*delta[1]-0.000009*delta[2],0.021115+0.000038*delta[0]+0.000098*delta[1]-0.000003*delta[2],0.026594+0.000046*delta[0]+0.000144*delta[1]-0.000011*delta[2],0.031280+0.000055*delta[0]+0.000128*delta[1]+0.000019*delta[2],0.033150+0.000050*delta[0]+0.000135*delta[1]-0.000014*delta[2],0.030431+0.000077*delta[0]+0.000128*delta[1]-0.000010*delta[2]
0.089693+0.000094*delta[0]+0.000350*delta[1]-0.000030*delta[2],0.089360+0.000133*delta[0]+0.000316*delta[1]+0.000001*delta[2],0.056524+0.000115*delta[0]+0.000220*delta[1]-0.000013*delta[2],0.028624+0.000046*delta[0]+0.000112*delta[1]-0.000012*delta[2],0.044758+0.000078*delta[0]+0.000202*delta[1]+0.000014*delta[2],0.067833+0.000134*delta[0]+0.000273*delta[1]-0.000013*delta[2],0.086297+0.000128*delta[0]+0.000407*delta[1]-0.000007*delta[2],0.079589+0.000088*delta[0]+0.000316*delta[1]+0.000019*delta[2],0.053834+0.000060*delta[0]+0.000174*delta[1]+0.000004*delta[2],0.043026+0.000070*delta[0]+0.000167*delta[1]+0.000002*delta[2],0.245007+0.000337*delta[0]+0.000980*delta[1]+0.000258*delta[2],0.417166+0.000814*delta[0]+0.001727*delta[1]-0.000321*delta[2],0.206514+0.000359*delta[0]+0.000791*delta[1]+0.000111*delta[2],0.080095+0.000228*delta[0]+0.000222*delta[1]+0.000031*delta[2],0.077725+0.000066*delta[0]+0.000325*delta[1]-0.000006*delta[2],0.102374+0.000227*delta[0]+0.000343*delta[1]+0.000007*delta[2],0.093141+0.000226*delta[0]+0.000376*delta[1]+0.000022*delta[2],0.026379+0.000052*delta[0]+0.000113*delta[1]-0.000003*delta[2],0.031836+0.000052*delta[0]+0.000118*delta[1]+0.000013*delta[2],0.033715+0.000044*delta[0]+0.000152*delta[1]+0.000017*delta[2],0.031118+0.000068*delta[0]+0.000097*delta[1]+0.000023*delta[2],0.028964+0.000073*delta[0]+0.000121*delta[1]+0.000011*delta[2],0.036583+0.000047*delta[0]+0.000148*delta[1]+0.000011*delta[2],0.039289+0.000089*delta[0]+0.000148*delta[1]-0.000037*delta[2],0.040280+0.000040*delta[0]+0.000155*delta[1]-0.000008*delta[2],0.024678+0.000045*delta[0]+0.000105*delta[1]+0.000001*delta[2],0.036545+0.000075*delta[0]+0.000152*delta[1]+0.000004*delta[2],0.042787+0.000116*delta[0]+0.000157*delta[1]+0.000034*delta[2],0.021186+0.000040*delta[0]+0.000080*delta[1]+0.000009*delta[2],0.024384+0.000056*delta[0]+0.000093*delta[1]+0.000013*delta[2],0.025183+0.000057*delta[0]+0.000099*delta[1]+0.000001*delta[2],0.026258+0.000054*delta[0]+0.000105*delta[1]+0.000012*delta[2],0.036149+0.000064*delta[0]+0.000142*delta[1]-0.000001*delta[2],0.046070+0.000075*delta[0]+0.000158*delta[1]+0.000029*delta[2],0.051166+0.000140*delta[0]+0.000202*delta[1]+0.000034*delta[2],0.045965+0.000098*delta[0]+0.000185*delta[1]+0.000014*delta[2],0.019644+0.000026*delta[0]+0.000076*delta[1]+0.000007*delta[2],0.024918+0.000037*delta[0]+0.000098*delta[1]+0.000016*delta[2],0.030412+0.000055*delta[0]+0.000108*delta[1]+0.000017*delta[2],0.032437+0.000054*delta[0]+0.000110*delta[1]-0.000001*delta[2],0.030939+0.000066*delta[0]+0.000121*delta[1]-0.000006*delta[2],0.032856+0.000055*delta[0]+0.000123*delta[1]-0.000025*delta[2],0.056100+0.000148*delta[0]+0.000250*delta[1]+0.000019*delta[2],0.055825+0.000101*delta[0]+0.000230*delta[1]-0.000013*delta[2],0.044444+0.000095*delta[0]+0.000164*delta[1]+0.000012*delta[2],0.020736+0.000037*delta[0]+0.000072*delta[1]-0.000012*delta[2],0.026104+0.000053*delta[0]+0.000097*delta[1]-0.000006*delta[2],0.030525+0.000061*delta[0]+0.000130*delta[1]-0.000004*delta[2],0.032315+0.000050*delta[0]+0.000123*delta[1]+0.000008*delta[2],0.029786+0.000063*delta[0]+0.000120*delta[1]-0.000001*delta[2]
0.061625+0.000132*delta[0]+0.000302*delta[1]-0.000014*delta[2],0.045079+0.000097*delta[0]+0.000172*delta[1]-0.000006*delta[2],0.031544+0.000059*delta[0]+0.000126*delta[1]-0.000001*delta[2],0.037661+0.000087*delta[0]+0.000155*delta[1]+0.000000*delta[2],0.056712+0.000149*delta[0]+0.000250*delta[1]-0.000034*delta[2],0.075083+0.000185*delta[0]+0.000325*delta[1]+0.000036*delta[2],0.076676+0.000186*delta[0]+0.000340*delta[1]+0.000002*delta[2],0.058667+0.000155*delta[0]+0.000171*delta[1]-0.000019*delta[2],0.037984+0.000105*delta[0]+0.000142*delta[1]+0.000006*delta[2],0.055433+0.000133*delta[0]+0.000197*delta[1]-0.000020*delta[2],0.144702+0.000299*delta[0]+0.000617*delta[1]-0.000169*delta[2],0.124105+0.000397*delta[0]+0.000380*delta[1]-0.000067*delta[2],0.073526+0.000189*delta[0]+0.000349*delta[1]+0.000002*delta[2],0.041552+0.000089*delta[0]+0.000167*delta[1]+0.000019*delta[2],0.062186+0.000164*delta[0]+0.000200*delta[1]+0.000004*delta[2],0.063719+0.000133*delta[0]+0.000267*delta[1]+0.000003*delta[2],0.051210+0.000106*delta[0]+0.000238*delta[1]-0.000034*delta[2],0.026905+0.000090*delta[0]+0.000105*delta[1]+0.000003*delta[2],0.029557+0.000086*delta[0]+0.000123*delta[1]-0.000012*delta[2],0.028478+0.000051*delta[0]+0.000122*delta[1]-0.000022*delta[2],0.024661+0.000067*delta[0]+0.000120*delta[1]-0.000007*delta[2],0.036970+0.000070*delta[0]+0.000170*delta[1]+0.000016*delta[2],0.043969+0.000087*delta[0]+0.000204*delta[1]-0.000037*delta[2],0.037112+0.000097*delta[0]+0.000151*delta[1]-0.000004*delta[2],0.060454+0.000155*delta[0]+0.000232*delta[1]-0.000006*delta[2],0.029991+0.000077*delta[0]+0.000131*delta[1]+0.000008*delta[2],0.043274+0.000129*delta[0]+0.000171*delta[1]-0.000019*delta[2],0.032373+0.000092*delta[0]+0.000116*delta[1]-0.000004*delta[2],0.022878+0.000063*delta[0]+0.000114*delta[1]+0.000019*delta[2],0.024683+0.000062*delta[0]+0.000105*delta[1]+0.000001*delta[2],0.023632+0.000073*delta[0]+0.000081*delta[1]-0.000006*delta[2],0.040186+0.000090*delta[0]+0.000167*delta[1]-0.000011*delta[2],0.056930+0.000108*delta[0]+0.000241*delta[1]-0.000045*delta[2],0.068337+0.000190*delta[0]+0.000263*delta[1]+0.000030*delta[2],0.064563+0.000143*delta[0]+0.000215*delta[1]-0.000035*delta[2],0.047698+0.000127*delta[0]+0.000212*delta[1]-0.000005*delta[2],0.025206+0.000059*delta[0]+0.000110*delta[1]-0.000002*delta[2],0.031336+0.000062*delta[0]+0.000124*delta[1]+0.000001*delta[2],0.035741+0.000092*delta[0]+0.000193*delta[1]-0.000024*delta[2],0.034798+0.000067*delta[0]+0.000149*delta[1]+0.000012*delta[2],0.029896+0.000069*delta[0]+0.000117*delta[1]-0.000012*delta[2],0.061152+0.000168*delta[0]+0.000253*delta[1]+0.000012*delta[2],0.099438+0.000289*delta[0]+0.000403*delta[1]+0.000095*delta[2],0.075266+0.000200*delta[0]+0.000274*delta[1]+0.000009*delta[2],0.047207+0.000137*delta[0]+0.000187*delta[1]+0.000016*delta[2],0.029706+0.000071*delta[0]+0.000092*delta[1]-0.000012*delta[2],0.037610+0.000107*delta[0]+0.000156*delta[1]-0.000006*delta[2],0.041521+0.000091*delta[0]+0.000157*delta[1]-0.000020*delta[2],0.039671+0.000133*delta[0]+0.000154*delta[1]+0.000009*delta[2],0.032386+0.000065*delta[0]+0.000135*delta[1]+0.000015*delta[2]
0.063848+0.000135*delta[0]+0.000279*delta[1]+0.000004*delta[2],0.046297+0.000149*delta[0]+0.000206*delta[1]+0.000026*delta[2],0.032216+0.000083*delta[0]+0.000123*delta[1]+0.000015*delta[2],0.033791+0.000072*delta[0]+0.000132*delta[1]-0.000003*delta[2],0.048726+0.000099*delta[0]+0.000186*delta[1]-0.000004*delta[2],0.062219+0.000131*delta[0]+0.000306*delta[1]+0.000041*delta[2],0.063600+0.000135*delta[0]+0.000239*delta[1]+0.000014*delta[2],0.050988+0.000114*delta[0]+0.000198*delta[1]+0.000035*delta[2],0.034707+0.000045*delta[0]+0.000115*delta[1]+0.000014*delta[2],0.057037+0.000117*delta[0]+0.000227*delta[1]+0.000011*delta[2],0.160075+0.000276*delta[0]+0.000563*delta[1]-0.000176*delta[2],0.136908+0.000318*delta[0]+0.000461*delta[1]+0.000136*delta[2],0.078118+0.000157*delta[0]+0.000334*delta[1]+0.000053*delta[2],0.042729+0.000088*delta[0]+0.000147*delta[1]+0.000015*delta[2],0.081444+0.000118*delta[0]+0.000316*delta[1]-0.000029*delta[2],0.083621+0.000128*delta[0]+0.000293*delta[1]+0.000008*delta[2],0.063278+0.000104*delta[0]+0.000241*delta[1]+0.000005*delta[2],0.031955+0.000065*delta[0]+0.000141*delta[1]+0.000007*delta[2],0.035704+0.000057*delta[0]+0.000158*delta[1]+0.000003*delta[2],0.034174+0.000086*delta[0]+0.000153*delta[1]+0.000033*delta[2],0.028674+0.000079*delta[0]+0.000122*delta[1]+0.000019*delta[2],0.031343+0.000077*delta[0]+0.000137*delta[1]+0.000013*delta[2],0.036250+0.000094*delta[0]+0.000116*delta[1]+0.000003*delta[2],0.031702+0.000080*delta[0]+0.000116*delta[1]+0.000006*delta[2],0.056344+0.000147*delta[0]+0.000188*delta[1]+0.000029*delta[2],0.034102+0.000051*delta[0]+0.000135*delta[1]+0.000016*delta[2],0.052332+0.000075*delta[0]+0.000239*delta[1]+0.000040*delta[2],0.036952+0.000100*delta[0]+0.000138*delta[1]-0.000020*delta[2],0.026344+0.000050*delta[0]+0.000111*delta[1]-0.000014*delta[2],0.028834+0.000043*delta[0]+0.000137*delta[1]+0.000018*delta[2],0.027500+0.000053*delta[0]+0.000126*delta[1]+0.000008*delta[2],0.033984+0.000070*delta[0]+0.000146*delta[1]+0.000031*delta[2],0.045371+0.000095*delta[0]+0.000181*delta[1]+0.000040*delta[2],0.052674+0.000067*delta[0]+0.000221*delta[1]+0.000024*delta[2],0.050662+0.000126*delta[0]+0.000198*delta[1]+0.000033*delta[2],0.040119+0.000063*delta[0]+0.000147*delta[1]+0.000016*delta[2],0.027672+0.000058*delta[0]+0.000121*delta[1]+0.000012*delta[2],0.035456+0.000081*delta[0]+0.000140*delta[1]+0.000017*delta[2],0.041385+0.000104*delta[0]+0.000210*delta[1]+0.000005*delta[2],0.040010+0.000077*delta[0]+0.000127*delta[1]-0.000033*delta[2],0.033742+0.000076*delta[0]+0.000145*delta[1]+0.000016*delta[2],0.051810+0.000112*delta[0]+0.000212*delta[1]+0.000005*delta[2],0.077503+0.000159*delta[0]+0.000313*delta[1]+0.000024*delta[2],0.062304+0.000140*delta[0]+0.000278*delta[1]-0.000030*delta[2],0.041872+0.000081*delta[0]+0.000159*delta[1]-0.000019*delta[2],0.031177+0.000084*delta[0]+0.000116*delta[1]+0.000010*delta[2],0.039868+0.000083*delta[0]+0.000154*delta[1]+0.000006*delta[2],0.044529+0.000096*delta[0]+0.000171*delta[1]+0.000039*delta[2],0.042616+0.000063*delta[0]+0.000188*delta[1]+0.000020*delta[2],0.034259+0.000062*delta[0]+0.000112*delta[1]+0.000000*delta[2]
0.103745+0.000260*delta[0]+0.000351*delta[1]+0.000006*delta[2],0.066893+0.000141*delta[0]+0.000285*delta[1]+0.000025*delta[2],0.041020+0.000097*delta[0]+0.000182*delta[1]-0.000005*delta[2],0.039786+0.000058*delta[0]+0.000181*delta[1]+0.000003*delta[2],0.063989+0.000130*delta[0]+0.000286*delta[1]-0.000041*delta[2],0.091681+0.000220*delta[0]+0.000410*delta[1]+0.000075*delta[2],0.096020+0.000226*delta[0]+0.000409*delta[1]+0.000017*delta[2],0.071233+0.000126*delta[0]+0.000266*delta[1]+0.000011*delta[2],0.043385+0.000033*delta[0]+0.000193*delta[1]+0.000005*delta[2],0.065862+0.000147*delta[0]+0.000274*delta[1]+0.000020*delta[2],0.347896+0.000927*delta[0]+0.001415*delta[1]+0.000142*delta[2],0.268495+0.000361*delta[0]+0.001155*delta[1]-0.000140*delta[2],0.109194+0.000246*delta[0]+0.000465*delta[1]+0.000001*delta[2],0.049806+0.000092*delta[0]+0.000214*delta[1]-0.000032*delta[2],0.078586+0.000182*delta[0]+0.000330*delta[1]-0.000057*delta[2],0.082449+0.000173*delta[0]+0.000375*delta[1]-0.000033*delta[2],0.063918+0.000112*delta[0]+0.000238*delta[1]+0.000036*delta[2],0.026915+0.000051*delta[0]+0.000113*delta[1]+0.000016*delta[2],0.029947+0.000064*delta[0]+0.000115*delta[1]-0.000014*delta[2],0.029290+0.000062*delta[0]+0.000134*delta[1]+0.000002*delta[2],0.025437+0.000053*delta[0]+0.000105*delta[1]-0.000003*delta[2],0.036822+0.000075*delta[0]+0.000144*delta[1]+0.000018*delta[2],0.044273+0.000082*delta[0]+0.000175*delta[1]+0.000000*delta[2],0.038086+0.000069*delta[0]+0.000182*delta[1]+0.000007*delta[2],0.062559+0.000085*delta[0]+0.000248*delta[1]+0.000016*delta[2],0.028738+0.000055*delta[0]+0.000117*delta[1]-0.000012*delta[2],0.040833+0.000088*delta[0]+0.000175*delta[1]-0.000034*delta[2],0.032173+0.000083*delta[0]+0.000135*delta[1]+0.000002*delta[2],0.021622+0.000039*delta[0]+0.000063*delta[1]+0.000001*delta[2],0.023379+0.000064*delta[0]+0.000105*delta[1]-0.000002*delta[2],0.022633+0.000044*delta[0]+0.000100*delta[1]-0.000006*delta[2],0.034662+0.000071*delta[0]+0.000156*delta[1]+0.000002*delta[2],0.047325+0.000123*delta[0]+0.000225*delta[1]-0.000019*delta[2],0.055730+0.000143*delta[0]+0.000262*delta[1]+0.000003*delta[2],0.054466+0.000115*delta[0]+0.000216*delta[1]+0.000012*delta[2],0.042784+0.000074*delta[0]+0.000184*delta[1]-0.000004*delta[2],0.021842+0.000034*delta[0]+0.000089*delta[1]+0.000009*delta[2],0.026558+0.000064*delta[0]+0.000125*delta[1]+0.000003*delta[2],0.030152+0.000080*delta[0]+0.000132*delta[1]-0.000026*delta[2],0.029777+0.000059*delta[0]+0.000145*delta[1]-0.000005*delta[2],0.026462+0.000059*delta[0]+0.000112*delta[1]-0.000037*delta[2],0.043283+0.000110*delta[0]+0.000190*delta[1]-0.000003*delta[2],0.062420+0.000136*delta[0]+0.000279*delta[1]-0.000001*delta[2],0.053404+0.000089*delta[0]+0.000250*delta[1]-0.000014*delta[2],0.038489+0.000080*delta[0]+0.000158*delta[1]-0.000030*delta[2],0.023642+0.000063*delta[0]+0.000093*delta[1]+0.000008*delta[2],0.028590+0.000062*delta[0]+0.000158*delta[1]+0.000012*delta[2],0.031079+0.000048*delta[0]+0.000127*delta[1]-0.000016*delta[2],0.030470+0.000071*delta[0]+0.000127*delta[1]+0.000003*delta[2],0.026145+0.000046*delta[0]+0.000105*delta[1]+0.000005*delta[2]
0.099381+0.000261*delta[0]+0.000361*delta[1]-0.000054*delta[2],0.064956+0.000184*delta[0]+0.000296*delta[1]+0.000018*delta[2],0.040306+0.000088*delta[0]+0.000120*delta[1]+0.000009*delta[2],0.035221+0.000100*delta[0]+0.000128*delta[1]+0.000002*delta[2],0.053006+0.000124*delta[0]+0.000159*delta[1]+0.000020*delta[2],0.070740+0.000119*delta[0]+0.000263*delta[1]-0.000033*delta[2],0.073780+0.000135*delta[0]+0.000271*delta[1]-0.000024*delta[2],0.058557+0.000069*delta[0]+0.000183*delta[1]-0.000008*delta[2],0.038457+0.000088*delta[0]+0.000151*delta[1]-0.000019*delta[2],0.065649+0.000160*delta[0]+0.000270*delta[1]-0.000019*delta[2],0.342845+0.000947*delta[0]+0.001381*delta[1]-0.000049*delta[2],0.268726+0.000631*delta[0]+0.001043*delta[1]+0.000170*delta[2],0.109534+0.000273*delta[0]+0.000300*delta[1]-0.000088*delta[2],0.049827+0.000115*delta[0]+0.000212*delta[1]+0.000003*delta[2],0.103806+0.000301*delta[0]+0.000308*delta[1]-0.000002*delta[2],0.109937+0.000231*delta[0]+0.000449*delta[1]-0.000067*delta[2],0.078420+0.000182*delta[0]+0.000256*delta[1]-0.000026*delta[2],0.031581+0.000063*delta[0]+0.000130*delta[1]-0.000001*delta[2],0.035785+0.000061*delta[0]+0.000135*delta[1]-0.000036*delta[2],0.034631+0.000052*delta[0]+0.000137*delta[1]+0.000004*delta[2],0.029415+0.000070*delta[0]+0.000103*delta[1]+0.000008*delta[2],0.031084+0.000072*delta[0]+0.000122*delta[1]-0.000006*delta[2],0.036314+0.000084*delta[0]+0.000134*delta[1]-0.000005*delta[2],0.032347+0.000094*delta[0]+0.000129*delta[1]-0.000020*delta[2],0.058018+0.000098*delta[0]+0.000197*delta[1]+0.000013*delta[2],0.032387+0.000034*delta[0]+0.000115*delta[1]-0.000013*delta[2],0.048490+0.000096*delta[0]+0.000203*delta[1]-0.000014*delta[2],0.036438+0.000090*delta[0]+0.000121*delta[1]+0.000005*delta[2],0.024686+0.000044*delta[0]+0.000085*delta[1]-0.000003*delta[2],0.027030+0.000057*delta[0]+0.000076*delta[1]+0.000024*delta[2],0.026074+0.000089*delta[0]+0.000091*delta[1]+0.000017*delta[2],0.030364+0.000062*delta[0]+0.000109*delta[1]-0.000005*delta[2],0.039520+0.000117*delta[0]+0.000136*delta[1]-0.000014*delta[2],0.045417+0.000090*delta[0]+0.000165*delta[1]+0.000010*delta[2],0.044673+0.000099*delta[0]+0.000157*delta[1]-0.000002*delta[2],0.036722+0.000061*delta[0]+0.000156*delta[1]-0.000001*delta[2],0.024004+0.000043*delta[0]+0.000099*delta[1]-0.000013*delta[2],0.029935+0.000069*delta[0]+0.000083*delta[1]-0.000017*delta[2],0.034354+0.000069*delta[0]+0.000106*delta[1]-0.000000*delta[2],0.033836+0.000055*delta[0]+0.000111*delta[1]-0.000002*delta[2],0.029630+0.000065*delta[0]+0.000126*delta[1]+0.000005*delta[2],0.039091+0.000060*delta[0]+0.000134*delta[1]+0.000002*delta[2],0.054642+0.000137*delta[0]+0.000194*delta[1]+0.000027*delta[2],0.047794+0.000089*delta[0]+0.000170*delta[1]-0.000020*delta[2],0.035334+0.000079*delta[0]+0.000132*delta[1]+0.000010*delta[2],0.024992+0.000055*delta[0]+0.000096*delta[1]-0.000003*delta[2],0.030683+0.000071*delta[0]+0.000122*delta[1]+0.000021*delta[2],0.033592+0.000073*delta[0]+0.000128*delta[1]-0.000024*delta[2],0.032711+0.000091*delta[0]+0.000119*delta[1]+0.000001*delta[2],0.027835+0.000063*delta[0]+0.000111*delta[1]+0.000008*delta[2]
0.102470+0.000218*delta[0]+0.000411*delta[1]+0.000029*delta[2],0.066284+0.000172*delta[0]+0.000235*delta[1]+0.000025*delta[2],0.040907+0.000106*delta[0]+0.000159*delta[1]+0.000034*delta[2],0.036359+0.000099*delta[0]+0.000142*delta[1]+0.000028*delta[2],0.055525+0.000082*delta[0]+0.000218*delta[1]+0.000055*delta[2],0.075391+0.000192*delta[0]+0.000291*delta[1]-0.000011*delta[2],0.078994+0.000112*delta[0]+0.000304*delta[1]+0.000017*delta[2],0.061641+0.000107*delta[0]+0.000185*delta[1]+0.000068*delta[2],0.039701+0.000088*delta[0]+0.000163*delta[1]-0.000023*delta[2],0.066109+0.000128*delta[0]+0.000245*delta[1]+0.000016*delta[2],0.362157+0.000874*delta[0]+0.001306*delta[1]+0.000424*delta[2],0.279350+0.000470*delta[0]+0.000888*delta[1]+0.000044*delta[2],0.111652+0.000205*delta[0]+0.000419*delta[1]-0.000007*delta[2],0.050090+0.000091*delta[0]+0.000226*delta[1]+0.000027*delta[2],0.097649+0.000137*delta[0]+0.000329*delta[1]-0.000010*delta[2],0.102983+0.000101*delta[0]+0.000355*delta[1]-0.000014*delta[2],0.074840+0.000133*delta[0]+0.000268*delta[1]+0.000003*delta[2],0.030405+0.000059*delta[0]+0.000116*delta[1]-0.000004*delta[2],0.034210+0.000035*delta[0]+0.000154*delta[1]-0.000005*delta[2],0.033085+0.000085*delta[0]+0.000111*delta[1]-0.000021*delta[2],0.028354+0.000051*delta[0]+0.000122*delta[1]+0.000008*delta[2],0.032426+0.000084*delta[0]+0.000132*delta[1]-0.000011*delta[2],0.038046+0.000088*delta[0]+0.000165*delta[1]+0.000017*delta[2],0.033604+0.000038*delta[0]+0.000165*delta[1]-0.000005*delta[2],0.059289+0.000150*delta[0]+0.000281*delta[1]-0.000009*delta[2],0.031502+0.000086*delta[0]+0.000158*delta[1]-0.000009*delta[2],0.046376+0.000097*delta[0]+0.000212*delta[1]+0.000016*delta[2],0.035229+0.000079*delta[0]+0.000133*delta[1]+0.000009*delta[2],0.023784+0.000029*delta[0]+0.000109*delta[1]-0.000007*delta[2],0.026013+0.000072*delta[0]+0.000113*delta[1]+0.000001*delta[2],0.025147+0.000050*delta[0]+0.000096*delta[1]+0.000000*delta[2],0.031227+0.000050*delta[0]+0.000123*delta[1]+0.000018*delta[2],0.040968+0.000077*delta[0]+0.000157*delta[1]+0.000011*delta[2],0.047462+0.000070*delta[0]+0.000204*delta[1]+0.000003*delta[2],0.046527+0.000089*delta[0]+0.000150*delta[1]-0.000045*delta[2],0.037922+0.000077*delta[0]+0.000157*delta[1]-0.000004*delta[2],0.023363+0.000039*delta[0]+0.000083*delta[1]+0.000023*delta[2],0.028844+0.000055*delta[0]+0.000108*delta[1]+0.000024*delta[2],0.033106+0.000043*delta[0]+0.000153*delta[1]+0.000005*delta[2],0.032678+0.000098*delta[0]+0.000115*delta[1]+0.000007*delta[2],0.028704+0.000078*delta[0]+0.000120*delta[1]+0.000020*delta[2],0.039891+0.000074*delta[0]+0.000171*delta[1]+0.000027*delta[2],0.055781+0.000079*delta[0]+0.000242*delta[1]-0.000026*delta[2],0.048680+0.000109*delta[0]+0.000186*delta[1]+0.000041*delta[2],0.035840+0.000076*delta[0]+0.000156*delta[1]+0.000027*delta[2],0.024508+0.000040*delta[0]+0.000101*delta[1]-0.000012*delta[2],0.029889+0.000057*delta[0]+0.000133*delta[1]+0.000023*delta[2],0.032748+0.000062*delta[0]+0.000155*delta[1]+0.000020*delta[2],0.031932+0.000078*delta[0]+0.000096*delta[1]-0.000012*delta[2],0.027356+0.000053*delta[0]+0.000111*delta[1]-0.000016*delta[2]
0.105595+0.000162*delta[0]+0.000485*delta[1]+0.000003*delta[2],0.067759+0.000150*delta[0]+0.000262*delta[1]+0.000020*delta[2],0.041329+0.000093*delta[0]+0.000197*delta[1]-0.000016*delta[2],0.037443+0.000104*delta[0]+0.000153*delta[1]+0.000028*delta[2],0.058296+0.000154*delta[0]+0.000253*delta[1]+0.000001*delta[2],0.080184+0.000204*delta[0]+0.000313*delta[1]+0.000011*delta[2],0.084417+0.000146*delta[0]+0.000333*delta[1]+0.000034*delta[2],0.064603+0.000133*delta[0]+0.000251*delta[1]-0.000026*delta[2],0.040851+0.000095*delta[0]+0.000172*delta[1]+0.000023*delta[2],0.066486+0.000169*delta[0]+0.000252*delta[1]+0.000013*delta[2],0.377036+0.000904*delta[0]+0.001343*delta[1]+0.000138*delta[2],0.289101+0.000813*delta[0]+0.000952*delta[1]-0.000035*delta[2],0.112495+0.000318*delta[0]+0.000472*delta[1]+0.000019*delta[2],0.050291+0.000107*delta[0]+0.000194*delta[1]+0.000021*delta[2],0.091699+0.000223*delta[0]+0.000445*delta[1]-0.000009*delta[2],0.096628+0.000190*delta[0]+0.000416*delta[1]+0.000049*delta[2],0.071748+0.000180*delta[0]+0.000327*delta[1]+0.000026*delta[2],0.029125+0.000063*delta[0]+0.000124*delta[1]+0.000019*delta[2],0.032704+0.000071*delta[0]+0.000126*delta[1]+0.000008*delta[2],0.031882+0.000083*delta[0]+0.000127*delta[1]+0.000008*delta[2],0.027403+0.000056*delta[0]+0.000103*delta[1]+0.000014*delta[2],0.033612+0.000075*delta[0]+0.000135*delta[1]+0.000004*delta[2],0.039766+0.000089*delta[0]+0.000161*delta[1]+0.000014*delta[2],0.034888+0.000107*delta[0]+0.000136*delta[1]-0.000017*delta[2],0.060318+0.000154*delta[0]+0.000246*delta[1]-0.000013*delta[2],0.030401+0.000090*delta[0]+0.000126*delta[1]+0.000009*delta[2],0.044197+0.000101*delta[0]+0.000166*delta[1]+0.000034*delta[2],0.034170+0.000091*delta[0]+0.000132*delta[1]+0.000009*delta[2],0.023012+0.000037*delta[0]+0.000118*delta[1]+0.000014*delta[2],0.025051+0.000059*delta[0]+0.000101*delta[1]+0.000002*delta[2],0.024255+0.000057*delta[0]+0.000109*delta[1]+0.000011*delta[2],0.032120+0.000098*delta[0]+0.000141*delta[1]-0.000008*delta[2],0.042269+0.000104*delta[0]+0.000184*delta[1]+0.000011*delta[2],0.049485+0.000130*delta[0]+0.000194*delta[1]+0.000006*delta[2],0.048427+0.000104*delta[0]+0.000186*delta[1]+0.000025*delta[2],0.039209+0.000098*delta[0]+0.000167*delta[1]+0.000009*delta[2],0.022735+0.000054*delta[0]+0.000079*delta[1]+0.000013*delta[2],0.027857+0.000072*delta[0]+0.000104*delta[1]+0.000016*delta[2],0.031907+0.000064*delta[0]+0.000134*delta[1]+0.000005*delta[2],0.031399+0.000087*delta[0]+0.000123*delta[1]+0.000006*delta[2],0.027786+0.000085*delta[0]+0.000121*delta[1]-0.000003*delta[2],0.040291+0.000123*delta[0]+0.000190*delta[1]+0.000001*delta[2],0.056981+0.000178*delta[0]+0.000226*delta[1]+0.000006*delta[2],0.049498+0.000114*delta[0]+0.000245*delta[1]+0.000019*delta[2],0.036345+0.000102*delta[0]+0.000144*delta[1]+0.000015*delta[2],0.024024+0.000061*delta[0]+0.000112*delta[1]+0.000004*delta[2],0.029108+0.000048*delta[0]+0.000103*delta[1]+0.000033*delta[2],0.031804+0.000066*delta[0]+0.000123*delta[1]-0.000007*delta[2],0.031129+0.000071*delta[0]+0.000116*delta[1]+0.000014*delta[2],0.026725+0.000062*delta[0]+0.000107*delta[1]+0.000027*delta[2]
0.036409+0.000066*delta[0]+0.000130*delta[1]-0.000023*delta[2],0.025298+0.000065*delta[0]+0.000109*delta[1]+0.000013*delta[2],0.019274+0.000024*delta[0]+0.000069*delta[1]+0.000000*delta[2],0.030830+0.000077*delta[0]+0.000135*delta[1]+0.000008*delta[2],0.037663+0.000090*delta[0]+0.000156*delta[1]-0.000017*delta[2],0.039581+0.000068*delta[0]+0.000175*delta[1]-0.000002*delta[2],0.036043+0.000097*delta[0]+0.000161*delta[1]+0.000011*delta[2],0.028847+0.000058*delta[0]+0.000111*delta[1]+0.000013*delta[2],0.021327+0.000064*delta[0]+0.000086*delta[1]-0.000009*delta[2],0.051049+0.000127*delta[0]+0.000209*delta[1]+0.000022*delta[2],0.068719+0.000149*delta[0]+0.000262*delta[1]-0.000009*delta[2],0.053407+0.000132*delta[0]+0.000189*delta[1]-0.000003*delta[2],0.036824+0.000052*delta[0]+0.000147*delta[1]-0.000028*delta[2],0.024632+0.000061*delta[0]+0.000095*delta[1]-0.000014*delta[2],0.064106+0.000161*delta[0]+0.000253*delta[1]-0.000010*delta[2],0.054823+0.000128*delta[0]+0.000244*delta[1]-0.000010*delta[2],0.039722+0.000051*delta[0]+0.000149*delta[1]-0.000032*delta[2],0.038243+0.000101*delta[0]+0.000148*delta[1]-0.000009*delta[2],0.038453+0.000101*delta[0]+0.000165*delta[1]-0.000022*delta[2],0.032848+0.000056*delta[0]+0.000143*delta[1]+0.000008*delta[2],0.025362+0.000043*delta[0]+0.000107*delta[1]-0.000026*delta[2],0.026556+0.000066*delta[0]+0.000111*delta[1]-0.000019*delta[2],0.027749+0.000052*delta[0]+0.000116*delta[1]-0.000015*delta[2],0.021770+0.000031*delta[0]+0.000097*delta[1]+0.000006*delta[2],0.056506+0.000087*delta[0]+0.000257*delta[1]-0.000024*delta[2],0.050512+0.000067*delta[0]+0.000206*delta[1]-0.000008*delta[2],0.077943+0.000155*delta[0]+0.000326*delta[1]-0.000012*delta[2],0.029817+0.000067*delta[0]+0.000127*delta[1]-0.000013*delta[2],0.034662+0.000061*delta[0]+0.000154*delta[1]-0.000002*delta[2],0.034938+0.000074*delta[0]+0.000153*delta[1]-0.000011*delta[2],0.030016+0.000049*delta[0]+0.000123*delta[1]-0.000001*delta[2],0.036968+0.000099*delta[0]+0.000142*delta[1]-0.000007*delta[2],0.043917+0.000106*delta[0]+0.000227*delta[1]+0.000005*delta[2],0.043790+0.000085*delta[0]+0.000161*delta[1]+0.000021*delta[2],0.037832+0.000066*delta[0]+0.000148*delta[1]+0.000019*delta[2],0.028635+0.000059*delta[0]+0.000118*delta[1]-0.000016*delta[2],0.046932+0.000066*delta[0]+0.000193*delta[1]-0.000020*delta[2],0.060276+0.000130*delta[0]+0.000244*delta[1]+0.000016*delta[2],0.063378+0.000142*delta[0]+0.000275*delta[1]+0.000050*delta[2],0.050954+0.000133*delta[0]+0.000184*delta[1]-0.000003*delta[2],0.036103+0.000104*delta[0]+0.000142*delta[1]+0.000032*delta[2],0.079482+0.000120*delta[0]+0.000341*delta[1]+0.000051*delta[2],0.080644+0.000181*delta[0]+0.000297*delta[1]-0.000057*delta[2],0.052772+0.000119*delta[0]+0.000248*delta[1]+0.000016*delta[2],0.032842+0.000057*delta[0]+0.000146*delta[1]+0.000009*delta[2],0.061742+0.000155*delta[0]+0.000232*delta[1]+0.000021*delta[2],0.081534+0.000128*delta[0]+0.000281*delta[1]-0.000056*delta[2],0.079217+0.000128*delta[0]+0.000334*delta[1]-0.000013*delta[2],0.059213+0.000119*delta[0]+0.000206*delta[1]+0.000018*delta[2],0.038591+0.000090*delta[0]+0.000172*delta[1]+0.000025*delta[2]
0.040099+0.000079*delta[0]+0.000161*delta[1]+0.000006*delta[2],0.023678+0.000042*delta[0]+0.000104*delta[1]-0.000004*delta[2],0.017377+0.000031*delta[0]+0.000065*delta[1]+0.000001*delta[2],0.037328+0.000081*delta[0]+0.000175*delta[1]+0.000013*delta[2],0.042664+0.000081*delta[0]+0.000160*delta[1]+0.000001*delta[2],0.040923+0.000091*delta[0]+0.000175*delta[1]+0.000019*delta[2],0.034021+0.000068*delta[0]+0.000135*delta[1]+0.000006*delta[2],0.025736+0.000026*delta[0]+0.000103*delta[1]-0.000009*delta[2],0.018463+0.000021*delta[0]+0.000078*delta[1]-0.000006*delta[2],0.073890+0.000171*delta[0]+0.000295*delta[1]-0.000012*delta[2],0.074469+0.000109*delta[0]+0.000346*delta[1]+0.000040*delta[2],0.049741+0.000069*delta[0]+0.000199*delta[1]-0.000034*delta[2],0.031711+0.000067*delta[0]+0.000115*delta[1]+0.000002*delta[2],0.020734+0.000052*delta[0]+0.000087*delta[1]+0.000022*delta[2],0.072039+0.000147*delta[0]+0.000351*delta[1]+0.000038*delta[2],0.052290+0.000089*delta[0]+0.000223*delta[1]-0.000006*delta[2],0.034768+0.000064*delta[0]+0.000144*delta[1]+0.000012*delta[2],0.041108+0.000038*delta[0]+0.000147*delta[1]+0.000002*delta[2],0.037537+0.000054*delta[0]+0.000163*delta[1]+0.000004*delta[2],0.029717+0.000049*delta[0]+0.000150*delta[1]-0.000003*delta[2],0.022150+0.000049*delta[0]+0.000080*delta[1]+0.000006*delta[2],0.027859+0.000048*delta[0]+0.000097*delta[1]+0.000000*delta[2],0.027267+0.000053*delta[0]+0.000119*delta[1]-0.000003*delta[2],0.019370+0.000023*delta[0]+0.000072*delta[1]-0.000005*delta[2],0.079037+0.000146*delta[0]+0.000370*delta[1]+0.000003*delta[2],0.067122+0.000119*delta[0]+0.000242*delta[1]-0.000042*delta[2],0.093286+0.000221*delta[0]+0.000379*delta[1]+0.000041*delta[2],0.023722+0.000054*delta[0]+0.000088*delta[1]+0.000013*delta[2],0.035828+0.000057*delta[0]+0.000146*delta[1]-0.000004*delta[2],0.033086+0.000056*delta[0]+0.000113*delta[1]+0.000005*delta[2],0.026781+0.000029*delta[0]+0.000111*delta[1]-0.000010*delta[2],0.039931+0.000058*delta[0]+0.000166*delta[1]+0.000023*delta[2],0.043010+0.000078*delta[0]+0.000155*delta[1]-0.000011*delta[2],0.038968+0.000029*delta[0]+0.000156*delta[1]-0.000021*delta[2],0.031534+0.000045*delta[0]+0.000131*delta[1]-0.000022*delta[2],0.023368+0.000051*delta[0]+0.000085*delta[1]+0.000031*delta[2],0.051850+0.000079*delta[0]+0.000214*delta[1]+0.000013*delta[2],0.058862+0.000122*delta[0]+0.000246*delta[1]+0.000021*delta[2],0.053972+0.000102*delta[0]+0.000242*delta[1]+0.000006*delta[2],0.040069+0.000100*delta[0]+0.000153*delta[1]+0.000028*delta[2],0.028117+0.000060*delta[0]+0.000137*delta[1]-0.000016*delta[2],0.076814+0.000117*delta[0]+0.000344*delta[1]-0.000086*delta[2],0.056662+0.000055*delta[0]+0.000240*delta[1]+0.000026*delta[2],0.037330+0.000066*delta[0]+0.000140*delta[1]-0.000019*delta[2],0.024363+0.000047*delta[0]+0.000098*delta[1]-0.000015*delta[2],0.062828+0.000085*delta[0]+0.000245*delta[1]-0.000034*delta[2],0.069360+0.000089*delta[0]+0.000319*delta[1]+0.000019*delta[2],0.058132+0.000094*delta[0]+0.000277*delta[1]-0.000017*delta[2],0.041728+0.000096*delta[0]+0.000194*delta[1]-0.000010*delta[2],0.028023+0.000056*delta[0]+0.000134*delta[1]+0.000000*delta[2]
0.072395+0.000165*delta[0]+0.000237*delta[1]-0.000066*delta[2],0.032807+0.000084*delta[0]+0.000111*delta[1]+0.000019*delta[2],0.021784+0.000035*delta[0]+0.000106*delta[1]+0.000000*delta[2],0.061663+0.000172*delta[0]+0.000212*delta[1]+0.000045*delta[2],0.079933+0.000144*delta[0]+0.000284*delta[1]-0.000013*delta[2],0.076052+0.000161*delta[0]+0.000283*delta[1]-0.000014*delta[2],0.055781+0.000111*delta[0]+0.000186*delta[1]+0.000023*delta[2],0.036550+0.000077*delta[0]+0.000143*delta[1]-0.000020*delta[2],0.023436+0.000043*delta[0]+0.000079*delta[1]-0.000005*delta[2],0.144279+0.000224*delta[0]+0.000590*delta[1]+0.000069*delta[2],0.159763+0.000360*delta[0]+0.000542*delta[1]+0.000009*delta[2],0.078072+0.000170*delta[0]+0.000353*delta[1]+0.000014*delta[2],0.040624+0.000069*delta[0]+0.000176*delta[1]-0.000001*delta[2],0.023727+0.000037*delta[0]+0.000081*delta[1]+0.000017*delta[2],0.074038+0.000164*delta[0]+0.000244*delta[1]-0.000014*delta[2],0.054784+0.000112*delta[0]+0.000204*delta[1]-0.000008*delta[2],0.036312+0.000068*delta[0]+0.000135*delta[1]+0.000003*delta[2],0.030531+0.000058*delta[0]+0.000114*delta[1]+0.000004*delta[2],0.029098+0.000062*delta[0]+0.000102*delta[1]+0.000006*delta[2],0.024599+0.000032*delta[0]+0.000118*delta[1]-0.000003*delta[2],0.019428+0.000044*delta[0]+0.000069*delta[1]+0.000000*delta[2],0.041305+0.000114*delta[0]+0.000165*delta[1]+0.000009*delta[2],0.040105+0.000086*delta[0]+0.000157*delta[1]+0.000004*delta[2],0.025387+0.000046*delta[0]+0.000097*delta[1]+0.000001*delta[2],0.162828+0.000359*delta[0]+0.000609*delta[1]+0.000020*delta[2],0.044456+0.000093*delta[0]+0.000184*delta[1]-0.000010*delta[2],0.056213+0.000117*delta[0]+0.000207*delta[1]+0.000012*delta[2],0.021391+0.000031*delta[0]+0.000068*delta[1]+0.000002*delta[2],0.024982+0.000074*delta[0]+0.000102*delta[1]-0.000003*delta[2],0.023817+0.000036*delta[0]+0.000087*delta[1]-0.000008*delta[2],0.020557+0.000033*delta[0]+0.000078*delta[1]-0.000005*delta[2],0.050374+0.000112*delta[0]+0.000186*delta[1]+0.000002*delta[2],0.056742+0.000074*delta[0]+0.000271*delta[1]+0.000021*delta[2],0.050890+0.000123*delta[0]+0.000195*delta[1]-0.000018*delta[2],0.039023+0.000106*delta[0]+0.000134*delta[1]-0.000007*delta[2],0.027581+0.000080*delta[0]+0.000105*delta[1]-0.000005*delta[2],0.030588+0.000067*delta[0]+0.000132*delta[1]-0.000012*delta[2],0.033480+0.000066*delta[0]+0.000116*delta[1]-0.000020*delta[2],0.032459+0.000094*delta[0]+0.000135*delta[1]-0.000002*delta[2],0.027269+0.000062*delta[0]+0.000098*delta[1]+0.000002*delta[2],0.021563+0.000046*delta[0]+0.000075*delta[1]+0.000005*delta[2],0.067531+0.000128*delta[0]+0.000300*delta[1]+0.000028*delta[2],0.053999+0.000150*delta[0]+0.000204*delta[1]+0.000010*delta[2],0.037301+0.000068*delta[0]+0.000168*delta[1]+0.000028*delta[2],0.024837+0.000056*delta[0]+0.000111*delta[1]+0.000006*delta[2],0.034296+0.000062*delta[0]+0.000128*delta[1]+0.000001*delta[2],0.036721+0.000060*delta[0]+0.000109*delta[1]-0.000018*delta[2],0.033768+0.000102*delta[0]+0.000118*delta[1]-0.000005*delta[2],0.027864+0.000083*delta[0]+0.000107*delta[1]-0.000007*delta[2],0.021433+0.000059*delta[0]+0.000085*delta[1]+0.000004*delta[2]
0.081824+0.000050*delta[0]+0.000328*delta[1]-0.000008*delta[2],0.034812+0.000074*delta[0]+0.000129*delta[1]-0.000023*delta[2],0.022629+0.000051*delta[0]+0.000081*delta[1]+0.000020*delta[2],0.062458+0.000083*delta[0]+0.000239*delta[1]+0.000026*delta[2],0.081976+0.000160*delta[0]+0.000328*delta[1]+0.000185*delta[2],0.078628+0.000205*delta[0]+0.000346*delta[1]+0.000005*delta[2],0.057348+0.000132*delta[0]+0.000233*delta[1]+0.000032*delta[2],0.037214+0.000053*delta[0]+0.000163*delta[1]+0.000022*delta[2],0.023768+0.000041*delta[0]+0.000104*delta[1]+0.000003*delta[2],0.165307+0.000314*delta[0]+0.000674*delta[1]+0.000204*delta[2],0.190476+0.000358*delta[0]+0.000937*delta[1]+0.000082*delta[2],0.084864+0.000237*delta[0]+0.000471*delta[1]-0.000060*delta[2],0.042249+0.000030*delta[0]+0.000160*delta[1]+0.000010*delta[2],0.024045+0.000034*delta[0]+0.000100*delta[1]+0.000019*delta[2],0.080110+0.000188*delta[0]+0.000331*delta[1]+0.000017*delta[2],0.058106+0.000138*delta[0]+0.000210*delta[1]-0.000006*delta[2],0.037855+0.000067*delta[0]+0.000143*delta[1]+0.000008*delta[2],0.030849+0.000059*delta[0]+0.000128*delta[1]+0.000022*delta[2],0.029484+0.000063*delta[0]+0.000099*delta[1]-0.000001*delta[2],0.024922+0.000049*delta[0]+0.000092*delta[1]+0.000022*delta[2],0.019695+0.000033*delta[0]+0.000069*delta[1]-0.000006*delta[2],0.040717+0.000054*delta[0]+0.000201*delta[1]+0.000013*delta[2],0.039703+0.000068*delta[0]+0.000169*delta[1]+0.000035*delta[2],0.025291+0.000043*delta[0]+0.000098*delta[1]-0.000014*delta[2],0.166014+0.000320*delta[0]+0.000714*delta[1]+0.000105*delta[2],0.044451+0.000086*delta[0]+0.000164*delta[1]+0.000010*delta[2],0.056224+0.000105*delta[0]+0.000275*delta[1]+0.000032*delta[2],0.021569+0.000054*delta[0]+0.000093*delta[1]+0.000012*delta[2],0.024717+0.000026*delta[0]+0.000116*delta[1]-0.000008*delta[2],0.023752+0.000033*delta[0]+0.000077*delta[1]+0.000013*delta[2],0.020463+0.000040*delta[0]+0.000079*delta[1]+0.000006*delta[2],0.047496+0.000120*delta[0]+0.000192*delta[1]+0.000022*delta[2],0.053641+0.000077*delta[0]+0.000206*delta[1]+0.000028*delta[2],0.048523+0.000153*delta[0]+0.000203*delta[1]+0.000020*delta[2],0.037890+0.000067*delta[0]+0.000134*delta[1]+0.000019*delta[2],0.027059+0.000055*delta[0]+0.000099*delta[1]+0.000024*delta[2],0.029541+0.000041*delta[0]+0.000115*delta[1]+0.000008*delta[2],0.032253+0.000039*delta[0]+0.000115*delta[1]+0.000016*delta[2],0.031483+0.000078*delta[0]+0.000131*delta[1]-0.000008*delta[2],0.026616+0.000054*delta[0]+0.000113*delta[1]-0.000009*delta[2],0.021186+0.000044*delta[0]+0.000093*delta[1]+0.000018*delta[2],0.060359+0.000083*delta[0]+0.000229*delta[1]-0.000001*delta[2],0.050095+0.000095*delta[0]+0.000239*delta[1]-0.000001*delta[2],0.035439+0.000071*delta[0]+0.000142*delta[1]+0.000014*delta[2],0.024075+0.000069*delta[0]+0.000104*delta[1]+0.000031*delta[2],0.032169+0.000062*delta[0]+0.000128*delta[1]+0.000032*delta[2],0.034403+0.000074*delta[0]+0.000159*delta[1]+0.000011*delta[2],0.031823+0.000070*delta[0]+0.000135*delta[1]+0.000005*delta[2],0.026729+0.000066*delta[0]+0.000103*delta[1]+0.000011*delta[2],0.020738+0.000058*delta[0]+0.000097*delta[1]+0.000017*delta[2]
0.038705+0.000086*delta[0]+0.000143*delta[1]+0.000021*delta[2],0.020635+0.000045*delta[0]+0.000072*delta[1]+0.000003*delta[2],0.015013+0.000033*delta[0]+0.000051*delta[1]-0.000008*delta[2],0.041067+0.000087*delta[0]+0.000169*delta[1]+0.000033*delta[2],0.042648+0.000121*delta[0]+0.000149*delta[1]-0.000025*delta[2],0.037109+0.000109*delta[0]+0.000128*delta[1]-0.000017*delta[2],0.028946+0.000062*delta[0]+0.000119*delta[1]+0.000009*delta[2],0.021323+0.000065*delta[0]+0.000085*delta[1]+0.000002*delta[2],0.015391+0.000029*delta[0]+0.000052*delta[1]-0.000006*delta[2],0.097333+0.000207*delta[0]+0.000359*delta[1]-0.000016*delta[2],0.065437+0.000144*delta[0]+0.000216*delta[1]-0.000013*delta[2],0.040422+0.000094*delta[0]+0.000146*delta[1]+0.000006*delta[2],0.025404+0.000057*delta[0]+0.000090*delta[1]-0.000004*delta[2],0.016852+0.000041*delta[0]+0.000068*delta[1]+0.000002*delta[2],0.069795+0.000172*delta[0]+0.000316*delta[1]+0.000003*delta[2],0.045017+0.000123*delta[0]+0.000159*delta[1]-0.000002*delta[2],0.028533+0.000054*delta[0]+0.000127*delta[1]+0.000001*delta[2],0.042104+0.000087*delta[0]+0.000152*delta[1]-0.000002*delta[2],0.035045+0.000089*delta[0]+0.000131*delta[1]+0.000007*delta[2],0.026109+0.000075*delta[0]+0.000106*delta[1]+0.000014*delta[2],0.019070+0.000035*delta[0]+0.000077*delta[1]+0.000015*delta[2],0.026659+0.000045*delta[0]+0.000093*delta[1]+0.000009*delta[2],0.024506+0.000069*delta[0]+0.000084*delta[1]+0.000020*delta[2],0.016457+0.000029*delta[0]+0.000063*delta[1]-0.000006*delta[2],0.095938+0.000173*delta[0]+0.000378*delta[1]-0.000003*delta[2],0.087777+0.000246*delta[0]+0.000344*delta[1]+0.000012*delta[2],0.101801+0.000254*delta[0]+0.000392*delta[1]+0.000049*delta[2],0.018900+0.000037*delta[0]+0.000061*delta[1]-0.000016*delta[2],0.036188+0.000066*delta[0]+0.000141*delta[1]+0.000013*delta[2],0.030945+0.000058*delta[0]+0.000102*delta[1]-0.000001*delta[2],0.023648+0.000065*delta[0]+0.000091*delta[1]+0.000009*delta[2],0.038956+0.000113*delta[0]+0.000149*delta[1]-0.000001*delta[2],0.038223+0.000085*delta[0]+0.000146*delta[1]-0.000002*delta[2],0.032194+0.000079*delta[0]+0.000138*delta[1]+0.000027*delta[2],0.025113+0.000060*delta[0]+0.000112*delta[1]-0.000001*delta[2],0.018699+0.000040*delta[0]+0.000065*delta[1]+0.000011*delta[2],0.056392+0.000175*delta[0]+0.000196*delta[1]+0.000017*delta[2],0.055745+0.000123*delta[0]+0.000239*delta[1]+0.000025*delta[2],0.045599+0.000104*delta[0]+0.000148*delta[1]+0.000007*delta[2],0.032205+0.000073*delta[0]+0.000102*delta[1]+0.000028*delta[2],0.022556+0.000052*delta[0]+0.000088*delta[1]+0.000003*delta[2],0.065921+0.000167*delta[0]+0.000228*delta[1]-0.000019*delta[2],0.040455+0.000092*delta[0]+0.000184*delta[1]-0.000016*delta[2],0.027332+0.000055*delta[0]+0.000100*delta[1]+0.000001*delta[2],0.018736+0.000049*delta[0]+0.000088*delta[1]+0.000007*delta[2],0.062592+0.000143*delta[0]+0.000243*delta[1]+0.000031*delta[2],0.058973+0.000125*delta[0]+0.000261*delta[1]-0.000015*delta[2],0.044797+0.000105*delta[0]+0.000162*delta[1]+0.000003*delta[2],0.031480+0.000083*delta[0]+0.000116*delta[1]-0.000023*delta[2],0.021598+0.000052*delta[0]+0.000090*delta[1]+0.000027*delta[2]
0.045898+0.000074*delta[0]+0.000232*delta[1]-0.000021*delta[2],0.019863+0.000042*delta[0]+0.000074*delta[1]+0.000007*delta[2],0.013881+0.000026*delta[0]+0.000055*delta[1]-0.000002*delta[2],0.080395+0.000138*delta[0]+0.000285*delta[1]+0.000010*delta[2],0.072141+0.000203*delta[0]+0.000295*delta[1]+0.000002*delta[2],0.050364+0.000072*delta[0]+0.000220*delta[1]-0.000021*delta[2],0.033050+0.000061*delta[0]+0.000120*delta[1]-0.000003*delta[2],0.021715+0.000036*delta[0]+0.000092*delta[1]-0.000016*delta[2],0.014656+0.000022*delta[0]+0.000062*delta[1]+0.000009*delta[2],0.205029+0.000492*delta[0]+0.000845*delta[1]-0.000087*delta[2],0.066368+0.000121*delta[0]+0.000275*delta[1]-0.000029*delta[2],0.035612+0.000050*delta[0]+0.000129*delta[1]+0.000004*delta[2],0.021508+0.000043*delta[0]+0.000075*delta[1]-0.000015*delta[2],0.014027+0.000036*delta[0]+0.000071*delta[1]-0.000002*delta[2],0.048052+0.000072*delta[0]+0.000197*delta[1]-0.000009*delta[2],0.032045+0.000038*delta[0]+0.000132*delta[1]-0.000005*delta[2],0.021566+0.000035*delta[0]+0.000084*delta[1]+0.000002*delta[2],0.026763+0.000052*delta[0]+0.000108*delta[1]+0.000010*delta[2],0.022680+0.000032*delta[0]+0.000090*delta[1]-0.000004*delta[2],0.017890+0.000057*delta[0]+0.000081*delta[1]+0.000000*delta[2],0.013879+0.000033*delta[0]+0.000063*delta[1]-0.000001*delta[2],0.038352+0.000044*delta[0]+0.000159*delta[1]+0.000024*delta[2],0.031263+0.000075*delta[0]+0.000118*delta[1]-0.000017*delta[2],0.017314+0.000040*delta[0]+0.000076*delta[1]-0.000001*delta[2],0.301904+0.000620*delta[0]+0.001018*delta[1]+0.000052*delta[2],0.051803+0.000179*delta[0]+0.000201*delta[1]-0.000003*delta[2],0.050786+0.000121*delta[0]+0.000227*delta[1]-0.000031*delta[2],0.013999+0.000023*delta[0]+0.000060*delta[1]-0.000005*delta[2],0.022736+0.000051*delta[0]+0.000108*delta[1]-0.000012*delta[2],0.019565+0.000046*delta[0]+0.000094*delta[1]+0.000014*delta[2],0.015770+0.000041*delta[0]+0.000074*delta[1]+0.000004*delta[2],0.056668+0.000120*delta[0]+0.000229*delta[1]-0.000037*delta[2],0.048517+0.000102*delta[0]+0.000190*delta[1]+0.000002*delta[2],0.035691+0.000089*delta[0]+0.000130*delta[1]+0.000000*delta[2],0.025305+0.000041*delta[0]+0.000090*delta[1]-0.000001*delta[2],0.017812+0.000036*delta[0]+0.000071*delta[1]-0.000010*delta[2],0.032967+0.000051*delta[0]+0.000164*delta[1]-0.000017*delta[2],0.030410+0.000069*delta[0]+0.000140*delta[1]+0.000018*delta[2],0.025660+0.000061*delta[0]+0.000127*delta[1]+0.000008*delta[2],0.019926+0.000041*delta[0]+0.000093*delta[1]+0.000008*delta[2],0.015219+0.000031*delta[0]+0.000061*delta[1]+0.000003*delta[2],0.066156+0.000132*delta[0]+0.000281*delta[1]-0.000003*delta[2],0.033836+0.000083*delta[0]+0.000164*delta[1]+0.000002*delta[2],0.022773+0.000037*delta[0]+0.000086*delta[1]-0.000005*delta[2],0.015704+0.000031*delta[0]+0.000066*delta[1]-0.000003*delta[2],0.036620+0.000099*delta[0]+0.000164*delta[1]-0.000010*delta[2],0.032707+0.000054*delta[0]+0.000123*delta[1]+0.000009*delta[2],0.026211+0.000067*delta[0]+0.000097*delta[1]+0.000007*delta[2],0.020049+0.000051*delta[0]+0.000076*delta[1]+0.000014*delta[2],0.015020+0.000031*delta[0]+0.000060*delta[1]-0.000007*delta[2]
0.048276+0.000086*delta[0]+0.000203*delta[1]-0.000003*delta[2],0.020317+0.000039*delta[0]+0.000086*delta[1]+0.000001*delta[2],0.014064+0.000032*delta[0]+0.000062*delta[1]+0.000001*delta[2],0.087290+0.000129*delta[0]+0.000404*delta[1]-0.000028*delta[2],0.077709+0.000132*delta[0]+0.000329*delta[1]-0.000005*delta[2],0.053224+0.000099*delta[0]+0.000210*delta[1]-0.000005*delta[2],0.034216+0.000068*delta[0]+0.000130*delta[1]-0.000004*delta[2],0.022236+0.000040*delta[0]+0.000108*delta[1]-0.000013*delta[2],0.014851+0.000030*delta[0]+0.000073*delta[1]+0.000001*delta[2],0.232054+0.000286*delta[0]+0.000926*delta[1]-0.000072*delta[2],0.069166+0.000192*delta[0]+0.000246*delta[1]-0.000005*delta[2],0.036317+0.000071*delta[0]+0.000150*delta[1]+0.000009*delta[2],0.021571+0.000044*delta[0]+0.000080*delta[1]-0.000005*delta[2],0.014049+0.000024*delta[0]+0.000045*delta[1]-0.000007*delta[2],0.047682+0.000100*delta[0]+0.000197*delta[1]+0.000015*delta[2],0.032023+0.000069*delta[0]+0.000148*delta[1]-0.000002*delta[2],0.021496+0.000034*delta[0]+0.000078*delta[1]-0.000005*delta[2],0.026083+0.000045*delta[0]+0.000116*delta[1]+0.000015*delta[2],0.022164+0.000035*delta[0]+0.000098*delta[1]+0.000013*delta[2],0.017642+0.000050*delta[0]+0.000071*delta[1]-0.000004*delta[2],0.013683+0.000019*delta[0]+0.000064*delta[1]+0.000001*delta[2],0.039996+0.000077*delta[0]+0.000187*delta[1]+0.000016*delta[2],0.032331+0.000035*delta[0]+0.000154*delta[1]-0.000005*delta[2],0.017648+0.000038*delta[0]+0.000071*delta[1]-0.000005*delta[2],0.359206+0.000309*delta[0]+0.001823*delta[1]-0.000001*delta[2],0.049075+0.000062*delta[0]+0.000215*delta[1]+0.000015*delta[2],0.048304+0.000099*delta[0]+0.000198*delta[1]+0.000012*delta[2],0.013884+0.000027*delta[0]+0.000059*delta[1]+0.000009*delta[2],0.021874+0.000042*delta[0]+0.000086*delta[1]-0.000005*delta[2],0.018954+0.000026*delta[0]+0.000078*delta[1]+0.000008*delta[2],0.015416+0.000048*delta[0]+0.000070*delta[1]+0.000007*delta[2],0.057693+0.000092*delta[0]+0.000263*delta[1]-0.000031*delta[2],0.049414+0.000093*delta[0]+0.000218*delta[1]+0.000032*delta[2],0.036305+0.000073*delta[0]+0.000180*delta[1]-0.000005*delta[2],0.025647+0.000076*delta[0]+0.000101*delta[1]+0.000004*delta[2],0.017956+0.000048*delta[0]+0.000074*delta[1]-0.000005*delta[2],0.031077+0.000053*delta[0]+0.000129*delta[1]-0.000010*delta[2],0.028984+0.000064*delta[0]+0.000113*delta[1]+0.000008*delta[2],0.024660+0.000060*delta[0]+0.000098*delta[1]-0.000007*delta[2],0.019291+0.000033*delta[0]+0.000082*delta[1]+0.000015*delta[2],0.014909+0.000030*delta[0]+0.000057*delta[1]+0.000004*delta[2],0.064328+0.000123*delta[0]+0.000320*delta[1]-0.000029*delta[2],0.033410+0.000070*delta[0]+0.000139*delta[1]+0.000016*delta[2],0.022741+0.000063*delta[0]+0.000109*delta[1]-0.000002*delta[2],0.015689+0.000029*delta[0]+0.000057*delta[1]-0.000003*delta[2],0.034408+0.000066*delta[0]+0.000152*delta[1]+0.000008*delta[2],0.031017+0.000051*delta[0]+0.000118*delta[1]+0.000025*delta[2],0.025046+0.000040*delta[0]+0.000083*delta[1]-0.000001*delta[2],0.019478+0.000045*delta[0]+0.000066*delta[1]+0.000004*delta[2],0.014661+0.000031*delta[0]+0.000057*delta[1]+0.000010*delta[2]
0.051613+0.000096*delta[0]+0.000194*delta[1]+0.000008*delta[2],0.020867+0.000032*delta[0]+0.000071*delta[1]-0.000001*delta[2],0.014311+0.000035*delta[0]+0.000057*delta[1]-0.000004*delta[2],0.083624+0.000167*delta[0]+0.000339*delta[1]-0.000050*delta[2],0.075269+0.000133*delta[0]+0.000313*delta[1]-0.000020*delta[2],0.052179+0.000106*delta[0]+0.000207*delta[1]-0.000012*delta[2],0.033991+0.000051*delta[0]+0.000116*delta[1]+0.000009*delta[2],0.022205+0.000047*delta[0]+0.000076*delta[1]+0.000006*delta[2],0.014869+0.000027*delta[0]+0.000056*delta[1]+0.000007*delta[2],0.289994+0.000554*delta[0]+0.001221*delta[1]+0.000006*delta[2],0.073339+0.000171*delta[0]+0.000290*delta[1]-0.000016*delta[2],0.037142+0.000046*delta[0]+0.000153*delta[1]-0.000014*delta[2],0.021729+0.000049*delta[0]+0.000088*delta[1]-0.000000*delta[2],0.014036+0.000028*delta[0]+0.000053*delta[1]+0.000007*delta[2],0.051976+0.000090*delta[0]+0.000214*delta[1]+0.000000*delta[2],0.033840+0.000072*delta[0]+0.000133*delta[1]-0.000025*delta[2],0.022338+0.000036*delta[0]+0.000082*delta[1]+0.000012*delta[2],0.027340+0.000049*delta[0]+0.000122*delta[1]+0.000005*delta[2],0.023145+0.000041*delta[0]+0.000092*delta[1]+0.000003*delta[2],0.018192+0.000025*delta[0]+0.000063*delta[1]-0.000013*delta[2],0.014051+0.000036*delta[0]+0.000046*delta[1]-0.000004*delta[2],0.037859+0.000052*delta[0]+0.000153*delta[1]+0.000000*delta[2],0.031032+0.000091*delta[0]+0.000139*delta[1]-0.000004*delta[2],0.017347+0.000033*delta[0]+0.000069*delta[1]-0.000009*delta[2],0.332487+0.000804*delta[0]+0.001448*delta[1]-0.000185*delta[2],0.051799+0.000145*delta[0]+0.000248*delta[1]+0.000036*delta[2],0.050554+0.000133*delta[0]+0.000174*delta[1]+0.000015*delta[2],0.014091+0.000035*delta[0]+0.000057*delta[1]-0.000001*delta[2],0.022615+0.000054*delta[0]+0.000086*delta[1]+0.000001*delta[2],0.019478+0.000022*delta[0]+0.000082*delta[1]+0.000011*delta[2],0.015782+0.000038*delta[0]+0.000071*delta[1]-0.000014*delta[2],0.051921+0.000085*delta[0]+0.000232*delta[1]+0.000040*delta[2],0.045117+0.000075*delta[0]+0.000188*delta[1]-0.000006*delta[2],0.034008+0.000050*delta[0]+0.000125*delta[1]+0.000001*delta[2],0.024605+0.000034*delta[0]+0.000097*delta[1]+0.000003*delta[2],0.017495+0.000036*delta[0]+0.000062*delta[1]-0.000002*delta[2],0.031237+0.000085*delta[0]+0.000109*delta[1]+0.000002*delta[2],0.029140+0.000082*delta[0]+0.000112*delta[1]-0.000004*delta[2],0.024819+0.000063*delta[0]+0.000108*delta[1]+0.000003*delta[2],0.019428+0.000035*delta[0]+0.000075*delta[1]+0.000002*delta[2],0.015031+0.000038*delta[0]+0.000059*delta[1]+0.000002*delta[2],0.056758+0.000102*delta[0]+0.000247*delta[1]-0.000036*delta[2],0.031587+0.000055*delta[0]+0.000140*delta[1]+0.000000*delta[2],0.021859+0.000045*delta[0]+0.000089*delta[1]+0.000020*delta[2],0.015444+0.000024*delta[0]+0.000070*delta[1]-0.000001*delta[2],0.033210+0.000063*delta[0]+0.000116*delta[1]-0.000006*delta[2],0.030181+0.000054*delta[0]+0.000113*delta[1]-0.000001*delta[2],0.024420+0.000050*delta[0]+0.000091*delta[1]+0.000001*delta[2],0.019130+0.000051*delta[0]+0.000083*delta[1]-0.000014*delta[2],0.014560+0.000018*delta[0]+0.000054*delta[1]-0.000012*delta[2]
0.018935+0.000042*delta[0]+0.000071*delta[1]+0.000002*delta[2],0.010672+0.000012*delta[0]+0.000051*delta[1]-0.000002*delta[2],0.008243+0.000015*delta[0]+0.000029*delta[1]+0.000008*delta[2],0.036304+0.000089*delta[0]+0.000140*delta[1]+0.000008*delta[2],0.028720+0.000057*delta[0]+0.000122*delta[1]+0.000009*delta[2],0.021353+0.000037*delta[0]+0.000081*delta[1]+0.000005*delta[2],0.015802+0.000037*delta[0]+0.000058*delta[1]-0.000002*delta[2],0.011714+0.000010*delta[0]+0.000033*delta[1]+0.000002*delta[2],0.008794+0.000017*delta[0]+0.000032*delta[1]+0.000001*delta[2],0.050482+0.000075*delta[0]+0.000187*delta[1]+0.000028*delta[2],0.023853+0.000033*delta[0]+0.000082*delta[1]+0.000001*delta[2],0.016456+0.000033*delta[0]+0.000073*delta[1]-0.000009*delta[2],0.011831+0.000019*delta[0]+0.000052*delta[1]+0.000003*delta[2],0.008764+0.000011*delta[0]+0.000031*delta[1]+0.000000*delta[2],0.024709+0.000044*delta[0]+0.000084*delta[1]+0.000018*delta[2],0.017428+0.000040*delta[0]+0.000070*delta[1]+0.000005*delta[2],0.012699+0.000020*delta[0]+0.000055*delta[1]+0.000012*delta[2],0.022630+0.000026*delta[0]+0.000076*delta[1]+0.000010*delta[2],0.017318+0.000031*delta[0]+0.000073*delta[1]+0.000007*delta[2],0.013113+0.000012*delta[0]+0.000055*delta[1]+0.000011*delta[2],0.010037+0.000015*delta[0]+0.000041*delta[1]+0.000001*delta[2],0.021522+0.000028*delta[0]+0.000086*delta[1]+0.000015*delta[2],0.017102+0.000034*delta[0]+0.000069*delta[1]-0.000003*delta[2],0.010422+0.000022*delta[0]+0.000041*delta[1]+0.000005*delta[2],0.064557+0.000093*delta[0]+0.000230*delta[1]+0.000018*delta[2],0.054767+0.000051*delta[0]+0.000204*delta[1]+0.000002*delta[2],0.040785+0.000087*delta[0]+0.000173*delta[1]-0.000009*delta[2],0.009593+0.000020*delta[0]+0.000042*delta[1]-0.000001*delta[2],0.021904+0.000051*delta[0]+0.000097*delta[1]-0.000005*delta[2],0.016984+0.000028*delta[0]+0.000068*delta[1]+0.000002*delta[2],0.012862+0.000023*delta[0]+0.000039*delta[1]-0.000005*delta[2],0.038138+0.000057*delta[0]+0.000134*delta[1]-0.000007*delta[2],0.028402+0.000040*delta[0]+0.000118*delta[1]-0.000003*delta[2],0.020568+0.000039*delta[0]+0.000068*delta[1]+0.000006*delta[2],0.015014+0.000040*delta[0]+0.000052*delta[1]+0.000000*delta[2],0.011094+0.000022*delta[0]+0.000040*delta[1]-0.000001*delta[2],0.044465+0.000055*delta[0]+0.000182*delta[1]-0.000010*delta[2],0.032405+0.000048*delta[0]+0.000129*delta[1]+0.000021*delta[2],0.022918+0.000057*delta[0]+0.000087*delta[1]+0.000014*delta[2],0.016116+0.000026*delta[0]+0.000062*delta[1]+0.000006*delta[2],0.011776+0.000028*delta[0]+0.000043*delta[1]-0.000003*delta[2],0.053595+0.000083*delta[0]+0.000190*delta[1]-0.000026*delta[2],0.021210+0.000043*delta[0]+0.000059*delta[1]-0.000004*delta[2],0.014382+0.000034*delta[0]+0.000049*delta[1]+0.000008*delta[2],0.010229+0.000019*delta[0]+0.000041*delta[1]-0.000001*delta[2],0.055519+0.000098*delta[0]+0.000221*delta[1]+0.000021*delta[2],0.036561+0.000066*delta[0]+0.000116*delta[1]+0.000009*delta[2],0.023977+0.000039*delta[0]+0.000092*delta[1]+0.000012*delta[2],0.016483+0.000028*delta[0]+0.000063*delta[1]+0.000009*delta[2],0.011670+0.000031*delta[0]+0.000048*delta[1]+0.000004*delta[2]
0.023342+0.000052*delta[0]+0.000100*delta[1]+0.000012*delta[2],0.011991+0.000016*delta[0]+0.000048*delta[1]-0.000015*delta[2],0.009004+0.000011*delta[0]+0.000044*delta[1]+0.000002*delta[2],0.046347+0.000092*delta[0]+0.000203*delta[1]+0.000022*delta[2],0.034997+0.000066*delta[0]+0.000162*delta[1]+0.000014*delta[2],0.024768+0.000068*delta[0]+0.000100*delta[1]+0.000023*delta[2],0.017715+0.000032*delta[0]+0.000060*delta[1]+0.000010*delta[2],0.012767+0.000022*delta[0]+0.000056*delta[1]+0.000008*delta[2],0.009364+0.000018*delta[0]+0.000031*delta[1]+0.000005*delta[2],0.078619+0.000203*delta[0]+0.000310*delta[1]+0.000040*delta[2],0.028689+0.000075*delta[0]+0.000132*delta[1]+0.000014*delta[2],0.018507+0.000038*delta[0]+0.000078*delta[1]+0.000003*delta[2],0.012748+0.000023*delta[0]+0.000055*delta[1]+0.000003*delta[2],0.009113+0.000010*delta[0]+0.000041*delta[1]-0.000003*delta[2],0.029039+0.000051*delta[0]+0.000139*delta[1]+0.000023*delta[2],0.019528+0.000051*delta[0]+0.000076*delta[1]+0.000006*delta[2],0.013690+0.000038*delta[0]+0.000057*delta[1]+0.000002*delta[2],0.023756+0.000039*delta[0]+0.000111*delta[1]-0.000002*delta[2],0.018261+0.000044*delta[0]+0.000067*delta[1]+0.000011*delta[2],0.013717+0.000023*delta[0]+0.000057*delta[1]-0.000000*delta[2],0.010444+0.000027*delta[0]+0.000044*delta[1]+0.000003*delta[2],0.023813+0.000066*delta[0]+0.000104*delta[1]+0.000009*delta[2],0.018748+0.000042*delta[0]+0.000063*delta[1]-0.000003*delta[2],0.011003+0.000021*delta[0]+0.000045*delta[1]+0.000011*delta[2],0.092912+0.000172*delta[0]+0.000433*delta[1]+0.000061*delta[2],0.057790+0.000092*delta[0]+0.000226*delta[1]+0.000071*delta[2],0.042836+0.000089*delta[0]+0.000199*delta[1]+0.000029*delta[2],0.009819+0.000023*delta[0]+0.000041*delta[1]-0.000001*delta[2],0.021706+0.000040*delta[0]+0.000102*delta[1]+0.000021*delta[2],0.016976+0.000041*delta[0]+0.000063*delta[1]+0.000015*delta[2],0.012921+0.000022*delta[0]+0.000056*delta[1]+0.000006*delta[2],0.038688+0.000089*delta[0]+0.000179*delta[1]+0.000047*delta[2],0.029131+0.000044*delta[0]+0.000122*delta[1]+0.000002*delta[2],0.021044+0.000045*delta[0]+0.000091*delta[1]+0.000017*delta[2],0.015410+0.000034*delta[0]+0.000055*delta[1]+0.000014*delta[2],0.011373+0.000026*delta[0]+0.000041*delta[1]-0.000000*delta[2],0.038226+0.000067*delta[0]+0.000182*delta[1]+0.000029*delta[2],0.029248+0.000070*delta[0]+0.000081*delta[1]+0.000017*delta[2],0.021663+0.000032*delta[0]+0.000089*delta[1]-0.000003*delta[2],0.015666+0.000035*delta[0]+0.000064*delta[1]-0.000004*delta[2],0.011660+0.000016*delta[0]+0.000044*delta[1]+0.000007*delta[2],0.046326+0.000106*delta[0]+0.000188*delta[1]+0.000017*delta[2],0.020682+0.000028*delta[0]+0.000087*delta[1]+0.000008*delta[2],0.014408+0.000034*delta[0]+0.000059*delta[1]+0.000010*delta[2],0.010391+0.000027*delta[0]+0.000042*delta[1]+0.000008*delta[2],0.041720+0.000067*delta[0]+0.000136*delta[1]+0.000032*delta[2],0.030512+0.000042*delta[0]+0.000120*delta[1]+0.000016*delta[2],0.021479+0.000038*delta[0]+0.000091*delta[1]+0.000008*delta[2],0.015479+0.000027*delta[0]+0.000061*delta[1]-0.000005*delta[2],0.011316+0.000024*delta[0]+0.000046*delta[1]-0.000002*delta[2]
0.015547+0.000022*delta[0]+0.000062*delta[1]-0.000011*delta[2],0.009008+0.000016*delta[0]+0.000029*delta[1]+0.000001*delta[2],0.007052+0.000013*delta[0]+0.000026*delta[1]-0.000004*delta[2],0.032192+0.000063*delta[0]+0.000114*delta[1]-0.000009*delta[2],0.024213+0.000058*delta[0]+0.000101*delta[1]-0.000003*delta[2],0.017729+0.000042*delta[0]+0.000089*delta[1]-0.000005*delta[2],0.013194+0.000027*delta[0]+0.000054*delta[1]+0.000008*delta[2],0.009887+0.000017*delta[0]+0.000041*delta[1]-0.000011*delta[2],0.007515+0.000015*delta[0]+0.000034*delta[1]-0.000000*delta[2],0.039338+0.000081*delta[0]+0.000148*delta[1]-0.000008*delta[2],0.018707+0.000041*delta[0]+0.000067*delta[1]-0.000002*delta[2],0.013301+0.000032*delta[0]+0.000047*delta[1]-0.000008*delta[2],0.009774+0.000017*delta[0]+0.000039*delta[1]-0.000003*delta[2],0.007417+0.000019*delta[0]+0.000024*delta[1]+0.000001*delta[2],0.019264+0.000036*delta[0]+0.000079*delta[1]-0.000011*delta[2],0.013939+0.000024*delta[0]+0.000052*delta[1]-0.000007*delta[2],0.010359+0.000022*delta[0]+0.000042*delta[1]-0.000002*delta[2],0.018389+0.000036*delta[0]+0.000048*delta[1]-0.000007*delta[2],0.014182+0.000034*delta[0]+0.000059*delta[1]+0.000004*delta[2],0.010838+0.000016*delta[0]+0.000046*delta[1]-0.000005*delta[2],0.008423+0.000016*delta[0]+0.000028*delta[1]-0.000005*delta[2],0.019061+0.000028*delta[0]+0.000068*delta[1]-0.000005*delta[2],0.014936+0.000022*delta[0]+0.000053*delta[1]-0.000008*delta[2],0.009013+0.000016*delta[0]+0.000038*delta[1]+0.000002*delta[2],0.050033+0.000117*delta[0]+0.000201*delta[1]+0.000005*delta[2],0.041918+0.000060*delta[0]+0.000141*delta[1]+0.000015*delta[2],0.030474+0.000026*delta[0]+0.000129*delta[1]-0.000008*delta[2],0.007986+0.000009*delta[0]+0.000032*delta[1]-0.000006*delta[2],0.018063+0.000032*delta[0]+0.000078*delta[1]-0.000004*delta[2],0.014007+0.000031*delta[0]+0.000054*delta[1]-0.000000*delta[2],0.010672+0.000028*delta[0]+0.000044*delta[1]-0.000002*delta[2],0.033327+0.000077*delta[0]+0.000102*delta[1]-0.000011*delta[2],0.023856+0.000060*delta[0]+0.000079*delta[1]-0.000014*delta[2],0.017110+0.000029*delta[0]+0.000070*delta[1]-0.000005*delta[2],0.012562+0.000024*delta[0]+0.000039*delta[1]-0.000001*delta[2],0.009403+0.000021*delta[0]+0.000030*delta[1]+0.000000*delta[2],0.035477+0.000086*delta[0]+0.000157*delta[1]-0.000034*delta[2],0.025305+0.000046*delta[0]+0.000086*delta[1]+0.000016*delta[2],0.018054+0.000026*delta[0]+0.000075*delta[1]+0.000001*delta[2],0.013033+0.000029*delta[0]+0.000064*delta[1]-0.000002*delta[2],0.009758+0.000019*delta[0]+0.000034*delta[1]-0.000002*delta[2],0.041255+0.000082*delta[0]+0.000143*delta[1]-0.000016*delta[2],0.016807+0.000031*delta[0]+0.000056*delta[1]-0.000008*delta[2],0.011653+0.000028*delta[0]+0.000045*delta[1]+0.000001*delta[2],0.008464+0.000015*delta[0]+0.000037*delta[1]-0.000005*delta[2],0.042749+0.000079*delta[0]+0.000154*delta[1]+0.000021*delta[2],0.028035+0.000034*delta[0]+0.000122*delta[1]-0.000006*delta[2],0.018816+0.000030*delta[0]+0.000061*delta[1]+0.000004*delta[2],0.013254+0.000021*delta[0]+0.000039*delta[1]+0.000006*delta[2],0.009610+0.000013*delta[0]+0.000040*delta[1]-0.000001*delta[2]
0.019578+0.000033*delta[0]+0.000070*delta[1]-0.000022*delta[2],0.010158+0.000018*delta[0]+0.000041*delta[1]+0.000002*delta[2],0.007753+0.000011*delta[0]+0.000031*delta[1]-0.000006*delta[2],0.040618+0.000110*delta[0]+0.000132*delta[1]+0.000010*delta[2],0.029215+0.000061*delta[0]+0.000111*delta[1]+0.000006*delta[2],0.020482+0.000055*delta[0]+0.000073*delta[1]+0.000013*delta[2],0.014684+0.000026*delta[0]+0.000064*delta[1]+0.000008*delta[2],0.010723+0.000021*delta[0]+0.000037*delta[1]-0.000005*delta[2],0.007955+0.000005*delta[0]+0.000035*delta[1]-0.000001*delta[2],0.062205+0.000110*delta[0]+0.000202*delta[1]+0.000032*delta[2],0.022455+0.000044*delta[0]+0.000077*delta[1]+0.000009*delta[2],0.014836+0.000036*delta[0]+0.000055*delta[1]-0.000009*delta[2],0.010425+0.000023*delta[0]+0.000034*delta[1]+0.000001*delta[2],0.007679+0.000015*delta[0]+0.000026*delta[1]-0.000002*delta[2],0.023253+0.000050*delta[0]+0.000072*delta[1]+0.000005*delta[2],0.015915+0.000041*delta[0]+0.000049*delta[1]+0.000002*delta[2],0.011305+0.000020*delta[0]+0.000041*delta[1]-0.000007*delta[2],0.020331+0.000027*delta[0]+0.000072*delta[1]-0.000006*delta[2],0.015442+0.000028*delta[0]+0.000054*delta[1]+0.000006*delta[2],0.011656+0.000012*delta[0]+0.000048*delta[1]-0.000005*delta[2],0.008948+0.000023*delta[0]+0.000035*delta[1]-0.000000*delta[2],0.020628+0.000050*delta[0]+0.000079*delta[1]-0.000008*delta[2],0.015976+0.000036*delta[0]+0.000063*delta[1]-0.000005*delta[2],0.009459+0.000016*delta[0]+0.000031*delta[1]-0.000002*delta[2],0.069174+0.000141*delta[0]+0.000251*delta[1]+0.000032*delta[2],0.047850+0.000064*delta[0]+0.000170*delta[1]-0.000001*delta[2],0.033583+0.000055*delta[0]+0.000101*delta[1]+0.000000*delta[2],0.008296+0.000017*delta[0]+0.000022*delta[1]+0.000005*delta[2],0.018694+0.000034*delta[0]+0.000068*delta[1]+0.000001*delta[2],0.014479+0.000024*delta[0]+0.000052*delta[1]+0.000009*delta[2],0.011056+0.000021*delta[0]+0.000038*delta[1]+0.000004*delta[2],0.032153+0.000076*delta[0]+0.000094*delta[1]-0.000012*delta[2],0.023607+0.000045*delta[0]+0.000070*delta[1]+0.000002*delta[2],0.017205+0.000017*delta[0]+0.000059*delta[1]+0.000012*delta[2],0.012749+0.000025*delta[0]+0.000041*delta[1]+0.000003*delta[2],0.009574+0.000029*delta[0]+0.000033*delta[1]+0.000003*delta[2],0.031942+0.000059*delta[0]+0.000138*delta[1]+0.000003*delta[2],0.023812+0.000033*delta[0]+0.000098*delta[1]+0.000002*delta[2],0.017553+0.000044*delta[0]+0.000061*delta[1]-0.000000*delta[2],0.012947+0.000023*delta[0]+0.000052*delta[1]+0.000004*delta[2],0.009800+0.000014*delta[0]+0.000030*delta[1]-0.000007*delta[2],0.034767+0.000076*delta[0]+0.000117*delta[1]-0.000001*delta[2],0.016321+0.000033*delta[0]+0.000056*delta[1]+0.000008*delta[2],0.011744+0.000023*delta[0]+0.000039*delta[1]+0.000001*delta[2],0.008655+0.000015*delta[0]+0.000035*delta[1]+0.000002*delta[2],0.033096+0.000063*delta[0]+0.000096*delta[1]-0.000005*delta[2],0.023944+0.000049*delta[0]+0.000089*delta[1]-0.000015*delta[2],0.017191+0.000039*delta[0]+0.000059*delta[1]-0.000009*delta[2],0.012646+0.000014*delta[0]+0.000044*delta[1]+0.000003*delta[2],0.009429+0.000010*delta[0]+0.000036*delta[1]+0.000002*delta[2]
0.012824+0.000024*delta[0]+0.000060*delta[1]-0.000009*delta[2],0.007638+0.000014*delta[0]+0.000032*delta[1]-0.000004*delta[2],0.006061+0.000012*delta[0]+0.000028*delta[1]+0.000000*delta[2],0.025960+0.000079*delta[0]+0.000098*delta[1]-0.000009*delta[2],0.019359+0.000041*delta[0]+0.000083*delta[1]-0.000009*delta[2],0.014382+0.000030*delta[0]+0.000060*delta[1]-0.000005*delta[2],0.010870+0.000021*delta[0]+0.000043*delta[1]-0.000004*delta[2],0.008297+0.000013*delta[0]+0.000038*delta[1]-0.000007*delta[2],0.006425+0.000008*delta[0]+0.000028*delta[1]+0.000001*delta[2],0.029943+0.000046*delta[0]+0.000100*delta[1]+0.000002*delta[2],0.014842+0.000030*delta[0]+0.000055*delta[1]-0.000001*delta[2],0.010827+0.000018*delta[0]+0.000045*delta[1]+0.000012*delta[2],0.008124+0.000021*delta[0]+0.000035*delta[1]-0.000004*delta[2],0.006308+0.000016*delta[0]+0.000026*delta[1]+0.000004*delta[2],0.015454+0.000034*delta[0]+0.000060*delta[1]-0.000011*delta[2],0.011478+0.000017*delta[0]+0.000053*delta[1]-0.000008*delta[2],0.008677+0.000020*delta[0]+0.000040*delta[1]+0.000002*delta[2],0.015582+0.000017*delta[0]+0.000072*delta[1]-0.000000*delta[2],0.012004+0.000017*delta[0]+0.000045*delta[1]-0.000005*delta[2],0.009258+0.000012*delta[0]+0.000037*delta[1]-0.000005*delta[2],0.007252+0.000012*delta[0]+0.000034*delta[1]-0.000003*delta[2],0.015924+0.000037*delta[0]+0.000060*delta[1]-0.000011*delta[2],0.012464+0.000019*delta[0]+0.000054*delta[1]+0.000006*delta[2],0.007663+0.000019*delta[0]+0.000031*delta[1]-0.000002*delta[2],0.036465+0.000044*delta[0]+0.000161*delta[1]-0.000030*delta[2],0.033781+0.000053*delta[0]+0.000118*delta[1]-0.000022*delta[2],0.024053+0.000056*delta[0]+0.000118*delta[1]-0.000022*delta[2],0.006808+0.000011*delta[0]+0.000033*delta[1]-0.000002*delta[2],0.015528+0.000031*delta[0]+0.000069*delta[1]-0.000034*delta[2],0.012008+0.000026*delta[0]+0.000049*delta[1]-0.000009*delta[2],0.009190+0.000016*delta[0]+0.000040*delta[1]-0.000004*delta[2],0.026570+0.000060*delta[0]+0.000122*delta[1]-0.000003*delta[2],0.019028+0.000029*delta[0]+0.000076*delta[1]-0.000011*delta[2],0.013856+0.000015*delta[0]+0.000054*delta[1]-0.000004*delta[2],0.010415+0.000022*delta[0]+0.000048*delta[1]-0.000005*delta[2],0.007895+0.000013*delta[0]+0.000031*delta[1]-0.000007*delta[2],0.029641+0.000081*delta[0]+0.000111*delta[1]-0.000017*delta[2],0.020779+0.000042*delta[0]+0.000085*delta[1]-0.000010*delta[2],0.014889+0.000034*delta[0]+0.000062*delta[1]+0.000003*delta[2],0.010874+0.000020*delta[0]+0.000042*delta[1]-0.000009*delta[2],0.008266+0.000019*delta[0]+0.000037*delta[1]+0.000001*delta[2],0.030357+0.000044*delta[0]+0.000121*delta[1]-0.000021*delta[2],0.013322+0.000033*delta[0]+0.000058*delta[1]+0.000005*delta[2],0.009496+0.000017*delta[0]+0.000042*delta[1]+0.000001*delta[2],0.007086+0.000014*delta[0]+0.000030*delta[1]+0.000001*delta[2],0.034174+0.000079*delta[0]+0.000152*delta[1]-0.000010*delta[2],0.022301+0.000062*delta[0]+0.000100*delta[1]-0.000010*delta[2],0.015217+0.000029*delta[0]+0.000066*delta[1]-0.000011*delta[2],0.010967+0.000021*delta[0]+0.000044*delta[1]-0.000013*delta[2],0.008084+0.000018*delta[0]+0.000029*delta[1]-0.000002*delta[2]
