Date,AGG,EFA,GLD,LQD,SPY,TLT,VNQ,VWO
2021-02-23,0.000259387302473435,0.0009205904339206761,-0.0023007456922117253,0.0007559768836475911,0.0012144243234233354,-0.0028832886289892334,0.006245794907569602,0.005691218464801917
2021-02-24,-0.00034627168159950816,0.003152671254420536,-0.0007095264939214196,0.0015101177682312894,0.011019405533224447,-0.006559842145299366,0.007647955001344409,-0.006389225337109172
2021-02-25,-0.009179838748248792,-0.017022639167216802,-0.018816524708764826,-0.01583274357527442,-0.024095591278689432,-0.016330329516992648,-0.019139776102066963,-0.02167936391872438
2021-02-26,0.008128531021462937,-0.014120299114885215,-0.024182906697045592,0.013252746833465778,-0.005152816173383479,0.033058875863651194,-0.014578642845038403,-0.014272021444518779
2021-03-01,-0.0005207111215363991,0.018781333504962916,-0.0017304170540851649,0.000977308205435845,0.02424012908494899,-0.013207637391125848,0.004437973126280914,0.027433693227116418
2021-03-02,0.00017363516836543802,-0.0010609073831163718,0.005447934683729505,-0.0011351581558840529,-0.00780319373146432,7.100736842380329e-05,-0.009630331970591377,-0.009456734138626577
2021-03-03,-0.0036487040054323794,-0.006107287688426499,-0.011021541189334294,-0.007425512959921887,-0.013245690124720655,-0.010845937935352379,-0.005720320347187502,-0.0007488877012435946
2021-03-04,-0.0028772106412808807,-0.009484423319800594,-0.009836893780889033,-0.008167893710552376,-0.012374717502877552,-0.0064497117463898634,-0.011391041588209583,-0.021543592807573786
2021-03-05,-0.0006995933149525069,0.006473291789752311,0.0006288110395962221,-0.0013083901852878332,0.018396435930285726,0.0019473774981226821,0.010940254862777943,0.007083967406181335
2021-03-08,-0.0039380448150754255,-0.00348370268749687,-0.010368190918767173,-0.009324731231432293,-0.0049786391140268504,-0.007774563328467932,0.008634497272801855,-0.026045558254646273
2021-03-09,0.0037779793377370474,0.013446204278291907,0.02127113294736649,0.007545737889782966,0.014277272139436858,0.01385780690165661,0.0066204132817184735,0.021667085579577083
2021-03-10,0.001662678438175913,0.004245673213582268,0.005098279923459348,0.004709168419824383,0.00622470353960658,0.002003150255579511,0.009978479158448739,-0.0017194663283450762
2021-03-11,-8.714842916313081e-05,0.005284566294797566,-0.000866011298261804,0.0006150985553077248,0.010139444105000006,-0.007213145761125861,0.01167615262752375,0.030047704736042125
2021-03-12,-0.005680067169686609,0.0024972751568088647,-0.00018572795011984056,-0.011519669504654217,0.0013463917912883705,-0.021221316137601476,0.01675737149616796,-0.017651604225325968
2021-03-15,0.0010546468041519041,0.0007865011540491018,0.004396503999798185,0.003418226341390662,0.005963878736290784,0.005879886429195125,0.014844009663264712,-0.0005672121375089878
2021-03-16,-0.00035141164848428996,0.0017032135752776956,0.0009248406787658592,-0.0006967395118762099,-0.001261396380225377,-0.004018857166994572,-0.004087174482041767,0.0043525646033313325
2021-03-17,-8.767006087628815e-05,0.005884450659907392,0.00714498527693741,0.0009298705898119763,0.0034097000897428398,-0.007483145077534115,0.0008641404718816581,0.0007539112683512261
2021-03-18,-0.0038640391739201974,-0.009100543224191515,-0.005810023730399405,-0.00572837791136338,-0.014549624044805198,-0.010126062283188575,-0.010142480391006292,-0.015439613841297328
2021-03-19,0.0007934871783428221,0.002755155276220611,0.004183119739068708,0.0014792947995054817,-0.0018501586142525284,0.006197756966021428,-0.013625524911689446,0.009944470186817655
2021-03-22,0.0019376643129902504,0.0009159006177286155,-0.0014702614866924923,0.0035760628088896684,0.007985028061925803,0.011205767296967428,0.007072797134782816,-0.002123669481563395
2021-03-23,0.0025500748875364465,-0.013856061773650952,-0.007300628474884996,0.0029439057336362318,-0.007870892397742857,0.009027082690705734,-0.0014268413914843014,-0.016340525216952284
2021-03-24,0.0012280945370439778,-0.0050373465580316745,0.0034608341081703298,0.0030119771460337397,-0.0050834481779507,0.00538162345532589,-0.005604279029257864,-0.023372449388081362
2021-03-25,-0.0005259242921747953,0.007460941956982214,-0.003633653726877295,-0.0011550011550011119,0.005625552035830816,-0.007885013664840401,0.010182074809653274,0.0015822322542011769
2021-03-26,-0.0016650105244084834,0.012959247853570055,0.0028434090575977233,-0.0006939434398270938,0.01611506411985042,-0.0035001097184483854,0.021566668271172373,0.02488167472885472
2021-03-29,-0.0016680204911139196,-0.003916078644073506,-0.011896005111092234,-0.0023916814991153945,-0.0005053502029177537,-0.008488324842894412,-0.0058165865873625044,-0.005587763480180752
2021-03-30,0.0007914719635260248,-0.0013108419347480638,-0.017091823816998808,0.0030935055107432774,-0.0026527627428940548,0.005239953579430301,0.0013004339925113406,0.004068859951651405
2021-03-31,0.00017543251190588194,-0.00433053231116487,0.015167857324082767,0.0026215012594914544,0.0040532102409125415,-0.005579859005587107,-0.006059624483523263,0.004438397933820948
2021-04-01,0.0033611669564890256,0.013048454546244814,0.012628087827510459,0.006271189619940332,0.010799158443921986,0.01659741183441299,0.018180043102081322,0.009030032572236557
2021-04-05,-0.0020169493797546068,0.014571959980562266,-0.0003704010382533651,-0.004899994134471175,0.014353117368770318,-0.004362904411084778,0.0038489216711534713,0.0020942083531061417
2021-04-06,0.003514840783955142,-0.010643774960186536,0.00802867506459215,0.006693572507000312,-0.0005905932330605435,0.006792474177668595,0.0025561419385864426,0.004750089386831746
2021-04-07,-0.0015760146798622365,0.0020740321472094703,-0.002818323186048577,-0.0019871368461243932,0.0011572518562126266,-0.006964866240026124,0.0007437658672395653,-0.014561186618795796
2021-04-08,0.0024557495840631383,0.005691293549686671,0.01075202788807239,0.0036755951848987944,0.004746757581804761,0.008255418367966838,-0.003715386808675336,0.010362907932878862
2021-04-09,-0.0011373956646463235,0.0030869826005914813,-0.00753747660190629,-0.0020596452077457084,0.007270117936015286,-0.0036227761173108775,-0.0011720114632141065,-0.008547012906854112
2021-04-12,-0.00026298316869022287,-0.005513689437774416,-0.006063609158189043,-0.0002290496385487506,0.00036466749688912614,-0.000436251507462071,0.005867128279301026,-0.006513561945980628
2021-04-13,0.0028910211594570523,0.0058020991934213395,0.007086479573175097,0.00443546733121436,0.0029636937032571087,0.007493778284655361,0.00498453779194552,0.0001927349039716475
2021-04-14,-0.000786341813145075,0.0007690591466116281,-0.004344315528953313,-0.0013707029031946316,-0.0034149998271505444,-0.0031773478955281487,-0.005276508046315742,0.00539812626665559
2021-04-15,0.003934339657215125,0.008326098979656527,0.016162763416190717,0.006175408165707719,0.010742221375340755,0.01673413385548872,0.01750516071612318,0.008820881995500907
2021-04-16,-0.0026125628940351087,0.007240617921610459,0.006047777218550321,-0.006819413199637414,0.003342642742245827,-0.007766170217946788,0.0021892193587131903,0.003231060105239214
2021-04-19,-0.0007860841882355585,-0.001765727620273494,-0.0027652942409929215,-0.0025941212162984284,-0.004913074305172738,-0.0028726282539804915,0.001976739369123237,-0.0020839775178405073
2021-04-20,0.0015727875176416717,-0.01794049454865143,0.0035565515706876827,0.0019123536547807074,-0.007321474748481549,0.004608816698537854,0.008202764478798086,-0.007594404639961749
2021-04-21,0.0009596129232294359,0.010291976711203965,0.009911155680072392,0.003435792153547057,0.009461914769242297,0.0020075026935140183,0.006591005431886954,0.00784374408850419
2021-04-22,0.0002617767781123437,-0.003310976449806158,-0.006483147356353358,0.0009886900598381487,-0.009133103851855395,0.004363738639894255,-0.005422575758057158,-0.0017082936317566189
2021-04-23,-0.00017431818797786214,0.010221200114861828,-0.003831414124593202,0.0008361857268752715,0.010842499296547237,-0.0023502573728217957,0.005863535839973899,0.013691011851358015
2021-04-26,-0.0008715888823517259,0.0007587492854321809,0.002644245538133694,-0.0004557328776931824,0.0020874876007286325,-0.001427950912738063,0.002966187535567766,0.0013128679531586585
2021-04-27,-0.0024419303535750947,-0.003285758626763502,-0.002517371003141977,-0.004482419718001118,-0.00021551598013536122,-0.008723568992722086,-0.00010215645097499948,0.0014986449137306401
2021-04-28,0.0005242426490130736,0.0025359170165422107,0.002944390689552989,0.00015215223103171027,-0.0002872865067513608,0.000649462277285906,-0.0021415930621139223,0.008043497482105533
2021-04-29,-0.0005239679626604099,0.00037937464271609045,-0.004133978948338446,-0.001220664773365021,0.006372629537011898,-0.002955383352757579,0.0085845706394021,-0.0022268592281096122
2021-04-30,0.001049335212416791,-0.012515854798103021,-0.0033690142851713345,0.0020626165746564507,-0.0065704280238346735,0.0023131789334669417,0.003951947735755024,-0.014692112460882645
2021-05-03,0.0006380797373521929,0.011010096895835098,0.012978352341882271,0.00240669024294915,0.002156760742144437,0.0006001620984730227,-0.0019176842006879413,-0.00037757439584296115
2021-05-04,0.0012242825081254516,-0.014815815423380396,-0.007329692780131181,0.0006093310642156791,-0.006169226379401649,0.006785900681516743,-0.0064719790458596105,-0.012273225053329617
2021-05-05,0.0007856581562688536,0.013624877104627897,0.004142168530566259,0.0012191028638655066,0.0003127477765625386,0.0016491513415957115,-0.01659041741238121,0.003823419656203697
2021-05-06,0.0001744365338152143,0.00824246361029779,0.01667957921247054,0.0019016558179485443,0.007985546462658144,0.001646627468904649,0.0055890286035764625,0.009902669652126717
2021-05-07,-0.0002616091665266218,0.011319265055337535,0.00899681760120985,0.00038003932737695756,0.007277987328857538,-0.004931443240739464,0.013174247512827142,0.008862902169347597
2021-05-10,-0.0015708356092511977,-0.00534741874470368,0.0030305045955998366,-0.005389668632311606,-0.009902456045007946,-0.010127297390538192,-0.0003049463843582956,-0.018691544997096354
2021-05-11,-0.0021843090152635636,-0.01312848281189738,0.000174300035968189,-0.0036625435109165494,-0.008924688376206746,-0.0056598607791132904,-0.012600159786080756,-0.002666503422375066
2021-05-12,-0.0035036423924733606,-0.015963465753829897,-0.009933813872024522,-0.0054382346434102,-0.021245077750982055,-0.010507274809814948,-0.025316634150641892,-0.0255921572757688
2021-05-13,0.0022852700005908666,0.007467470515699626,0.004107329913244362,0.003773845337556647,0.01201235234733189,0.0015485836583422063,0.012987299764061877,-0.0011761504138986245
2021-05-14,0.0022798273347630627,0.016741220272278978,0.009115862292308208,0.005447132710501457,0.015355485469163543,0.009351007266722,0.01188211439267084,0.01648356281482788
2021-05-17,-0.0008747018035716314,-0.0018854146842574027,0.011639321781340195,-0.001144448293041167,-0.0025447139692061915,-0.0021152187463642225,0.0010303832775557797,0.0005792200758041322
2021-05-18,-0.001226164543400854,0.0021409219779440214,0.001946172546249958,-0.0032850038860775532,-0.008615457052659092,-0.002558715195777217,0.00020562019769232442,0.014470478474217563
2021-05-19,-0.001402808153646351,-0.008796240510904885,0.000685616890880425,-0.0017630229668399444,-0.0026217878767623715,-0.0024188707574256396,-0.0031891826172776305,-0.002662871677252432
2021-05-20,0.0034243322807692156,0.013184575699319412,0.004567270124640199,0.006833854862701161,0.01075772739756986,0.00822849612239307,0.011249739966819439,0.0036231683034957385
2021-05-21,0.0004373504882808632,0.0013761342570006718,0.0004545724551812125,0.000686124485511197,-0.0008184867043187216,0.003206465859897145,-0.001020638903175719,-0.010640179814667361
2021-05-24,0.0009619819575521493,0.00612301530386361,0.001761036294059215,0.002743451565319077,0.010194191530899621,0.0037049093965009217,0.012464329780555783,0.009410391911545135
2021-05-25,0.002446510245946998,0.0002482512289154748,0.009072814229376336,0.0037239491397926816,-0.0022188136460070673,0.009263032545221872,-0.00030273116035328673,0.010464096011606694
2021-05-26,-0.00034861553182552463,-0.0006208613164451204,-0.0017420486873281904,-0.0005296237216092514,0.001984559670758834,-0.001720770241139702,0.004441401569166059,0.007343373463005287
2021-05-27,-0.0012209260728108795,0.0018637410740720561,0.00039409662496781017,-0.0030307042108677074,0.0005250937342469175,-0.004022435580520067,-0.0023115595322256155,0.001869104299952351
2021-05-28,0.0,0.0023560376351565715,0.003770176937892389,0.0008359026360156285,0.0017887182981624061,-0.0015868265954835925,0.006043646719872786,0.005223895367097775
2021-06-01,-0.0004631633758163112,0.0035878776439126625,-0.0026909461441234628,0.0001292826077579079,-0.0008810480414388477,-0.00022371232191509272,0.018021564249283584,0.020972501531301813
2021-06-02,0.0013121465374921204,0.003328306158465022,0.004890446350902078,0.0015971689104423703,0.0015727962159715059,0.0023142926739836422,0.011703461063984566,0.002363219218343371
2021-06-03,-0.002358568616830259,-0.004914690133084765,-0.019578228541437537,-0.003948577991945035,-0.00371153965868809,-0.003753431134570606,-0.0036942412556514315,-0.011244102938353207
2021-06-04,0.00411515141603358,0.008519753488662296,0.010783359066451448,0.007090349350599823,0.009145885262042075,0.01369482482580242,0.0004880415126666815,0.008987511866670017
2021-06-07,-0.0006972095943416079,0.003305487200402135,0.0040076283608136976,-0.0008327642949875758,-0.0009699365173118091,-0.0030734004495087675,0.011800265464112947,-0.003999156359299816
2021-06-08,0.001832076750100331,-0.00048805621607228566,-0.0030920774052216604,0.0037884534135110837,0.00021310078154179735,0.007027070129721036,0.00828916298977811,-0.004197886939395379
2021-06-09,0.0020033110460981884,-0.00268594632198238,-0.0019175027218333307,0.0036231642190733826,-0.0014920821490921332,0.008827952884644219,0.001338420921725092,-0.0007331984582896744
2021-06-10,0.002086461915694171,0.002754817630789219,0.004294325821970535,0.004512691077941389,0.004648317399984059,0.005998945713673098,0.007160061217760472,0.006969962454402179
2021-06-11,-0.0004338031721283775,0.002351241696484152,-0.011252390785353672,0.0008237351497966117,0.0016525532073978777,-0.0016132574987043347,-0.003981302283699972,-0.004371538631251948
2021-06-14,-0.0025168597951508165,0.0017283613747050008,-0.005860923791407013,-0.003665527082277631,0.0022387818421829575,-0.007659569413362988,0.003901701085354814,0.004025009087818887
2021-06-15,0.0004351631444028392,0.001232274474430639,-0.0037777095572453234,0.0007503019691592616,-0.0018338734267963064,-0.0012035805766136276,-0.01071180600645838,-0.006742192358060173
2021-06-16,-0.0032175959606964843,-0.006154546737415001,-0.016891711518855712,-0.002851198885350903,-0.0055835811470480445,-0.0008508512454793449,-0.00651596208999794,-0.013575505574077718
2021-06-17,0.0031407374610521455,-0.006935818120999415,-0.030740427140865334,0.00556839489125549,-0.0003314072394379197,0.014972115611280312,-0.001253533297336018,0.005765461639842595
2021-06-18,0.00269596905003322,-0.02070354873022484,-0.005547261946798776,0.00523792594860617,-0.01349042183524718,0.018805694148951835,-0.016996900554298366,-0.0077663757117508725
2021-06-21,-0.002601982498519173,0.01311785648185615,0.012247646651096789,-0.005806166921326628,0.014315926519133715,-0.016743258116768578,0.020630625457572993,0.004870789891953553
2021-06-22,0.001043492865379081,0.0001258783301394395,-0.0041928539145718036,0.0016471972457605677,0.005346145437165939,0.0024426739990763835,-0.005197656338456036,-0.004287925381763924
2021-06-23,-0.0005210112102752573,-0.006410257118606544,-0.0006616578066259704,-0.0015694539780400918,-0.0012053408066203808,-0.0025761489524604997,-0.0017416927397745363,0.005804298570764033
2021-06-24,0.0003477516108496559,0.009614027571889894,-0.0006019387497473438,0.001946317964902633,0.005915695403363896,0.0016053480551820876,-0.002157412316175833,0.007445820546350124
2021-06-25,-0.0019985130193485023,0.0021302062988806103,0.0033124733437563947,-0.002615278789917963,0.003552259309657746,-0.010382790495149008,0.006750235861714637,0.008130124111200843
2021-06-28,0.0028731404477515543,-0.0063768146529114,-5.999463986816611e-05,0.0042703208228873635,0.002015944991249574,0.010280464704997216,-0.0029152527975508935,0.0023828457954282456
2021-06-29,0.0005204962313931638,0.0002518994791642637,-0.010505462725200698,0.001193780452810822,0.0005379423341014267,0.0016733094461582887,-0.0027287341976754975,-0.0007314654638630458
2021-06-30,0.000694220039084481,-0.007674086779138722,0.004853503869870712,0.0011174271282829995,0.0008416397447756907,0.004452991584219301,-0.005277002534244346,-0.006221437278547071
2021-07-01,-0.0005556171804502741,0.0024087708146853792,0.0034413575356286863,-0.0008726410869280832,0.005536736238493045,5.559514261177512e-05,0.004322642953807909,-0.005339820471708556
2021-07-02,0.002172109297219338,0.0034145657525170847,0.006558341503640763,0.002835979758777807,0.0076433725644782236,0.006034819237389133,0.003032305832414206,-0.0011106419096446052
2021-07-06,0.0032072080647440604,-0.0065540233494630895,0.004961455343207799,0.00364708400896685,-0.0018215940179526768,0.011720699384889954,0.007314165180374754,-0.017976276935719016
2021-07-07,0.0017281802325255224,0.005455426012890063,0.003806801143447114,0.0034112208402630184,0.003534377184087667,0.008859142510332374,0.0034855389464774067,0.0009437491554911137
2021-07-08,0.0011212160287215056,-0.01287055583708363,-0.0006518168637834609,0.0005170753213781243,-0.00814811076909272,0.003917859575629956,-0.002797853019629648,-0.019042383671969865
2021-07-09,-0.003274214166614775,0.017001268897338218,0.003320562334123478,-0.004210214867551909,0.010674745969129651,-0.014062882821027967,0.01644687636561981,0.018258828789129877
2021-07-12,-0.0006048317937072945,0.004273357408907996,-0.001241101031467462,-0.0005191956598158409,0.0035818934725639906,-0.0012963481766351537,0.00856669760716633,0.0005661377671377643
2021-07-13,-0.0021624102277825186,-0.005256688567885193,0.001301782371024407,-0.0037106791327549127,-0.003408822633102049,-0.00765320899244315,-0.01396739338339159,0.000566069433594496
2021-07-14,0.003380648995522373,0.0022648191346963387,0.010755182911599048,0.004618241168023118,0.0014921782924892657,0.011361630425079206,0.006987063824926754,0.004902096176689019
2021-07-15,0.0021598708851169324,-0.009540519672810666,0.00017547964957964624,0.0021504357717645473,-0.0034155349922769807,0.01103041489107226,0.0016157247093315785,0.0009378421826977679
2021-07-16,-0.0008623442504946954,-0.0073510616652585625,-0.00970365108457183,-0.001406017591008335,-0.00784376831986311,-0.0018855843839552522,-0.0006640581638194254,-0.006747956412252898
2021-07-19,0.005263101557104521,-0.018130745486845457,0.0011805498135817327,0.007186901303660065,-0.014767690548131429,0.02192833233583258,-0.01823201475073344,-0.014719663393053417
2021-07-20,-0.0009439056912928789,0.007282157211458751,-0.001297100524211059,-0.0013974817347008894,0.014330238782539917,-0.009639803015220605,0.023600011226573292,0.0007661251737491881
2021-07-21,-0.003264801058862621,0.01523364847691333,-0.0037192566567244567,-0.0035359324462408415,0.00809649579322036,-0.012666376249550804,-9.468239668308787e-05,0.008612501843965559
2021-07-22,0.0023275268902500645,0.00038166948987305993,0.001955450591350383,0.004139545322077609,0.0020939894520213276,0.009452388547652069,-0.007937792659508447,0.0015179190491616534
2021-07-23,-0.0006884425038151676,0.00699102826606901,-0.0031344183025339145,-0.00044137128188415087,0.010288006604182165,-0.00668836508691617,0.00828722051685693,-0.015536249265707514
2021-07-26,-0.0008604077730165471,0.0013885430108744323,-0.0023730060647713103,-0.002209774631674599,0.002454892494726524,-0.002963083962422508,0.0004722088554409698,-0.01905298201436756
2021-07-27,0.002325571350270339,-0.004033625477591785,0.0016650735799190741,0.004281620877548464,-0.004557663732998041,0.01067098182130688,0.005665886845129142,-0.02158138883130345
2021-07-28,0.0009449599214215176,0.004302993691220003,0.005046252863966982,0.0017638334676330913,-0.000409941522111934,6.709836846452433e-05,-0.003474142450398565,0.028273464596091813
2021-07-29,-0.0016307999197855416,0.006931452180281461,0.011105233370970247,-0.002861633433290378,0.004147428976684964,-0.005545812760849644,0.00018831685318776437,0.0035100442595714654
2021-07-30,0.0013757077132536821,-0.00513125161541339,-0.007886842666167015,0.0008097012549230787,-0.004856469608700009,0.004703357692875221,0.001318994901965187,-0.006801362522261822
2021-08-02,0.002124038274695206,0.005031965038919672,-0.0012366429443513294,0.002894420879974824,-0.002098040547451885,0.008919593749450394,-0.002164090179922473,0.008022163753898637
2021-08-03,0.0003429526435851926,0.007134954254902626,-0.0007074766626713469,0.0010285367751765584,0.008135476677045839,0.0005299942712555517,0.0012257227005878502,0.0025231887214482995
2021-08-04,-8.576529054571402e-05,-0.002983086627629361,0.0002359625041987723,0.00021979820685191775,-0.00491899437001464,0.0020570404567381573,-0.003107351797260738,0.002516752052722282
2021-08-05,-0.0022300888184049183,0.004861567522361776,-0.0039520921003340925,-0.004107484223382696,0.006332811937341587,-0.005097088490884638,0.011713475482282965,-0.0030899500346858177
2021-08-06,-0.004471052938708087,-0.003721566249016095,-0.024991124040327772,-0.008175789031751979,0.0016524239607429436,-0.01670107132552867,-0.0017741619066253822,-0.006780194665020778
2021-08-09,-0.0018134349587373144,-0.0004980915976217082,-0.017735654639032372,-0.004307100175275025,-0.0008135084535735304,-0.003586859248563612,-0.005331606174986958,0.0035108154899012867
2021-08-10,-0.0012981417348501,0.0022423101237678544,0.00030919522248562537,-0.002237559482280771,0.001244065893839963,-0.004617661129957318,-0.009497618070007818,0.003692828405898352
2021-08-11,0.0009531217401039793,0.006836787516355081,0.01378497662510525,0.0015698109579309616,0.0024847467540767276,-0.0006140879724918502,0.005886207844753022,0.0036795002805412036
2021-08-12,8.661331519643767e-05,-0.000864289225494641,0.0002438615008097944,0.001417998328177461,0.0029971257570575727,-0.001638372201303473,0.002170521324815766,-0.006559936645498365
2021-08-13,0.003634782902263378,0.006054497648551038,0.014325811995228088,0.006707269766491608,0.0018197838281570622,0.015796227356294157,0.005462632809155377,-0.0019422249687854887
2021-08-16,0.0005171468735758467,-0.005158230287863663,0.004988291568599701,0.000592184681999397,0.002354742560334744,0.0024230731478460665,-0.001217685799011159,-0.00797793413321779
2021-08-17,-0.000775470800734035,-0.009382905307743106,-0.0014950364679763295,-0.001775368204416261,-0.0065553219190470635,-0.0004024620929935496,-0.0010318215711513368,-0.018046452754120423
2021-08-18,8.646605430606691e-05,-0.003863523037332617,0.0007786122169375354,-0.0006670144810210221,-0.010945233165423618,0.0033587784074937677,-0.009105974852645637,0.0011983211762263135
2021-08-19,0.0017246251081015629,-0.009883364290340979,-0.002932408589264246,0.002299087695053492,0.001548389215217938,0.007364992469458098,0.004831646264969569,-0.015363099084237608
2021-08-20,8.646101451681432e-05,0.003916889816852898,0.0005401616803368814,0.0006655925679484032,0.007957109980254451,0.0006646710804254496,0.004997282394249458,0.0
2021-08-23,0.0,0.009314218233307248,0.012177557387281546,0.0007393763269663012,0.008796532755009911,-0.0006642295862288039,-0.0018764029314967123,0.014387244830839974
2021-08-24,-0.0014636591827500434,0.002119892553811731,-0.00047414113127741686,-0.0022901248083787573,0.0015873708631792827,-0.0077764392860012466,-0.0044177853897799935,0.022373079757471714
2021-08-25,-0.001896812232859535,0.0003736097805022709,-0.006937433805443538,-0.002592345409236918,0.0020985427656392552,-0.00830656407850372,-0.0006606727544103963,0.0009768641200105233
2021-08-26,8.636534117867356e-05,-0.005224755817168192,0.0011344784228162208,-0.0002969937460658434,-0.005903248968336827,0.002769286843444574,0.00037771568280819956,-0.008198154739399333
2021-08-27,0.0027640593365165778,0.009128324344041427,0.015029547921398434,0.005570944937275835,0.008941044984632551,0.006803753246547473,0.010482726610209214,0.01259584207247344
2021-08-30,0.0011194822759612588,-0.00024784224726570603,-0.0049356385559711224,0.0016988751083562015,0.004397650690933119,0.00260919742388821,0.010000068646284221,0.002915472837645483
2021-08-31,-0.001462853742519199,-0.0004955894392375537,0.0020076547129428413,-0.0022863998295901133,-0.001481873355668517,-0.006806459835443479,0.004719232437091492,0.012209268961779873
2021-09-01,0.00031946499454749144,0.009052480576791089,5.8898619200498104e-05,0.0012885226616372591,0.0005316134500576997,0.001675113391557126,0.01602507729755942,0.012062086003862493
2021-09-02,0.0010350538697976308,0.004055670635073172,-0.0026517204262498373,0.001774869920541322,0.0030766299913373985,0.004365917979795464,0.005257140132864935,-0.003972719218101828
2021-09-03,-0.0017232304682024413,0.004528475440529034,0.01069422486613747,-0.0036168765439428263,-0.00024281260707714747,-0.009095085006555426,0.0001804623614141132,0.004558335454010631
2021-09-07,-0.0026761707660188927,0.0007311150570494807,-0.01958371853465668,-0.004741303389541485,-0.0035754022703904376,-0.008435482044678144,-0.011269300347680922,0.008319111604349949
2021-09-08,0.001644576231932371,-0.00791425195846529,-0.0025044029033459703,0.0032006081148667764,-0.001218283635912587,0.006806350784346993,0.0050147762632877235,-0.014813349013694466
2021-09-09,0.0031973295748133346,-0.0017182877718225908,0.004423489287242344,0.006529417499420154,-0.004280286558713153,0.012100003624926137,-0.0203227424303406,0.0013322768908692328
2021-09-10,-0.001981306993086518,-0.002212597419245177,-0.005058656845151166,-0.002874916243808201,-0.007884601945986836,-0.00881668800228086,-0.014632559746469709,-0.001520600514478554
2021-09-13,0.0012945442045162459,0.007885565491649205,0.0033497597913456634,0.0024399549000175824,0.0025592559367497714,0.006064917945175052,0.006767318498198005,0.003236303014392705
2021-09-14,0.002241217562349629,-0.00415655177090879,0.006438546534438316,0.003023176684805673,-0.0053962898788855185,0.012123203232759172,-0.0017739995962026134,-0.009297961806064237
2021-09-15,-0.0009462263367965296,0.002946359104190277,-0.005864266379652205,-0.0011763032794279704,0.008352494820091705,-0.003507467519060614,0.0031795557271987462,-0.00038293465770167234
2021-09-16,-0.001721374994439695,-0.0015914175151482413,-0.02264197706190263,-0.001398567789686167,-0.0015851733534527623,-0.004582502647305864,0.0008392654499909113,-0.010346950552985179
2021-09-17,-0.0008625120533052311,-0.013117437636502971,-0.0015850424237688898,-0.0022115511619985595,-0.00974113511236363,-0.004803112366669082,-0.008942152083058819,-0.003872244551778814
2021-09-20,0.001898770837963193,-0.01850919097932635,0.0071441542310690664,0.0031031011382525175,-0.016674140800954307,0.012402218623862815,-0.006108773965988301,-0.027208050710377685
2021-09-21,0.0004305457917983535,0.00987203848581708,0.006669036185550814,-7.386469923875705e-05,-0.0009447011551834139,-0.0008612199814304056,0.0004728268615048492,0.008065795381764662
2021-09-22,0.0003446207845614335,0.005013156533383301,-0.0037340107339023376,0.0027985167460504723,0.009754816652108866,0.005964187151439537,0.009735252956813989,0.014402813136040526
2021-09-23,-0.004905944971345999,0.01084931977827086,-0.011546389089901132,-0.006903769299253515,0.012149942355799359,-0.022596738894325896,-0.001965728852668991,0.004732801474990778
2021-09-24,-0.0017303195221188838,-0.009375742935926579,-0.00128427290155253,-0.0021448696797677913,0.0016472023858573603,-0.009773336917883957,-0.01069246964163273,-0.010990837980931922
2021-09-27,-0.0013860620224175335,-0.0006228561606266281,0.00208203509820426,-0.0005190045597394111,-0.0028607974262231384,-0.003675796953093391,-0.013450315272659608,0.005357960549874807
2021-09-28,-0.004165175569591506,-0.02180665051789321,-0.009716428402719801,-0.010678539630792239,-0.020151862344515048,-0.015576496596853673,-0.006768395494382351,-0.01164620952587303
2021-09-29,0.0006973160593830574,-0.0022930927566379156,-0.004504756024632184,-0.00022451118348454369,0.0016831298332224964,0.0017344792038114232,0.007495874229132227,-0.007988914594585395
2021-09-30,-0.00017409295203896225,-0.003958011403473072,0.01797665363761114,-0.002623828589676358,-0.01222235395895932,-0.00013810297237637492,-0.01652311481352886,0.00684516592632467
2021-10-01,0.003052696393126997,0.0024351833047944194,0.0022530453929923144,0.007267383800454663,0.011884112924270829,0.008415250025164633,0.014148054374671926,0.0005999801506346714
2021-10-04,-0.0006958967684065342,-0.0104858287852021,0.0046783175745395145,-0.0016448215461674076,-0.012896074573844452,-0.002545657892909725,0.00019382976979054334,-0.0137890648143707
2021-10-05,-0.002349067568506946,0.006849669923350232,-0.004656532835140448,-0.004119540353301754,0.010405102525294918,-0.0096564735764757,-0.006877266419503036,0.009523789941119798
2021-10-06,0.00043603396282065887,-0.006674543099206898,0.0026733243283083574,0.0003011244315713757,0.004156138587090741,0.005641447980896386,0.009558147617437784,-0.0038136575965110886
2021-10-07,-0.002790027322915556,0.007752934856239513,-0.005271739220885419,-0.004435825333721222,0.008645700908343157,-0.010457796830719901,0.0027051436124785333,0.019544691181025087
2021-10-08,-0.002185852779728936,-0.00012828348802129685,0.00042636491147840516,-0.004606572037305301,-0.0018238909042814777,-0.006998645349534205,-0.009442198941232327,0.003754869494198676
2021-10-11,-0.0015770129883486694,-0.003205807545570205,-0.0018875818465466931,-0.0018965988662842381,-0.007239611769709442,-0.0025374769181316648,0.0025290468716512304,-0.002756300027483949
2021-10-12,0.0036859703048348624,0.0005145109855277941,0.004514430828637339,0.006384711640219365,-0.002461711163344704,0.01709995244904916,0.013097739856213764,-0.0027643537386761174
2021-10-13,0.0022731269354396844,0.009900910631007065,0.017794197805277356,0.005060694703753477,0.0035978219390608857,0.009725874576579807,0.007278297391076105,0.013066805372310641
2021-10-14,0.0019194349320499349,0.009931340744433026,0.0024464685904206362,0.004734383007694909,0.016820507845513255,0.0037159105104476176,0.012169570444469535,0.001563504592007936
2021-10-15,-0.0024384382249731384,0.008320865095980956,-0.015892846243722114,-0.003590377452662441,0.0076158599766367185,-0.005826841518029813,-0.0007513845080699966,0.010731776017035122
2021-10-18,-0.0006978207532671865,-0.004251136487049223,-0.0024799108302698825,-0.000825315191526732,0.0029603348244773287,0.0046886597935626995,0.002537956676322173,-0.0013514915380175019
2021-10-19,-0.002882519521753446,0.006027162080740833,0.003213671993580469,-0.005484502460958107,0.007715100833866506,-0.013794752129202337,0.0004687364531617,0.011405401376211266
2021-10-20,-0.0007005569466090877,0.003494799224338596,0.008763958748792211,-0.002417270232160762,0.003927700142976276,-0.006750004296717349,0.015745189678372018,0.00019116339410740757
2021-10-21,-0.0021042959887918045,-0.004726681651003428,-0.0008987052245035265,-0.0021202023704925965,0.00260810317511595,-0.0011909761923840634,0.0013840123786119651,-0.008025894780575915
2021-10-22,0.0019329863689103721,0.0059986514872367724,0.006116967151190034,0.004021875088426441,-0.0010361021204404741,0.011013226390438335,0.00469925467600385,-0.0025044970544452205
2021-10-25,0.0009642061783843303,-0.001987773028013562,0.006914158513320778,0.0004534608213337954,0.005362866814817124,-0.0015263567390259025,0.0032097325272484323,0.0036696420682469366
2021-10-26,0.0018394723372898714,0.0019917321394393728,-0.00739951491266011,0.004306164545412772,0.0008998814064047345,0.0082685327527936,0.0027427147232315097,-0.006734927972307458
2021-10-27,0.003322508478584618,-0.0039752184191345075,0.002624060476058121,0.006093084620940603,-0.00443003662821595,0.018194698489056416,-0.008478576384623904,-0.005230463729095525
2021-10-28,-0.0007846736444609981,0.009728314853413078,-0.00023788536339730548,-0.0014956230255840364,0.00964873085151119,-0.0033844794003684564,0.013975639849619803,-0.0009735286301701951
2021-10-29,-0.0002616359634635135,-0.0058055325763329835,-0.008507900517562339,-0.0005242047031903674,0.002029273185790048,0.003055990929001773,-0.011244017907073078,-0.012475820819328076
2021-11-01,-0.0006113568415996307,0.00969062863858694,0.005220584505493342,-0.0017864854582172462,0.001720194117360574,-0.00719908660127766,0.004952335864560231,0.00967228456428293
2021-11-02,0.0020105843730564565,-0.002091721376568101,-0.0021490007233168074,0.003835519553439859,0.004042879136302968,0.004438071568794166,0.0047453511612494115,-0.010556962920603041
2021-11-03,-0.0020065500349125687,0.008138237183222374,-0.008315382622616663,-0.0025471528113720776,0.00610526131335698,-0.010333546647105951,0.003360629993704567,0.007310893419489872
2021-11-04,0.00332181843009427,-0.0006116261880096951,0.011340951773961994,0.00525744606991374,0.004712630881836377,0.010509646844843568,-0.009505039765250078,-0.0021578952788608996
2021-11-05,0.0039209070003656254,0.001468672094476986,0.0130629437586407,0.007321335971219645,0.00346972043299143,0.014956559409555537,0.0051179848750981805,0.000393224603059128
2021-11-08,-0.0018226558582536967,-0.0001224784480906571,0.003591619309376348,-0.002299213119617338,0.0008536683623483476,-0.0018752396011190164,-0.0008181299028692246,0.010414535442190731
2021-11-09,0.00278216935598552,-0.002199831947581443,0.0049281100201232775,0.0026761183049366366,-0.0033055058762707645,0.013018328318830097,0.0017287960256062718,-0.0023335967402747793
2021-11-10,-0.00676292182853766,-0.012126450292031743,0.010858781500706183,-0.010231085099764337,-0.008044879590034415,-0.018283056932600794,-0.004632840360629276,-0.002729413683034032
2021-11-11,-0.0018333164727057927,0.003595885949795319,0.005602086369596027,-0.002846775953326164,0.0003236731391518255,-0.0014847562381505863,0.0016427935336791322,0.017201224384024272
2021-11-12,-0.00017500967410333246,0.005436035264550387,0.0018952552280546708,-0.001051631453728108,0.0075469277162136805,-0.004392604861761185,-0.0007289420970179039,0.0007685981290663779
2021-11-15,-0.00367378086682435,-0.0018430146880492604,-0.0015477459282561279,-0.007594892513071216,0.0003422772551082698,-0.012556430970353416,0.007021093273958723,-0.0019203584510978366
2021-11-16,-0.00035121790606251757,-0.0022160258879445616,-0.007233864736584827,-0.0016673060778744642,0.003957767741695983,-0.002543669661435599,-0.006610151303787948,-0.00038465788788866195
2021-11-17,0.0023713617663234654,-0.0012339682296569343,0.009137183945092442,0.004022985668717727,-0.0024292807950423434,0.007924816536725832,0.003099277848299886,-0.0036566750154490846
2021-11-18,0.0008762752928224149,0.0009884159518454005,-0.0032091550635745536,0.002267942073377993,0.0033963564585026695,0.0037609762386936474,0.00018171827361901371,-0.011976001977109796
2021-11-19,0.0019257350152788177,-0.00851557103074041,-0.007646325240812324,0.003771259408645644,-0.001788165643523576,0.010557698615730304,-0.00590554872018334,-0.001759393191343328
2021-11-22,-0.0048054663029332145,-0.005849789845503661,-0.022420457120115533,-0.008716542146413708,-0.00281506746736937,-0.011728421399387234,-0.004935137928370414,-0.010380034444585351
2021-11-23,-0.003950855907440598,-0.0010017809929090404,-0.008652404091134991,-0.007125729556015092,0.001325923560911768,-0.014458915962687557,0.008082518367309444,0.0009896762837415807
2021-11-24,0.002291817458500933,-0.0066424489343488435,-0.0009565020521100642,0.004810211836490774,0.002669979817660595,0.016055239102012786,0.012117384379758844,-0.0011862629011542003
2021-11-26,0.007123623142814672,-0.02687380330220379,-0.001615539860939763,0.008129819597085586,-0.02230338979883062,0.025268737304994016,-0.02781543569687328,-0.029295496671680743
2021-11-29,0.0005238217866485595,0.005056447765940497,-0.0013785494630753625,0.0006783587557877002,0.012266887691670059,-0.008037795068410736,0.007407537831055855,0.0014273745170376717
2021-11-30,0.0016580404849795283,-0.008771858196798266,-0.006721853018899604,0.0021841897022911727,-0.019457745583272845,0.015202042617206368,-0.018933843826498653,0.001628998527495984
2021-12-01,0.00019203322723493343,-0.005726204410211655,0.003987937535404162,0.00014296904896604623,-0.011107201587145177,0.006168852793071888,-0.016488783706084087,-0.0006099818539143653
2021-12-02,-0.00017432050241483754,0.012434693091765592,-0.005536820827328315,0.00233408067989771,0.015316396738686455,0.0012471426892142201,0.03000582557377096,0.011798475254361396
2021-12-03,0.00401342349489564,-0.004137105158441234,0.008412002804647267,0.008336384064039137,-0.00870130242424827,0.011932323678144785,-0.003329509137438902,-0.013872230862418511
2021-12-06,-0.0034762666738719084,0.009606721555044384,-0.002460563224478851,-0.005065125002543636,0.011843166353848744,-0.013735343996876814,0.017537564337559708,0.0065240542626314735
2021-12-07,-0.0015695560954458454,0.021087945969422872,0.003549490636251651,0.0004494203941682873,0.020684834191281976,-0.00807945532470955,0.014408360991408964,0.014583685013993763
2021-12-08,-0.002620140833714091,0.001888957173193706,0.0005395140531609943,-0.0066596744751385994,0.002648034027800783,-0.017285354663562846,0.007191376990915321,0.005989425824209915
2021-12-09,8.726663536484658e-05,-0.008295763362612507,-0.006111378376110088,-0.0008287943901175154,-0.006751578152863202,0.005593249587917848,-0.014459194885465099,-0.004961603150546612
2021-12-10,0.0002627712486038547,0.002154663787987454,0.004219899491422874,0.0011306295931827748,0.009413491474713931,-0.0024117554675471276,0.003079267887083459,0.0017949217239379145
2021-12-13,0.003501753285001019,-0.009367429178893105,0.00252130006200435,0.0045189726095300475,-0.008858232448443193,0.014778500448863419,0.009389754638551073,-0.015329496787068186
2021-12-14,-0.0019192016852404015,-0.0053250581902120064,-0.009341302746070368,-0.004498643363390786,-0.006880171656296286,-0.002382728845901627,-0.012790729449801308,-0.002223944781374221
2021-12-15,-0.0007866376785020668,0.013580256665158386,0.004291534360497673,0.0012803676507535666,0.01562517031195987,-0.009621882945749838,0.014043600419606284,-0.003647399403063467
2021-12-16,0.001374892148469753,0.00012880629848321945,0.012097561477355745,-2.990666678603926e-05,-0.008818694021484719,0.00038894110399878556,-0.0003573641535087324,0.002643881159399175
2021-12-17,0.001224161185240602,-0.012623729119954463,-0.002140821851282393,0.002335977202435835,-0.010642853741830383,0.011331681656427062,-0.0012513827840178182,-0.0068964498907999605
2021-12-20,-0.0014847837100802064,-0.002217980818986609,-0.0042312675861405635,-0.004360590207768911,-0.01063323773028324,-0.007491952566015425,-0.007785715507037327,-0.013860928087446989
2021-12-21,-0.0007873744754683942,0.01111410401787194,-0.0004188884251822289,0.001963245249153811,0.017758894143035997,-0.0038079546481616378,0.011274244547661683,0.016942108697525438
2021-12-22,0.0008754396004335696,0.009310842132717267,0.009400024100517657,0.0015824397746089236,0.009998706886581443,0.004626994412498586,0.01025681669095091,0.005553434963601278
2021-12-23,-0.0012246044700772174,0.005893552034245353,0.0022540179789249937,-0.0015045044733918989,0.006222136745456686,-0.008677044487544028,-0.0010593944337514705,0.005931494270457804
2021-12-27,0.0005255394686711767,0.00776965345569125,0.002367247994286892,0.002938875658805573,0.014152103023405083,0.0024243136891590744,0.016976490830163726,0.0032532212860270082
2021-12-28,-0.00043760498205369647,0.0003792021181145966,-0.004310065233419702,-0.0012773205614801109,-0.0008172730282730578,-0.003963410552103697,0.003684115595705695,-0.003445350233739486
2021-12-29,-0.0029770319134674317,-0.0003790583783747081,-0.0002965076609273698,-0.0054919200426815085,0.0012792091040070286,-0.010924370447658482,0.006729732089649554,-0.004270954567986207
2021-12-30,0.002195442330984454,-0.002621758884027381,0.0071772153754725565,0.0040097312469769,-0.0027646102856259125,0.008386516049589954,0.004340620044950949,0.01286773235373695
2021-12-31,-0.0003503758876558516,-0.0008887368482605185,0.00683158799329231,-0.0015072218561001938,-0.002520021681685747,0.0019603663914766756,0.002766095671626001,-0.002621531604533822
2022-01-03,-0.006837439501118703,0.006481954189557992,-0.015383743445999576,-0.010639753596413226,0.005789846314382396,-0.026249606723723784,-0.007844333332101994,0.0070764326985000015
2022-01-04,-8.824717772670798e-05,0.005682511774090848,0.007366515057776857,0.0008387124230202492,-0.00033497570480645056,-0.00415870473495894,-0.0012163023926328176,-0.004015224506210058
2022-01-05,-0.003089154843183839,-0.008789564354913293,-0.00300766493835114,-0.005867918745373735,-0.019202093434951495,-0.0054272913168679215,-0.028618613247388458,-0.014916460424376554
2022-01-06,-0.0010627275783561263,-0.005067130604704206,-0.012244126909514819,-0.0013033083072658824,-0.0009393951020167934,0.002588362164330116,0.0008953926495451903,0.005729743037643509
2022-01-07,-0.0029251653071032946,0.0029283977060756694,0.004551137683908024,-0.004298682964498313,-0.003953471456400792,-0.007188089543374909,-0.006620569249133346,0.005086360034434634
2022-01-10,-0.0008888262212111142,-0.009267512569542169,0.0030402057039400354,-0.0009249844095761128,-0.0012443523245480037,0.0024603739547688352,-0.005764219908825252,0.0020243187093036408
2022-01-11,0.0018684284497632042,0.01089181786548532,0.0120646549718888,0.00300938187193589,0.009108181249625646,0.0066614581954627106,0.001539954831766055,0.01939375827751144
2022-01-12,0.0,0.009760505151942489,0.002642622730480104,-0.0006923837510459663,0.0027035125677552507,-0.003831352183471415,0.0011757210810690033,0.015259732417026717
2022-01-13,0.0017763031168869237,-0.007280904140679945,-0.0033969884760131075,0.00315623181198732,-0.013778451734664632,0.008880663836251967,-0.0019875624294318772,-0.012492763117443961
2022-01-14,-0.005585298040218789,-0.0010118500629912042,-0.0028796749096049457,-0.008825154996329743,0.0004088614663173562,-0.015109487373293429,-0.009052080274747576,0.0019767020319874096
2022-01-18,-0.006061960851479253,-0.014683466483980223,-0.001650255097062403,-0.009522736508010832,-0.017709580130580882,-0.01407467542241625,-0.010505135162380497,-0.01479584554879243
2022-01-19,0.002152628800495604,-0.0008992375369687444,0.015880526897095182,0.0015630934364778692,-0.010383544470822681,0.006923527111256211,-0.013478563944915645,0.004004772589470962
2022-01-20,0.0005371574089070297,-0.004886000528473988,-0.0024988838330701757,-0.0005461586595120194,-0.011067966892225778,0.006167402643840747,-0.012820516034041995,0.0061828596422899285
2022-01-21,0.003935712763286414,-0.013567771722870381,-0.0032624385581478954,0.006559312487240732,-0.019630670364204517,0.011906115679471974,-0.0024646249720169378,-0.01565919197079979
2022-01-24,-0.001158306260839681,-0.009955727096004563,0.005494198734739664,-0.0031032906582286746,0.004246669700054717,-0.00821546323822464,0.0019003798129402227,-0.013290202709241306
2022-01-25,-0.000981032337098453,-0.006085943239622638,0.0031971345443269072,-0.0028012987706053094,-0.012208845592717177,-0.0016144503772912433,-0.003983414268224461,-0.00020444099697303209
2022-01-26,-0.005625694087108224,-0.0038604684426880587,-0.016166464916677392,-0.006789648097250245,-0.0025089137837215336,-0.012093847837495564,-0.015617750400142794,-0.010409984896095903
2022-01-27,0.003322575643653458,-0.004677158948036775,-0.012898211138547944,0.0022787346595003477,-0.004937766307846259,0.018362943427112866,-0.016542609618562798,-0.008869846172673279
2022-01-28,0.0007161317919879284,0.0033562952650625366,-0.0029832934474428585,0.0010974804020096318,0.02483513467978704,0.0003488511583595866,0.03236291402267932,0.001665045990383307
2022-01-31,-8.942315277793433e-05,0.01458591914138796,0.005924537392067553,0.00046984317865161884,0.018011142865298035,-0.005169441928649765,0.012291420719009238,0.031996563795974264
2022-02-01,-0.0003496086840923951,0.009496272416794183,0.0008328835308379912,0.001662591955711834,0.006757015004059674,-0.0033193360336827293,-0.0035765474694274824,0.005838789836637437
2022-02-02,0.0010753446157476532,0.007446889774043619,0.0036259919505645666,7.81991082909883e-05,0.009713960267210053,0.003386698971610036,0.012752615056541794,-0.0018014652547012622
2022-02-03,-0.004028113118119014,-0.015821499789250182,-0.0014214062993387344,-0.008063371202322034,-0.023504920440000965,-0.007805880096845352,-0.010633478322061518,-0.008422009813326081
2022-02-04,-0.006290652019379617,0.0023719352134656813,0.0015420788696549614,-0.009944244348299991,0.00470238492127617,-0.014742477966378065,-0.009899121601630312,0.0006067699553811146
2022-02-07,0.0009042972675756822,0.0017090484456738775,0.007402581993851909,0.0018339180395514632,-0.003209408897431154,0.0006476866965456907,-0.001428347715995426,0.0
2022-02-08,-0.003072320929536909,0.005118058240956458,0.003056870675416823,-0.0037398818143601353,0.008227957990426527,-0.006685939896700632,-0.004672417006300389,0.009094440844018337
2022-02-09,0.0006346299989450355,0.016190130048874263,0.0033991784238243117,0.0033544822583326805,0.0146360305830453,0.0018818182444064746,0.022609713913262164,0.014820687556425405
2022-02-10,-0.009238951464195844,-0.012720242852986341,-0.0037965605384254753,-0.013611516626463094,-0.01796562777841748,-0.01589281210368021,-0.023608664590524575,-0.005525768858198332
2022-02-11,0.0065823010248002856,-0.015096111103068188,0.019054878321533186,0.007424066625963954,-0.019718788003767918,0.014828440745946025,-0.009115440573202571,-0.015479296376072482
2022-02-14,-0.005813016367807622,-0.0064745470004869965,0.005350715998122091,-0.00889118971907843,-0.0032693037907927103,-0.012441351464101413,-0.009102205785534556,-0.0074579219935650976
2022-02-15,-0.0016441941037279584,0.018353440788454245,-0.009499848975192515,-0.005010892360479913,0.016126763637421826,-0.01135311782051518,0.008990375923895177,0.022745414801869535
2022-02-16,0.0011895354681035197,0.003787363030611113,0.010284254451501385,0.0014620851600581908,0.0011209014306807763,0.00592687060736008,0.004649050435145297,0.007545773284308721
2022-02-17,0.002102246029433763,-0.016133143735356903,0.013668073780773726,0.000730084577176493,-0.021361486865013823,0.007438434158622442,-0.010604524335388166,-0.013007319469306222
2022-02-18,0.0020979947832613366,-0.004231790693253523,-0.0007334549100845855,0.0024315243318422386,-0.006474983762160713,0.010527242332687203,-0.006041050014023663,-0.007787817669822283
2022-02-22,-0.0010925935573375956,-0.011686680427558827,0.0020890378623359407,-0.0012941902984096032,-0.010731652300439043,0.0026042819924263494,-0.0036270892567140667,-0.015495933799940187
2022-02-23,-0.004464457942362832,-0.008196692817473705,0.0045072272703239324,-0.00906699947139955,-0.017738619650477405,-0.013781694401651334,-0.016528937961383217,-0.00919872565982216
2022-02-24,0.0018301993173410747,-0.013412807985599629,-0.006450131470019049,0.00473870350193506,0.015049184877872213,0.0006582767262606204,0.01680673544895228,-0.02021869310875868
2022-02-25,0.0010049179375384298,0.024993001282269223,-0.003330678220184624,0.004065794794006372,0.022063887575487495,0.0007315814233701534,0.02410449988729768,0.018530281781162783
2022-02-28,0.007210080500373861,-0.019024418704735924,0.010365345791119474,0.010689998270163148,-0.002558582782748453,0.021918270148104435,-0.014890835166707084,-0.011370926624484246
2022-03-01,0.005635516860606371,-0.02185197137133299,0.018163415997793697,0.0034203457527492986,-0.015230092096541248,0.011561741241052248,-0.0052662759813513205,-0.013592458657158524
2022-03-02,-0.01200181742479578,0.012566329283665745,-0.010406339832951472,-0.015203667282839284,0.018395942319153535,-0.0341827693124831,0.018725621031811635,0.0031799373681817844
2022-03-03,0.0033797833055009274,-0.019718795721469284,0.005953415398956663,0.0036564390867590557,-0.004978270122414807,0.010185720886006777,0.008180030264075544,-0.013947501902339177
2022-03-04,0.00400489303920204,-0.02897727179682008,0.015929145881701023,0.000971575607820796,-0.008124637454945183,0.017263498014674195,0.004581954011370293,-0.01885980874562787
2022-03-07,-0.005802291766436984,-0.03172548184825652,0.014862865283030269,-0.012131964558716346,-0.029479243503766517,-0.00762927951310699,-0.019764432285098832,-0.03538681819908229
2022-03-08,-0.003556605180571104,0.008677520867935273,0.027358997610294145,-0.005976707303021578,-0.007581801583987913,-0.010059844193485046,-0.004846715272873947,0.004302693477014952
2022-03-09,-0.0021049737009649627,0.0418273093486734,-0.029711176156992036,0.001729289229050135,0.026811039745974874,-0.009798843168005722,0.015390473149010875,0.025253509823447207
2022-03-10,-0.005594175400642998,-0.01195897716697647,0.0031212277978962533,-0.011429116840971365,-0.004515791986882789,-0.014367469792121002,0.0024942656130355623,-0.015394590015970544
2022-03-11,-0.0001844487333610978,-0.010806851030245923,-0.007027884128157469,-0.00041565244983687855,-0.01271507222253232,0.0033466651724853858,-0.007942464910975944,-0.02032618780614137
2022-03-14,-0.009685224583888652,0.009176983835876618,-0.015073711931138378,-0.014478402556620695,-0.007308124763832913,-0.02334890774799958,-0.007813310091686176,-0.023939831577903026
2022-03-15,0.0022353628783908785,0.009526510579268788,-0.01870545038411886,0.007852214795170731,0.021990308144075765,-0.0017455086332446301,0.006708408065297267,-0.000467288908945207
2022-03-16,0.0007433243106018672,0.03588791792397239,0.006260803404375848,0.008544977810211574,0.022174393066331843,0.009807816814284998,0.011877924128001816,0.07782175257986679
2022-03-17,0.0016716817658233296,0.008419569938598936,0.004888644573449508,0.009801420676606165,0.012510786022277953,-0.007454009808521067,0.015460995337203354,-0.007371700479400611
2022-03-18,0.002224920366304506,0.009717978785999115,-0.008789852082788041,0.0019742459523348632,0.01095290115720049,0.012213007404030751,0.0,0.015727220275559395
2022-03-21,-0.00980554684638113,-0.006235498975518117,0.007640798069546317,-0.013874176120757253,-0.00029245148141654465,-0.023156612705807378,-0.006108865692727727,-0.012638455064429621
2022-03-22,-0.0027091965417860298,0.009412171844390471,-0.007250775291250955,-0.0024140360198741107,0.011701481372223155,-0.012811631124465372,0.0025532099559062438,0.015509003266285237
2022-03-23,0.004121651845469421,-0.012972948784447325,0.013659661796972422,0.0028371418348744903,-0.012878562536492888,0.021914884745028118,-0.011219459571805146,-0.006883415401905513
2022-03-24,-0.0022386652153433273,0.009309890521949526,0.007260367097212672,0.00041623284214376,0.015074454796782488,-0.007832925068865348,0.006330292817988692,0.0060645104801413385
2022-03-25,-0.007947832299933233,0.000542534125665517,-0.004095451209537915,-0.007902449368595854,0.004883585845532945,-0.013872706181254246,0.012485901110620423,-0.007750172840858438
2022-03-28,0.0024504086597176844,-0.003253790389305622,-0.018203790082975457,0.005534004822347116,0.0071131192567537305,0.00854949377493619,0.010637141842601006,0.0032544298164862706
2022-03-29,0.004701126325317828,0.022170813521382282,0.00044678784846130526,0.00842113949076273,0.012370798456491361,0.00755251261096479,0.029340643798442256,0.015354720931124222
2022-03-30,0.002713841176141152,-0.004125147726280365,0.008038419372069505,0.002315545193748436,-0.0061748654899072,0.007801624147492081,-0.007239193418877132,-0.0012780011594237806
2022-03-31,-0.0004664273016421472,-0.016568594555280924,0.000387595883929448,-0.002310195830895534,-0.015391197703713444,0.0024289314083736357,-0.012214087195564494,-0.01620811011228729
2022-04-01,-0.0017770684738321885,0.009374968877620127,-0.006365867342034592,0.0033560248016302197,0.002833831132605269,0.0038064259102554843,0.01947039094499825,0.0190764840365909
2022-04-04,0.0008432464083505398,0.004038134532283744,0.004846769455083555,0.0034688287786763805,0.008566730870339878,-0.006949519434431561,-0.004887961476931935,0.017443291926519056
2022-04-05,-0.010108561361950485,-0.013540536925337077,-0.006264842571455875,-0.017529548533681938,-0.012631357791753506,-0.022592623127263955,-0.00491156715661456,-0.017562098916180546
2022-04-06,-0.0025528442957991615,-0.011959984698570292,0.002343216670796844,-0.005863867958932012,-0.009999212037218985,-0.008094045213950518,0.011882793471874153,-0.011066239001875644
2022-04-07,-0.0021804365599594755,0.002201177701833812,0.003784886240234764,-0.00463433403352953,0.0050390105912283545,-0.007532097035737317,-0.009936738788912547,-0.007316747131636769
2022-04-08,-0.005035205424184452,0.00041164420495376497,0.006265969312183373,-0.007872727879879027,-0.002674074456833986,-0.010831186456871644,0.0016423488951515797,0.001951172526070577
2022-04-11,-0.004296806606628345,-0.0105639476596453,0.004959463770487282,-0.009726647033403535,-0.017092357555482995,-0.01582471807232666,-0.010748640353818173,-0.012548594785089628
2022-04-12,0.00316450028758708,-0.007487597495226095,0.007676751619003053,0.0006891814163332288,-0.003705273938115927,-0.0013805496136621853,-0.0014734170864378893,-0.003943954065691591
2022-04-13,0.002007631790797104,0.010757222105195918,0.004788537865617837,0.005166148005719462,0.011453623914777555,0.0020329762982989052,0.007100852976902994,0.01077854846350923
2022-04-14,-0.008109156514303217,-0.00456107884944057,-0.003303550666205468,-0.011649832872711374,-0.012451796437661256,-0.0200453882862468,-0.004303763709704311,-0.010881467092520913
2022-04-18,-0.0030776061025109547,-0.005831613310640749,0.0030971927027434454,-0.0076270714053743305,0.00041125948842779536,-0.0049690938177306965,-0.004046354030948773,-0.004180504397882534
2022-04-19,-0.006078593049538283,0.004748504157658484,-0.015112904376299419,-0.007947479186410478,0.01614260593142247,-0.007490315287244642,0.021791548379310077,-0.005081515904088008
2022-04-20,0.005727151050109791,0.006672095188446248,0.004894947496407287,0.01038816632909878,-0.0007415483827979408,0.020125505271661792,0.01662734198765148,-0.0064401558012335824
2022-04-21,-0.005501293519524997,-0.010770457981871484,-0.0035576001936850066,-0.010629825769590151,-0.014953494618717755,-0.007398172516884016,-0.006933309127791443,-0.018104668298209114
2022-04-22,-0.0009705535257361619,-0.016331555536563513,-0.0097220932450649,-0.0011448527434833045,-0.027439090647448205,-0.006294049728906237,-0.017543944709009773,-0.007967274933358137
2022-04-25,0.006702759900394817,-0.004824831263066098,-0.017970993150090764,0.01110911666828085,0.005797450242188251,0.01000084249211075,-0.002550744063426147,-0.010325508718576515
2022-04-26,0.003088039511080387,-0.02794798722748726,0.001525017044941901,-0.0005231450541537397,-0.028960748414676885,0.010066761706127192,-0.016441647610246246,-0.02017198913467899
2022-04-27,-0.004040088696776412,0.0045473359360155285,-0.00755702425744631,-0.009597209389948902,0.00281175835496561,-0.012825791925816787,-0.00659351207515857,0.01396124867000137
2022-04-28,-0.0003865349254064121,0.014164805731882613,0.005398323510093839,0.0029954647646981414,0.025259381710863726,0.001489538163946147,0.018416537237756048,0.013068975816589834
2022-04-29,-0.005990796290347822,-0.011663216867963566,-0.00011297696546286318,-0.011066578038720909,-0.03695555944482831,-0.012973178768079574,-0.045896824882533216,0.0006912101114164848
2022-05-02,-0.00544384430149325,-0.0024764817777199744,-0.018540493535693647,-0.005928184631683431,0.006019526341106918,-0.0173336562659141,-0.024148662407736166,-0.002071997448861884
2022-05-03,0.002251944768770775,0.007448519622310856,0.00264926246698316,0.006447179970108685,0.0045839680771948554,0.00674183130411965,0.012422282490556658,0.007612428374097258
2022-05-04,0.006447722737587425,0.017541268351421113,0.009822544372671826,0.009786443666193634,0.030452963588745385,0.00551011094991205,0.011490928196377315,0.009844409836052392
2022-05-05,-0.009900510920803796,-0.03219835313869013,-0.003811138551277793,-0.015330370703541374,-0.03554283297568572,-0.027398619114682,-0.026667975219452633,-0.03627310096176872
2022-05-06,-0.004216172792015804,-0.009715835148295215,0.0016558743678838361,-0.008500405355419072,-0.005968792006687207,-0.01473546693559935,-0.011869354364845375,-0.013643758566865838
2022-05-09,0.004922962290498045,-0.030176924541760797,-0.014479496708730832,0.0035196806932789038,-0.032017460629100936,0.008797625909874096,-0.0440442700414575,-0.0269496752597429
2022-05-10,0.0030372060287078284,0.00751076577902543,-0.008445202872691127,0.004226620776479173,0.0023105058468220196,0.009069876409466993,-0.018219856148019464,0.004166673784623098
2022-05-11,0.003711665958194388,-0.005933434957149708,0.008167128516088473,0.00465679224562221,-0.01588594727662973,0.01927185238850715,-0.002132996630126671,-0.007078143146912463
2022-05-12,0.0018488858376493056,-0.0024486594501810233,-0.015333925720196762,0.000445247805024529,-0.001044183514577135,-0.0018650246143550042,0.007802715404184202,-0.004916667550111997
2022-05-13,-0.004273790785551457,0.02776912116698016,-0.00810956630229509,-0.0052564681092148735,0.023908031541711283,-0.014781163113045337,0.026407669450726923,0.024703726920293434
2022-05-16,0.00224359652142736,0.0008957511005245333,0.009538483763206873,0.001343323299509036,-0.0040576922137736116,-0.0010344914915645376,-0.006302989598544029,-0.0021699029151703852
2022-05-17,-0.005450848512745909,0.018642818839325725,-0.006279296383541522,-0.005724196332605902,0.020570241860937033,-0.012083634180564018,0.013621742564051242,0.022952246205647286
2022-05-18,0.004012634388459224,-0.02386533611994468,0.0005314848929158789,0.003688202713133748,-0.040311349892828585,0.021317644928371626,-0.02903171914628322,-0.021728582390332374
2022-05-19,0.002534545190838511,0.009599632451923856,0.014697234801531733,0.0026888130641773422,-0.00612461763716865,0.002395016278040396,-0.004437155094594414,0.014485748310083757
2022-05-20,0.003014003269961707,0.006833814396747462,0.0006980112537449124,0.004916604093542887,0.00043644645871387944,0.01135019347354338,0.006367354185242702,0.00380777781901509
2022-05-23,-0.0032959428349093045,0.016969275746786305,0.004650369455528214,-0.0035581888517068894,0.018710060592953326,-0.016454566109727176,0.01159967057935618,0.007112319855380411
2022-05-24,0.0076833561325970745,-0.0015960662397519476,0.007521859850632806,0.013122759426859476,-0.007633593971756336,0.019732502957746645,0.008443676855222515,-0.01789083131939917
2022-05-25,0.004150156494961532,0.00029056093047663545,-0.006029994959596108,0.01030938050135477,0.008834888829009735,0.003954345405572379,0.00847624171240935,0.005513210676464375
2022-05-26,-0.0007689270783596269,0.011041804064090499,-0.0018488983177334939,0.00026161175570060813,0.01998130326747649,-0.004525110963897294,0.0012300220400944806,0.015017789758420053
2022-05-27,0.0016352065602436294,0.012070678685320413,0.00052102106703944,0.005231255743389562,0.02454909632786806,0.002441275424139855,0.02682233744524809,0.010803101917213898
2022-05-31,-0.006338207378584371,-0.0059633269595051885,-0.009893009276743081,-0.007372423994423838,-0.005610805014941156,-0.021162668933309203,-0.012263173835139196,0.013940310495864638
2022-06-01,-0.004104987588412823,-0.010569992248614879,0.006369033199590923,-0.005833747704839354,-0.008088468672732385,-0.0011427794273224379,-0.008276980788298083,-0.006645185846296142
2022-06-02,0.001263819528691812,0.020788060257426633,0.012309182073779512,0.00044062408121603447,0.01904335185858752,0.0005162398280798008,0.013740429866651915,0.017993122144736473
2022-06-03,-0.0016508337454184119,-0.01428347379136441,-0.010152017266979896,-0.0031705942982465096,-0.016411475002323206,-0.0021500775992473464,-0.013353503560637137,-0.01563549130371178
2022-06-06,-0.006127099711234596,0.004017271421493662,-0.0044037229040009285,-0.0070677996058997605,0.003044595652737625,-0.01844331018430867,-0.0031543130269838793,0.005524657993064563
2022-06-07,0.0038159785770575105,0.0030008365300091544,0.006518420844169315,0.005338363876672414,0.009592337938967743,0.01080007767916058,0.013780923660631883,0.00503684410825378
2022-06-08,-0.004093672501643497,-0.013962169920531786,-0.0009251975242893229,-0.005752472530135222,-0.010872361176621603,-0.008860616580127711,-0.023059095896385773,0.003644512388196519
2022-06-09,-0.0010771040617405525,-0.0210005795699445,-0.0031832564859568535,-0.00658717891227778,-0.02378269701426372,0.003330267324236358,-0.02370633379165976,-0.021561356667189058
2022-06-10,-0.007741069047665916,-0.02413642462533727,0.013412283666592417,-0.009677347037882145,-0.028995777399533518,-0.006201879432466861,-0.022170686178115462,-0.00788701516309287
2022-06-13,-0.016393589756630522,-0.033080941892149385,-0.026412288230091452,-0.023072751934303137,-0.03796809004821067,-0.03137885337907709,-0.049989195121909136,-0.03249929162269227
2022-06-14,-0.005923434726594512,-0.00943237168489175,-0.008003209616781914,-0.005186479907760777,-0.0030134052147905432,-0.012613396390519838,-0.0076145443822488446,0.014499750450804427
2022-06-15,0.011109699761683967,0.018721800979166092,0.013050939388113303,0.015640642061594656,0.01425626645671807,0.018656162662980424,0.023705943188716994,0.014768912376474264
2022-06-16,0.002397351500683431,-0.022021592467177054,0.011243181594596585,0.001100345700510541,-0.03309609298539218,0.007939264151509473,-0.026289483421867543,-0.03122058166371655
2022-06-17,-9.936323862058671e-05,-0.004049957470833809,-0.008222816311715064,0.002014186374607263,0.0021558875941944944,0.003222436992163402,0.007582679424236183,0.004361466339338538
2022-06-21,-0.003986742315598812,0.015126913807131492,-0.0037367862070599722,-0.010051826986922863,0.025173832218100767,-0.01695206570576091,0.013911240145956016,0.015943966694124567
2022-06-22,0.008505207138883142,-0.006729646491290597,0.003985188163408093,0.007292418434314607,-0.00181324970942498,0.027500408504098184,0.012708169080753118,-0.016507243060552512
2022-06-23,0.004167059908399162,-0.0011292863033052214,-0.006129257292171064,0.007697771315576141,0.009802680447432266,0.008214967291737318,0.018998522046825173,0.004865086258671436
2022-06-24,-0.0015810063725152368,0.029877316708958546,-0.0009984622015154487,0.0011823263505743586,0.0317938626160752,-0.013842658850535483,0.02127656486044671,0.021302363049358952
2022-06-27,-0.004453391428198006,-0.004233952028572685,-0.0011170700540719114,-0.009174165758849884,-0.003819691075187981,-0.008528879150573876,-0.001503186169095394,0.0007110717916036791
2022-06-28,0.0003978419483379181,-0.006771638781891576,-0.0016480211262837052,-0.000274989137969861,-0.020432820975843646,0.004659373822382795,-0.01215329427554479,-0.0066322956481128514
2022-06-29,0.005763145967302874,-0.003805327793333313,-0.0007663579045243951,0.005960471664653744,-0.0008143786286856081,0.015608497122542087,-0.006205779617395435,-0.0026225652579232595
2022-06-30,0.004544677168613287,-0.005411484660958754,-0.006077047294322124,0.0030082717123929292,-0.008124574849728616,0.008781714983188138,-0.0018624364442475505,-0.00430294262519193
2022-07-01,0.008335229483548368,0.0024003538898484944,-0.0008310541616338707,0.012639571493757273,0.010576739424406512,0.01026677883376137,0.018000279688205723,-0.006002459038773944
2022-07-05,0.0018570069997607686,-0.02139198409719789,-0.02120964335120412,-0.0002699313281276927,0.0018886521773679998,0.007856876573292926,-0.0028030801250916726,-0.007971150574208163
2022-07-06,-0.00672986387416552,0.0008156733144764061,-0.015842188833696924,-0.004950876498571288,0.003377218760034717,-0.016790725765747028,-0.0018382615992503792,-0.006817691527858827
2022-07-07,-0.002258656940687165,0.015158828681534509,0.000555053276362516,-9.04492064246476e-05,0.014977082612808612,-0.008800055529306294,0.002707849063506851,0.020838669025395884
2022-07-08,-0.0037395059158678023,0.0011239602740935606,0.0004315313201161963,-0.0016284739935008563,-0.0008224395087097491,-0.011076307048920597,-0.005293078069160351,-0.002401684917796687
2022-07-11,0.00464251222077583,-0.016198818155942485,-0.005360507452973451,0.00280939674573788,-0.011423769033023556,0.01724448377076304,-0.0021718678101496636,-0.024795410074012314
2022-07-12,0.0013769049677316847,-0.00016305579348374621,-0.0037167247224720867,0.0014456176625334827,-0.008848779378690996,0.0059419625352648,-0.003918351323094149,-0.0037026979773016055
2022-07-13,0.003633159635737293,-0.0004891095908124976,0.004787690503602615,0.007489758630837784,-0.005251689310353025,0.011466283594735005,-0.004807731706454099,-0.002973252830948736
2022-07-14,-0.0035225464782903115,-0.014029333272224886,-0.014047055610919013,-0.006359161395532165,-0.002428498849912031,-0.008158774042888672,-0.009002959006369049,-0.006709768708442088
2022-07-15,0.003927578376187624,0.01588351502702645,-0.0020084561635671516,0.008022394704668923,0.019104972695923594,0.005628059474046321,0.01695105466060154,0.003502605182280627
2022-07-18,-0.003227379152834109,0.004071655475179181,0.0009433945063559435,-0.00697500455961797,-0.008256684374588374,-0.010417993835967643,-0.0070815195679031495,0.004736813054841749
2022-07-19,-0.0013734239997748032,0.027250632812305886,0.0023874693093759447,0.0027915280577675006,0.02701912532775541,-0.005394789184367754,0.025894107414486944,0.014144302681317722
2022-07-20,-0.000688165756016379,-0.0066318838525420976,-0.009402031234323593,-0.0010774779441149462,0.006373143095292244,0.002624338575820895,-0.0023529136427941078,-0.004159828486160144
2022-07-21,0.00835736889874994,0.010332111486356155,0.014110421925231709,0.013663999241367852,0.010183267502379412,0.017275999551243038,0.007933149168971143,0.012285240691275456
2022-07-22,0.007800185192798015,-0.0025173056884777445,0.00249575020790771,0.007715573623132688,-0.00927830523111528,0.016811113447819492,0.005211821821480722,-0.01019432000905951
2022-07-25,-0.003676442623196108,0.007728666755248748,-0.0027385476219622396,-0.008448405485954491,0.0012149363327647045,-0.00978496132958584,0.0016929138489558682,0.004659307120250977
2022-07-26,-0.0001942198168981557,-0.013930118514191125,-0.0011858106875901608,-0.00017747855460892303,-0.01183087047788256,0.0007668756165848389,0.0010561781060018927,-0.009519408951469743
2022-07-27,0.0034963001699481744,0.023650797891519915,0.010184984698782484,0.0066577307325323964,0.025966394079430355,-0.005618156310849054,0.006014571089856036,0.01971440511757261
2022-07-28,0.007162403361197001,0.0051170338001707005,0.012185323455280006,0.008289125992506863,0.012542289942915064,0.007961002840502163,0.03241037194835106,0.0031415570080681743
2022-07-29,9.597750473266942e-05,0.01388455843817682,0.0028110896821249565,0.0023613547639071975,0.014578782253192868,-0.0027172526142122955,0.005384396035528427,-0.004577263310923563
2022-08-01,0.003465982934081069,0.001369505937382165,0.0056672312077465925,0.001976860137764991,-0.0029612900923987606,0.024083404873317837,-0.008083939223827663,-0.006050398183321315
2022-08-02,-0.010265735503803719,-0.01595494862178093,-0.005938288400823777,-0.012220582728343032,-0.006597305164207978,-0.021159709128088067,-0.012836025655511674,-0.005843494945243166
2022-08-03,0.004458966996505831,0.0058675974084809734,0.002438243761313297,0.010869519270977568,0.015659519673125954,0.015744526281381344,0.003198875248873412,0.005387933659239952
2022-08-04,0.0024128182781011365,0.005066362851542383,0.016539989487255546,0.001573372448496757,-0.0006756391817873686,-0.0003351802338926735,-0.0015428721584552774,0.008282967943079145
2022-08-05,-0.011168017790991192,-0.007026316421931078,-0.011246066300201418,-0.013528782323770416,-0.00169016262567101,-0.023803291100202628,0.002781879501827067,-0.00024174446314817466
2022-08-08,0.004575975678527744,0.002307178390129838,0.008470017618367853,0.003981346812551578,-0.0011610060586082493,0.016141138218588313,0.008938402740420015,0.002174658824338316
2022-08-09,-0.002229051785506253,-0.005371218550012435,0.0030595386607856767,-0.004494450614635048,-0.003970929169510473,-0.00388677410126681,0.00549908058132953,-0.002169939945288024
2022-08-10,0.002525514379232874,0.02252724146215268,-0.0025119508170524663,0.009472386934231913,0.021004099955967304,-0.006531239853528437,0.015191524680363333,0.01256622803227292
2022-08-11,-0.005329052980230897,-0.00030166035412082515,-0.0026382206776995876,-0.009646455866060277,0.0,-0.02330967884152968,-0.0023942572331875356,0.004773358356984003
2022-08-12,0.004481021176915734,0.00769813044039136,0.00919802099904432,0.011600115116364718,0.01692894767703157,0.010140938943531852,0.017199818905621278,0.010451417465405344
2022-08-15,0.0012607589305499989,-0.005991641160451033,-0.012867030834262327,-0.0007003327278308769,0.004120768092337412,-0.0008654320670915538,0.004030621131675849,-0.0037612147535409646
2022-08-16,-0.0014530121606878277,-0.00030137833068821784,-0.001750096754401964,-0.003854296676015334,0.0019586624403962194,0.00415758147632439,-0.0026436074360023376,0.0004716845412966464
2022-08-17,-0.0059166054788130085,-0.007989156011544263,-0.006468335614034371,-0.009409081866349811,-0.007097991045177943,-0.010437562016200275,-0.005988592455982933,-0.002358330618066229
2022-08-18,0.00214654563737926,-0.003342931848406283,-0.0026164156896926194,0.0025742245086743942,0.0029063001185714032,0.0014821605661532455,-0.0066171781358785875,-0.006383107045818348
2022-08-19,-0.007009919553331745,-0.013721623112160186,-0.007320625681104476,-0.011864738452223245,-0.013437936351611945,-0.016102202040048863,-0.010539036147749203,-0.011182192934905855
2022-08-22,-0.004314052905803112,-0.017004176150854255,-0.006637179344595956,-0.006720301872655043,-0.02082248832684086,-0.0033618800673100857,-0.02180457960716964,-0.0069779600381005835
2022-08-23,-0.00039400166431735606,0.0004717265257179193,0.0069908740848763085,0.0010824656467389726,-0.0024192194457333116,-0.005503105166077216,-0.012840226437401348,0.006299966147465197
2022-08-24,-0.002659710022799966,0.001257498993967543,0.0029489200401788818,-0.002973761309955636,0.003201166675714351,-0.007318801206121606,0.005723182972270369,0.000722476397958971
2022-08-25,0.005531380289847565,0.010989048830739812,0.003062787136294043,0.010303743340340121,0.014117633943881547,0.013936239042871446,0.014899143207971699,0.018527364105455968
2022-08-26,-0.001866488355687701,-0.02624228797987327,-0.012152705301765265,-0.0059938131448008525,-0.03384907555260652,0.007537323218827607,-0.025180874078538418,-0.01322940679478446
2022-08-29,-0.004822482718927712,-0.002232506527397593,0.0006182375550920494,-0.007380230011441946,-0.006612223103725556,-0.00827335578852506,-0.008994070085240113,-0.00478831714798289
2022-08-30,0.0012858656005667601,-0.007191921801511181,-0.008340578885610683,0.001269476354256005,-0.010977972789026902,0.002485301989959332,-0.01382445097281515,-0.012027816510058797
2022-08-31,-0.005333419634621972,-0.006761062910826898,-0.007725314789180926,-0.010504460354856748,-0.007609030182395227,-0.009561032028909233,-0.004708344825027133,0.0014610316629155573
2022-09-01,-0.004338059176384412,-0.01345227279812855,-0.008790162100319021,-0.00602011048623774,0.0031379043398653828,-0.01830816986103656,0.0018277949101599411,-0.004619342385796421
2022-09-02,0.0028980469657320373,-0.006571275830032364,0.008804709144487166,0.0007384969014936349,-0.010544394228683585,0.00565696371455271,-0.013951291922717934,-0.008060924241718559
2022-09-06,-0.009366483451136776,-0.0024806071547438524,-0.0058394619355668365,-0.013562016118891185,-0.0037732651071440415,-0.02476868853297598,0.009033181719136474,-0.008618460981504983
2022-09-07,0.006940283062726538,0.008786482188771094,0.010168638866495439,0.013655033218261448,0.017965078361345865,0.01581568210597961,0.019523340182025173,0.008444962268378209
2022-09-08,-0.0031966356885759772,0.0006572672573037508,-0.006002292729855863,-0.0023068115614595097,0.006536125564585937,-0.01025762923475726,0.0027507759807696708,-0.0029555710079901543
2022-09-09,-0.00010012089533428803,0.025455789204078982,0.005283756568463582,0.0023121452448420232,0.015535422628826678,0.002220654225893348,0.010867257068865266,0.013339869227985357
2022-09-12,-0.0015032574891201689,0.013933443351506591,0.005068186218703863,-0.002214385871225466,0.01074768221105793,-0.008216900597883381,0.009706726098107854,0.015358636819259086
2022-09-13,-0.005620869643330639,-0.0347496478053726,-0.01301133993119441,-0.007212950473474922,-0.04348253986881323,0.0023269960375702503,-0.03824678374840951,-0.031692801004628346
2022-09-14,0.0013121600651129217,0.003272768263832715,-0.003847613448870524,0.004750430830737118,0.003815681671229143,0.0034366924291995282,-0.011393123896227375,0.004959071816318827
2022-09-15,-0.00302409359387501,-0.008807669559851794,-0.018679143196684067,-0.004820506042583661,-0.011353053825560844,-0.0006479712805211868,-0.0184821490154381,-0.008635578030981916
2022-09-16,-0.0007078491904458639,-0.00608854113664703,0.005549107201315628,-0.0023290268882303344,-0.007628829200664322,-0.008335528618309773,0.0001108318270695019,-0.012692933482145397
2022-09-19,-0.0015175333969673632,0.0034767631105663277,0.0007700871329356929,0.0016806589614950518,0.007754808777197031,0.002334683977404328,-0.0014397745613833335,0.004062321410294389
2022-09-20,-0.004458969993715867,-0.016993894202554816,-0.005706587274526553,-0.009974072828607627,-0.011478554395905838,-0.009970113010180248,-0.024290184915638613,-0.0035623638941418845
2022-09-21,0.0031555202946915717,-0.013091787658519483,0.004642973675810236,0.0037662424612150414,-0.0174439184887617,0.0167529133222748,-0.015800930779878986,-0.01659874721708199
2022-09-22,-0.010654485853426765,-0.0028909721061403104,-0.0005776772692025478,-0.014069836627726762,-0.008399664226395154,-0.025548511098442916,-0.012704964185567547,-0.0028561745872583977
2022-09-23,-0.0030770857509826444,-0.031895053125085226,-0.01727683040546535,-0.0028540739655694702,-0.01675481822257141,0.004085014993982172,-0.013291776939442612,-0.022916845357901727
2022-09-26,-0.012860011759171952,-0.014799206499498063,-0.011633219026207842,-0.017364942938027816,-0.009892705079125541,-0.019110609750616514,-0.028044183086179286,-0.013859333968740395
2022-09-27,-0.004272827780403166,-0.00679516615183795,0.002049841746687875,-0.015049919668119416,-0.0025526895467630206,-0.026331396376856664,-0.013316931584191338,-0.0005403299956483476
2022-09-28,0.016118906320397697,0.024126640290867973,0.02078665233491006,0.02011056924955046,0.019676233214949157,0.033482099185259795,0.020744935750499627,0.007842020205376388
2022-09-29,-0.005253667381965088,-0.011779277655705078,-0.00019392836526865853,-0.007441308738851293,-0.020889009010249704,-0.0051758762119687995,-0.029382970026155975,-0.019586607469408768
2022-09-30,-0.0023815241843891943,-0.0035580661369080113,6.462244018679009e-05,-0.0025312549613267787,-0.015463472535061862,-0.012911068605052534,0.01122591338679002,-0.0013682970055673982
2022-10-03,0.008124461817155426,0.019817851581364065,0.024309785681440932,0.0184994794793103,0.026401128499707216,0.01588985713829527,0.017837106804769798,0.015346298384813162
2022-10-04,0.002683227784002762,0.04009111523104947,0.014328122056449066,0.004615511338398326,0.03098668913214886,-0.0027928806622858904,0.020220772881590854,0.028070410186409767
2022-10-05,-0.005248792517918988,-0.010604312161821006,-0.005538266375543777,-0.0075612534844291535,-0.0023282954856989058,-0.009561690196576489,-0.019579569906678973,0.001837484390343258
2022-10-06,-0.003931093052095935,-0.017522966922321137,-0.00112629171222689,-0.002314697279099276,-0.010315584993562887,-0.005558480898572804,-0.027811810594824737,-0.007075398921243425
2022-10-07,-0.0052971335635728645,-0.015930677000631555,-0.010962851258976669,-0.009956520329335361,-0.02789405106088494,-0.009707704906130488,-0.024070780611500142,-0.019794086016722945
2022-10-10,-0.004489982447304919,-0.005630901213643735,-0.015201476317757034,-0.008982731084812401,-0.007635210441246154,-0.015545625070479074,-0.009426612107463095,-0.013731759088205453
2022-10-11,0.0006293683935119088,-0.010971516085485522,-0.002058091550185215,-0.002068941229821264,-0.0063331709829486105,0.0044251735757636634,0.010168347432742308,-0.015561007738981614
2022-10-12,0.0008384200332254288,-0.0032205262298649062,0.00534932850905423,-0.001184467285251789,-0.0032982518890550816,0.00490713481617111,-0.010453046844339009,-0.00027744413493746567
2022-10-13,-0.00314204831908782,0.020642706177183,-0.006923532232980256,0.0017789384031481337,0.026390861062151494,-0.009566706891238064,0.018257569194723322,0.003883638999091943
2022-10-14,-0.005463275042040472,-0.014949153588568409,-0.012458897998479546,-0.009570723007688353,-0.022788606193639538,-0.008250244731001999,-0.02484609953934669,-0.014644880480955025
2022-10-17,0.002113297874945852,0.02463847928273366,0.0028762090057179446,0.004781960376589067,0.025697014037842525,-0.004869732884143718,0.037693666575754126,0.025518652143305953
2022-10-18,0.0016861135015897588,0.007144168668063999,0.0021509701146735782,0.005948980753343713,0.01174954169240583,0.002344928246470035,0.010884777772572907,0.00027334163119041577
2022-10-19,-0.008629734194860905,-0.012283737327264288,-0.013398358104674823,-0.013700116009431773,-0.007086549417433252,-0.018205786533449397,-0.02491559809315247,-0.01749561524948462
2022-10-20,-0.006050811135023926,-0.002277082443876921,-0.0015822103586343728,-0.0086940363967426,-0.008385241455747483,-0.01709313325252404,-0.004365503944521842,0.007790692953701717
2022-10-21,0.001494857415363926,0.018082789042126235,0.017827646105301076,0.0028226655320622296,0.024301356405114438,-0.018022917000205863,0.007866784419081618,0.014632632303668514
2022-10-24,-0.0013860361618446282,0.0001725480428453885,-0.003243594030472474,-0.0005028688837974693,0.012236518208046387,-0.008264402753707767,-0.0001280028451033921,-0.038911670593081094
2022-10-25,0.009825024983461939,0.02206888395804052,0.002277944142005106,0.013376472065401268,0.015968512829543702,0.029112343234472204,0.039288499047116954,0.008211010894765502
2022-10-26,0.004441464761679503,0.00944679737323062,0.006363608620383543,0.004565315919284885,-0.007533966566117711,0.014407655359134797,-0.0006156834613104678,0.013479016859044624
2022-10-27,0.0050534888899276265,-0.009358390553928064,-0.001548523944967184,0.004643291642605574,-0.005340058469816666,0.010470562033335407,0.0014784215628849129,-0.0072038880355098645
2022-10-28,-0.002513590018032419,0.009952750001974708,-0.010210687443231947,0.002065248484353077,0.023790890553795574,-0.006873906193283652,0.02202276754550825,-0.00697753089545039
2022-10-31,-0.0033610109563131374,-0.009353490934195019,-0.008161399648159207,-0.005397684023501603,-0.007223615798838345,-0.007127994903848189,-0.0010833740955901172,-0.0036538729950582605
2022-11-01,0.0018588571503024287,0.007924430283989592,0.010203429757038585,0.007195025176854664,-0.004375648250302233,0.009345535266665816,-0.0003616566145132616,0.016643054205641716
2022-11-02,-0.001686882524048805,-0.014553361218943017,-0.006972548399621914,-0.004814569389629875,-0.025096186440994317,-0.004340488501584305,-0.027486375882014746,-0.007491540062565583
2022-11-03,-0.003695646155925436,-0.008487582768593627,-0.003806036048150885,-0.003554773559875546,-0.010296955238915273,-0.005396577931528035,-0.0013635056801194478,0.008107473869678916
2022-11-04,-0.0001058751923982415,0.04006164752579355,0.030696289684813083,0.001981813172056146,0.014393192428734602,-0.016800646079304093,0.013654432140017603,0.04076535774557777
2022-11-07,-0.003179952125905605,0.0031275926709297686,-0.003962389674382338,-0.003658746818018699,0.009565636317181658,-0.009976902858290781,0.0,-0.001864902400409596
2022-11-08,0.004253431606197289,0.011322690590260587,0.023099074133724695,0.004168602221883866,0.005395340294829909,0.010934969047245557,0.0030614530036499055,0.004271151493422387
2022-11-09,0.0011645150307892926,-0.013954279813738535,-0.0050172660211307285,-0.002569920829676442,-0.020602096310596507,0.0032875843921829073,-0.010255257135397433,-0.01834141471051065
2022-11-10,0.021470129055816578,0.05611320461860325,0.030444387121793204,0.033495224380817756,0.05495408352589681,0.03847379873197898,0.07314672079279516,0.033576888734649035
2022-11-11,-0.0007247237511843752,0.01994383433033553,0.006606324071935177,0.0026845959555577004,0.009678548023863476,-0.003664274286326652,-0.0001147811998427617,0.020172874586286804
2022-11-14,-0.0027975805965526623,-0.01054079703915023,0.002187655661719301,-0.005067996196211899,-0.008506876168149824,-0.002451686291714994,-0.024370725627894663,-0.003338373945651174
2022-11-15,0.007377348050166654,0.006638796655338064,0.0035168677995043307,0.013936713121814659,0.00852909271701563,0.01618000271867248,0.010839909388009161,0.02215906642476284
2022-11-16,0.006188778282942176,-0.0023004552709418036,-0.0022961020109516506,0.008531475839730351,-0.007628601798367107,0.021868434247228175,-0.009091825751063043,-0.015880854818347
2022-11-17,-0.004202877358552737,-0.00046126864115758615,-0.007267423593311895,-0.0053575133851205825,-0.0030598647126868217,-0.010552277769110496,-0.006822700055951425,0.00537918776810975
2022-11-18,-0.0014412677229319604,0.001999493687376841,-0.006893636502166456,-9.439441503578117e-05,0.004540298792174102,-0.006877491839397232,0.012673215080319489,-0.007133694737344376
2022-11-21,-0.0006186029377280855,-0.007521130395634734,-0.005589952950737276,-0.0015122782392866796,-0.003635939013120648,0.004215380682123904,0.005263019262583102,-0.009238105622891957
2022-11-22,0.005157802946687218,0.013918849367986041,0.00117372396636517,0.008897405626086874,0.013457022782227046,0.014191549574152251,0.00546833955906556,0.002589987965545104
2022-11-23,0.0059520936340109465,0.010982271108957109,0.006231840940288613,0.010038684819883015,0.006301575034871831,0.017441891717898006,0.000809971937336007,0.005425045474143353
2022-11-25,0.00020443406027026434,0.005129870675400827,0.000858470616118101,0.001021162897862249,-0.0002238903439779616,-0.0033896317973778345,0.006359174200538886,-0.003597035947668359
2022-11-28,-0.0016320797477664684,-0.012908944661939592,-0.007903495498554403,-0.007237525668977507,-0.01595684932467878,0.0028180178451744364,-0.026769337937581517,-0.002320869441522655
2022-11-29,-0.0035755786168653048,0.0028890565588455264,0.004940425418036076,-0.004953609748257648,-0.0017174623060524086,-0.011725737566010808,0.01652696434746792,0.01964327242978281
2022-11-30,0.007792235399506575,0.017740912786558205,0.012781920270785507,0.012210943108463823,0.03150041670889703,0.007354023736855897,0.022877740708936667,0.027122970284223502
2022-12-01,0.00832111536956659,0.009683919940278729,0.01838479961277617,0.0125123668078706,-0.0007359160515909569,0.031945980221079306,-0.0021571745502756423,-0.0024680082846741946
2022-12-02,0.004146320885783927,-0.000737614380803886,-0.0034556830535615868,0.0060684967675284085,-0.0011534997883475562,0.012575815170826177,-0.0029582628305190317,0.006184863845071442
2022-12-05,-0.007855775688872857,-0.01314227996403261,-0.017158885635801036,-0.008499215567741802,-0.017989324349670266,-0.014007160147294195,-0.01825856281342264,-0.010080886901529307
2022-12-06,0.0029438512095274483,-0.00448926039086317,0.0027373742314797944,0.0030415570862538654,-0.014414741294411115,0.01288010444729748,-0.009415093696376053,0.0007451840414895994
2022-12-07,0.008907024304161348,0.0,0.009039101712364994,0.011119147878266622,-0.001701185720049292,0.02356251366001927,0.0019946999202693494,-0.0059567155712524356
2022-12-08,-0.003009709462153065,0.005110721304542265,0.0008416965556858891,-0.0031808483364896833,0.00783398725396256,-0.002740525931624993,0.007026739802497239,0.011485533654033597
2022-12-09,-0.005936788928773695,0.0005981595459689792,0.003544160110315664,-0.007476242613521866,-0.007470372694424299,-0.02601443897066158,-0.0018608104448201157,-0.008393194324749387
2022-12-12,0.0002024607109416543,0.0029889467791071045,-0.008260534556326027,-0.0012861425176436958,0.014417250551446825,0.00319743308466669,0.007689504658562996,-0.0027380389226357993
2022-12-13,0.00667976454952357,0.014182672800527651,0.017081132038632596,0.008737990966254605,0.0075698406153275055,0.009656230860695558,0.018499425031099914,0.005242010462934044
2022-12-14,0.0022114987105750217,-0.0008849371584914723,-0.0024330212847030186,0.0009118084418830996,-0.006393533059767531,0.004271065864774659,-0.006811366335036428,0.0017381190830876303
2022-12-15,0.0014677924629427075,-0.02554254751538143,-0.01635930934057528,0.0008405163137481519,-0.02446161255236423,0.0039015744544468323,-0.013372745655134688,-0.019335518693395115
2022-12-16,-0.0026103122100865628,-0.008787881681515342,0.008708721678036602,-0.0042907982021924695,-0.01180624381791695,-0.01117060838184647,-0.025834348024333154,-0.0012640575308484614
2022-12-19,-0.006140060154219973,-0.002445793642118277,-0.0028178306902848504,-0.010086280150702343,-0.008479504116869707,-0.01680472892916285,-0.01272435447612763,0.0019295309260538573
2022-12-20,-0.006785169326508855,0.0039840142402385315,0.016594482836064905,-0.011763414052395116,0.0013683200206380253,-0.017757384992727943,-0.002529430375055264,-0.0033378709812798
2022-12-21,0.0027531313390609657,0.010378470720373345,-0.0016560135809358112,0.006841969497585421,0.014952448297806287,0.0025135677424916736,0.008573720482608405,0.009273659239304788
2022-12-22,-0.0003050828731868682,-0.008157057648145116,-0.012085358459954287,-0.0002791014638169331,-0.014266268609606003,-0.00019287297382619695,-0.004201244612706989,-0.00893291639604532
2022-12-23,-0.003458256255001513,0.0035028577140105988,0.002998321039039853,-0.0030729226783577923,0.0057524057303914855,-0.01466050883405623,0.008901314127460536,-0.0020603058372556937
2022-12-27,-0.007247271892561136,0.0015176377241887806,0.008430011409881644,-0.012889902837471712,-0.00394339394872012,-0.019773316469730573,-0.0003624360613477817,0.015741697157141354
2022-12-28,-0.001747970762459805,-0.01060762060928433,-0.004505807286929064,-0.0031227277743572923,-0.012427892270957086,-0.005891209851934032,-0.017047539421927604,-0.014481668054379893
2022-12-29,0.003707953064801428,0.015775706020214386,0.005598251568726287,0.00711894139187863,0.018000276122066117,0.011350782700814133,0.021894075358331877,0.017272561206300274
2022-12-30,-0.004720602170381394,-0.010253215648230452,0.0046786689817972515,-0.006314542052030081,-0.0026340717604473873,-0.01112401644388561,-0.007221957286351777,-0.01216415465268672
2023-01-03,0.0058766428177639,0.008836015338129055,0.008370656531798915,0.0069239869741077875,-0.0042099224933619395,0.019083553210811344,0.0009700994195369628,0.010774713905026045
2023-01-04,0.005535399361441318,0.013289102101294414,0.0094119059589024,0.007253036649322198,0.007720240306412052,0.013700067029707386,0.02265013549567607,0.02588807192771858
2023-01-05,-0.0008154288882114002,-0.009985124847090687,-0.012451461859522062,-0.0007478170992902822,-0.011413506614309288,0.0041808310167239515,-0.026886123309282528,-0.002968682965118652
2023-01-06,0.010916349545566861,0.02559081326165158,0.01870749684189077,0.016377915318072755,0.022932063642213008,0.018396613925006466,0.02689876020222215,0.017121612488989912
2023-01-09,0.0025226264818203337,0.004256570389065795,0.0022451175785793698,0.003959503265676512,-0.0005669161015707802,0.005324535820569132,0.0003555358772426853,0.0053671227478422345
2023-01-10,-0.0038249395847551604,0.002923161420999687,0.0036760446135073455,-0.003393687331932793,0.007012956674418813,-0.0165502633946617,0.002250960931468704,0.007037352588009194
2023-01-11,0.0061640840072749725,0.0075778718451708915,-0.000686793935011365,0.008558867774544288,0.012647792827945592,0.01625161311654244,0.03582011672766128,0.004096547385073812
2023-01-12,0.00723085381271571,0.01475298539334613,0.011568000967502767,0.011314874149963572,0.0036408419648714663,0.01968191219621973,0.012668067495179125,0.004559453163808236
2023-01-13,-0.0036891322724498243,0.005273388843109794,0.012001783992939385,-0.0032482154491643156,0.003879398973475112,-0.009372596454880422,-0.006198291589575189,0.006689003457619691
2023-01-17,-0.0018012961650955006,0.0031192703616653716,-0.00654507834469964,-0.003620766875486847,-0.0018317834383132503,-0.006463556532648962,0.002834915167777119,-0.005220951824812858
2023-01-18,0.009925733562550443,-0.003533468179188981,-0.0028717524486322477,0.011719711524059484,-0.015788089555204943,0.024231511136977524,-0.014587794927560349,-0.005963341337728689
2023-01-19,-0.0022834440611658735,-0.0015603582470971045,0.015868520044824974,-0.002065141247624469,-0.007279683916933677,-0.006260071155417601,-0.005508339554571862,0.007919103252473692
2023-01-20,-0.004079485951675954,0.008808056777835693,-0.003335405556458948,-0.005219299185476034,0.01862890799321293,-0.01621112710587913,0.011885393909272013,0.01166668782225
2023-01-23,-0.002497763813362419,0.004084052044209363,0.0018964337632443318,-0.0028948169937837998,0.011998663643022711,-0.004707749212589207,0.0045616235858112475,0.00729591392661133
2023-01-24,0.004407037969766048,-0.0012623537954232766,0.003618515163479552,0.005261678072508547,-0.0010734315624379986,0.014380252664333737,0.0024973879485372663,0.0009345009756942524
2023-01-25,0.001196808137444938,0.006600244128317501,0.004603959599926544,0.0004515417956012513,0.0003748275793136191,0.0024248722403124034,0.0004528330428157368,0.00023330913686003818
2023-01-26,-0.001693472693527931,0.0008371468590755438,-0.009055266877154966,-0.00036085007969621774,0.010990346869887535,-0.004651923162650284,0.01120571118042002,0.007701422207200936
2023-01-27,-0.001496394978844795,-0.0019516697599535338,-0.0013929904624704337,-0.002887606575194712,0.0022977281168143904,-0.0025238320973414163,0.011193100566606162,-0.006716092090684578
2023-01-30,-0.0026980077076682596,-0.006424515145159848,-0.002566715270248765,-0.0038011911956858935,-0.012546710627277635,-0.0036548130871347784,-0.012729596449897906,-0.017952962904420056
2023-01-31,0.004107944315557832,0.005763237041959579,0.0036362115419990015,0.00717701301862772,0.014703264727555343,0.007994576046990387,0.020966422610414925,0.00261166603962093
2023-02-01,0.007051720502373238,0.008944773463940514,0.012596814339808304,0.010151198746564338,0.010627862815866918,0.012020985645399884,0.006149717354982487,0.010182375201664318
2023-02-02,0.0010925579985217038,-0.0013853103096257424,-0.02075193653580043,0.0014328165141215266,0.014556846983280192,0.0012942952486889592,0.02270224891792938,-0.007032348942899169
2023-02-03,-0.009623937184607523,-0.009293906926182371,-0.024957770292002968,-0.011358400627683118,-0.010629000738495376,-0.014955615209616635,-0.018783104263617845,-0.015816768983923146
2023-02-06,-0.005509939811763287,-0.010221288489699387,0.0020754098721176284,-0.007689473169132266,-0.006111402950315981,-0.007403848051545814,-0.007287494572435271,-0.010314465484798085
2023-02-07,-0.0017125050058398594,0.008487878950338423,0.000920425708082595,-0.0032818388952928768,0.013078806478733052,-0.008025707063964549,-0.002191207181161725,0.0019390667675251994
2023-02-08,0.0014124953386107642,-0.006172033317334069,0.002471594120761589,0.0010060240542195675,-0.010934881688397291,0.0047590557254582055,-0.00472160649360065,-0.0019353140643382227
2023-02-09,-0.003929760481947264,0.0018350473646693288,-0.007912418174625069,-0.008406812856538104,-0.008669064973456764,-0.00947327305520973,-0.010922409385566878,0.003878031794834813
2023-02-10,-0.004349756874220012,-0.004367657480375597,0.0019071943211166342,-0.007002821434504147,0.002333651126019465,-0.01118978959032757,0.0034578163210658985,-0.008450125832668465
2023-02-13,0.0030478976585446294,0.010046767116501876,-0.005076170279846859,0.003712154983438909,0.011738967282407753,0.008414778698777381,0.00889284534692858,0.009008969413802248
2023-02-14,-0.0035453484633476418,0.0018214220041246065,0.0007537389032514774,-0.0024964374510964005,-0.0004603331055250681,-0.0023018256401496906,-0.007932862009853103,-0.0028956116061502613
2023-02-15,-0.0019317520819283063,-0.004475005329065973,-0.00996466725346834,-0.003800373895534004,0.003247435438476831,-0.009325388431150605,0.003998243353978026,-0.004840372844334917
2023-02-16,-0.004175555105170425,-0.004916398445109715,-0.0008192368783922488,-0.008001602650716921,-0.013768716664685599,-0.014167965061772425,-0.009734668397147428,-0.0019454643179263043
2023-02-17,0.0023523930977209506,0.002540983305143074,0.002986790669610162,0.003939520879354674,-0.0024982294358735224,0.00777635016902023,-0.003909838719152847,-0.00804077267354486
2023-02-21,-0.009387749751792351,-0.010982980545036214,-0.003737004613899475,-0.01420074809108085,-0.02006106867848756,-0.01943723764732863,-0.020073910942960627,-0.011053897339197039
2023-02-22,0.0026780134047890147,-0.005552353340755434,-0.005626488586046308,0.002843301618665306,-0.0013781107425419048,0.009164200276582823,-0.009040856186742774,-0.004222511784026661
2023-02-23,0.0035957861926985135,0.005153994875358947,-0.0005304511136865475,0.007843608411593372,0.005319389184330836,0.00977218180150663,0.007506742280807943,0.0034918494194911
2023-02-24,-0.005732400708621133,-0.016664354741204535,-0.00719467575637045,-0.00750150031637109,-0.010682246028338782,-0.013001196027022544,-0.01753788968936143,-0.019139804423979778
2023-02-27,0.0019564134178235992,0.011877320511838318,0.003920334893926292,0.0002836819768123888,0.003405717989218404,0.002773179505593193,0.0015166023367647608,0.00506842436724475
2023-02-28,-0.00010341218242715389,-0.007300466339495104,0.00455596886271592,0.0003776425740340539,-0.00369596252233495,0.0045434777312205465,-0.0013978900994265908,-0.0060514591538943785
2023-03-01,-0.005727249480372176,0.00533516428890235,0.005772150633673867,-0.006233840487114617,-0.003835778033939641,-0.01074344322918852,-0.0125991244454986,0.02004061281930891
2023-03-02,-0.0020719312924932787,0.0020082763282163185,-0.0005855636445488699,0.0008578838276258605,0.007777178605279156,-0.008867060636756796,0.011696377434135208,0.004476436306123155
2023-03-03,0.007890461169753449,0.014600391395835244,0.010723085619275707,0.01133559072215995,0.016037808501885298,0.024226071734698262,0.015181703993611961,0.007427790337345641
2023-03-06,-0.0024726915542612193,-0.0025395496836974063,-0.005043830646819902,-0.0027317366683879962,0.0006927711529463032,-0.007753748207375399,-0.00391107580031258,-0.003440875700957302
2023-03-07,-0.001342077549016163,-0.016690122907851213,-0.017480480627863337,-0.0028333394988756533,-0.015328685037719336,0.006132755979782578,-0.023328276684854488,-0.014796343492564423
2023-03-08,-0.001034017989613889,0.005466138755941596,-0.00047445044105887124,-0.0016103317307988307,0.0016321237018239731,0.0009829237129481694,0.0114697303095872,0.005256444621766665
2023-03-09,0.003622677244484729,-0.007296289234700493,0.009849316056938173,-0.0009482740549012769,-0.018449991564190138,0.0024556962899382473,-0.022913284458475403,-0.020418391970493333
2023-03-10,0.011654461794503579,-0.010664239017298516,0.021562856843419187,0.014338577448412604,-0.014429308703256982,0.03448579429688614,-0.03314215874016935,-0.005592124182354441
2023-03-13,0.007951922999553718,-0.006846309851658905,0.022948211912439564,0.0008423027256925231,-0.0014254240465836343,0.002273173515555227,0.01311743089950479,-0.0010225163925613456
2023-03-14,-0.005866504742071288,0.01334694906806444,-0.005791064746217711,-0.0029931982714215266,0.016530165457359303,-0.016441388013354374,0.009649637134575784,0.0005118352090420775
2023-03-15,0.009970623034638804,-0.030974120538030836,0.007804133170404848,0.009569462789636551,-0.006254314064110367,0.01931004783278034,-0.0007259900804263975,-0.01662404092071612
2023-03-16,-0.00392887132236841,0.01553410280576406,0.002020092008242713,-0.0014868637152990472,0.01754509583438235,-0.007823070566915225,-0.002179344164752295,0.012743954157618198
2023-03-17,0.006270168796919551,-0.011913546605835657,0.02912021467748982,0.005025879420024193,-0.011692666310062827,0.015009099076946475,-0.022688302741011968,-0.005136321770087382
2023-03-20,-0.004019584964162659,0.0156295802123132,0.0003808677357699519,-0.0029634230304430575,0.00961570510021148,-0.008797137193019222,0.011421200735432846,0.0017565964743242457
2023-03-21,-0.0030275833542434682,0.015096061056691035,-0.018875115806276432,0.0048296943020569305,0.01313049066684524,-0.008592350585714392,-0.004418615977866636,0.010572369295650308
2023-03-22,0.009615416827404744,-0.003465347225377613,0.01702060989813825,0.005822898627547035,-0.017046457739754883,0.013333435678582806,-0.03735685304537939,0.003062211957643779
2023-03-23,0.002406250499848772,0.00014512491974461028,0.012538176085624908,0.0028487659939488985,0.0027033152633748614,0.0,-0.006275705296168721,0.012210493381745513
2023-03-24,0.0017001591772014546,-0.003042190104196596,-0.011252350246951037,0.003115498068367417,0.006562053909922927,0.004229127982997349,0.02564451862697048,-0.002010620487054693
2023-03-27,-0.010783122571518144,0.009444841516251579,-0.009256722051406152,-0.011966299912916645,0.0018696252270502534,-0.02349080938332415,-0.001142384700481447,-0.004784738527428667
2023-03-28,-0.0015139694626149502,0.0004318287548599198,0.008189093257242153,-0.0016644554046129079,-0.0022444685551853416,0.001820915256646849,-0.0024141825509663706,0.011892886536856828
2023-03-29,0.0012130978191262631,0.012086348784437151,-0.00496077000653139,0.004630446637190255,0.01453480284543418,-0.0020088072540827007,0.022162847759862325,0.003500778533537252
2023-03-30,0.0011108660608269982,0.011657688324475668,0.009039576549164652,0.0013825156464633004,0.00585527429365551,0.004601365154949244,0.013084142915472663,0.009718521008642345
2023-03-31,0.004840278263364306,0.005058877349620516,-0.005212246135594234,0.009021528836911763,0.014094713548193027,0.014980600202506578,0.021402170856154923,-0.00296159614793734
2023-04-03,0.0043467991778609605,0.007969807036017018,0.007204410308019105,0.006040375264756648,0.00381058004157131,0.004703241107687939,-0.007947939951680416,0.0042079532777741235
2023-04-04,0.0037066131756033904,0.00013871154921685225,0.018640958960437715,0.0012734486852830074,-0.0055481024352207475,0.0049717347863624806,-0.001335493432754964,0.0009859821177005124
2023-04-05,0.0033934826004911045,-0.006934732097736318,-0.0007979247786651378,0.00327057459204938,-0.0026183044812684297,0.010454701853630288,-0.005347978009782373,-0.008864994937048065
2023-04-06,-0.0008950362245891963,0.004748702650727132,-0.007134091065472581,-0.0009057225582023154,0.0039008718883963844,0.0025863564640107306,0.006843256303177281,0.005962822585418914
2023-04-10,-0.006869861510469422,-0.0006950037407553733,-0.007399886547073353,-0.004622370314853574,0.0010264209089358989,-0.016124446450585528,0.004612117218319334,-0.002222739531912099
2023-04-11,0.0006014414566712922,0.003338221224513216,0.006320556237305208,-0.00027311591512990674,0.0002686187375893212,0.0020606623498053978,0.004228733374304072,0.0074256716403033884
2023-04-12,0.0012022446989914393,0.006377542401808878,0.004885138866613126,-0.002095037728540361,-0.0040760572758413716,-0.0010284521647051514,-0.004812238425462856,-0.007616851832479399
2023-04-13,-0.0004000128763145261,0.01281166300879888,0.013515672558895409,0.0017342070970023382,0.01328270494545225,-0.007858272337055494,-0.003022128138645108,0.012132007541650225
2023-04-14,-0.004905805117976447,-0.0040804057089104395,-0.017710313033589165,-0.003280032574420555,-0.0024428058274564846,-0.00914672821743756,-0.015521006104841528,-0.005381676032891969
2023-04-17,-0.005030229066403491,-0.0017756497728219633,-0.0044537552497120325,-0.006308095476063036,0.003588222416728737,-0.011895706307409437,0.02081545906781823,0.005410795179629169
2023-04-18,0.0014158245202728903,0.00547254884422288,0.003880780603893852,0.0033119556401077777,0.0006522594022730921,0.0035635631414081548,-0.0022925273540896907,-0.001956907804512853
2023-04-19,-0.0015147674008926248,-0.0031294744143255393,-0.004778520212877502,-0.004951296566727215,-0.00016897143810046256,-0.00095981168189474,0.0059258709613256855,-0.010294244348837633
2023-04-20,0.004550768188776866,0.0,0.00393825919904689,0.0037782803844972346,-0.0054571037463702066,0.008549742169411623,-0.009858294192587325,-0.0012382768836975977
2023-04-21,-0.001711472378391865,0.005050475505864904,-0.00988766926809792,0.0006425300489065755,0.0007769970182480712,-0.005620147192740843,0.00012147561625330816,-0.009422156024946005
2023-04-24,0.003932703824149231,0.00258039629226392,0.003039335460481629,0.004403600708183797,0.0010430944957680044,0.009674678996184127,-0.0037637348283847682,-0.00125160493132348
2023-04-25,0.0062274082146009935,-0.013952688896654797,0.005086318131183543,0.004384294027897528,-0.015873695957593137,0.0147046044748127,-0.009870409914089162,-0.017042632707069072
2023-04-26,-0.0036932937822667933,-0.0006870033194578129,-0.0054373863086726315,-0.004365155900950213,-0.0042355710867444385,-0.01065826133993475,-0.009600134924216852,0.006884251923448215
2023-04-27,-0.0036068189114151217,0.012510300293185006,5.410039265330013e-05,-0.0036535389032218424,0.01990795313075977,-0.00992236438862859,0.02261723354659484,0.012914761680630216
2023-04-28,0.005128057147823384,-0.0004073203568901729,0.0002706525128974846,0.007792655198548548,0.008535292437293673,0.016130394964559702,0.012273775436687284,0.005999984059887886
2023-05-01,-0.010239611360378431,-0.001494116559354275,-0.004491351825477108,-0.016137553518439263,-0.001009940100864748,-0.02883468372272857,-0.007443325171527793,-0.003230616457619795
2023-05-02,0.009727607482066691,-0.010066827161594571,0.019296640909943763,0.012060448890617081,-0.011239083473404188,0.02492000966170793,-0.016932622733711433,-0.010471437991239174
2023-05-03,0.004415410601578351,0.002611122838248603,0.008479075840785555,0.0016498396960349382,-0.006864026744808904,0.005581903852047043,-0.0039369831071446315,-0.0002517494579248325
2023-05-04,-0.0011989322239251976,-0.002055977503222617,0.00703295344911492,-0.0027456238984550074,-0.007083002097174496,-0.009878502763139507,0.008275501278392827,0.008568508424313226
2023-05-05,-0.003200905899870543,0.014695710853207089,-0.015647950479605433,-0.003945805107155809,0.018512482914433637,-0.003325714083755149,0.016660595987254778,0.0107445564201889
2023-05-08,-0.00551913614346522,0.0002708153007802139,0.0012269055761324754,-0.0071861413349553205,0.00026657612173908163,-0.014014575197244583,-0.0057838963166296775,0.0002473305155974437
2023-05-09,-0.0009085866250391206,-0.004059537764640075,0.007086162362163639,-0.0003714312558962263,-0.004385303509284899,-0.00357783966586378,-0.004241748580781968,-0.006178831005856478
2023-05-10,0.006464225992220074,-0.0020380994788009588,-0.001428442843921074,0.007890871648433606,0.004672374995555284,0.009704142129397741,0.009615265931841366,0.00024859804991894663
2023-05-11,0.003010437896435514,-0.002450576886620981,-0.008582755587748347,0.003868355076012575,-0.0017439250086966895,0.0105717841211872,-0.010970313109350593,-0.003978353252737876
2023-05-12,-0.005602600843647054,-0.0017743236072201851,-0.0017100802429794726,-0.006147254471215224,-0.0013102478819552177,-0.008368984989795325,-0.00012194942069865267,-0.01123309723891941
2023-05-15,-0.0025156004782266317,0.007656445817212143,0.0021412620336231925,-0.0053546122120671225,0.0034498105431914894,-0.010357703119321493,-0.0017065651281019667,0.01742009211967277
2023-05-16,-0.0023198245600736245,-0.00949769507017173,-0.0124993937971285,-0.005012018023479281,-0.006682699611852194,-0.0030042999352843935,-0.025033870688947357,-0.006948010920964531
2023-05-17,-0.0015166511045940911,0.004657285637835518,-0.0034618889303412725,-9.332283919882833e-05,0.012139218720789824,-0.002916003574231274,0.013527051862237904,0.0034982593604773182
2023-05-18,-0.004657586625741672,-0.0014998210297594294,-0.012972911279784505,-0.004198232997634221,0.00963307500467847,-0.007408713384101984,-0.004819328369164655,-0.0062249878157486505
2023-05-19,-0.002238196509272483,0.0058719728162497375,0.0098988291245512,-0.0012176994473852565,-0.0014550060483802252,-0.007071650025420206,-0.0016143280797210613,-0.0005010386014138168
2023-05-22,-0.0009176915327007151,0.00027162412058689966,-0.002341497915543389,-0.00037543794363703586,0.0004060038403399524,-0.0035606274946732297,0.006094442554807067,0.006517923711836682
2023-05-23,0.0011229404822585831,-0.014658131097123883,0.001200731149241463,0.002064351240077089,-0.011222726504493186,0.0028787843375162048,-0.00939560124083505,-0.014944232076805064
2023-05-24,-0.0025485939780256484,-0.014600598218954763,-0.008068450017086337,-0.003932834646481864,-0.00724473527800229,-0.004948830086536127,-0.02146485540708465,-0.00707955760109813
2023-05-25,-0.0036789624378374963,-0.0013976622076320444,-0.009618027091793824,-0.0032905722171940877,0.008659789119109806,-0.0024870608427850494,-0.00012781244436732564,-0.0017824820691618726
2023-05-26,0.0008203446868195741,0.009798269808646731,0.003995567330169925,0.004244726412030664,0.012950773408182625,0.008077494263447837,0.011479698593644283,0.016581526462662532
2023-05-30,0.006661925128117696,-0.010118925033989923,0.006190554546333882,0.007513942786260719,0.00038085643000185243,0.009991026877762765,0.003783172747658714,-0.013048830244258625
2023-05-31,0.0035633121307363513,-0.010362985132796543,0.0015382006614657051,0.003262803129363112,-0.005545154611519609,0.008716747888680265,0.0050252547448397245,-0.00711926415285713
2023-06-01,0.00303091542298195,0.014857962021025184,0.00789813034647624,0.0030667546120317635,0.009500921209247837,0.003923694987694848,0.0001247395489349934,0.017157508057335402
2023-06-02,-0.005272956959781361,0.012966957878008056,-0.014747450675273721,-0.0026950549187623185,0.014461172206982065,-0.010957994930328785,0.024372196838955196,0.01586080049914762
2023-06-05,-0.00010208915276566088,-0.0057809779684361295,0.006020416015011243,-0.0021433492995609482,-0.0019162057780474084,-0.0018631683305097013,-0.006954574213508535,-0.0009912541959369303
2023-06-06,0.0012233916397192957,0.008306676333610152,0.0010980396887689814,0.00196130350508561,0.0021775033235322816,0.005894051989615567,0.009583412429014171,0.007690545030423879
2023-06-07,-0.005294800287587886,-0.008794836793328042,-0.012010543410059138,-0.008947882722347922,-0.0034576971852012806,-0.014844006731866588,0.01837641359121789,-0.002215832196949541
2023-06-08,0.005322984427063027,0.010579816156647714,0.013211240429905624,0.006677519579672442,0.0060486093826033205,0.011697071422324123,-0.006214237835237335,0.005428150872517801
2023-06-09,-0.0023416472115461717,-0.001675021231487328,-0.0026845203333208945,-0.002615994670842836,0.0017942101071992678,-0.0013717003724198484,-0.0057719704302954256,0.0026992681547195474
2023-06-12,0.001734804002393897,0.004334532998720775,-0.0008788640365902101,0.0031847243834861594,0.009071808336502896,0.002943681615563687,0.00024211400467177846,0.002447666273095006
2023-06-13,-0.004686757945725151,0.009466717259983604,-0.007367558613950331,-0.004481798732189568,0.0065930302064629576,-0.009880608173419625,0.006408542937783812,0.00830063938436898
2023-06-14,0.0009212791337820381,0.003723635251263513,0.0005539277015322863,0.003095299438045762,0.0011908680799623816,0.00800290397187764,0.0037246401785844263,0.009442998959636961
2023-06-15,0.006955048330173241,0.01057979335660808,0.007030581691497284,0.008695411457154911,0.012397584144368645,0.00960633427934976,0.005266879649999501,0.009594737594622593
2023-06-16,-0.0031490845275675694,-0.0021754388799283264,-0.0015392159510752013,-0.0017614141714492604,-0.0034062543342762153,-0.0038839182753149792,-0.0007144894627264531,-0.0035639073061195514
2023-06-20,0.001834265913462474,-0.013217028489881821,-0.010350739592973501,0.003621880489976581,-0.0051880413127464164,0.006920009772118263,-0.011796743717319313,-0.01781195780708289
2023-06-21,0.0016275495134825402,0.0015191076325131725,-0.0014464228474878604,-0.0011104885268178322,-0.00512377901225447,0.0024203102474047444,-0.006029361306347236,-0.0017085393566897977
2023-06-22,-0.005178657438575152,-0.006204422371735796,-0.009916979914319946,-0.005187246169082171,0.0036096812134081002,-0.01207068928220234,-0.014314920180032331,-0.004401066334152937
2023-06-23,0.0029597406837671425,-0.015538403364028563,0.0027572461643308177,0.0027934802228295474,-0.0075600250367043875,0.009969801358252761,-0.0137849462794154,-0.013997822371987545
2023-06-26,0.0012214933109291337,0.001268479028755376,0.0017396047357047806,0.001114327179846164,-0.0040857458942883396,0.0010648356631348666,0.02308756146565516,0.0032373741887081753
2023-06-27,-0.001931321984762091,0.008726063081353708,-0.004593535884055422,-0.0011130868369303437,0.010963269508675433,-0.0026104811265512673,0.012320086487385584,0.00943416648583928
2023-06-28,0.0029535385079355603,0.0006977293629846226,-0.002307409851291853,0.004364082920284673,0.0005044619926934946,0.004264793590389893,0.001446128108282041,-0.003935139510140795
2023-06-29,-0.007717699627263874,-0.0013942556391530747,-0.001071764681377263,-0.00758099361647302,0.003941383100112272,-0.018048687473444902,0.011170160351688274,-0.004197301283099919
2023-06-30,0.002353752546056187,0.01228699504035946,0.006663323502016594,0.0073592740682875135,0.011800671732868473,0.011795143521531548,0.005535501009082067,0.008678054302597937
2023-07-03,-0.0011770361612094549,-0.0011034726095220382,0.0011218766110339118,-0.0028015038909027234,0.0011504738800844905,-0.005669175546157201,0.009813306257970611,0.00983316771910081
2023-07-05,-0.0045094121485455,-0.011184788869448736,-0.00353003237800964,-0.007163614165460297,-0.0014871877560697078,-0.009502192445976054,0.002251597494740798,-0.004868658247388691
2023-07-06,-0.006485306495069509,-0.017315881630021512,-0.002980200124891419,-0.01011980964600867,-0.007830706115290464,-0.014143085625894503,-0.00768582250028671,-0.019080348024306915
2023-07-07,0.00020759003118731023,0.007531505572905939,0.007500997402107412,-0.0009464878491008966,-0.002524505259678622,-0.006019069352859785,-0.0022641402578055247,0.011970387300614949
2023-07-10,0.002796967047288268,0.002820994962292822,0.0007836956455820054,0.005211222823076289,0.002530894516196369,0.0013119375353645157,0.004299632082650495,0.0002461290197217636
2023-07-11,0.0021693897791794647,0.00900137205988405,0.0037476125602418087,0.004712849272999975,0.00636856171428124,0.005140463406335671,0.014270380535130078,0.008869256860931207
2023-07-12,0.008143557146216951,0.01909671259978385,0.013541420874312982,0.008819087055080166,0.008046023914814349,0.011131255124640527,0.00539346433332244,0.019047732573131526
2023-07-13,0.006237115164170914,0.01600325424108351,0.0007146999149643118,0.0070676370302305,0.007936941905072326,0.010512705738576988,0.0064138716594766,0.011023221979699072
2023-07-14,-0.0047759410911212274,-0.005654322466127959,-0.0031866482531699436,-0.007757155065769128,-0.0006229576723811858,-0.005888598891718555,-0.001969890188435297,-0.006162666915863091
2023-07-17,0.0011230590158335385,-0.0012184506906769421,0.0007165567329587841,0.0016754416523423465,0.0034721662128800457,0.000493672191444583,-0.00650190402001527,0.0011924158610014945
2023-07-18,0.0008156903841147756,0.006506853337405083,0.011456278139590825,0.0025084025365367246,0.007430646345600644,0.004538906757149963,-0.005492414730342565,-0.00714627233949261
2023-07-19,0.0030573945444563044,-0.0005388990300595475,0.00016335645500209495,0.005653447990466631,0.0022238933951974627,0.011296745599713054,0.01128087094110497,-0.0014394016893650718
2023-07-20,-0.00518136970177574,-0.005120577650085223,-0.005063389149303599,-0.006727505708340686,-0.006634725180279966,-0.012141978937748488,-0.003253498095508567,-0.006247066675407753
2023-07-21,0.0007149447384777741,0.0020317252250903195,-0.0030645332195952113,0.0017629303516717432,0.0,0.00029527626394343365,0.004662913296199056,-0.00048368084044869697
2023-07-24,-0.0018370056730376838,-0.0024331714416568895,-0.00428147332668416,-0.0012041428090079354,0.004467349306313206,-0.003637273567062893,0.0082387310611709,0.013304379848673387
2023-07-25,-0.001124637681159446,0.001083922964765227,0.005567859975791123,-0.0015764978633396876,0.002730134015489938,-0.0018745419753580794,-0.007135447721098531,0.007638988000414626
2023-07-26,0.0032752239663200733,0.0027073201406344616,0.0048791150253855164,0.004644009704156904,0.000153797926682131,0.0009887673545907472,0.00452067916950627,0.006159748003839338
2023-07-27,-0.008569556905333786,-0.0022948806961680113,-0.01571197400361901,-0.012203022101376026,-0.006630140837315168,-0.01945308287629821,-0.02169390567899232,-0.01106662460876473
2023-07-28,0.0039102748507358065,0.007170887812136817,0.007981390400291666,0.006551347683507958,0.009790460674269141,0.0051359755157593945,-0.000825878329405838,0.02428577516377084
2023-07-31,0.0012301544284225585,0.00026859552916480567,0.0026944104889450315,0.002789116306340933,0.0019040063576296617,0.0024044747732059335,0.006492815962604315,0.0011622035200298253
2023-08-01,-0.006621359864523391,-0.012489940069299599,-0.010364679607279714,-0.009964367707241295,-0.0028616635918145006,-0.016386910792061893,-0.0016419635800953847,-0.013930833654043906
2023-08-02,-0.0023765329576866945,-0.018631939955469412,-0.004765602229612864,-0.006108266127077933,-0.013910782026081758,-0.010699173751250068,-0.005756670700200361,-0.02166230812023673
2023-08-03,-0.006733005149590521,-0.0027716229357772626,-0.0003341470787491252,-0.008982822178262628,-0.002865840981526091,-0.02307133434295261,-0.01087075358543188,0.0043322174697861815
2023-08-04,0.008238426613318195,0.0027793261799637925,0.003620414278603157,0.010399920227099013,-0.004522705845104502,0.01771223275748235,-0.008123354674890115,0.0011981306602275588
2023-08-07,0.00020700941325269007,0.00845358146240871,-0.0022753962847783527,-0.00245541090359247,0.00872854200513884,-0.009841371278694555,0.012525561671716368,-0.0016756152643557787
2023-08-08,0.002378426199871164,-0.006046524286112742,-0.006341080194621318,0.003975786508761736,-0.004348668665466349,0.011613527528089307,-0.006423164247108759,-0.010309226790986337
2023-08-09,0.0007220159820147121,-0.00027654507582053345,-0.00475820704444585,0.0009431312891159394,-0.006685360576306976,0.005171197459350019,-0.00011974820392823826,0.0016958101290973637
2023-08-10,-0.006494491842157224,0.004287292045965785,-0.0010686044760203073,-0.0070647319241824436,0.0003590286335055648,-0.016462821890817603,-0.0038314933925278627,0.0019346867900997822
2023-08-11,-0.0031133902555361415,-0.0067476148643881295,0.0,-0.0034154478718613213,-0.0005831149773138922,-0.0023014468716150427,0.001562597485097239,-0.014482182885983796
2023-08-14,-0.000728653868658502,-0.004436417958872507,-0.003040588549344525,-0.00038083085883888756,0.005520057474437845,-0.0022017902866400263,-0.006600138420173596,-0.004653540525663469
2023-08-15,-0.0027081777473553226,-0.012393990449861336,-0.002654474343068869,-0.0052374654002321774,-0.01164892099605086,-0.006095206116476737,-0.01123483414457116,-0.010580757490130654
2023-08-16,-0.002402275327668124,-0.008177974887444539,-0.005776029417432049,-0.004499240483355149,-0.007338212526570076,-0.00782418203786972,-0.01233962380702347,-0.006714624465574359
2023-08-17,-0.0010471123364358403,-0.007108282230432361,-0.0015378724223797935,-0.0026929070304383407,-0.007619729519849128,-0.004262295614146816,-0.008040345893422507,0.003254814506701731
2023-08-18,0.0022012584138646485,0.0,0.00017112823031739666,0.0037605223731354,0.00048121228228814594,0.0035313304831412484,0.003117555060045074,-0.006239144255495543
2023-08-21,-0.005020146293896688,0.0037226700052188644,0.002737670236275802,-0.005955724276555441,0.006506343092583355,-0.013330215766375941,-0.009199564456663478,0.0022601642694766166
2023-08-22,0.0010512727717799653,-0.001854608139134073,0.0016495566176504273,0.0030924589113794365,-0.002708513007353086,0.0076737937957163105,0.0028860343154302193,-0.0017538135801851151
2023-08-23,0.009554873230759542,0.010861980250494785,0.01016464068195777,0.014065625019761496,0.01113761577411787,0.024777179022021034,0.015763621375783465,0.01480925066869232
2023-08-24,-0.0022880866756264107,-0.013714090913704569,-0.00022482031744353037,-0.0034204772843378084,-0.013859137812014088,-0.00659379747094424,-0.0038182505275938805,-0.004204877463856671
2023-08-25,-0.0006256214515151237,0.006737518769545758,-0.0012932863561120334,0.0005721851695552616,0.007049891383682505,0.0032664016407970564,0.0007419260968259955,-0.0007450852096647642
2023-08-28,0.0021906089296870324,0.010536597448046026,0.0028713533365909427,0.003144041119844232,0.006341370940729396,0.0010500639493922215,0.00938968749141078,0.00994274121816141
2023-08-29,0.006452918535740038,0.012399530398685465,0.009768091768254772,0.007977923456723879,0.014454709615564498,0.010386113356126048,0.012117622753538004,0.013290633097939875
2023-08-30,-0.00041375987217107113,-0.0005566702870716256,0.0025018747942815445,-0.001413201522344365,0.004118774362972699,-0.0010382676806434121,0.0036279201062694444,-0.0036433854005160082
2023-08-31,0.001448498983936064,-0.0038990922151224128,-0.0016637258183913595,0.0016984991817989847,-0.00146338007682012,0.004469358355290165,-0.0073503422134695295,-0.011945402731694199
2023-09-01,-0.005179031098938025,-0.0005591605600649974,0.0004999240959600026,-0.007118613363174986,0.0018651750863321048,-0.015578537319350438,0.0016994687804701147,0.010856318708947876
2023-09-05,-0.005414779146553972,-0.008672703331123244,-0.008161685723844458,-0.0071407786314142685,-0.004321904582325065,-0.014022095714652405,-0.011633670696576282,-0.005858096529520518
2023-09-06,-0.0009419407951418712,-0.0021165837327883352,-0.004534245193468567,-0.0009588374370994579,-0.006722397789646006,0.0024592919122936596,-0.0020843738499213282,-0.004664863928579344
2023-09-07,0.0031435800829784366,-0.003252203276706833,0.0010684498647577367,0.004415651804378751,-0.0030702427390584264,0.002773448436077963,0.006266182616949667,-0.010360073504046885
2023-09-08,0.0005223463431174302,-0.0014185845106678974,0.0003370270596214642,0.0007642033946735349,0.0015060977017755661,0.0038296764114584825,-0.003907075538577165,0.0019938964348935606
2023-09-11,-0.0011485620076937542,0.010370800215704135,0.001853109993606994,-0.0019096985072505346,0.006576748834181245,-0.007205927736711248,0.00012261052791640026,0.011442868527814953
2023-09-12,0.00031334238602886977,-0.00407754565237195,-0.005156651253074851,-0.00028712883437476133,-0.005485661206862336,0.0057639547560752735,-0.000490175422071415,-0.0027053763480580084
2023-09-13,0.0014631159716931297,-0.0031061841514473665,-0.0023100098564432514,0.0022011132709993664,0.001166020753530228,-0.00021273056331161388,-0.010913560131529776,-0.0009864793275067285
2023-09-14,-0.0013567161941160366,0.01317095289627268,0.0005082241752882855,-0.0018142257491894354,0.008622202011400182,-0.007217900536614197,0.018100612564754703,0.005924617590945314
2023-09-15,-0.0022981066677304485,-0.0022364451629736104,0.006603816566220333,-0.0015309093515409877,-0.012048227332235872,-0.006094398363641895,-0.0037751113554721494,-0.005153495031201882
2023-09-18,0.0014659830253951345,-0.0035023576985108162,0.005887647601878543,0.0019165911324068308,0.0005865187787634785,0.005701492187834001,-0.008923139803101554,-0.0015415226238177926
2023-09-19,-0.0029278488645674283,0.000843515516520732,-0.0009476457412548323,-0.003347313847044675,-0.0020739071662191355,-0.007380334203234029,-0.004563526810421159,-0.0049815311980360155
2023-09-20,-0.0005242527580006096,-0.0023879270414741693,0.0007253927124595272,0.0003838046969577569,-0.009193249304855433,0.0031249440318368293,0.0008676299482053285,-0.0030037169145196163
2023-09-21,-0.006820964733026957,-0.016615025747259593,-0.007248413758109917,-0.010070824680197155,-0.016528460631680897,-0.025673989231398076,-0.034043262106089545,-0.016068329961976047
2023-09-22,0.004226629691380657,0.000859095871011073,0.0032013033173832195,0.006103851564574825,-0.0022484795541355407,0.008048540343393418,-0.007561192308718212,0.011737734180241377
2023-09-25,-0.007890806775000758,-0.004434871712537869,-0.005150588926742139,-0.009726349285555047,0.00420508353777338,-0.02460891088560746,-0.0009036136712047282,-0.003783132678503276
2023-09-26,-0.0012726415729580332,-0.012933028334380592,-0.007990985893820302,-0.002820011358356189,-0.0146912489156108,-0.003476473776358846,-0.018224217837155332,-0.011645615081289917
2023-09-27,-0.0035039578098569057,-0.001892557536109729,-0.012366647894697436,-0.00468136195648472,0.0003992309698246377,-0.005175563117083004,-0.006714007849224379,0.001280712806460249
2023-09-28,0.002983468736206918,0.008168027864224436,-0.004997187509914736,0.001763798779123693,0.005797482967047296,0.003053663847912169,0.009595450688202334,0.002046604179531508
2023-09-29,-0.000956116371043092,-0.0028935227329027757,-0.01027534966921384,-0.0021517645815511965,-0.0024268632757357134,0.0001124513198522692,0.0029159695435561073,0.0010212120728692042
2023-10-02,-0.006963087568817694,-0.014654591718591958,-0.010498705650611395,-0.009161326861205188,-0.0003978835269976555,-0.016739759733198856,-0.018371718786382885,-0.0035704903772487695
2023-10-03,-0.007838321807705162,-0.01251655292769005,-0.0028882419805683623,-0.011520777019688455,-0.013386023490130183,-0.021511699115999705,-0.019523481248879815,-0.012797610945975424
2023-10-04,0.007034574748680189,0.00178935859834084,-0.00011825651470720455,0.00874094916331436,0.007282071845366556,0.014107577682886951,0.012222097556967126,-0.004148285515516936
2023-10-05,0.0006447184796463112,0.008782247179514702,-0.0018327868021307259,-0.001194930709356834,-0.0003769393002031052,-0.004984910916739471,0.005562465849523468,0.004165565470421795
2023-10-06,-0.003866444919021439,0.011066891627345976,0.005153083621109555,-0.0029919553862832737,0.01187288760798566,-0.012116750528924025,0.0026983470892925077,0.013741282946054145
2023-10-09,0.010350569519832487,-0.0014594301363983764,0.01838544744893622,0.012402760554659942,0.006402126059647184,0.023469531981116676,0.010898756340024685,-0.006138136055683252
2023-10-10,-0.0009603554835710959,0.013738826612667454,-0.0016780958953311886,0.0003952226872534492,0.005204926739893478,-0.0013826509528827025,0.004791508028150426,0.015954846233560138
2023-10-11,0.004592795563148622,0.004181131608564925,0.007303045938392039,0.006122779463625383,0.0040962802899118245,0.02088600341002711,0.01735334176476311,0.0030392654862081425
2023-10-12,-0.008612043518947732,-0.008327445073315398,-0.0030496507265770356,-0.010404556012895694,-0.006096397723817648,-0.02712772515662054,-0.014583226930971915,-0.010605980962321682
2023-10-13,0.004289899862123692,-0.00926592750789823,0.03214825984540237,0.005554567588251347,-0.004981044950029934,0.01789232963089704,-0.0025107274934365043,-0.003828303973144709
2023-10-16,-0.005553421517880075,0.007306566105665713,-0.004864928190345896,-0.006904563885931858,0.01052154459677257,-0.0160940361082913,0.011922255436945584,0.007173912997378684
2023-10-17,-0.0071950189981894175,0.0005804913022673386,0.001854273768354009,-0.007946260610925737,-4.5941728749832045e-05,-0.011020995024302871,-0.0014400171827556596,-0.004324746443172156
2023-10-18,-0.004651281001667895,-0.017399072374905455,0.014470816805260078,-0.008009316444749892,-0.013325009673050503,-0.008797475459860649,-0.021237323283059384,-0.01635149518823964
2023-10-19,-0.0038031358802989024,-0.00885336718661578,0.012274016037125302,-0.008074495918302671,-0.008786495416079454,-0.020473191240670152,-0.02370761951422462,-0.0036363358847878446
2023-10-20,0.0035994227253450806,-0.008932510866574761,0.0027308974274993236,0.003968350651569974,-0.012287965335337936,0.00567814125436894,-0.006722480097559158,-0.011991596949605943
2023-10-23,0.003913457444693735,0.0007511211345989643,-0.0033770637265356784,0.0078037994943873645,-0.0017333112969986075,0.012013445602293782,-0.009806732128643914,-0.002110864038059268
2023-10-24,0.0035731638865068582,0.0057039635486382245,-0.0001093308866343401,0.005631566314001413,0.0075394157759287594,0.013176672841438197,0.012833244996122817,0.01242717613726585
2023-10-25,-0.007444764519848213,-0.007164275465002978,0.004208823642007475,-0.009100079467365574,-0.014352147707983431,-0.022261406801956984,-0.02148457277221616,-0.01070761382642127
2023-10-26,0.006739395577270546,-0.007215848630243493,0.0015784524505007003,0.007266160407823685,-0.011974631305702643,0.01533857609712097,0.019141354723037685,-0.003695962485177784
2023-10-27,-0.0003237658820929301,-0.0030284096223118784,0.011629799758343662,-0.0020040297613678204,-0.004532751941199953,-0.004248807026779988,-0.016019774876032455,0.0010599066567205107
2023-10-30,-0.0023762519507385393,0.01275823246301555,-0.00564054701797434,-0.003011401397415292,0.011955825161883427,-0.004503778002081682,0.006315571980407775,0.008999229626422967
2023-10-31,-0.0006497353611547574,0.003599359429111937,-0.005456562573315948,-0.0014100538972867671,0.00628021243503829,-0.00488172434924361,0.017015294851076446,-0.004721926758026407
2023-11-01,0.011050606430325072,0.00941417054253435,-0.003150642851826202,0.01431113962692998,0.010664703954101018,0.021682140637327985,0.006171278912347811,0.007116602774128067
2023-11-02,0.006018510210934025,0.020429119810193797,0.0033240729584831374,0.011873834202883904,0.01916443955790892,0.02279671989131704,0.03284720061832491,0.015441270201596469
2023-11-03,0.0060889941796262725,0.010590584356854782,0.003638921283475316,0.004930551889794188,0.00912355260930875,0.0067786008211432325,0.0238847496952459,0.018298780607469256
2023-11-06,-0.004990691352011578,-0.005024441065728746,-0.007792560392528847,-0.005298790276650367,0.002300319470355916,-0.00969974453465805,-0.014434637019448249,0.003037272416668735
2023-11-07,0.005335826789871545,-0.006059657210345626,-0.0041451308444239165,0.007990525533980275,0.002845918963736649,0.014750123502815127,-0.008238613110406634,0.00025218297519513655
2023-11-08,0.0033967267905472553,-0.001306294613964809,-0.00996764391222027,0.005088927527622911,0.0007326362689088484,0.0170334503439602,0.0032963006164539177,-0.004540759041194664
2023-11-09,-0.008357177506098767,-0.00014560689078013667,0.003982968433291267,-0.010126569186457268,-0.007798892622594367,-0.023001198610779428,-0.015770698163898422,-0.008869673738634343
2023-11-10,0.0023471465765831923,0.004506493795481514,-0.010909752197912126,0.005016609807996231,0.015604805353370388,0.005599947126031513,0.009347056658361108,0.006903491531073058
2023-11-13,-0.00010680033447596493,0.0026050078870334392,0.005570720464602941,9.81052566264573e-05,-0.0009530594355200428,-0.0022731119640043707,-0.008334304903425904,0.0017775385541438649
2023-11-14,0.01255984065951643,0.025548600263111343,0.008919177105678688,0.01565858759614125,0.019400714542044062,0.02266777118834762,0.055496115794049006,0.023320542169666725
2023-11-15,-0.006201892912515383,-0.0015483991455234047,-0.002635601473798599,-0.005203555954127359,0.002117020170433692,-0.014034042158325377,0.0029069194048447766,0.006935996666391553
2023-11-16,0.005500040727048461,-0.0007047929526753371,0.011286077178189302,0.008233413445619453,0.0012230503515362479,0.01242631221097601,-0.002142291756809689,-0.010332126386447427
2023-11-17,0.0019989973116871784,0.013542057589102319,-0.00010890234740634774,0.0028819851188008894,0.0012438032133850196,0.0046865839392125075,-0.0007578254436045873,0.003977115973207823
2023-11-20,0.001574814549168968,0.003757955119305212,-0.0016333808174913145,0.004023668944874936,0.007697681675456813,0.006108456353248748,0.0073304282070860705,0.01064607492457248
2023-11-21,0.001048138528786824,-0.0038824464950771853,0.01079790063288577,0.00028609801716461547,-0.002179446460274348,-0.0004413152897984052,-0.007026088748467441,-0.005879195270447335
2023-11-22,0.000942397865869804,0.002366436256348914,-0.004262252597287075,0.0040061564642834835,0.003860928972650335,0.003533654595976987,0.0049279332860903136,-0.0027108050699458097
2023-11-24,-0.004603008245387175,0.007637752506153728,0.005201596914642392,-0.005130231573609256,0.0006151822706057519,-0.011775219456620856,0.002891933364331356,0.0032122753214651745
2023-11-27,0.005675273765061606,-0.0034455147068105374,0.006737817869841178,0.008116969368523463,-0.0018008965863720583,0.01670406359179033,0.003636013589797038,-0.004679956476425162
2023-11-28,0.004389153368003829,0.0002766215741547562,0.013331852960406732,0.003978134871372996,0.0009900209617765832,0.0019714848890768355,0.006620780823860084,0.008166526896798532
2023-11-29,0.004890473227465941,0.0020739739824020553,0.0014794398574642376,0.00811436014269562,-0.0007033722874079107,0.012571018328528138,0.006949563903239531,-0.005645731276599619
2023-11-30,-0.003313545299081788,-0.0008279181467657493,-0.004167950375202456,-0.005241111649011643,0.003937471768640233,-0.011551305021951674,0.007271463478579099,0.0029622967596572014
2023-12-01,0.008792948795506739,0.010494285400124648,0.017271494075951965,0.012039946188093342,0.005915893741904821,0.018833918739020516,0.024593024728118085,0.004183937623293721
2023-12-04,-0.0038211796074180127,-0.007788974330494969,-0.02161342646325959,-0.004572040833951574,-0.005249295903725915,-0.003978587397522104,0.00728458215704908,-0.008823318797188673
2023-12-05,0.006635084357843324,-0.0035808815089501955,-0.0037794459254785195,0.007967909495847358,-0.00019725226020217423,0.021485235299683936,-0.0066388560271561925,-0.0034618923729077267
2023-12-06,0.0025744355935128915,0.00304104110977077,0.0036868953454944897,0.003719977914608208,-0.004029718694002593,0.013317932387729492,-0.0029838458184973105,-0.0012407732698642704
2023-12-07,0.0003081934443969203,0.004822736873895783,0.0016503277504122948,9.244661363694284e-05,0.007630481826106816,-0.0057367488665589494,0.002872797038592445,0.003975036908046015
2023-12-08,-0.005031736611347037,0.003016930229357895,-0.01334039111485108,-0.005373235039816793,0.004299064408741948,-0.008183302182389163,-0.0016709065230700038,-0.004949174391729705
2023-12-11,0.0001031903692181313,0.002461229292362921,-0.011042895165362276,-0.00027951639986001364,0.0038895753063821203,-0.0021152212772437284,0.0027498261839249416,0.004476493827582306
2023-12-12,0.002992810330965767,0.0017729339068066619,-0.0005446421195114404,0.005683367661200478,0.0045672645774959,0.0029680296955294505,-0.0005960408360612401,0.0
2023-12-13,0.012552836880792562,0.014567760454554435,0.022562533466176538,0.016768639031522925,0.013790099089211694,0.02346179045277874,0.03829621023497709,0.009408373684135496
2023-12-14,0.008070905113057414,0.00738060744618374,0.005862552982469849,0.010634898138536908,0.0032092839532933404,0.026013276462228285,0.02884058375432752,0.0132450183239603
2023-12-15,-0.0023249419495127155,-0.009724375628273996,-0.009166511771857233,-0.0014477152843266339,-0.0016463398125464712,0.0011107088002209053,-0.0140717970437082,-0.0058098584670953635
2023-12-18,-0.0020267201322623496,0.0024213889430637625,0.004545487184575592,-0.004168206353324044,0.005625069629568102,-0.007967585042855774,-0.0022654411881484204,-0.00012434067450484143
2023-12-19,0.0012183674597265881,0.008454168467469714,0.00681394057869511,0.001273659330015331,0.006080803646176358,0.005388224089973637,0.00760651681790625,0.006965253746480604
2023-12-20,0.003650738301827383,-0.010091753193134156,-0.005445982936102989,0.0026358726610138383,-0.013857245040514887,0.006775250444338354,-0.01216901245280877,-0.020998015458010832
2023-12-21,-0.00010089911207111779,0.016197207939449454,0.007070635455129759,-0.00036272269576842486,0.009481977024365706,-0.006327977263113405,0.008868366978017406,0.019429766459461595
2023-12-22,-0.0013136570504589384,0.000937436484530263,0.004434417088942322,-0.0017226094885567367,0.002009558634741282,-0.00454862395160216,0.003891531910316326,-0.0034654358398004126
2023-12-26,0.002023431387281116,0.0045497463287407225,0.007620733251079592,0.002089062438598077,0.0042225959589816675,0.0028433434701915505,0.007410580106008036,0.006458089234733455
2023-12-27,0.0063619680139228585,0.005328361556504291,0.004537842226414179,0.00933544453820545,0.001808141951043174,0.017719604688034574,0.0048664765170582935,0.005429457642112112
2023-12-28,-0.002207726529002696,-0.0026501682838502294,-0.005815437657636813,-0.002604101693132077,0.00037768437281204825,-0.007262870850322178,0.007095473913797168,0.006136384654165772
2023-12-29,-0.0019107632686909959,0.0010629057897562078,-0.001566841018672216,-0.0036914423455972623,-0.0028949680732826,-0.009019916429518604,-0.011854270860146121,0.0026835024688380837
2024-01-02,-0.004735205012181942,-0.011147849638847518,-0.002353909884146743,-0.006777480695648652,-0.005596472502497951,-0.005764666188390444,0.00860114270765111,-0.011678740599562087
2024-01-03,0.0005061347833668073,-0.007515902221082782,-0.008336809604204354,-0.002274728410752491,-0.008166582915154708,0.004170609641933165,-0.023900282838329234,-0.0029543857913421068
2024-01-04,-0.004047364223834227,0.002298867802097204,0.0010046128932528209,-0.0055626100416520385,-0.003221058569285895,-0.015194640923193559,-0.001839264506478533,-0.0017281899418485347
2024-01-05,-0.002336767394848782,0.0006744445123703091,0.00015845540955172766,-0.0035761780801617515,0.001369589085797207,-0.009565983502464737,-0.0025336487466195434,0.0014839845898069193
2024-01-08,0.00376783900941402,0.010651216686997644,-0.007816271130823282,0.0076384363579034,0.01427597305148609,0.009866121418315776,0.01431702987354777,0.0017289166716192295
2024-01-09,-0.0002027847032292085,-0.008937957241184846,0.0003193567900841021,0.0017353487654327981,-0.0015170810317232108,-0.006375839127351179,-0.006715892963115699,-0.011587820109073332
2024-01-10,-0.0019279349757140851,0.006461013858209297,-0.00228804710551489,-0.0012763665488499942,0.0056553312573757175,-0.004657717094583735,0.001146077718826355,-0.0009978818631156683
2024-01-11,0.0056932005062637625,-0.00013373808632899387,0.0019733072916665595,0.006024955640994811,-0.0004405746842006675,0.005615017185549798,-0.009272215494905645,0.004244652534885818
2024-01-12,0.0018197739135066282,0.004146762244231272,0.009794068475553752,0.002177992900563419,0.0006927962386671371,-0.001964500013089232,0.006008093786346924,0.004724090302132833
2024-01-16,-0.007467156836964639,-0.016784414895268496,-0.009488181898979597,-0.01014127172208168,-0.0036712526764698383,-0.017612711717214347,-0.007350393135681754,-0.020786770861006776
2024-01-17,-0.0027453693253578493,-0.009483647355212677,-0.01101595063528893,-0.0021041213172996454,-0.005558677730028827,-0.0015819867811179833,-0.018280703712235113,-0.013394176647023803
2024-01-18,-0.0009173336225508644,0.008890463351696631,0.008232882099906247,-0.0019249816404482978,0.008892879359873707,-0.009295571625885346,-0.0054213483309817345,0.005891494394285823
2024-01-19,0.00020421701821415894,0.002304789775218863,0.00298872590696031,0.0010102721247597923,0.01246607671049138,0.0031986320016637038,0.011968358035566062,0.009167333862963867
2024-01-22,0.0018362296511442722,0.0031111459451869106,-0.003777957126316789,0.0027530233808115145,0.0021144240552344318,0.0059518367148241325,0.0059718076005086385,-0.007822405371762597
2024-01-23,-0.0024440150481414014,-0.002831710587045899,0.0038991332271092194,-0.0036603648235586927,0.002916456305388726,-0.007924053535380504,-0.006867550046358195,0.005595055621374634
2024-01-24,-0.0022457867994110092,0.007572818786621083,-0.008246890539639895,-0.0019285939140849528,0.0010930948114631356,-0.005857274498656806,-0.014299088330215093,0.01289830655040114
2024-01-25,0.004501767926938127,0.002818299268447566,0.003969986681303217,0.006625132118395882,0.005438889801598457,0.006534561708772646,0.012841760359743715,0.0024971459888170067
2024-01-26,-0.0011205033692498478,0.004416527649243163,-0.0006946931881827156,-0.0028338890165955366,-0.0012702831031971007,-0.0019158132367936842,-0.0028176175960716865,0.0002489210478335835
2024-01-29,0.003976989385346297,0.005862737875784285,0.0070584854445867595,0.004125366145807385,0.00791927651646529,0.011516588519465687,0.006592985308212063,0.00024906085195142147
2024-01-30,0.001929529434236965,-0.0013247330939724078,0.0013805262268788976,0.003194994356044756,-0.0007734135680419474,0.009065987175613133,-0.009356778148940759,-0.009459938769885268
2024-01-31,0.00456171897004598,-0.005040468711269952,-0.0007423479101065222,0.002548083568367998,-0.016317387556572194,0.00982020492524982,-0.00956321635916857,-0.0037698381790827185
2024-02-01,0.005697946333920401,0.009865387149790461,0.01040067256889099,0.007733447458407872,0.01308809382845455,0.019615955476455227,0.01811899125865457,0.006811427426805405
2024-02-02,-0.009157600077106864,-0.00792079442266247,-0.009453300862028224,-0.009129365352583685,0.010527390398866965,-0.0220886781793056,-0.012410733305618815,-0.0070157637459119515
2024-02-05,-0.008226585229416994,-0.005322689544768111,-0.005513988032274764,-0.009578554845655396,-0.003641115640514392,-0.020193566103690275,-0.02098397673060093,0.0025233038106242667
2024-02-06,0.005222679016414489,0.006153815291343623,0.005224693124019186,0.0056184340677361,0.00290327143734026,0.009773708823800131,0.013441510983764449,0.02466652466066166
2024-02-07,-0.0020375950421848144,-0.0005319310320913706,-0.0002651978305409086,-0.002930853040771453,0.00834040463816832,-0.0048396413561475615,-0.0014338417383883417,-0.0007370879740917768
2024-02-08,-0.003062590935117515,-0.0017294519972449462,-0.0009018470501077624,-0.005144299146120135,0.0004416755090710378,-0.005814767827028389,0.0081369673179712,-0.005162027514149403
2024-02-09,-0.00030719992120575856,0.0034650049702540375,-0.003876152075832917,-0.0012928404513221636,0.005779535360424415,-0.002020241074804252,0.001542905754956303,0.003953547642076005
2024-02-12,0.0002051440546519956,0.0017263577412387487,-0.0026119694947860372,9.252036103291061e-05,-0.00043894362772090023,0.0011720880123020638,0.00023721487075412107,0.004430138743079404
2024-02-13,-0.00921710752909799,-0.015378415419363467,-0.013788690196348319,-0.011001118005124821,-0.013773089772335712,-0.0171351591470269,-0.020616096662256278,-0.01837777783072103
2024-02-14,0.0044449271651612055,0.01117531765119506,-0.0005961123453055439,0.00467408066293018,0.009087667317702719,0.005089544339261787,0.007863319227483068,0.014478150298183001
2024-02-15,0.0023667753518425982,0.011318219513057892,0.0067238125229136525,0.0036283280525606365,0.0068996364175557545,0.005171540420563225,0.023286570397776263,0.006151684396420887
2024-02-16,-0.003182517155994269,0.001580030390234688,0.0036625695484677756,-0.0036152108815034056,-0.004979812203501965,-0.005787771795053631,-0.010322523621796309,0.004891099522501552
2024-02-20,0.0009268298847340262,0.004075243572912779,0.006064210073093879,0.003349011035427507,-0.005505452488356322,0.0008621674840432192,-0.0017780519773146208,0.0019469961166556082
2024-02-21,-0.0029836488215171375,0.0007856208864402969,5.331256612173263e-05,-0.002503606435171779,0.0009058154054089051,-0.007108855784846546,0.005580735465229747,0.0009715079440675289
2024-02-22,0.0008253979855428195,0.01125062476224925,0.00042672195902415666,0.001580232335395726,0.020695462329564096,0.004881535456602304,0.0018892149848390716,0.008735675121713804
2024-02-23,0.0037119919511943156,0.0012935032589027617,0.005651511902278639,0.0029701032210136535,0.0006896478630404879,0.013386746730003729,-0.00047151030395264915,0.00024080797654257857
2024-02-26,-0.0021572995303671405,-0.0014210260258558094,-0.0022266895335479875,-0.0031462111110819313,-0.0036625532242956504,-0.0029828769773277974,-0.010965525989771185,-0.0033671874018086356
2024-02-27,-0.0013386046614948244,0.0027170351503242873,-0.0010626830578386315,-0.0013925449300503656,0.0018578782759388623,-0.007052064702024019,0.0011921614939502945,0.003137000267567469
2024-02-28,0.0019589792761998126,-0.005806532006748966,0.00180849115899262,-9.295028307199082e-05,-0.0013217484685398295,0.006348842512920783,0.010121404631779907,-0.01539553319232434
2024-02-29,0.0016460400433599975,0.0025957179591296065,0.005150266749304189,0.0009298218274376158,0.003594927888951105,0.007057432322076007,0.008487631525344153,0.0021987843587893963
2024-03-01,0.004801082946461088,0.009708767567067955,0.018910791174389097,0.006087452187861553,0.009388249657570125,0.006230994747655316,0.011922770412927441,0.013407996128595778
2024-03-04,-0.0024609699560618203,-0.0025641033678135416,0.016174996770490724,-0.001853141714220019,-0.0010724009353858532,-0.0040224560265054166,0.009356451045066994,-0.004089447640491128
2024-03-05,0.00544806705531431,-0.001799413100959213,0.006020141664404566,0.005477187525526173,-0.009994101475497952,0.014241699927467044,-0.012130743866369142,-0.006763166843211321
2024-03-06,0.0015331786919974277,0.0118464503254605,0.008215401882095241,0.002677648207885852,0.00506722667469206,0.005868320788586789,0.004981485605836999,0.012402699057457944
2024-03-07,0.002143499564134066,0.011835112396024305,0.005683843351386164,0.002486037746704417,0.009926431185849793,-0.0009378778150127554,-0.0002306391412583153,0.004804351845544508
2024-03-08,0.0009168689331553459,-0.0032701015305846015,0.008452547868211147,0.0013776137723828796,-0.006002249864189957,-0.0017724142447914648,0.011530149931015643,-0.0016737252638379108
2024-03-11,-0.001119488942184943,-0.005678106793161275,0.00183502012710135,0.00018352059725290637,-0.0008598396579316825,-0.0005223815376896868,-0.0047874383751332905,0.002634216605285067
2024-03-12,-0.00254697725044406,0.007994703154940552,-0.01094062729637224,-0.0032098781800748988,0.010757306394357347,-0.008361348644237654,-0.0021761214692553876,0.008598167336891116
2024-03-13,-0.0018380399719392093,0.0001259945411942187,0.00700740378557585,-0.0010116634073380482,-0.0015673522125619899,-0.004848390229607147,-0.005050524167060422,-0.005683214080457133
2024-03-14,-0.0063442903571255815,-0.007301017821467748,-0.004175139558116325,-0.0073681959983447065,-0.0019768572485058256,-0.01535679735414952,-0.014997944255904838,-0.005477684244730607
2024-03-15,-0.00010281831251646167,0.00038030224520935185,-0.00319440663913817,0.00027837087588467035,-0.006866602651006248,-0.00032266256340762745,-0.0022251197432089365,-0.0029002187387346945
2024-03-18,-0.001030064679876208,-0.00025350731607243215,0.0016022835845583838,-0.0016696063061547584,0.005943169061155551,-0.003012370557194166,0.0004694349101062034,0.0021635890476745523
2024-03-19,0.002474077924100815,0.0017752078481132472,-0.0011498061737871268,0.002880301995159762,0.005557133987472707,0.0028057039310755982,-0.0003518868019428689,-0.004077557174242519
2024-03-20,0.0020569951472309,0.010631444096495857,0.011911859798154678,0.0018527982218063954,0.009249413595870948,-0.0003227470979033642,0.00657276877195101,0.007947825658045193
2024-03-21,0.0007181333387040745,-0.000500919014928658,-0.0010386361790747367,0.0014796510334700308,0.003304512339451504,0.0021530546775041515,0.007229466021932751,0.0007168235548298263
2024-03-22,0.003179598428650676,-0.0021300748701915673,-0.00802096899240623,0.003416321115465193,-0.001895702002856825,0.009560544574478858,-0.012586502259485322,-0.006446984065869632
2024-03-25,-0.001840234134391605,-0.0021347241052521726,0.0031944066391380588,-0.003404689602484745,-0.0027630024674663023,-0.005000925445054594,-0.006148556644353764,0.0
2024-03-26,0.0010241156616617175,0.0011325597388345265,0.003233961285236564,-0.0002770342588803709,-0.0018469252649935264,0.0027802891068808844,-0.004045298473511538,-0.002162777007623129
2024-03-27,0.003273850953503743,0.006033246312435736,0.007240660177973313,0.006927008295219972,0.008403907706518554,0.009917996321876288,0.02580325004750539,0.0026492102327730915
2024-03-28,-0.001223708869494522,-0.0022487846574360537,0.012900024807739996,-0.0009173743476463825,-0.00019116131571905726,-0.00084491866925962,0.007103809843650888,0.0033630165979856574
2024-04-01,-0.007270680711539579,-0.004257584201353137,0.010208079384865787,-0.009575023651498427,-0.0017397932941282113,-0.018641099258389637,-0.016766896648199192,0.00406974721754616
2024-04-02,-0.0007219801358765432,-0.007042174131114298,0.014772360490971526,-0.0014890339232935812,-0.006358020206171711,-0.005510523984142757,-0.012583773582438895,0.003338255664911305
2024-04-03,0.0006193113761194802,0.005572422710631075,0.008772374739768773,0.0006524864949797315,0.0010985566264991586,-0.00021722259760226237,0.0010720882998871417,0.0014258109877087755
2024-04-04,0.0023725857434548914,-0.008564193319069102,-0.005734705223284009,0.0011177308183516477,-0.012206148119293991,0.007172144004698122,-0.006424862928023578,-0.003559356317317186
2024-04-05,-0.004940125966513387,0.003175891508059303,0.017114197447370305,-0.004372377997679533,0.010446865997924437,-0.013918735409912508,0.005149126559121475,0.0030956210110120175
2024-04-08,-0.0009307928581970826,0.004938487176280093,0.00622848536623688,-9.342305555726238e-05,0.0005594243611719563,-0.00010920328263264167,0.01072168377820204,0.006173000251470828
2024-04-09,0.003416425847972082,-0.00012610565805692975,0.005497054993034878,0.0051394442309316,0.0011566872491608482,0.009301615672039576,0.013319526229290446,0.008730388237545794
2024-04-10,-0.01196881084702306,-0.013232390893037183,-0.009463856185613961,-0.014223431992876345,-0.010013120910295936,-0.02179332032205772,-0.04140968090726227,-0.010994063107459762
2024-04-11,0.0002088585967454648,0.002681883748816949,0.019433247203493043,-0.0020747297695503653,0.007546929319219187,-0.004544539919500101,0.0033974679426140852,0.0033113147003953625
2024-04-12,0.0018793348554688727,-0.01617635670944695,-0.013239324939518515,0.002268260482471973,-0.013803125482597878,0.005344719581077184,-0.011851517367288955,-0.019330696472009357
2024-04-15,-0.006044360631494383,-0.0029776117277027225,0.01871915519396472,-0.011031788671159282,-0.012528093329782442,-0.01550550256840122,-0.017011226475126096,-0.006249773795101388
2024-04-16,-0.002830610315050275,-0.009868872552002417,0.0012220152803359419,-0.003336597513346695,-0.0018238493517245269,-0.0066371901071071715,-0.014068973742936253,-0.012336824111481626
2024-04-17,0.004626119204687029,0.000655924973384181,-0.007368252752093185,0.005452266538713335,-0.005918219248078005,0.011098281921244846,-0.007324018911255781,0.0017144053466846554
2024-04-18,-0.002825745333171925,-0.0027525022990924075,0.0034154561341945833,-0.0019977997349287513,-0.0020577277364434154,-0.005040263071467432,0.00012706622999703043,0.0026895678235894227
2024-04-19,0.0010494680612946894,0.00039425402340453886,0.003131535140574959,0.00104867782557716,-0.008728316588987761,0.0036021767008109773,0.0048334136320375976,-0.0029260243256367113
2024-04-22,0.0006292438662027777,0.011692128551317627,-0.02470249054532203,0.002475802613997935,0.009209183533737342,-0.0016825378732928664,0.008860763291895113,0.008559447254206543
2024-04-23,0.0020957602543596465,0.01090776250914205,-0.002458663172418052,0.0017101228199845053,0.011866542045953166,0.0003368708323239211,0.00915943788857465,0.008244394856706805
2024-04-24,-0.002614478336115611,-0.001926808898369048,-0.0018600907225296837,-0.0038882852132363643,-0.0004746710965192191,-0.007075981453237401,0.0018648965292396014,0.0031263408476609467
2024-04-25,-0.002829970636930468,-0.004633331711099142,0.005963468053189924,-0.0029510605740860063,-0.003798802032056181,-0.007013510868240758,-0.005708539569435622,0.0031168884097474425
2024-04-26,0.0022074688496693806,0.008016648259573378,0.003241927353549112,0.003818988481782082,0.00947384043966304,0.005240274132956468,0.0004991959099602816,0.011472305298207308
2024-04-29,0.003042238812955844,0.00384818063911041,-0.002031218037689575,0.004185613837145885,0.0035414757424736543,0.008386345436858678,0.010229582846589036,0.009924554715786904
2024-04-30,-0.004078747856343545,-0.012650252929039763,-0.019937078844561418,-0.005494256489274041,-0.015841283638990067,-0.008541385047528882,-0.016917779334032823,-0.013336698245069112
2024-05-01,0.003528833955415589,-0.0022000942475656204,0.00906215232545482,0.004159816814480521,-0.003247064171810421,0.007371129808586785,0.00037682108801706526,0.001185800151164429
2024-05-02,0.004513322332083458,0.013489064908686066,-0.0030870874411647042,0.006190047920444197,0.009353415022362421,0.004290768823692392,0.014063269780273835,0.024395867125278414
2024-05-03,0.005120372808782969,0.009981992385196481,-0.0007976266365629092,0.007003430825114787,0.01239536499449212,0.01011931347138173,0.0066865997460137105,0.008786291177259153
2024-05-06,0.0007276463618317575,0.006842405545300911,0.010518361024399514,0.0028195329231823774,0.0103267771169131,0.0038959819923933825,0.000861039019927734,-0.0018335126029060955
2024-05-07,0.002077744403524262,0.002642834930712823,-0.004600326433150892,0.0004686395529001075,0.0011033841297598546,0.006097833816348874,0.009462778689073748,-0.007118341946953932
2024-05-08,-0.0020734363327877814,-0.0011296142024307398,-0.002941061869504713,-0.0025291592435799926,9.669515375820836e-05,-0.0060608756041332645,-0.008400334126588804,-0.0009252589227346508
2024-05-09,0.0018698512639894194,0.0076652396792948885,0.015778607960932778,0.0015963566181862454,0.005761967626048303,0.004878394638076378,0.02050334428156364,0.003935125610255108
2024-05-10,-0.0020740358352567823,0.001870481765165577,0.008112513438038427,-0.0031879338736025,0.001288011579458459,-0.005627297170625822,-0.0027669994139905008,0.0020753829015660585
2024-05-13,0.0005195866000422544,0.0,-0.011202103844459854,0.00037628700119962666,0.00013437561726004077,0.0025519496545141074,0.0032573880938480126,0.007823166122982617
2024-05-14,0.002700582818014441,0.0074683641377317755,0.008462045119477013,0.0029149722871806283,0.0045880863443341635,0.005644737762586116,0.007695844725483569,0.0050229831186072715
2024-05-15,0.006628540050866993,0.010625127117705357,0.012838750510223873,0.008906716665380898,0.01238307980169906,0.013647725844895708,0.013842709403961262,0.00863250759869194
2024-05-16,-0.0011318832508486754,-0.005379054415813989,-0.0038933433506626036,-0.0015796702612631552,-0.002057589921140024,-0.0009772915147875372,-0.0007062808679182409,0.0038287698848407103
2024-05-17,-0.0031933604332512466,0.0034415560024141367,0.0164977725898805,-0.0023270584990661147,0.0014374920910811273,-0.006738482834618531,-0.00011784481474630404,0.007179644582030464
2024-05-20,-0.000929998529139886,0.0007349041435236181,0.004023937591649318,-0.00046649726624137244,0.0011522056069923625,-0.002954472647632378,-0.005889950205660521,-0.0022276283255289187
2024-05-21,0.0018618972966444325,-0.0015911229880912758,-0.001469548604570936,0.0016800970028432172,0.0024525591543151926,0.005157843207736379,-0.0003555741355122377,-0.005804927157832984
2024-05-22,-0.0012389580517823129,-0.009439762678633445,-0.01837396956557802,-0.0014907524946768946,-0.002879429591557292,0.0012011589995302163,-0.009008885926493515,-0.002919228762992443
2024-05-23,-0.0027906918670048686,-0.005074354779803114,-0.019944570339717638,-0.004385916657427713,-0.0073041499193599035,-0.0064336611546566,-0.02153096831767609,-0.007657722083375118
2024-05-24,0.0011400770237255387,0.008210151992279924,0.0009271136061119734,0.00271790011286277,0.006616389864486871,0.0029632810434991885,0.0007333651567911215,0.003177447344075768
2024-05-28,-0.00465930860345809,-0.00037012688886883804,0.010513172896031486,-0.0059822702108159875,0.000698826339181613,-0.014335854982137741,-0.006596647784961052,-0.0027147559489618667
2024-05-29,-0.003848846801990713,-0.01579873253253994,-0.009303812074716977,-0.005360266806181291,-0.007002565751954126,-0.012101684960880488,-0.009714764002742515,-0.012477596262615909
2024-05-30,0.0046990354512757015,0.00840237710834879,0.0018967600627461945,0.006145414479712397,-0.00663365178480535,0.009665192357039887,0.014652979860475979,-0.0018376319577623201
2024-05-31,0.0032223218871034742,0.009576042906315418,-0.00586417430627717,0.004416570070982173,0.009108324994370198,0.006789904791110857,0.01872476373963483,-0.008515579603967538
2024-06-03,0.006048596442867593,0.0028330952426367517,0.008917780500373507,0.006902324932767767,0.0008151869988137772,0.016174530376041663,-0.002282426825698458,0.00998133777979704
2024-06-04,0.003615760175755156,-0.0012284007535579011,-0.008977059834655465,0.003917345226063906,0.001117768922834328,0.011680984162597552,0.0077060369582693244,-0.01562844615521286
2024-06-05,0.0030880334057648007,0.00701022537520779,0.011845603201319,0.0033442736181694688,0.01188536627184078,0.007337892556833481,-0.0011949003131412894,0.012841474491684046
2024-06-06,0.00030765231064422416,0.0034197989028057485,0.007391356612921562,-0.0006480234751656822,-1.8774936555887578e-05,-0.0014996912168163679,0.0019140885778861083,0.0046103376470072455
2024-06-07,-0.008822106629124304,-0.010832677590435713,-0.03568330143379639,-0.008987500964560913,-0.001215729120858211,-0.018345840742649666,-0.009432793820640217,-0.008260691129724496
2024-06-10,-0.0008281554321859508,-0.0007382499725236968,0.009168181127878317,-0.0020565030371834103,0.0030896673732900837,-0.006666581322775977,0.0033751415381935157,0.005321694304303737
2024-06-11,0.003418351072459025,-0.011363419693382837,0.0028566106093961263,0.004309157773993544,0.0024084120171274925,0.010342173016208323,-0.003604178108833178,-0.0023017345819645874
2024-06-12,0.004748659914566078,0.011785454901648285,0.0026617200115086614,0.006157076120924865,0.008212889503495635,0.007514195487361652,0.008922260474184984,0.007843111991479246
2024-06-13,0.005034248353075643,-0.014278460886975264,-0.008150148984962247,0.004728234999645586,0.0020134621632774685,0.014699308659983812,0.004062990120039522,-0.0011442676793386175
2024-06-14,0.0010225161482531053,-0.011054696202715819,0.012959545903254766,0.0008304365570950267,0.0006086179613677967,0.008415023056351778,-0.00023796362289207895,0.0027497779931509037
2024-06-17,-0.0035744030863167353,0.003983101432570413,-0.005191652247571676,-0.004702306405753753,0.007958913466157735,-0.009929141219615523,-0.003928696680444488,0.005484474897923253
2024-06-18,0.0035872252754125533,0.003967094264642146,0.004007271832187298,0.004631926633593464,0.0025405091662669133,0.009174988610681334,0.00394419221530784,0.00795454294584852
2024-06-20,-0.0017363522942317466,0.0006374178034274092,0.012484347826456466,-0.003319598864132467,-0.002716408066422371,-0.006660185737001334,-0.0028570216366841095,-0.0018039290554957566
2024-06-21,0.00010229154705609922,-0.007006415115555442,-0.015493238109986152,0.0002777319112750032,-0.0013407021417380927,0.0,0.0025071542359986765,-0.0034012675648275037
2024-06-24,0.0008183318995393929,0.00795393977731318,0.003957566385821121,0.001017181324459715,-0.00325056244808819,0.004044437640704945,0.007740660330366689,-0.0006825200916852348
2024-06-25,-0.00010228060809558404,0.002418243224438399,-0.004962237629221655,-0.00036942547357110556,0.0038507809774992463,0.0016959838099663838,-0.0122900403147711,-0.0029598824529267764
2024-06-26,-0.004497314235673677,-0.0073641490391245235,-0.009228168111804491,-0.005453468819155316,0.0012480604927769257,-0.014285922316716437,-0.0031109857110792616,-0.002740423502418543
2024-06-27,0.0016427143147381695,0.0007673789562150368,0.011336925587312363,0.0019515263331251198,0.0015764451725310824,0.003972149316092244,0.009721536174201573,-0.00045793079354694566
2024-06-28,-0.004920477700929182,0.001150390556416525,9.297647872519299e-05,-0.006400006216630838,-0.003934966637015758,-0.01860560037137271,0.007978847179440862,0.002519957980379628
2024-07-01,-0.005363294697328436,0.0017872583755111915,0.002604589701363791,-0.005939316093437341,0.0020581077993058194,-0.017258862771424632,-0.009431719819633977,0.002285221390438741
2024-07-02,0.0033245670870638566,0.0024213250540845443,-4.643394389247657e-05,0.00640821287916582,0.006729758556762944,0.007785458172142823,0.004700479564712534,0.0036479441567811577
2024-07-03,0.005384929755541501,0.011441462348414033,0.011273000380832565,0.007397782887748727,0.00446247648200182,0.013133158379551313,-0.0009599109571448716,0.014766068213083905
2024-07-05,0.005046915471287328,0.0066617784763847165,0.013486798057397165,0.00520548314136926,0.005766430596816363,0.008278924268184884,0.0027618988066413497,-0.0002238396845737345
2024-07-08,0.00030712089084516947,-0.004994422916079322,-0.012402074526820739,-9.256288618797459e-05,0.001153935021513286,0.0021608450293462145,0.003233143461967458,0.0
2024-07-09,-0.0009219107141729133,-0.0040154732921272585,0.0016957473442755777,-0.0018494611024283403,0.0009725174558432581,-0.004420026939339294,-0.00023860607794057298,0.004254267312504556
2024-07-10,0.001025475284506916,0.01411112088891553,0.0036603361122538036,0.002408814996486708,0.009895302962586339,0.0031401951790983595,0.007401927425620292,0.004013303845144867
2024-07-11,0.005121791475473314,0.002857429455904281,0.017733403441032136,0.005360871193010874,-0.008622712218225304,0.0097150086099147,0.02868001160817979,0.007772741655523774
2024-07-12,0.002751935104192471,0.010654216884446566,-0.0006270969301161999,0.0036773085382257875,0.006307676998422274,0.004276325207771325,0.00760339068214444,0.0046275331157143995
2024-07-15,-0.003455620704740592,-0.008825647583818319,0.0032271131671974818,-0.005495678256017267,0.0027501770468092435,-0.011496626684408762,0.006746125194399211,-0.01030931390747869
2024-07-16,0.0040794799190440045,0.004823039645229343,0.019925798233449088,0.0058025610966216945,0.005929978265895919,0.014107081713868874,0.012265748844469737,0.006427325462165179
2024-07-17,0.0007107221586313273,-0.005292309815625784,-0.004643206403117217,0.00045787226630422673,-0.014021057167003304,0.00021234680942194828,0.006843917307028935,-0.014534182457675016
2024-07-18,-0.002740268469912488,-0.00989862232164207,-0.006381186355259194,-0.004302059489710186,-0.007684973553924501,-0.007644075849885246,-0.008803219537175333,-0.00871513262217094
2024-07-19,-0.002035546697998658,-0.006123493062660468,-0.017937829186174925,-0.0036771209148440676,-0.006640511709623098,-0.005884361636303348,-0.0017988091262741701,-0.009693369733647983
2024-07-22,-0.00040805552731604244,0.010562251851589322,0.00031573231212611574,-0.0005535433913451682,0.010310033456212508,-0.0029055536452725628,0.01036165496594621,0.007739483166844474
2024-07-23,-0.000102034837821674,-0.005599212510455809,0.003516676143213937,-0.0007385925606842036,-0.0015686192777583097,-0.0014032068414309151,-0.0007804580925413473,-0.010390663293548208
2024-07-24,-0.0030612747380073246,-0.012637545076640166,-0.0035043524704835294,-0.006097533311515857,-0.022662481299962622,-0.010808278639449664,-0.014725539643283048,-0.010500038882556684
2024-07-25,0.002763682140109802,-0.006336308643184574,-0.01564473026582147,0.0039971190372161125,-0.00521043975767066,0.008194512795495212,-0.0032834953964423486,-0.002537397596587221
2024-07-26,0.0035725116040603577,0.012753426935692147,0.010534525866662925,0.005555153099746635,0.01119979757830425,0.007803404574948436,0.017494092176175702,0.011100938312466058
2024-07-29,0.001627327419728708,-0.0044074787539067906,-0.0014050562105476505,0.0021174725129475824,0.0005876626460252776,0.005376912948626744,0.0051356209553885535,-0.0034310140244139253
2024-07-30,0.0010154786787774928,0.0022766135629068707,0.009985461488319247,0.0008268810020028994,-0.0050665831857433785,0.003850742462274237,0.007775227047982947,-0.0027541685914291847
2024-07-31,0.005376412648371298,0.01413437384417593,0.018110725786084414,0.0057835351153989745,0.016254578387054686,0.010229314336474449,-0.0035270377305652856,0.01933261048190249
2024-08-01,0.00418986207064731,-0.026505726994490608,-0.003442943141866439,0.0033161177591589652,-0.014160710941008459,0.00862453842791111,0.01006525825801341,-0.016482314056448066
2024-08-02,0.011187250390821912,-0.01572295522589473,-0.0019046282784819235,0.009768866071877325,-0.01861860871987664,0.03116146825009536,-0.0005474396894659117,-0.010789752137347008
2024-08-05,-0.0007972946301445516,-0.021818073255074788,-0.012691935106198704,-0.0025314624406952424,-0.029123630844488324,0.005291021501601101,-0.028596480224983623,-0.02761653243633322
2024-08-06,-0.005985086041509824,0.0017258585053379072,-0.008000713832612472,-0.00652653374873724,0.009219641677138402,-0.022368221522977016,0.019738247595700642,0.006921166045246396
2024-08-07,-0.0030106020611787576,0.004771294945202342,-0.0006796279952806517,-0.004562058731874208,-0.006684062018611492,-0.007040118683941499,-0.006857667128678635,0.007821773388272169
2024-08-08,-0.0015098872711912792,0.01675262020861079,0.015688013635013043,0.0004582218987010389,0.023117262581360043,-0.006151828773462764,0.009800716281236133,0.021636813608822303
2024-08-09,0.0035284792921816965,0.0038919623749607,0.0024552612171107047,0.005130556589963753,0.004409689440790121,0.009861796201156459,0.004632189249698548,0.0025322332323893804
2024-08-12,0.0017076374295215135,-0.0009047039325327244,0.017144665770273848,0.0020964728366534846,0.0005254262704272872,0.003635945839650212,-0.007355472460165213,0.004362885496150604
2024-08-13,0.004011263973035639,0.017203593207084422,-0.001532358906807807,0.007003739689594113,0.016445503706120856,0.006934966045394786,0.008737105625937103,0.0075444111101679034
2024-08-14,0.0017977359671808024,0.003687744234373014,-0.008155751250824572,0.004425786584285163,0.003154843961062248,0.0062705701319885065,0.0026311803860261662,-0.006353300019944164
2024-08-15,-0.004187351026857078,0.012162613612239026,0.0031388449312386157,-0.003057212916918961,0.017140426177822743,-0.008070366445764865,-0.0007654320638873502,0.01096123365093482
2024-08-16,0.0024029029126677592,0.0055076286466873015,0.02238773852658915,0.0029767665084379225,0.0022419408233702587,0.003501655575715912,-0.0005469919155460801,0.010390936513958948
2024-08-19,0.0010985895041131233,0.012199622352044637,-0.0016380226467286318,0.002338185930338854,0.009561229101629598,0.004618200244060233,0.008321284998552336,0.010283804929404727
2024-08-20,0.0029932612898322386,-0.0030747888982517457,0.0036699887797402297,0.0026020139246782925,-0.0016261276804535596,0.00796827620630669,-0.0011943498127247043,-0.009736596822488508
2024-08-21,0.0018898172822727766,0.009252520713083134,-0.0013336178629832496,0.0022373443164520612,0.0034366489791337607,0.0006080290349534945,0.005327150129167402,0.004692590456969903
2024-08-22,-0.004070583868076683,-0.005867321787456081,-0.011975011209935604,-0.004107509033352108,-0.007848375887495873,-0.009926232668163726,0.002919776731070689,-0.011788238914908766
2024-08-23,0.004585538999329231,0.01832050032293453,0.011553425520716143,0.005738327414589461,0.010625309159478347,0.006547462945525773,0.021997065479300693,0.014404668674562027
2024-08-26,-0.0008928294887450283,-0.004467501448773059,0.0031893380775307456,-0.0012481243962769728,-0.0023839212131839815,-0.0025411054114578002,-0.00042199814845544914,-0.006434456223235019
2024-08-27,0.0002978757818636879,0.004608790071414237,0.002706671669018279,-0.0008032279952545629,0.0013730162248426492,-0.0017320253958523768,0.0014777022905407833,0.0011167194684187365
2024-08-28,-0.0008936823857136345,-0.0035011012440537836,-0.007026862307456638,-0.002054708143362838,-0.005805044917381652,-0.0012249131010295677,-0.0038995814589354305,-0.006468902626683093
2024-08-29,-0.0012920202920634338,0.0037557156466576647,0.005177980359189593,-0.0017009258544088413,8.938970873972885e-05,-0.003270135987722189,-0.0030684403406234795,0.0013471391713708591
2024-08-30,-0.002388236432912527,0.001569193647545264,-0.0071260085162319076,-0.0027795460686597107,0.009546034367994505,-0.010663749526465316,0.00965807451361722,0.0026905632582039374
2024-09-03,0.004222669558886949,-0.015787045259735732,-0.0043235765879541255,0.0030232040037176944,-0.02057895844636992,0.016355358923369145,-0.0005254296582000162,-0.015205793778966914
2024-09-04,0.00438410071360007,-0.004407912351746424,0.000607926500195255,0.006208403252230266,-0.0020468181220516524,0.01289013033527353,0.002839711844227377,-0.00045408354771081516
2024-09-05,0.002579315243181224,0.0002458806615843745,0.008332306942507639,0.004918086746110051,-0.002432296274036183,0.005656003313836644,-0.00325123080131573,0.0027259221808841883
2024-09-06,0.0012863796261970428,-0.018812042275562546,-0.007402630408956501,-0.00044481866155998695,-0.01683000667623169,-0.00010053094022988152,-0.0009469407366480276,-0.014499216379540103
2024-09-09,0.0014822792433111243,0.0100249439185911,0.004205876079289794,0.0022255170876759323,0.011196070517853984,0.00431902831395603,0.011163863272180663,0.006896455203303065
2024-09-10,0.003059118782893888,-0.0049628203376355096,0.004404097525005923,0.002753669098790379,0.00435586567199997,0.007000711631524714,0.014477531751669215,-0.0022829505541133166
2024-09-11,-0.00029498740276912017,0.005985107292888259,-0.001590555949419148,0.00044288104882994617,0.010258978389758866,-0.000794496112471399,-0.001950695877784181,0.006178375188628404
2024-09-12,-0.0008857785856541955,0.008180399663920479,0.017567284525531468,-0.000708238430294994,0.008423323398022209,-0.004671436519942618,0.004217645525256719,0.006595427104520546
2024-09-13,0.002068384426866743,0.0023358911181878828,0.009943683944142245,0.003101063182578301,0.0052226310157050815,0.0026962121075273515,0.010448717487477888,0.004518720099518481
2024-09-16,0.0023589999393116567,0.008095212645347072,-8.374817448153493e-05,0.00441672285422956,0.0014768605097230658,0.009162506052891262,0.003345532788005645,0.003823702165295373
2024-09-17,-0.0009807417199133583,-0.005596751469209349,-0.0055309113549146804,8.775165538343899e-05,0.0004086709349830908,-0.00483581267998312,-0.006971976675509639,0.001120382285059618
2024-09-18,-0.0031409322759174962,-0.0031811983533035493,-0.007710465405288858,-0.004132968962504924,-0.002965931032031688,-0.01239595794227688,-0.0012208270916654884,-0.0035809944162692453
2024-09-19,9.849564373043407e-05,0.019761893385291662,0.01554075728197235,0.0008830900172083211,0.017064510900899554,-0.0033135157166580553,0.00020365134692013065,0.02088958368086513
2024-09-20,-0.0008861354092043472,-0.009869994393691961,0.012710660066880486,0.0008822391713332323,-0.001728717035514804,-0.003828347571071755,-0.003972201823772226,-0.0005738581827794409
2024-09-23,-0.00039421373978254515,0.00376840176473503,0.0019404068737312041,-0.0014102524710036812,0.0024988883773886528,-0.00212374889917899,0.009919167491041714,0.008169548419004524
2024-09-24,0.0013804114121849231,0.005934381600089633,0.01396907347432852,0.0016770488244126636,0.002861370368871796,-0.00020264920469026393,0.0014176345033976023,0.03482262277970327
2024-09-25,-0.003839541356286724,-0.005417779238008458,-0.001381767735031958,-0.0059041664199317445,-0.0022056278051612033,-0.008312274923339524,-0.006673475002224594,-0.010158822745192864
2024-09-26,0.00019763192189681256,0.022031274149018953,0.005086884066794806,0.0,0.003964710640578684,0.0023507662274053764,-0.009059461328793317,0.03185805338684089
2024-09-27,0.0028652957390264966,-0.006040535682961812,-0.007935830791900744,0.003989044371734973,-0.0014503104645270382,0.005201314883667152,0.0012741228493942103,-0.00020724408021610685
2024-09-30,-0.0022660242955542254,-0.0034556268591114936,-0.007999374253898295,-0.0024721895712183084,0.0040072655540939195,-0.004768362491339606,0.007862623177037786,-0.00829006521876785
2024-10-01,0.002644631730295721,-0.007413625823802672,0.010491249392624136,0.004805958948941758,-0.00895843905001259,0.007219847046472827,-0.006466882467745738,0.0075233696012417806
2024-10-02,-0.002074576142017115,-0.0020479557832991935,0.00020358719772617384,-0.0022102180084202505,0.0004220218475032844,-0.008427112496081968,-0.003512691008674018,0.02074265165167999
2024-10-03,-0.004058419540044711,-0.009294951471537027,-0.0006920058878576718,-0.00646815552296065,-0.0018282077257869567,-0.009420470080488297,-0.009123885672600807,-0.01503746684431384
2024-10-04,-0.006460649028246834,0.005848635829067472,-0.001996030315693287,-0.005440299021500006,0.009087399438999277,-0.012300985023263378,-0.00481313155387475,0.012172432734097294
2024-10-07,-0.003401224640247391,-0.005572537986329618,-0.0033877625757333663,-0.005110991761228201,-0.009040490210560193,-0.007535299476683077,-0.008832041623395237,0.008764786023670368
2024-10-08,0.0017062952226314376,-0.001583526407637259,-0.007371925565205384,0.001982819311768358,0.009457535807176232,0.0016871205268433886,0.002015532988810742,-0.029298820645749846
2024-10-09,-0.002605656487566055,0.00024402838977621855,-0.005446185963701722,-0.001978895519516355,0.006926406739220514,-0.005684601041159643,0.0010587131943329275,-0.006869369350522736
2024-10-10,-0.0006024104167831057,-0.0012199419770348996,0.007342892553628744,-0.0010816373112406685,-0.0017500186263561535,-0.003917467542701503,-0.008883328241937716,0.002095994809724999
2024-10-11,0.00030142716187553376,0.005129603762394241,0.010913408354139564,-0.00018050461082996794,0.005988305371525726,-0.004039100993424416,0.011310320978634936,0.007111527183625288
2024-10-14,-0.0009044935861640679,0.0029161456540933717,-0.001629502157067031,9.030513051500044e-05,0.00817851862154284,0.0007469465668286102,0.006013893602891063,-0.004776835154688186
2024-10-15,0.004023745555387981,-0.016598046721211346,0.003468359323146597,0.004872676149602517,-0.007769884595343557,0.012157363577266045,0.01206084446567135,-0.02003340606743509
2024-10-16,0.0013024865359267945,0.0025871868039066825,0.005001609209081437,0.0031430336206885734,0.004346414969082613,0.004214629890885835,0.010984406814984915,0.009369805746196613
2024-10-17,-0.00490299862490895,0.0001228345852191115,0.00598831083503093,-0.007430010633351136,8.586898669693532e-05,-0.015842876669376893,-0.00789258890210498,-0.0031645540098217406
2024-10-18,0.0007037409703141151,0.006757729583152683,0.010618185005034864,-0.0011724223939175715,0.003846642858776894,0.0007462363637522618,0.007438887936256355,0.012275137802951086
2024-10-21,-0.006933138975037223,-0.01183802023867242,-0.00019900127714245208,-0.01020328273238258,-0.0016421835338826796,-0.017470977960451273,-0.019587842851909176,-0.007108553040198862
2024-10-22,0.0002023069990821913,-0.005681178551241062,0.01078732362833379,-9.099004331114546e-05,-0.0005312381064610516,0.0009757415570081918,0.0014644065707183351,-0.0012634566042949436
2024-10-23,-0.002529138957040322,-0.010060799563204603,-0.012050555849465017,-0.0033758014333861164,-0.009137393474173527,-0.00270813067166209,0.007311576974348588,-0.006325105221364646
2024-10-24,0.0019270519080658577,0.00564618241748982,0.007693259346016168,0.003021046383508086,0.0021626252602648943,0.00640823091902476,0.002177560056824124,-0.0010608091781104667
2024-10-25,-0.0020244586360727013,-0.003368629255307898,0.0020569789010425055,-0.0023730268801671617,-0.00034529045955400406,-0.005611834949870387,-0.009415562953131729,-0.000849668090664002
2024-10-28,-0.001623047932733157,0.008011943763476692,3.945407605776552e-05,-0.0008233806021099577,0.0030914598515230374,-0.002713333427521891,0.0031335927210869308,0.0031887726216430767
2024-10-29,0.0011177819339791562,-0.0036015425604246643,0.010894858433216914,0.0011903158488058008,0.0016182517462077772,0.0015235831578550574,-0.007184532435184132,-0.003814381043692361
2024-10-30,-0.0010150011560052796,-0.006481349845933182,0.005505891218995584,-0.0012801153806714094,-0.0030251928646983783,0.0029340258436763023,0.00440482212105886,-0.0072324630856035466
2024-10-31,-0.0002032717942263007,-0.006147206575242037,-0.015495166963743978,-0.0020146330741279694,-0.01960308208060202,0.0016250901087981884,-0.016915530274562385,-0.0021427882346050087
2024-11-01,-0.0039749756657055935,0.0020195467536094913,-0.0041023758773532926,-0.005478553949379017,0.004220505791672879,-0.014098316954870627,-0.01104615689440891,0.00021485117995068137
2024-11-04,0.004195619487972202,0.0007558793305397771,0.0014259144001700363,0.007406723563784023,-0.0021538996042558267,0.015521543648874703,0.010954827855346183,0.0032201767942907633
2024-11-05,0.0023439916529635063,0.009944641973630652,0.002254447895034817,0.004778929293258738,0.012091723159443069,0.005311814463163644,0.013279416262625965,0.014551598274860078
2024-11-06,-0.007828426178478676,-0.014458441888289153,-0.030386729020158154,-0.010427172499165471,0.02486554887013992,-0.027388459153267375,-0.02128329134207907,-0.009491660859197837
2024-11-07,0.007582532233478156,0.015176349146694301,0.016076503855530166,0.011831086654993994,0.007732283254903383,0.012527854840267416,0.011997880209539957,0.021720749896056102
2024-11-08,0.0017289387125360989,-0.013828173139049604,-0.006769426092267161,0.0034712053267105247,0.0043315951055544755,0.012701167553784032,0.014925419936075546,-0.02480202783021701
2024-11-11,-0.002233444840207266,0.00025255880213470583,-0.02347155656813127,-0.0019116580442540831,0.0009530275793814269,-0.004865443389373003,-0.005006243086490447,-0.005770527250719137
2024-11-12,-0.005799887221924482,-0.018565364904384207,-0.008631355179477884,-0.009029447356380893,-0.0031064718923277113,-0.014993392800030092,-0.01383637411299754,-0.016981894303867207
2024-11-13,-0.00020439138958838754,-0.005919406032972363,-0.010081225320474285,-0.0037737675928227743,0.000485795868576,-0.009485811237342823,0.005527016658576356,-0.005248243970426669
2024-11-14,-0.00040960437383663617,0.0020712561469680146,-0.0026091417886487944,-0.00027711352352755014,-0.006430142235875125,0.00579046584592513,-0.008985194449012246,-0.0061552113969987055
2024-11-15,0.00010238152722230609,-0.003617206096831027,-0.0017720694429753658,0.0004621578529633297,-0.012808597820888501,-0.0026572533120869934,0.0005334083031329762,-0.0019906727892510245
2024-11-18,0.0009216675291918719,0.00544540281660133,0.019020246289590537,0.0018474048511236685,0.004097434660641497,0.0017760133442985548,0.007249495341780543,0.008421907186712652
2024-11-19,0.0014321207934677727,-0.0012894239247630557,0.008959325127211537,0.0021206983911821187,0.0036553237644714187,0.005097577659386454,0.004868659573804557,0.0015385309953386272
2024-11-20,-0.0010215506849701184,-0.0027114517105011338,0.005632045702723465,-0.0023921766937459177,0.0003388210162236227,-0.003197236797027214,-0.0012639314542346458,-0.00021938949733868451
2024-11-21,-0.0005111747804057432,0.0002589405257062971,0.008339500390982302,-0.0011989936637482046,0.005368305278844021,-0.0007743758600090578,0.007382348595191379,-0.0035118845731545445
2024-11-22,0.0007160106991799253,0.003882998719213715,0.012892210445830665,0.0009233240290775768,0.0030993960889811323,0.0005533121570788779,0.007537708870097193,0.00022021099524915932
2024-11-25,0.008997212127992649,0.0051572369652173045,-0.029458856541118794,0.012453934063362704,0.0033921738098128262,0.025888052757662594,0.013923585082322276,0.00044050207676016306
2024-11-26,-0.0015199450887875,-0.005772097692085643,0.0019383092584315254,-0.0025512975613599664,0.005221465631339628,-0.0038820723202820373,0.003996724313895861,-0.0052829010641989305
2024-11-27,0.0027399033184754007,0.005418602127758465,0.002222714763140843,0.0036538964651955386,-0.0030301626777003987,0.006928542464770704,0.006430413838117932,0.003761962176846101
2024-11-29,0.0039468962751800785,0.013345276657020566,0.008624546377060671,0.006189325726079442,0.00621221866016386,0.010321432077257331,-0.0044623064818137825,0.004629572188854736
2024-12-02,0.0001214550214665433,0.0027859470287676658,-0.008754403389975018,0.0015702145400391387,0.0017923129824746198,0.0024027682387295357,-0.014568010489032779,0.005047105227477422
2024-12-03,-0.001921162493462747,0.005682443454731345,0.002012776164397767,-0.0035345660464242146,0.000463853790493296,-0.008628855198392515,-0.005065795164054365,0.004148696544619579
2024-12-04,0.0032418361905155457,0.0007534116240419664,0.003033679807253664,0.004820480850386444,0.006209516895420153,0.010745763308609435,-0.002701526569656054,0.0015220509901503476
2024-12-05,0.0002020003599718656,0.004893337995186764,-0.007397709454119217,-0.00027157312663117494,-0.0016457068463852087,0.0020198392990651293,-0.00239636901046425,0.006513149838927701
2024-12-06,0.00282678891629784,-0.00012491307839934684,0.0003705687954560499,0.0022632146353334104,0.0018957847437637287,0.0014854550401053324,-0.0014621123836470185,0.00043147536480314663
2024-12-09,-0.0029193952503249188,-0.000624343349233003,0.009919751769426055,-0.0025289923044499174,-0.005149668320054368,-0.009217192073612934,0.0028240007911624065,0.02436385698808241
2024-12-10,-0.0012118796131854737,-0.008996581281097815,0.01316431251835759,-0.001539677661524741,-0.003109155722253454,-0.004704622797670588,-0.014497421308427016,-0.01852241695673207
2024-12-11,-0.0023249821266998483,0.006304351843893885,0.009533812345188464,-0.002721178023539661,0.007730680288764447,-0.009454498269702127,-0.0023282433337109554,0.0017155632362213513
2024-12-12,-0.00405319721206443,-0.008770878671569116,-0.014663722649505995,-0.005638908210735538,-0.005152533493864686,-0.012147517061378843,-0.0015911432051815,-0.005994360041478242
2024-12-13,-0.00376437007837227,-0.0027809156650318023,-0.012091578404740733,-0.005579482774975664,-0.00019869600874267146,-0.010210791549716491,-0.0028686221579816706,0.00043073828021755745
2024-12-16,0.0009190205030709109,-0.003295720224015586,0.002415209844427002,0.0012878576234056638,0.004270044418101415,0.0029951225369719836,-0.003516265650466033,-0.005166980068736171
2024-12-17,0.0,-0.0015855670915931874,-0.0038386247250202787,9.164995771993034e-05,-0.004120063778329963,0.0024330476704157444,-0.0048117962375598955,-0.002380209214135176
2024-12-18,-0.007615431853878474,-0.02453191025671375,-0.01918507783771317,-0.012397751540017543,-0.029803405042948095,-0.01250436788159337,-0.04125923219676497,-0.023210459644255832
2024-12-19,-0.002578619910013069,-0.0031767641437756566,0.0014210967336203417,-0.005413562821360407,-0.00030711430390684136,-0.015141398553715324,-0.015465705569990496,0.004219369731646383
2024-12-20,0.0026884278409833318,-0.002788474654522921,0.010434056495473909,0.0039414052488868645,0.01201094914470513,0.005694250643411225,0.016846841427982984,0.005571370877088144
2024-12-23,-0.003093746469919112,0.006524599564907474,-0.004708795377563968,-0.002897627592214125,0.005988205350786702,-0.009172209393088049,0.003910899674524959,0.004279320475097714
2024-12-24,0.001137825436644757,0.00357191654837119,0.001992014086009908,0.003093501304098023,0.011115114674397741,0.004228541839187638,0.0066426090629274626,0.004036878472431615
2024-12-26,0.0007233599700455784,0.004745569772021563,0.006751179863859091,0.000934524581395646,6.654786640147847e-05,-0.0005692546587526826,0.0026842974585068458,-0.0024571549712016916
2024-12-27,-0.002065190141337103,-0.0014430626311368044,-0.0068705038771271765,-0.00420150907255179,-0.010526494146641974,-0.00819845648036499,-0.010039145245515968,-0.0035825755450415997
2024-12-30,0.00393218747490387,-0.006569562766656545,-0.0031896811646235923,0.004313055460158921,-0.011411663108467862,0.008036897651704678,-0.004957675524925875,-0.008763980444357555
2024-12-31,-0.001236897042432794,0.0,0.006233636577161361,-0.0025207447427143537,-0.0036380105014562902,-0.005353145910512724,0.008719338513371921,-0.0015869755879480696
2025-01-02,0.00010333931381545369,-0.0034386593012065703,0.013587714119632333,9.37273742118716e-05,-0.0024569897718673683,0.0027480907360002416,-0.008868466684944565,-0.0027248029259456796
2025-01-03,-0.001031890026133575,0.004379592510488806,-0.007864039973028869,-0.0023398907856032602,0.012503323188871374,-0.0031972127612636125,0.013138462190636968,0.005009061317566843
2025-01-06,-0.0010330381451225668,0.009513713043050709,-0.0012320959587239777,-0.002532804602951355,0.00576062501545227,-0.004468002531150206,-0.012856296905666587,-0.0002264932145407128
2025-01-07,-0.0035157478176272017,-0.0007854586104995009,0.005633435188264313,-0.004608340760753671,-0.011304033954420367,-0.011277256961065185,-0.009513099122785862,-0.006344936676491275
2025-01-08,0.0011415799496237167,-0.0015718415430525656,0.005315681488123669,0.0016062248954034075,0.0014610514954822573,0.0012803548944153587,0.0026298183833244337,-0.00638536245126875
2025-01-10,-0.00559718947528387,-0.015219080317388722,0.009558310004399662,-0.005754123515211429,-0.015267486638264827,-0.006625769769075807,-0.02440421153909622,-0.017443181418924425
2025-01-13,-0.0009379497886149446,-0.0027977621692653054,-0.009951255605703757,-0.002846360600878617,0.0015504728649695654,-0.00035092261571301187,0.012273576260241281,-0.007241348578998386
2025-01-14,0.0003129157729231391,0.003607230000396866,0.005249423200524461,0.00114190091095967,0.0013758993292889432,-0.001638838007483101,0.009122437416240858,0.01200003250965076
2025-01-15,0.008656703704758462,0.01277958430742876,0.007488993695735191,0.011974951449761573,0.018189971941751093,0.017235202048093035,0.005721437365164395,0.010462619843878418
2025-01-16,0.0021714259376013345,0.005126227935896122,0.006910965874952435,0.0019721454486798518,-0.001923040863055725,0.003227523189207826,0.020707807649067433,-0.0004601644363066981
2025-01-17,0.0,0.004053798784263485,-0.005307269747253374,0.0008434557914807073,0.01003985003527852,0.0017232215733002931,-0.0006688522735408542,0.008287224924040215
2025-01-21,0.0033015763302273182,0.020187570918016817,0.01548521901629396,0.00580641008347027,0.009153558329547007,0.008946163106254179,0.018739602168542424,0.009360816342405487
2025-01-22,-0.0023651377081027603,-0.0022979127107924935,0.005135652699768123,-0.003165862775367345,0.005621414808230085,-0.00522931530133286,-0.01740953713889304,-0.0009048047074349252
2025-01-23,-0.001649502773745981,0.008189331603317251,-0.0014148699521492336,-0.0014010761587854859,0.0054580234910577285,-0.007770348556862761,0.0073546512244380136,0.003848746997804131
2025-01-24,0.0016522281286270868,0.005584470316285062,0.006218705580030903,0.001964288671455483,-0.00291922708791581,0.004491396265762226,0.0034290823869214115,0.005412911794395292
2025-01-27,0.005566364157994164,0.0,-0.0104048052682425,0.006908348298616751,-0.014145337846320327,0.01180937888157163,0.013339284632509552,-0.016150869529117817
2025-01-28,-0.0003075442254960592,-0.0012621720310058704,0.008656417783572623,-0.0013908325669617083,0.008592433334178251,-0.0006799283976749448,-0.012075709400373391,0.005699999534635403
2025-01-29,-0.0006153592995531421,-0.00012632678071833325,-0.0038404097330004827,-0.0012997993626252535,-0.004483069967741948,-0.0020411730445425436,-0.013214396517119864,0.0006800306965963898
2025-01-30,0.0014366407924311098,0.010995813510922936,0.01514551884715587,0.002231063662840871,0.005367134535447349,0.0037496682433439954,0.0127218449528963,0.015405629161157064
2025-01-31,-0.0020491084645102298,-0.009376103354276077,0.0019763991077348386,-0.0032464844860545794,-0.005321845992555918,-0.006565522931835321,-0.0022039282401733473,-0.00937092879589918
2025-02-03,0.0009475082551473335,-0.011736569511126893,0.005337271410283728,0.0015784321151184333,-0.006729584200247607,0.008141893896601138,-0.0020982820201024266,-0.005855842435855019
2025-02-04,0.0018523993380414883,0.01162065327930284,0.00984841707528572,0.0019582263407158518,0.006708340788422751,0.003062717628899314,0.0007746998542654815,0.016085286655752595
2025-02-05,0.005341635245322829,0.009719601855422422,0.006209542410714253,0.006980092599402132,0.0040544370591000245,0.016510206520902404,0.01404402532433413,-0.004459291342614025
2025-02-06,-0.0010216330370005355,0.004750684166091812,-0.0026502562908058414,-0.0018485638330677512,0.0034756526992263392,-0.0004450592569931189,0.0025080484280597393,0.004703171836668574
2025-02-07,-0.003170763829094758,-0.00945624710993842,0.0017841598670260694,-0.004351778559724684,-0.00915340151314159,-0.006455123702873933,-0.0032633295535881013,0.000445891004148935
2025-02-10,0.00030770598351370637,0.006783096455341697,0.016938239196991,0.0002788861094304984,0.006791094168009604,-0.0030247242522970508,-0.00043650054982280473,0.010026764275840039
2025-02-11,-0.0022565488254862043,0.004741101339857945,-0.0036516022155236305,-0.002231060512173255,0.0007605024686467843,-0.006404285059334103,0.004367257963012294,-0.004191611011016727
2025-02-12,-0.005243177177449043,0.0037252919988550737,0.0010471549570203464,-0.005404479922934247,-0.003221390432377569,-0.013570054982943058,-0.009240026304762727,0.004873768449346949
2025-02-13,0.005994069802441215,0.012124147374243499,0.009862831092105617,0.007775821354875312,0.010557367774221671,0.016622561095962496,0.009984645565571881,0.005291019484371384
2025-02-14,0.003698654677526614,0.0014668411885063737,-0.014871773334245608,0.0039044378123038737,-4.911956969233522e-05,0.005300058928493723,-0.0045628598814886345,0.006140309876736749
2025-02-18,-0.003992056326801441,0.00720116473259913,0.01656090548123368,-0.004074409209555929,0.0029358740370573067,-0.0117779250276705,0.0044746498671071055,0.004795159206831379
2025-02-19,0.0014388272188476936,-0.010300490093229642,0.000554096378723612,0.0005579653487042258,0.0023548915123019487,0.0012484862138586461,0.0007604731112835772,-0.0028199925208893806
2025-02-20,0.0015391763363157285,0.0046529597754922936,0.0005168326664386491,0.002416056465046612,-0.00416021623089835,0.0037411497739461286,0.004777000837201895,0.010659182799400702
2025-02-21,0.004303168101638555,-0.0062157915970472155,-0.0009225433005247696,0.00352277944908419,-0.01710423695213248,0.012084947629072751,-0.009832614563685338,-0.0012913524249038577
2025-02-24,0.0017345961812984534,-0.0006131591691233007,0.005429568123388684,0.0025866317761287227,-0.004550438235332854,0.002901613250712476,0.003928422073128601,-0.015301819798643868
2025-02-25,0.0062124347592544815,0.009080944000813052,-0.013188334192659745,0.007647573523371198,-0.004973054307366054,0.017246844733517896,0.012282581161525918,-0.0004377909836705829
2025-02-26,0.0016194831337030813,0.0013375924105396564,0.0015263333689308212,0.0021031752143119142,0.000504623078982247,0.005907005383337216,-0.004187758435543865,0.009634416779070287
2025-02-27,-0.0015159308628419632,-0.011294510739948471,-0.015239958822878874,-0.004197449468037018,-0.015961873226504664,-0.0070683987871204,0.003989645953443421,-0.017566819837136483
2025-02-28,0.004453048127140091,0.0020881864440949194,-0.006265820058134697,0.004398364850413339,0.015605643156610283,0.01226585609536901,0.008484707062612173,-0.012582729697463768
2025-03-03,0.002162816596797734,0.0110321303665315,0.013180390342641513,0.003159546732810714,-0.01751996351713747,0.004666860529895178,0.004685768582414873,-0.00961320261481502
2025-03-04,-0.002521150569272934,-0.00024258340984328886,0.008697635934455272,-0.0032864333719044847,-0.011836812583395306,-0.012314762676481905,-0.011553964083621637,0.008577960227829973
2025-03-05,-0.0034376005805434318,0.023890488988381975,0.0020813110966888537,-0.003205864933138347,0.01074775934465011,-0.007984475495230736,0.01115295691497864,0.02976707697348968
2025-03-06,-0.0010144805198556428,-0.010304541708647585,-0.005081207410422395,-0.00312411155497494,-0.017751051262998363,-0.003307611554029033,-0.02566563378448139,-0.005216271723872734
2025-03-07,-0.001218645011647923,0.01041183085394537,0.0005219558189655249,-0.0015669144597223461,0.005604800584319891,-0.0032078367024335197,0.005986720995203809,0.004151230833167041
2025-03-10,0.0047788768240155655,-0.023569844488444125,-0.008755937163287819,0.0034158723875707953,-0.02663549477866589,0.01043161791309255,-0.00962997619339534,-0.022410796304121794
2025-03-11,-0.0035418189880139783,-0.003396473644834863,0.011727541035094546,-0.006532305931721827,-0.008313009339123156,-0.007138986697274197,-0.01169009948080768,0.007122180448664528
2025-03-12,-0.0029450052301653873,0.0071811018229896995,0.004346793335703092,-0.002963494275084577,0.005306540701307094,-0.00597337078021587,-0.003095286181827639,0.003535950229698326
2025-03-13,0.003055691879662481,-0.006646508427288755,0.017756144523255468,0.003157914640359749,-0.013330354409111678,0.008791419264952083,-0.019738265761608864,-0.003083000898182142
2025-03-14,-0.0020308952764959143,0.018369744976381552,0.00039975774946587883,-0.00046290048125596783,0.020655675212473135,-0.0052950972753231795,0.020022597361871064,0.01789277893424024
2025-03-17,0.0013227240711959354,0.011229268615942978,0.0054135329342379634,0.0020380147539686977,0.007711389808988445,0.004990535237371585,0.01707878171767474,0.013671654392843013
2025-03-18,0.0010160494339153114,-0.0001180890595013917,0.011671955843306048,0.0024036374561653417,-0.010808406010539895,0.0009932909892775843,-0.0052337832007421925,-0.0025689661228569527
2025-03-19,0.002943970068125523,0.002953695499080533,0.004107707999658539,0.005902244307827154,0.010890731106491858,0.005181221427313254,0.0012056394478343613,0.0015024162253201023
2025-03-20,0.0006073673248228051,-0.008363783678217995,-0.0012805854303336028,-0.0014666478861081744,-0.002891765773723187,0.0006580398464870463,-0.0006569164306284847,-0.009001226510803928
2025-03-21,-0.0012141573175379339,-0.0061771686387502855,-0.008049901213267985,-0.0013775358776653146,0.00032989533112393055,-0.005918464033219162,-0.011064855523245543,-0.004611141967503785
2025-03-24,-0.003848197072291115,-0.00011958092270569765,-0.004452548665506595,-0.004321311881969936,0.01790857697164272,-0.01025346440662167,0.015398413391391363,0.0030448425208198238
2025-03-25,0.0009148449576217299,0.005499113096555597,0.004400365088198743,0.0010157712195071333,0.002403769329945238,-0.00011135165507680789,-0.011220463892098853,-0.0010841062759133768
2025-03-26,-0.0024377048827366465,-0.012959230524020371,-0.0008259812019960622,-0.004059181970849979,-0.011938136732721816,-0.006573135023871579,0.003901440335968953,-0.006077703050920591
2025-03-27,-0.0005090592985225184,0.002168098136851926,0.013405732882559862,-0.0012039725052924721,-0.002655665171794719,-0.002915782097217323,-0.002553812604380812,0.006551686458968753
2025-03-28,0.005806763518576785,-0.008894209764492733,0.007412123023167849,0.006028003943253424,-0.020138369798579414,0.013834095772295552,-0.0013358772289595588,-0.016923439218547554
2025-03-31,0.001924413227004429,-0.008852705504443392,0.014363222998346137,0.001935843100022927,0.006712770962271408,0.009873586325232386,0.00925200958036676,-0.0011035731816485539
2025-04-01,0.0037019896715286826,0.0014681801797900018,-0.0019782303576065807,0.003574123239468374,0.002824480385528405,0.008665592654820475,0.0004418583119816244,0.0033142039291518266
2025-04-02,-0.001111439671258596,0.0023213152523562375,0.0020516615880092903,0.0023008766980283646,0.0063283192754013395,-0.0006557115443828199,0.006071936937744882,0.000880862580429076
2025-04-03,0.0052604102866418145,-0.020965298958337875,-0.006038278082531101,-9.178888091898596e-05,-0.049280731244662146,0.004593598664473841,-0.034127088985165366,-0.018041661148686106
2025-04-04,0.0009058240487955782,-0.06598622001073562,-0.02339226273628292,-0.0011020768595138009,-0.0585430179907348,0.010887214778565912,-0.043399200378659075,-0.056016301849553196
2025-04-07,-0.012668633136805219,-0.02412678014662506,-0.02148580630415131,-0.01948876277632472,-0.0017811549348305533,-0.030156075351943867,-0.02624693128463962,-0.04035131104554812
2025-04-08,-0.005193277406718488,-0.003414844757705482,0.005443793790763651,-0.012656983167864788,-0.01566283891938358,-0.018878427250828667,-0.02683263308452799,-0.013356263629087817
2025-04-09,0.0022519385506283296,0.07716546229776022,0.03699125081478161,0.016712432549042644,0.10501940700140122,0.005885670292236744,0.059656666883735276,0.06517918685581647
2025-04-10,-0.007864478092248106,-0.019722534343853293,0.0244235794430141,-0.016998211909941885,-0.04381916391528795,-0.02756841879628391,-0.022826794392867833,-0.0129443270735633
2025-04-11,-0.0010293599692263733,0.025052037458969778,0.019086664805096243,-0.00018996156966055722,0.017842818186459386,0.00543855433144369,0.012224602078182434,0.02765854045286753
2025-04-14,0.005873901339579435,0.010763533969448957,-0.005705977012200658,0.006176956475329565,0.00970153513184413,0.007135609753430527,0.020686356088046587,0.009280827105462963
2025-04-15,0.002048968323854261,0.009020268230071515,0.005232379352138938,0.0053834116227435835,-0.002800832552786514,0.003542300599020942,0.0030460469203590357,0.00022986234580746334
2025-04-16,0.003169447186801344,-0.003849042949157666,0.0325408102664011,0.00422744156516397,-0.02222807288371853,0.0055795892049086415,-0.0007009191152541616,-0.012640785368181029
2025-04-17,-0.0025477773532954773,0.010843881864851745,-0.004390692094044635,-0.0014033139787945625,0.0014267883196374953,-0.008832460203497594,0.014960340845626474,0.007914378778449693
2025-04-21,-0.006028599358315456,-0.005425405857988452,0.03093558529908469,-0.010772870217701347,-0.02380260949430768,-0.01747978264403205,-0.020842881971198546,0.001154710882617982
2025-04-22,0.0018503271480181382,0.020704239012552694,-0.014195668551963636,0.0024621407324627587,0.026017642137553088,0.005581483901746953,0.019404868146219334,0.015686262803991102
2025-04-23,0.0024626272354033585,0.004008287050212278,-0.023978630729734163,0.0044397951047991935,0.015495424213525677,0.009713244414431221,0.0018458681529474052,0.009765994621489416
2025-04-24,0.0055271180507983075,0.013307488624268338,0.014556277018207942,0.010251103347791446,0.021049069381725127,0.01053586884989044,0.0036850247863131624,0.012595671407098274
2025-04-25,0.0036644912912360272,0.004297981023484887,-0.010841679678267213,0.005306234325732406,0.007225181113781787,0.007366416737767834,-0.0017210668597373857,-0.0033318718179596862
2025-04-28,0.0027384537965973177,0.006657094263744501,0.01424210344049559,0.002315152032620116,0.00038138168625501123,0.0062998123897912706,0.006206233873263578,0.002674478151670323
2025-04-29,0.0024272676837238105,0.0020075492361879554,-0.009738925467677184,0.0023098044840739185,0.006299396001456126,0.008384605437075088,0.005368271685468828,0.0035563429875093977
2025-04-30,-0.000908120796849099,-0.0011785727191009343,-0.007482221012837353,-0.004700961351853494,0.0003968426298504024,-0.008092987148688557,0.0035219293067392243,0.002214794220934735
2025-05-01,-0.002725485261608429,-0.003185761296436218,-0.02077228754256477,-0.0035148638400157584,0.007086820658539716,-0.005070681135836086,0.003283156522007946,-0.0004420319431120978
2025-05-02,-0.004876395695034508,0.019176124538409,0.0017481999132260562,-0.0024258620213676307,0.014844271409002019,-0.010824198651653627,0.012299712189232315,0.026752201535719555
2025-05-05,-0.001735687019915444,0.0017421473273659949,0.029867754776654154,-0.0014031037425226156,-0.0057343194259684704,-0.0055854277675886355,-0.00222938197884881,0.00796732686726842
2025-05-06,0.002454566531217006,-0.001275340638262179,0.02802400275899264,0.0019669427106503434,-0.008358391135077414,0.003324307921119374,-0.007708601364556644,-0.004913413186594107
2025-05-07,0.001530187411883821,-0.0033667219805939563,-0.014993060801348546,0.0020567511680689154,0.004205552130898571,0.004227053793164126,0.0011259046074869605,-0.012451727091545406
2025-05-08,-0.005194912472424429,-0.0034943494226080674,-0.0196942722998793,-0.005037699388539596,0.0069677939758885366,-0.011149161553579257,-0.00393619016724811,-0.0017392994384186622
2025-05-09,0.0010238585184425553,0.00490931770007208,0.007254674259445482,-0.0003752112320133394,-0.0012741318546691804,0.0014957465473313114,0.0066615079142127165,0.007186555675824824
2025-05-12,-0.0033756390058836683,0.005118161587095216,-0.028190568373488878,-0.00018760202941736637,0.03304739524694744,-0.00930507032178074,0.004934877279062055,0.02248646789854214
2025-05-13,-0.0010262756404585405,0.0012728876754128926,0.004258992599597278,0.0008443305281258251,0.00660390698601776,-0.00405840376708555,-0.012723278675140559,0.001691688207319686
2025-05-14,-0.0028768468324894547,-0.004854278485378116,-0.021037827999516923,-0.0050618573253493615,0.0012780408102288643,-0.006636291355012647,-0.009834905997293641,0.008232990169979137
2025-05-15,0.005667062105229492,0.01091746882201483,0.015963953531585195,0.007160444731037385,0.004884346213138491,0.00879032648027378,0.018266908158448336,-0.0016750406383315708
2025-05-16,0.000614934404179035,0.0022977469297174036,-0.012087047232674286,0.001870783255796038,0.006334031066959067,0.0026722997257677683,0.012445335337902375,0.0010487186216061595
2025-05-19,-0.0003073587065186567,0.009514029513736144,0.012880671121226372,9.355603008032176e-05,0.001093839786922457,-0.002896804967904898,0.00022147287283269534,0.004190233392015408
2025-05-20,-0.001741215349641445,0.004768934576947048,0.0186222454642182,-0.0024275886981039996,-0.0033621824491902874,-0.00720525200414035,-0.005868079190826214,-0.0020863333954548313
2025-05-21,-0.0065667066112360395,-0.0058763924228159015,0.007378683875855163,-0.011137138370292177,-0.016850800787671538,-0.017089861063505407,-0.026617558655002926,-0.002508965510004346
2025-05-22,0.002891919490155992,-0.000568341466955169,-0.008861493387459118,0.005110797413575785,0.0003947341596941545,0.005239831058286848,-0.0045766097184301024,-0.002305615105202108
2025-05-23,0.0014417497416689962,0.0013649030452365096,0.021906288045034472,0.0007532308917528319,-0.006825879106329036,0.0016585370594766058,0.0010343407442290342,0.004201759934901794
2025-05-27,0.004524920882975403,0.014538852055303364,-0.016949152542372836,0.009032784123964577,0.020790708617201226,0.013956151537845907,0.017453239147715127,-0.0035565439629604567
2025-05-28,-0.0018427290634822624,-0.011531569023797816,-0.0022660178699712707,-0.002424425591234236,-0.005785487966141312,-0.004315714650490299,-0.0010156359753745736,-0.006088574404063629
2025-05-29,0.0036922619653980693,0.004417210662095661,0.0059247154716217665,0.004486729052245453,0.003947421349072666,0.00925493375134212,0.009037585702160955,0.004436053562306919
2025-05-30,0.0024524796437686014,0.0014659282401794371,-0.006576942326457891,0.0028848676931381156,-0.0011185408050885526,0.001508932037074695,0.0,-0.01156686512267524
2025-06-02,-0.002628465816207348,0.010697063323739098,0.026581051258171673,-0.0028312533058070244,0.005633124573352966,-0.009306558531752551,0.001343416809476361,0.007021333895758541
2025-06-03,-0.000717655662452521,-0.007575724895507174,-0.008855551213511115,0.0004670728678457525,0.005702431110772288,-0.0017614066446172139,-0.002012597205180433,0.002324043318404412
2025-06-04,0.0059516739027598575,0.004490341892799066,0.006441974072654677,0.007281599528830229,-0.00026833243476054314,0.016233146693795497,0.0028008426093877326,0.009907181903054063
2025-06-05,-0.002550337854653084,-0.0006705535754025771,-0.00504987891618125,-0.003058370205802019,-0.004832933206135648,0.0006946769965754385,-0.000781996439189081,0.00250485830383651
2025-06-06,-0.005113557222268805,0.003578508693132143,-0.013416073696802311,-0.006042700081134944,0.010269041453009553,-0.012724328044295352,0.004807627334464382,0.004372243264088027
2025-06-09,0.0012336356893389855,-0.0001113030638898449,0.004718534884218695,0.0029928865184389863,0.000901294345408088,0.0010548968077768173,0.0013352826766090953,0.007255404141755628
2025-06-10,0.002258945804920698,0.0013372825660888932,0.000293510988597534,0.0024245328685938983,0.005669725186957297,0.005149528767801614,0.008556514749419097,0.007408845051213753
2025-06-11,0.003380260220587683,-0.0016694367484698658,0.005412290790508978,0.003162615748146136,-0.0028521096709569482,0.003027563705767955,-0.005398930176430783,0.003268639048893629
2025-06-12,0.003675351763450907,0.007692321245458711,0.0124202002480438,0.005563980232898169,0.003974356900525722,0.01195737253305107,0.004874370618413781,0.0002036842496502267
2025-06-13,-0.0035600808251791127,-0.012833258644954104,0.013100564311248064,-0.005994075658297238,-0.01118010433553962,-0.009636468156252076,-0.009701279705723764,-0.0150650946392058
2025-06-16,-0.0020416001616906376,0.0037509377344335793,-0.01425909653729851,-0.0017628315217874668,0.00951427176859676,-0.010077631023860278,0.0007792107481103816,0.009301336022019546
2025-06-17,0.0030685050030843097,-0.012267122914210615,0.0005131941200071655,0.003438817833315344,-0.008545152297069647,0.012169587379899705,-0.003559507420747954,-0.011263658586314285
2025-06-18,0.0007138634388346166,0.0017249418498708202,-0.005385627565021256,0.000740854153293391,-0.0001506376340618676,0.0017340292588929884,0.003460683907613893,-0.0026925228562313386
2025-06-20,0.0009173521134853146,-0.008954234221123736,-0.00041901914110908933,0.0008330621570875607,-0.0023485286607058953,-0.0018463992131511064,-0.0006675363995068961,-0.009393732495164286
2025-06-23,0.002036116001280286,0.007529295790716928,0.0030631724583116693,0.002496742778505201,0.00987743408381525,0.0032371984589389946,0.015028422231918803,0.00820018621989238
2025-06-24,0.004064355195121383,0.012186660963132256,-0.015719378751237634,0.004704356431278756,0.011047192108078807,0.007260624077997768,0.002632110613206784,0.021689252537251402
2025-06-25,-0.00010136599193955043,-0.005452084038058969,0.003037305817845004,-0.001193604204050236,0.000560355916550126,0.0012586469594644267,-0.02406475558253318,0.002449509395798355
2025-06-26,0.0027325620335176826,0.01119237841301457,-0.0011070472235482631,0.0036767837831335193,0.007823805236792936,0.005027809986987597,-0.0009281092716268979,0.0067196112781067185
2025-06-27,-0.0028258993078720263,0.00903543322283995,-0.018123728993798327,-0.001648441161960279,0.0049683437757206406,-0.0063670999687953644,0.0024923731883514932,-0.0010113918995330318
2025-06-30,0.004048326250545964,0.0005596632595632478,0.01198454729743359,0.005503972836068183,0.004781161580480697,0.00984099861503318,0.00644139794716736,0.0014173346903985085
2025-07-01,-0.0009200894351563127,-0.0016780506354017177,0.008923010663382636,0.001208752443411898,-0.0003235926031718295,0.0024792440456375964,0.00729847378569537,0.00404369463714227
2025-07-02,-0.0012146661434274675,0.0029134753020036985,0.005527596405484614,-0.00018293839460026273,0.0045333530513420595,-0.006353480360302144,0.002340859583601196,0.0028190997115393746
2025-07-03,-0.0020270374515344303,0.00022348246079273437,-0.006822911403597365,-0.0023783477081591453,0.007881389252041293,-0.006964951552711041,0.0011121164857741395,0.004417672448446375
2025-07-07,-0.003554362126655386,-0.010835566501676608,0.000748780548875283,-0.005959900703988219,-0.007452138445489531,-0.0095435932700485,-0.00855359418287216,-0.011795243945029954
2025-07-08,-0.00040767997790058796,0.007340444242492472,-0.010443411868664265,-0.0028595807369025117,-0.0005476091081725309,-0.0012767652807106344,-0.0014566219955320925,0.003843813733983348
2025-07-09,0.0041802648580919755,0.007511275926794347,0.004471282664348264,0.005735490328817816,0.005996621705197658,0.0104612706812377,0.000785452231579109,-0.00020148157113386578
2025-07-10,-0.0003046113304476794,-0.0006676870826793913,0.0022257895319868215,0.00018390958938319102,0.0028202028468595763,0.0006901376519268254,0.006278773390389514,0.0010078473065620042
2025-07-11,-0.004163893565565013,-0.009575797266682229,0.009601575193336043,-0.006069557043047125,-0.003515266022106389,-0.01379467397913281,0.00011137033051089595,-0.0014095498557696873
2025-07-14,-0.00010215197506824314,0.0,-0.0036553174266280575,-0.000277606643776962,0.0019081371492402077,-0.0020981078057586977,0.006461617407235831,0.001209857202158826
2025-07-15,-0.002958091513791339,-0.010455273832342904,-0.004155705135267751,-0.0036093811146504784,-0.004273317857587777,-0.00700851900722832,-0.01472214325979393,0.007250765041350915
2025-07-16,0.001432280997335278,0.004089970165791712,0.004988096125243757,0.0015790229858927418,0.0033432619517372864,0.00141172595587169,0.009437162701966262,0.004599032033733685
2025-07-17,0.00040863785785716367,0.0026023976686875283,-0.0021735334020257513,0.0024112117642847153,0.006119641699551259,-0.00023500195451719996,-0.001112896397433727,0.0061704058349079105
2025-07-18,0.0018380395180488396,-0.002821282237011058,0.002600924347578637,0.0018503223482233544,-0.0007323729567987325,0.0015274577621542385,0.0021169889030636657,-0.0011868807790825775
2025-07-21,0.002751881634078579,0.005319111995671255,0.015370115792427752,0.0038785221520112323,0.00189619482624237,0.008915978599887575,0.004113725560009218,0.005149493917296688
2025-07-22,0.001931283047869048,0.005516136811945405,0.009484882235462067,0.0023916209624061935,0.00014312186670739635,0.006046419310666407,0.017163193594551318,0.0001969953775038391
2025-07-23,-0.002231845328208415,0.02485445670678388,-0.01240118112003663,-0.0015599686669458546,0.008507406668075479,-0.005547717282803122,0.0019594655138555073,0.009259269957374361
2025-07-24,-0.0006100105388547883,-0.0074283917780426645,-0.006118276977772341,-0.0014706987514284675,0.0003311188089325512,-0.0017433729848990165,-0.003476700574842062,-0.004879961986652304
2025-07-25,0.00162782005229678,-0.0012107126439965255,-0.0092499926477293,0.003221545019484129,0.0042243586394272725,0.006287085279368387,0.0001089782761212188,-0.002746106340103527
2025-07-28,-0.001320439462425993,-0.01608813634006301,-0.00647361832754334,-0.0020184973110295434,-0.0002510907174575472,-0.006479272082046905,-0.01602526325850384,-0.007867865147316966
2025-07-29,0.005390533384901586,-0.00201589856984552,0.002750389076383808,0.006619502897531104,-0.002637596564339706,0.016885939936482686,0.016064686554589036,0.0005947733276447931
2025-07-30,-0.002832685117449274,-0.0071821274658735446,-0.017273497289540862,-0.003744527234928241,-0.001259379760541024,-0.005153452659048319,-0.014175077526245361,-0.00812363373701408
2025-07-31,0.0005075111732846249,-0.010738171005085673,0.0066454015709211944,0.00027506164475377126,-0.003751265515138158,0.0005756020792340166,-0.01404714160750864,-0.005193804861365114
2025-08-01,0.008647773786998325,-0.0026278809928205193,0.020299689958884537,0.008871116046965888,-0.016390403362552375,0.01421656131743343,-0.002468047697975484,-0.0052208427965591
2025-08-04,0.0008070176870527135,0.013288995451359753,0.005823229257701401,0.0017331655094088294,0.015199884599081948,0.0027327379285939646,0.010234020618737016,0.009285407724983097
2025-08-05,0.00030229938083903285,-0.00011302381201827583,0.0008040912066364925,0.0007284314922468837,-0.005069968088280641,0.0030662285344735807,0.004564106974658699,0.003200065185209766
2025-08-06,-0.00040302242516798703,0.00655805434433776,-0.00212110700071233,-0.00027289200155322657,0.0076596390258989455,-0.0057738151218799105,-0.007757123257218335,0.0043859662797858245
2025-08-07,-0.000806448260850412,0.008986801638552144,0.008437987494967825,-0.0010013504209647195,-0.0008375739109987013,-0.0017081055385572697,0.00290380885764141,0.007344144148618836
2025-08-08,-0.00191653670248626,0.006123396377902157,-0.00022357985855403495,-0.003188701319291276,0.007797501094690906,-0.004334290290771592,-0.008240624005171115,-0.0011822804314329804
2025-08-11,0.000707440042175822,-0.0042050303412510814,-0.014374701087597641,0.001553860190509626,-0.0019774524562664597,0.0011455914477755957,-0.006624725547957122,-0.001183679872983845
2025-08-12,0.0,0.012223571736413863,-0.0009074665058316222,0.0009124624042569085,0.010645981233063928,-0.005035013021770118,0.005651630968502408,0.011455670063605039
2025-08-13,0.003636072733399498,0.006038022821469813,0.0030492830145867345,0.005288154271304579,0.0034231846065959637,0.00828060229999883,0.009329058566799997,0.011325924014924604
2025-08-14,-0.0028179065042910345,0.00010917420142408929,-0.006338706734070332,-0.003446454390807263,9.299781650273786e-05,-0.007414069792261002,-0.0071270214880451155,-0.0111990840400501
2025-08-15,-0.0015136371427725281,0.005891966461074816,0.0005858183101099534,-0.0012741301394494364,-0.002341290236613225,-0.0071248842898749,0.005720088095772846,0.0029291511890185973
2025-08-18,-0.0011118038368478356,-0.0010848074216162074,-0.0015612675411803556,-0.0018224064877671031,-0.00021751572051942336,-0.002893300080123673,-0.008475510645615802,0.00759347430758317
2025-08-19,0.0019223541493107454,0.00010864072486982401,-0.005473279447945512,0.0015518736592268212,-0.005425239851328145,0.005803662738735893,0.01720842787841015,-0.00714979505527602
2025-08-20,0.0006060557486426976,0.003583067685855701,0.010122175284489776,0.00045572619969913575,-0.0026570426982367445,0.0021927005522530685,0.0028748259149429245,-0.000389235903667684
2025-08-21,-0.0023213746533466972,-0.006275041781648283,-0.0034698951143765644,-0.003826498434145953,-0.004011766231477476,-0.004951570254793092,-0.002976874506289362,-0.0017523577924996037
2025-08-22,0.005564002120789224,0.015024574843120586,0.01070642694476942,0.007865372209655552,0.015356785247534033,0.007406542823789497,0.01935193356888476,0.01755403436758196
2025-08-25,-0.00150907294984981,-0.013193244159167117,-0.0024148368614391735,-0.0026315297738919163,-0.004401061026124697,-0.0028719644708308234,-0.005749555701202835,-0.004216909863261287
2025-08-26,0.0012091456692846503,-0.001086878973793115,0.007262047243691283,0.0007279060087905798,0.0041870023682906155,-0.0005760293086587431,-0.0026186635453251395,-0.002117421379046913
2025-08-27,0.0010063784017242394,-0.002393938297704734,0.0020187288833615202,0.0003635819008120933,0.0022784921171898898,-0.0011527226193310813,0.006235633745224511,-0.0067515251400920295
2025-08-28,0.0012062365739595737,0.0037085239623888544,0.007419038046796889,0.001545033636647597,0.0035414005434608598,0.006578191676487766,-0.002609268505711748,0.0036900312963554782
2025-08-29,-0.001305253545911489,-0.005868275907477072,0.00964990177666114,-0.0036297401722672484,-0.005963709384858351,-0.007108457342682728,0.005450182960563765,-0.002902512206968466
2025-09-02,-0.002653033046353004,-0.009838193077203239,0.023642559312442524,-0.0033449593883697615,-0.007410192526257298,-0.007441724058854238,-0.016587178728584506,-0.0013583980266315132
2025-09-03,0.0036410937760678053,0.001545553303451852,0.007831992196408066,0.0059603354688890775,0.005419467264843547,0.010977485120665431,0.0005512154845537243,0.002720567542285224
2025-09-04,0.004030991249187599,0.007275143997214295,-0.004418882618094533,0.006836981627144079,0.008357484126844783,0.007623996307564385,0.007492332151951553,-0.004263567389301448
2025-09-05,0.004717451464681943,0.0044867528882361896,0.01334594055214322,0.006518774904940461,-0.002896298389375551,0.015247092570074505,0.011264233826311143,0.011483105982277975
2025-09-08,0.0033967066572242466,0.010022873883914318,0.011388067271604019,0.00350808772407718,0.0024566799492218294,0.013324199700843309,-0.005839786144603898,0.009813247515503942
2025-09-09,-0.0019912534635572188,-0.003343747722114321,-0.002269905468609168,-0.00179267669622718,0.0023117733075188607,-0.0056830466900675836,-0.002284330589594541,0.0038110720307067414
2025-09-10,0.0019952264651665885,-0.00021646839422739816,0.0035922056391106683,0.00296333335636656,0.0028908153230013944,0.005715528304279127,-0.0016354368202681213,0.0045557898899359905
2025-09-11,0.001891652185232795,0.010608407048021684,-0.0014913797811720864,0.00465574288435322,0.008310314225991933,0.006686115557793748,0.018237418236382696,0.012471659600914897
2025-09-12,-0.0008944107496982046,-0.0039631948872006495,0.0019715725978484144,-0.0017824306862912476,-0.00033472834591830036,-0.004317131917410455,-0.004611757660441862,-0.001866415116203779
2025-09-15,0.0016909206539224009,0.006667358868682305,0.01040483601055886,0.0031247540895558146,0.0053240188059680005,0.0023347418151862254,-0.0016161458480762336,0.006731497648015061
2025-09-16,0.0003971060005050209,-0.0027774654548999855,0.0020064107533963593,-0.0008900255980935912,-0.0013768510142991852,0.002107284481681182,-0.005288196341118101,0.006315036213058178
2025-09-17,-0.001786537069220162,-0.0037493541872836156,-0.007715171664187115,-0.0017815676604515662,-0.001242399741884448,-0.0025456134224817184,-0.0013018605440711095,0.006275334627623863
2025-09-18,-0.0027840742777600624,0.003871042427700866,-0.0040063094596702875,-0.0020524143196787303,0.004672384146077402,-0.010319499214569539,0.002172680428693008,-0.004585409819747643
2025-09-19,0.0,-0.003856115241992919,0.010607227252210416,-0.0008048610269818512,0.004952918310262788,-0.0019062045262752125,-0.006504078877680564,-0.0012965869296083232
2025-09-22,-0.0011966163170213928,0.0032259104512717407,0.01730643093326134,-0.0022373404780203776,0.004731035459799804,-0.0035947406328422638,0.00021820782764825353,0.0027819355400922063
2025-09-23,0.001597374091340198,-0.0019293391002039861,0.004086375052867464,0.0019733219147211045,-0.005443520514135325,0.006990008166646522,0.005454344737581884,-0.0001849526521929823
2025-09-24,-0.0018938806907725647,-0.005798955689151786,-0.009063049726670935,-0.0040282106948875684,-0.00318164448653413,-0.003806512517148364,-0.0098358861341733,-0.0018498686600446623
2025-09-25,-0.0013980533502981896,-0.007128980958787889,0.004165188877066628,-0.0017977198097224312,-0.0046134329671143615,0.0,-0.0029867715911776616,-0.005744932411245407
2025-09-26,0.0007001216449724623,0.007724122941705769,0.00577227044053652,0.0013506655801993617,0.005729075724434596,-0.0008992418579837347,0.00987459750630082,-0.001863933101121651
2025-09-29,0.0018985688856030247,0.0038864208475710704,0.016496514338703028,0.0033270640300646637,0.002810389450384143,0.008211470517793806,0.00032971576437224037,0.007282906695116997
2025-09-30,-9.962540692298738e-05,0.004086470009456722,0.008540004081594166,-0.0009858302230664195,0.00376684572535102,-0.0029007136303457193,0.004063603851853781,0.004449417567043534
2025-10-01,0.0025518403489217523,0.008246745651426357,0.0015753722020723782,0.004015685928873358,0.003407569706178837,0.00258257038878118,0.0015313797686238306,0.006275335833847651
2025-10-02,0.0010980600578898159,0.0015933816449793525,-0.003482825151325697,0.0016142260240070705,0.0011517801124745208,0.0029118921080490967,-0.005242404777554999,0.0027512486136918035
2025-10-03,-0.001096855644517336,0.00837841048444754,0.008032937892485048,-0.0012534240866826085,-1.4818614668121732e-05,-0.001898527899366842,0.0037329361092359736,0.0021950738478850873
2025-10-06,-0.002196042956053912,0.0023138719084039305,0.01884573861512795,-0.003227294163843375,0.003586249365854499,-0.007943586130559455,-0.009407155427551328,0.0034677082712146756
2025-10-07,0.0017007086788805026,-0.00870937728857113,0.005159462258136571,0.0018886255582524214,-0.003707511977453004,0.0057517605438537345,-0.0036438508773093403,-0.005456459749076159
2025-10-08,9.974014296032507e-05,0.0029639061564836755,0.01649095687844504,-0.0012566870775486683,0.005963096319924199,0.0007848778294545777,-0.005208923952372491,0.005669356536782688
2025-10-09,-0.0011981517802496233,-0.008232143562759808,-0.018452848086064955,-0.0019774378992341024,-0.002897030241612586,-0.000784262279379111,-0.0054591235621831435,-0.008728917059443453
2025-10-10,0.004099098329748863,-0.01841022971291384,0.010097700011942212,0.002791850363516035,-0.027027820787662193,0.016147174622161975,-0.012770243592885921,-0.036140141261857606
2025-10-13,0.0018919418792622267,0.008022634628900516,0.02430104394061705,0.00341266853389266,0.015344092809244536,-0.0005519380639869009,0.006354366947787238,0.027788325410455172
2025-10-14,0.0015900681659717364,0.004517061996613281,0.007141189222626965,0.0033114398237392706,-0.0012216512196846496,0.0032020510363381938,0.010260364251785337,-0.008888875763189419
2025-10-15,-0.00039692431592874833,0.004818017604439007,0.017332403569977117,0.0,0.004439541098594013,-0.002201153766958397,0.014509018621542635,0.015134538395597863
2025-10-16,0.0035735838849959567,0.005220997911551173,0.02338727694573084,0.002854708320547017,-0.006810210567109287,0.007500364080831545,-0.0035203683597450075,0.0033130727769170587
2025-10-17,-0.001384723225090756,0.001802103109576736,-0.01881705572696646,-0.001957033845133016,0.005676314860669995,-0.001532719262192228,0.006513556344986515,-0.0023848338808106773
2025-10-20,0.0016837866702315019,0.008253048107192962,0.03640197438905224,0.003030381047086861,0.01040043503835153,0.0038378925147255494,0.010090959236898955,0.011952889131066513
2025-10-21,0.000988838288136451,-0.007346042899984084,-0.06426889260666147,0.00017767867286822003,-1.4955077773270986e-05,0.004915289891805452,-0.0028232757305383105,-0.00890422805578961
2025-10-22,-9.873269371651894e-05,-0.001480032049431701,0.00010605594835544352,0.0009773343067458473,-0.005198882255361581,0.0006520710051203249,0.004246987615942999,-0.0005500764636950928
2025-10-23,-0.0017782803740116204,0.004658529653068788,0.004002358382396931,-0.0012426592784836599,0.005929966083050742,-0.006843335347909818,-0.0006506002712101111,0.007521563833356559
2025-10-24,0.0009896424916497892,0.0015807877842128892,-0.0033528327110016187,0.0016885104007353657,0.008172547247097484,0.00043762178687400954,0.0029296489934818037,0.00473420187471385
2025-10-27,0.0006920495619069378,0.006944455795867999,-0.027839530498784404,0.0016855267303665933,0.011797667854098304,0.003389132865217137,0.002812973613222969,0.008336326260157234
2025-10-28,0.0005928951260705251,-0.0004179267779947926,-0.007166030388359279,8.861680754934653e-05,0.0026560013292959983,0.002614789036194942,-0.019635331735887163,-0.0005392014784733057
2025-10-29,-0.004739739844033419,-0.005644979440432518,-0.0037872684129753864,-0.005667749748832662,0.0004803260550556576,-0.01010646131215609,-0.025751129687459517,0.0028772227131255157
2025-10-30,-0.0018852607687143141,-0.004415519213645469,0.01964188672951095,-0.005343738063237624,-0.010998113191920567,-0.005818452680770303,0.004744198698900082,-0.010399913292789997
2025-10-31,-0.0005964133902413016,-0.002217510235120068,-0.005430550723012573,-0.004029456612090199,0.003280260922519762,-0.002981363272949622,0.0025857236100870207,-0.0039861735968417245
2025-11-03,-0.0012273673393430329,0.0004232785616848922,0.0017929035935666526,-0.0026888407781409107,0.0018766915803232198,-0.002501075491621485,-0.0014577004005675853,0.0021829525065955036
2025-11-04,0.0004995097660740466,-0.010261292068055816,-0.017517195825319742,0.0013571556029163823,-0.011853595199365574,0.0022287715996616164,0.0016843575216134443,-0.013977109226054218
2025-11-05,-0.0026961137707384175,0.006413037684691147,0.011564369498527016,-0.002981625983475733,0.0034654701339136285,-0.010896197020317522,0.0008968652440766167,0.008836511118015533
2025-11-06,0.0037047769110514217,-0.0022303099418070627,-0.0012005195756799036,0.005256018408546392,-0.01072938225080955,0.008992819483045755,-0.004816277190459295,-0.003832124430299011
2025-11-07,-0.0003990713137055346,0.0037254922387230938,0.006119021470095687,-0.001983247812973876,0.0009845659403016072,-0.0021167837094044906,0.01553189000428934,-0.0009158831770843534
2025-11-10,-0.0003990768483601581,0.010498343259935261,0.02734111859838051,0.0005419796181929115,0.01560435822838957,-0.00022328293100193353,-0.000554195309690253,0.013384694723252544
2025-11-11,0.0029951174723596985,0.007345961384161548,0.003937814406542062,0.003972224937076607,0.0022892033827353053,0.004578494671462208,0.011199842912269942,0.001085551829452136
2025-11-12,-0.0003981973745970091,0.005938172507220951,0.016110762091908537,-0.0009891618913724365,0.0005564068664263289,0.001778605207109596,-0.007456950491144032,-0.00018074083072450176
2025-11-13,-0.0029873630919791117,-0.01066699401885085,-0.008083098515826892,-0.004950359235293633,-0.016594062566875234,-0.008211390654675799,-0.012263884601503072,-0.008857550127381653
2025-11-14,-0.0011986487959028125,-0.002826290198751802,-0.018047911171504505,-0.00271374995026763,-0.00016359600785664785,-0.0057059046708100025,0.0021252357928358556,0.0003647071067092167
2025-11-17,0.0002000915937183656,-0.013017039318084844,-0.011463979297139493,0.0006348777078275525,-0.009316476786200845,0.002475458131661279,-0.008259825106479046,-0.011485822951846414
2025-11-18,0.0005998465680756571,-0.012975896182916502,0.007264932736103624,0.000453246313771416,-0.008397487448507768,-0.0003367289141704699,0.004051748415356382,-0.003319794269746379
2025-11-19,0.0,-0.003017327283165838,0.0016294519610446923,9.053828119331975e-05,0.0038631576379948296,-0.0020210540323527537,-0.00784658324536991,-0.0022205920014349845
2025-11-20,0.0011989739357509688,-0.013834833815508762,-0.0002933255655774847,0.0013589299749445782,-0.01524230348712119,0.00393787257478051,-0.004180392472736161,-0.01186946659827004
2025-11-21,0.002395306917778006,0.015453812449222726,-0.0015473311468576778,0.003528534755051549,0.009961204755846165,0.0030258916816729986,0.016224254753791634,-0.003941376370270366
2025-11-24,0.0019912297826853997,0.0008634533135765121,0.01584423909859023,0.003966852964937706,0.014718547807599958,0.005698254013658088,0.0026793951402139804,0.010175197242110245
2025-11-25,0.0015897875100394643,0.01197019429995927,-0.00031569077041548876,0.002783675120521689,0.009405913041440561,0.002555287483771762,0.009241808564508514,0.004476733804734678
2025-11-26,0.0015873405331192636,0.010976182622382424,0.007998338908444147,0.003402959711892306,0.006903544626688962,0.004432673838930423,0.004413083282114316,0.0048282707662810065
2025-11-28,-0.0013867122274883181,0.0033730743726176904,0.012424331348639184,-0.0016956749923439096,0.005458400735868674,-0.00474408258057657,0.0032951644508203426,0.003511359027564831
2025-12-01,-0.004318678291251765,-0.004937540617122371,0.004821066034977672,-0.005356971140082822,-0.004565432491131505,-0.012448663717068431,-0.01149549202671507,-0.0009207746283395046
2025-12-02,0.0012992581993991337,0.0033783340506157167,-0.006440050713598433,0.0006315374371799187,0.001852203967944055,0.000450545955687387,-0.003544067028170672,-0.00221199614458345
2025-12-03,0.0018963044407587226,0.005366244687942556,-0.0009296182229129313,0.0022538989943572396,0.003462767968857472,0.00281503366664948,0.002556323316838194,-0.0012931616782645428
2025-12-04,-0.0023909311250251974,0.00272099165679629,0.0006461951944911615,-0.0017989813010782507,0.0007311238379490437,-0.0053896372242021595,-0.0024389292508226745,0.0022197704407249663
2025-12-05,-0.0010984410389167643,0.0,-0.0017823532991587676,-0.0009913129697461942,0.001899461628388499,-0.004628565977787713,-0.0011114701927052995,0.004060553652470267
2025-12-08,-0.0015994544672556232,-0.003131135990016909,-0.002639449868615862,-0.0020747453395378868,-0.003004219352025661,-0.0032890789916106833,-0.007676821252411203,-0.003676470851108893
2025-12-09,-0.0009011681042626618,-0.00136118764984694,0.005137202012788666,-0.0012654476164797313,-0.000863122274760153,0.0010241261048660188,-0.003812125947765921,-0.001660581313260856
2025-12-10,0.0032070005851061456,0.011113560612495466,0.004259147967166088,0.0046157951371263994,0.006632218302348614,0.0038649043662966065,0.0036015926588650604,0.008316429612013065
2025-12-11,0.00019985912425179997,0.005910383124209551,0.010769830543307712,-0.0014414446361491473,0.002326931778056762,-0.0013588526227343856,0.004373678014894411,-0.0021994279676468276
2025-12-12,-0.0030963153034804236,-0.00525719095436783,0.005594579039939429,-0.006044745264446649,-0.010751997629438903,-0.009638332171081898,-0.0012282648781406502,-0.009184424268171898
2025-12-15,0.001001968234329187,0.006113899234118536,0.0009103412637567754,0.0011800146137588285,-0.0015108134140046081,0.0006870601010775523,0.003130298177491442,-0.0029663024151621586
2025-12-16,0.0019016188396090428,-0.004634904374945514,0.00022745542760316262,0.00226656818547899,-0.0027323197983205594,0.005492003246714061,-0.007355455298873381,-0.005578282776777965
2025-12-17,-0.00029967360434846047,-0.008112059185841014,0.008588228474273762,-0.0010854840414582512,-0.011003588240296014,-0.0009103051530096051,0.0037049794602397323,-0.0065444672991556985
2025-12-18,0.00249825886253352,0.0071162842069754095,-0.0018032036998043566,0.0038032181644429564,0.007551280296730134,0.004783522133608331,-0.005257284603502943,0.008469828738014495
2025-12-19,-0.001460250414381914,0.0067496244643352465,0.0011289903434381632,-0.002572062090408389,0.00906346515990486,-0.0037323777033418937,-0.0038232713964290177,0.010714212340563911
2025-12-22,-0.00040057489589073736,0.0025141196948594846,0.02308160549906857,-0.0001816197603967673,0.006229874178387496,-0.0021702070781169924,0.005137364134343292,0.0064018103686789285
2025-12-23,0.0,0.006165140920581846,0.013252341857567629,0.0009990205912295824,0.0045704843606495515,0.0016025501938796705,-0.0006799360839330193,0.004677268408447732
2025-12-24,0.00220438994340455,0.0012462638429850958,-0.004134082564786756,0.0039012889753726743,0.003517621421107009,0.006057190401588697,0.006577475947464384,-0.0003724479977563755
2025-12-26,0.00019996525670618048,0.001659537668679878,0.011676735474757116,-9.03831185373738e-05,-0.0001014040437492536,-0.003294414633057796,0.0011266164005676593,0.006333832910859982
2025-12-29,0.0011995516715797017,-0.003003012492945989,-0.0435283019531133,0.001355800113439054,-0.003563648189011559,0.003761204618958347,0.0020256617593901183,-0.007589778673413261
2025-12-30,-0.0003993714904542145,0.00166185774966765,0.0007275678386380324,-0.0011734266047475073,-0.0012211468345215692,-0.0023845330668411657,0.002021566748932946,0.0037306614561170015
2025-12-31,-0.0023971863105952673,-0.004251385853691558,-0.006467991163222386,-0.004247207459019742,-0.007408955885817803,-0.00796715162561712,-0.00818205948157058,-0.0009292520067214483
2026-01-02,-0.0003003300104935658,0.010517568979165892,0.004970859258759619,-0.0002722812856096324,0.0018330596423725698,-0.0014915596177916823,0.00033900757171512197,0.021763430434742714
2026-01-05,0.0019028659124602498,0.01143858820980248,0.026313174195160993,0.002814061521048794,0.006660110816910869,0.004940807287747928,0.002259428210816372,0.006553806815064567
2026-01-06,-0.00019992527859657994,0.001528288574089931,0.010813149047262716,0.0,0.005947227112347964,-0.0020580783889422305,0.007326437296387489,0.005425922085240842
2026-01-07,0.0009998262835313465,-0.0037640156164310268,-0.009559953917111952,0.0007242431163805296,-0.0032234001772446508,0.005843262588895559,-0.009734840772569031,-0.006116210679162237
2026-01-08,-0.0017978132823051052,0.00010213556825600101,0.005522515913727544,-0.0028042031946290402,-0.00010152168346500012,-0.0050119667991658234,0.00892656401725822,0.001085997706624653
2026-01-09,0.002201301863800076,0.00888293950888941,0.007242001159325273,0.0036284233324952453,0.006613388484590255,0.006639946839743116,0.002015906633779485,0.002169570220670991
2026-01-12,-0.000499252573122444,0.0060723218129807854,0.018722729613168898,-0.0011749483243524983,0.0015703975230316747,-0.0029569092898896754,0.001341177104619673,0.015515074970534615
2026-01-13,0.0008989964697683206,-0.005733903060261225,-0.0014210408732292512,0.002171734960608962,-0.001999473023445053,0.0017109717438947847,0.005580980248221401,-0.005862530212957573
2026-01-14,0.001497007131580963,0.00465405433944599,0.010222226854541994,0.0025282347783879278,-0.004915222744839132,0.005807420011821884,0.008658080146500602,0.0021444379654274037
2026-01-15,-0.0012954617725507989,-0.0004028289455992873,-0.006127660830587689,-0.0012609639480730683,0.0027232240029890775,-0.00022647120663976672,0.006932950746957767,0.004636203870257871
2026-01-16,-0.0016961982140771825,0.0027200950761199216,-0.004818883830700504,-0.0028857238707260535,-0.0008378844014015341,-0.005775109807479306,0.012240467175759884,-0.006034791474388568
2026-01-20,-0.0037982004698883243,-0.015171326783383399,0.03783617488689295,-0.006059496283507992,-0.020356759970762806,-0.013097910892022724,-0.01857051576006996,-0.008214269365583116
2026-01-21,0.0033109747439301618,0.010304041734548575,0.014568979615140476,0.006005437698496152,0.011541083159159804,0.007616770311556831,0.003960402687661846,0.01026286794073239
2026-01-22,0.0002000052508075445,0.003938194430534114,0.01846258414950319,0.0018993827889031145,0.005223163010167564,0.004352345422791837,-0.00986194942813401,0.007841714880106654
2026-01-23,0.0008998053916386972,0.005532116896876049,0.013745304981574558,0.0006319273244173029,0.00036285524556167736,0.0027368778858309906,0.001992035236387135,0.0038903841498010294
2026-01-26,0.0014983529357075476,0.005001500389063329,0.014628847613605389,0.0008120537124409744,0.00507813081145958,0.0047765725755350985,-0.0013254113692133807,0.002818387284163393
2026-01-27,-0.000698164883718766,0.016124167388321675,0.024531942321975864,-0.0010817907236462254,0.003984250492172103,-0.006225248320790966,-0.0003317715096700091,0.012471440025762837
2026-01-28,-0.0003992519183344534,-0.010578844552855737,0.038773348494905324,-0.0014439036121431936,-0.0001006589961060067,-0.0022779468489535493,-0.010288752201079054,0.0038168151116018123
2026-01-29,0.0,0.006732009610876721,0.0027094717415592218,0.00027114935561201037,-0.001984419367757506,0.00022835848715474505,0.013972725383326834,-0.0038023024262423544
2026-01-30,-0.00019970569204785793,-0.009342162993693615,-0.10274245274560045,-0.0009938756091163459,-0.002982547677011782,-0.0055923693234579686,0.0009922166044928904,-0.020298372334046744
2026-02-02,-0.0011522254738529636,0.006551555252183983,-0.04004945911975222,-0.0009259545261446345,0.004971317523953855,-0.0028571335650390273,-0.010352449447280643,0.00548959716473485
2026-02-03,0.00010025585907480483,0.0004930514951768661,0.06358720612372104,0.0004543253940305636,-0.008455363130712823,0.002426332490676808,-0.0022256504215864004,-0.0005283335671329992
2026-02-04,-0.000601780947143804,0.0032528520550183515,-0.0007044119795716064,-0.0012714502667551253,-0.0048439179057576665,-0.0025357447589463566,0.014387611347800755,-0.00599119211608623
2026-02-05,0.004315539018564518,-0.014246384020758396,-0.026631707613677613,0.004819485072417251,-0.0124892628772314,0.010862057215873966,-0.0014293266385918546,-0.006559101806162149
2026-02-06,0.0005995558986382488,0.02272499489371249,0.03073229479090611,0.0005429643311651855,0.019184793975496328,0.000685843121758456,0.015745433935046238,0.021770117524531063
2026-02-09,0.0002996745182710647,0.013448954733548124,0.02540290594406658,0.0,0.004821779145387506,-0.00022851578994431687,0.004227635660145612,0.008557486776637369
2026-02-10,0.0028953002748592915,0.0024040773645126468,-0.009913720520981939,0.002351683628544432,-0.0026371021797716443,0.011540244229550911,0.013385123833540291,0.004502135437804311
2026-02-11,-0.0022896539027031926,0.006715316500212731,0.011310577541873812,-0.0010828618201813578,-0.00023113498477123073,-0.005308948686137738,-0.005538950343838778,0.008619203834977496
2026-02-12,0.0044900912269119075,-0.007528119850849446,-0.03472828959819363,0.004697419031583827,-0.015448872914552103,0.013286461853026177,-0.0011782413199702413,-0.012818322022135176
2026-02-13,0.0031786997183331778,0.000864103087586221,0.024878663914389865,0.003326695856200157,0.0007045377823615695,0.005491402502916687,0.014369933918398026,-0.00017310113960777862
2026-02-17,9.904085990730671e-05,-0.00019183272713163557,-0.0311702543391007,0.0009857569133571165,0.0016134588719287635,0.0016718850182571021,0.009514764359054961,0.0006926565459279832
2026-02-18,-0.001386132570776577,0.0011513636133373417,0.022489929267582198,-0.000984786153597983,0.005037713354905549,-0.0037832864904200347,-0.011728925984324956,0.002768642410059474
2026-02-19,0.0001982613815725287,-0.0027793108712953485,0.0027930496262249527,0.0008065594608734905,-0.002637365569283623,0.0010052939630551538,-0.0021193660253863156,-0.00621226239192374
2026-02-20,0.00019829771020596354,0.008169134542920453,0.019714504323102178,-0.000805909446984332,0.007231785221302411,-0.002343216670796955,0.007539546546436959,0.01632225428404932
