Date,AGG,EFA,GLD,LQD,SPY,TLT,VNQ,VWO
2021-02-17,100.0582504272461,65.41455841064453,166.3300018310547,111.58294677734375,366.2867736816406,124.33512115478516,73.74403381347656,48.080387115478516
2021-02-18,100.00663757324219,65.08921813964844,166.32000732421875,111.3670883178711,364.7278747558594,123.83194732666016,73.42842102050781,47.45905303955078
2021-02-19,99.6968002319336,65.27757263183594,167.00999450683594,110.56182098388672,364.083740234375,122.18595123291016,73.85199737548828,47.71439743041992
2021-02-22,99.3869857788086,65.11490631103516,169.50999450683594,109.87273406982422,361.2833557128906,121.25640869140625,74.46659851074219,46.36109161376953
2021-02-23,99.41278839111328,65.17483520507812,169.1199951171875,109.95570373535156,361.7220764160156,120.90674591064453,74.93170928955078,46.62494659423828
2021-02-24,99.37834167480469,65.38031768798828,169.0,110.12176513671875,365.7080383300781,120.11360168457031,75.50477600097656,46.32706069946289
2021-02-25,98.46607971191406,64.26737213134766,165.82000732421875,108.37828826904297,356.8960266113281,118.15205383300781,74.05963897705078,45.32272720336914
2021-02-26,99.2664566040039,63.35990524291992,161.80999755859375,109.81460571289062,355.0570983886719,122.05805206298828,72.97992706298828,44.67586135864258
2021-03-01,99.21472930908203,64.54987335205078,161.52999877929688,109.92191314697266,363.6637268066406,120.44597625732422,73.30384826660156,45.9014892578125
2021-03-02,99.23198699951172,64.48139953613281,162.41000366210938,109.797119140625,360.8259582519531,120.45449829101562,72.59788513183594,45.4674072265625
2021-03-03,98.86991119384766,64.08758544921875,160.6199951171875,108.98186492919922,356.04656982421875,119.1480484008789,72.18260955810547,45.433372497558594
2021-03-04,98.58544158935547,63.4797477722168,159.0399932861328,108.09169006347656,351.6405944824219,118.37959289550781,71.36036682128906,44.454559326171875
2021-03-05,98.51648712158203,63.89069366455078,159.13999938964844,107.95025634765625,358.10955810546875,118.61017608642578,72.14107513427734,44.76948165893555
2021-03-08,98.12854766845703,63.668113708496094,157.49000549316406,106.94366455078125,356.3265075683594,117.68798065185547,72.76400756835938,43.603431701660156
2021-03-09,98.4992446899414,64.52420806884766,160.83999633789062,107.75057983398438,361.4140319824219,119.3188705444336,73.2457046508789,44.54819869995117
2021-03-10,98.66303253173828,64.79814910888672,161.66000366210938,108.258056640625,363.6637268066406,119.55793762207031,73.97657775878906,44.471595764160156
2021-03-11,98.6544189453125,65.14058685302734,161.52000427246094,108.32462310791016,367.35089111328125,118.69554138183594,74.84036254882812,45.807865142822266
2021-03-12,98.09407043457031,65.30326080322266,161.49000549316406,107.07672882080078,367.845703125,116.17667388916016,76.09447479248047,44.999290466308594
2021-03-15,98.19749450683594,65.35460662841797,162.1999969482422,107.44277954101562,370.039306640625,116.85968780517578,77.2240219116211,44.973758697509766
2021-03-16,98.16303253173828,65.46591186523438,162.35000610351562,107.36790466308594,369.5726318359375,116.3901138305664,76.90840911865234,45.16951370239258
2021-03-17,98.15442657470703,65.85114288330078,163.50999450683594,107.46772003173828,370.8327941894531,115.51914978027344,76.97484588623047,45.20356369018555
2021-03-18,97.77510833740234,65.25189208984375,162.55999755859375,106.85214233398438,365.4373474121094,114.349365234375,76.19415283203125,44.505638122558594
2021-03-19,97.85267639160156,65.4316635131836,163.24000549316406,107.01016235351562,364.76116943359375,115.05806732177734,75.15594482421875,44.94822692871094
2021-03-22,98.04234313964844,65.49158477783203,163.0,107.39286804199219,367.67376708984375,116.34739685058594,75.6875,44.852783203125
2021-03-23,98.29235076904297,64.58414459228516,161.80999755859375,107.70899963378906,364.7798767089844,117.39766693115234,75.57953643798828,44.11985397338867
2021-03-24,98.41302490234375,64.2588119506836,162.3699951171875,108.033447265625,362.9255065917969,118.02957153320312,75.15594482421875,43.088661193847656
2021-03-25,98.36128234863281,64.73822784423828,161.77999877929688,107.9086685180664,364.9671936035156,117.09884643554688,75.92117309570312,43.156837463378906
2021-03-26,98.19749450683594,65.57720184326172,162.24000549316406,107.83375549316406,370.8486022949219,116.6889877319336,77.55856323242188,44.23064041137695
2021-03-29,98.03373718261719,65.32037353515625,160.30999755859375,107.57591247558594,370.6613464355469,115.6984634399414,77.10745239257812,43.983497619628906
2021-03-30,98.11129760742188,65.2347640991211,157.57000732421875,107.9086685180664,369.6780090332031,116.30474853515625,77.20769500732422,44.162471771240234
2021-03-31,98.12854766845703,64.9522476196289,159.9600067138672,108.19152069091797,371.1764221191406,115.6557846069336,76.73988342285156,44.358482360839844
2021-04-01,98.45833587646484,65.79979705810547,161.97999572753906,108.87004852294922,375.1847839355469,117.5753173828125,78.1349868774414,44.759029388427734
2021-04-05,98.259765625,66.75863647460938,161.9199981689453,108.3365249633789,380.56982421875,117.06227111816406,78.43574523925781,44.852783203125
2021-04-06,98.60514068603516,66.04804992675781,163.22000122070312,109.06177520751953,380.34515380859375,117.85749053955078,78.63623809814453,45.065826416015625
2021-04-07,98.44969940185547,66.1850357055664,162.75999450683594,108.84500885009766,380.78521728515625,117.03663635253906,78.6947250366211,44.40961837768555
2021-04-08,98.69146728515625,66.56172180175781,164.50999450683594,109.24512481689453,382.59271240234375,118.0028305053711,78.40231323242188,44.86981964111328
2021-04-09,98.57920837402344,66.7671890258789,163.27000427246094,109.02003479003906,385.3742980957031,117.5753173828125,78.31041717529297,44.48630905151367
2021-04-12,98.5533447265625,66.3990478515625,162.27999877929688,108.99504089355469,385.51470947265625,117.5240249633789,78.76990509033203,44.19655990600586
2021-04-13,98.8382797241211,66.78430938720703,163.42999267578125,109.47848510742188,386.6572265625,118.40474700927734,79.16254425048828,44.205078125
2021-04-14,98.76051330566406,66.8356704711914,162.72000122070312,109.32847595214844,385.33685302734375,118.02851104736328,78.74483489990234,44.44370651245117
2021-04-15,99.14904022216797,67.39213562011719,165.35000610351562,110.0036392211914,389.47625732421875,120.00364685058594,80.12325286865234,44.835731506347656
2021-04-16,98.89000701904297,67.88011932373047,166.35000610351562,109.25347137451172,390.778076171875,119.07164001464844,80.2986831665039,44.98060607910156
2021-04-19,98.81237030029297,67.76026153564453,165.88999938964844,108.9700698852539,388.8581237792969,118.7296371459961,80.45740509033203,44.886863708496094
2021-04-20,98.96772766113281,66.54459381103516,166.47999572753906,109.17842864990234,386.01104736328125,119.27684783935547,81.11735534667969,44.54596710205078
2021-04-21,99.06271362304688,67.22946166992188,168.1300048828125,109.55352020263672,389.66357421875,119.51626586914062,81.65202331542969,44.8953742980957
2021-04-22,99.08859252929688,67.00689697265625,167.0399932861328,109.6618881225586,386.104736328125,120.0378646850586,81.20925903320312,44.81868362426758
2021-04-23,99.07138061523438,67.69176483154297,166.39999389648438,109.75358581542969,390.291015625,119.75566864013672,81.6854476928711,45.43229293823242
2021-04-26,98.9850082397461,67.74312591552734,166.83999633789062,109.70355224609375,391.1058349609375,119.58468627929688,81.92770385742188,45.491943359375
2021-04-27,98.74327087402344,67.52055358886719,166.4199981689453,109.2117919921875,391.02154541015625,118.54151153564453,81.91935729980469,45.560115814208984
2021-04-28,98.79508209228516,67.69176483154297,166.91000366210938,109.22843933105469,390.9091491699219,118.61848449707031,81.74391174316406,45.92658996582031
2021-04-29,98.74327087402344,67.71743774414062,166.22000122070312,109.09508514404297,393.4003601074219,118.26792907714844,82.44564056396484,45.82431411743164
2021-04-30,98.84685516357422,66.86991882324219,165.66000366210938,109.3201675415039,390.8155212402344,118.54151153564453,82.77145385742188,45.15104293823242
2021-05-03,98.90998077392578,67.60616302490234,167.80999755859375,109.58319854736328,391.65838623046875,118.61262512207031,82.61273956298828,45.134010314941406
2021-05-04,99.03101348876953,66.60452270507812,166.5800018310547,109.65006256103516,389.24212646484375,119.41753387451172,82.07807922363281,44.58006286621094
2021-05-05,99.10884857177734,67.5119857788086,167.27000427246094,109.78365325927734,389.3638610839844,119.61442565917969,80.71637725830078,44.75050735473633
2021-05-06,99.12617492675781,68.0684585571289,170.05999755859375,109.9924545288086,392.47314453125,119.81138610839844,81.16751098632812,45.193668365478516
2021-05-07,99.10022735595703,68.83895111083984,171.58999633789062,110.03421020507812,395.3295593261719,119.2205581665039,82.2367935180664,45.594215393066406
2021-05-10,98.9446029663086,68.47081756591797,172.11000061035156,109.44122314453125,391.4148864746094,118.0132064819336,82.21174621582031,44.741981506347656
2021-05-11,98.72840118408203,67.57191467285156,172.13999938964844,109.04034423828125,387.92156982421875,117.34529876708984,81.17584228515625,44.6226806640625
2021-05-12,98.38250732421875,66.49323272705078,170.42999267578125,108.4473876953125,379.6800842285156,116.11226654052734,79.1207504272461,43.480690002441406
2021-05-13,98.60736846923828,66.98976135253906,171.1300048828125,108.85661315917969,384.2410583496094,116.29206085205078,80.14833068847656,43.42955017089844
2021-05-14,98.83218383789062,68.11124420166016,172.69000244140625,109.44959259033203,390.1412048339844,117.37956237792969,81.10067749023438,44.14542007446289
2021-05-17,98.74567413330078,67.98283386230469,174.6999969482422,109.32432556152344,389.14849853515625,117.13121795654297,81.18421173095703,44.17099380493164
2021-05-18,98.62462615966797,68.1283950805664,175.0399932861328,108.96519470214844,385.7957458496094,116.83149719238281,81.2009048461914,44.810157775878906
2021-05-19,98.48632049560547,67.52912139892578,175.16000366210938,108.77310180664062,384.78424072265625,116.54894256591797,80.94194793701172,44.69084548950195
2021-05-20,98.82353210449219,68.41944885253906,175.9600067138672,109.51642608642578,388.9237365722656,117.50800323486328,81.85253143310547,44.852783203125
2021-05-21,98.86675262451172,68.51362609863281,176.0399932861328,109.59159088134766,388.60528564453125,117.88478088378906,81.76899719238281,44.375526428222656
2021-05-24,98.96186828613281,68.93310546875,176.35000610351562,109.8922119140625,392.56683349609375,118.32147216796875,82.78816223144531,44.793121337890625
2021-05-25,99.2040023803711,68.95024108886719,177.9499969482422,110.30148315429688,391.6958312988281,119.41753387451172,82.76310729980469,45.261844635009766
2021-05-26,99.16937255859375,68.90742492675781,177.63999938964844,110.24302673339844,392.47314453125,119.21195983886719,83.13069152832031,45.594215393066406
2021-05-27,99.04834747314453,69.03583526611328,177.7100067138672,109.90897369384766,392.6792297363281,118.73249053955078,82.93854522705078,45.6794319152832
2021-05-28,99.04834747314453,69.1985092163086,178.3800048828125,110.00079345703125,393.38165283203125,118.54410552978516,83.43978881835938,45.91806411743164
2021-06-01,99.00245666503906,69.44676971435547,177.89999389648438,110.01502227783203,393.0350646972656,118.51750946044922,84.94351196289062,46.881072998046875
2021-06-02,99.1323471069336,69.67792510986328,178.77000427246094,110.1907730102539,393.65325927734375,118.79190063476562,85.93765258789062,46.99186325073242
2021-06-03,98.89852142333984,69.33547973632812,175.27000427246094,109.755615234375,392.1921691894531,118.34600067138672,85.62018585205078,46.4634895324707
2021-06-04,99.30552673339844,69.92618560791016,177.16000366210938,110.5338363647461,395.7791442871094,119.96674346923828,85.66194915771484,46.881072998046875
2021-06-07,99.23625183105469,70.15733337402344,177.8699951171875,110.4417953491211,395.3951416015625,119.5979995727539,86.67278289794922,46.693580627441406
2021-06-08,99.41809844970703,70.12310028076172,177.32000732421875,110.86023712158203,395.4794616699219,120.43830871582031,87.3912353515625,46.49756622314453
2021-06-09,99.61725616455078,69.93474578857422,176.97999572753906,111.26190185546875,394.889404296875,121.50164794921875,87.50819396972656,46.4634895324707
2021-06-10,99.82506561279297,70.12740325927734,177.74000549316406,111.76396179199219,396.72503662109375,122.23051452636719,88.1347427368164,46.787330627441406
2021-06-11,99.78178405761719,70.29227447509766,175.74000549316406,111.85601043701172,397.380615234375,122.03329467773438,87.78387451171875,46.58279800415039
2021-06-14,99.53065490722656,70.41378021240234,174.7100067138672,111.44595336914062,398.27032470703125,121.0986099243164,88.12637329101562,46.77028274536133
2021-06-15,99.57395935058594,70.50054168701172,174.0500030517578,111.5296630859375,397.53985595703125,120.95283508300781,87.182373046875,46.45496368408203
2021-06-16,99.2535400390625,70.06665802001953,171.11000061035156,111.21170043945312,395.32012939453125,120.84994506835938,86.61431121826172,45.82431411743164
2021-06-17,99.56529998779297,69.58069610595703,165.85000610351562,111.83089447021484,395.1890869140625,122.65930938720703,86.50570678710938,46.08850860595703
2021-06-18,99.83372497558594,68.14012908935547,164.92999267578125,112.41667938232422,389.8578796386719,124.96604919433594,85.03539276123047,45.73056411743164
2021-06-21,99.57395935058594,69.0339584350586,166.9499969482422,111.76396179199219,395.4391174316406,122.87372589111328,86.78974151611328,45.953311920166016
2021-06-22,99.67789459228516,69.04263305664062,166.25,111.94806671142578,397.5531921386719,123.17382049560547,86.33861541748047,45.75626754760742
2021-06-23,99.6259536743164,68.60006713867188,166.13999938964844,111.77232360839844,397.073974609375,122.85652160644531,86.188232421875,46.02184295654297
2021-06-24,99.66053771972656,69.25959777832031,166.0399932861328,111.9898910522461,399.4229736328125,123.05377197265625,86.00231170654297,46.364524841308594
2021-06-25,99.46137237548828,69.40711975097656,166.58999633789062,111.6969985961914,400.84173583984375,121.77603149414062,86.58284759521484,46.74147033691406
2021-06-28,99.74713897705078,68.96454620361328,166.5800018310547,112.17401885986328,401.6497497558594,123.0280532836914,86.33045196533203,46.85283660888672
2021-06-29,99.7990951538086,68.98188781738281,164.8300018310547,112.30785369873047,401.86590576171875,123.23381805419922,86.0948715209961,46.818572998046875
2021-06-30,99.86837768554688,68.45254516601562,165.6300048828125,112.43338775634766,402.2041931152344,123.78266143798828,85.64053344726562,46.52730178833008
2021-07-01,99.81287384033203,68.61741638183594,166.1999969482422,112.33535766601562,404.4310302734375,123.78956604003906,86.01074981689453,46.27885055541992
2021-07-02,100.02965545654297,68.85173034667969,167.2899932861328,112.65392303466797,407.5222473144531,124.53652954101562,86.27154541015625,46.227447509765625
2021-07-06,100.35049438476562,68.40047454833984,168.1199951171875,113.064697265625,406.77996826171875,125.99624633789062,86.90255737304688,45.39645004272461
2021-07-07,100.5239028930664,68.77362823486328,168.75999450683594,113.45042419433594,408.2176208496094,127.1124267578125,87.20543670654297,45.43928909301758
2021-07-08,100.63665771484375,67.88847351074219,168.64999389648438,113.50907897949219,404.8914489746094,127.61046600341797,86.96145629882812,44.57401657104492
2021-07-09,100.3071517944336,69.04263305664062,169.2100067138672,113.03121185302734,409.2135314941406,125.81585693359375,88.39173126220703,45.38788604736328
2021-07-12,100.2464370727539,69.33770751953125,169.0,112.97251892089844,410.67938232421875,125.65280151367188,89.14894104003906,45.41359329223633
2021-07-13,100.02965545654297,68.97322082519531,169.22000122070312,112.55333709716797,409.279296875,124.69110107421875,87.90377044677734,45.43928909301758
2021-07-14,100.3678207397461,69.12943267822266,171.0399932861328,113.0730972290039,409.8900451660156,126.10782623291016,88.51793670654297,45.662025451660156
2021-07-15,100.58462524414062,68.46988677978516,171.07000732421875,113.31623077392578,408.4901123046875,127.49881744384766,88.66098022460938,45.704864501953125
2021-07-16,100.49789428710938,67.96656799316406,169.41000366210938,113.15696716308594,405.2860107421875,127.25840759277344,88.60204315185547,45.39645004272461
2021-07-19,101.02684020996094,66.7342758178711,169.61000061035156,113.97017669677734,399.3008728027344,130.04896545410156,86.98668670654297,44.72822570800781
2021-07-20,100.93146514892578,67.22025299072266,169.38999938964844,113.81085205078125,405.0229187011719,128.79539489746094,89.03958892822266,44.76250076293945
2021-07-21,100.60197448730469,68.2442626953125,168.75999450683594,113.40848541259766,408.3021240234375,127.16390991210938,89.03116607666016,45.148014068603516
2021-07-22,100.83606719970703,68.27029418945312,169.08999633789062,113.87798309326172,409.1571960449219,128.36610412597656,88.32443237304688,45.216548919677734
2021-07-23,100.76671600341797,68.74758911132812,168.55999755859375,113.82767486572266,413.3666076660156,127.50743103027344,89.05638885498047,44.51405334472656
2021-07-26,100.67998504638672,68.84306335449219,168.16000366210938,113.57611846923828,414.38134765625,127.12965393066406,89.09846496582031,43.665924072265625
2021-07-27,100.91410064697266,68.56536102294922,168.44000244140625,114.06240844726562,412.4927673339844,128.48629760742188,89.603271484375,42.723548889160156
2021-07-28,101.00951385498047,68.86039733886719,169.2899932861328,114.26356506347656,412.3236389160156,128.49485778808594,89.29197692871094,43.93150329589844
2021-07-29,100.84473419189453,69.33770751953125,171.1699981689453,113.93659973144531,414.0337219238281,127.78215789794922,89.30882263183594,44.085697174072266
2021-07-30,100.98348999023438,68.98188781738281,169.82000732421875,114.02883911132812,412.02288818359375,128.3832244873047,89.42659759521484,43.78586959838867
2021-08-02,101.19796752929688,69.32901763916016,169.61000061035156,114.35895538330078,411.1585388183594,129.52830505371094,89.23308563232422,44.137107849121094
2021-08-03,101.23271942138672,69.82367706298828,169.49000549316406,114.47651672363281,414.5035400390625,129.5970916748047,89.34245300292969,44.24848556518555
2021-08-04,101.22404479980469,69.61539459228516,169.52999877929688,114.5016860961914,412.4645690917969,129.8636474609375,89.0648193359375,44.359840393066406
2021-08-05,100.99826049804688,69.9538345336914,168.86000061035156,114.03141021728516,415.0766906738281,129.20164489746094,90.10808563232422,44.2227783203125
2021-08-06,100.54669189453125,69.69349670410156,164.63999938964844,113.09913635253906,415.76251220703125,127.04380798339844,89.94823455810547,43.92293167114258
2021-08-09,100.36437225341797,69.65878295898438,161.72000122070312,112.61196899414062,415.42431640625,126.58822631835938,89.4686508178711,44.0771369934082
2021-08-10,100.23409271240234,69.81499481201172,161.77000427246094,112.36003875732422,415.9410400390625,126.00363159179688,88.61891174316406,44.23991775512695
2021-08-11,100.32962036132812,70.29227447509766,164.0,112.53640747070312,416.974609375,125.9262466430664,89.1405258178711,44.40269088745117
2021-08-12,100.33829498291016,70.23153686523438,164.0399932861328,112.69596099853516,418.2243347167969,125.71994018554688,89.33405303955078,44.11140441894531
2021-08-13,100.70301818847656,70.65675354003906,166.38999938964844,113.4518814086914,418.98541259765625,127.70581817626953,89.822021484375,44.02573013305664
2021-08-16,100.75511932373047,70.29227447509766,167.22000122070312,113.51905059814453,419.97198486328125,128.01531982421875,89.712646484375,43.67448806762695
2021-08-17,100.67699432373047,69.63273620605469,166.97000122070312,113.31749725341797,417.2189636230469,127.96371459960938,89.62008666992188,42.88633346557617
2021-08-18,100.68561553955078,69.36373901367188,167.10000610351562,113.24188995361328,412.6524963378906,128.39353942871094,88.80399322509766,42.93773651123047
2021-08-19,100.85929870605469,68.67816925048828,166.61000061035156,113.50225830078125,413.2914123535156,129.33921813964844,89.23308563232422,42.278076171875
2021-08-20,100.8680191040039,68.94718933105469,166.6999969482422,113.57779693603516,416.5800476074219,129.42518615722656,89.67898559570312,42.278076171875
2021-08-23,100.8680191040039,69.58936309814453,168.72999572753906,113.66182708740234,420.2444763183594,129.33921813964844,89.51072692871094,42.88633346557617
2021-08-24,100.7203598022461,69.73689270019531,168.64999389648438,113.40148162841797,420.9115295410156,128.33340454101562,89.11530303955078,43.845829010009766
2021-08-25,100.52932739257812,69.7629165649414,167.47999572753906,113.1075210571289,421.7948303222656,127.26737976074219,89.05638885498047,43.888668060302734
2021-08-26,100.53803253173828,69.39844512939453,167.6699981689453,113.07391357421875,419.3048400878906,127.61979675292969,89.09004974365234,43.52885437011719
2021-08-27,100.81584930419922,70.03192138671875,170.19000244140625,113.70384979248047,423.0538330078125,128.48809814453125,90.0239486694336,44.0771369934082
2021-08-30,100.92877960205078,70.01457977294922,169.35000610351562,113.89702606201172,424.91424560546875,128.82339477539062,90.92418670654297,44.20564651489258
2021-08-31,100.78115844726562,69.97986602783203,169.69000244140625,113.63663482666016,424.28466796875,127.94654846191406,91.35326385498047,44.745361328125
2021-09-01,100.8133316040039,70.61337280273438,169.6999969482422,113.78304290771484,424.51025390625,128.16090393066406,92.81721496582031,45.28508377075195
2021-09-02,100.91766357421875,70.89974212646484,169.25,113.98494720458984,425.8162841796875,128.72035217285156,93.30520629882812,45.105186462402344
2021-09-03,100.74375915527344,71.2208480834961,171.05999755859375,113.57268524169922,425.712890625,127.54964447021484,93.322021484375,45.31078338623047
2021-09-07,100.47419738769531,71.27289581298828,167.7100067138672,113.03424072265625,424.19073486328125,126.47370910644531,92.27035522460938,45.6877326965332
2021-09-08,100.63941955566406,70.70883178710938,167.2899932861328,113.3960189819336,423.67401123046875,127.33453369140625,92.73307800292969,45.010948181152344
2021-09-09,100.96114349365234,70.58734130859375,168.02999877929688,114.13641357421875,421.86053466796875,128.87525939941406,90.84848022460938,45.07091522216797
2021-09-10,100.76116943359375,70.43113708496094,167.17999267578125,113.80828094482422,418.5344543457031,127.73908996582031,89.51914978027344,45.00236892700195
2021-09-13,100.89159393310547,70.98654174804688,167.74000549316406,114.0859146118164,419.6054992675781,128.5137481689453,90.1249008178711,45.148014068603516
2021-09-14,101.1176986694336,70.69147491455078,168.82000732421875,114.43084716796875,417.341064453125,130.07176208496094,89.9650650024414,44.72822570800781
2021-09-15,101.02203369140625,70.89974212646484,167.8300018310547,114.29622650146484,420.8269348144531,129.6155548095703,90.2510986328125,44.711090087890625
2021-09-16,100.84811401367188,70.78692626953125,164.02999877929688,114.13641357421875,420.15985107421875,129.0216064453125,90.32683563232422,44.24848556518555
2021-09-17,100.76116943359375,69.85839080810547,163.77000427246094,113.88398742675781,416.067138671875,128.40184020996094,89.51914978027344,44.0771369934082
2021-09-20,100.95246887207031,68.56536102294922,164.94000244140625,114.23737335205078,409.1294860839844,129.994384765625,88.97228240966797,42.87788009643555
2021-09-21,100.99595642089844,69.24224090576172,166.0399932861328,114.22898864746094,408.7430114746094,129.88238525390625,89.01432037353516,43.223731994628906
2021-09-22,101.03074645996094,69.58936309814453,165.4199981689453,114.54861450195312,412.730224609375,130.65708923339844,89.88092041015625,43.84627914428711
2021-09-23,100.53507995605469,70.34435272216797,163.50999450683594,113.75782775878906,417.74493408203125,127.70469665527344,89.7042236328125,44.05379867553711
2021-09-24,100.36113739013672,69.68482971191406,163.3000030517578,113.51383209228516,418.4330749511719,126.45651245117188,88.74507141113281,43.56959533691406
2021-09-27,100.22201538085938,69.64144134521484,163.63999938964844,113.4549331665039,417.2359619140625,125.99172973632812,87.5514144897461,43.80305480957031
2021-09-28,99.80461120605469,68.12277221679688,162.0500030517578,112.24335479736328,408.82781982421875,124.02909851074219,86.9588394165039,43.292903900146484
2021-09-29,99.87415313720703,67.96656799316406,161.32000732421875,112.21814727783203,409.5160217285156,124.24433135986328,87.6106948852539,42.94704818725586
2021-09-30,99.85675811767578,67.69754791259766,164.22000122070312,111.92366790771484,404.5107116699219,124.22709655761719,86.16305541992188,43.24102783203125
2021-10-01,100.1615982055664,67.86241912841797,164.58999633789062,112.73712158203125,409.3179626464844,125.27255249023438,87.38211822509766,43.266971588134766
2021-10-04,100.09194946289062,67.15082550048828,165.36000061035156,112.55166625976562,404.0393981933594,124.95369720458984,87.39904022216797,42.67036437988281
2021-10-05,99.85675811767578,67.61075592041016,164.58999633789062,112.08806610107422,408.243408203125,123.7470474243164,86.7979736328125,43.076744079589844
2021-10-06,99.90032958984375,67.15951538085938,165.02999877929688,112.12177276611328,409.94012451171875,124.4452133178711,87.62763214111328,42.9124641418457
2021-10-07,99.6216049194336,67.6801986694336,164.16000366210938,111.62442016601562,413.48431396484375,123.14373779296875,87.86465454101562,43.75117111206055
2021-10-08,99.40386962890625,67.67152404785156,164.22999572753906,111.11022186279297,412.730224609375,122.2818603515625,87.03502655029297,43.91544723510742
2021-10-11,99.24710083007812,67.45455932617188,163.9199981689453,110.89947509765625,409.7421875,121.97159576416016,87.25511932373047,43.794403076171875
2021-10-12,99.61289978027344,67.48927307128906,164.66000366210938,111.60755920410156,408.7336120605469,124.05729675292969,88.39798736572266,43.6733512878418
2021-10-13,99.83936309814453,68.15748596191406,167.58999633789062,112.17234802246094,410.2040100097656,125.26392364501953,89.04137420654297,44.2440185546875
2021-10-14,100.03096008300781,68.83436584472656,168.0,112.70340728759766,417.1038818359375,125.72936248779297,90.12496185302734,44.31318664550781
2021-10-15,99.78707885742188,69.40711975097656,165.3300018310547,112.29878234863281,420.280517578125,124.99678039550781,90.0572509765625,44.78874206542969
2021-10-18,99.7174072265625,69.11205291748047,164.9199981689453,112.2060546875,421.5247497558594,125.58279418945312,90.28581237792969,44.72821807861328
2021-10-19,99.43001556396484,69.52861785888672,165.4499969482422,111.59070587158203,424.7767639160156,123.85049438476562,90.3281478881836,45.23835754394531
2021-10-20,99.36030578613281,69.77159881591797,166.89999389648438,111.32096862792969,426.4452209472656,123.01443481445312,91.7503662109375,45.24700927734375
2021-10-21,99.15130615234375,69.44182586669922,166.75,111.08494567871094,427.5574951171875,122.8679428100586,91.87736511230469,44.88385772705078
2021-10-22,99.34293365478516,69.85839080810547,167.77000427246094,111.53170013427734,427.11444091796875,124.22109985351562,92.30911254882812,44.77144241333008
2021-10-25,99.4386978149414,69.71953582763672,168.92999267578125,111.58224487304688,429.4049987792969,124.0315170288086,92.60540771484375,44.935733795166016
2021-10-26,99.6216049194336,69.85839080810547,167.67999267578125,112.06277465820312,429.7914733886719,125.05706787109375,92.85935974121094,44.63311004638672
2021-10-27,99.95259857177734,69.58069610595703,168.1199951171875,112.74556732177734,427.8873596191406,127.33242797851562,92.07205963134766,44.39965057373047
2021-10-28,99.87418365478516,70.257568359375,168.0800018310547,112.57698059082031,432.0160217285156,126.90155029296875,93.35884094238281,44.356422424316406
2021-10-29,99.84803771972656,69.84970092773438,166.64999389648438,112.51795959472656,432.89263916015625,127.28931427001953,92.30911254882812,43.80305480957031
2021-11-01,99.78697204589844,70.5265884399414,167.52000427246094,112.31694030761719,433.6372985839844,126.37284851074219,92.76625061035156,44.22672653198242
2021-11-02,99.98760986328125,70.37906646728516,167.16000366210938,112.74769592285156,435.3904724121094,126.9338150024414,93.20645141601562,43.75981903076172
2021-11-03,99.78697204589844,70.95182800292969,165.77000427246094,112.46049499511719,438.0487365722656,125.62210845947266,93.51969146728516,44.07973098754883
2021-11-04,100.11849212646484,70.9084243774414,167.64999389648438,113.05179595947266,440.11297607421875,126.94243621826172,92.63079071044922,43.984622955322266
2021-11-05,100.51102447509766,71.01255798339844,169.83999633789062,113.87946319580078,441.6400146484375,128.84092712402344,93.10488891601562,44.00190734863281
2021-11-08,100.32785034179688,71.00389099121094,170.4499969482422,113.61762237548828,442.0170593261719,128.59930419921875,93.0286865234375,44.46017837524414
2021-11-09,100.60699462890625,70.8476791381836,171.2899932861328,113.92172241210938,440.5559997558594,130.27345275878906,93.18953704833984,44.356422424316406
2021-11-10,99.92656707763672,69.98855590820312,173.14999389648438,112.75613403320312,437.0118713378906,127.89166259765625,92.75778198242188,44.23536682128906
2021-11-11,99.74337768554688,70.24021911621094,174.1199951171875,112.43516540527344,437.1532287597656,127.70182037353516,92.91015625,44.996273040771484
2021-11-12,99.7259521484375,70.6220474243164,174.4499969482422,112.31694030761719,440.45233154296875,127.14088439941406,92.84244537353516,45.03084945678711
2021-11-15,99.35955810546875,70.49188995361328,174.17999267578125,111.4638671875,440.6031188964844,125.54439544677734,93.4942855834961,44.94438552856445
2021-11-16,99.32463073730469,70.33567810058594,172.9199981689453,111.2780532836914,442.34698486328125,125.2250747680664,92.87629699707031,44.927085876464844
2021-11-17,99.5601806640625,70.24889373779297,174.5,111.72572326660156,441.2724304199219,126.2175064086914,93.16413879394531,44.76280975341797
2021-11-18,99.64742279052734,70.31832122802734,173.94000244140625,111.97908782958984,442.7711486816406,126.69221496582031,93.18104553222656,44.22672653198242
2021-11-19,99.83934783935547,69.71953582763672,172.61000061035156,112.40142059326172,441.9793701171875,128.02976989746094,92.63079071044922,44.14891052246094
2021-11-22,99.35955810546875,69.31166076660156,168.74000549316406,111.42163848876953,440.7351379394531,126.5281982421875,92.17364501953125,43.690643310546875
2021-11-23,98.96699523925781,69.24224090576172,167.27999877929688,110.62769317626953,441.3195495605469,124.69866943359375,92.91862487792969,43.73387145996094
2021-11-24,99.19380187988281,68.78228759765625,167.1199951171875,111.15979766845703,442.4978332519531,126.70075988769531,94.04457092285156,43.68198776245117
2021-11-26,99.90042114257812,66.93387603759766,166.85000610351562,112.06352996826172,432.628662109375,129.9023895263672,91.4286880493164,42.40232467651367
2021-11-29,99.95275115966797,67.27230834960938,166.6199951171875,112.13957214355469,437.93560791015625,128.85818481445312,92.1059341430664,42.46284484863281
2021-11-30,100.11849212646484,66.68221282958984,165.5,112.384521484375,429.4144592285156,130.817138671875,90.36200714111328,42.532012939453125
2021-12-01,100.13771057128906,66.30037689208984,166.16000366210938,112.40056610107422,424.64483642578125,131.6240997314453,88.87207794189453,42.506080627441406
2021-12-02,100.12023162841797,67.12479400634766,165.24000549316406,112.66285705566406,431.1488037109375,131.7882843017578,91.53872680664062,43.0075798034668
2021-12-03,100.52206420898438,66.84709167480469,166.6300048828125,113.60209655761719,427.3971862792969,133.3607940673828,91.23397064208984,42.41096496582031
2021-12-06,100.17264556884766,67.48927307128906,166.22000122070312,113.02674102783203,432.4590148925781,131.52908325195312,92.83396911621094,42.68764877319336
2021-12-07,100.01538848876953,68.91246795654297,166.80999755859375,113.07749938964844,441.4043884277344,130.46630859375,94.17153930664062,43.31019592285156
2021-12-08,99.75332641601562,69.04263305664062,166.89999389648438,112.32441711425781,442.5732421875,128.21128845214844,94.8487777709961,43.56959533691406
2021-12-09,99.76204681396484,68.46988677978516,165.8800048828125,112.23133850097656,439.58514404296875,128.9283905029297,93.47737121582031,43.353431701660156
2021-12-10,99.78828430175781,68.61741638183594,166.5800018310547,112.35826873779297,443.72314453125,128.6173553466797,93.76519775390625,43.43124771118164
2021-12-13,100.13771057128906,67.97466278076172,167.0,112.8659439086914,439.79254150390625,130.51820373535156,94.64562225341797,42.765472412109375
2021-12-14,99.94554138183594,67.61268615722656,165.44000244140625,112.35826873779297,436.7667236328125,130.2071075439453,93.43502807617188,42.67036437988281
2021-12-15,99.8669204711914,68.53089141845703,166.14999389648438,112.50215148925781,443.5912170410156,128.9542999267578,94.7471923828125,42.51472854614258
2021-12-16,100.00416564941406,68.53971862792969,168.16000366210938,112.49872589111328,439.679443359375,129.00450134277344,94.71334075927734,42.62712478637695
2021-12-17,100.12659454345703,67.67447662353516,167.8000030517578,112.76155853271484,434.99993896484375,130.46632385253906,94.59480285644531,42.33314514160156
2021-12-20,99.97795867919922,67.52438354492188,167.08999633789062,112.26983642578125,430.3744201660156,129.48886108398438,93.85832214355469,41.74637985229492
2021-12-21,99.89922332763672,68.27485656738281,167.02000427246094,112.49028015136719,438.01739501953125,128.99583435058594,94.91650390625,42.453643798828125
2021-12-22,99.98664855957031,68.9105453491211,168.58999633789062,112.66830444335938,442.3970642089844,129.5927276611328,95.89006042480469,42.68939971923828
2021-12-23,99.8642578125,69.31668853759766,168.97000122070312,112.49872589111328,445.1496887207031,128.46817016601562,95.78848266601562,42.94261932373047
2021-12-27,99.9167251586914,69.85525512695312,169.3699951171875,112.8293685913086,451.4494934082031,128.7795867919922,97.41461944580078,43.08232498168945
2021-12-28,99.87300109863281,69.8817367553711,168.63999938964844,112.68521881103516,451.08062744140625,128.2692108154297,97.77350616455078,42.933895111083984
2021-12-29,99.57568359375,69.85525512695312,168.58999633789062,112.06636810302734,451.6575927734375,126.86798858642578,98.43148803710938,42.750518798828125
2021-12-30,99.7943115234375,69.67210388183594,169.8000030517578,112.51568603515625,450.40899658203125,127.93186950683594,98.8587417602539,43.30062484741211
2021-12-31,99.75933837890625,69.61018371582031,170.9600067138672,112.34613037109375,449.2738952636719,128.1827392578125,99.13218688964844,43.187110900878906
2022-01-03,99.07725524902344,70.06139373779297,168.3300018310547,111.15078735351562,451.8751220703125,124.81793212890625,98.35458374023438,43.49271774291992
2022-01-04,99.06851196289062,70.45951080322266,169.57000732421875,111.2440414428711,451.7237854003906,124.2989730834961,98.23495483398438,43.318092346191406
2022-01-05,98.762451171875,69.8402099609375,169.05999755859375,110.59124755859375,443.04974365234375,123.62423706054688,95.42359161376953,42.67193603515625
2022-01-06,98.6574935913086,69.48632049560547,166.99000549316406,110.4471206665039,442.6334533691406,123.9443130493164,95.50902557373047,42.91642761230469
2022-01-07,98.3689193725586,69.6897964477539,167.75,109.97238159179688,440.8835754394531,123.0533676147461,94.876708984375,43.134727478027344
2022-01-10,98.2814712524414,69.04396057128906,168.25999450683594,109.87065124511719,440.3349914550781,123.35614013671875,94.32982635498047,43.22203826904297
2022-01-11,98.46511840820312,69.79596710205078,170.2899932861328,110.2012710571289,444.3455810546875,124.1778564453125,94.47509002685547,44.060279846191406
2022-01-12,98.46511840820312,70.47721099853516,170.74000549316406,110.12496185302734,445.5469665527344,123.70208740234375,94.586181640625,44.73262405395508
2022-01-13,98.64002227783203,69.96407318115234,170.16000366210938,110.47254943847656,439.4078674316406,124.8006362915039,94.39817810058594,44.173789978027344
2022-01-14,98.0890884399414,69.89329528808594,169.6699981689453,109.49761962890625,439.58770751953125,122.91495513916016,93.54367065429688,44.2611083984375
2022-01-18,97.4944839477539,68.86701202392578,169.38999938964844,108.45487976074219,431.8027038574219,121.18498992919922,92.56097412109375,43.606231689453125
2022-01-19,97.704345703125,68.8050765991211,172.0800018310547,108.62442779541016,427.3191223144531,122.02404022216797,91.3133773803711,43.78086853027344
2022-01-20,97.75679016113281,68.46888732910156,171.64999389648438,108.56510162353516,422.5894775390625,122.77653503417969,90.1427001953125,44.051551818847656
2022-01-21,98.1415786743164,67.5399169921875,171.08999633789062,109.27721405029297,414.2938232421875,124.23839569091797,89.9205322265625,43.36173629760742
2022-01-24,98.02790069580078,66.86752319335938,172.02999877929688,108.93810272216797,416.05316162109375,123.21770477294922,90.09143829345703,42.78545379638672
2022-01-25,97.93169403076172,66.46055603027344,172.5800018310547,108.6329345703125,410.9736022949219,123.0186996459961,89.7325439453125,42.77671432495117
2022-01-26,97.38079833984375,66.20398712158203,169.7899932861328,107.89534759521484,409.9425354003906,121.531005859375,88.33114624023438,42.331390380859375
2022-01-27,97.704345703125,65.89434814453125,167.60000610351562,108.1412124633789,407.9183044433594,123.76264190673828,86.86991882324219,41.955936431884766
2022-01-28,97.7743148803711,66.11551666259766,167.10000610351562,108.25990295410156,418.049072265625,123.80592346191406,89.68125915527344,42.025794982910156
2022-01-31,97.76556396484375,67.0798568725586,168.08999633789062,108.3107681274414,425.5786437988281,123.16580200195312,90.78357696533203,43.370479583740234
2022-02-01,97.73139190673828,67.71687316894531,168.22999572753906,108.49085235595703,428.4542236328125,122.75694274902344,90.45887756347656,43.62369918823242
2022-02-02,97.83646392822266,68.2211685180664,168.83999633789062,108.49931335449219,432.6162414550781,123.17276000976562,91.61245727539062,43.54510498046875
2022-02-03,97.44237518310547,67.14179992675781,168.60000610351562,107.62447357177734,422.4476623535156,122.21127319335938,90.63831329345703,43.17837905883789
2022-02-04,96.82939910888672,67.30105590820312,168.86000061035156,106.55426025390625,424.4340515136719,120.40955352783203,89.7410659790039,43.20457077026367
2022-02-07,96.9169692993164,67.41606140136719,170.11000061035156,106.74959564208984,423.0719299316406,120.48754119873047,89.61290740966797,43.20457077026367
2022-02-08,96.61922454833984,67.76109313964844,170.6300048828125,106.35039520263672,426.55291748046875,119.68196868896484,89.19418334960938,43.59749984741211
2022-02-09,96.6805191040039,68.85816955566406,171.2100067138672,106.70714569091797,432.7959899902344,119.90718078613281,91.2108383178711,44.2436408996582
2022-02-10,95.78726196289062,67.98228454589844,170.55999755859375,105.25469970703125,425.02044677734375,118.00157928466797,89.0574722290039,43.99916076660156
2022-02-11,96.41779327392578,66.95600891113281,173.80999755859375,106.03612518310547,416.6396484375,119.75127410888672,88.24568176269531,43.318092346191406
2022-02-14,95.85733032226562,66.52249908447266,174.74000549316406,105.09334564208984,415.2774963378906,118.26141357421875,87.44242858886719,42.9950065612793
2022-02-15,95.69971466064453,67.743408203125,173.0800018310547,104.56671905517578,421.9747009277344,116.91881561279297,88.22859191894531,43.972965240478516
2022-02-16,95.81356811523438,67.9999771118164,174.86000061035156,104.71961975097656,422.4476623535156,117.61176300048828,88.63875579833984,44.30476760864258
2022-02-17,96.01495361328125,66.90291595458984,177.25,104.79605102539062,413.4235534667969,118.48664093017578,87.69879913330078,43.72847366333008
2022-02-18,96.21638488769531,66.61981201171875,177.1199951171875,105.05084991455078,410.7466125488281,119.73393249511719,87.16898345947266,43.387935638427734
2022-02-22,96.11128234863281,65.84123992919922,177.49000549316406,104.91494750976562,406.33856201171875,120.04573822021484,86.85283660888672,42.715599060058594
2022-02-23,95.68213653564453,65.30157470703125,178.2899932861328,103.9636459350586,399.1307067871094,118.39131927490234,85.41725158691406,42.32267379760742
2022-02-24,95.85733032226562,64.42568969726562,177.13999938964844,104.45628356933594,405.13720703125,118.46929168701172,86.85283660888672,41.466957092285156
2022-02-25,95.95365905761719,66.03589630126953,176.5500030517578,104.88097381591797,414.076171875,118.55594635009766,88.94637298583984,42.2353515625
2022-02-28,96.6454849243164,64.77957916259766,178.3800048828125,106.00215911865234,413.01678466796875,121.15448760986328,87.62187194824219,41.755104064941406
2022-03-01,97.19010925292969,63.364013671875,181.6199951171875,106.36474609375,406.7264404296875,122.55531311035156,87.16043090820312,41.18754577636719
2022-03-02,96.02367401123047,64.16027069091797,179.72999572753906,104.74758911132812,414.2086486816406,118.36595916748047,88.79257202148438,41.31851577758789
2022-03-03,96.3481674194336,62.89509963989258,180.8000030517578,105.13059997558594,412.1465148925781,119.57161712646484,89.51889038085938,40.74222946166992
2022-03-04,96.73406219482422,61.07258224487305,183.67999267578125,105.23272705078125,408.7979736328125,121.6358871459961,89.92906188964844,39.97383117675781
2022-03-07,96.17278289794922,59.135040283203125,186.41000366210938,103.95606231689453,396.7469177246094,120.70779418945312,88.15168762207031,38.55929183959961
2022-03-08,95.83073425292969,59.64817428588867,191.50999450683594,103.33476257324219,393.7389831542969,119.49354553222656,87.72443389892578,38.72519302368164
2022-03-09,95.6290283203125,62.14310073852539,185.82000732421875,103.51346588134766,404.2953796386719,118.3226547241211,89.07454681396484,39.703147888183594
2022-03-10,95.09406280517578,61.39993667602539,186.39999389648438,102.33040618896484,402.4698181152344,116.62263488769531,89.2967300415039,39.091922760009766
2022-03-11,95.07652282714844,60.73639678955078,185.08999633789062,102.28785705566406,397.3523864746094,117.01294708251953,88.58749389648438,38.29734420776367
2022-03-14,94.15567016601562,61.293758392333984,182.3000030517578,100.80693054199219,394.4483947753906,114.28083038330078,87.89533233642578,37.38051223754883
2022-03-15,94.36614227294922,61.877681732177734,178.88999938964844,101.59844207763672,403.12249755859375,114.08135986328125,88.48494720458984,37.363040924072266
2022-03-16,94.43629455566406,64.09835052490234,180.00999450683594,102.46659088134766,412.06146240234375,115.20021057128906,89.53597259521484,40.270713806152344
2022-03-17,94.59418487548828,64.63802337646484,180.88999938964844,103.4709243774414,417.21673583984375,114.34152221679688,90.92031860351562,39.97383117675781
2022-03-18,94.80464935302734,65.26618194580078,179.3000030517578,103.6751708984375,421.7863464355469,115.73793029785156,90.92031860351562,40.60251998901367
2022-03-21,93.87499237060547,64.85920715332031,180.6699981689453,102.23683166503906,421.6630859375,113.05789947509766,90.3648910522461,40.089351654052734
2022-03-22,93.6207046508789,65.46965789794922,179.36000061035156,101.9899673461914,426.5970458984375,111.60942077636719,90.59559631347656,40.71110916137695
2022-03-23,94.00655364990234,64.6203384399414,181.80999755859375,102.27937316894531,421.1031188964844,114.05532836914062,89.57918548583984,40.43088912963867
2022-03-24,93.79606628417969,65.22193145751953,183.1300048828125,102.3218994140625,427.4510192871094,113.1619644165039,90.14622497558594,40.67607879638672
2022-03-25,93.05062866210938,65.25733947753906,182.3800048828125,101.51334381103516,429.5386047363281,111.59207916259766,91.27178955078125,40.3608283996582
2022-03-28,93.27865600585938,65.04499816894531,179.05999755859375,102.0750732421875,432.5938720703125,112.546142578125,92.24267578125,40.492183685302734
2022-03-29,93.7171630859375,66.48709869384766,179.13999938964844,102.93472290039062,437.9454040527344,113.39615631103516,94.9491195678711,41.11392593383789
2022-03-30,93.97151184082031,66.21282958984375,180.5800018310547,103.17304992675781,435.2412414550781,114.28083038330078,94.26176452636719,41.061378479003906
2022-03-31,93.9276351928711,65.11577606201172,180.64999389648438,102.93472290039062,428.542236328125,114.55835723876953,93.11045837402344,40.39585876464844
2022-04-01,93.76077270507812,65.7262191772461,179.5,103.2801513671875,429.7568359375,114.99446105957031,94.92334747314453,41.166465759277344
2022-04-04,93.83979034423828,65.99165344238281,180.3699951171875,103.63835906982422,433.4383239746094,114.19529724121094,94.45938110351562,41.88454055786133
2022-04-05,92.8912124633789,65.09808349609375,179.24000549316406,101.82162475585938,427.9634704589844,111.61534118652344,93.99540710449219,41.14895248413086
2022-04-06,92.65408325195312,64.31951141357422,179.66000366210938,101.22459411621094,423.6841125488281,110.71189880371094,95.11237335205078,40.6935920715332
2022-04-07,92.45203399658203,64.4610824584961,180.33999633789062,100.7555160522461,425.81903076171875,109.87799072265625,94.16724395751953,40.39585876464844
2022-04-08,91.98654174804688,64.48762512207031,181.47000122070312,99.96229553222656,424.68048095703125,108.68791198730469,94.32190704345703,40.47467041015625
2022-04-11,91.59132385253906,63.80638122558594,182.3699951171875,98.98993682861328,417.421630859375,106.96792602539062,93.30805206298828,39.96677017211914
2022-04-12,91.88115692138672,63.328643798828125,183.77000427246094,99.05818939208984,415.8749694824219,106.82026672363281,93.17059326171875,39.809139251708984
2022-04-13,92.06561279296875,64.0098648071289,184.64999389648438,99.56995391845703,420.6382141113281,107.03746795654297,93.83216094970703,40.23822784423828
2022-04-14,91.31903076171875,63.71791076660156,184.0399932861328,98.40997314453125,415.4005126953125,104.89183044433594,93.42833709716797,39.800376892089844
2022-04-18,91.03797149658203,63.346317291259766,184.61000061035156,97.65938568115234,415.5713806152344,104.3706283569336,93.05030059814453,39.633995056152344
2022-04-19,90.48462677001953,63.64714050292969,181.82000732421875,96.88323211669922,422.27978515625,103.58880615234375,95.0779800415039,39.43259048461914
2022-04-20,91.00281524658203,64.0718002319336,182.7100067138672,97.88966369628906,421.9666748046875,105.6736068725586,96.65890502929688,39.17863464355469
2022-04-21,90.50218963623047,63.381710052490234,182.05999755859375,96.84912109375,415.65673828125,104.89183044433594,95.98873138427734,38.46931838989258
2022-04-22,90.41436767578125,62.34658432006836,180.2899932861328,96.7382583618164,404.25146484375,104.23165893554688,94.3047103881836,38.162837982177734
2022-04-25,91.0204086303711,62.0457878112793,177.0500030517578,97.81293487548828,406.5951232910156,105.2740249633789,94.06414794921875,37.76876449584961
2022-04-26,91.30146789550781,60.31170654296875,177.32000732421875,97.76173400878906,394.8197937011719,106.33379364013672,92.51761627197266,37.00691223144531
2022-04-27,90.93254852294922,60.58598709106445,175.97999572753906,96.82353973388672,395.929931640625,104.97000885009766,91.90758514404297,37.52356719970703
2022-04-28,90.89743041992188,61.44416427612305,176.92999267578125,97.11354064941406,405.9309387207031,105.1263656616211,93.60016632080078,38.01396179199219
2022-04-29,90.35286712646484,60.727542877197266,176.91000366210938,96.0388412475586,390.9294128417969,103.76254272460938,89.30423736572266,38.04022979736328
2022-05-02,89.86103057861328,60.57714080810547,173.6300048828125,95.46952819824219,393.28265380859375,101.9639663696289,87.14766693115234,37.9614143371582
2022-05-03,90.06342315673828,61.028350830078125,174.08999633789062,96.08500671386719,395.0854797363281,102.65138244628906,88.2302474975586,38.25040054321289
2022-05-04,90.64411163330078,62.09886932373047,175.8000030517578,97.02534484863281,407.1170349121094,103.21699523925781,89.24408721923828,38.626956939697266
2022-05-05,89.74664306640625,60.09938430786133,175.1300048828125,95.53789520263672,392.64691162109375,100.38899230957031,86.86412811279297,37.225830078125
2022-05-06,89.36829376220703,59.515464782714844,175.4199981689453,94.72579193115234,390.30328369140625,98.90973663330078,85.83309936523438,36.71793746948242
2022-05-09,89.80821990966797,57.71947479248047,172.8800048828125,95.05918884277344,377.80682373046875,99.7798843383789,82.05266571044922,35.7283935546875
2022-05-10,90.08099365234375,58.15299606323242,171.4199981689453,95.46097564697266,378.6796875,100.6848373413086,80.55766296386719,35.87726593017578
2022-05-11,90.41535949707031,57.80794143676758,172.82000732421875,95.905517578125,372.6640319824219,102.6252670288086,80.38583374023438,35.623313903808594
2022-05-12,90.58252716064453,57.6663932800293,170.1699981689453,95.94824981689453,372.27490234375,102.43385314941406,81.01304626464844,35.44816589355469
2022-05-13,90.19537353515625,59.267738342285156,168.7899932861328,95.44388580322266,381.1752014160156,100.91976928710938,83.15242004394531,36.3238639831543
2022-05-16,90.39775085449219,59.32082748413086,170.39999389648438,95.57209777832031,379.62860107421875,100.81533813476562,82.62830352783203,36.24505615234375
2022-05-17,89.90502166748047,60.42674255371094,169.3300018310547,95.02503204345703,387.4376525878906,99.59716033935547,83.75386047363281,37.076961517333984
2022-05-18,90.26576232910156,58.98462677001953,169.4199981689453,95.37550354003906,371.8194580078125,101.7203140258789,81.32235717773438,36.271324157714844
2022-05-19,90.49454498291016,59.55084991455078,171.91000366210938,95.63197326660156,369.5422058105469,101.9639663696289,80.96150207519531,36.7967414855957
2022-05-20,90.76729583740234,59.957828521728516,172.02999877929688,96.10208129882812,369.70361328125,103.12124633789062,81.47700500488281,36.93686294555664
2022-05-23,90.46813201904297,60.97526168823242,172.8300018310547,95.7601547241211,376.6207275390625,101.4244613647461,82.42211151123047,37.19956588745117
2022-05-24,91.16321563720703,60.87794876098633,174.1300048828125,97.01678466796875,373.74566650390625,103.42581939697266,83.11804962158203,36.534034729003906
2022-05-25,91.54159545898438,60.89563751220703,173.0800018310547,98.01696014404297,377.04766845703125,103.83480072021484,83.82259368896484,36.735443115234375
2022-05-26,91.47119140625,61.568023681640625,172.75999450683594,98.04263305664062,384.5816650390625,103.36491394042969,83.92568969726562,37.287132263183594
2022-05-27,91.62075805664062,62.31120300292969,172.85000610351562,98.55552673339844,394.0227966308594,103.61724853515625,86.1767807006836,37.6899528503418
2022-05-31,91.0400390625,61.93960952758789,171.13999938964844,97.82888793945312,391.8119201660156,101.4244613647461,85.1199722290039,38.215370178222656
2022-06-01,90.66631317138672,61.28492736816406,172.22999572753906,97.25819396972656,388.6427307128906,101.30855560302734,84.41543579101562,37.9614143371582
2022-06-02,90.78092193603516,62.558921813964844,174.35000610351562,97.30104064941406,396.0438537597656,101.36083984375,85.57534790039062,38.64446258544922
2022-06-03,90.63106536865234,61.665348052978516,172.5800018310547,96.99259948730469,389.544189453125,101.14289093017578,84.43263244628906,38.04022979736328
2022-06-06,90.07574462890625,61.91307067871094,171.82000732421875,96.30703735351562,390.7301940917969,99.2774658203125,84.16627502441406,38.25040054321289
2022-06-07,90.41951751708984,62.09886932373047,172.94000244140625,96.8211898803711,394.4781799316406,100.34965515136719,85.326171875,38.44305419921875
2022-06-08,90.0492935180664,61.23183059692383,172.77999877929688,96.26421356201172,390.18939208984375,99.4605484008789,83.35862731933594,38.583168029785156
2022-06-09,89.95234680175781,59.945919036865234,172.22999572753906,95.63011169433594,380.9095764160156,99.79177856445312,81.38249206542969,37.751251220703125
2022-06-10,89.2560043334961,58.499053955078125,174.5399932861328,94.70465087890625,369.8648681640625,99.1728515625,79.57820129394531,37.453521728515625
2022-06-13,87.79277801513672,56.563846588134766,169.92999267578125,92.5195541381836,355.82171630859375,96.06090545654297,75.60014343261719,36.236297607421875
2022-06-14,87.27272033691406,56.030311584472656,168.57000732421875,92.0396728515625,354.74957275390625,94.84925842285156,75.02448272705078,36.761714935302734
2022-06-15,88.24232482910156,57.07929992675781,170.77000427246094,93.47927856445312,359.8069152832031,96.61878204345703,76.80300903320312,37.30464553833008
2022-06-16,88.45386505126953,55.82231903076172,172.69000244140625,93.58208465576172,347.8987731933594,97.38591003417969,74.78390502929688,36.139976501464844
2022-06-17,88.44505310058594,55.596248626708984,171.27000427246094,93.7706069946289,348.6487731933594,97.69970703125,75.35098266601562,36.297603607177734
2022-06-21,88.09249114990234,56.43723678588867,170.6300048828125,92.8280258178711,357.42547607421875,96.04350280761719,76.39918518066406,36.876319885253906
2022-06-22,88.84171295166016,56.05744171142578,171.30999755859375,93.50495910644531,356.7774963378906,98.68474578857422,77.3700942993164,36.267601013183594
2022-06-23,89.2118911743164,55.994140625,170.25999450683594,94.2247543334961,360.2748718261719,99.49539947509766,78.84001159667969,36.44404602050781
2022-06-24,89.07088470458984,57.667091369628906,170.08999633789062,94.33616638183594,371.72943115234375,98.11812591552734,80.51746368408203,37.22038650512695
2022-06-27,88.67424774169922,57.42293167114258,169.89999389648438,93.47071838378906,370.3094482421875,97.28131103515625,80.39640808105469,37.246856689453125
2022-06-28,88.70948028564453,57.034080505371094,169.6199951171875,93.44498443603516,362.7430725097656,97.73458099365234,79.41932678222656,36.99983215332031
2022-06-29,89.22074890136719,56.817054748535156,169.49000549316406,94.0019760131836,362.44757080078125,99.2600326538086,78.92648315429688,36.90279006958008
2022-06-30,89.62620544433594,56.50959014892578,168.4600067138672,94.28473663330078,359.5029296875,100.13174438476562,78.77948760986328,36.74400329589844
2022-07-01,90.37327575683594,56.645233154296875,168.32000732421875,95.47650146484375,363.3052673339844,101.15975952148438,80.19752502441406,36.5234375
2022-07-05,90.54104614257812,55.4334716796875,164.75,95.45072174072266,363.99139404296875,101.95458221435547,79.97270202636719,36.2323112487793
2022-07-06,89.9317398071289,55.47868728637695,162.13999938964844,94.9781494140625,365.2207336425781,100.24268341064453,79.82572174072266,35.985294342041016
2022-07-07,89.72864532470703,56.31968307495117,162.22999572753906,94.96952819824219,370.6907043457031,99.36050415039062,80.04188537597656,36.73516845703125
2022-07-08,89.39306640625,56.38298416137695,162.3000030517578,94.81489562988281,370.3857727050781,98.260009765625,79.61820983886719,36.64695358276367
2022-07-11,89.80809783935547,55.46964645385742,161.42999267578125,95.08125305175781,366.154541015625,99.95442962646484,79.44525146484375,35.7382698059082
2022-07-12,89.9317398071289,55.46060562133789,160.8300018310547,95.21874237060547,362.9145202636719,100.5483627319336,79.13399505615234,35.60594940185547
2022-07-13,90.25847625732422,55.4334716796875,161.60000610351562,95.93189239501953,361.00860595703125,101.7012710571289,78.75354766845703,35.50008010864258
2022-07-14,89.94055938720703,54.65577697753906,159.3300018310547,95.32184600830078,360.1318664550781,100.87152099609375,78.04451751708984,35.26188659667969
2022-07-15,90.2938003540039,55.52391052246094,159.00999450683594,96.08655548095703,367.01226806640625,101.43925476074219,79.3674545288086,35.38539505004883
2022-07-18,90.00238037109375,55.74998092651367,159.16000366210938,95.41635131835938,363.9818420410156,100.38241577148438,78.805419921875,35.553016662597656
2022-07-19,89.87876892089844,57.269203186035156,159.5399932861328,95.68270111083984,373.81634521484375,99.84088897705078,80.84603118896484,36.05587387084961
2022-07-20,89.81694030761719,56.889400482177734,158.0399932861328,95.57960510253906,376.1987609863281,100.10291290283203,80.65579223632812,35.9058952331543
2022-07-21,90.5675277709961,57.4771842956543,160.27000427246094,96.88561248779297,380.0296325683594,101.83231353759766,81.29563903808594,36.34700012207031
2022-07-22,91.27399444580078,57.33250427246094,160.6699981689453,97.63314819335938,376.5036926269531,103.54419708251953,81.71932220458984,35.97646713256836
2022-07-25,90.93842315673828,57.77560806274414,160.22999572753906,96.80829620361328,376.9610595703125,102.5310287475586,81.8576889038086,36.14409255981445
2022-07-26,90.9207763671875,56.97078323364258,160.0399932861328,96.79110717773438,372.50128173828125,102.60964965820312,81.94414520263672,35.80002975463867
2022-07-27,91.23866271972656,58.31818389892578,161.6699981689453,97.43553161621094,382.1737976074219,102.03316497802734,82.43700408935547,36.505794525146484
2022-07-28,91.89215850830078,58.61660385131836,163.63999938964844,98.24317932128906,386.9671936035156,102.84546661376953,85.10881805419922,36.6204833984375
2022-07-29,91.90099334716797,59.43047332763672,164.10000610351562,98.4751968383789,392.608642578125,102.56596374511719,85.56709289550781,36.45286178588867
2022-08-01,92.21952056884766,59.51185989379883,165.02999877929688,98.66983032226562,391.446044921875,105.03612518310547,84.87535858154297,36.2323112487793
2022-08-02,91.2728042602539,58.562347412109375,164.0500030517578,97.46400451660156,388.8635559082031,102.8135757446289,83.785888671875,36.02058792114258
2022-08-03,91.6797866821289,58.905975341796875,164.4499969482422,98.52339935302734,394.9529724121094,104.43235778808594,84.0539321899414,36.21467208862305
2022-08-04,91.90098571777344,59.20439910888672,167.1699981689453,98.67845153808594,394.6861572265625,104.39735412597656,83.92420959472656,36.51461410522461
2022-08-05,90.87464904785156,58.788421630859375,165.2899932861328,97.34342193603516,394.01904296875,101.9123306274414,84.1576919555664,36.505794525146484
2022-08-08,91.2905044555664,58.924068450927734,166.69000244140625,97.73101043701172,393.5616149902344,103.55733489990234,84.9099349975586,36.58519744873047
2022-08-09,91.0870132446289,58.6075553894043,167.1999969482422,97.2917709350586,391.998779296875,103.15483093261719,85.37686157226562,36.505794525146484
2022-08-10,91.3170394897461,59.92783737182617,166.77999877929688,98.21334838867188,400.2323303222656,102.4810791015625,86.67385864257812,36.96454620361328
2022-08-11,90.83040618896484,59.909751892089844,166.33999633789062,97.26590728759766,400.2323303222656,100.0923080444336,86.4663314819336,37.140995025634766
2022-08-12,91.23741912841797,60.370941162109375,167.8699951171875,98.39422607421875,407.0079345703125,101.10733032226562,87.95355224609375,37.52915954589844
2022-08-15,91.35240173339844,60.00922775268555,165.7100067138672,98.32530975341797,408.6850891113281,101.01982879638672,88.30807495117188,37.38800048828125
2022-08-16,91.21969604492188,59.99113082885742,165.4199981689453,97.94635772705078,409.4855651855469,101.43984985351562,88.07462310791016,37.40565490722656
2022-08-17,90.67996978759766,59.51185989379883,164.35000610351562,97.02471923828125,406.5790100097656,100.38107299804688,87.54715728759766,37.31742858886719
2022-08-18,90.87464904785156,59.31291198730469,163.9199981689453,97.2745361328125,407.76068115234375,100.52982330322266,86.96784973144531,37.0792350769043
2022-08-19,90.2376480102539,58.499053955078125,162.72000122070312,96.12041473388672,402.28125,98.91104888916016,86.05130004882812,36.66459655761719
2022-08-22,89.84831237792969,57.50431823730469,161.63999938964844,95.47443389892578,393.90472412109375,98.57853698730469,84.17498016357422,36.40875244140625
2022-08-23,89.81295776367188,57.53144454956055,162.77000427246094,95.5777816772461,392.9517822265625,98.03604125976562,83.09415435791016,36.63813018798828
2022-08-24,89.57404327392578,57.603790283203125,163.25,95.29354095458984,394.2096252441406,97.31855010986328,83.56971740722656,36.66459655761719
2022-08-25,90.06952667236328,58.23679733276367,163.75,96.27544403076172,399.7748718261719,98.6748046875,84.81483459472656,37.34389114379883
2022-08-26,89.90141296386719,56.70853805541992,161.75999450683594,95.69835662841797,386.2428894042969,99.41857147216797,82.67910766601562,36.84986114501953
2022-08-29,89.46786499023438,56.581932067871094,161.86000061035156,94.99210357666016,383.6890563964844,98.59603881835938,81.93551635742188,36.67341995239258
2022-08-30,89.58289337158203,56.17499923706055,160.50999450683594,95.11268615722656,379.4769287109375,98.84105682373047,80.80281066894531,36.2323112487793
2022-08-31,89.1051025390625,55.795196533203125,159.27000427246094,94.11356353759766,376.5894775390625,97.89603424072266,80.42233276367188,36.285240173339844
2022-09-01,88.71855926513672,55.04462432861328,157.8699951171875,93.54696655273438,377.7711486816406,96.10374450683594,80.56932067871094,36.117618560791016
2022-09-02,88.9756851196289,54.68291091918945,159.25999450683594,93.61608123779297,373.7877502441406,96.64738464355469,79.44525146484375,35.82649612426758
2022-09-06,88.14232635498047,54.547264099121094,158.3300018310547,92.3464584350586,372.3774108886719,94.2535629272461,80.16294860839844,35.517723083496094
2022-09-07,88.75401306152344,55.02653884887695,159.94000244140625,93.60745239257812,379.0671691894531,95.74423217773438,81.72797393798828,35.81767654418945
2022-09-08,88.47032165527344,55.06270980834961,158.97999572753906,93.39153289794922,381.5448913574219,94.76214599609375,81.9527816772461,35.71181869506836
2022-09-09,88.46146392822266,56.46437072753906,159.82000732421875,93.60745239257812,387.4722595214844,94.97260284423828,82.84339141845703,36.18820571899414
2022-09-12,88.32846069335938,57.25111770629883,160.6300048828125,93.40013885498047,391.6366882324219,94.19219970703125,83.64752960205078,36.74400329589844
2022-09-13,87.83201599121094,55.261661529541016,158.5399932861328,92.72650146484375,374.6073303222656,94.411376953125,80.44827270507812,35.57948303222656
2022-09-14,87.94725799560547,55.44252014160156,157.92999267578125,93.16697692871094,376.03680419921875,94.73584747314453,79.53173065185547,35.75591278076172
2022-09-15,87.68130493164062,54.954200744628906,154.97999572753906,92.71786499023438,371.7674560546875,94.67444610595703,78.06180572509766,35.447139739990234
2022-09-16,87.6192398071289,54.61960983276367,155.83999633789062,92.5019302368164,368.9313659667969,93.88526916503906,78.0704574584961,34.99721908569336
2022-09-19,87.48623657226562,54.809505462646484,155.9600067138672,92.65737915039062,371.79241943359375,94.1044921875,77.95804595947266,35.13938903808594
2022-09-20,87.09612274169922,53.87808609008789,155.07000732421875,91.73321533203125,367.5247497558594,93.1662826538086,76.064453125,35.01420593261719
2022-09-21,87.37098693847656,53.1727294921875,155.7899932861328,92.0787124633789,361.11370849609375,94.72708129882812,74.86256408691406,34.43301773071289
2022-09-22,86.44009399414062,53.01899719238281,155.6999969482422,90.78316497802734,358.0804138183594,92.30692291259766,73.91143035888672,34.33466720581055
2022-09-23,86.17411804199219,51.32795715332031,153.00999450683594,90.5240707397461,352.0809020996094,92.6839828491211,72.92901611328125,33.54783630371094
2022-09-26,85.06590270996094,50.5683479309082,151.22999572753906,88.95213317871094,348.5978088378906,90.9127426147461,70.8837890625,33.0828857421875
2022-09-27,84.70244598388672,50.2247200012207,151.5399932861328,87.6134033203125,347.7079162597656,88.5188980102539,69.93982696533203,33.064998626708984
2022-09-28,86.06773376464844,51.43648147583008,154.69000244140625,89.37532806396484,354.549560546875,91.48269653320312,71.39073944091797,33.32430648803711
2022-09-29,85.61560821533203,50.83059310913086,154.66000366210938,88.7103042602539,347.1434020996094,91.00920104980469,69.29306030273438,32.67158889770508
2022-09-30,85.41168212890625,50.64973449707031,154.6699981689453,88.4857177734375,341.77532958984375,89.83418273925781,70.0709457397461,32.62687301635742
2022-10-03,86.10562896728516,51.653507232666016,158.42999267578125,90.1226806640625,350.798583984375,91.2616195678711,71.32080841064453,33.127593994140625
2022-10-04,86.33660125732422,53.72434997558594,160.6999969482422,90.53861236572266,361.66864013671875,91.00672149658203,72.7629623413086,34.05748748779297
2022-10-05,85.88348388671875,53.154640197753906,159.80999755859375,89.85405731201172,360.8265686035156,90.13658905029297,71.33829498291016,34.120079040527344
2022-10-06,85.54586029052734,52.22321701049805,159.6300048828125,89.64605712890625,357.10443115234375,89.63553619384766,69.35424041748047,33.878658294677734
2022-10-07,85.09271240234375,51.39126205444336,157.8800048828125,88.75350189208984,347.1434020996094,88.76539611816406,67.6848373413086,33.208065032958984
2022-10-10,84.71066284179688,51.10188293457031,155.47999572753906,87.95626831054688,344.4927978515625,87.38540649414062,67.04679107666016,32.75204849243164
2022-10-11,84.76395416259766,50.541221618652344,155.16000366210938,87.77428436279297,342.3111572265625,87.7721939086914,67.72854614257812,32.24239730834961
2022-10-12,84.83503723144531,50.37844467163086,155.99000549316406,87.6703109741211,341.18206787109375,88.2028579711914,67.02057647705078,32.23345947265625
2022-10-13,84.5684814453125,51.41839599609375,154.91000366210938,87.8262710571289,350.18621826171875,87.35907745361328,68.24421691894531,32.3586311340332
2022-10-14,84.1064453125,50.64973449707031,152.97999572753906,86.98571014404297,342.2059020996094,86.63833618164062,66.54859924316406,31.884748458862305
2022-10-17,84.28416442871094,51.89767074584961,153.4199981689453,87.40164184570312,350.99957275390625,86.2164306640625,69.05706787109375,32.69840621948242
2022-10-18,84.42632293701172,52.2684326171875,153.75,87.92160034179688,355.1236572265625,86.41859436035156,69.80873107910156,32.70735168457031
2022-10-19,83.69773864746094,51.626380920410156,151.69000244140625,86.71708679199219,352.6070861816406,84.84526062011719,68.06941223144531,32.135101318359375
2022-10-20,83.1913070678711,51.50882339477539,151.4499969482422,85.96317291259766,349.650390625,83.39500427246094,67.77225494384766,32.38546371459961
2022-10-21,83.31570434570312,52.44024658203125,154.14999389648438,86.20581817626953,358.1473693847656,81.89199829101562,68.3053970336914,32.85934829711914
2022-10-24,83.20016479492188,52.44928741455078,153.64999389648438,86.1624755859375,362.5299072265625,81.21521759033203,68.29666900634766,31.580739974975586
2022-10-25,84.0176010131836,53.60679244995117,154.0,87.31501770019531,368.3189392089844,83.57958984375,70.97994232177734,31.84004020690918
2022-10-26,84.39079284667969,54.113197326660156,154.97999572753906,87.713623046875,365.54400634765625,84.78373718261719,70.93622589111328,32.269222259521484
2022-10-27,84.81727600097656,53.60679244995117,154.74000549316406,88.12091064453125,363.592041015625,85.67149353027344,71.04112243652344,32.03675079345703
2022-10-28,84.6040267944336,54.14033126831055,153.16000366210938,88.30288696289062,372.2420654296875,85.08259582519531,72.60562133789062,31.813217163085938
2022-10-31,84.31969451904297,53.6339225769043,151.91000366210938,87.8262710571289,369.55322265625,84.47611999511719,72.5269775390625,31.696977615356445
2022-11-01,84.47643280029297,54.05894088745117,153.4600067138672,88.45817565917969,367.9361877441406,85.26555633544922,72.500732421875,32.224517822265625
2022-11-02,84.33394622802734,53.27220153808594,152.38999938964844,88.03224182128906,358.7023620605469,84.89550018310547,70.5079574584961,31.983108520507812
2022-11-03,84.02222442626953,52.82005310058594,151.80999755859375,87.7193603515625,355.0088806152344,84.4373550415039,70.41182708740234,32.24239730834961
2022-11-04,84.01335144042969,54.93611145019531,156.47000122070312,87.89321899414062,360.1185607910156,83.01875305175781,71.37325286865234,33.556766510009766
2022-11-07,83.74620056152344,55.10792541503906,155.85000610351562,87.57160186767578,363.56329345703125,82.19049835205078,71.37325286865234,33.49418640136719
2022-11-08,84.1024398803711,55.73189926147461,159.4499969482422,87.93668365478516,365.52490234375,83.0892333984375,71.59174346923828,33.637245178222656
2022-11-09,84.20039367675781,54.954200744628906,158.64999389648438,87.71067810058594,357.9942932128906,83.36236572265625,70.85758209228516,33.02029800415039
2022-11-10,86.00814056396484,58.03784942626953,163.47999572753906,90.6485595703125,377.66754150390625,86.56963348388672,76.04056549072266,34.1290168762207
2022-11-11,85.9458236694336,59.19535446166992,164.55999755859375,90.89193725585938,381.32281494140625,86.25241088867188,76.03182983398438,34.81749725341797
2022-11-14,85.70537567138672,58.57138442993164,164.9199981689453,90.43126678466797,378.0789794921875,86.0409927368164,74.17887878417969,34.701255798339844
2022-11-15,86.33767700195312,58.96023941040039,165.5,91.69159698486328,381.30364990234375,87.43314361572266,74.98300170898438,35.470218658447266
2022-11-16,86.8719711303711,58.8245964050293,165.1199951171875,92.47386932373047,378.3948059082031,89.34514617919922,74.3012466430664,34.90692138671875
2022-11-17,86.50686645507812,58.79745864868164,163.9199981689453,91.97843170166016,377.2369689941406,88.40234375,73.79431915283203,35.09468078613281
2022-11-18,86.38218688964844,58.9150276184082,162.7899932861328,91.9697494506836,378.9497985839844,87.79438781738281,74.72952270507812,34.844329833984375
2022-11-21,86.3287353515625,58.471923828125,161.8800048828125,91.8306655883789,377.5719299316406,88.16444396972656,75.12281799316406,34.52244186401367
2022-11-22,86.77403259277344,59.28578186035156,162.07000732421875,92.64773559570312,382.6528625488281,89.41564178466797,75.53363037109375,34.611846923828125
2022-11-23,87.29051208496094,59.9368782043457,163.0800018310547,93.57776641845703,385.064208984375,90.97521209716797,75.59480285644531,34.799617767333984
2022-11-25,87.3083267211914,60.24433898925781,163.22000122070312,93.67337036132812,384.9780578613281,90.6668472290039,76.07552337646484,34.674434661865234
2022-11-28,87.1658706665039,59.466644287109375,161.92999267578125,92.99540710449219,378.8348693847656,90.92234802246094,74.03903198242188,34.59396743774414
2022-11-29,86.85417938232422,59.63846206665039,162.72999572753906,92.53472900390625,378.184326171875,89.856201171875,75.26268005371094,35.27350997924805
2022-11-30,87.53097534179688,60.69649887084961,164.80999755859375,93.66468048095703,390.0973205566406,90.51703643798828,76.98452758789062,36.23023223876953
2022-12-01,88.25935363769531,61.284278869628906,167.83999633789062,94.83663177490234,389.8102722167969,93.40869903564453,76.81845092773438,36.140811920166016
2022-12-02,88.62528228759766,61.239070892333984,167.25999450683594,95.41212463378906,389.36053466796875,94.5833740234375,76.59119415283203,36.364349365234375
2022-12-05,87.92909240722656,60.43424987792969,164.38999938964844,94.60118865966797,382.35626220703125,93.25851440429688,75.1927490234375,35.99774932861328
2022-12-06,88.18794250488281,60.16295623779297,164.83999633789062,94.88892364501953,376.8446044921875,94.459716796875,74.48479461669922,36.02458190917969
2022-12-07,88.97341918945312,60.16295623779297,166.3300018310547,95.94405364990234,376.20355224609375,96.6854019165039,74.63336181640625,35.80998992919922
2022-12-08,88.70561981201172,60.47041702270508,166.47000122070312,95.63884735107422,379.1507263183594,96.42044830322266,75.15779113769531,36.221290588378906
2022-12-09,88.17900085449219,60.506591796875,167.05999755859375,94.92382049560547,376.318359375,93.91211700439453,75.01795196533203,35.91728210449219
2022-12-12,88.19686126708984,60.68745040893555,165.67999267578125,94.80172729492188,381.7438659667969,94.21240997314453,75.59480285644531,35.81892776489258
2022-12-13,88.78596496582031,61.54816818237305,168.50999450683594,95.6301498413086,384.63360595703125,95.12211608886719,76.99325561523438,36.00669479370117
2022-12-14,88.98233032226562,61.49368667602539,168.10000610351562,95.71731567382812,382.1744689941406,95.52839660644531,76.46884155273438,36.06929016113281
2022-12-15,89.11296081542969,59.9229736328125,165.35000610351562,95.79779815673828,372.8258056640625,95.90111541748047,75.44622802734375,35.371856689453125
2022-12-16,88.88033294677734,59.39637756347656,166.7899932861328,95.38670349121094,368.4241638183594,94.82984161376953,73.49713134765625,35.327152252197266
2022-12-19,88.33462524414062,59.25111770629883,166.32000732421875,94.42462158203125,365.3000183105469,93.23622131347656,72.56192016601562,35.39530944824219
2022-12-20,87.7352294921875,59.48716735839844,169.0800018310547,93.31385040283203,365.7999267578125,91.58062744140625,72.37837219238281,35.27717208862305
2022-12-21,87.97677612304688,60.10456085205078,168.8000030517578,93.95232391357422,371.2695617675781,91.810791015625,72.99891662597656,35.60432434082031
2022-12-22,87.94994354248047,59.614288330078125,166.75999450683594,93.92608642578125,365.97296142578125,91.79312896728516,72.69224548339844,35.286258697509766
2022-12-23,87.64580535888672,59.82310104370117,167.25999450683594,93.637451171875,368.0780944824219,90.4473876953125,73.33930206298828,35.21356201171875
2022-12-27,87.01058959960938,59.91389465332031,168.6699981689453,92.43047332763672,366.6265563964844,88.65894317626953,73.3127212524414,35.767887115478516
2022-12-28,86.85850524902344,59.27835464477539,167.91000366210938,92.14186096191406,362.07025146484375,88.13658905029297,72.06291198730469,35.249916076660156
2022-12-29,87.18057250976562,60.21350860595703,168.85000610351562,92.79781341552734,368.5875244140625,89.13705444335938,73.64068603515625,35.8587646484375
2022-12-30,86.76905059814453,59.59612274169922,169.63999938964844,92.21183776855469,367.61669921875,88.14545440673828,73.10884857177734,35.422569274902344
2023-01-03,87.27896881103516,60.12272262573242,171.05999755859375,92.85031127929688,366.0690612792969,89.82762145996094,73.17975616455078,35.804237365722656
2023-01-04,87.76207733154297,60.92169189453125,172.6699981689453,93.52375793457031,368.8952331542969,91.05826568603516,74.83731079101562,36.73115158081055
2023-01-05,87.69047546386719,60.313377380371094,170.52000427246094,93.45378875732422,364.684814453125,91.43896484375,72.82521057128906,36.62210464477539
2023-01-06,88.64773559570312,61.85685348510742,173.7100067138672,94.98439025878906,373.0478210449219,93.12114715576172,74.78412628173828,37.24913787841797
2023-01-09,88.87139892578125,62.120147705078125,174.10000610351562,95.36046600341797,372.83636474609375,93.61692810058594,74.81070709228516,37.449058532714844
2023-01-10,88.53142547607422,62.301734924316406,174.74000549316406,95.03684997558594,375.4509582519531,92.06755065917969,74.97911071777344,37.712589263916016
2023-01-11,89.0771484375,62.77385711669922,174.6199951171875,95.85025024414062,380.19964599609375,93.56378936767578,77.66486358642578,37.8670768737793
2023-01-12,89.72129821777344,63.69994354248047,176.63999938964844,96.93480682373047,381.5838623046875,95.40533447265625,78.64874267578125,38.03973388671875
2023-01-13,89.3902587890625,64.03587341308594,178.75999450683594,96.61995697021484,383.06427001953125,94.51115417480469,78.16121673583984,38.29418182373047
2023-01-17,89.2292251586914,64.23562622070312,177.58999633789062,96.27008819580078,382.3625183105469,93.9002456665039,78.3828353881836,38.09425354003906
2023-01-18,90.11490631103516,64.00862884521484,177.0800018310547,97.3983383178711,376.3258056640625,96.17558288574219,77.23938751220703,37.8670768737793
2023-01-19,89.90917205810547,63.90875244140625,179.88999938964844,97.19718170166016,373.58624267578125,95.57353210449219,76.8139419555664,38.16695022583008
2023-01-20,89.5423355102539,64.4716796875,179.2899932861328,96.68992614746094,380.5457763671875,94.02416229248047,77.72689819335938,38.61223602294922
2023-01-23,89.31871032714844,64.73497772216797,179.6300048828125,96.41004943847656,385.1116943359375,93.58150482177734,78.08145141601562,38.89394760131836
2023-01-24,89.71234130859375,64.65325164794922,180.27999877929688,96.91730499267578,384.6983947753906,94.92721557617188,78.27645874023438,38.930301666259766
2023-01-25,89.81971740722656,65.0799789428711,181.11000061035156,96.96104431152344,384.8425598144531,95.15743255615234,78.3119125366211,38.93938446044922
2023-01-26,89.66761779785156,65.13445281982422,179.47000122070312,96.92605590820312,389.0721435546875,94.71476745605469,79.18944549560547,39.2392692565918
2023-01-27,89.53343200683594,65.00735473632812,179.22000122070312,96.64616394042969,389.96612548828125,94.4757080078125,80.0758056640625,38.97573471069336
2023-01-30,89.29183959960938,64.58970642089844,178.75999450683594,96.27884674072266,385.0732421875,94.13042449951172,79.05648040771484,38.2760009765625
2023-01-31,89.6586685180664,64.96195220947266,179.41000366210938,96.96977996826172,390.7351379394531,94.88297271728516,80.71401977539062,38.375972747802734
2023-02-01,90.29093170166016,65.54302215576172,181.6699981689453,97.95414733886719,394.8877868652344,96.0235595703125,81.21039581298828,38.7667236328125
2023-02-02,90.38955688476562,65.45223999023438,177.89999389648438,98.09451293945312,400.63616943359375,96.1478500366211,83.05406951904297,38.494102478027344
2023-02-03,89.51966094970703,64.84391784667969,173.4600067138672,96.98033142089844,396.37774658203125,94.70987701416016,81.49403381347656,37.88524627685547
2023-02-06,89.02639770507812,64.18113708496094,173.82000732421875,96.234619140625,393.955322265625,94.00868225097656,80.90015411376953,37.49448776245117
2023-02-07,88.87394714355469,64.72589111328125,173.97999572753906,95.91876983642578,399.1077575683594,93.25415802001953,80.7228775024414,37.56718444824219
2023-02-08,88.99949645996094,64.32640838623047,174.41000366210938,96.01525115966797,394.7436218261719,93.6979751586914,80.34174346923828,37.49448776245117
2023-02-09,88.6497573852539,64.4444351196289,173.02999877929688,95.20812225341797,391.321533203125,92.81037902832031,79.46421813964844,37.639888763427734
2023-02-10,88.26412963867188,64.16297149658203,173.36000061035156,94.54130554199219,392.2347412109375,91.77185821533203,79.7389907836914,37.321834564208984
2023-02-13,88.53316497802734,64.80760955810547,172.47999572753906,94.89226531982422,396.8391418457031,92.5440902709961,80.4480972290039,37.65806579589844
2023-02-14,88.21928405761719,64.92564392089844,172.61000061035156,94.65538787841797,396.6565246582031,92.33102416992188,79.8099136352539,37.549007415771484
2023-02-15,88.04888916015625,64.63509368896484,170.88999938964844,94.29566955566406,397.9446105957031,91.47004699707031,80.12899780273438,37.36725997924805
2023-02-16,87.68122100830078,64.31732177734375,170.75,93.54119110107422,392.4654541015625,90.17412567138672,79.34898376464844,37.29457092285156
2023-02-17,87.88748168945312,64.48075866699219,171.25999450683594,93.90967559814453,391.48492431640625,90.87533569335938,79.03874206542969,36.994686126708984
2023-02-21,87.06238555908203,63.77256393432617,170.6199951171875,92.57610321044922,383.6313781738281,89.10893249511719,77.4521255493164,36.585750579833984
2023-02-22,87.29557800292969,63.418479919433594,169.66000366210938,92.83930206298828,383.10272216796875,89.92556762695312,76.75188446044922,36.43126678466797
2023-02-23,87.60946655273438,63.745330810546875,169.57000732421875,93.56748962402344,385.140625,90.80431365966797,77.32803344726562,36.55848693847656
2023-02-24,87.10725402832031,62.68306350708008,168.35000610351562,92.86563110351562,381.0263366699219,89.62378692626953,75.97187805175781,35.8587646484375
2023-02-27,87.27763366699219,63.42756271362305,169.00999450683594,92.89196014404297,382.3240661621094,89.87230682373047,76.08708190917969,36.0405158996582
2023-02-28,87.26869201660156,62.96452331542969,169.77999877929688,92.9270248413086,380.9110107421875,90.2806167602539,75.98072814941406,35.822410583496094
2023-03-01,86.76883697509766,63.300453186035156,170.75999450683594,92.34771728515625,379.4499206542969,89.31072998046875,75.0234375,36.54030990600586
2023-03-02,86.58905029296875,63.42756271362305,170.66000366210938,92.42697143554688,382.40093994140625,88.51880645751953,75.90095520019531,36.703887939453125
2023-03-03,87.27224731445312,64.3536376953125,172.49000549316406,93.47466278076172,388.5339050292969,90.66324615478516,77.0532455444336,36.97651290893555
2023-03-06,87.05648803710938,64.19021606445312,171.6199951171875,93.21932983398438,388.8029479980469,89.9603042602539,76.75188446044922,36.84928894042969
2023-03-07,86.93965148925781,63.118865966796875,168.6199951171875,92.95523071289062,382.8431396484375,90.51197814941406,74.96138763427734,36.30405044555664
2023-03-08,86.84973907470703,63.46387481689453,168.5399932861328,92.8055419921875,383.4679260253906,90.60095977783203,75.8211898803711,36.49488067626953
2023-03-09,87.16439056396484,63.00083541870117,170.1999969482422,92.71749877929688,376.39306640625,90.82341766357422,74.08387756347656,35.74971008300781
2023-03-10,88.18020629882812,62.32897186279297,173.8699951171875,94.04693603515625,370.9619140625,93.95555877685547,71.62857818603516,35.5497932434082
2023-03-13,88.88142395019531,61.902244567871094,177.86000061035156,94.12619018554688,370.4331970214844,94.16912841796875,72.56816101074219,35.51344299316406
2023-03-14,88.36001586914062,62.728458404541016,176.8300018310547,93.84444427490234,376.55645751953125,92.6208267211914,73.26839447021484,35.531620025634766
2023-03-15,89.24098205566406,60.785499572753906,178.2100067138672,94.74248504638672,374.20135498046875,94.40935516357422,73.21522521972656,34.940948486328125
2023-03-16,88.89041137695312,61.729736328125,178.57000732421875,94.6015853881836,380.7668151855469,93.6707992553711,73.0556640625,35.38622283935547
2023-03-17,89.44775390625,60.99432373046875,183.77000427246094,95.07701873779297,376.3146057128906,95.07672882080078,71.39813995361328,35.204471588134766
2023-03-20,89.08818054199219,61.9476432800293,183.83999633789062,94.7952880859375,379.93304443359375,94.24032592773438,72.21360778808594,35.26631546020508
2023-03-21,88.81851196289062,62.88280487060547,180.3699951171875,95.25312042236328,384.9218444824219,93.43058013916016,71.89450073242188,35.63916778564453
2023-03-22,89.67252349853516,62.66489791870117,183.44000244140625,95.80779266357422,378.3602600097656,94.67632293701172,69.2087631225586,35.748287200927734
2023-03-23,89.88825988769531,62.67399215698242,185.74000549316406,96.08073425292969,379.3830871582031,94.67632293701172,68.77444458007812,36.1848030090332
2023-03-24,90.04108428955078,62.48332595825195,183.64999389648438,96.38007354736328,381.8726806640625,95.07672882080078,70.53813171386719,36.11204528808594
2023-03-27,89.07019805908203,63.07347106933594,181.9499969482422,95.22672271728516,382.5867004394531,92.8432846069336,70.45753479003906,35.93926239013672
2023-03-28,88.93535614013672,63.100704193115234,183.44000244140625,95.06824493408203,381.7279357910156,93.01236724853516,70.28744506835938,36.3666877746582
2023-03-29,89.04324340820312,63.86336135864258,182.52999877929688,95.50845336914062,387.2762756347656,92.82550811767578,71.84520721435547,36.49399185180664
2023-03-30,89.14213562011719,64.60786437988281,184.17999267578125,95.6405258178711,389.5438537597656,93.25261688232422,72.78523254394531,36.84865951538086
2023-03-31,89.5736312866211,64.93470764160156,183.22000122070312,96.5033187866211,395.03436279296875,94.64962005615234,74.34300231933594,36.73953628540039
2023-04-03,89.96296691894531,65.45223999023438,184.5399932861328,97.08622741699219,396.5396423339844,95.09477996826172,73.75212097167969,36.894126892089844
2023-04-04,90.29644012451172,65.46131896972656,187.97999572753906,97.20983123779297,394.339599609375,95.56755828857422,73.65364837646484,36.930511474609375
2023-04-05,90.60285949707031,65.00735473632812,187.8300018310547,97.5278091430664,393.3071594238281,96.56669616699219,73.25971984863281,36.60312271118164
2023-04-06,90.521728515625,65.31604766845703,186.49000549316406,97.43948364257812,394.84136962890625,96.81643676757812,73.76107788085938,36.82138442993164
2023-04-10,89.89988708496094,65.27064514160156,185.11000061035156,96.9890365600586,395.24658203125,95.25532531738281,74.10126495361328,36.73953628540039
2023-04-11,89.95393371582031,65.4885482788086,186.27999877929688,96.96257781982422,395.3528137207031,95.45159149169922,74.41462707519531,37.01234817504883
2023-04-12,90.06207275390625,65.90618896484375,187.19000244140625,96.75944519042969,393.7413024902344,95.35346221923828,74.0565185546875,36.730438232421875
2023-04-13,90.02605438232422,66.75055694580078,189.72000122070312,96.92726135253906,398.9713134765625,94.60413360595703,73.83270263671875,37.17604064941406
2023-04-14,89.5844497680664,66.47817993164062,186.36000061035156,96.60929107666016,397.9967041015625,93.73880767822266,72.68675994873047,36.97597885131836
2023-04-17,89.13381958007812,66.36014556884766,185.52999877929688,95.99990844726562,399.4248046875,92.62372589111328,74.19974517822266,37.17604064941406
2023-04-18,89.2599868774414,66.72333526611328,186.25,96.31787872314453,399.6853332519531,92.95378875732422,74.02964782714844,37.10329055786133
2023-04-19,89.12481689453125,66.5145034790039,185.36000061035156,95.8409423828125,399.6177978515625,92.8646011352539,74.46834564208984,36.72134780883789
2023-04-20,89.53034973144531,66.5145034790039,186.08999633789062,96.20305633544922,397.4370422363281,93.65853881835938,73.73422241210938,36.67587661743164
2023-04-21,89.37716674804688,66.85043334960938,184.25,96.264892578125,397.74578857421875,93.13219451904297,73.74317169189453,36.33030700683594
2023-04-24,89.7286148071289,67.02294158935547,184.80999755859375,96.68878173828125,398.1607360839844,94.03321075439453,73.46564483642578,36.28483581542969
2023-04-25,90.28740692138672,66.08777618408203,185.75,97.11270904541016,391.8403625488281,95.41590118408203,72.74046325683594,35.666446685791016
2023-04-26,89.95393371582031,66.0423812866211,184.74000549316406,96.68878173828125,390.18072509765625,94.39891815185547,72.04216766357422,35.91197967529297
2023-04-27,89.62950897216797,66.86859130859375,184.75,96.33552551269531,397.948486328125,93.46227264404297,73.67153930664062,36.37577819824219
2023-04-28,90.08914184570312,66.84135437011719,184.8000030517578,97.08622741699219,401.3450012207031,94.96986389160156,74.57575988769531,36.594032287597656
2023-05-01,89.16666412353516,66.7414779663086,183.97000122070312,95.51948547363281,400.9397277832031,92.2314453125,74.02070617675781,36.47580337524414
2023-05-02,90.03404235839844,66.06961059570312,187.52000427246094,96.67147827148438,396.4334716796875,94.5298843383789,72.767333984375,36.09385681152344
2023-05-03,90.43156433105469,66.24211883544922,189.11000061035156,96.83099365234375,393.71234130859375,95.05752563476562,72.4808578491211,36.08476638793945
2023-05-04,90.32315826416016,66.1059341430664,190.44000244140625,96.56517028808594,390.9237060546875,94.11848449707031,73.0806655883789,36.39397048950195
2023-05-05,90.03404235839844,67.07740783691406,187.4600067138672,96.18409729003906,398.1607360839844,93.80547332763672,74.2982406616211,36.78500747680664
2023-05-08,89.53710174560547,67.0955810546875,187.69000244140625,95.49288940429688,398.2669372558594,92.49082946777344,73.86851501464844,36.794097900390625
2023-05-09,89.4557876586914,66.82320404052734,189.02000427246094,95.45744323730469,396.5203552246094,92.15989685058594,73.55516815185547,36.56674575805664
2023-05-10,90.03404235839844,66.68700408935547,188.75,96.21067810058594,398.37298583984375,93.05422973632812,74.26241302490234,36.575843811035156
2023-05-11,90.30509185791016,66.5235824584961,187.1300048828125,96.5828628540039,397.67822265625,94.0379867553711,73.4477310180664,36.43034362792969
2023-05-12,89.79912567138672,66.40554809570312,186.80999755859375,95.9891357421875,397.1571960449219,93.25098419189453,73.43877410888672,36.0211181640625
2023-05-15,89.57324981689453,66.91399383544922,187.2100067138672,95.47518157958984,398.52740478515625,92.28512573242188,73.31344604492188,36.648590087890625
2023-05-16,89.36544799804688,66.27845001220703,184.8699951171875,94.99663543701172,395.86419677734375,92.00788879394531,71.47814178466797,36.39397048950195
2023-05-17,89.22991943359375,66.58714294433594,184.22999572753906,94.98779296875,400.6695556640625,91.73958587646484,72.44502258300781,36.52127456665039
2023-05-18,88.8143081665039,66.48727416992188,181.83999633789062,94.5890121459961,404.5292663574219,91.05989837646484,72.09587097167969,36.29393005371094
2023-05-19,88.61556243896484,66.87767791748047,183.63999938964844,94.47379302978516,403.940673828125,90.41596984863281,71.9794921875,36.27573776245117
2023-05-22,88.53421020507812,66.89582824707031,183.2100067138672,94.43834686279297,404.1047058105469,90.09402465820312,72.41816711425781,36.512184143066406
2023-05-23,88.63361358642578,65.91526794433594,183.42999267578125,94.63330078125,399.5695495605469,90.35340881347656,71.73776245117188,35.966548919677734
2023-05-24,88.40772247314453,64.95288848876953,181.9499969482422,94.2611312866211,396.67474365234375,89.9062271118164,70.19791412353516,35.7119140625
2023-05-25,88.08246612548828,64.8620834350586,180.1999969482422,93.95095825195312,400.10992431640625,89.68264770507812,70.18895721435547,35.648258209228516
2023-05-26,88.15473175048828,65.49762725830078,180.9199981689453,94.34974670410156,405.2915954589844,90.40703582763672,70.99470520019531,36.2393684387207
2023-05-30,88.74199676513672,64.83485412597656,182.0399932861328,95.05867767333984,405.44598388671875,91.31031799316406,71.26326751708984,35.7664794921875
2023-05-31,89.0582275390625,64.16297149658203,182.32000732421875,95.36885070800781,403.1977233886719,92.10626983642578,71.62138366699219,35.51185607910156
2023-06-01,89.32820892333984,65.11629486083984,183.75999450683594,95.66134643554688,407.02850341796875,92.46763610839844,71.63034057617188,36.12114334106445
2023-06-02,88.85713958740234,65.9606704711914,181.0500030517578,95.40350341796875,412.91461181640625,91.45436096191406,73.37610626220703,36.694061279296875
2023-06-05,88.84810638427734,65.579345703125,182.13999938964844,95.19903564453125,412.12335205078125,91.28401184082031,72.86579895019531,36.657684326171875
2023-06-06,88.956787109375,66.12409973144531,182.33999633789062,95.38572692871094,413.02069091796875,91.82200622558594,73.56411743164062,36.939598083496094
2023-06-07,88.48573303222656,65.54254913330078,180.14999389648438,94.53226470947266,411.5926208496094,90.45902252197266,74.91596221923828,36.857757568359375
2023-06-08,88.956787109375,66.2359619140625,182.52999877929688,95.16346740722656,414.0821533203125,91.5171127319336,74.450439453125,37.05781555175781
2023-06-09,88.74844360351562,66.12501525878906,182.0399932861328,94.91455841064453,414.8251037597656,91.3916015625,74.02070617675781,37.15785598754883
2023-06-12,88.90245819091797,66.4116439819336,181.8800048828125,95.21681213378906,418.58837890625,91.66058349609375,74.03861999511719,37.248783111572266
2023-06-13,88.48573303222656,67.04033660888672,180.5399932861328,94.7900619506836,421.34808349609375,90.75491333007812,74.51310729980469,37.55799102783203
2023-06-14,88.5672607421875,67.28997802734375,180.63999938964844,95.08345794677734,421.849853515625,91.48125457763672,74.79063415527344,37.912654876708984
2023-06-15,89.18327331542969,68.00189971923828,181.91000366210938,95.91024780273438,427.0798034667969,92.36002349853516,75.18455505371094,38.27641296386719
2023-06-16,88.90245819091797,67.85395812988281,181.6300048828125,95.7413558959961,425.62506103515625,92.00135803222656,75.1308364868164,38.1400032043457
2023-06-20,89.06549072265625,66.95713806152344,179.75,96.08805084228516,423.4168701171875,92.63799285888672,74.2445068359375,37.46064376831055
2023-06-21,89.2104263305664,67.05882263183594,179.49000549316406,95.98140716552734,421.2474365234375,92.86219024658203,73.79688262939453,37.396644592285156
2023-06-22,88.74844360351562,66.64277648925781,177.7100067138672,95.48350524902344,422.7679748535156,91.74130249023438,72.74046325683594,37.2320556640625
2023-06-23,89.01113891601562,65.6072769165039,178.1999969482422,95.7502212524414,419.5718078613281,92.6559066772461,71.73776245117188,36.71088409423828
2023-06-26,89.11984252929688,65.69048309326172,178.50999450683594,95.85692596435547,417.8575439453125,92.75456237792969,73.3940200805664,36.829750061035156
2023-06-27,88.94772338867188,66.26371002197266,177.69000244140625,95.7502212524414,422.43865966796875,92.51248168945312,74.2982406616211,37.17720031738281
2023-06-28,89.2104263305664,66.30992889404297,177.27999877929688,96.16808319091797,422.6517639160156,92.9070053100586,74.40567016601562,37.0308952331543
2023-06-29,88.52197265625,66.21748352050781,177.08999633789062,95.43907165527344,424.3175964355469,91.23016357421875,75.23681640625,36.87546920776367
2023-06-30,88.7303237915039,67.03109741210938,178.27000427246094,96.14139556884766,429.3248291015625,92.30619812011719,75.65327453613281,37.19548416137695
2023-07-03,88.6258773803711,66.95713806152344,178.47000122070312,95.87206268310547,429.8187561035156,91.78290557861328,76.39568328857422,37.56122589111328
2023-07-05,88.22624206542969,66.2082290649414,177.83999633789062,95.1852798461914,429.17950439453125,90.9107666015625,76.56771087646484,37.37834930419922
2023-07-06,87.65406036376953,65.061767578125,177.30999755859375,94.22201538085938,425.81878662109375,89.6250228881836,75.97920989990234,36.665164947509766
2023-07-07,87.6722183227539,65.55178833007812,178.63999938964844,94.13282775878906,424.74371337890625,89.08556365966797,75.80718994140625,37.10405349731445
2023-07-10,87.91744232177734,65.73670196533203,178.77999877929688,94.62338256835938,425.81878662109375,89.20243072509766,76.13313293457031,37.113189697265625
2023-07-11,88.1081771850586,66.32842254638672,179.4499969482422,95.0693359375,428.5306091308594,89.66099548339844,77.2195816040039,37.442352294921875
2023-07-12,88.82571411132812,67.59507751464844,181.8800048828125,95.90772247314453,431.97857666015625,90.65902709960938,77.63606262207031,38.15554428100586
2023-07-13,89.37971496582031,68.67682647705078,182.00999450683594,96.58556365966797,435.4071044921875,91.61209869384766,78.1340103149414,38.576141357421875
2023-07-14,88.95281982421875,68.28850555419922,181.42999267578125,95.83638000488281,435.135986328125,91.07262420654297,77.98009490966797,38.338409423828125
2023-07-17,89.05274200439453,68.2052993774414,181.55999755859375,95.99691009521484,436.6468200683594,91.1175765991211,77.47308349609375,38.38412857055664
2023-07-18,89.12540435791016,68.64908599853516,183.63999938964844,96.23773956298828,439.8913879394531,91.53118896484375,77.04756164550781,38.10982894897461
2023-07-19,89.39786529541016,68.61210632324219,183.6699981689453,96.78182983398438,440.86956787109375,92.56517028808594,77.91671752929688,38.05496597290039
2023-07-20,88.9346694946289,68.26077270507812,182.74000549316406,96.13068389892578,437.94464111328125,91.44124603271484,77.66322326660156,37.81724166870117
2023-07-21,88.99824523925781,68.39945983886719,182.17999267578125,96.30017852783203,437.94464111328125,91.4682388305664,78.02536010742188,37.79894256591797
2023-07-24,88.8347396850586,68.2330322265625,181.39999389648438,96.1842269897461,439.9010314941406,91.13555145263672,78.66818237304688,38.301841735839844
2023-07-25,88.73485565185547,68.30699157714844,182.41000366210938,96.03260803222656,441.1019592285156,90.96473693847656,78.10684967041016,38.594425201416016
2023-07-26,89.02547454833984,68.49191284179688,183.3000030517578,96.47856140136719,441.1697692871094,91.05463409423828,78.45994567871094,38.83216094970703
2023-07-27,88.26256561279297,68.33473205566406,180.4199981689453,95.30121612548828,438.244873046875,89.2833480834961,76.75782775878906,38.40241622924805
2023-07-28,88.60770416259766,68.82475280761719,181.86000061035156,95.92557525634766,442.535400390625,89.74190521240234,76.69446563720703,39.33504104614258
2023-07-31,88.71669006347656,68.8432388305664,182.35000610351562,96.19313049316406,443.37799072265625,89.95769500732422,77.19242095947266,39.38076400756836
2023-08-01,88.12928009033203,67.9833984375,180.4600067138672,95.234619140625,442.1092529296875,88.48359680175781,77.06566619873047,38.83216094970703
2023-08-02,87.91981506347656,66.71675109863281,179.60000610351562,94.65289306640625,435.9591369628906,87.53690338134766,76.62202453613281,37.990962982177734
2023-08-03,87.32786560058594,66.5318374633789,179.5399932861328,93.8026351928711,434.7098083496094,85.51727294921875,75.78907775878906,38.15554428100586
2023-08-04,88.04732513427734,66.71675109863281,180.19000244140625,94.77816009521484,432.7436828613281,87.03199005126953,75.17342376708984,38.20125961303711
2023-08-07,88.06554412841797,67.28072357177734,179.77999877929688,94.54549407958984,436.5209045410156,86.17546844482422,76.1150131225586,38.13726043701172
2023-08-08,88.2750015258789,66.87393188476562,178.63999938964844,94.92137145996094,434.6225891113281,87.1762466430664,75.62610626220703,37.74408721923828
2023-08-09,88.33876037597656,66.85542297363281,177.7899932861328,95.01087951660156,431.717041015625,87.62702178955078,75.61705017089844,37.80809783935547
2023-08-10,87.7649917602539,67.14205169677734,177.60000610351562,94.33966064453125,431.8720397949219,86.18450164794922,75.32735443115234,37.88124084472656
2023-08-11,87.49179077148438,66.68900299072266,177.60000610351562,94.01746368408203,431.62017822265625,85.98613739013672,75.4450454711914,37.3326301574707
2023-08-14,87.42804718017578,66.39314270019531,177.05999755859375,93.98164367675781,434.00274658203125,85.79679870605469,74.94708251953125,37.15890884399414
2023-08-15,87.19125366210938,65.57028198242188,176.58999633789062,93.4894027709961,428.94708251953125,85.27384948730469,74.1050796508789,36.765743255615234
2023-08-16,86.98179626464844,65.03402709960938,175.57000732421875,93.06877136230469,425.79937744140625,84.60665130615234,73.19064331054688,36.51887130737305
2023-08-17,86.89070129394531,64.57173919677734,175.3000030517578,92.81819152832031,422.55487060546875,84.24604034423828,72.60215759277344,36.63773727416992
2023-08-18,87.08196258544922,64.57173919677734,175.3300018310547,93.1672134399414,422.7582702636719,84.54354095458984,72.8285140991211,36.40915298461914
2023-08-21,86.64483642578125,64.8121337890625,175.80999755859375,92.61231994628906,425.5089111328125,83.41654205322266,72.15853118896484,36.49143981933594
2023-08-22,86.73590087890625,64.69194030761719,176.10000610351562,92.89873504638672,424.3563537597656,84.05670928955078,72.36675262451172,36.42744064331055
2023-08-23,87.56465911865234,65.39461517333984,177.88999938964844,94.20540618896484,429.0826416015625,86.13941955566406,73.5075454711914,36.966896057128906
2023-08-24,87.36430358886719,64.49778747558594,177.85000610351562,93.88322448730469,423.1360168457031,85.57137298583984,73.22686004638672,36.81146240234375
2023-08-25,87.30963897705078,64.93234252929688,177.6199951171875,93.93692016601562,426.1190185546875,85.85089111328125,73.28118896484375,36.78403091430664
2023-08-28,87.50090026855469,65.61650085449219,178.1300048828125,94.23226165771484,428.82122802734375,85.94103240966797,73.96927642822266,37.14976501464844
2023-08-29,88.06554412841797,66.43011474609375,179.8699951171875,94.9840087890625,435.01971435546875,86.83363342285156,74.8656005859375,37.64351272583008
2023-08-30,88.02912902832031,66.39314270019531,180.32000732421875,94.84978485107422,436.8115234375,86.74343872070312,75.13722229003906,37.50636291503906
2023-08-31,88.15660858154297,66.13426208496094,180.02000427246094,95.01087951660156,436.1722717285156,87.13115692138672,74.58493041992188,37.0583381652832
2023-09-01,87.70004272460938,66.09728240966797,180.11000061035156,94.33456420898438,436.9857482910156,85.77379608154297,74.71168518066406,37.46064376831055
2023-09-05,87.22517395019531,65.52405548095703,178.63999938964844,93.66094970703125,435.09722900390625,84.5710678100586,73.84252166748047,37.2411994934082
2023-09-06,87.14301300048828,65.38536834716797,177.8300018310547,93.57112121582031,432.1722717285156,84.779052734375,73.6885986328125,37.067474365234375
2023-09-07,87.41696166992188,65.17272186279297,178.02000427246094,93.98428344726562,430.8454284667969,85.01419067382812,74.15034484863281,36.68344497680664
2023-09-08,87.46260070800781,65.08025360107422,178.0800018310547,94.05613708496094,431.4942932128906,85.33973693847656,73.86064147949219,36.7566032409668
2023-09-11,87.36217498779297,65.75519561767578,178.41000366210938,93.87649536132812,434.33209228515625,84.72478485107422,73.86967468261719,37.17720031738281
2023-09-12,87.38954162597656,65.48707580566406,177.49000549316406,93.84954071044922,431.9494934082031,85.2131118774414,73.8334732055664,37.076622009277344
2023-09-13,87.51741790771484,65.28366088867188,177.0800018310547,94.05613708496094,432.453125,85.19503021240234,73.02767944335938,37.040042877197266
2023-09-14,87.398681640625,66.14352416992188,177.1699981689453,93.88546752929688,436.18194580078125,84.58012390136719,74.34953308105469,37.259483337402344
2023-09-15,87.19779968261719,65.9955825805664,178.33999633789062,93.74177551269531,430.9266662597656,84.06465911865234,74.06886291503906,37.067474365234375
2023-09-18,87.32563018798828,65.76443481445312,179.38999938964844,93.92140197753906,431.1794128417969,84.54393005371094,73.40794372558594,37.01032638549805
2023-09-19,87.0699462890625,65.81990814208984,179.22000122070312,93.6070556640625,430.2851867675781,83.9199447631836,73.07294464111328,36.825965881347656
2023-09-20,87.02429962158203,65.6627426147461,179.35000610351562,93.6429672241211,426.3294372558594,84.18219757080078,73.13633728027344,36.715354919433594
2023-09-21,86.43072509765625,64.57173919677734,178.0500030517578,92.69989013671875,419.28289794921875,82.02090454101562,70.64654541015625,36.125396728515625
2023-09-22,86.7959976196289,64.6272201538086,178.6199951171875,93.26571655273438,418.340087890625,82.68106079101562,70.11237335205078,36.54942321777344
2023-09-25,86.11109161376953,64.34060668945312,177.6999969482422,92.35858917236328,420.099365234375,80.6463851928711,70.04899597167969,36.41115951538086
2023-09-26,86.00155639648438,63.50850296020508,176.27999877929688,92.09811401367188,413.9275207519531,80.36602783203125,68.77239990234375,35.98712921142578
2023-09-27,85.70020294189453,63.388301849365234,174.10000610351562,91.66700744628906,414.0927734375,79.95002746582031,68.31067657470703,36.0332145690918
2023-09-28,85.95589447021484,63.90606689453125,173.22999572753906,91.82870483398438,416.4934387207031,80.19422149658203,68.96614074707031,36.10696029663086
2023-09-29,85.87370300292969,63.72114562988281,171.4499969482422,91.63107299804688,415.482666015625,80.2032470703125,69.1672592163086,36.143836975097656
2023-10-02,85.27576446533203,62.7873420715332,169.64999389648438,90.79161834716797,415.31744384765625,78.86062622070312,67.89654541015625,36.01477813720703
2023-10-03,84.60736083984375,62.0014533996582,169.16000366210938,89.74563598632812,409.7579345703125,77.16422271728516,66.57098388671875,35.55388259887695
2023-10-04,85.2025146484375,62.11240005493164,169.13999938964844,90.53011322021484,412.7417907714844,78.25285339355469,67.38459014892578,35.40639114379883
2023-10-05,85.25747680664062,62.65789031982422,168.8300018310547,90.42191314697266,412.5862731933594,77.86274719238281,67.75941467285156,35.55388259887695
2023-10-06,84.92781829833984,63.351318359375,169.6999969482422,90.1513900756836,417.48480224609375,76.91928100585938,67.94225311279297,36.04243087768555
2023-10-09,85.8068618774414,63.25886154174805,172.82000732421875,91.26947784423828,420.15765380859375,78.72454833984375,68.6827392578125,35.82120132446289
2023-10-10,85.72444152832031,64.1279525756836,172.52999877929688,91.30558013916016,422.3445129394531,78.61569213867188,69.01184844970703,36.392723083496094
2023-10-11,86.11820983886719,64.39608764648438,173.7899932861328,91.86461639404297,424.0745849609375,80.2576904296875,70.20943450927734,36.503334045410156
2023-10-12,85.37651062011719,63.859832763671875,173.25999450683594,90.9087905883789,421.4892272949219,78.0804672241211,69.185546875,36.11617660522461
2023-10-13,85.7427749633789,63.26811599731445,178.8300018310547,91.41376495361328,419.3897705078125,79.4775161743164,69.01184844970703,35.977909088134766
2023-10-16,85.2666244506836,63.73039245605469,177.9600067138672,90.78257751464844,423.80242919921875,78.1983871459961,69.83462524414062,36.23600769042969
2023-10-17,84.65310668945312,63.76737594604492,178.2899932861328,90.06123352050781,423.782958984375,77.3365707397461,69.73406219482422,36.07930374145508
2023-10-18,84.25936889648438,62.65789031982422,180.8699951171875,89.33987426757812,418.135986328125,76.65619659423828,68.25308227539062,35.489349365234375
2023-10-19,83.93890380859375,62.1031494140625,183.08999633789062,88.6185073852539,414.46209716796875,75.08677673339844,66.63497924804688,35.36030197143555
2023-10-20,84.24107360839844,61.54841995239258,183.58999633789062,88.97016143798828,409.3691711425781,75.51315307617188,66.18701934814453,34.936279296875
2023-10-23,84.57070922851562,61.59464645385742,182.97000122070312,89.66448974609375,408.65960693359375,76.42034149169922,65.53794860839844,34.862525939941406
2023-10-24,84.8729019165039,61.94598388671875,182.9499969482422,90.16942596435547,411.74072265625,77.42729949951172,66.37899017333984,35.2957763671875
2023-10-25,84.24107360839844,61.50217819213867,183.72000122070312,89.348876953125,405.831298828125,75.70367431640625,64.95287322998047,34.91783905029297
2023-10-26,84.80879211425781,61.05839920043945,184.00999450683594,89.99810791015625,400.97161865234375,76.86485290527344,66.19615936279297,34.78879165649414
2023-10-27,84.78130340576172,60.87348175048828,186.14999389648438,89.81776428222656,399.15411376953125,76.53826141357422,65.13570404052734,34.82565689086914
2023-10-30,84.57987976074219,61.65011215209961,185.10000610351562,89.5472640991211,403.9263610839844,76.19351959228516,65.54708862304688,35.139068603515625
2023-10-31,84.52491760253906,61.87200927734375,184.08999633789062,89.42102813720703,406.4631042480469,75.82159423828125,66.66239166259766,34.97314453125
2023-11-01,85.4589614868164,62.45450210571289,183.50999450683594,90.7007064819336,410.79791259765625,77.46556091308594,67.07378387451172,35.22202682495117
2023-11-02,85.97328186035156,63.73039245605469,184.1199951171875,91.77770233154297,418.6706237792969,79.23152923583984,69.27696228027344,35.765899658203125
2023-11-03,86.49677276611328,64.40531921386719,184.7899932861328,92.23019409179688,422.4902648925781,79.76858520507812,70.93163299560547,36.42036819458008
2023-11-06,86.06511688232422,64.08172607421875,183.35000610351562,91.74148559570312,423.4621887207031,78.99482727050781,69.90775299072266,36.53099060058594
2023-11-07,86.52430725097656,63.69340896606445,182.58999633789062,92.47454071044922,424.66741943359375,80.16001892089844,69.3318099975586,36.54020690917969
2023-11-08,86.81822967529297,63.610206604003906,180.77000427246094,92.94515991210938,424.97845458984375,81.52545928955078,69.56034851074219,36.3742790222168
2023-11-09,86.09268188476562,63.60095977783203,181.49000549316406,92.00392150878906,421.6641540527344,79.6502914428711,68.46334838867188,36.05165100097656
2023-11-10,86.29472351074219,63.887569427490234,179.50999450683594,92.46548461914062,428.24407958984375,80.09629821777344,69.10325622558594,36.300537109375
2023-11-13,86.2855453491211,64.05399322509766,180.50999450683594,92.47454071044922,427.8359375,79.91425323486328,68.52732849121094,36.36506271362305
2023-11-14,87.36927795410156,65.69048309326172,182.1199951171875,93.92257690429688,436.1361999511719,81.72573852539062,72.3303451538086,37.21311569213867
2023-11-15,86.82743072509766,65.58877563476562,181.63999938964844,93.4338607788086,437.0596008300781,80.57878875732422,72.54059600830078,37.471229553222656
2023-11-16,87.30498504638672,65.54254913330078,183.69000244140625,94.20310974121094,437.59417724609375,81.580078125,72.38519287109375,37.08407211303711
2023-11-17,87.4794921875,66.43011474609375,183.6699981689453,94.4746322631836,438.138427734375,81.96240997314453,72.3303451538086,37.23155975341797
2023-11-20,87.61726379394531,66.67977142333984,183.3699951171875,94.85474395751953,441.51104736328125,82.46305847167969,72.86058044433594,37.6279296875
2023-11-21,87.70911407470703,66.42088317871094,185.35000610351562,94.88188934326172,440.5487976074219,82.42664337158203,72.34862518310547,37.40670394897461
2023-11-22,87.79174041748047,66.57805633544922,184.55999755859375,95.26201629638672,442.2496643066406,82.71794128417969,72.70515441894531,37.305301666259766
2023-11-24,87.38764190673828,67.0865707397461,185.52000427246094,94.77328491210938,442.5218200683594,81.74394989013672,72.91541290283203,37.425140380859375
2023-11-27,87.88359832763672,66.85542297363281,186.77000427246094,95.54255676269531,441.72491455078125,83.10936737060547,73.1805419921875,37.24999237060547
2023-11-28,88.26934051513672,66.87393188476562,189.25999450683594,95.92266082763672,442.1622314453125,83.27322387695312,73.66505432128906,37.5541877746582
2023-11-29,88.70098114013672,67.01261138916016,189.5399932861328,96.70096588134766,441.8512268066406,84.3200454711914,74.17699432373047,37.34217071533203
2023-11-30,88.40708923339844,66.95713806152344,188.75,96.19416809082031,443.5909729003906,83.34605407714844,74.71636962890625,37.452789306640625
2023-12-01,89.18445587158203,67.65980529785156,192.00999450683594,97.35235595703125,446.2152099609375,84.91578674316406,76.55389404296875,37.6094970703125
2023-12-04,88.84366607666016,67.13279724121094,187.86000061035156,96.90724182128906,443.8728332519531,84.57793426513672,77.11153411865234,37.277645111083984
2023-12-05,89.43313598632812,66.89241027832031,187.14999389648438,97.67939758300781,443.7853698730469,86.3951187133789,76.59959411621094,37.14859390258789
2023-12-06,89.66339111328125,67.09581756591797,187.83999633789062,98.04273986816406,441.9970397949219,87.54572296142578,76.37105560302734,37.10250473022461
2023-12-07,89.69102478027344,67.4194107055664,188.14999389648438,98.05182647705078,445.36962890625,87.04345703125,76.59043884277344,37.24999237060547
2023-12-08,89.23970794677734,67.62281799316406,185.63999938964844,97.52495574951172,447.2843322753906,86.33119201660156,76.46245574951172,37.06563186645508
2023-12-11,89.2489242553711,67.78923797607422,183.58999633789062,97.49771118164062,449.02410888671875,86.14856719970703,76.6727294921875,37.23155975341797
2023-12-12,89.51602172851562,67.90943145751953,183.49000549316406,98.05182647705078,451.07489013671875,86.40425872802734,76.62701416015625,37.23155975341797
2023-12-13,90.63971710205078,68.89872741699219,187.6300048828125,99.69600677490234,457.2952575683594,88.43148803710938,79.5615463256836,37.58184814453125
2023-12-14,91.37126159667969,69.40723419189453,188.72999572753906,100.75627136230469,458.7629089355469,90.73184967041016,81.85616302490234,38.07961654663086
2023-12-15,91.15880584716797,68.7322998046875,187.0,100.61041259765625,458.00750732421875,90.83263397216797,80.70428466796875,37.85838317871094
2023-12-18,90.97407531738281,68.89872741699219,187.85000610351562,100.1910400390625,460.5838317871094,90.1089096069336,80.52144622802734,37.85367202758789
2023-12-19,91.08490753173828,69.48119354248047,189.1300048828125,100.31866455078125,463.3846130371094,90.5944595336914,81.13394927978516,38.117332458496094
2023-12-20,91.4174575805664,68.78001403808594,188.10000610351562,100.58306121826172,456.9633483886719,91.20824432373047,80.14662170410156,37.31694030761719
2023-12-21,91.408203125,69.89404296875,189.42999267578125,100.54658508300781,461.2962951660156,90.6310806274414,80.85738372802734,38.04200744628906
2023-12-22,91.2881088256836,69.95957946777344,190.27000427246094,100.37336730957031,462.2232971191406,90.21884155273438,81.17202758789062,37.91017532348633
2023-12-26,91.4728775024414,70.27787017822266,191.72000122070312,100.58306121826172,464.1750793457031,90.4753646850586,81.77359008789062,38.15499496459961
2023-12-27,92.05479431152344,70.65234375,192.58999633789062,101.52206420898438,465.0143737792969,92.07852935791016,82.17153930664062,38.36215591430664
2023-12-28,91.85157775878906,70.46510314941406,191.47000122070312,101.2576904296875,465.19000244140625,91.40978240966797,82.75457000732422,38.59756851196289
2023-12-29,91.67608642578125,70.54000091552734,191.1699981689453,100.88389587402344,463.84326171875,90.58527374267578,81.77359008789062,38.701141357421875
2024-01-02,91.24195861816406,69.75362396240234,190.72000122070312,100.20016479492188,461.2474365234375,90.06307983398438,82.47694396972656,38.24916076660156
2024-01-03,91.2881088256836,69.2293701171875,189.1300048828125,99.97224426269531,457.4805603027344,90.43871307373047,80.50570678710938,38.13616180419922
2024-01-04,90.91866302490234,69.38851928710938,189.32000732421875,99.41613006591797,456.0069885253906,89.06452941894531,80.35762786865234,38.070247650146484
2024-01-05,90.70618438720703,69.43531799316406,189.35000610351562,99.06060791015625,456.6315612792969,88.21255493164062,80.15403747558594,38.12675857543945
2024-01-08,91.0479736328125,70.17488861083984,187.8699951171875,99.81726837158203,463.1504211425781,89.08284759521484,81.30159759521484,38.19266128540039
2024-01-09,91.0295181274414,69.54766845703125,187.92999267578125,99.990478515625,462.4477844238281,88.5148696899414,80.75558471679688,37.750099182128906
2024-01-10,90.85398864746094,69.99702453613281,187.5,99.86283874511719,465.0631103515625,88.10262298583984,80.84813690185547,37.712425231933594
2024-01-11,91.37126159667969,69.98766326904297,187.8699951171875,100.46453857421875,464.85821533203125,88.59730529785156,80.09851837158203,37.87251281738281
2024-01-12,91.53752136230469,70.27787017822266,189.7100067138672,100.683349609375,465.1802062988281,88.42327117919922,80.5797348022461,38.05141830444336
2024-01-16,90.85398864746094,69.09830474853516,187.91000366210938,99.66228485107422,463.4724426269531,86.86585998535156,79.98745727539062,37.26044845581055
2024-01-17,90.6046142578125,68.4429931640625,185.83999633789062,99.45260620117188,460.8960876464844,86.72843170166016,78.52522277832031,36.761383056640625
2024-01-18,90.52146911621094,69.05150604248047,187.3699951171875,99.26113891601562,464.99481201171875,85.92225646972656,78.0995101928711,36.97795486450195
2024-01-19,90.53993225097656,69.21064758300781,187.92999267578125,99.36141967773438,470.7915344238281,86.19709014892578,79.03422546386719,37.31694030761719
2024-01-22,90.70618438720703,69.42597198486328,187.22000122070312,99.63493347167969,471.7869567871094,86.71012878417969,79.50621032714844,37.0250358581543
2024-01-23,90.4845199584961,69.2293701171875,187.9499969482422,99.27027893066406,473.1628112792969,86.02306365966797,78.96019744873047,37.23219680786133
2024-01-24,90.28131866455078,69.75362396240234,186.39999389648438,99.07881927490234,473.6801452636719,85.51918029785156,77.83113098144531,37.712425231933594
2024-01-25,90.68773651123047,69.95021057128906,187.13999938964844,99.73521423339844,476.2564392089844,86.0780029296875,78.83061981201172,37.80659484863281
2024-01-26,90.58612060546875,70.25914764404297,187.00999450683594,99.45260620117188,475.6513977050781,85.91310119628906,78.6085205078125,37.81600570678711
2024-01-29,90.94637298583984,70.67105865478516,188.3300018310547,99.86283874511719,479.418212890625,86.90251922607422,79.12677764892578,37.82542037963867
2024-01-30,91.12187194824219,70.57744598388672,188.58999633789062,100.18191528320312,479.0474853515625,87.69035339355469,78.38639831542969,37.46760940551758
2024-01-31,91.53752136230469,70.22171020507812,188.4499969482422,100.43718719482422,471.23065185546875,88.55152893066406,77.63677978515625,37.326358795166016
2024-02-01,92.05911254882812,70.91445922851562,190.41000366210938,101.21392822265625,477.398193359375,90.28852844238281,79.0434799194336,37.58060073852539
2024-02-02,91.21604919433594,70.3527603149414,188.61000061035156,100.28990936279297,482.4239501953125,88.294189453125,78.06249237060547,37.31694030761719
2024-02-05,90.46563720703125,69.97830200195312,187.57000732421875,99.32926177978516,480.6673583984375,86.51119232177734,76.4244384765625,37.41110610961914
2024-02-06,90.9381332397461,70.408935546875,188.5500030517578,99.88735961914062,482.0628662109375,87.35674285888672,77.45169830322266,38.33390808105469
2024-02-07,90.75283813476562,70.3714828491211,188.5,99.59458923339844,486.08349609375,86.93396759033203,77.34063720703125,38.305660247802734
2024-02-08,90.47491455078125,70.24979400634766,188.3300018310547,99.0822525024414,486.29815673828125,86.42847442626953,77.9699478149414,38.107913970947266
2024-02-09,90.4471206665039,70.49319458007812,187.60000610351562,98.95415496826172,489.1087341308594,86.25385284423828,78.09025573730469,38.258575439453125
2024-02-12,90.46563720703125,70.61489868164062,187.11000061035156,98.96330261230469,488.89404296875,86.35494995117188,78.10877990722656,38.42807388305664
2024-02-13,89.6318588256836,69.52893829345703,184.52999877929688,97.87460327148438,482.16046142578125,84.8752670288086,76.49846649169922,37.72184753417969
2024-02-14,90.03023529052734,70.30596160888672,184.4199981689453,98.33204650878906,486.5421142578125,85.3072280883789,77.10000610351562,38.26799392700195
2024-02-15,90.2433090209961,71.10169982910156,185.66000366210938,98.6888427734375,489.8991394042969,85.7483901977539,78.89541625976562,38.50340270996094
2024-02-16,89.95610046386719,71.21403503417969,186.33999633789062,98.33204650878906,487.45947265625,85.25208282470703,78.08101654052734,38.69173049926758
2024-02-20,90.03949737548828,71.5042495727539,187.47000122070312,98.66140747070312,484.77581787109375,85.32559967041016,77.94219207763672,38.767059326171875
2024-02-21,89.77082824707031,71.5604248046875,187.47999572753906,98.41439819335938,485.2149353027344,84.71902465820312,78.37715911865234,38.80471420288086
2024-02-22,89.84496307373047,72.36552429199219,187.55999755859375,98.56990051269531,495.2566833496094,85.13259887695312,78.52522277832031,39.14371109008789
2024-02-23,90.178466796875,72.45913696289062,188.6199951171875,98.86266326904297,495.5982666015625,86.2722396850586,78.48820495605469,39.153133392333984
2024-02-26,89.9839096069336,72.35615539550781,188.1999969482422,98.5516128540039,493.7830810546875,86.01490783691406,77.62753295898438,39.02130126953125
2024-02-27,89.86348724365234,72.55274963378906,188.0,98.41439819335938,494.7004699707031,85.40831756591797,77.72008514404297,39.14371109008789
2024-02-28,90.03949737548828,72.13147735595703,188.33999633789062,98.40523529052734,494.046630859375,85.9505615234375,78.5067138671875,38.54106140136719
2024-02-29,90.18773651123047,72.31871032714844,189.30999755859375,98.49671936035156,495.8227233886719,86.5571517944336,79.17304229736328,38.62582015991211
2024-03-01,90.62071228027344,73.02083587646484,192.88999938964844,99.0963363647461,500.47760009765625,87.09647369384766,80.11700439453125,39.14371109008789
2024-03-04,90.39771270751953,72.83360290527344,196.00999450683594,98.91268157958984,499.9408874511719,86.74613189697266,80.86663818359375,38.9836311340332
2024-03-05,90.8901596069336,72.7025375366211,197.19000244140625,99.45443725585938,494.9444274902344,87.9815673828125,79.88565063476562,38.719970703125
2024-03-06,91.029541015625,73.56381225585938,198.80999755859375,99.72073364257812,497.452392578125,88.49785614013672,80.28359985351562,39.20021057128906
2024-03-07,91.22465515136719,74.4344482421875,199.94000244140625,99.96864318847656,502.3903503417969,88.41487121582031,80.26509857177734,39.3885383605957
2024-03-08,91.30828857421875,74.19104766845703,201.6300048828125,100.10637664794922,499.3748474121094,88.25814056396484,81.1905517578125,39.32262420654297
2024-03-11,91.20608520507812,73.769775390625,202.0,100.12476348876953,498.9455261230469,88.2120361328125,80.80184936523438,39.42620086669922
2024-03-12,90.97376251220703,74.35955047607422,199.7899932861328,99.8033676147461,504.3128662109375,87.47449493408203,80.62601470947266,39.76519775390625
2024-03-13,90.8065414428711,74.36891174316406,201.19000244140625,99.7023696899414,503.5223388671875,87.05037689208984,80.21880340576172,39.5391960144043
2024-03-14,90.23046112060547,73.82593536376953,200.35000610351562,98.9677734375,502.52703857421875,85.71357727050781,79.01571655273438,39.32262420654297
2024-03-15,90.22116088867188,73.85401916503906,199.7100067138672,98.99530792236328,499.0763244628906,85.6859130859375,78.83988189697266,39.20857620239258
2024-03-18,90.12826538085938,73.83529663085938,200.02999877929688,98.83002471923828,502.04241943359375,85.42777252197266,78.87690734863281,39.29340362548828
2024-03-19,90.35124206542969,73.96636199951172,199.8000030517578,99.11469268798828,504.83233642578125,85.6674575805664,78.84912872314453,39.1331787109375
2024-03-20,90.53707122802734,74.75273132324219,202.17999267578125,99.29833221435547,509.5016784667969,85.63980102539062,79.36740112304688,39.4442024230957
2024-03-21,90.60213470458984,74.71529388427734,201.97000122070312,99.44525909423828,511.18536376953125,85.82418060302734,79.94116973876953,39.47248077392578
2024-03-22,90.8901596069336,74.55614471435547,200.35000610351562,99.78499603271484,510.2163391113281,86.64473724365234,78.93501281738281,39.21800231933594
2024-03-25,90.722900390625,74.3969955444336,200.99000549316406,99.44525909423828,508.8067321777344,86.2114028930664,78.44966125488281,39.21800231933594
2024-03-26,90.81584167480469,74.48123931884766,201.63999938964844,99.4177017211914,507.8669128417969,86.45111083984375,78.13230895996094,39.1331787109375
2024-03-27,91.1131591796875,74.93061828613281,203.10000610351562,100.10637664794922,512.1348876953125,87.30852508544922,80.14839172363281,39.236854553222656
2024-03-28,91.00167083740234,74.7621078491211,205.72000122070312,100.01456451416016,512.0370483398438,87.23478698730469,80.71774291992188,39.368804931640625
2024-04-01,90.34000396728516,74.44380950927734,207.82000732421875,99.05690002441406,511.14617919921875,85.60862731933594,79.3643569946289,39.52903366088867
2024-04-02,90.27477264404297,73.9195556640625,210.88999938964844,98.909423828125,507.8963623046875,85.13687896728516,78.36565399169922,39.66098403930664
2024-04-03,90.33068084716797,74.33146667480469,212.74000549316406,98.97394561767578,508.45428466796875,85.1183853149414,78.44966125488281,39.717533111572266
2024-04-04,90.5450439453125,73.69487762451172,211.52000427246094,99.08455657958984,502.24798583984375,85.72887420654297,77.94564056396484,39.5761604309082
2024-04-05,90.09770202636719,73.92891693115234,215.13999938964844,98.6513442993164,507.49493408203125,84.53561401367188,78.34698486328125,39.69868469238281
2024-04-08,90.01380920410156,74.29401397705078,216.47999572753906,98.64210510253906,507.7787780761719,84.5263900756836,79.18701934814453,39.9437370300293
2024-04-09,90.32135772705078,74.28465270996094,217.6699981689453,99.14907836914062,508.3660888671875,85.3126220703125,80.24171447753906,40.2924690246582
2024-04-10,89.2403335571289,73.30168914794922,215.61000061035156,97.73884582519531,503.27587890625,83.45337677001953,76.91893005371094,39.8494873046875
2024-04-11,89.25897979736328,73.49828338623047,219.8000030517578,97.53604888916016,507.07403564453125,83.0741195678711,77.1802749633789,39.98143768310547
2024-04-12,89.42671203613281,72.3093490600586,216.88999938964844,97.75728607177734,500.0748291015625,83.51812744140625,76.26557159423828,39.20857620239258
2024-04-15,88.88622283935547,72.09403228759766,220.9499969482422,96.67886352539062,493.809814453125,82.22312927246094,74.96819305419922,38.96352005004883
2024-04-16,88.63459014892578,71.3825454711914,221.22000122070312,96.35628509521484,492.90924072265625,81.6773910522461,73.9134750366211,38.48284149169922
2024-04-17,89.04464721679688,71.42935180664062,219.58999633789062,96.88165283203125,489.9920654296875,82.5838851928711,73.37212371826172,38.5488166809082
2024-04-18,88.79302215576172,71.23275756835938,220.33999633789062,96.6881103515625,488.9837951660156,82.1676254272461,73.38146209716797,38.65249252319336
2024-04-19,88.88622283935547,71.26084899902344,221.02999877929688,96.78948974609375,484.7157897949219,82.46361541748047,73.73614501953125,38.53939437866211
2024-04-22,88.942138671875,72.09403228759766,215.57000732421875,97.02911376953125,489.1795959472656,82.32488250732422,74.3895034790039,38.8692741394043
2024-04-23,89.1285171508789,72.88041687011719,215.0399932861328,97.19503784179688,494.9844970703125,82.35262298583984,75.07085418701172,39.189727783203125
2024-04-24,88.8955307006836,72.73997497558594,214.63999938964844,96.8171157836914,494.74957275390625,81.76986694335938,75.21086120605469,39.312255859375
2024-04-25,88.64391326904297,72.4029541015625,215.9199981689453,96.53140258789062,492.8700866699219,81.19638061523438,74.78152465820312,39.434783935546875
2024-04-26,88.83960723876953,72.98339080810547,216.6199951171875,96.90007781982422,497.53948974609375,81.62187194824219,74.81885528564453,39.887184143066406
2024-04-29,89.10986328125,73.26423645019531,216.17999267578125,97.30564880371094,499.30145263671875,82.306396484375,75.58422088623047,40.283042907714844
2024-04-30,88.74642944335938,72.33743286132812,211.8699951171875,96.77102661132812,491.3919372558594,81.60337829589844,74.30548858642578,39.745811462402344
2024-05-01,89.05958557128906,72.17828369140625,213.7899932861328,97.17359161376953,489.79632568359375,82.20489501953125,74.33349609375,39.79293441772461
2024-05-02,89.4615478515625,73.15190124511719,213.1300048828125,97.77507019042969,494.3775634765625,82.5576171875,75.37887573242188,40.76372528076172
2024-05-03,89.91962432861328,73.8821029663086,212.9600067138672,98.4598388671875,500.505615234375,83.39303588867188,75.88288879394531,41.121883392333984
2024-05-06,89.98505401611328,74.38763427734375,215.1999969482422,98.7374496459961,505.6741638183594,83.7179183959961,75.94823455810547,41.04647445678711
2024-05-07,90.17200469970703,74.58423614501953,214.2100067138672,98.78372955322266,506.232177734375,84.22846221923828,76.66691589355469,40.754302978515625
2024-05-08,89.98505401611328,74.4999771118164,213.5800018310547,98.53387451171875,506.2810363769531,83.7179183959961,76.02289581298828,40.71659851074219
2024-05-09,90.15332794189453,75.07103729248047,216.9499969482422,98.6911849975586,509.1982116699219,84.1263427734375,77.58162689208984,40.87682342529297
2024-05-10,89.96633911132812,75.21145629882812,218.7100067138672,98.37655639648438,509.8541564941406,83.6529312133789,77.36695098876953,40.96165466308594
2024-05-13,90.01310729980469,75.21145629882812,216.25999450683594,98.41358184814453,509.922607421875,83.86643981933594,77.61895751953125,41.282108306884766
2024-05-14,90.25613403320312,75.77316284179688,218.08999633789062,98.70045471191406,512.2621459960938,84.33983612060547,78.21630859375,41.489463806152344
2024-05-15,90.85443878173828,76.57826232910156,220.88999938964844,99.57955169677734,518.6055908203125,85.4908447265625,79.29901885986328,41.847618103027344
2024-05-16,90.75160217285156,76.16634368896484,220.02999877929688,99.42223358154297,517.53857421875,85.40731811523438,79.24301147460938,42.00783920288086
2024-05-17,90.4618148803711,76.42847442626953,223.66000366210938,99.1908950805664,518.2825317382812,84.831787109375,79.23367309570312,42.309444427490234
2024-05-20,90.3776626586914,76.4846420288086,224.55999755859375,99.14462280273438,518.879638671875,84.5811767578125,78.76700592041016,42.2151985168457
2024-05-21,90.54592895507812,76.36294555664062,224.22999572753906,99.31121826171875,520.1522216796875,85.01744079589844,78.73899841308594,41.97014617919922
2024-05-22,90.43375396728516,75.64209747314453,220.11000061035156,99.16312408447266,518.654541015625,85.11954498291016,78.02963256835938,41.847618103027344
2024-05-23,90.18135833740234,75.25827026367188,215.72000122070312,98.72821044921875,514.8662109375,84.57189178466797,76.34957885742188,41.527164459228516
2024-05-24,90.28419494628906,75.87614440917969,215.9199981689453,98.99656677246094,518.272705078125,84.82251739501953,76.40557861328125,41.65911865234375
2024-05-28,89.863525390625,75.84806060791016,218.19000244140625,98.40432739257812,518.6349487304688,83.60652923583984,75.90155029296875,41.546016693115234
2024-05-29,89.51763916015625,74.64976501464844,216.16000366210938,97.87686920166016,515.0031127929688,82.5947494506836,75.16419982910156,41.027626037597656
2024-05-30,89.93830871582031,75.2770004272461,216.57000732421875,98.47836303710938,511.58685302734375,83.39303588867188,76.26557159423828,40.95222854614258
2024-05-31,90.22809600830078,75.99784088134766,215.3000030517578,98.91329193115234,516.2463989257812,83.9592514038086,77.69361877441406,40.60349655151367
2024-06-03,90.77386474609375,76.21316528320312,217.22000122070312,99.59601593017578,516.667236328125,85.3172378540039,77.51628875732422,41.0087776184082
2024-06-04,91.10208129882812,76.11953735351562,215.27000427246094,99.98616790771484,517.2448120117188,86.31387329101562,78.11363983154297,40.36786651611328
2024-06-05,91.38340759277344,76.65314483642578,217.82000732421875,100.320556640625,523.3923950195312,86.94721221923828,78.02030181884766,40.88625717163086
2024-06-06,91.41154479980469,76.915283203125,219.42999267578125,100.25553894042969,523.3826293945312,86.81684112548828,78.16964721679688,41.07475662231445
2024-06-07,90.60507202148438,76.08208465576172,211.60000610351562,99.35449981689453,522.746337890625,85.2240982055664,77.43228149414062,40.73544692993164
2024-06-10,90.53005981445312,76.02592468261719,213.5399932861328,99.15013885498047,524.3614501953125,84.65596008300781,77.69361877441406,40.95222854614258
2024-06-11,90.83951568603516,75.1620101928711,214.14999389648438,99.57743835449219,525.6242065429688,85.53148651123047,77.41361999511719,40.857975006103516
2024-06-12,91.27088928222656,76.0478286743164,214.72000122070312,100.19052124023438,529.9412841796875,86.17415618896484,78.10430908203125,41.178428649902344
2024-06-13,91.73037719726562,74.96198272705078,212.97000122070312,100.66424560546875,531.00830078125,87.44086456298828,78.4216537475586,41.131309509277344
2024-06-14,91.82413482666016,74.13330078125,215.72999572753906,100.74786376953125,531.3314208984375,88.1766586303711,78.40299224853516,41.24440383911133
2024-06-17,91.49592590332031,74.42858123779297,214.61000061035156,100.27410888671875,535.5601806640625,87.30117797851562,78.09496307373047,41.470611572265625
2024-06-18,91.82413482666016,74.72384643554688,215.47000122070312,100.7385482788086,536.9208984375,88.10216522216797,78.40299224853516,41.80048751831055
2024-06-20,91.66472625732422,74.77147674560547,218.16000366210938,100.4041519165039,535.4623413085938,87.51539611816406,78.1789779663086,41.72509002685547
2024-06-21,91.67412567138672,74.24759674072266,214.77999877929688,100.43202209472656,534.7444458007812,87.51539611816406,78.37498474121094,41.583168029785156
2024-06-24,91.74913787841797,74.8381576538086,215.6300048828125,100.5342025756836,533.0061645507812,87.86931610107422,78.98167419433594,41.55478286743164
2024-06-25,91.73975372314453,75.01913452148438,214.55999755859375,100.49705505371094,535.0587768554688,88.01834869384766,78.01097869873047,41.431785583496094
2024-06-26,91.32714080810547,74.46668243408203,212.5800018310547,99.94900512695312,535.7265014648438,86.76094818115234,77.76829528808594,41.31824493408203
2024-06-27,91.47718811035156,74.5238265991211,214.99000549316406,100.14407348632812,536.571044921875,87.1055679321289,78.5243148803711,41.29932403564453
2024-06-28,91.02706909179688,74.60955810546875,215.00999450683594,99.50312805175781,534.4595947265625,85.48490905761719,79.15084075927734,41.40340042114258
2024-07-01,90.53884887695312,74.74290466308594,215.57000732421875,98.91214752197266,535.5595703125,84.00955963134766,78.40430450439453,41.49801254272461
2024-07-02,90.83988952636719,74.92388153076172,215.55999755859375,99.5460205078125,539.1637573242188,84.66358184814453,78.7728500366211,41.64939880371094
2024-07-03,91.32901763916016,75.78112030029297,217.99000549316406,100.28242492675781,541.56982421875,85.77550506591797,78.69725799560547,42.2643928527832
2024-07-05,91.7899398803711,76.28595733642578,220.92999267578125,100.80443572998047,544.6928100585938,86.48562622070312,78.91460418701172,42.25493621826172
2024-07-08,91.81816101074219,75.90495300292969,218.19000244140625,100.79509735107422,545.3213500976562,86.67250061035156,79.16973876953125,42.25493621826172
2024-07-09,91.7334976196289,75.60015869140625,218.55999755859375,100.6086654663086,545.8515625,86.28941345214844,79.15084075927734,42.43470001220703
2024-07-10,91.82756042480469,76.66696166992188,219.36000061035156,100.85105895996094,551.2529907226562,86.56036376953125,79.7367172241211,42.60500717163086
2024-07-11,92.29790496826172,76.88603210449219,223.25,101.39169311523438,546.4998168945312,87.40129852294922,82.02355194091797,42.93616485595703
2024-07-12,92.55188751220703,77.70519256591797,223.11000061035156,101.76456451416016,549.9468383789062,87.77507019042969,82.6472396850586,43.13484573364258
2024-07-15,92.2320556640625,77.01939392089844,223.8300018310547,101.20526123046875,551.4591674804688,86.76594543457031,83.20477294921875,42.69015884399414
2024-07-16,92.60832977294922,77.39086151123047,228.2899932861328,101.79252624511719,554.7293701171875,87.98995208740234,84.22532653808594,42.964542388916016
2024-07-17,92.67417907714844,76.98128509521484,227.22999572753906,101.83912658691406,546.9515380859375,88.00865173339844,84.8017578125,42.340087890625
2024-07-18,92.42018127441406,76.21927642822266,225.77999877929688,101.40101623535156,542.748291015625,87.33589935302734,84.05523681640625,41.97108840942383
2024-07-19,92.2320556640625,75.75254821777344,221.72999572753906,101.02814483642578,539.1441040039062,86.8219985961914,83.9040298461914,41.56424331665039
2024-07-22,92.19442749023438,76.55266571044922,221.8000030517578,100.97222137451172,544.70263671875,86.56970977783203,84.77342987060547,41.88593673706055
2024-07-23,92.18502044677734,76.12403106689453,222.5800018310547,100.89765167236328,543.8482666015625,86.4482421875,84.707275390625,41.450706481933594
2024-07-24,91.90281677246094,75.1620101928711,221.8000030517578,100.28242492675781,531.523193359375,85.51387023925781,83.45990753173828,41.01547622680664
2024-07-25,92.15681457519531,74.68576049804688,218.3300018310547,100.68326568603516,528.7538452148438,86.21465301513672,83.18587493896484,40.91140365600586
2024-07-26,92.48603057861328,75.63825988769531,220.6300048828125,101.24253845214844,534.6756591796875,86.88740539550781,84.64112854003906,41.36555480957031
2024-07-29,92.63654327392578,75.30488586425781,220.32000732421875,101.4569320678711,534.989990234375,87.35457611083984,85.0758056640625,41.2236328125
2024-07-30,92.73060607910156,75.47632598876953,222.52000427246094,101.54084777832031,532.2794189453125,87.69096374511719,85.73728942871094,41.11009979248047
2024-07-31,93.22914123535156,76.54313659667969,226.5500030517578,102.12810516357422,540.9314575195312,88.58795928955078,85.43490600585938,41.90486145019531
2024-08-01,93.61980438232422,74.5143051147461,225.77000427246094,102.46675872802734,533.2713012695312,89.35201263427734,86.2948226928711,41.214168548583984
2024-08-02,94.66716766357422,73.34272003173828,225.33999633789062,103.46776580810547,523.3427124023438,92.13636016845703,86.2475814819336,40.76948165893555
2024-08-05,94.59163665771484,71.74252319335938,222.47999572753906,103.20582580566406,508.1010437011719,92.62384033203125,83.78120422363281,39.64357376098633
2024-08-06,94.02552795410156,71.86634063720703,220.6999969482422,102.5322494506836,512.7855224609375,90.55199432373047,85.43490600585938,39.917945861816406
2024-08-07,93.742431640625,72.20923614501953,220.5500030517578,102.06448364257812,509.35797119140625,89.91449737548828,84.84901428222656,40.23017501831055
2024-08-08,93.6009292602539,73.41893005371094,224.00999450683594,102.11126708984375,521.1329345703125,89.36139678955078,85.68058776855469,41.10063171386719
2024-08-09,93.93116760253906,73.70467376708984,224.55999755859375,102.6351547241211,523.4310302734375,90.24263000488281,86.07747650146484,41.204708099365234
2024-08-12,94.09156036376953,73.63799285888672,228.41000366210938,102.85032653808594,523.7060546875,90.57077026367188,85.44434356689453,41.38447570800781
2024-08-13,94.46900177001953,74.90483093261719,228.05999755859375,103.57066345214844,532.3186645507812,91.19886016845703,86.19087982177734,41.69670104980469
2024-08-14,94.63883972167969,75.18106079101562,226.1999969482422,104.0290756225586,533.9981689453125,91.77074432373047,86.41767120361328,41.431785583496094
2024-08-15,94.24253845214844,76.095458984375,226.91000366210938,103.71100616455078,543.15087890625,91.03012084960938,86.35151672363281,41.88593673706055
2024-08-16,94.46900177001953,76.51456451416016,231.99000549316406,104.01972198486328,544.3687133789062,91.34884643554688,86.30426788330078,42.32115936279297
2024-08-19,94.57278442382812,77.44801330566406,231.61000061035156,104.26293182373047,549.5736694335938,91.77074432373047,87.02244567871094,42.75639343261719
2024-08-20,94.85585021972656,77.20987701416016,232.4600067138672,104.53425598144531,548.6799926757812,92.50196838378906,86.91851043701172,42.340087890625
2024-08-21,95.0351333618164,77.92426300048828,232.14999389648438,104.76814270019531,550.5654296875,92.55821228027344,87.38154602050781,42.538780212402344
2024-08-22,94.64825439453125,77.46705627441406,229.3699951171875,104.33778381347656,546.2444458007812,91.63948822021484,87.63668060302734,42.03731918334961
2024-08-23,95.08229064941406,78.88629150390625,232.02000427246094,104.9365234375,552.0484619140625,92.23948669433594,89.5644302368164,42.642852783203125
2024-08-26,94.99739074707031,78.53386688232422,232.75999450683594,104.80555725097656,550.7324829101562,92.0051040649414,89.52662658691406,42.36846923828125
2024-08-27,95.02569580078125,78.89581298828125,233.38999938964844,104.72134399414062,551.4887084960938,91.84574890136719,89.65892028808594,42.415775299072266
2024-08-28,94.9407730102539,78.61959075927734,231.75,104.50617980957031,548.287109375,91.73324584960938,89.30929565429688,42.14139175415039
2024-08-29,94.81812286376953,78.91486358642578,232.9499969482422,104.32843780517578,548.3362426757812,91.43324279785156,89.03524780273438,42.198158264160156
2024-08-30,94.59163665771484,79.0386962890625,231.2899932861328,104.0384292602539,553.5706176757812,90.458251953125,89.8951644897461,42.311702728271484
2024-09-03,94.99107360839844,77.79090881347656,230.2899932861328,104.35295867919922,542.1786499023438,91.9377212524414,89.8479232788086,41.66831970214844
2024-09-04,95.40755462646484,77.44801330566406,230.42999267578125,105.00082397460938,541.0690307617188,93.122802734375,90.10305786132812,41.64939880371094
2024-09-05,95.65361785888672,77.46705627441406,232.35000610351562,105.51725006103516,539.7529907226562,93.64949798583984,89.81012725830078,41.762935638427734
2024-09-06,95.77667236328125,76.0097427368164,230.6300048828125,105.47029876708984,530.6688232421875,93.64009857177734,89.7250747680664,41.15740203857422
2024-09-09,95.91864013671875,76.77173614501953,231.60000610351562,105.70502471923828,536.6102905273438,94.04451751708984,90.72673797607422,41.441246032714844
2024-09-10,96.2120590209961,76.39073181152344,232.6199951171875,105.99610900878906,538.9476928710938,94.70289611816406,92.0402603149414,41.34663009643555
2024-09-11,96.18367767333984,76.84793853759766,232.25,106.04305267333984,544.4766845703125,94.62767028808594,91.86070251464844,41.60209655761719
2024-09-12,96.0984878540039,77.4765853881836,236.3300018310547,105.96792602539062,549.06298828125,94.18560791015625,92.2481460571289,41.87647247314453
2024-09-13,96.29725646972656,77.65756225585938,238.67999267578125,106.29656219482422,551.9305419921875,94.4395523071289,93.21202850341797,42.06570053100586
2024-09-16,96.52442169189453,78.28621673583984,238.66000366210938,106.76602935791016,552.7457275390625,95.30484771728516,93.52385711669922,42.22655487060547
2024-09-17,96.42975616455078,77.84806823730469,237.33999633789062,106.7754135131836,552.9716186523438,94.84397888183594,92.87183380126953,42.273860931396484
2024-09-18,96.12687683105469,77.60041809082031,235.50999450683594,106.3341064453125,551.3316040039062,93.6683120727539,92.75843048095703,42.122474670410156
2024-09-19,96.1363525390625,79.13394927978516,239.1699981689453,106.42801666259766,560.73974609375,93.35791778564453,92.77732849121094,43.00238800048828
2024-09-20,96.0511703491211,78.35289764404297,242.2100067138672,106.52189636230469,559.7704467773438,93.00053405761719,92.40880584716797,42.977718353271484
2024-09-23,96.01329803466797,78.64816284179688,242.67999267578125,106.37166595458984,561.1692504882812,92.80301666259766,93.3254165649414,43.328826904296875
2024-09-24,96.14582061767578,79.1148910522461,246.07000732421875,106.55008697509766,562.77490234375,92.78421783447266,93.45771026611328,44.837646484375
2024-09-25,95.77667236328125,78.68626403808594,245.72999572753906,105.92098236083984,561.53369140625,92.0129623413086,92.83402252197266,44.38215637207031
2024-09-26,95.79559326171875,80.4198226928711,246.97999572753906,105.92098236083984,563.7599487304688,92.22927856445312,91.99299621582031,45.796077728271484
2024-09-27,96.07008361816406,79.93404388427734,245.02000427246094,106.34349060058594,562.9423217773438,92.7089614868164,92.11022186279297,45.78659439086914
2024-09-30,95.85238647460938,79.65782165527344,243.05999755859375,106.08062744140625,565.1981811523438,92.26690673828125,92.83444213867188,45.407012939453125
2024-10-01,96.10588073730469,79.06726837158203,245.61000061035156,106.59042358398438,560.1348876953125,92.93306732177734,92.23410034179688,45.74863052368164
2024-10-02,95.90650177001953,78.90534210205078,245.66000366210938,106.35482025146484,560.3712158203125,92.14991760253906,91.91011047363281,46.69758224487305
2024-10-03,95.51727294921875,78.17192077636719,245.49000549316406,105.66691589355469,559.3468017578125,91.28181457519531,91.07151794433594,45.995365142822266
2024-10-04,94.90016174316406,78.62911987304688,245.0,105.09207153320312,564.4298095703125,90.1589584350586,90.6331787109375,46.55523681640625
2024-10-07,94.5773696899414,78.19095611572266,244.1699981689453,104.55491638183594,559.3270263671875,89.4795913696289,89.83271026611328,46.963287353515625
2024-10-08,94.7387466430664,78.067138671875,242.3699951171875,104.76224517822266,564.616943359375,89.63054656982422,90.0137710571289,45.58731460571289
2024-10-09,94.49193572998047,78.08618927001953,241.0500030517578,104.55491638183594,568.5277709960938,89.12101745605469,90.10905456542969,45.27416229248047
2024-10-10,94.43497467041016,77.99092864990234,242.82000732421875,104.44184112548828,567.5328369140625,88.77189636230469,89.30859375,45.36906051635742
2024-10-11,94.46344757080078,78.3909912109375,245.47000122070312,104.42298126220703,570.9313354492188,88.41334533691406,90.31871032714844,45.69170379638672
2024-10-14,94.37802124023438,78.61959075927734,245.07000732421875,104.43241119384766,575.6005859375,88.4793930053711,90.86187744140625,45.47343826293945
2024-10-15,94.75775909423828,77.31465911865234,245.9199981689453,104.94127655029297,571.1283569335938,89.55506896972656,91.95774841308594,44.56245040893555
2024-10-16,94.88118743896484,77.51468658447266,247.14999389648438,105.2711181640625,573.6107788085938,89.93250274658203,92.96784210205078,44.9799919128418
2024-10-17,94.41598510742188,77.52420806884766,248.6300048828125,104.48896026611328,573.659912109375,88.50769805908203,92.23410034179688,44.837646484375
2024-10-18,94.48242950439453,78.048095703125,251.27000427246094,104.36643981933594,575.8665771484375,88.57373809814453,92.92020416259766,45.388038635253906
2024-10-21,93.8273696899414,77.12416076660156,251.22000122070312,103.30158996582031,574.9208984375,87.02626037597656,91.10010528564453,45.06539535522461
2024-10-22,93.84635162353516,76.68600463867188,253.92999267578125,103.29216766357422,574.6155395507812,87.11117553710938,91.2335205078125,45.008460998535156
2024-10-23,93.60900115966797,75.91448211669922,250.8699951171875,102.9434814453125,569.364990234375,86.87530517578125,91.90057373046875,44.72377395629883
2024-10-24,93.78939056396484,76.34310913085938,252.8000030517578,103.25444793701172,570.596435546875,87.4320068359375,92.1006851196289,44.67633056640625
2024-10-25,93.5995101928711,76.0859375,253.32000732421875,103.00944519042969,570.3993530273438,86.94135284423828,91.2335205078125,44.638370513916016
2024-10-28,93.44762420654297,76.6955337524414,253.3300018310547,102.92464447021484,572.1626586914062,86.70545196533203,91.5194091796875,44.78070831298828
2024-10-29,93.55204772949219,76.4193115234375,256.0899963378906,103.0471420288086,573.0886840820312,86.83756256103516,90.86187744140625,44.60989761352539
2024-10-30,93.45711517333984,75.92401123046875,257.5,102.91522216796875,571.3549194335938,87.09233093261719,91.26211547851562,44.28725814819336
2024-10-31,93.4381103515625,75.45729064941406,253.50999450683594,102.70789337158203,560.1546020507812,87.2338638305664,89.71835327148438,44.19236373901367
2024-11-01,93.06669616699219,75.60968017578125,252.47000122070312,102.14520263671875,562.5187377929688,86.0040054321289,88.72732543945312,44.20185470581055
2024-11-04,93.4571533203125,75.66683197021484,252.8300018310547,102.90176391601562,561.30712890625,87.33894348144531,89.69929504394531,44.34419631958008
2024-11-05,93.67620849609375,76.4193115234375,253.39999389648438,103.39352416992188,568.0942993164062,87.8028564453125,90.89045715332031,44.989479064941406
2024-11-06,92.94286346435547,75.31440734863281,245.6999969482422,102.31543731689453,582.2203369140625,85.39807891845703,88.95601654052734,44.56245040893555
2024-11-07,93.64764404296875,76.45740509033203,249.64999389648438,103.52593231201172,586.7221069335938,86.4679183959961,90.02330780029297,45.530372619628906
2024-11-08,93.8095474243164,75.40013885498047,247.9600067138672,103.88528442382812,589.263671875,87.5661849975586,91.36693572998047,44.4011344909668
2024-11-11,93.60002136230469,75.41918182373047,242.13999938964844,103.68668365478516,589.8251342773438,87.14012145996094,90.9095230102539,44.14491271972656
2024-11-12,93.05717468261719,74.01899719238281,240.0500030517578,102.75044250488281,587.9928588867188,85.8336181640625,89.65165710449219,43.3952522277832
2024-11-13,93.03810119628906,73.58084869384766,237.6300048828125,102.36270904541016,588.278564453125,85.01937866210938,90.14718627929688,43.16750717163086
2024-11-14,93.0000228881836,73.7332534790039,237.00999450683594,102.33433532714844,584.4957885742188,85.5116958618164,89.33720397949219,42.901798248291016
2024-11-15,93.00955200195312,73.46654510498047,236.58999633789062,102.38162994384766,577.0092163085938,85.28447723388672,89.38484191894531,42.8163948059082
2024-11-18,93.0952377319336,73.8666000366211,241.08999633789062,102.57076263427734,579.3734130859375,85.43595123291016,90.0328369140625,43.17699432373047
2024-11-19,93.22859954833984,73.77135467529297,243.25,102.78827667236328,581.4913940429688,85.8714599609375,90.47117614746094,43.2434196472168
2024-11-20,93.13334655761719,73.57132720947266,244.6199951171875,102.54239654541016,581.6884155273438,85.59688568115234,90.3568344116211,43.23393249511719
2024-11-21,93.08573150634766,73.59037780761719,246.66000366210938,102.41947174072266,584.8110961914062,85.5306396484375,91.02388000488281,43.08209991455078
2024-11-22,93.15238189697266,73.87612915039062,249.83999633789062,102.51402282714844,586.6236572265625,85.57797241210938,91.70997619628906,43.09158706665039
2024-11-25,93.99048614501953,74.25712585449219,242.47999572753906,103.79071807861328,588.613525390625,87.79340362548828,92.9869155883789,43.11056900024414
2024-11-26,93.84764862060547,73.82850646972656,242.9499969482422,103.52593231201172,591.6869506835938,87.45256805419922,93.3585433959961,42.8828239440918
2024-11-27,94.10478210449219,74.22855377197266,243.49000549316406,103.90421295166016,589.8941040039062,88.05850982666016,93.95890045166016,43.04414367675781
2024-11-29,94.4762191772461,75.21915435791016,245.58999633789062,104.54727172851562,593.55859375,88.96736907958984,93.53961181640625,43.2434196472168
2024-12-02,94.4876708984375,75.4287109375,243.44000244140625,104.71144104003906,594.6224975585938,89.18115997314453,92.17693328857422,43.46167755126953
2024-12-03,94.30615234375,75.85733032226562,243.92999267578125,104.34135437011719,594.898193359375,88.4115982055664,91.70997619628906,43.6419792175293
2024-12-04,94.61186981201172,75.91448211669922,244.6699981689453,104.84430694580078,598.59228515625,89.36165618896484,91.46222686767578,43.708404541015625
2024-12-05,94.6309814453125,76.28595733642578,242.86000061035156,104.81583404541016,597.6072387695312,89.54215240478516,91.24305725097656,43.99308776855469
2024-12-06,94.89850616455078,76.27642822265625,242.9499969482422,105.05308532714844,598.7400512695312,89.67517852783203,91.1096420288086,44.01206588745117
2024-12-09,94.62142944335938,76.22880554199219,245.36000061035156,104.7873764038086,595.6566772460938,88.84861755371094,91.36693572998047,45.08436965942383
2024-12-10,94.50678253173828,75.54300689697266,248.58999633789062,104.62603759765625,593.8048095703125,88.43061828613281,90.0423583984375,44.24930191040039
2024-12-11,94.28703308105469,76.01925659179688,250.9600067138672,104.34135437011719,598.395263671875,87.59455871582031,89.83271026611328,44.32521438598633
2024-12-12,93.90487670898438,75.35250091552734,247.27999877929688,103.75297546386719,595.31201171875,86.53050231933594,89.68977355957031,44.059513092041016
2024-12-13,93.55139923095703,75.14295196533203,244.2899932861328,103.1740951538086,595.1937866210938,85.64696502685547,89.43247985839844,44.0784912109375
2024-12-16,93.63739013671875,74.89530181884766,244.8800048828125,103.30695343017578,597.7352905273438,85.90347290039062,89.11802673339844,43.850746154785156
2024-12-17,93.63739013671875,74.77655029296875,243.94000244140625,103.31644439697266,595.2726440429688,86.11248016357422,88.68920135498047,43.74635696411133
2024-12-18,92.92427062988281,72.942138671875,239.25999450683594,102.0355224609375,577.5314331054688,85.03572082519531,85.02995300292969,42.73099136352539
2024-12-19,92.68465423583984,72.71041870117188,239.60000610351562,101.48316192626953,577.35400390625,83.7481689453125,83.71490478515625,42.91128921508789
2024-12-20,92.93385314941406,72.5076675415039,242.10000610351562,101.8831558227539,584.2886352539062,84.22502899169922,85.125244140625,43.150367736816406
2024-12-23,92.64630889892578,72.98075103759766,240.9600067138672,101.58790588378906,587.7875366210938,83.45248413085938,85.45814514160156,43.335018157958984
2024-12-24,92.75173950195312,73.2414321899414,241.44000244140625,101.90219116210938,594.3207397460938,83.80538940429688,86.02581787109375,43.50995635986328
2024-12-26,92.81885528564453,73.58900451660156,243.07000732421875,101.9974365234375,594.3603515625,83.75768280029297,86.25672912597656,43.40304946899414
2024-12-27,92.62714385986328,73.4828109741211,241.39999389648438,101.56886291503906,588.103759765625,83.07100677490234,85.39080047607422,43.24755096435547
2024-12-30,92.99137115478516,73.00006103515625,240.6300048828125,102.0069580078125,581.392578125,83.73863220214844,84.96744537353516,42.8685302734375
2024-12-31,92.8763427734375,73.00006103515625,242.1300048828125,101.74981689453125,579.2774658203125,83.29035949707031,85.70830535888672,42.800498962402344
2025-01-02,92.88592529296875,72.74903869628906,245.4199981689453,101.75934600830078,577.8541870117188,83.5192642211914,84.94821166992188,42.683876037597656
2025-01-03,92.79007720947266,73.0676498413086,243.49000549316406,101.52124786376953,585.079345703125,83.2522201538086,86.06429290771484,42.897682189941406
2025-01-06,92.69422912597656,73.7627944946289,243.19000244140625,101.26411437988281,588.44970703125,82.88024139404297,84.95782470703125,42.88796615600586
2025-01-07,92.36836242675781,73.7048568725586,244.55999755859375,100.7974624633789,581.7978515625,81.94559478759766,84.14962005615234,42.6158447265625
2025-01-08,92.47379302978516,73.58900451660156,245.86000061035156,100.95935821533203,582.6478881835938,82.05049133300781,84.37091827392578,42.343727111816406
2025-01-10,91.95622253417969,72.46904754638672,248.2100067138672,100.37841796875,573.7523193359375,81.5068588256836,82.3119125366211,41.60511779785156
2025-01-13,91.86995697021484,72.26629638671875,245.74000549316406,100.09272003173828,574.6419067382812,81.4782485961914,83.32218170166016,41.303836822509766
2025-01-14,91.89868927001953,72.5269775390625,247.02999877929688,100.2070083618164,575.4325561523438,81.34473419189453,84.08226776123047,41.79948806762695
2025-01-15,92.69422912597656,73.45384216308594,248.8800048828125,101.406982421875,585.899658203125,82.7467269897461,84.56334686279297,42.236820220947266
2025-01-16,92.89551544189453,73.83038330078125,250.60000610351562,101.60697937011719,584.77294921875,83.01377868652344,86.31446075439453,42.217384338378906
2025-01-17,92.89551544189453,74.12967681884766,249.27000427246094,101.69266510009766,590.6439819335938,83.15682983398438,86.25672912597656,42.56725311279297
2025-01-21,93.2022476196289,75.62617492675781,253.1300048828125,102.28314971923828,596.0504150390625,83.90076446533203,87.8731460571289,42.96571350097656
2025-01-22,92.98177337646484,75.452392578125,254.42999267578125,101.95933532714844,599.401123046875,83.46202850341797,86.34332275390625,42.92683792114258
2025-01-23,92.82843017578125,76.07029724121094,254.07000732421875,101.81648254394531,602.6727294921875,82.81349182128906,86.97834777832031,43.09205627441406
2025-01-24,92.98177337646484,76.49510955810547,255.64999389648438,102.0164794921875,600.9132690429688,83.18544006347656,87.276611328125,43.32530212402344
2025-01-27,93.49937438964844,76.49510955810547,252.99000549316406,102.72122955322266,592.4132690429688,84.16780090332031,88.44081115722656,42.62556457519531
2025-01-28,93.4706039428711,76.3985595703125,255.17999267578125,102.578369140625,597.50341796875,84.110595703125,87.3728256225586,42.8685302734375
2025-01-29,93.4131088256836,76.38890838623047,254.1999969482422,102.4450454711914,594.8248901367188,83.93891143798828,86.2182388305664,42.897682189941406
2025-01-30,93.54728698730469,77.22886657714844,258.04998779296875,102.673583984375,598.0173950195312,84.2536392211914,87.3150863647461,43.55854797363281
2025-01-31,93.35559844970703,76.5047607421875,258.55999755859375,102.34027099609375,594.8347778320312,83.7004623413086,87.12266540527344,43.150367736816406
2025-02-03,93.44405364990234,75.60685729980469,259.94000244140625,102.5018081665039,590.831787109375,84.3819580078125,86.93985748291016,42.897682189941406
2025-02-04,93.61715698242188,76.48545837402344,262.5,102.70252990722656,594.795166015625,84.64038848876953,87.00720977783203,43.58769989013672
2025-02-05,94.11721801757812,77.22886657714844,264.1300048828125,103.41938781738281,597.2068481445312,86.0378189086914,88.22913360595703,43.39332962036133
2025-02-06,94.02104187011719,77.59575653076172,263.42999267578125,103.22823333740234,599.2825317382812,85.99954223632812,88.45043182373047,43.597415924072266
2025-02-07,93.72293090820312,76.86199188232422,263.8999938964844,102.77899932861328,593.7969970703125,85.44438171386719,88.16177368164062,43.61685562133789
2025-02-10,93.75177764892578,77.38335418701172,268.3699951171875,102.80768585205078,597.82958984375,85.18595886230469,88.12329864501953,44.054195404052734
2025-02-11,93.54022979736328,77.75023651123047,267.3900146484375,102.57827758789062,598.2843017578125,84.64038848876953,88.5081558227539,43.86954116821289
2025-02-12,93.0497817993164,78.03987884521484,267.6700134277344,102.02391052246094,596.3568115234375,83.4918212890625,87.6903305053711,44.08334732055664
2025-02-13,93.6075439453125,78.98604583740234,270.30999755859375,102.8172378540039,602.6528930664062,84.87969207763672,88.5658950805664,44.31658935546875
2025-02-14,93.9537353515625,79.1019058227539,266.2900085449219,103.21868133544922,602.623291015625,85.32955169677734,88.16177368164062,44.58871078491211
2025-02-18,93.57868957519531,79.6715316772461,270.70001220703125,102.7981185913086,604.3924560546875,84.32453918457031,88.55626678466797,44.80251693725586
2025-02-19,93.71332550048828,78.85087585449219,270.8500061035156,102.85547637939453,605.8157958984375,84.42981719970703,88.62362670898438,44.676177978515625
2025-02-20,93.8575668334961,79.21776580810547,270.989990234375,103.1039810180664,603.29541015625,84.74568939208984,89.04696655273438,45.15238952636719
2025-02-21,94.26145935058594,78.7253646850586,270.739990234375,103.46720123291016,592.9766235351562,85.76982879638672,88.1714096069336,45.094078063964844
2025-02-24,94.42494201660156,78.67709350585938,272.2099914550781,103.73481750488281,590.2783203125,86.01868438720703,88.51777648925781,44.404056549072266
2025-02-25,95.01156616210938,79.39155578613281,268.6199951171875,104.52815246582031,587.3427124023438,87.50225830078125,89.60501098632812,44.384620666503906
2025-02-26,95.16543579101562,79.49774932861328,269.0299987792969,104.74797821044922,587.6392211914062,88.01911163330078,89.22977447509766,44.81224060058594
2025-02-27,95.02116394042969,78.59986114501953,264.92999267578125,104.30830383300781,578.2593383789062,87.39697265625,89.58576202392578,44.0250358581543
2025-02-28,95.4443130493164,78.76399230957031,263.2699890136719,104.76709747314453,587.283447265625,88.46895599365234,90.34587097167969,43.47107696533203
2025-03-03,95.65074920654297,79.63292694091797,266.739990234375,105.09809112548828,576.9942626953125,88.88182830810547,90.76921081542969,43.05318069458008
2025-03-04,95.40957641601562,79.61360931396484,269.05999755859375,104.7527084350586,570.1644287109375,87.78726196289062,89.72047424316406,43.422489166259766
2025-03-05,95.08160400390625,81.51561737060547,269.6199951171875,104.41690063476562,576.2925415039062,87.08633422851562,90.72109985351562,44.715049743652344
2025-03-06,94.98515319824219,80.6756362915039,268.25,104.09069061279297,566.0626220703125,86.79830169677734,88.3927001953125,44.481807708740234
2025-03-07,94.86939239501953,81.51561737060547,268.3900146484375,103.9275894165039,569.2352905273438,86.51985931396484,88.92188262939453,44.66645812988281
2025-03-10,95.32276153564453,79.59430694580078,266.0400085449219,104.2825698852539,554.0734252929688,87.42240142822266,88.0655746459961,43.66545104980469
2025-03-11,94.98515319824219,79.32396697998047,269.1600036621094,103.60137939453125,549.4674682617188,86.79830169677734,87.03607177734375,43.9764404296875
2025-03-12,94.70541381835938,79.89360046386719,270.3299865722656,103.29435729980469,552.38330078125,86.27982330322266,86.76667785644531,44.13193893432617
2025-03-13,94.99480438232422,79.36258697509766,275.1300048828125,103.62053680419922,545.0197143554688,87.038330078125,85.05404663085938,43.99587631225586
2025-03-14,94.8018798828125,80.8204574584961,275.239990234375,103.57258605957031,556.2775268554688,86.57746124267578,86.75704956054688,44.783084869384766
2025-03-17,94.9272689819336,81.72801208496094,276.7300109863281,103.78366088867188,560.5671997070312,87.00952911376953,88.23876190185547,45.395347595214844
2025-03-18,95.02373504638672,81.7183609008789,279.9599914550781,104.03311920166016,554.50830078125,87.09596252441406,87.77692413330078,45.27872848510742
2025-03-19,95.303466796875,81.95973205566406,281.1099853515625,104.64716339111328,560.5474243164062,87.54722595214844,87.88275909423828,45.34675598144531
2025-03-20,95.3613510131836,81.27423858642578,280.75,104.4936752319336,558.9264526367188,87.6048355102539,87.82503509521484,44.93857955932617
2025-03-21,95.2455825805664,80.7721939086914,278.489990234375,104.34973907470703,559.11083984375,87.08633422851562,86.85325622558594,44.731361389160156
2025-03-24,94.87904357910156,80.76253509521484,277.25,103.8988037109375,569.1236572265625,86.19339752197266,88.19065856933594,44.86756134033203
2025-03-25,94.9658432006836,81.20665740966797,278.4700012207031,104.00434112548828,570.49169921875,86.18379211425781,87.20112609863281,44.81892013549805
2025-03-26,94.73434448242188,80.15428161621094,278.239990234375,103.58218383789062,563.6810913085938,85.61729431152344,87.54132843017578,44.54652404785156
2025-03-27,94.6861343383789,80.32806396484375,281.9700012207031,103.45745849609375,562.18408203125,85.36766815185547,87.3177719116211,44.83837890625
2025-03-28,95.23595428466797,79.61360931396484,284.05999755859375,104.08110809326172,550.8626708984375,86.54866027832031,87.20112609863281,44.079559326171875
2025-03-31,95.41923522949219,78.9088134765625,288.1400146484375,104.2825698852539,554.5604858398438,87.4031982421875,88.0079116821289,44.030914306640625
2025-04-01,95.77247619628906,79.02466583251953,287.57000732421875,104.65531921386719,556.1268310546875,88.16058349609375,88.04679107666016,44.176841735839844
2025-04-02,95.6659927368164,79.2081069946289,288.1600036621094,104.89611053466797,559.646240234375,88.102783203125,88.58140563964844,44.215755462646484
2025-04-03,96.16926574707031,77.5474853515625,286.4200134277344,104.88645935058594,532.06640625,88.50748443603516,85.55838012695312,43.41802978515625
2025-04-04,96.25636291503906,72.430419921875,279.7200012207031,104.77088165283203,500.9176330566406,89.47110748291016,81.84521484375,40.98591232299805
2025-04-07,95.03695678710938,70.68290710449219,273.7099914550781,102.72904205322266,500.025390625,86.77299499511719,79.697021484375,39.33207702636719
2025-04-08,94.54337310791016,70.44153594970703,275.20001220703125,101.42877197265625,492.1936340332031,85.13485717773438,77.55854797363281,38.80674743652344
2025-04-09,94.75629425048828,75.87718963623047,285.3800048828125,103.12390899658203,543.8834838867188,85.63594818115234,82.18543243408203,41.33613967895508
2025-04-10,94.01110076904297,74.38069915771484,292.3500061035156,101.37098693847656,520.0509643554688,83.27510070800781,80.30940246582031,40.80107116699219
2025-04-11,93.91432189941406,76.24408721923828,297.92999267578125,101.35173797607422,529.3301391601562,83.72798919677734,81.29115295410156,41.929569244384766
2025-04-14,94.4659652709961,77.06474304199219,296.2300109863281,101.9777603149414,534.4654541015625,84.32543182373047,82.9727783203125,42.31871032714844
2025-04-15,94.6595230102539,77.7598876953125,297.7799987792969,102.52676391601562,532.968505859375,84.62413787841797,83.22550964355469,42.32843780517578
2025-04-16,94.95953369140625,77.46058654785156,307.4700012207031,102.9601821899414,521.1216430664062,85.0963134765625,83.16718292236328,41.793373107910156
2025-04-17,94.71757507324219,78.3005599975586,306.1199951171875,102.81570434570312,521.8651733398438,84.3447036743164,84.411376953125,42.124141693115234
2025-04-21,94.14657592773438,77.87574768066406,315.5899963378906,101.70808410644531,509.4433898925781,82.87037658691406,82.65200805664062,42.17278289794922
2025-04-22,94.3207778930664,79.48810577392578,311.1099853515625,101.95850372314453,522.6979370117188,83.33292388916016,84.255859375,42.83431625366211
2025-04-23,94.55305480957031,79.80671691894531,303.6499938964844,102.41117858886719,530.79736328125,84.14234161376953,84.411376953125,43.25263595581055
2025-04-24,95.07565307617188,80.86874389648438,308.07000732421875,103.46101379394531,541.9701538085938,85.02885437011719,84.72244262695312,43.79743194580078
2025-04-25,95.4240493774414,81.21631622314453,304.7300109863281,104.01000213623047,545.8860473632812,85.65522003173828,84.57662963867188,43.65150451660156
2025-04-28,95.68537902832031,81.7569808959961,309.07000732421875,104.25079345703125,546.09423828125,86.19482421875,85.10153198242188,43.76824951171875
2025-04-29,95.91763305664062,81.92111206054688,306.05999755859375,104.49158477783203,549.5342407226562,86.91753387451172,85.55838012695312,43.92390441894531
2025-04-30,95.83052062988281,81.8245620727539,303.7699890136719,104.0003890991211,549.7523193359375,86.214111328125,85.85971069335938,44.02118682861328
2025-05-01,95.5693359375,81.56388854980469,297.4599914550781,103.63483428955078,553.6483764648438,85.7769546508789,86.14160919189453,44.00172805786133
2025-05-02,95.10330963134766,83.12796783447266,297.9800109863281,103.3834228515625,561.8668212890625,84.84849548339844,87.20112609863281,45.178871154785156
2025-05-05,94.9382553100586,83.27278900146484,306.8800048828125,103.23837280273438,558.6448364257812,84.37456512451172,87.0067138671875,45.53882598876953
2025-05-06,95.1712646484375,83.16658782958984,315.4800109863281,103.44143676757812,553.9755859375,84.65504455566406,86.33601379394531,45.3150749206543
2025-05-07,95.31690979003906,82.88658905029297,310.75,103.65418243408203,556.3052978515625,85.01290130615234,86.43321228027344,44.750823974609375
2025-05-08,94.82172393798828,82.59695434570312,304.6300048828125,103.1319808959961,560.1815795898438,84.06509399414062,86.09300231933594,44.67298889160156
2025-05-09,94.9188232421875,83.00244903564453,306.8399963378906,103.09330749511719,559.4677124023438,84.19082641601562,86.66651153564453,44.99403381347656
2025-05-12,94.5984115600586,83.4272689819336,298.19000244140625,103.073974609375,577.9567260742188,83.40741729736328,87.09420013427734,46.00579071044922
2025-05-13,94.5013198852539,83.53346252441406,299.4599914550781,103.16100311279297,581.7734985351562,83.06892395019531,85.98607635498047,46.0836181640625
2025-05-14,94.22945404052734,83.12796783447266,293.1600036621094,102.63882446289062,582.5170288085938,82.51764678955078,85.14041137695312,46.4630241394043
2025-05-15,94.76346588134766,84.03551483154297,297.8399963378906,103.37374114990234,585.3622436523438,83.24300384521484,86.69566345214844,46.385196685791016
2025-05-16,94.82172393798828,84.22860717773438,294.239990234375,103.56714630126953,589.0698852539062,83.46544647216797,87.77462768554688,46.433841705322266
2025-05-19,94.7926025390625,85.02996063232422,298.0299987792969,103.57682800292969,589.7142944335938,83.22366333007812,87.79405975341797,46.62841033935547
2025-05-20,94.6275405883789,85.43546295166016,303.5799865722656,103.32540130615234,587.7315673828125,82.6240463256836,87.27888488769531,46.5311279296875
2025-05-21,94.00614166259766,84.93341064453125,305.82000732421875,102.1746597290039,577.8278198242188,81.21199035644531,84.95572662353516,46.41438293457031
2025-05-22,94.27799987792969,84.88513946533203,303.1099853515625,102.69683837890625,578.055908203125,81.63751983642578,84.56690216064453,46.307369232177734
2025-05-23,94.4139404296875,85.0009994506836,309.75,102.7741928100586,574.1101684570312,81.77293395996094,84.65438842773438,46.5019416809082
2025-05-27,94.84114837646484,86.23681640625,304.5,103.7025375366211,586.0463256835938,82.91416931152344,86.13188171386719,46.33655548095703
2025-05-28,94.66639709472656,85.24237060546875,303.80999755859375,103.45110321044922,582.6558227539062,82.55633544921875,86.04439544677734,46.0544319152832
2025-05-29,95.01592254638672,85.61890411376953,305.6099853515625,103.91526794433594,584.9557495117188,83.32038879394531,86.822021484375,46.258731842041016
2025-05-30,95.24894714355469,85.74441528320312,303.6000061035156,104.21504974365234,584.301513671875,83.44610595703125,86.822021484375,45.723663330078125
2025-06-02,94.99858093261719,86.66162872314453,311.6700134277344,103.91999053955078,587.5928344726562,82.66950225830078,86.93867492675781,46.04470443725586
2025-06-03,94.93038940429688,86.0051040649414,308.9100036621094,103.9685287475586,590.943603515625,82.5239028930664,86.76370239257812,46.15171432495117
2025-06-04,95.49540710449219,86.39129638671875,310.8999938964844,104.72557067871094,590.7850341796875,83.863525390625,87.0067138671875,46.60894775390625
2025-06-05,95.25186920166016,86.33336639404297,309.3299865722656,104.4052963256836,587.9298706054688,83.9217758178711,86.93867492675781,46.7256965637207
2025-06-06,94.7647933959961,86.6423110961914,305.17999267578125,103.7744140625,593.96728515625,82.85394287109375,87.35664367675781,46.92999267578125
2025-06-09,94.88169860839844,86.6326675415039,306.6199951171875,104.08499145507812,594.5026245117188,82.94132232666016,87.4732894897461,47.27048873901367
2025-06-10,95.09600067138672,86.74851989746094,306.7099914550781,104.33734893798828,597.873291015625,83.36844635009766,88.22175598144531,47.62070846557617
2025-06-11,95.41747283935547,86.60369873046875,308.3699951171875,104.66734313964844,596.1681518554688,83.620849609375,87.74545288085938,47.776363372802734
2025-06-12,95.76815795898438,87.26988220214844,312.20001220703125,105.24970245361328,598.5374755859375,84.6207275390625,88.17315673828125,47.786094665527344
2025-06-13,95.4272232055664,86.1499252319336,316.2900085449219,104.61881256103516,591.845703125,83.80529022216797,87.3177719116211,47.066192626953125
2025-06-16,95.23238372802734,86.47306823730469,311.7799987792969,104.43439483642578,597.4767456054688,82.96073150634766,87.38581848144531,47.503971099853516
2025-06-17,95.52462005615234,85.41229248046875,311.94000244140625,104.79351806640625,592.3712158203125,83.9703140258789,87.07476043701172,46.968902587890625
2025-06-18,95.59280395507812,85.55962371826172,310.260009765625,104.87117004394531,592.281982421875,84.11593627929688,87.37609100341797,46.842437744140625
2025-06-20,95.68048095703125,84.79350280761719,310.1300048828125,104.9585189819336,590.8909912109375,83.96060943603516,87.3177719116211,46.40241241455078
2025-06-23,95.87531280517578,85.43193817138672,311.0799865722656,105.2205810546875,596.7274780273438,84.23240661621094,88.63001251220703,46.782920837402344
2025-06-24,96.26497650146484,86.47306823730469,306.19000244140625,105.71556091308594,603.3196411132812,84.84400177001953,88.86329650878906,47.797607421875
2025-06-25,96.25523376464844,86.0016098022461,307.1199951171875,105.58939361572266,603.65771484375,84.9507827758789,86.7248306274414,47.91468811035156
2025-06-26,96.51825714111328,86.96417236328125,306.7799987792969,105.97763061523438,608.380615234375,85.37789916992188,86.64433288574219,48.236656188964844
2025-06-27,96.24549102783203,87.74993133544922,301.2200012207031,105.80292510986328,611.4032592773438,84.83428955078125,86.86028289794922,48.187870025634766
2025-06-30,96.63514709472656,87.79904174804688,304.8299865722656,106.38526153564453,614.3264770507812,85.66914367675781,87.41978454589844,48.256168365478516
2025-07-01,96.54622650146484,87.6517105102539,307.54998779296875,106.51385498046875,614.127685546875,85.88154602050781,88.05781555175781,48.45130157470703
2025-07-02,96.42894744873047,87.9070816040039,309.25,106.4943618774414,616.9117431640625,85.33589935302734,88.26394653320312,48.587890625
2025-07-03,96.23348999023438,87.92672729492188,307.1400146484375,106.2410888671875,621.7738647460938,84.74152374267578,88.36209869384766,48.80253601074219
2025-07-07,95.89144134521484,86.97399139404297,307.3699951171875,105.60790252685547,617.1403198242188,83.93280029296875,87.60628509521484,48.226898193359375
2025-07-08,95.85234832763672,87.61241912841797,304.1600036621094,105.30589294433594,616.8023681640625,83.82561492919922,87.47868347167969,48.41227340698242
2025-07-09,96.2530288696289,88.27050018310547,305.5199890136719,105.90987396240234,620.5010986328125,84.70255279541016,87.54739379882812,48.40251922607422
2025-07-10,96.22370910644531,88.21156311035156,306.20001220703125,105.92936706542969,622.2510375976562,84.76101684570312,88.09707641601562,48.45130157470703
2025-07-11,95.8230209350586,87.36686706542969,309.1400146484375,105.28642272949219,620.0636596679688,83.59175872802734,88.10690307617188,48.38300704956055
2025-07-14,95.81326293945312,87.36686706542969,308.010009765625,105.25719451904297,621.246826171875,83.41637420654297,88.67620849609375,48.44154357910156
2025-07-15,95.52984619140625,86.45342254638672,306.7300109863281,104.87728118896484,618.592041015625,82.83175659179688,87.3707046508789,48.792781829833984
2025-07-16,95.66665649414062,86.80701446533203,308.260009765625,105.04289245605469,620.66015625,82.94866180419922,88.19523620605469,49.017181396484375
2025-07-17,95.70574188232422,87.03292083740234,307.5899963378906,105.29615783691406,624.4583740234375,82.92918395996094,88.09707641601562,49.319637298583984
2025-07-18,95.88166809082031,86.7873764038086,308.3900146484375,105.49099731445312,624.0010375976562,83.05585479736328,88.28358459472656,49.26110076904297
2025-07-21,96.14552307128906,87.24900817871094,313.1300048828125,105.90013885498047,625.1842651367188,83.79638671875,88.64676666259766,49.5147705078125
2025-07-22,96.33120727539062,87.73028564453125,316.1000061035156,106.15342712402344,625.2737426757812,84.30306243896484,90.16822052001953,49.5245246887207
2025-07-23,96.1162109375,89.91077423095703,312.17999267578125,105.98780822753906,630.5932006835938,83.83535766601562,90.34490966796875,49.98308563232422
2025-07-24,96.05757141113281,89.24288177490234,310.2699890136719,105.83194732666016,630.802001953125,83.689208984375,90.03079986572266,49.73917007446289
2025-07-25,96.21392822265625,89.13483428955078,307.3999938964844,106.17288970947266,633.4667358398438,84.21537017822266,90.04061889648438,49.60258102416992
2025-07-28,96.0868911743164,87.70082092285156,305.4100036621094,105.9585952758789,633.3076782226562,83.66970825195312,88.59768676757812,49.21231460571289
2025-07-29,96.60484313964844,87.5240249633789,306.25,106.65997314453125,631.6372680664062,85.08255767822266,90.02098846435547,49.24158477783203
2025-07-30,96.33120727539062,86.89541625976562,300.9599914550781,106.26057434082031,630.841796875,84.64410400390625,88.74492645263672,48.8415641784668
2025-07-31,96.38008880615234,85.96231842041016,302.9599914550781,106.28980255126953,628.475341796875,84.69281005859375,87.4983139038086,48.587890625
2025-08-01,97.21356201171875,85.73641967773438,309.1099853515625,107.23271942138672,618.1743774414062,85.8968505859375,87.28236389160156,48.33422088623047
2025-08-04,97.29200744628906,86.87577056884766,310.9100036621094,107.41857147216797,627.570556640625,86.13159942626953,88.17561340332031,48.783023834228516
2025-08-05,97.32141876220703,86.86595153808594,311.1600036621094,107.49681854248047,624.3887939453125,86.39569091796875,88.57805633544922,48.93913269042969
2025-08-06,97.2822036743164,87.43562316894531,310.5,107.46747589111328,629.17138671875,85.8968505859375,87.89094543457031,49.153778076171875
2025-08-07,97.2037582397461,88.22138977050781,313.1199951171875,107.35987091064453,628.6444091796875,85.75012969970703,88.14616394042969,49.5147705078125
2025-08-08,97.01744842529297,88.76160430908203,313.04998779296875,107.01753234863281,633.5462646484375,85.37847137451172,87.41978454589844,49.45623016357422
2025-08-11,97.08609771728516,88.38835906982422,308.54998779296875,107.18382263183594,632.29345703125,85.47627258300781,86.84065246582031,49.39768981933594
2025-08-12,97.08609771728516,89.46878051757812,308.2699890136719,107.28162384033203,639.0248413085938,85.0458984375,87.33145141601562,49.96357345581055
2025-08-13,97.43909454345703,90.00899505615234,309.2099914550781,107.84894561767578,641.2123413085938,85.75012969970703,88.14616394042969,50.529457092285156
2025-08-14,97.16453552246094,90.0188217163086,307.25,107.47724151611328,641.27197265625,85.11437225341797,87.51795196533203,49.96357345581055
2025-08-15,97.01744842529297,90.54920959472656,307.42999267578125,107.34030151367188,639.7705688476562,84.50794982910156,88.01854705810547,50.10992431640625
2025-08-18,96.90959930419922,90.45098114013672,306.95001220703125,107.14469146728516,639.6314086914062,84.263427734375,87.27255249023438,50.49043273925781
2025-08-19,97.09587860107422,90.46080780029297,305.2699890136719,107.31096649169922,636.1612548828125,84.75247955322266,88.77437591552734,50.12943649291992
2025-08-20,97.15473175048828,90.7849349975586,308.3599853515625,107.35987091064453,634.470947265625,84.93830871582031,89.02958679199219,50.10992431640625
2025-08-21,96.92919158935547,90.21525573730469,307.2900085449219,106.94905090332031,631.9255981445312,84.51773071289062,88.76455688476562,50.02211380004883
2025-08-22,97.46852111816406,91.5707015991211,310.5799865722656,107.79025268554688,641.6299438476562,85.14371490478516,90.48233032226562,50.900203704833984
2025-08-25,97.32141876220703,90.36258697509766,309.8299865722656,107.50659942626953,638.8060913085938,84.8991928100586,89.96208953857422,50.68556213378906
2025-08-26,97.43909454345703,90.26437377929688,312.0799865722656,107.58484649658203,641.4807739257812,84.85028839111328,89.72650909423828,50.57823944091797
2025-08-27,97.53715515136719,90.04828643798828,312.7099914550781,107.62397003173828,642.9423828125,84.75247955322266,90.28601837158203,50.236759185791016
2025-08-28,97.65482330322266,90.38223266601562,315.0299987792969,107.79025268554688,645.2192993164062,85.30999755859375,90.05043029785156,50.42213439941406
2025-08-29,97.52734375,89.85184478759766,318.07000732421875,107.39900207519531,641.3713989257812,84.70356750488281,90.54122161865234,50.27578353881836
2025-09-02,97.26861572265625,88.96786499023438,325.5899963378906,107.03975677490234,636.6187133789062,84.07323455810547,89.03939819335938,50.207489013671875
2025-09-03,97.6227798461914,89.1053695678711,328.1400146484375,107.67774963378906,640.06884765625,84.99613952636719,89.0884780883789,50.34408187866211
2025-09-04,98.01629638671875,89.75362396240234,326.69000244140625,108.4139404296875,645.418212890625,85.64414978027344,89.7559585571289,50.12943649291992
2025-09-05,98.47867584228516,90.15632629394531,331.04998779296875,109.12066650390625,643.5488891601562,86.9499740600586,90.7669906616211,50.705078125
2025-09-08,98.81317901611328,91.05995178222656,334.82000732421875,109.50347137451172,645.1298828125,88.1085205078125,90.23693084716797,51.202659606933594
2025-09-09,98.61641693115234,90.7554702758789,334.05999755859375,109.30716705322266,646.6212768554688,87.60779571533203,90.03079986572266,51.397796630859375
2025-09-10,98.81317901611328,90.73582458496094,335.260009765625,109.6310806274414,648.4905395507812,88.1085205078125,89.8835678100586,51.631954193115234
2025-09-11,99.0000991821289,91.6983871459961,334.760009765625,110.14149475097656,653.8796997070312,88.6976089477539,91.52279663085938,52.2758903503418
2025-09-12,98.91155242919922,91.33496856689453,335.4200134277344,109.94517517089844,653.6608276367188,88.31470489501953,91.10072326660156,52.178321838378906
2025-09-15,99.07879638671875,91.94393157958984,338.9100036621094,110.28872680664062,657.1409301757812,88.52088165283203,90.9534912109375,52.52956008911133
2025-09-16,99.11814880371094,91.68856048583984,339.5899963378906,110.19056701660156,656.2361450195312,88.70742797851562,90.47250366210938,52.86128616333008
2025-09-17,98.94107055664062,91.34478759765625,336.9700012207031,109.99425506591797,655.4208374023438,88.48161315917969,90.35472869873047,53.19300842285156
2025-09-18,98.66561126708984,91.6983871459961,335.6199951171875,109.76850128173828,658.4832153320312,87.56851959228516,90.55104064941406,52.9490966796875
2025-09-19,98.66561126708984,91.34478759765625,339.17999267578125,109.6801528930664,661.74462890625,87.40160369873047,89.96208953857422,52.88044357299805
2025-09-22,98.54754638671875,91.63945770263672,345.04998779296875,109.43476104736328,664.8753662109375,87.0874252319336,89.98171997070312,53.02755355834961
2025-09-23,98.70496368408203,91.46265411376953,346.4599914550781,109.65071105957031,661.256103515625,87.69615936279297,90.47250366210938,53.01774597167969
2025-09-24,98.51803588867188,90.93226623535156,343.32000732421875,109.20901489257812,659.1522216796875,87.36233520507812,89.58263397216797,52.91967010498047
2025-09-25,98.38030242919922,90.28401184082031,344.75,109.01268768310547,656.1112670898438,87.36233520507812,89.31507110595703,52.61565017700195
2025-09-26,98.44917297363281,90.98137664794922,346.739990234375,109.15992736816406,659.8701782226562,87.28378295898438,90.197021484375,52.517578125
2025-09-29,98.6360855102539,91.33496856689453,352.4599914550781,109.52310943603516,661.7246704101562,88.00051879882812,90.22676086425781,52.90005874633789
2025-09-30,98.62625122070312,91.70820617675781,355.4700012207031,109.4151382446289,664.21728515625,87.74524688720703,90.5934066772461,53.135433197021484
2025-10-01,98.87793731689453,92.4645004272461,356.0299987792969,109.8545150756836,666.4806518554688,87.97185516357422,90.73213958740234,53.468875885009766
2025-10-02,98.98651123046875,92.61183166503906,354.7900085449219,110.03184509277344,667.248291015625,88.22801971435547,90.25648498535156,53.61598205566406
2025-10-03,98.87793731689453,93.38777160644531,357.6400146484375,109.89392852783203,667.2384033203125,88.06051635742188,90.5934066772461,53.733673095703125
2025-10-06,98.66079711914062,93.6038589477539,364.3800048828125,109.53926849365234,669.6312866210938,87.36100769042969,89.74118041992188,53.920005798339844
2025-10-07,98.8285903930664,92.78862762451172,366.260009765625,109.74614715576172,667.1486206054688,87.86347961425781,89.41417694091797,53.62579345703125
2025-10-08,98.83845520019531,93.06364440917969,372.29998779296875,109.60823059082031,671.1268920898438,87.93244171142578,88.94842529296875,53.92981719970703
2025-10-09,98.72001647949219,92.29753112792969,365.42999267578125,109.39148712158203,669.1826171875,87.86347961425781,88.46284484863281,53.459068298339844
2025-10-10,99.12468719482422,90.59831237792969,369.1199951171875,109.69689178466797,651.0960693359375,89.28221893310547,87.3331527709961,51.52705001831055
2025-10-13,99.31222534179688,91.32514953613281,378.0899963378906,110.07125091552734,661.0865478515625,89.23295593261719,87.88809967041016,52.958900451660156
2025-10-14,99.47013854980469,91.7376708984375,380.7900085449219,110.43574523925781,660.2789306640625,89.5186767578125,88.78986358642578,52.488155364990234
2025-10-15,99.4306640625,92.1796646118164,387.3900146484375,110.43574523925781,663.2102661132812,89.3216323852539,90.07811737060547,53.28253936767578
2025-10-16,99.78598022460938,92.66093444824219,396.45001220703125,110.75100708007812,658.6936645507812,89.99158477783203,89.7610092163086,53.459068298339844
2025-10-17,99.6478042602539,92.82791900634766,388.989990234375,110.53426361083984,662.4326171875,89.85365295410156,90.34567260742188,53.33157730102539
2025-10-20,99.81559753417969,93.59403228759766,403.1499938964844,110.86922454833984,669.3222045898438,90.19849395751953,91.2573471069336,53.96904373168945
2025-10-21,99.91429138183594,92.90648651123047,377.239990234375,110.88892364501953,669.3121948242188,90.64185333251953,90.99970245361328,53.48849105834961
2025-10-22,99.9044189453125,92.76898193359375,377.2799987792969,110.99729919433594,665.83251953125,90.7009506225586,91.38617706298828,53.459068298339844
2025-10-23,99.72676849365234,93.2011489868164,378.7900085449219,110.85936737060547,669.7808837890625,90.08025360107422,91.32672119140625,53.86116409301758
2025-10-24,99.8254623413086,93.34848022460938,377.5199890136719,111.04655456542969,675.2546997070312,90.11967468261719,91.59427642822266,54.116153717041016
2025-10-27,99.8945541381836,93.99673461914062,367.010009765625,111.23372650146484,683.2211303710938,90.42508697509766,91.8519287109375,54.567283630371094
2025-10-28,99.95377349853516,93.95745086669922,364.3800048828125,111.24358367919922,685.0357666015625,90.66154479980469,90.04838562011719,54.53786087036133
2025-10-29,99.48001861572266,93.42706298828125,363.0,110.61308288574219,685.3648071289062,89.74527740478516,87.72953796386719,54.69477844238281
2025-10-30,99.29247283935547,93.01453399658203,370.1300048828125,110.0219955444336,677.8270874023438,89.22309875488281,88.14574432373047,54.12595748901367
2025-10-31,99.23326110839844,92.80827331542969,368.1199951171875,109.57866668701172,680.050537109375,88.95709228515625,88.37366485595703,53.91020202636719
2025-11-03,99.11145782470703,92.8475570678711,368.7799987792969,109.28402709960938,681.3267822265625,88.73461151123047,88.24484252929688,54.02788543701172
2025-11-04,99.16097259521484,91.89482116699219,362.32000732421875,109.43234252929688,673.2506103515625,88.932373046875,88.39347839355469,53.27273178100586
2025-11-05,98.89361572265625,92.48414611816406,366.510009765625,109.1060562133789,675.583740234375,87.96334838867188,88.4727554321289,53.74347686767578
2025-11-06,99.25999450683594,92.27787780761719,366.07000732421875,109.67951965332031,668.3351440429688,88.75438690185547,88.04664611816406,53.53752517700195
2025-11-07,99.22038269042969,92.62165832519531,368.30999755859375,109.46199798583984,668.9931640625,88.56651306152344,89.41417694091797,53.48849105834961
2025-11-10,99.1807861328125,93.59403228759766,378.3800048828125,109.52132415771484,679.432373046875,88.54673767089844,89.3646240234375,54.20441818237305
2025-11-11,99.47784423828125,94.28157043457031,379.8699951171875,109.95636749267578,680.9877319335938,88.95214080810547,90.36549377441406,54.26325988769531
2025-11-12,99.438232421875,94.8414306640625,385.989990234375,109.84760284423828,681.3666381835938,89.11035919189453,89.69164276123047,54.25345230102539
2025-11-13,99.14117431640625,93.82975769042969,382.8699951171875,109.30381774902344,670.0599975585938,88.37864685058594,88.5916748046875,53.77289962768555
2025-11-14,99.02234649658203,93.56456756591797,375.9599914550781,109.00719451904297,669.9503784179688,87.87435913085938,88.77995300292969,53.792510986328125
2025-11-17,99.04214477539062,92.34663391113281,371.6499938964844,109.07640075683594,663.7088012695312,88.09188842773438,88.04664611816406,53.174659729003906
2025-11-18,99.1015625,91.14835357666016,374.3500061035156,109.12583923339844,658.1353149414062,88.06222534179688,88.40338897705078,52.998130798339844
2025-11-19,99.1015625,90.87332916259766,374.9599914550781,109.1357192993164,660.6777954101562,87.88423919677734,87.70972442626953,52.88044357299805
2025-11-20,99.22038269042969,89.6161117553711,374.8500061035156,109.28402709960938,650.6075439453125,88.23033142089844,87.34306335449219,52.25278091430664
2025-11-21,99.45804595947266,91.00102233886719,374.2699890136719,109.66963958740234,657.08837890625,88.49729919433594,88.76013946533203,52.04683303833008
2025-11-24,99.65608215332031,91.07959747314453,380.20001220703125,110.10468292236328,666.759765625,89.0015869140625,88.99796295166016,52.576419830322266
2025-11-25,99.81452178955078,92.16983795166016,380.0799865722656,110.41117858886719,673.03125,89.22900390625,89.82046508789062,52.811790466308594
2025-11-26,99.97296142578125,93.18151092529297,383.1199951171875,110.78690338134766,677.6775512695312,89.6245346069336,90.21685028076172,53.06678009033203
2025-11-28,99.8343276977539,93.49581909179688,387.8800048828125,110.59904479980469,681.3765869140625,89.1993408203125,90.51412963867188,53.253116607666016
2025-12-01,99.4031753540039,93.0341796875,389.75,110.0065689086914,678.2658081054688,88.08892822265625,89.47362518310547,53.20408248901367
2025-12-02,99.5323257446289,93.34848022460938,387.239990234375,110.07604217529297,679.5220947265625,88.12861633300781,89.15652465820312,53.086395263671875
2025-12-03,99.72107696533203,93.84941101074219,386.8800048828125,110.32414245605469,681.8751220703125,88.37670135498047,89.38443756103516,53.01774597167969
2025-12-04,99.48265075683594,94.10477447509766,387.1300048828125,110.12567138671875,682.3736572265625,87.90038299560547,89.16643524169922,53.135433197021484
2025-12-05,99.37337493896484,94.10477447509766,386.44000244140625,110.0165023803711,683.6697998046875,87.4935302734375,89.06732940673828,53.351192474365234
2025-12-08,99.21442413330078,93.81011962890625,385.4200134277344,109.78824615478516,681.6159057617188,87.20575714111328,88.38357543945312,53.15504837036133
2025-12-09,99.12501525878906,93.68242645263672,387.3999938964844,109.6493148803711,681.027587890625,87.2950668334961,88.04664611816406,53.06678009033203
2025-12-10,99.44290924072266,94.72357177734375,389.04998779296875,110.15543365478516,685.5443115234375,87.63245391845703,88.36375427246094,53.50810623168945
2025-12-11,99.46278381347656,95.2834243774414,393.239990234375,109.99665069580078,687.1395263671875,87.51337432861328,88.75022888183594,53.390419006347656
2025-12-12,99.15481567382812,94.78250122070312,395.44000244140625,109.33174896240234,679.7514038085938,86.66989135742188,88.64122009277344,52.90005874633789
2025-12-15,99.25416564941406,95.36199188232422,395.79998779296875,109.46076202392578,678.7244262695312,86.72943878173828,88.91869354248047,52.743141174316406
2025-12-16,99.44290924072266,94.91999816894531,395.8900146484375,109.7088623046875,676.8699340820312,87.20575714111328,88.26465606689453,52.44892501831055
2025-12-17,99.4131088256836,94.1500015258789,399.2900085449219,109.58977508544922,669.4219360351562,87.12637329101562,88.5916748046875,52.105674743652344
2025-12-18,99.66146850585938,94.81999969482422,398.57000732421875,110.0065689086914,674.4769287109375,87.54314422607422,88.12592315673828,52.547000885009766
2025-12-19,99.51593780517578,95.45999908447266,399.0199890136719,109.72362518310547,680.5900268554688,87.21640014648438,87.78899383544922,53.11000061035156
2025-12-22,99.47607421875,95.69999694824219,408.2300109863281,109.70369720458984,684.8300170898438,87.0271224975586,88.23999786376953,53.45000076293945
2025-12-23,99.47607421875,96.29000091552734,413.6400146484375,109.81329345703125,687.9600219726562,87.16658782958984,88.18000030517578,53.70000076293945
2025-12-24,99.69535827636719,96.41000366210938,411.92999267578125,110.24170684814453,690.3800048828125,87.69457244873047,88.76000213623047,53.68000030517578
2025-12-26,99.71529388427734,96.56999969482422,416.739990234375,110.23174285888672,690.3099975585938,87.40567016601562,88.86000061035156,54.02000045776367
2025-12-29,99.83490753173828,96.27999877929688,398.6000061035156,110.38119506835938,687.8499755859375,87.73442077636719,89.04000091552734,53.61000061035156
2025-12-30,99.79503631591797,96.44000244140625,398.8900146484375,110.25167083740234,687.010009765625,87.52521514892578,89.22000122070312,53.810001373291016
2025-12-31,99.5558090209961,96.02999877929688,396.30999755859375,109.78340911865234,681.9199829101562,86.82788848876953,88.48999786376953,53.7599983215332
2026-01-02,99.52590942382812,97.04000091552734,398.2799987792969,109.7535171508789,683.1699829101562,86.69837951660156,88.5199966430664,54.93000030517578
2026-01-05,99.71529388427734,98.1500015258789,408.760009765625,110.06237030029297,687.719970703125,87.12673950195312,88.72000122070312,55.290000915527344
2026-01-06,99.69535827636719,98.30000305175781,413.17999267578125,110.06237030029297,691.8099975585938,86.94742584228516,89.37000274658203,55.59000015258789
2026-01-07,99.79503631591797,97.93000030517578,409.2300109863281,110.14208221435547,689.5800170898438,87.45548248291016,88.5,55.25
2026-01-08,99.6156234741211,97.94000244140625,411.489990234375,109.83322143554688,689.510009765625,87.01715850830078,89.29000091552734,55.310001373291016
2026-01-09,99.83490753173828,98.80999755859375,414.4700012207031,110.23174285888672,694.0700073242188,87.5949478149414,89.47000122070312,55.43000030517578
2026-01-12,99.78506469726562,99.41000366210938,422.2300109863281,110.10222625732422,695.1599731445312,87.3359375,89.58999633789062,56.290000915527344
2026-01-13,99.87477111816406,98.83999633789062,421.6300048828125,110.34133911132812,693.77001953125,87.48536682128906,90.08999633789062,55.959999084472656
2026-01-14,100.02428436279297,99.30000305175781,425.94000244140625,110.62030792236328,690.3599853515625,87.9934310913086,90.87000274658203,56.08000183105469
2026-01-15,99.89470672607422,99.26000213623047,423.3299865722656,110.48081970214844,692.239990234375,87.97350311279297,91.5,56.34000015258789
2026-01-16,99.72526550292969,99.52999877929688,421.2900085449219,110.16200256347656,691.6599731445312,87.46544647216797,92.62000274658203,56.0
2026-01-20,99.34648895263672,98.0199966430664,437.2300109863281,109.49447631835938,677.5800170898438,86.31983184814453,90.9000015258789,55.540000915527344
2026-01-21,99.67542266845703,99.02999877929688,443.6000061035156,110.15203857421875,685.4000244140625,86.97731018066406,91.26000213623047,56.11000061035156
2026-01-22,99.69535827636719,99.41999816894531,451.7900085449219,110.36125946044922,688.97998046875,87.35586547851562,90.36000061035156,56.54999923706055
2026-01-23,99.78506469726562,99.97000122070312,458.0,110.43099975585938,689.22998046875,87.5949478149414,90.54000091552734,56.77000045776367
2026-01-26,99.93457794189453,100.47000122070312,464.70001220703125,110.52067565917969,692.72998046875,88.01335144042969,90.41999816894531,56.93000030517578
2026-01-27,99.86480712890625,102.08999633789062,476.1000061035156,110.40111541748047,695.489990234375,87.46544647216797,90.38999938964844,57.63999938964844
2026-01-28,99.82493591308594,101.01000213623047,494.55999755859375,110.24170684814453,695.4199829101562,87.26620483398438,89.45999908447266,57.86000061035156
2026-01-29,99.82493591308594,101.69000244140625,495.8999938964844,110.27159881591797,694.0399780273438,87.2861328125,90.70999908447266,57.63999938964844
2026-01-30,99.80500030517578,100.73999786376953,444.95001220703125,110.16200256347656,691.969970703125,86.7979965209961,90.80000305175781,56.470001220703125
2026-02-02,99.69000244140625,101.4000015258789,427.1300048828125,110.05999755859375,695.4099731445312,86.55000305175781,89.86000061035156,56.779998779296875
2026-02-03,99.69999694824219,101.44999694824219,454.2900085449219,110.11000061035156,689.530029296875,86.76000213623047,89.66000366210938,56.75
2026-02-04,99.63999938964844,101.77999877929688,453.9700012207031,109.97000122070312,686.1900024414062,86.54000091552734,90.94999694824219,56.40999984741211
2026-02-05,100.06999969482422,100.33000183105469,441.8800048828125,110.5,677.6199951171875,87.4800033569336,90.81999969482422,56.040000915527344
2026-02-06,100.12999725341797,102.61000061035156,455.4599914550781,110.55999755859375,690.6199951171875,87.54000091552734,92.25,57.2599983215332
2026-02-09,100.16000366210938,103.98999786376953,467.0299987792969,110.55999755859375,693.9500122070312,87.5199966430664,92.63999938964844,57.75
2026-02-10,100.44999694824219,104.23999786376953,462.3999938964844,110.81999969482422,692.1199951171875,88.52999877929688,93.87999725341797,58.0099983215332
2026-02-11,100.22000122070312,104.94000244140625,467.6300048828125,110.69999694824219,691.9600219726562,88.05999755859375,93.36000061035156,58.5099983215332
2026-02-12,100.66999816894531,104.1500015258789,451.3900146484375,111.22000122070312,681.27001953125,89.2300033569336,93.25,57.7599983215332
2026-02-13,100.98999786376953,104.23999786376953,462.6199951171875,111.58999633789062,681.75,89.72000122070312,94.58999633789062,57.75
